"package","avg_downloads","2021","2022","2023","2024","2025"
"syn","243988489","46769798","79600993","183382578","337993130","572195949"
"hashbrown","209603958","25670194","55325008","122881406","264738612","579404573"
"bitflags","183000730","32915137","54997348","121818091","256790194","448482880"
"proc-macro2","167070671","43042491","75560252","126177039","208951357","381622220"
"base64","164971234","33600404","50702961","113492336","224066091","402994380"
"getrandom","163104776","39247562","65716582","98191138","159117506","453251093"
"quote","162618532","42658055","75197474","122818732","198373537","374044862"
"libc","162153079","43122350","74496649","117935941","197458183","377752276"
"rand_core","157594870","49518235","73000888","101949595","163551846","399953786"
"regex-syntax","155715346","28900859","48538203","111580278","216444266","373113126"
"rand","151946926","48153320","70113239","96883340","155643783","388940950"
"itertools","151228188","23647853","38317637","71885218","190079842","432210394"
"indexmap","151140288","22577552","43615544","90824265","204573849","394110234"
"cfg-if","146597768","51136401","75282227","105482717","166791772","334295726"
"serde","144991169","34991551","65562547","109357962","182076207","332967578"
"serde_derive","135029540","30242111","58490250","100004615","173246414","313164313"
"unicode-ident","134841825","21","33551508","108912516","178819846","352925235"
"thiserror-impl","134773446","21018988","42697071","79332612","151855404","378963158"
"thiserror","134760914","21021818","42699115","79346547","151823593","378913500"
"autocfg","134710283","35996769","64249658","92903046","165669091","314732851"
"rand_chacha","134604149","39086331","59319433","85778375","136408944","352427666"
"memchr","134040337","31547966","52834095","92013234","173348058","320458335"
"itoa","132458767","28921191","70810547","101298146","161065214","300198739"
"regex-automata","131455663","12381063","22216381","68637930","203021143","351021802"
"heck","130616134","18927401","44605181","78814080","176626632","334107377"
"once_cell","130001230","25817875","58771362","96899067","162295560","306222289"
"serde_json","128363670","29114497","56903669","94135115","163307071","298357999"
"log","125550590","31016316","55535841","91116342","149082505","301001946"
"cc","121318048","28300630","51744399","85272044","148800182","292472985"
"ryu","121117497","25690982","53788403","89301190","152122012","284684902"
"clap","119275001","21186210","54096904","87479932","149223985","284387977"
"regex","118746849","29049777","49822249","92567574","157946667","264347980"
"windows-sys","117711135","51502","15184337","61218626","143755749","368345465"
"smallvec","117110570","29088408","52491007","80852888","145406335","277714212"
"aho-corasick","116840608","26788881","43530903","91510655","162916842","259455761"
"parking_lot_core","115944691","27224686","57847275","90916916","145737270","257997310"
"strsim","112894000","26318934","51680117","69691232","146631297","270148420"
"parking_lot","112025237","26764037","56851459","82443972","140628857","253437860"
"socket2","111448194","20667901","35280734","77197239","137454360","286640739"
"rustix","108458700","10348","5520264","81793332","153251784","301717772"
"lazy_static","105692614","30736578","53258288","79489266","134999394","229979545"
"num-traits","105318573","28425472","49670269","79240454","131970455","237286219"
"either","102566514","21140064","41210474","74669303","138549435","237263294"
"version_check","102096703","28757461","53771621","75487620","120830970","231635846"
"semver","101417721","26386940","48503661","74776019","128600721","228821267"
"idna","100705855","22961411","37466528","72488505","137972820","232640011"
"windows_x86_64_msvc","100277162","121121","17295922","58943591","144956135","280069042"
"linux-raw-sys","100178219","149954","5016871","73733901","139845176","282145193"
"bytes","100125516","29694452","45583361","68879679","120619338","235850753"
"lock_api","100007113","26471729","47705864","72598184","128471223","224788569"
"pin-project-lite","99391013","27465364","44853400","70738626","119932910","233964769"
"digest","98881358","23681921","55320664","77285877","119223025","218895303"
"anyhow","98318924","20054925","40904851","68674665","125743752","236216430"
"mio","98126443","24180928","42194247","64800574","113941274","245515193"
"time","96375684","28248194","61344267","88057610","108460759","195767594"
"miniz_oxide","96260202","20462250","38047682","67481514","118763677","236545891"
"block-buffer","96183870","22918720","54162407","74817203","115772796","213248224"
"http","96138844","18544235","30458172","49740353","122835864","259115600"
"scopeguard","95884574","25060314","44766819","74261943","125399228","209934566"
"windows_x86_64_gnu","95781460","93936","15390428","54220927","138640651","270561358"
"windows_aarch64_msvc","94878524","86535","15088348","53946377","136833271","268438090"
"windows_i686_msvc","94823149","97749","15314290","53698570","136931833","268073303"
"windows_i686_gnu","94525685","93749","15237666","53228473","136549132","267519409"
"ppv-lite86","93368580","23959665","43186734","65327993","111797877","222570633"
"tokio","92825897","24677708","38761024","64964596","111097171","224628986"
"fastrand","92536846","5504411","27179393","67388977","133845277","228766173"
"crossbeam-utils","91940217","26437682","44496099","68319765","115199531","205248008"
"windows-targets","91573573","0","39","44844153","138934553","274089120"
"hyper","90779533","20264055","31198901","50486049","114408773","237539891"
"rustls","89304142","9683864","22886751","50314083","122728423","240907591"
"percent-encoding","88735479","23193123","38247015","65680524","109302830","207253904"
"toml","87470928","16857671","32060986","61773122","114015811","212647051"
"windows_x86_64_gnullvm","87407088","0","1924513","44587448","130825843","259697636"
"memoffset","87313541","19243963","35430313","82424299","118035241","181433890"
"windows_aarch64_gnullvm","87222499","0","1924510","43664847","130835497","259687643"
"futures-core","86950006","21243322","37154773","63769373","107917920","204664644"
"url","86364760","22820377","36001382","61643455","109572013","201786573"
"generic-array","86324167","26917253","47751724","63529845","100484405","192937609"
"slab","86172207","20815107","36388339","62449332","103579711","207628550"
"tracing-core","85445861","17427209","36846845","60359101","102889775","209706376"
"ahash","85345210","14806971","28601491","67969717","122302171","193045702"
"futures-util","85238630","20700139","35665623","61522180","106680134","201625078"
"futures-task","85126628","20695297","35570424","61392011","106479304","201496105"
"http-body","85004203","17961322","28198913","45698022","108467935","224694827"
"byteorder","84910952","24149540","38952467","58495417","107769546","195187794"
"sha2","84386845","15576989","35845184","65375730","105473510","199662815"
"clap_lex","83988419","0","16669229","59253837","118097954","225921077"
"tracing","83855366","18180331","36968902","59382496","103167430","201577673"
"futures-sink","83711828","20139149","35485787","60805596","105062058","197066554"
"futures-channel","82973389","20504092","35018353","60230794","104448695","194665015"
"h2","82730964","18302300","29196529","48522277","101648368","215985346"
"typenum","82558495","19349089","38246568","58785534","97863146","198548141"
"fnv","81821329","20264458","33973428","59919697","97999900","196949163"
"chrono","81798711","20149292","33193687","57609268","101995709","196045601"
"unicode-width","81123693","22088478","37401246","48101835","85213050","212813858"
"pin-utils","80920188","18501854","32609401","59031088","99313466","195145133"
"tokio-util","80544827","18163440","39599206","59182318","97833209","187945962"
"tempfile","80509591","15569932","28915466","58666120","101963391","197433049"
"futures-io","79532965","19799708","33459172","56781167","100738008","186886771"
"form_urlencoded","79203222","17200423","31650979","57186702","100490426","189487581"
"uuid","78864989","12700221","26526727","57285102","103766275","194046621"
"toml_edit","78846888","631574","2847164","37533220","120144380","233078104"
"nix","78283051","15962187","30929324","53669154","94373052","196481539"
"cpufeatures","77565656","9583456","31406064","57415655","100121294","189301812"
"futures","76834009","22116761","33587825","54655754","97498660","176311047"
"pkg-config","76338348","17882307","32690323","54224627","96100357","180794130"
"errno","76098229","3164968","4938445","41627602","107671643","223088489"
"wasi","75994483","14718815","27596293","47804544","74387938","215464829"
"winnow","75341334","0","0","30267723","100584572","245854379"
"tinyvec","75126180","20101376","34138590","56866101","107662491","156862344"
"nom","74382372","17200331","33343507","54773769","94655072","171939184"
"spin","74311883","11873836","27370792","60416376","115222768","156675646"
"rustc_version","74185311","19542142","35661887","51800142","94231340","169691048"
"zerocopy","74038154","456315","1153924","8160796","89371500","271048235"
"tokio-rustls","73694219","7567893","18309347","38722063","97786042","206085750"
"tokio-macros","73513723","15655129","27558353","49571191","90308283","184475662"
"futures-macro","73460984","18245359","29745484","51317078","92886041","175110961"
"ring","72446744","9997160","18995443","40355029","102475080","190411011"
"tracing-attributes","72384591","10906844","26788067","51127599","88616841","184483606"
"num-integer","71945870","22805815","39521846","57323837","87330052","152747802"
"untrusted","71827762","9604961","19062768","41852090","101466073","187152922"
"equivalent","71637668","0","0","22682199","102573283","232932858"
"clap_derive","71368662","2834060","18494243","47351006","94512483","193651519"
"httparse","71136464","17201968","29566537","47949661","85282228","175681926"
"futures-executor","70369171","17240291","28653530","49257352","90918025","165776659"
"num_cpus","70282537","22711499","40654904","68990643","91506032","127549607"
"crc32fast","69617811","14856533","32145584","47774696","88541857","164770387"
"tinyvec_macros","69517302","15919062","30278509","57732955","103305169","140350818"
"redox_syscall","69022641","14437739","20131592","46651199","94201228","169691448"
"async-trait","68901125","14056079","27329728","51950362","86624191","164545265"
"rustc-hash","68667628","7178500","15982868","33770052","77881625","208525098"
"crypto-common","68381892","126336","27123047","50588717","88182173","175889188"
"rustls-webpki","68026968","0","0","22774866","96780057","220579920"
"flate2","67891545","13072277","25479700","48243373","87006665","165655710"
"signal-hook-registry","67437053","13833176","23834319","43143871","82016943","174356957"
"time-macros","67281419","6996901","25469437","48861354","86385570","168693836"
"rustversion","67027638","4809684","18521028","41335301","81100352","189371827"
"env_logger","66994361","19185269","30568084","47094776","83497718","154625962"
"unicode-normalization","66847686","19904646","34299007","56988563","107090662","115955556"
"webpki-roots","66724090","7393157","16432654","35399516","82216560","192178565"
"iana-time-zone","66640375","12274","9847142","49582344","93027650","180732465"
"crossbeam-epoch","66462955","17697321","31319408","46623170","86273396","150401484"
"subtle","66305029","12681297","24269920","43465638","82133102","168975191"
"object","66257450","16079798","26240503","45260961","85177609","158528380"
"rustls-pemfile","66112875","355651","14410651","37051483","100473233","178273357"
"thread_local","66102410","17513579","24947078","45211432","84641195","158198768"
"shlex","65915455","8148279","14666617","27001383","67998182","211762814"
"darling_core","65896734","8365596","20964368","39719899","84143587","176290223"
"darling","65880461","8362956","20961818","39715631","84120613","176241290"
"darling_macro","65878204","8367177","20967656","39722031","84111324","176222832"
"reqwest","65731511","13009015","22202121","36642530","80469967","176333926"
"hex","65649029","13993486","27497426","46733266","82201484","157819487"
"clap_builder","65530994","0","0","30191568","91546102","205917301"
"unicode-xid","64797090","41159800","50549563","40986556","61285411","130004123"
"gimli","64253987","15009238","23848787","43028075","84587285","154796550"
"anstyle","64117868","0","2105","28545677","92274375","199767183"
"strum_macros","64051009","7337961","17553402","34473230","85121674","175768782"
"tower-service","63436031","14428615","26178470","44019941","78541564","154011566"
"crossbeam-deque","63397694","16644042","25152459","43399543","83122721","148669709"
"mime","63182895","13888856","24378917","45097995","81402681","151146030"
"try-lock","63144873","14047951","24902353","44910444","79883156","151980464"
"want","63081590","15147341","25459363","45785035","78567206","150449007"
"glob","62533908","13062536","22349635","41099366","78793938","157364067"
"termcolor","62436532","17666906","35411512","56809420","78929289","123365537"
"strum","62311245","7038462","16131816","32157692","82281533","173946723"
"crossbeam-channel","62002837","20116670","33577615","52485932","74658876","129175096"
"httpdate","61522118","15368300","27301543","47911268","79518787","137510694"
"pin-project","61468576","21221377","27761569","43181263","76046731","139131942"
"pin-project-internal","61443594","21156299","27744359","43170843","76058611","139087859"
"unicode-bidi","61374078","19203695","33392806","57690793","99549337","97033763"
"rustc-demangle","61210888","14932241","22335184","39630162","76331561","152825296"
"toml_datetime","61004054","0","206370","31178435","79658161","193977307"
"zeroize","60971155","8120715","19838430","33409496","76129017","167358119"
"walkdir","60680337","13707239","23080390","43408876","77793751","145411433"
"hyper-rustls","60475848","5252108","11386622","30511346","77655669","177573495"
"hermit-abi","59620753","9136162","16040250","51331618","80998316","140597419"
"addr2line","59379769","15682684","22346267","40523272","75978824","142367800"
"anstream","59352354","0","0","24567196","85100431","187094146"
"sync_wrapper","59334335","209684","5815289","19436479","83932104","187278119"
"num-bigint","59023478","13574802","24341635","41412754","75706719","140081480"
"paste","58765156","12144688","24390715","42444111","77507461","137338807"
"time-core","58501453","49","2550265","41816731","82182894","165957329"
"arrayvec","58412636","17675094","29870528","39321450","68372548","136823561"
"tower","58142570","3953199","11968614","25743249","62276390","186771399"
"same-file","57911195","13222156","22842050","40357625","71865603","141268544"
"tracing-subscriber","57778131","8785872","21151417","38045776","73290952","147616638"
"anstyle-parse","57752094","0","0","24846161","82848153","181066159"
"event-listener","57739078","5246236","11493202","26842966","86913107","158199880"
"anstyle-query","57567822","0","0","21002172","82015710","184821231"
"serde_urlencoded","57534022","15188506","24630762","38322652","69419356","140108835"
"minimal-lexical","57496639","1523820","18178153","43198743","86941233","137641247"
"hmac","57090642","12272425","24809448","45528839","73551010","129291488"
"ipnet","56844162","11526487","22477492","39100290","70367998","140748547"
"encoding_rs","56791017","13027369","23119689","40232172","73512700","134063157"
"backtrace","56701812","14906924","21932984","37450801","71855598","137362754"
"colorchoice","56105184","0","0","20712041","79750054","180063828"
"utf8parse","56072845","2760809","5065327","26273410","78606325","167658355"
"prost","55581051","5927046","15633339","28776153","73479746","154088972"
"rayon","55574259","11901740","21581423","40264436","73512330","130611369"
"prost-derive","55361806","5977507","15607443","28718161","73428652","153077267"
"rayon-core","55128841","11878056","21467789","40258997","71581539","130457825"
"textwrap","54870556","21041274","48907994","49481057","62720205","92202254"
"libloading","54254606","9447425","18491161","39318340","75845010","128171095"
"synstructure","54149830","11111834","15695529","17611027","36241760","190089001"
"tracing-log","54133134","7216071","16734947","32913283","77283458","136517913"
"humantime","53944950","17707172","27696531","41345844","67417683","115557520"
"proc-macro-crate","53804390","7559654","18011946","33228355","71040482","139181516"
"openssl-probe","53736801","12024696","21938940","36548258","63744654","134427461"
"unicode-segmentation","53363587","19111191","26319583","39539324","63535738","118312099"
"bumpalo","53276378","9037187","16759481","33976094","67893453","138715675"
"jobserver","53078881","7558797","19860145","33790140","64040146","140145181"
"sharded-slab","52198317","8062968","18136326","34582994","67701400","132507897"
"phf_shared","51759172","6338699","16833630","32857523","64832963","137933046"
"static_assertions","51291730","12051461","20514559","37591820","66738155","119562656"
"petgraph","50953423","9502950","18804369","30735275","57314169","138410355"
"deranged","50671848","2968","2522","14600581","73589304","165163868"
"openssl-sys","50569979","13595398","23327015","36362229","60888825","118676430"
"stable_deref_trait","50546519","8230824","13443399","20052933","41697868","169307575"
"convert_case","50340441","4811208","14790163","31679594","63744101","136677142"
"winapi","50193245","18261736","24428871","39716620","67016728","101542272"
"siphasher","49512166","6872924","15662949","29548859","60724511","134751587"
"rustls-native-certs","49142926","3201596","9030307","22500872","62721757","148260098"
"fixedbitset","49069100","10012213","19349968","29971864","56080614","129930845"
"wasm-bindgen","49003091","8707230","16217176","32240521","64039977","123810552"
"wasm-bindgen-macro","48927817","8664650","16178567","32203859","63988925","123603088"
"wasm-bindgen-macro-support","48923614","8650747","16162304","32186303","63984747","123633970"
"wasm-bindgen-shared","48837903","8653907","16220822","32197082","63858360","123259348"
"nu-ansi-term","48201263","27925","2607341","30005301","66565785","141799964"
"which","47939491","11806723","23535837","38105744","63906382","102342772"
"sha1","47803947","4903110","14761387","35251344","61967694","122136204"
"vcpkg","47008903","5815985","11359694","27651592","65658691","124558553"
"tokio-stream","46962060","7493465","18358808","34010734","58508027","116439270"
"wasm-bindgen-backend","46936961","8668924","16182244","32213657","64029449","113590534"
"adler","46876790","17539624","30753953","53338885","80477962","52273528"
"zerocopy-derive","46330175","455456","1131825","5071656","59149230","165842708"
"foreign-types","46228311","11448258","20648537","31791038","57055124","110198600"
"foreign-types-shared","46226928","11445221","20639655","31794479","57056213","110199072"
"serde_spanned","46119946","0","0","19676548","58626174","152297009"
"matchers","45985089","7223064","15040167","28457770","58087526","121116920"
"half","45903113","5882029","16254325","25665903","56576856","125136454"
"ident_case","45804636","6834754","15772042","27780487","57928892","120707008"
"phf","45594902","5486355","13757679","28814687","55289513","124626278"
"tower-layer","45556822","4157283","11867115","26262280","56675074","128822362"
"js-sys","45544961","8222518","15510023","30214960","57387622","116389684"
"atty","45276577","23709701","41880870","45528956","49151516","66111842"
"derive_more","44860757","7821630","13441820","22016165","46362266","134661905"
"prost-types","44810671","5581142","14777931","25422274","55663292","122608719"
"prettyplease","44762928","0","4054497","25509714","62922850","131327582"
"instant","44704619","20473637","32728007","40244635","53751788","76325031"
"openssl","44618664","12134481","20796810","32040696","55635667","102485668"
"powerfmt","44605790","0","0","5720183","66596525","150712243"
"proc-macro-error","44495692","14142079","28422930","39848278","56606142","83459032"
"proc-macro-error-attr","44419710","14073346","28380685","39831600","56526113","83286807"
"ordered-float","44388795","6417345","11967278","21945486","58161439","123452427"
"bstr","44356424","11421938","18685528","30979352","56584693","104110609"
"libm","43302190","4485270","9292946","25920240","58015885","118796609"
"bindgen","43094863","5972880","12112684","26627188","52874411","117887156"
"axum","42917500","135348","6237199","21820298","55782203","130612455"
"axum-core","42362945","15318","6015555","21253946","55269192","129260715"
"zstd-safe","42069074","3442289","13560028","26989004","56083133","110270916"
"winapi-x86_64-pc-windows-gnu","41900709","11833545","17868293","31926620","58813091","89062000"
"winapi-i686-pc-windows-gnu","41617234","11707517","17623814","31630493","58487799","88636550"
"zstd","41406492","3413032","13528183","26862772","55284966","107943509"
"allocator-api2","41380791","0","0","11696687","62161393","133045876"
"displaydoc","41236131","487503","2786057","9207740","33301630","160397727"
"phf_generator","41181212","4400857","12620517","26379635","53992955","108512096"
"num-conv","40963105","0","0","76","56587706","148227743"
"home","40946338","2286864","6008154","19668141","60092347","116676186"
"is-terminal","40804770","0","1438470","40246639","60499315","101839428"
"der","40291681","1486352","7241694","21431148","51094113","120205098"
"sct","40191908","8553406","21426502","40178538","56880955","73920141"
"num-rational","39966296","10054709","16313228","28322528","47699384","97441635"
"hyper-tls","39903416","10727779","17183332","24056964","48105858","99443150"
"opaque-debug","39574457","22579125","30122597","32061165","43905201","69204199"
"core-foundation-sys","38957730","6805865","12289353","26498991","50687667","98506774"
"matchit","38768440","57968","5991387","22239322","48148906","117404621"
"is_terminal_polyfill","38505667","0","0","0","42744943","149783392"
"native-tls","38462728","10743801","18714632","26511326","47193802","89150083"
"windows_i686_gnullvm","38406490","0","0","0","39298958","152733496"
"dashmap","38305565","5279884","11189531","25183968","47409509","102464935"
"winapi-util","38147869","8199246","15338516","27617275","49650051","89934261"
"signature","38126878","3456571","7995208","22015938","52102723","105063950"
"async-channel","38063537","4970080","9143880","19083098","49152731","107967896"
"rustls-pki-types","37954510","0","0","219376","45751266","143801912"
"spki","37941282","946474","6250941","20084889","49142183","113281923"
"serde_yaml","37804252","6524726","12715712","22709206","44091993","102979627"
"tonic","37786443","3011054","8813147","21408488","51292433","104407094"
"bit-vec","37557166","5556770","9699350","19772360","47872089","104885265"
"unicase","37504110","10491725","14854332","24897737","47586598","89690160"
"quick-xml","37464438","2993015","6382479","17026313","40670851","120249535"
"filetime","37384348","7432865","12975276","26754507","46872511","92886585"
"atomic-waker","37167656","3882186","5882833","13173323","40871800","122028138"
"num-complex","37117848","8448946","13377218","23039725","46082759","94640592"
"quick-error","37091877","15083252","20881370","25792659","37633188","86068918"
"web-sys","37036797","7662574","13493030","25546102","47134585","91347695"
"zstd-sys","37008734","3505934","14162546","24505095","46388717","96481378"
"overload","37000443","23874","2595138","28375311","59405557","94602335"
"serde_with","36900418","2589676","8118789","18255569","50147038","105391020"
"cipher","36708192","4895477","13584529","29960578","48149010","86951366"
"tinystr","36450590","317674","1060321","2034035","14426338","164414586"
"crunchy","36381561","5003768","10383106","19500877","44724064","102295992"
"cfg_aliases","36378730","1084668","1514289","4137334","40225880","134931479"
"prost-build","36372086","5389351","11944672","22797171","47815765","93913472"
"num-iter","36346146","7532193","12773207","21231881","47450132","92743320"
"serde_with_macros","36332158","2588938","7980960","17846310","49189020","104055564"
"core-foundation","36327975","6554131","10855530","17886735","38502504","107840979"
"pkcs8","36206511","1254710","6268735","19627844","46198219","107683048"
"data-encoding","36189325","4719998","10252065","20607583","46997725","98369254"
"adler2","36119643","0","0","0","19361496","161236720"
"futures-lite","36000953","5310726","9041056","18503867","50425509","96723609"
"litemap","35824121","878","111689","739235","12760394","165508409"
"hyper-util","35792502","0","112","171493","39717841","139073064"
"openssl-macros","35669496","0","8733535","26875749","50436156","92302043"
"target-lexicon","35416973","2409024","7552307","17513465","48393896","101216177"
"yoke","35286521","1339","142390","859341","12798291","162631247"
"yoke-derive","35268210","946","115167","768116","12640539","162816283"
"zerovec","35131736","984","137779","732267","11989840","162797810"
"bit-set","34982973","4096508","7852331","17599915","44909234","100456878"
"async-stream","34844912","5960232","12917738","23917564","42563848","88865182"
"memmap2","34787778","2953321","9870311","21298386","50687929","89128945"
"async-stream-impl","34770060","5983123","12826492","23821221","42466356","88753109"
"icu_properties_data","34735582","0","0","32653","10386250","163259007"
"portable-atomic","34605603","0","994893","10898919","40610712","120523493"
"indoc","34601734","5978982","8545440","18079710","46597452","93807087"
"writeable","34596873","1058","146474","794623","12215111","159827099"
"http-body-util","34569011","0","8646","554601","40277693","132004119"
"zerofrom","34568821","0","98893","782015","12774731","159188470"
"pest","34557848","9955737","13657581","21484951","42856492","84834481"
"bytemuck","34512406","3745796","8376510","19167329","44962671","96309726"
"zerovec-derive","34492283","21","50967","640648","11802775","159967007"
"icu_provider","34490191","1090","110599","732990","11752771","159853508"
"zerofrom-derive","34456826","0","51327","683586","12555614","158993604"
"bincode","34447001","7356770","12570407","24636736","40409549","87261546"
"icu_normalizer_data","34347369","0","0","21237","10288999","161426613"
"icu_properties","34302434","46","58971","256644","10592667","160603845"
"windows-core","34207483","26","110","2450169","38665624","129921486"
"base64ct","34164288","860830","7231281","20786238","43197776","98745317"
"icu_collections","34033889","0","1788","187358","10501430","159478873"
"tokio-native-tls","33946075","7040037","15308391","24417786","42702063","80262101"
"concurrent-queue","33907631","5383885","10255508","20955266","41478584","91464915"
"tower-http","33862517","347920","7076007","16342875","33669279","111876506"
"icu_normalizer","33824752","38","1486","159569","10380715","158581955"
"const-oid","33479969","1313548","7167147","19141485","44260346","95517323"
"clang-sys","33145710","5664443","11372053","22303920","42244842","84143292"
"md-5","33024448","3745182","11806826","23849028","42947713","82773494"
"linked-hash-map","32803949","12291326","19808299","26109265","40387150","65423705"
"windows","32780403","408463","3262757","19929852","37687526","102613421"
"idna_adapter","32772761","0","0","0","7392289","156471517"
"ucd-trie","32498310","9655465","13061037","19751110","39922316","80101625"
"crossbeam-queue","32479300","9168289","12983536","22135586","39014621","79094472"
"async-lock","32393270","3649394","7025202","17455601","49535950","84300206"
"constant_time_eq","32357892","5298155","9712579","18987123","43761061","84030543"
"utf8_iter","32275781","0","103286","452467","10945995","149877158"
"console","32163061","6271305","10943935","18728066","35177142","89694860"
"aes","32155745","5012167","11398588","25598875","42523416","76245683"
"parking","32110105","5071900","8886597","17784883","38611538","90195609"
"hyper-timeout","32108819","1376454","7981107","17067107","40073565","94045863"
"cexpr","32021059","5504360","11149348","21702805","39577762","82171021"
"multimap","31956791","5981696","11069638","20369119","40053792","82309714"
"dirs-sys","31760913","7139248","14112065","25911580","35520056","76121618"
"security-framework","31648954","5644138","9644109","15982378","33552164","93421981"
"lru","31451071","3722537","7649063","17835374","45771573","82276812"
"wasm-bindgen-futures","31101872","6509648","10919681","18906171","39486941","79686919"
"pem","30588382","4212163","9430975","18178866","38866966","82252943"
"dirs","30553478","10402670","16028272","24416312","30907559","71012578"
"ansi_term","30413196","25702115","34107294","23222722","28119451","40914399"
"arc-swap","29929308","5070499","8087287","18458218","38224751","79805786"
"dyn-clone","29538233","3195900","7145021","15034506","34763831","87551907"
"pest_derive","29446897","4865866","9146330","17558146","38478114","77186029"
"lazycell","29399132","7729513","13009140","23749996","40716462","61790552"
"bitvec","29375098","7528479","9345500","19740627","34991872","75269015"
"pest_meta","29323002","4822123","9118520","17394821","38356244","76923303"
"pest_generator","29287193","4813236","9106151","17375324","38300760","76840494"
"num_enum","29209247","3108058","7427354","16608665","37658337","81243825"
"num_enum_derive","29199218","3103783","7424394","16597652","37645047","81225218"
"radium","29034569","7044632","8998426","19500197","34689933","74939661"
"polling","28680789","4524697","7533509","15074191","42377800","73893749"
"tap","28613706","5757791","7580194","18226743","35708727","75795077"
"criterion","28582699","4647658","8973117","16400531","35108583","77783607"
"funty","28228508","6283682","8208013","18151957","34202201","74296687"
"libz-sys","28184299","6776659","12660444","22649894","34515034","64319466"
"wyz","28171508","5638045","8007340","18360928","34365999","74485232"
"phf_codegen","27928648","3067788","7853217","18601256","37258601","72862382"
"mime_guess","27836997","7795242","10982485","19106825","35517778","65782655"
"tungstenite","27790756","4566917","8824912","16094075","37563040","71904839"
"android_system_properties","27719603","0","3207457","18975795","39024183","77390584"
"num","27718471","6315840","9855827","17106633","36124138","69189918"
"os_str_bytes","27710567","3080622","23675820","33540112","33936167","44320114"
"opentelemetry","27455423","2204654","6065673","12500698","38059091","78447002"
"hashlink","27436257","2456417","6020661","13583311","31642779","83478119"
"security-framework-sys","27178655","5550747","9492342","15808770","33278330","71763090"
"anstyle-wincon","27043813","0","0","9511995","36397734","89309340"
"csv","26767991","7345194","12193728","16240230","37305425","60755378"
"schannel","26757781","5257178","9449431","15960953","32320827","70800517"
"urlencoding","26691968","1921617","4583418","16397392","37556810","73000607"
"csv-core","26531486","7115886","12112700","15724351","36989016","60715477"
"pem-rfc7468","26507372","371595","4082732","14527062","31802456","81753016"
"arrayref","26462192","6098315","10812184","15312305","32362360","67725796"
"io-lifetimes","26428171","172286","5560772","48498062","41699018","36210720"
"pyo3-build-config","26405140","912065","5035838","11371573","34396600","80309624"
"unsafe-libyaml","26391205","0","1463984","11873939","33867659","84750446"
"schemars","26338942","1303376","3340971","6741417","20050132","100258818"
"tonic-build","26241771","3188404","7841309","16625046","34009355","69544743"
"brotli","26183624","1062798","5864978","12675344","32114892","79200112"
"iana-time-zone-haiku","26179288","0","1255354","17330881","37286151","75024058"
"tracing-serde","26168305","6595403","7324484","12216909","29384756","75319976"
"crypto-bigint","26084596","913947","6199651","15509314","34308653","73491417"
"unindent","26083340","6051244","7351702","11902766","34448854","70662136"
"cast","26072581","4840935","9552651","16393039","31231444","68344838"
"brotli-decompressor","26043264","1113193","5794897","13138741","33259156","76910337"
"async-io","26030773","4535424","7300357","14445088","38503531","65369469"
"pbkdf2","26016848","2811873","8023441","18092976","37655137","63500815"
"utf-8","25753366","4963102","8739364","14863205","31637875","68563284"
"yansi","25746765","2039965","4546719","13651612","35064304","73431227"
"valuable","25681300","50","5590212","14631396","34483858","73700988"
"criterion-plot","25478693","4475905","8647613","15593988","30004639","68671324"
"oorandom","25474435","4548194","8683380","15667560","30890506","67582537"
"combine","25453709","3940286","9331054","16509112","35456645","62031451"
"inout","25346009","33","2760837","14738047","34708426","74522703"
"num_threads","25225700","917","15945469","18860969","31979430","59341716"
"winreg","25038524","6278667","11342916","17857674","36809794","52903572"
"matches","25021994","18879029","28485518","22309196","23814887","31621344"
"tiny-keccak","25013218","4004883","7059366","13420393","30826691","69754761"
"pyo3","25011959","4157227","5398138","11264888","33431540","70808003"
"camino","24929376","1649866","6976948","15566048","34189245","66264776"
"zeroize_derive","24875397","4348943","9738609","14694325","31504115","64090996"
"derivative","24864837","6887166","10834144","18400912","36053304","52148663"
"tinytemplate","24852842","4602915","8601757","15895360","30124161","65040018"
"tokio-tungstenite","24769310","3507202","6858442","13924243","33900582","65656085"
"rand_xorshift","24750729","7064616","9081040","13342572","24501351","69764070"
"fallible-iterator","24719528","4683121","9488978","15478675","31996210","61950657"
"twox-hash","24658001","2084903","4716668","12284577","29687226","74516633"
"xattr","24650367","3317907","6575610","14244726","31727608","67385984"
"pyo3-macros-backend","24635764","3800127","5026034","10932044","33142945","70277674"
"pyo3-macros","24632862","3806328","5026928","10940546","33141331","70249181"
"foldhash","24602419","0","0","0","5249398","117762701"
"cargo_metadata","24472826","4090488","8252620","16057283","32030685","61933057"
"semver-parser","24388128","19328021","17620629","18367497","26245859","40378635"
"globset","24358701","4792780","8638580","17464960","30668791","60228397"
"event-listener-strategy","24345227","0","0","1098217","38033035","82594884"
"hkdf","24334646","2587284","5869894","15631211","32210256","65374585"
"predicates","24275767","2610961","7352686","16726064","34844969","59844155"
"crc","24191557","3556305","8256890","13893921","26140041","69110629"
"windows-result","23977306","0","0","0","11591209","108295324"
"cmake","23881467","3323814","8209537","13278997","24325359","70269629"
"vec_map","23691010","17337842","22519717","18075428","22485426","38036640"
"zip","23516291","3010994","6003918","12159231","25965691","70441621"
"serde_path_to_error","23404320","468372","1960999","11809517","30041668","72741046"
"plotters","23377555","4490909","8584448","14201999","27969338","61641083"
"serde_bytes","23280935","3081902","10405101","14479817","30608206","57829650"
"diff","23179682","3721452","9850830","15097113","29832528","57396491"
"plotters-backend","23090919","3839202","8369846","14059543","27849983","61336023"
"sha-1","22989085","15193648","27892012","19908738","22400281","29550749"
"plotters-svg","22963467","3818768","8358595","13969786","27637146","61033043"
"hostname","22950277","6877726","10298041","15148301","29000723","53426597"
"tar","22889082","4033433","7076472","14127803","29555963","59651739"
"colored","22847875","4732465","7711148","12698733","22703404","66393629"
"alloc-no-stdlib","22810441","1126281","5863029","12859042","30927022","63276835"
"terminal_size","22785510","5347708","12204496","14011856","27020174","55343318"
"alloc-stdlib","22760130","1102160","5827112","12840184","30875542","63155653"
"pyo3-ffi","22615658","0","2264850","9278157","32136033","69399251"
"cookie","22590051","5756211","9122285","13497986","26768052","57805724"
"proc-macro-hack","22434083","21582531","23100662","21985871","18051448","27449906"
"signal-hook","22279446","5756008","10190431","17841413","26252502","51356879"
"ciborium-io","22249448","1409","1341512","12649359","30562453","66692510"
"ciborium","22249089","31994","1347883","12646795","30548845","66669929"
"ciborium-ll","22233431","1399","1338763","12643650","30545232","66638114"
"flume","22192852","893545","3792326","11108874","32246290","62923229"
"num-derive","22155648","3739877","8223296","11575054","27409233","59830784"
"scoped-tls","22088421","6617649","9601944","16101001","28005595","50115919"
"cargo-platform","21949129","2200346","6394324","14329586","30604518","56216872"
"dirs-sys-next","21903134","6711143","12001479","19004021","26510325","45288703"
"simd-adler32","21788024","2311","5430","7218297","23820484","77893602"
"rsa","21770181","1074045","3748920","9536839","26168475","68322626"
"phf_macros","21714724","1954805","5262195","10691124","24157765","66507732"
"predicates-core","21712038","2402666","6889301","14940549","29930865","54396812"
"predicates-tree","21670622","2409440","6891845","14880451","29877737","54293638"
"serde_repr","21655162","2895515","6431768","13672143","26265011","59011373"
"curve25519-dalek","21626807","4446442","8807263","15996176","27677551","51206603"
"dunce","21607768","733516","2207359","7997307","20277668","76822994"
"async-task","21569533","4469637","7466018","13988752","27347124","54576135"
"erased-serde","21505656","2648050","4797147","8455284","24344620","67283182"
"pretty_assertions","21502130","4409484","9353159","12537077","27442658","53768274"
"ff","21414709","1537231","4699299","12730849","27680972","60425198"
"block-padding","21413300","11198193","15522691","16875517","23861446","39608654"
"fs_extra","21258738","3252504","7485618","9784840","20334208","65436524"
"async-compression","21245252","2171088","4419027","10426794","27656345","61553009"
"futures-timer","21134979","3177590","6072586","13234996","27729192","55460534"
"group","21059908","1497793","4566841","12658933","27612165","58963812"
"tracing-opentelemetry","21042339","1905848","4778664","10419807","28401139","59706241"
"crc-catalog","21041796","531525","5511333","11874356","23348267","63943501"
"rand_hc","21030223","17598757","14859733","13832028","19790026","39070573"
"opentelemetry_sdk","20989273","35","491954","7926669","27097031","69430679"
"quinn-proto","20776300","154512","891765","3642027","19792073","79401126"
"termtree","20754976","440980","5429274","14374559","29645437","53884632"
"pkcs1","20731645","372839","2916573","8895373","25235469","66237974"
"android-tzdata","20666375","0","0","10018166","34586378","58727333"
"quinn-udp","20646098","5076","797084","2163159","19258122","81007051"
"elliptic-curve","20535490","1193172","4105875","12577783","27041090","57759534"
"indicatif","20525084","3360067","5905511","11672909","20404539","61282397"
"base16ct","20420517","0","2715298","12065919","27376203","59945168"
"waker-fn","20351026","4918375","8862182","17795935","28796975","41381666"
"webpki","20349026","8424978","21262241","32224708","23417360","16415843"
"wait-timeout","20279282","3369784","6007368","10310518","21983700","59725042"
"ecdsa","20274611","1050784","3936462","12542472","26845902","56997438"
"quinn","20243879","150626","864483","2189922","19020092","78994272"
"blocking","20234939","4004082","5913940","12088722","25956660","53211295"
"windows-strings","20103792","0","0","0","7325547","93193413"
"aead","20075374","3650604","8713723","17435250","24489205","46088091"
"anes","20011990","629","1086797","11877217","27352008","59743302"
"ctr","19964916","3082613","8530366","16349072","23479250","48383280"
"fancy-regex","19911625","1082475","2665567","7929886","27856322","60023878"
"peeking_take_while","19821559","5040074","10234443","21080304","28592014","34160962"
"sec1","19769200","12492","2880768","11869761","26761318","57321665"
"dirs-next","19751507","6212072","11198601","17177725","23336373","40832766"
"icu_locid_transform_data","19693374","0","0","98067","11480155","86888648"
"icu_locid","19475605","1387","111542","740074","12183238","84341786"
"tracing-futures","19364987","9135786","13520926","18476556","22829008","32862662"
"icu_provider_macros","19352673","639","109657","730264","11729678","84193129"
"pathdiff","19284632","2179935","6581945","11336634","22454443","53870206"
"remove_dir_all","19271843","15851316","29054016","18875028","14660445","17918413"
"libsqlite3-sys","19253136","2616080","5206157","10404754","26068716","51969975"
"crypto-mac","19187297","14273664","17907870","17898787","21464289","24391875"
"bzip2-sys","19169629","2285118","5238275","11449807","25067769","51807178"
"utf16_iter","19147289","0","90950","418091","10698057","84529351"
"universal-hash","19105819","3403960","7878850","15285690","23547097","45413502"
"icu_locid_transform","19105071","0","2499","148827","11498298","83875735"
"write16","19095390","0","75550","414051","10668496","84318853"
"encode_unicode","19083530","3806699","5680673","10841624","23581974","51506682"
"rfc6979","19062052","6799","2463342","11301796","25521854","56016470"
"headers","19059340","3433483","6611602","11343658","23202434","50705525"
"redox_users","18962009","5904235","8055072","13862084","20606297","46382357"
"sysinfo","18914990","1856876","4622959","9741673","18918692","59434753"
"num-bigint-dig","18778631","1117882","3539602","8856570","23754130","56624972"
"async-executor","18775112","4059255","6623150","12517365","22196214","48479578"
"ctor","18773895","9107873","13694406","18869031","16158327","36039841"
"stringprep","18720224","2280928","5486707","11368755","22134479","52330253"
"windows-implement","18703759","0","147151","1295279","7597892","84478475"
"serde_derive_internals","18627396","1501020","3613162","7687918","23169242","57165641"
"headers-core","18602504","3286382","6268238","11025962","22783856","49648084"
"whoami","18500369","1821361","3955491","9495032","22891713","54338248"
"new_debug_unreachable","18412260","3215234","6555777","10155028","20787261","51348001"
"doc-comment","18381817","4478157","6082805","13203138","26956080","41188906"
"mockall","18371079","1438556","5416776","10188500","27299666","47511900"
"float-cmp","18323691","3050649","7872190","14748034","28261013","37686571"
"mockall_derive","18307655","1439347","5400726","10120059","27246217","47331929"
"tokio-io-timeout","18299350","1531551","8210951","17297494","30585124","33871633"
"windows-interface","18227055","0","4889","850641","7078318","83201429"
"system-configuration","18203468","25118","373469","3614268","22830486","64174003"
"system-configuration-sys","18172058","27924","375708","3592623","22782990","64081046"
"derive_builder","18051296","1663462","4260657","10214010","18256327","55862026"
"derive_builder_core","18046795","1664693","4255714","10209388","18265646","55838534"
"png","17842854","2922864","5574377","11602544","20386677","48727808"
"number_prefix","17813045","3826529","6522186","11072516","19550719","48093277"
"blake3","17771646","2130969","6557507","9006930","21152219","50010608"
"lexical-core","17758111","8790524","11092279","10994059","19622278","38291418"
"yaml-rust","17719956","8600693","13942535","17393035","20782109","27881412"
"const-random","17655114","2270662","3289762","6772858","22069889","53872401"
"const-random-macro","17527573","2277441","3288460","6761967","21831850","53478150"
"ed25519","17486059","3147408","6000363","10648501","22450054","45183972"
"image","17485567","2739840","4928235","10380320","20502485","48876958"
"windows-link","17456657","0","0","0","578","87282711"
"sha3","17451245","2625671","10797579","12494439","22910498","38428039"
"similar","17401243","910539","3722115","8438091","20452414","53483060"
"jsonwebtoken","17311588","1342828","3419422","7996546","21949651","51849495"
"xml-rs","17309437","5359597","8817552","12790742","20568857","39010441"
"env_filter","17207832","0","0","0","17856283","68182878"
"ignore","17199047","3095617","5889526","12169617","21320778","43519699"
"simple_asn1","17159512","2181008","4375661","8396462","20695052","50149380"
"raw-cpuid","17088517","1163036","2830144","7089285","24315525","50044599"
"borsh","17057488","395205","1224183","6976587","23563094","53128373"
"schemars_derive","16945060","1301374","3336671","6730724","20008093","53348442"
"rand_pcg","16934236","9996364","11386572","13854877","17457257","31976113"
"maplit","16925453","6749035","10342383","9597254","19654470","38284125"
"fxhash","16906275","4639184","10348719","12692924","20151574","36698976"
"crossterm","16883886","1724205","4553247","9422979","16580271","52138732"
"owo-colors","16878341","1028840","5077372","9261119","19097309","49927067"
"enum-as-inner","16845987","3509700","6782954","11284766","22559561","40092958"
"bzip2","16843192","2221883","4164435","8453754","20107041","49268851"
"fragile","16755157","1431903","5249723","10350947","24267751","42475463"
"derive_builder_macro","16717917","352439","3076821","8751517","16692312","54716497"
"polyval","16645255","3287892","7527808","14179292","21179802","37051481"
"atoi","16600104","948125","2882102","7520598","21599781","50049917"
"serial_test","16537491","2006339","4523851","8965045","22636891","44555331"
"proptest","16424193","1912290","3584380","6497268","17594024","52533007"
"ureq","16409369","1715300","3611208","8251100","19771944","48697297"
"simdutf8","16345337","252502","1151147","7062560","19246231","54014248"
"serial_test_derive","16330855","1993768","4504742","8843513","22311598","44000656"
"downcast","16314746","1405102","5237277","9854914","23575725","41500712"
"protobuf","16265616","4034039","7364085","12045770","17615185","40269004"
"downcast-rs","16253025","1977198","3565303","8476166","23307460","43939000"
"quanta","16248326","946255","2765477","7742899","23978036","45808965"
"match_cfg","16235980","6423565","9983530","14831630","24130598","25810580"
"web-time","16202061","0","0","429052","13367490","67213765"
"jni","16178720","1392291","2440763","6616033","20302178","50142338"
"difflib","16154875","479096","5030952","13858622","24112870","37292839"
"string_cache","16082337","3283463","6961323","10330890","17331262","42504751"
"codespan-reporting","16071248","2006911","5454632","14309442","18146605","40438652"
"async-recursion","16029597","915064","3998166","11588596","21625959","42020200"
"term","16022267","6523891","8610088","10734122","15373603","38869634"
"md5","16002752","4912726","6742973","9814935","19054180","39488948"
"blake2","15988712","2173571","5392053","9393878","22251221","40732841"
"value-bag","15853189","3204662","5548507","9891741","19893603","40727432"
"sha1_smol","15781615","0","4527812","10983323","20983605","42413338"
"zerotrie","15774812","0","0","21534","863747","77988782"
"rand_distr","15695995","2510820","3564874","5894117","18013434","48496731"
"precomputed-hash","15660342","3154405","6557613","10064368","17419299","41106027"
"ptr_meta","15549779","195832","2315643","7293936","16520871","51422613"
"ptr_meta_derive","15549477","194705","2317566","7297687","16518956","51418472"
"potential_utf","15537443","0","0","0","1770","77685447"
"approx","15506725","4055243","6458181","9387045","15984550","41648608"
"derive_more-impl","15500262","0","0","51742","5186528","72263043"
"keccak","15487531","2418206","9245806","10141863","19805706","35826078"
"threadpool","15416016","4348450","8160855","12109702","19268835","33192238"
"ed25519-dalek","15415832","2716667","4760450","8353943","19465959","41782145"
"chrono-tz","15358979","2211709","4148358","8631108","20412523","41391198"
"secrecy","15346005","1063493","3023928","6600436","16917000","49125171"
"regex-lite","15286909","0","0","409554","18581683","57443311"
"p256","15268572","625980","2250458","7340207","18937091","47189126"
"opentelemetry-semantic-conventions","15179744","493896","2996215","7600961","20753564","44054087"
"borsh-derive","15167694","412284","1311821","7017702","22850994","44245670"
"icu_locale_core","15137250","0","0","0","1847","75684405"
"void","15115575","6187246","9666247","10592282","18670490","30461611"
"option-ext","15084214","0","418","5444818","20358048","49617790"
"seahash","15058171","930694","3229236","9219215","18792919","43118792"
"debugid","15019243","2112465","3935762","7637728","20330728","41079536"
"Inflector","14855045","4062061","8312506","12115907","20354193","29430561"
"ghash","14839498","3250117","7176214","13071462","18520274","32179426"
"rmp","14815442","1488918","2980279","7887331","18789504","42931181"
"der-parser","14781047","1146077","3578609","8994074","15157249","45029227"
"aes-gcm","14780171","3296759","7170017","13187576","18357753","31888752"
"rusty-fork","14667300","1733231","3467817","6436836","15618360","46080257"
"arbitrary","14634522","1128342","2031973","4994711","17179849","47837736"
"x509-parser","14622746","915014","3064157","8479691","14944044","45710825"
"serde-value","14571217","1551976","3068553","6038921","14157595","48039044"
"inotify","14503380","3107701","5288235","9735079","16867896","37517989"
"ctrlc","14490150","2683520","5353815","9327356","18259915","36826145"
"outref","14489234","0","89678","6184373","18341759","47830360"
"ref-cast-impl","14431029","1572846","2917036","5253755","9939335","52472175"
"ref-cast","14430848","1570641","2914369","5253780","9938603","52476848"
"const_format","14363663","1000984","2564429","6022010","15848302","46382592"
"matrixmultiply","14304449","2657644","4192215","7808797","14240713","42622879"
"oid-registry","14258713","696228","2950796","8376923","14667476","44602143"
"dotenvy","14246714","0","1215322","8019510","18423374","43575367"
"piper","14241902","15920","21523","1922589","20762773","48486707"
"http-range-header","14187169","25054","6266916","14259956","22273369","28110551"
"const_format_proc_macros","14177487","1011063","2529960","5998399","15815750","45532266"
"rkyv","14119427","204820","2407761","7500699","16287836","44196019"
"rkyv_derive","14113622","200952","2403939","7500688","16281716","44180818"
"async-process","14071327","2537050","3479424","6644262","17231902","40463999"
"dtoa","13973296","9337999","7710025","9167954","13465731","30184774"
"crossbeam","13961643","4318521","7061387","11058910","16930445","30438952"
"opentelemetry-http","13929164","587601","2015995","5428216","16063025","45550987"
"asn1-rs","13815381","83","1299931","7368926","14865837","45542132"
"indenter","13739433","1211831","5854409","8895662","16353685","36381582"
"opentelemetry-otlp","13735396","172273","1263231","6157854","17659852","43423770"
"bytecount","13730231","1552498","3788709","8856197","18356808","36096943"
"asn1-rs-derive","13726542","0","1297238","7282225","14754477","45298772"
"rust_decimal","13682622","1670303","3965252","7513385","14483847","40780323"
"rmp-serde","13678467","1258606","2683490","6842363","17317487","40290393"
"snafu","13593763","1564288","2755679","5615156","18314935","39718761"
"snafu-derive","13592130","1563844","2755239","5613764","18316377","39711429"
"unarray","13571175","0","332","5133315","16297676","46424555"
"resolv-conf","13549368","3447897","6161398","9099585","16032345","33005617"
"git2","13491389","3285341","6266625","10001082","15750503","32153396"
"opentelemetry-proto","13490417","0","141270","4880602","17421906","45008308"
"rend","13473099","64848","2276961","7328623","16022879","41672184"
"inotify-sys","13436924","2972979","5005818","9245066","15861383","34099376"
"libgit2-sys","13433166","3275041","6279367","9872238","15630419","32108769"
"cbindgen","13418431","965080","2674290","7909217","24921273","30622296"
"rawpointer","13400845","2644925","4209132","7443539","13489181","39217448"
"bytecheck","13387624","91223","2323095","7515391","16107796","40900618"
"bytecheck_derive","13387132","88920","2322236","7513716","16119480","40891310"
"notify","13344056","2955121","5215911","8925623","14621890","35001738"
"async-global-executor","13322024","3467913","5238857","8492003","14895464","34515884"
"libredox","13303680","0","0","915414","15582074","50020913"
"assert-json-diff","13176609","1047256","3213531","6630258","14887374","40104629"
"rusticata-macros","13122280","1014396","3430011","7321704","13714335","40130957"
"hash32","13114233","1163027","2703075","6066399","14960039","40678629"
"structopt","13079976","9917674","11125909","10122085","14536363","19697849"
"eyre","13056914","1177579","5774823","8699108","15432075","34200985"
"aws-smithy-http","13031204","44941","1760180","7435761","17198941","38716201"
"infer","13025050","1267038","3363938","8752067","17085081","34657128"
"lexical-util","13018743","198274","3639935","6598631","17016542","37640337"
"lexical-parse-integer","13011006","192328","3626745","6594762","17011322","37629876"
"lexical-parse-float","13008450","195613","3618640","6592662","17009299","37626039"
"prometheus","13003302","3944905","5939604","8448767","13870289","32812945"
"structopt-derive","12980055","9906972","10832208","10044302","14488139","19628654"
"hdrhistogram","12934546","1005517","3175821","6857310","16066205","37567881"
"fdeflate","12872654","0","331","6226045","17746886","40390012"
"backoff","12829894","1266860","3808675","7830203","17747246","33496487"
"lru-cache","12828961","3856672","6591180","10002985","17937265","25756707"
"shell-words","12801141","1148840","2217468","8009820","15933846","36695733"
"async-std","12795623","3889674","5257104","8049034","13763948","33018359"
"iri-string","12794406","42870","267367","1317046","4790305","57554443"
"futures-intrusive","12757301","712993","3033487","7095287","16040701","36904038"
"rust-ini","12733019","2565789","4932567","7681157","15341262","33144324"
"kv-log-macro","12728766","3543049","4928887","7690759","15809132","31672006"
"base64-simd","12720419","10","120817","6139721","18065003","39276547"
"aws-smithy-json","12710158","42570","1677238","7054254","16992601","37784128"
"wasmparser","12691825","2318479","5003824","9010039","16357241","30769546"
"color_quant","12678070","2411485","4132379","9216553","15431796","32198138"
"snap","12669409","2111297","4023794","7633892","15286006","34292056"
"normalize-line-endings","12661903","1867293","6141067","11724443","19458489","24118225"
"bytes-utils","12660923","158119","1803794","8077325","19520573","33744808"
"weezl","12634248","1508309","3343914","7232400","14810884","36275735"
"lz4_flex","12630172","133154","783347","4974023","18212299","39048040"
"asn1-rs-impl","12575698","0","1217256","5738009","14437922","41485303"
"ntapi","12533663","5967697","7873649","5915771","10776339","32134862"
"config","12515235","3275716","5732247","6831662","14642009","32094542"
"sqlx-core","12512212","873201","2663676","6505900","15602792","36915491"
"fs-err","12509343","1100848","2432339","6033857","11902021","41077653"
"gif","12507673","1822091","3532522","7041000","15804125","34338630"
"serde_core","12491795","0","0","0","0","62458976"
"chrono-tz-build","12483047","233096","2918346","7909777","19810537","31543481"
"sqlx","12461633","866265","2727934","6577699","15401192","36735079"
"integer-encoding","12448456","1900653","4150579","7005768","15095588","34089696"
"sqlx-macros","12380781","863824","2630685","6450263","15455300","36503833"
"wasm-streams","12380024","3295","77554","3864277","16872572","41082423"
"getopts","12206660","2704468","4909934","7073172","13846078","32499648"
"wit-bindgen-rt","12197756","0","0","0","957612","60031171"
"inventory","12177074","4159605","3070877","5012863","9951135","38690890"
"xmlparser","12161023","789973","2581075","8051480","17426946","31955642"
"deadpool","12098832","950113","2716812","5608098","12543232","38675909"
"multer","12050104","593068","2179310","5999474","16065828","35412842"
"aws-smithy-types","12005594","44992","1796883","7467135","17395084","33323877"
"parse-zoneinfo","11995364","2157086","3838379","7868402","17465993","28646964"
"bytemuck_derive","11957931","396311","2723959","5495431","14941644","36232312"
"unicode-properties","11950175","0","0","288273","10603013","48859589"
"axum-macros","11881635","41","288446","3113304","14052463","41953924"
"jni-sys","11869922","1448573","2514032","5635307","14701284","35050416"
"aws-sigv4","11869308","45918","1722769","7192263","17148964","33236629"
"gloo-timers","11858669","1847500","2755279","6213101","12116132","36361335"
"bigdecimal","11844456","1353624","3200853","6541338","11796028","36330441"
"curve25519-dalek-derive","11834550","0","0","3144103","16077806","39950841"
"widestring","11809765","2640576","4050597","7430962","15592151","29334543"
"jpeg-decoder","11793357","1956292","4308144","8514895","14274761","29912693"
"vsimd","11793054","0","788","4578204","13764615","40621663"
"lexical-write-integer","11789267","182628","3572838","6421375","16542381","32227117"
"lexical-write-float","11789239","178958","3578044","6423028","16541192","32224976"
"aws-lc-sys","11786509","0","1864","603076","5321800","53005807"
"aws-types","11764214","44850","1713208","7114709","17031289","32917014"
"gethostname","11764001","1419598","3405556","7547323","14515637","31931894"
"aws-smithy-async","11762430","45004","1755733","7196819","16980150","32834445"
"aws-lc-rs","11742101","0","0","594203","5357074","52759228"
"unicode_categories","11722561","1465589","3482321","7851599","18111373","27701923"
"typed-builder","11674761","1304059","3305652","6319339","12709893","34734862"
"ascii","11569300","2122050","3684876","7831290","19451730","24756557"
"adler32","11555021","4797052","6089486","6751229","12729916","27407426"
"cesu8","11515035","1302108","2346432","5303104","14041395","34582136"
"openssl-src","11504039","2399552","4586836","7494286","14443128","28596397"
"metrics","11481082","1321923","2624665","4562990","14103113","34792720"
"serde_qs","11467106","1595522","3474539","7388505","13960556","30916409"
"rand_xoshiro","11369332","2512148","3565846","5735567","11076011","33957091"
"aws-smithy-xml","11354361","44580","1654906","6890574","16673133","31508615"
"aws-sdk-sts","11318826","44208","1619798","6746974","16749574","31433576"
"lz4-sys","11310281","1105123","2499277","6527234","13916228","32503546"
"language-tags","11297270","3597512","5719815","7354959","13379563","26434501"
"ndarray","11275015","1428986","2437561","4649829","8543921","39314779"
"handlebars","11200589","2341159","3901870","7038236","16179417","26542265"
"aws-config","11189028","42331","1618477","6660852","16480125","31143357"
"jiff","11166602","0","0","0","1480675","54352337"
"r-efi","11137451","12774","19085","124816","678300","54852280"
"castaway","11103422","72723","1168584","3407387","13348916","37519501"
"dlv-list","11088730","412097","2706484","6695625","14319464","31309981"
"rstest","11078334","461923","1581081","5359038","14225830","33763799"
"derive_arbitrary","10965492","373111","837093","2537504","12169814","38909940"
"compact_str","10962258","2801","329662","1856496","10691880","41930453"
"psm","10927853","1488370","2456499","5915626","13303389","31475381"
"serde_cbor","10897393","5300462","12617396","6889379","8667917","21011812"
"unicode-linebreak","10888130","275335","3593677","5052761","13665651","31853227"
"ordered-multimap","10872726","407979","2567345","6257936","14026989","31103385"
"pulldown-cmark","10864571","2275807","3654678","7353394","15081924","25957052"
"bytesize","10851420","1322720","3245615","6913203","11213131","31562435"
"thrift","10815722","1626813","3550366","6121879","13434616","29344939"
"triomphe","10798798","80315","1015829","5745511","18368230","28784105"
"actix-rt","10764834","2861426","4729074","7126350","13833997","25273325"
"clap_complete","10749777","163","2831049","6696859","14144604","30076212"
"tikv-jemalloc-sys","10744843","324421","2502983","4467031","12394460","34035323"
"ron","10698319","868396","2525637","5557435","12899861","31640266"
"aws-smithy-query","10678304","44345","1624412","6703556","16112555","28906653"
"aws-sdk-sso","10672154","238","1430945","6292366","15961002","29676219"
"comfy-table","10612332","350698","1878505","4875366","14414129","31542965"
"rgb","10566921","1181309","2337712","5413033","11790710","32111844"
"windows-registry","10565120","0","0","0","6402480","46423123"
"deadpool-runtime","10421662","20218","1523782","4855789","11411857","34296668"
"tiff","10412223","1495529","3209595","6490139","12694717","28171136"
"actix-web","10400471","2597292","4413229","6701606","13197088","25093143"
"actix-http","10370809","2642634","4422194","6651644","13085187","25052388"
"bs58","10352786","1770266","3773929","8030701","16201554","21987483"
"aws-credential-types","10310219","0","19","4871171","13991372","32688533"
"os_pipe","10293856","1644035","3214944","6258669","13502841","26848791"
"flatbuffers","10266723","1099635","1523771","4392354","13318473","30999385"
"proc-macro-error2","10246802","0","0","87","2708430","48525496"
"proc-macro-error-attr2","10245194","0","0","0","2705149","48520824"
"cxxbridge-macro","10241438","641055","2595996","12027785","12855615","23086739"
"cxx","10228389","642182","2544399","12014638","12842821","23097909"
"rstest_macros","10208727","0","621543","4491644","13281971","32648477"
"password-hash","10175715","412247","2930971","8014589","14210010","25310759"
"find-msvc-tools","10172757","0","0","0","0","50863786"
"tagptr","10139278","148","366948","2695404","10871176","36762717"
"actix-codec","10128607","2813425","4411860","6472128","12699351","24246274"
"cfg-expr","10103360","801454","2831810","6926184","13071822","26885533"
"bytestring","10102226","2346819","3984787","6433436","12793204","24952885"
"actix-server","10092134","2482333","4163299","6470587","12780776","24563679"
"actix-macros","10062654","2755670","4252068","6593525","13172367","23539644"
"cxxbridge-flags","10051310","636522","2532164","11966616","12673915","22447333"
"smawk","10050481","638430","3933927","4890758","13337908","27451382"
"trust-dns-proto","10040014","3714966","6604056","10145000","15677444","14058606"
"moka","10039770","21402","438859","2660368","10239084","36839141"
"link-cplusplus","10028899","649799","2781035","11546567","12391312","22775782"
"actix-utils","10000920","2718913","4274475","6396197","12544488","24070527"
"ouroboros","9995624","912484","3374526","6080858","14494075","25116178"
"actix-service","9965593","2543203","4237848","6342408","12514293","24190215"
"nanorand","9963278","529030","2699657","7108962","12953504","26525239"
"actix-router","9951186","2487035","4157197","6329912","12675091","24106696"
"tikv-jemallocator","9935829","278831","1810930","3457890","11493838","32637659"
"ouroboros_macro","9925332","911347","3282956","5999957","14399005","25033397"
"sqlx-macros-core","9896667","0","0","2101597","13401764","33979977"
"cpp_demangle","9896475","1882046","3387308","6086797","11448130","26678098"
"const_fn","9887997","9222816","10972724","6285567","6733186","16225693"
"tracing-appender","9885892","869491","2370222","4518527","11222234","30448989"
"fallible-streaming-iterator","9881926","1920128","4067178","6924668","13761530","22736127"
"metrics-util","9877813","582014","1534219","3621808","10833486","32817539"
"smol_str","9870102","968267","1220747","4685444","11784514","30691540"
"seq-macro","9866608","105346","550692","3160100","11594583","33922322"
"litrs","9829436","10757","101337","508617","6187023","42339447"
"redis","9828259","1319595","2655294","5061909","10495551","29608949"
"sqlx-postgres","9809447","42","111","2045184","13144076","33857825"
"nalgebra","9725221","1537811","2697276","4849789","8666866","30874364"
"sqlx-sqlite","9721941","42","105","2043770","13213852","33351938"
"actix-web-codegen","9706669","2491073","4039863","6326531","12585795","23090083"
"crc32c","9661639","302510","1173394","4871816","14788822","27171654"
"jsonpath-rust","9657887","3171","261309","858758","10599975","36566222"
"relative-path","9656506","989502","2289449","3189644","12838186","28975751"
"heapless","9645010","1126265","2368499","5373561","10252349","29104379"
"educe","9641729","1048145","1457259","3556818","8768662","33377764"
"typeid","9633929","0","0","0","4986190","43183457"
"toml_write","9619638","0","0","0","0","48098191"
"sqlx-mysql","9593498","38","117","2087124","13065815","32814398"
"primeorder","9578893","0","823","4438742","12732840","30722062"
"globwalk","9565817","1814661","3019833","6586690","10622514","25785390"
"enumflags2","9563168","1469723","3457785","6222090","12036609","24629634"
"async-broadcast","9527272","74819","1106342","3754376","11615827","31084996"
"enumflags2_derive","9520076","1469981","3417998","6069094","12025754","24617554"
"signal-hook-mio","9509917","655698","3184576","6271221","11279689","26158402"
"atomic","9489886","1430473","3260440","6645007","12340605","23772908"
"cxx-build","9480634","435081","2362947","11215545","11596255","21793344"
"json-patch","9477849","368601","1391594","4160550","11638054","29830448"
"slotmap","9353920","673571","1446948","4622446","9926213","30100425"
"scratch","9326623","436572","2533893","10836424","11082295","21743933"
"lalrpop-util","9306372","1067584","2510110","4996904","9397344","28559918"
"aws-smithy-runtime","9284474","0","0","1419800","12605552","32397018"
"aws-smithy-runtime-api","9266181","0","0","1427491","12565167","32338250"
"trust-dns-resolver","9261974","3589435","6327397","9488918","14126032","12778088"
"aws-runtime","9230864","0","0","1416779","12502099","32235443"
"async-signal","9158903","39","91","783519","10441678","34569188"
"local-waker","9107000","867779","3073700","5916225","12197924","23479372"
"fiat-crypto","9069225","184054","439226","4213441","12724377","27785031"
"typed-arena","9066053","1733626","4714458","5430447","9472773","23978962"
"local-channel","9064594","865673","3049261","5936248","12204731","23267060"
"ipnetwork","9055566","1278565","2510300","4135127","11136110","26217731"
"sqlparser","9045503","255934","468484","2130650","10951364","31421086"
"radix_trie","9019025","894818","2710333","5831588","9682030","25976356"
"raw-window-handle","9007388","1335541","3095284","6274516","10707893","23623709"
"nibble_vec","9002345","898436","2688604","5821945","9668705","25934035"
"serde-wasm-bindgen","8994315","179959","1796151","5288297","10733331","26973841"
"endian-type","8994066","904808","2685055","5801984","9641127","25937357"
"poly1305","8993478","1428306","3420241","6721159","11778468","21619217"
"chacha20","8984948","1468642","3575561","6778396","11661668","21440475"
"document-features","8981455","0","56045","354587","5232316","39264330"
"ttf-parser","8964222","1433892","2021981","4531975","8792537","28040728"
"assert_cmd","8950440","1259343","2308366","5213620","10963874","25006997"
"fs2","8921493","3310012","7361901","6664360","9037131","18234065"
"ena","8911821","1662593","3197323","5268614","9045046","25385533"
"jsonschema","8895928","121726","613149","2760608","9655563","31328598"
"tokio-retry","8855774","355770","1360914","3801648","10057696","28702842"
"arrow-schema","8819317","0","125223","2133770","11788075","30049521"
"arrow-buffer","8812231","0","149200","2145589","11793516","29972854"
"arrow-data","8797805","0","124648","2126015","11787443","29950923"
"arrow-array","8796840","0","124620","2123917","11785969","29949695"
"enum-ordinalize","8773177","1053358","1459923","3603098","8894286","28855220"
"sqlformat","8770504","905358","2661228","7134312","16651591","16500032"
"fraction","8766000","143079","713683","3502312","11409971","28060957"
"arrow-select","8723025","0","78964","2105338","11665484","29765340"
"lz4","8714940","1031378","2355498","5466225","11096852","23624747"
"arrow-cast","8696330","0","46309","2047923","11659676","29727743"
"assert_matches","8635215","1794889","3310255","6623858","11749526","19697549"
"nohash-hasher","8552421","835852","1938329","4363043","11227047","24397838"
"object_store","8532161","0","164726","1815590","15033215","25647276"
"aliasable","8515900","553507","2670134","6368999","12093609","20893255"
"stacker","8497088","581588","712108","3377121","9564631","28249992"
"test-log","8481859","13289","670897","2578585","9697493","29449034"
"rusqlite","8479109","1836660","3708917","6242328","11637448","18970195"
"arrow-ipc","8446024","0","45066","1920709","11295807","28968538"
"ark-std","8381590","62705","642183","2981728","12318384","25902954"
"procfs","8375006","1186487","2954899","5646353","10948523","21138772"
"reqwest-middleware","8366863","20594","704459","2312738","9270617","29525910"
"sketches-ddsketch","8361723","422789","1359508","4345439","10040104","25640775"
"cadence","8345089","550806","1833458","5248323","9077727","25015133"
"string_cache_codegen","8333580","2135460","4308867","6179039","10024852","19019683"
"insta","8309740","763093","1780888","3709091","7025181","28270450"
"lalrpop","8290937","1008666","2427360","4617270","8171569","25229823"
"ark-serialize","8268921","53553","619566","2908625","11974706","25788157"
"ark-ff-asm","8262042","53577","617904","2906044","11966768","25765919"
"ark-ff-macros","8261762","53540","617846","2906000","11967103","25764324"
"dialoguer","8253819","1488463","3442798","6270070","10015013","20052752"
"console_error_panic_hook","8237015","1951205","3692139","5881959","10723772","18936000"
"ark-ff","8222428","53723","617925","2807214","11902868","25730411"
"hex-literal","8208289","1777690","3406087","5983799","10110702","19763168"
"aws-smithy-eventstream","8207997","18277","1015215","4422623","12276937","23306936"
"errno-dragonfly","8198827","1479311","2980007","19656014","10083470","6795335"
"tokio-test","8162678","1188516","2029865","3945133","9950407","23699469"
"xxhash-rust","8155890","105098","524283","4824659","8610803","26714607"
"simba","8138996","1132512","2252874","4484332","7901296","24923970"
"leb128","8113625","1524307","3979206","6520173","11767635","16776807"
"zopfli","8057688","134341","264952","139308","6850834","32899005"
"governor","8023575","343147","1149488","3472126","10848461","24304654"
"k256","7984857","750050","2605595","5921442","11551604","19095597"
"generator","7981246","584042","669341","3147987","5102466","30402395"
"uint","7971196","1586066","4252528","6445580","9270853","18300957"
"aws-sdk-s3","7955063","18309","1003211","4402844","12434948","21916007"
"tonic-health","7944443","347444","1219302","3036320","9859750","25259401"
"bit_field","7942808","667122","2907992","4539475","8815799","22783654"
"humantime-serde","7930541","1011601","2482195","3810477","9526865","22821571"
"http-types","7926708","1020371","2323817","4642556","9655037","21991763"
"yasna","7924516","708061","2731658","7044609","9708753","19429503"
"json5","7918026","543307","1952674","4091733","10445584","22556834"
"ascii-canvas","7847112","1056690","2421916","4199275","7527693","24029987"
"chacha20poly1305","7837721","1389810","2986574","5732862","10136694","18942665"
"aws-sdk-ssooidc","7832813","200","2469","323885","10393453","28444059"
"num-format","7798907","1410328","2624984","5048611","8034988","21875624"
"nonzero_ext","7785897","630158","1361437","3305644","10833982","22798266"
"scroll","7734437","1598280","1815669","2886000","8174488","24197751"
"scc","7725548","2739","10946","96503","5507039","33010514"
"error-chain","7715372","4984174","4887003","6158407","7892140","14655137"
"directories","7714534","1665765","3692452","6841963","9744635","16627855"
"salsa20","7709269","886247","2347122","3658131","7967120","23687725"
"findshlibs","7672196","261707","1634113","4533881","8838366","23092917"
"quickcheck","7670752","1834025","3360282","4647611","9584950","18926895"
"color-eyre","7642574","940628","2863662","5684391","9826570","18897620"
"auto_impl","7631964","828729","2467844","3544661","7892057","23426530"
"secp256k1","7626338","1247043","3504508","6221352","9448338","17710453"
"aws-smithy-checksums","7618916","0","388339","4228751","12009744","21467746"
"sdd","7601337","0","0","0","4903524","33103162"
"utf8-width","7592658","973586","2633731","3877702","7418525","23059748"
"no-std-compat","7574446","469236","1325761","3686548","11284299","21106386"
"rcgen","7549714","493891","1904301","6601390","8641236","20107754"
"wasm-encoder","7524100","74200","706629","3853113","12654906","20331654"
"net2","7490368","9150994","7601777","6789019","6027615","7882438"
"parquet","7488747","207665","565109","1947000","7574156","27149805"
"iovec","7478988","8681752","7795452","7410361","6142651","7364724"
"if_chain","7450767","1685700","3415926","5168050","11310661","15673502"
"k8s-openapi","7446196","584013","1286341","2319713","7403953","25636960"
"arrow","7440394","331265","602123","1674591","10361031","24232964"
"version-compare","7425274","1169121","2561062","4650075","8494637","20251476"
"smartstring","7404458","712691","2009329","4532053","8392096","21376122"
"miow","7389445","10390210","9966978","5792696","4485904","6311438"
"ipconfig","7384574","1288472","2359051","3933695","9579076","19762579"
"markup5ever","7371747","1305927","2184291","4312543","8495061","20560917"
"cbc","7341813","53","1040916","3597491","8544417","23526192"
"etcetera","7331392","13135","46078","1124950","8413161","27059636"
"enum_dispatch","7331058","840303","2272739","5079505","8247055","20215689"
"vte","7316468","1643810","3802212","5705095","6704553","18726674"
"lru-slab","7312762","0","0","0","1307","36562506"
"html5ever","7295116","1245381","2371489","4290407","8371494","20196810"
"secp256k1-sys","7294588","1116503","3048920","5942363","9202190","17162964"
"uncased","7290854","634487","3738766","6631302","9285903","16163813"
"typed-builder-macro","7283937","0","0","751270","6734163","28934255"
"pico-args","7251614","1364069","3330532","4077568","7329860","20156044"
"simple_logger","7251035","921886","1695193","3475082","10618952","19544066"
"lzma-sys","7248235","768909","1802085","3711859","8075780","21882542"
"arrow-arith","7247614","0","0","1507573","10418507","24311994"
"chunked_transfer","7244040","1884293","3912329","4802865","9646075","15974642"
"tonic-reflection","7240985","64451","653412","3135451","10902390","21449222"
"crossterm_winapi","7232915","693329","2045848","3971407","7154997","22298996"
"arrow-ord","7232799","0","11204","1498057","10382293","24272442"
"kube","7220562","446227","1088779","2096257","7188671","25282878"
"dotenv","7215738","2874063","4642323","4864324","6690628","17007355"
"toml_parser","7206668","0","0","0","0","36033341"
"arrow-string","7198650","0","11201","1435841","10301753","24244457"
"validator","7179537","623221","1355724","3254590","9470697","21193455"
"arrow-row","7175247","0","0","1465853","10288556","24121830"
"wide","7172985","244081","902662","3645205","8319700","22753277"
"blake2b_simd","7156250","3467526","3643095","4341305","9182167","15147160"
"loom","7155614","592929","616340","2995689","4252513","27320602"
"x25519-dalek","7150068","1737950","3078441","6528549","10180177","14225225"
"enum-iterator-derive","7134560","1384134","5075448","7804442","8127039","13281741"
"kube-core","7121738","199752","937641","1979595","7130977","25360727"
"safe_arch","7121406","292889","1230659","3878478","8016144","22188864"
"wiremock","7119214","260758","1262737","2683003","7252053","24137519"
"xz2","7111578","727760","1624318","3537895","7988319","21679598"
"enum-iterator","7097869","1384108","5069520","7815088","8067261","13153370"
"primitive-types","7082079","1291133","3268010","5853495","9088152","15909606"
"rocksdb","7064432","1248930","2137289","4170758","10433869","17331317"
"kube-client","7058909","45771","886734","1957459","7087690","25316893"
"librocksdb-sys","7058041","1223154","2044776","4213787","10437867","17370621"
"miette","7051558","23616","2196508","4379861","10389369","18268438"
"psl-types","7048532","127360","1397401","3616928","10117843","19983132"
"miette-derive","7044872","23390","2197009","4377088","10401692","18225181"
"byte-slice-cast","7033924","1577602","3276056","5840837","8763902","15711224"
"unsigned-varint","7024702","1966345","2453776","3667417","11048287","15987688"
"parity-scale-codec","7021990","1386219","3091915","6221047","9368786","15041986"
"p384","7016147","62297","550710","4726430","7837087","21904215"
"bitmaps","7006899","2053275","2635656","4503904","9474572","16367090"
"symbolic-common","7006559","616365","1966163","3465820","6634664","22349784"
"tikv-jemalloc-ctl","7006404","150172","533773","2165738","7744387","24437954"
"scroll_derive","6961512","1547948","1534671","2745828","7453556","21525561"
"standback","6958317","7007656","10354559","5490264","4601493","7337615"
"os_info","6956859","1207695","3162656","5128130","8330522","16955293"
"humansize","6943501","1890843","3074830","4699628","7943997","17108209"
"mach","6914974","2129437","4391005","5867827","8874086","13312518"
"symbolic-demangle","6900910","555459","1894372","3432088","6464955","22157678"
"include_dir","6885154","835781","1473614","3864467","9536285","18715624"
"byte-tools","6865439","8751937","9091687","5203948","5514385","5765241"
"fsevent-sys","6841193","987454","1828453","4011981","7108540","20269541"
"time-macros-impl","6840708","6843539","10301542","5406660","4472980","7178823"
"zvariant","6831772","616053","1629461","3911652","8396063","19605633"
"zvariant_derive","6828749","615930","1628055","3910495","8390365","19598902"
"zbus_macros","6803491","616317","1619062","3840686","8282136","19659255"
"zbus","6794070","617649","1625037","3844937","8282221","19600509"
"base-x","6793819","3121834","4483600","5521332","7428894","13413437"
"parity-scale-codec-derive","6786403","1000082","2854884","5995545","9211317","14870190"
"warp","6778216","2644635","3524501","5357144","9132180","13232621"
"murmur3","6745300","94225","196791","994580","6771065","25669843"
"postgres-protocol","6744070","1146089","2154312","4505171","6890906","19023874"
"system-deps","6742788","911276","1793631","4321541","7359765","19327730"
"tendril","6705772","1347536","2263096","4185951","8069498","17662781"
"exr","6701774","4843","1342928","3715336","7769223","20676543"
"postgres-types","6691572","1062296","2102000","4480617","6838798","18974149"
"wasite","6687313","0","29","83","8607031","24829422"
"rpassword","6685458","2067180","3230918","5527030","10213840","12388322"
"validator_derive","6681820","412109","942773","2737921","8882567","20433731"
"once_cell_polyfill","6676491","0","0","0","0","33382459"
"arrow-json","6675361","0","40748","1374692","9357659","22603710"
"arrow-csv","6649968","0","41043","1356948","9413982","22437870"
"futf","6641378","1287325","2186829","4112508","8014449","17605780"
"beef","6635859","1112612","2864802","5206809","7745417","16249659"
"deunicode","6629869","1521873","2450710","4452177","9153317","15571272"
"tracing-error","6618211","1214309","2511340","4544596","8829902","15990910"
"wayland-sys","6608120","978613","1538443","3428529","6439299","20655718"
"curl-sys","6600537","2541182","4191672","6989725","7842368","11437738"
"mac","6582941","1272313","2084487","4078788","7973041","17506076"
"take_mut","6575341","2777396","4687061","5358246","6177280","13876723"
"test-case","6555806","803667","1503286","3038178","6339112","21094788"
"proc-macro2-diagnostics","6530683","422845","1243620","2228475","5542094","23216382"
"wayland-protocols","6506213","895491","1426485","2733621","6234143","21241329"
"lebe","6482278","4240","1299519","3477654","7355292","20274686"
"byteorder-lite","6453936","0","0","0","4601250","27668434"
"fd-lock","6452218","415397","1804270","4817439","8150029","17073955"
"retain_mut","6443957","1788842","4488345","5773834","8496908","11671859"
"rand_isaac","6432208","4692025","4743197","5357136","5788802","11579881"
"trybuild","6421607","1275709","2285451","3983510","6888856","17674513"
"goblin","6353491","1275638","1711856","2971987","7644195","18163780"
"rand_os","6336207","4675145","4713487","5343083","5637936","11311387"
"impl-codec","6335486","1146317","2653190","5084390","8125376","14668158"
"safemem","6319230","4592154","5489060","7737395","7111487","6666054"
"unic-char-range","6315100","1484179","2723052","4048036","6580685","16739552"
"unic-char-property","6313880","1484197","2724686","4046884","6577613","16736024"
"unic-common","6313750","1486813","2723676","4049284","6576350","16732628"
"rand_jitter","6311330","4634943","4679960","5293987","5613014","11334749"
"unic-ucd-version","6310425","1484223","2722495","4048908","6569342","16727158"
"fixed-hash","6310303","1277013","2953773","5615933","8425712","13279085"
"publicsuffix","6295826","2040310","2942400","3758137","7088073","15650210"
"tokio-postgres","6245182","1042104","1852747","4023849","6369306","17937908"
"gix-validate","6225807","0","0","3177882","6252302","21698853"
"basic-toml","6222589","0","0","4445277","8608830","18058838"
"nalgebra-macros","6215837","534878","1733859","3661481","6801848","18347120"
"zbus_names","6209235","29901","824571","3446910","7923055","18821742"
"getset","6182720","1362745","2824425","3222639","4465283","19038508"
"nodrop","6178285","3617969","4308223","4408172","6702400","11854663"
"async-fs","6150395","478972","708474","3490901","10027577","16046054"
"kube-runtime","6140529","200411","734591","1685745","6375522","21706379"
"ruzstd","6136873","212793","99952","2228971","7458379","20684271"
"vergen","6124412","1166946","2483201","4056773","7099272","15815872"
"critical-section","6101659","163489","1161455","3662463","5323491","20197399"
"shellexpand","6100105","1076322","2125200","4400164","7450689","15448153"
"slog","6097166","2743213","4133909","5200492","6186239","12221978"
"embedded-io","6083545","0","49314","743476","6352129","23272809"
"supports-color","6076758","21886","2745230","4463735","7472475","15680464"
"curl","6073596","2404753","3897012","6216954","7278169","10571093"
"zune-inflate","6068200","0","22","3045574","7297639","19997765"
"zune-jpeg","6055889","0","327","34094","5225467","25019560"
"maybe-uninit","6039310","8088492","5284155","4965391","5380489","6478023"
"impl-trait-for-tuples","6036893","999698","2872261","5196762","7619172","13496572"
"multihash","6017409","1069882","1974778","4057162","9804718","13180505"
"kqueue-sys","5992399","72919","805085","3209434","6542652","19331908"
"hickory-proto","5992273","0","0","176385","5019742","24765241"
"libfuzzer-sys","5984584","440749","753740","1402407","5096766","22229261"
"portable-atomic-util","5972835","0","0","14830","591108","29258240"
"cssparser","5969356","655609","1449561","3046179","6449611","18245822"
"core2","5965256","66274","1246921","3589822","7576572","17346693"
"wayland-scanner","5962000","952987","1491566","3149996","6240545","17974907"
"sentry-types","5949982","1548105","2430849","4707630","8349610","12713720"
"rdrand","5949560","3293978","3462311","3320512","7734023","11936978"
"kqueue","5931328","72100","828491","3250086","6462250","19043714"
"wayland-client","5928550","960436","1503813","2909839","6208979","18059683"
"tokio-metrics","5926614","0","131493","1416968","4181448","23903161"
"derive-where","5925297","5445","34059","873749","6417191","22296043"
"fuchsia-cprng","5916272","3435407","3446258","3287242","7757727","11654729"
"plain","5906967","1125636","1429152","2565203","7054775","17360069"
"num-cmp","5894521","122924","593646","2647967","8442883","17665186"
"strip-ansi-escapes","5844347","1469857","3531042","4510136","5314832","14395872"
"dissimilar","5833532","1096682","2681005","5095955","7454764","12839258"
"tiny_http","5828713","618996","1043934","3523821","9019081","14937733"
"test-case-macros","5801279","0","408315","2419851","5915825","20262405"
"roxmltree","5799915","684803","1202996","2706835","5802419","18602525"
"smart-default","5796248","889221","1197404","2467370","7836744","16590503"
"qoi","5793279","164","2626","2310870","6750660","19902075"
"jiff-static","5785197","0","0","0","0","28925988"
"hickory-resolver","5765939","0","0","165436","4757696","23906564"
"gix-features","5759947","0","0","3730506","7115655","17953578"
"zune-core","5756217","0","0","37778","5142026","23601283"
"scrypt","5756203","387643","1241001","2867391","6757092","17527889"
"failure","5746996","6640294","5458932","4725113","4743282","7167360"
"tempdir","5742697","2607263","3893779","3833667","7865496","10513284"
"glam","5740620","593926","1028074","2121727","3222478","21736895"
"opentelemetry_api","5728393","117","492240","7728786","12784967","7635857"
"objc2","5725878","171","9117","869282","4874025","22876796"
"fake-simd","5702670","7959680","8783221","4918931","3506290","3345228"
"retry-policies","5699498","11786","395634","1378364","6277424","20434282"
"wasm-timer","5699294","1154946","1991324","3228157","5599769","16522277"
"mockito","5698820","495939","1003302","1455563","4060454","21478844"
"wast","5684585","1208337","3297547","4665921","8125305","11125815"
"sized-chunks","5682987","2219935","2703125","4171473","8647119","10673287"
"send_wrapper","5682340","371781","832319","3465191","9167016","14575397"
"cached","5665467","751680","1382209","3075413","5243985","17874052"
"libssh2-sys","5658877","1931838","3166562","4351880","6163458","12680648"
"prost-reflect","5652045","98","199767","1727410","4041220","22291731"
"enum-ordinalize-derive","5645010","0","0","18006","4727048","23479998"
"core-graphics","5627239","1046655","1437213","3307765","5914652","16429910"
"sentry-core","5613146","1455315","2333272","4522852","8043088","11711204"
"io-uring","5594749","76293","243136","437303","991599","26225414"
"rustc-hex","5592614","1247770","2711227","4879743","7202306","11922025"
"libflate","5587409","1236852","1942088","3692935","7034169","14031004"
"shell-escape","5585390","1859417","3338118","4351385","5894129","12483904"
"sentry","5585014","1544503","2408321","4488669","7996344","11487235"
"cookie_store","5579623","2051054","2660227","3347615","5766488","14072733"
"profiling","5573824","345544","959944","1827741","5398098","19337794"
"aligned-vec","5565502","0","5627","58201","2707071","25056614"
"winit","5559650","1047850","1711074","3442608","5778142","15818579"
"zlib-rs","5551806","0","0","0","87190","27671842"
"gix-hash","5541716","0","0","3397796","6589203","17721584"
"platforms","5524785","1107460","1642666","7436586","11311318","6125895"
"serde-untagged","5523046","0","0","181887","2631643","24801701"
"pretty_env_logger","5512781","1993237","2601699","3282290","7912914","11773768"
"pprof","5488451","399770","1329397","2776915","5700279","17235894"
"zvariant_utils","5482262","0","0","2236425","7230650","17944236"
"reqwest-retry","5480787","6923","372986","1288202","5820008","19915816"
"smithay-client-toolkit","5468803","891933","1337008","2523008","4985072","17606998"
"clipboard-win","5467812","557828","1120168","2921957","5690466","17048642"
"sentry-backtrace","5466334","1444269","2299729","4412133","7870776","11304766"
"dtoa-short","5452534","669451","1154744","2933375","6102639","16402461"
"fs4","5450989","39","46023","2965832","7435061","16807993"
"scheduled-thread-pool","5447270","1756563","3048639","5982541","6561136","9887471"
"bech32","5445168","938922","2444506","4594983","7147022","12100408"
"unreachable","5439769","1860733","4682861","4384223","10028923","6242107"
"logos","5435251","662250","1499367","2189833","4873376","17951431"
"logos-derive","5432412","659983","1502014","2190126","4868023","17941916"
"serde_regex","5413402","916038","1351688","2480606","6123762","16194920"
"fern","5407604","1108517","1778032","3840013","5093311","15218148"
"cssparser-macros","5401567","632968","1184931","2936569","5971795","16281575"
"gix-fs","5394262","0","0","2999789","6700582","17270940"
"include_dir_macros","5393335","8221","775304","3245341","8198839","14738973"
"metrics-macros","5380163","566934","1790390","4115750","9088134","11339611"
"failure_derive","5376469","6227001","4952971","4319201","4495602","6887573"
"iso8601","5354970","101740","645395","3007130","8959584","14061004"
"libz-rs-sys","5351235","0","0","0","20052","26736123"
"sentry-contexts","5347415","1400612","2215604","4322774","7735464","11062621"
"sqlparser_derive","5326815","0","24","1258729","8567670","16807653"
"protobuf-support","5325972","0","410607","2433771","4713392","19072090"
"sentry-panic","5320901","1386514","2103357","4299863","7760924","11053851"
"kube-derive","5318142","163515","638460","1487761","5731547","18569430"
"is_ci","5299080","21724","2732424","3851342","6810910","13079000"
"x11rb","5288948","524808","891064","2696559","6494916","15837394"
"libflate_lz77","5287269","968406","1661859","3415522","6716137","13674423"
"difference","5285476","4605508","5794475","3724650","4528898","7773852"
"gix-tempfile","5285142","0","0","3347345","6639834","16438534"
"mach2","5281803","31","109880","2639228","7998517","15661359"
"gix-object","5277394","0","0","3324190","6475650","16587132"
"gix-date","5275715","0","0","3202064","6645550","16530964"
"calloop","5265523","663851","1034060","2176855","4760185","17692664"
"gix-path","5246793","0","0","3237562","6498914","16497491"
"gix-ref","5243686","0","0","3320885","6486420","16411125"
"dlib","5243567","1178390","1395484","2951020","6218611","14474330"
"gix-utils","5241005","0","0","2652606","6319741","17232680"
"foreign-types-macros","5235665","220464","837721","2253374","5320561","17546205"
"gix-glob","5235321","0","0","3252566","6451161","16472878"
"compiler_builtins","5227734","1132603","2224310","3326934","7328581","12126244"
"async-attributes","5227259","1310938","2146987","2848954","5793920","14035496"
"owned_ttf_parser","5224258","1139714","1417077","2992644","5466344","15105513"
"gix-actor","5223378","0","0","3316866","6477392","16322635"
"hyperlocal","5222442","320520","1196709","1481681","4539122","18574180"
"ordered-stream","5220100","913","799444","3213809","6899526","15186809"
"gix-config","5214590","0","0","3304468","6449957","16318525"
"cargo_toml","5210289","796846","1749111","2993393","6213159","14298936"
"gix-lock","5206384","0","0","3318289","6424814","16288817"
"cached_proc_macro","5203984","696731","1284053","2644637","4461471","16933029"
"test-log-macros","5199100","0","0","45691","4749496","21200314"
"inferno","5194481","819961","1321797","2505114","3463237","17862298"
"x11-dl","5191378","890249","1512593","3373083","5929525","14251443"
"faster-hex","5191104","182089","208006","1546184","6453115","17566130"
"thread-id","5173408","1632037","1998533","3280553","5607133","13348784"
"enum-map","5168607","612709","1122803","2872842","6093112","15141571"
"block2","5154368","108","35155","843815","4820863","20071903"
"image-webp","5142552","0","0","0","4254449","21458312"
"enum-map-derive","5139331","612845","1111862","2842834","6036123","15092994"
"gix-config-value","5138621","0","0","3194232","6324453","16174424"
"gix-sec","5126579","0","0","3195326","6330863","16106709"
"error-code","5116359","311679","1033815","2724544","5073791","16437967"
"fluent-uri","5086638","0","577","34074","3944302","21454239"
"bitcoin_hashes","5085973","519379","1319901","2770482","7257179","13562925"
"shared_child","5085607","1412371","2703398","4126798","5921827","11263641"
"selectors","5084969","620093","1238642","2765440","5720192","15080482"
"serde_ignored","5084488","1007734","2378496","4381305","6320106","11334800"
"libsecp256k1","5073910","1631129","2693544","3529449","7939247","9576181"
"rle-decode-fast","5064916","1102114","1760521","3398935","6490820","12572191"
"console-api","5064035","4383","1017445","2844598","4990194","16463557"
"proc-macro-nested","5061055","16007900","4809665","1588096","1101343","1798271"
"procfs-core","5056998","0","0","408539","6396717","18479738"
"deflate64","5051979","0","0","70604","5308465","19880830"
"objc2-encode","5051879","137","35419","851890","4808745","19563204"
"console-subscriber","5044262","4162","1001729","2823746","4987291","16404386"
"uname","5043817","1605575","2354161","4214329","6172249","10872774"
"cranelift-entity","5037485","1142655","3284000","4518325","6741838","9500607"
"fslock","5027403","235488","891677","2181744","7783781","14044328"
"impl-serde","5024518","993997","1996989","4835019","7407750","9888837"
"kstring","5023545","322582","1820226","2788999","4865760","15320160"
"quick-protobuf","5019000","39634","150235","2180684","8425509","14298938"
"built","4982600","457231","808492","1641890","4650318","17355071"
"data-encoding-macro","4970319","627344","1314014","3285761","6095140","13529337"
"data-encoding-macro-internal","4968868","623802","1313488","3285358","6093609","13528085"
"lockfree-object-pool","4945983","32562","283175","355071","6924233","17134876"
"onig","4941675","687668","1474810","1940443","4214134","16391322"
"unicode-bom","4933569","1783","193219","3180521","6182147","15110175"
"cached_proc_macro_types","4933466","650778","1200162","2480380","3977220","16358791"
"servo_arc","4933199","540527","1044440","2668627","5642424","14769977"
"x11rb-protocol","4919090","0","162097","2402805","6357280","15673272"
"onig_sys","4916381","684192","1355522","1937357","4209068","16395768"
"sealed","4909859","28641","595682","2040374","5040716","16843883"
"protobuf-codegen","4909706","1267863","2722738","4646632","5893388","10017909"
"toml_writer","4907227","0","0","0","0","24536135"
"cranelift-frontend","4880530","1121037","3641392","4108071","6307107","9225046"
"self_cell","4868712","25896","523056","1885049","7185234","14724327"
"numpy","4867477","240312","683969","1153684","2385723","19873699"
"prodash","4858036","14006","103015","2038113","5968360","16166689"
"cranelift-codegen","4840397","1114325","3241849","4191428","6358952","9295434"
"cranelift-codegen-meta","4827049","1120807","3247805","4190517","6320640","9255479"
"cranelift-bforest","4824070","1107924","3244623","4190929","6319831","9257047"
"borsh-derive-internal","4823879","409004","1306065","6520565","9226907","6656855"
"roaring","4820865","303928","668657","1330897","7021509","14779337"
"jsonptr","4820234","0","3132","34919","3937330","20125789"
"borsh-schema-derive-internal","4817862","409427","1300548","6516550","9215935","6646851"
"cranelift-codegen-shared","4813544","1127734","3241568","4182814","6287760","9227844"
"test-case-core","4813461","0","0","1335978","4745758","17985573"
"is-macro","4808425","913807","2094057","2376715","4366664","14290882"
"sval","4800197","297472","921432","2107427","7348930","13325726"
"sourcemap","4794918","825926","1976389","1590189","7002391","12579695"
"ark-ec","4773754","54263","603033","2356704","7615985","13238787"
"ark-serialize-derive","4751367","49570","575677","2318751","7578334","13234506"
"ndk-sys","4748367","370224","970986","2354635","4663403","15382591"
"utf8-ranges","4744572","2525991","2342438","2909999","5419905","10524530"
"gix-trace","4731486","0","0","1400962","6231354","16025116"
"ark-poly","4718636","45611","447653","2301715","7566805","13231396"
"rustyline","4709920","1364562","1758805","3360499","4623015","12442721"
"memmap","4709200","2985260","2751414","1770339","5970614","10068376"
"cfb","4708495","260966","996097","3223612","6569221","12492581"
"regalloc2","4698757","52","925763","3504140","7663016","11400814"
"winsafe","4688302","482","2934","18075","3635879","19784141"
"nb","4669446","1499160","2901660","3510254","4057623","11378533"
"rlp","4664248","789678","1406423","2984077","6071405","12069657"
"lexical","4663303","1674912","3607792","4261876","3931526","9840411"
"const-hex","4660787","0","0","609740","5288474","17405724"
"quickcheck_macros","4655721","693109","1156502","1896054","5834812","13698128"
"graphql-parser","4647684","533862","1245744","2445648","7136278","11876889"
"serde_fmt","4640689","20208","384583","1685569","7281464","13831625"
"libsecp256k1-core","4630239","747133","2308733","3322836","7680521","9091976"
"libsecp256k1-gen-ecmult","4621124","750233","2315525","3322380","7677659","9039823"
"libsecp256k1-gen-genmult","4619100","745875","2310106","3322451","7677465","9039607"
"cache-padded","4607751","5396225","9708077","3739887","2314212","1880355"
"ripemd","4605491","207","1055969","3601963","6461144","11908175"
"id-arena","4605047","517157","723647","3707384","7281971","10795077"
"str_stack","4603675","783779","1232263","2389688","3249350","15363298"
"slug","4601615","1430866","2270150","3535035","5799104","9972922"
"maybe-async","4593444","108576","520771","2000390","4610913","15726570"
"arraydeque","4592523","133996","183349","199624","1950913","20494734"
"inherent","4590942","83148","282389","1303586","7027198","14258389"
"value-bag-serde1","4586796","0","0","1374976","7372191","14186813"
"sea-query","4581139","107141","542388","1567171","6831340","13857657"
"wit-bindgen","4570965","29","196","173638","1284830","21396134"
"unicode-id","4563352","0","1675560","2480242","7748586","10912374"
"byte-unit","4555506","1066439","2217914","2484267","3959696","13049214"
"impl-more","4550260","0","3126","580962","4141321","18025891"
"serde-xml-rs","4531821","1074579","2314718","2912948","3813862","12543001"
"vte_generate_state_changes","4528255","434688","2928242","5286228","6336928","7655189"
"napi","4519419","515483","1994096","5135776","5835985","9115757"
"core-graphics-types","4516179","494319","865607","2754257","4888039","13578677"
"yaml-rust2","4509467","0","0","0","1708241","20839096"
"finl_unicode","4506944","0","110427","3229728","12141227","7053341"
"color-spantrace","4494076","792814","1517078","3118815","5472146","11569528"
"libmimalloc-sys","4490235","316974","903451","2348807","4759346","14122599"
"tera","4482860","1545210","2375403","3423231","5358164","9712294"
"regress","4482760","88963","155616","1962153","5700792","14506277"
"mimalloc","4481861","314870","892280","2341851","4745585","14114719"
"opentelemetry-stdout","4471985","0","0","471363","5974554","15914011"
"axum-extra","4466118","259","154646","1880049","6621367","13674271"
"askama_derive","4464315","606652","1492935","2576545","5139922","12505522"
"gix-url","4463461","0","0","2033875","5015044","15268390"
"oauth2","4447263","280543","1045323","1808766","4473838","14627849"
"jemalloc-sys","4446782","1494381","2411893","5682992","5901026","6743622"
"askama","4446069","610745","1497482","2570305","5093239","12458578"
"gix-hashtable","4445633","0","0","1915293","4830315","15482561"
"deflate","4441637","3105025","4945070","3163172","3073732","7921189"
"uriparse","4439234","143404","657851","1354181","5333457","14707277"
"plist","4433723","440832","950201","2585690","5272782","12919112"
"hmac-drbg","4428923","1442897","2436615","3345331","7502130","7417642"
"clru","4405631","32146","155815","1999316","5177052","14663828"
"wasm-bindgen-test","4405519","1205110","1823190","3365181","6605681","9028435"
"memfd","4392853","45889","665063","3433745","6565903","11253666"
"wayland-cursor","4389707","693132","1154304","2286684","4331487","13482932"
"backon","4383535","0","310101","1247447","2721045","17639085"
"gix-traverse","4378249","0","0","2013459","5036262","14841525"
"opentelemetry-datadog","4375980","130856","602257","2205311","6339045","12602433"
"value-bag-sval2","4372371","0","0","1375193","7162590","13324074"
"gix-discover","4368217","0","0","2018505","5031705","14790879"
"sval_json","4365550","2003","3015","1396009","7222386","13204338"
"delegate","4364755","60342","129892","1141634","2893539","17598372"
"gix","4361256","0","0","2010084","5031979","14764221"
"gix-revision","4359470","0","0","2000446","4992558","14804347"
"enumset","4358560","956239","2689937","2977138","4501575","10667912"
"sval_fmt","4354716","0","0","1387521","7193373","13192686"
"sval_dynamic","4354114","0","0","1387084","7192798","13190690"
"gix-odb","4353733","0","0","2009494","4997886","14761286"
"gix-pack","4353694","0","0","2008050","5006374","14754046"
"napi-sys","4352436","510902","1938430","5011802","5595304","8705743"
"gix-diff","4352307","0","0","2004714","5001644","14755178"
"sval_buffer","4351752","0","0","1385624","7187160","13185980"
"objc","4351298","802268","1481727","3783185","5402973","10286337"
"sval_serde","4350824","0","0","1383951","7184400","13185769"
"duct","4350393","1345182","2440126","3646140","5098607","9221912"
"sval_ref","4349794","0","0","1384156","7186080","13178738"
"gix-refspec","4349181","0","0","1994022","4964997","14786886"
"slog-term","4346573","1860743","2908453","3265721","4193845","9504103"
"r2d2","4346399","1700261","2645751","3819411","4600087","8966485"
"multibase","4342955","527046","980801","2973183","5988893","11244853"
"serde_test","4337392","2140076","2616009","2916817","4269101","9744958"
"malloc_buf","4337157","816051","1462265","3775621","5414120","10217731"
"bimap","4334794","489019","1490558","1923555","6248871","11521970"
"linked_hash_set","4326365","1259958","1874803","3839316","4941965","9715787"
"wasm-bindgen-test-macro","4324415","1180269","1795027","3314944","6549813","8782022"
"glib-sys","4322179","640868","1289868","3458145","5228494","10993523"
"lazy-regex","4320846","32574","583057","1783676","3859601","15345325"
"equator","4315413","0","0","844","510333","21065892"
"lazy-regex-proc_macros","4314921","25626","581642","1759197","3876403","15331738"
"equator-macro","4313249","0","0","806","504708","21060733"
"enumset_derive","4300395","926705","2656594","2924866","4391523","10602289"
"soketto","4297696","1035464","1983145","3349930","6352638","8767305"
"gobject-sys","4294564","631576","1273146","3436372","5190596","10941134"
"core_affinity","4293769","101051","322129","933006","7970816","12141844"
"gix-quote","4292237","0","0","1826415","4775677","14859096"
"ndk","4290955","480051","986364","2285379","4210779","13492205"
"async-graphql","4281318","292855","1080295","2071646","6613018","11348777"
"derive-new","4265261","885177","1375022","2067175","3999715","12999216"
"gix-index","4261440","0","0","1989625","4965534","14352041"
"pkcs5","4260272","50689","469372","757466","6505891","13517944"
"glib","4250733","607461","1316029","3301195","4992366","11036617"
"similar-asserts","4245568","13992","428849","1338741","6090894","13355368"
"napi-derive","4232021","512673","1444605","4712512","5763159","8727157"
"string-interner","4225613","82203","341638","1053530","6371621","13279073"
"slog-async","4225546","1744220","2947919","3095932","3918721","9420940"
"async-graphql-derive","4222181","288843","1049750","2044534","6463726","11264053"
"serde_tokenstream","4218703","71646","368121","1139393","5731897","13782462"
"async-graphql-parser","4218410","288054","998912","2050663","6384346","11370077"
"gix-revwalk","4210889","0","0","1362051","4889730","14802664"
"rust-embed","4209996","456260","1146046","2488872","5222561","11736241"
"prometheus-client","4209995","0","889479","2919911","5477944","11762645"
"lzma-rs","4202313","110556","253881","418759","5306100","14922273"
"asynchronous-codec","4196885","1408143","2099086","3094361","5392424","8990414"
"typetag","4195525","431890","891320","1937430","4372675","13344314"
"typetag-impl","4193513","431685","890341","1936799","4370901","13337840"
"tokio-openssl","4189493","1472099","2840460","3763196","5350046","7521664"
"gix-commitgraph","4183983","0","0","1388729","4818158","14713032"
"async-graphql-value","4183584","280780","969337","2033784","6320049","11313970"
"rust-embed-impl","4178218","454803","1128831","2459839","5169899","11677719"
"rtoolbox","4174683","0","50602","2920382","7975885","9926550"
"virtue","4172878","639","408712","1043040","2290287","17121712"
"bb8","4172786","177855","598357","1471150","4419207","14197364"
"ab_glyph_rasterizer","4162065","1001512","1225357","2666117","4518239","11399102"
"rust-embed-utils","4161976","447471","1118452","2441887","5146534","11655539"
"sys-info","4130811","1347300","2037050","3666478","4657868","8945363"
"bincode_derive","4120645","1101","389569","996638","2178926","17036995"
"sha256","4119539","13689","165842","864858","3573253","15980057"
"rdkafka","4117070","628826","1457888","3995574","7287317","7215747"
"merlin","4114098","754634","1709165","3712625","5909174","8484894"
"opener","4113218","875380","2035382","3444688","5507956","8702687"
"blowfish","4105337","471748","1582253","2961535","5183566","10327586"
"napi-derive-backend","4099144","22279","1355205","4692896","5736313","8689030"
"graphql_query_derive","4093224","374731","850905","1778647","6519838","10942000"
"graphql_client","4092478","373942","849692","1779128","6513822","10945806"
"graphql_client_codegen","4092356","374361","851144","1778208","6516756","10941311"
"sea-query-binder","4086401","0","45419","1224739","6360113","12801737"
"directories-next","4079392","941089","1531573","2975720","5119054","9829524"
"email_address","4075127","3786","247425","1161545","2902202","16060681"
"im","4068792","1568844","1601578","2634139","6630720","7908681"
"glib-macros","4063710","486357","1031437","3140376","4855400","10804984"
"imgref","4059973","112398","167036","1177362","4959567","13883506"
"block","4046697","830132","1868783","3459402","4681243","9393925"
"jemallocator","4045030","1437197","2280666","5005922","5117748","6383621"
"vsdb","4038580","3901311","16086480","11082","111043","82988"
"wat","4033995","823451","2485052","3030117","5860411","7970945"
"gix-chunk","4032635","0","0","1792030","4728692","13642453"
"gix-command","4031785","0","0","1740816","4087727","14330385"
"pbjson-build","4029874","6507","198414","1056849","3104718","15782883"
"ab_glyph","4024646","435703","923475","2271192","4811762","11681100"
"path-slash","4016891","758382","1544600","2999687","5038515","9743274"
"gix-bitmap","4015700","0","0","1801265","4664413","13612826"
"unic-ucd-segment","4014845","1278253","2055506","3095884","4938121","8706461"
"unic-segment","4008962","1279071","2050285","3091231","4933819","8690405"
"vsdb_derive","3980583","3796325","16078026","3811","13937","10819"
"vsdbsled","3977050","3796139","16077279","5186","3599","3051"
"termios","3970844","2115240","2165038","2633093","3488411","9452439"
"console_log","3964366","349395","874948","1913932","3961230","12722328"
"graphql-introspection-query","3963099","306115","770533","1690420","6187288","10861143"
"metrics-exporter-prometheus","3956234","254045","973367","2497792","4659716","11396252"
"twoway","3955957","4100403","4527164","4015834","3448357","3688027"
"cpuid-bool","3949839","8159764","3486488","2400721","1624372","4077853"
"gix-attributes","3923484","0","0","1919951","4111519","13585954"
"gix-worktree","3923432","0","0","1937005","4166570","13513589"
"rustls-platform-verifier","3914512","0","0","0","3968952","15603612"
"libnghttp2-sys","3901429","1334383","2280795","3369832","5170930","7351209"
"more-asserts","3901268","1503538","3918583","3863201","4223068","5997954"
"diesel_derives","3901003","1332308","2039175","3497343","4959524","7676667"
"peg","3900704","266621","771545","1626659","3895296","12943403"
"supports-hyperlinks","3895443","17204","1938730","2429004","6123482","8968798"
"bollard-stubs","3895346","196390","920512","1572942","4800376","11986510"
"diesel","3868303","1431404","1898094","3329767","4790026","7892227"
"peg-runtime","3868085","252263","736468","1591168","3830950","12929580"
"hyper-http-proxy","3863806","0","0","0","2882460","16436572"
"uuid-macro-internal","3859262","317","268205","1691199","4289978","13046612"
"peg-macros","3859238","253267","734465","1590963","3832840","12884657"
"supports-unicode","3856281","17323","1943438","2417199","5555548","9347897"
"neli","3851067","41431","463364","1385593","4480794","12884154"
"sentry-tracing","3850740","22961","680865","2089265","5751988","10708624"
"wayland-protocols-wlr","3849925","0","12881","302957","3609677","15324111"
"swc_common","3848208","210702","517774","1706301","4208527","12597739"
"cassowary","3845598","724177","1384036","2453127","4225451","10441201"
"windows-future","3843888","0","0","0","0","19219442"
"spinning_top","3843427","720622","462698","655743","3883161","13494914"
"multiaddr","3842192","263050","1407209","3252763","5466450","8821489"
"levenshtein","3838650","256177","622893","1671099","4579990","12063091"
"open","3837889","874481","1164871","2332083","4559147","10258864"
"cpu-time","3820060","113107","220848","1544081","6243036","10979230"
"azure_core","3815077","16","291626","628042","2053859","16101846"
"postcard","3810227","147204","501568","1853768","4587626","11960971"
"gix-ignore","3794873","0","0","1469241","4066946","13438179"
"async-net","3789668","535262","808969","1809726","4786267","11008119"
"swc_ecma_parser","3789367","217819","525025","1681623","3844837","12677532"
"windows-collections","3785000","0","0","0","0","18925004"
"windows-numerics","3784735","0","0","60","768","18922849"
"arboard","3779461","151255","748123","2115148","4081538","11801244"
"ascii_utils","3773966","215954","837868","1638724","5818007","10359281"
"gix-transport","3771850","0","0","1070430","3605566","14183255"
"gix-protocol","3767678","0","0","1068449","3597210","14172733"
"winapi-build","3764744","4349459","3205850","3392571","2981260","4894580"
"fast_chemail","3753831","177201","789102","1636067","5814094","10352693"
"swc_atoms","3752655","503187","489900","1685425","4042515","12042250"
"flagset","3749867","63537","578240","1816945","4600989","11689625"
"bitstream-io","3745721","285539","311437","500473","3054536","14576622"
"kernel32-sys","3745541","4346958","3199507","3374415","2954113","4852712"
"multipart","3738706","2739138","3465785","3705290","3860685","4922635"
"webbrowser","3732988","543748","1058414","2122394","3428147","11512239"
"ethereum-types","3730389","818508","1569447","3422790","5705111","7136089"
"nom_locate","3728716","239454","957810","1908349","3219623","12318347"
"gix-packetline","3723013","0","0","1043551","3511709","14059806"
"annotate-snippets","3721843","716909","994836","1835620","4486037","10575817"
"gio-sys","3716292","479160","1038990","2802341","4567222","9693748"
"reqwest-tracing","3715672","8778","416171","1267774","3541303","13344334"
"cranelift-isle","3713262","25","707939","3416868","5763364","8678117"
"attohttpc","3708696","1009881","1704180","2419467","4647902","8762053"
"swc_ecma_ast","3705779","212908","511910","1676738","3650049","12477292"
"embedded-hal","3704418","811416","1688884","2314341","3171097","10536354"
"pbjson","3703777","6416","166409","950430","3148023","14247609"
"block-modes","3701026","1629825","2983088","5553406","5014896","3323918"
"gloo-utils","3698499","13048","535189","2175962","4932748","10835552"
"simplelog","3697997","1380025","2223794","3219440","4583608","7083118"
"ethbloom","3690085","809349","1523350","3404475","5665996","7047256"
"cargo-lock","3689789","875097","1606042","3170511","3766344","9030952"
"configparser","3685942","316000","525645","1118912","4578361","11890796"
"netlink-sys","3685158","217638","885158","2917691","4962205","9443099"
"sea-bae","3681781","0","0","643581","5867285","11898041"
"expect-test","3678993","753917","1958295","3237750","4619265","7825739"
"cranelift-native","3677128","955177","1977091","2902553","5034324","7516496"
"askama_escape","3667814","714386","1959285","3514978","5491496","6658929"
"logos-codegen","3666811","0","0","700303","3261765","14371990"
"aws-http","3662287","44967","1696911","7032424","7418496","2118637"
"netlink-packet-core","3659700","182545","835139","2871501","5073219","9336099"
"profiling-procmacros","3655791","39226","79843","269827","3206399","14683664"
"rdkafka-sys","3640569","672988","1388289","3306036","5909073","6926460"
"scale-info","3633681","250629","1120617","3362560","6130321","7304279"
"papergrid","3632873","12295","279844","1476917","4114494","12280815"
"gix-credentials","3627606","0","0","1908502","3893214","12336315"
"enumn","3626621","474266","1005599","2501671","4796795","9354777"
"tabled","3625124","10594","276652","1472943","4088551","12276882"
"gix-prompt","3621713","0","0","1847963","3895674","12364930"
"scale-info-derive","3620071","250743","1115421","3333983","6113803","7286407"
"gix-filter","3617644","0","0","849576","3845566","13393079"
"aws-smithy-http-client","3614298","0","0","0","0","18071491"
"psl","3606946","116141","343376","1104825","4936719","11533670"
"xcursor","3603684","628044","972469","2073652","4079792","10264463"
"objc2-foundation","3603532","119","772","1393","2507389","15507990"
"data-url","3602461","311303","702074","2049595","4486183","10463150"
"syn_derive","3600152","0","92","643390","12563318","4793962"
"json","3599836","1517091","2737012","3407989","5220632","5116456"
"figment","3590025","400787","1013156","1906481","3966309","10663395"
"validator_types","3584644","476188","1114175","2695421","7496052","6141388"
"libtest-mimic","3582790","133679","381678","1936351","3201775","12260469"
"tinyjson","3575755","3112","977974","3158911","6050132","7688647"
"swc_ecma_visit","3575206","210355","479849","1604105","3454248","12127477"
"netlink-packet-utils","3569381","201102","852118","2875421","4983532","8934736"
"cobs","3567425","10689","202341","1533603","4094282","11996212"
"ast_node","3562060","203587","480182","1658010","3424532","12043992"
"maxminddb","3560307","293199","487364","896834","5021314","11102826"
"glow","3556098","532510","1262015","2395218","4406425","9184326"
"objc-sys","3553255","89","38068","853204","4388281","12486637"
"swc_macros_common","3551053","207526","482853","1652394","3400961","12011531"
"gix-submodule","3544348","0","0","495487","3831438","13394819"
"xdg-home","3539068","0","0","1565140","5549756","10580448"
"json-pointer","3535582","160304","615003","1376545","5690575","9835487"
"strength_reduce","3533500","254271","856110","1629718","3201890","11725514"
"swc_visit","3532733","199265","466505","1651586","3412095","11934218"
"gix-pathspec","3530044","0","0","496122","3814931","13339169"
"normpath","3526661","369600","1619779","2189741","4563711","8890475"
"gix-packetline-blocking","3524848","0","0","845761","3740566","13037916"
"from_variant","3521621","200357","454290","1640300","3380437","11932722"
"netlink-packet-route","3518310","185331","807897","2841327","4955517","8801482"
"tiny-skia","3515831","116428","506916","2007201","4053832","10894782"
"treediff","3513501","370864","1400578","3621208","6098144","6076711"
"tracing-test","3512709","56470","606018","1558151","2800829","12542081"
"inflections","3507086","451783","831459","1528944","3322038","11401206"
"swc_eq_ignore_macros","3502060","193555","448274","1626441","3359168","11882866"
"string_enum","3500090","205176","462479","1650858","3375033","11806904"
"blake2s_simd","3497448","868003","1685609","2552294","5396588","6984749"
"cargo-util-schemas","3494616","0","0","146","597776","16875162"
"is_executable","3492775","421148","983436","1958890","4060054","10040350"
"tracing-test-macro","3491226","56138","610845","1543738","2780331","12465078"
"napi-build","3479489","511634","1401284","4434862","3459521","7590147"
"neli-proc-macros","3477910","569","54957","720703","3958122","12655200"
"gix-negotiate","3472842","0","0","1265588","3780577","12318049"
"html-escape","3468214","391414","793476","1596687","3648157","10911337"
"valico","3459485","244854","621362","1325829","5550855","9554525"
"v8","3452453","21762","277423","1067426","5557475","10338182"
"jsonway","3444759","248191","617734","1314730","5512842","9530299"
"gzip-header","3443862","302087","469313","577174","3936394","11934345"
"aes-soft","3437788","3582821","3147823","3875395","2214183","4368718"
"path-clean","3431393","595891","1795181","1832064","4102309","8831521"
"better_scoped_tls","3430985","0","355568","1604380","3332424","11862553"
"unicode-id-start","3428695","0","206","12896","3377180","13753196"
"hmac-sha512","3415738","116894","650631","1838126","3519039","10954001"
"proc-macro-utils","3412810","0","0","678969","4909215","11475867"
"wayland-backend","3410152","0","26509","450497","3694370","12879385"
"snow","3408760","865266","1432581","3085907","5281852","6378194"
"uritemplate-next","3407355","126897","598633","1313132","5493378","9504738"
"slice-group-by","3405721","62910","1085116","3793796","6439732","5647055"
"cocoa","3397577","674015","1007282","2144329","3527923","9634337"
"tiny-skia-path","3395161","0","236791","1866315","3975696","10897004"
"wasmtime-environ","3394380","813134","1651104","2866662","5006832","6634170"
"pear_codegen","3383565","748905","1246740","2021098","3455849","9445234"
"pear","3383173","749262","1247013","2020815","3453343","9445434"
"bollard","3381594","186746","741515","913696","3832081","11233934"
"aws-smithy-observability","3369757","0","0","0","0","16848787"
"wasmtime","3365403","809823","1639074","2830160","4978757","6569205"
"bitfield","3363600","879255","1745555","2406307","3513373","8273510"
"fastrlp","3354171","0","170726","340610","3095699","13163823"
"array-init","3341717","522889","975546","1578165","3381776","10250210"
"serde_plain","3339261","476298","769461","2412795","4585805","8451946"
"impl-rlp","3337452","699055","1287879","2802963","5154462","6742901"
"task-local-extensions","3336088","19301","698124","2303020","6282096","7377899"
"glutin","3327854","537232","1086857","1542758","2684619","10787806"
"tabled_derive","3326959","11400","274777","1362751","3749085","11236783"
"slog-scope","3325487","1508012","2533084","2788294","3723551","6074497"
"yamux","3314357","702923","1190066","2128884","4295405","8254508"
"buf_redux","3307015","2845088","3539380","3660527","3135681","3354403"
"lsp-types","3298407","971883","1825290","2248452","3898014","7548396"
"futures-rustls","3291142","531410","1119926","2166687","3624896","9012793"
"uds_windows","3290725","22309","340515","1716187","4205020","10169595"
"typify-impl","3289837","89","25619","359918","4378424","11685138"
"typify-macro","3289165","101","25573","358535","4378223","11683395"
"typify","3288703","79","25360","359353","4377257","11681466"
"aws-smithy-client","3279468","44879","1718192","6774350","6108821","1751098"
"android_log-sys","3277694","658037","883588","2105018","5379350","7362481"
"prometheus-client-derive-encode","3272800","0","936","1847634","4743480","9771954"
"pulldown-cmark-to-cmark","3271643","252172","414757","1592320","5454006","8644962"
"windows-threading","3265588","0","0","0","0","16327943"
"paste-impl","3259818","5188733","4385043","2911860","1782594","2030860"
"slog-json","3259112","1335868","2232484","2774546","3490196","6462470"
"crc16","3258471","596852","1185557","1907449","4333032","8269467"
"httpmock","3258383","234340","495564","1024342","2923466","11614206"
"wasip2","3257463","0","0","0","0","16287319"
"pbjson-types","3256497","5153","73565","405285","2644094","13154389"
"aws-smithy-http-tower","3256258","44923","1719594","6813938","6008177","1694661"
"maybe-rayon","3252503","19","30327","395343","2642549","13194277"
"macro_rules_attribute-proc_macro","3251184","27953","295046","1080590","3015496","11836838"
"macro_rules_attribute","3250969","27953","296129","1081264","3016827","11832674"
"v_frame","3240412","66439","129982","283000","2472653","13249990"
"dispatch","3227289","398569","651206","1902919","3618922","9564833"
"avif-serialize","3221989","24185","43350","108938","2294862","13638612"
"av1-grain","3221479","0","25991","250198","2452591","13378618"
"noop_proc_macro","3218915","128521","210913","324908","2457842","12972393"
"cty","3218401","1263592","4647850","3556254","2979100","3645210"
"inlinable_string","3214281","535816","1356140","1867673","3215906","9095874"
"async-object-pool","3214048","212551","483741","1007543","2810070","11556339"
"gio","3208674","434210","905150","2342980","3814633","8546401"
"arg_enum_proc_macro","3202565","129761","196302","286778","2448688","12951297"
"utoipa-gen","3190849","0","142344","1198128","3683998","10929775"
"netlink-proto","3186595","166851","796710","2532544","4424218","8012656"
"utoipa","3185073","0","142137","1197630","3676763","10908835"
"attribute-derive","3182412","0","12488","681601","4642145","10575827"
"ndk-context","3181776","0","591397","1924059","3610883","9782545"
"attribute-derive-macro","3181139","0","12344","681807","4638917","10572630"
"simd_helpers","3180856","120573","181709","277684","2431828","12892489"
"ravif","3177909","21703","40596","112348","2408264","13306636"
"quote-use","3173703","0","5007","684072","4642372","10537068"
"zookeeper-client","3169664","0","684","532773","3887073","11427790"
"serde-big-array","3167197","386630","1052972","1927162","3595969","8873253"
"jsonrpsee-types","3166803","296694","1154429","2330164","4940458","7112271"
"gl_generator","3166646","786548","1114474","1580991","3231115","9120104"
"field-offset","3164383","398221","949045","2373373","4437521","7663759"
"rav1e","3163474","68282","103796","202403","2440803","13002089"
"askama_parser","3162543","0","0","264061","3946628","11602028"
"histogram","3143040","208171","618986","2130055","4340698","8417293"
"collection_literals","3140301","0","353","603258","4564934","10532962"
"calloop-wayland-source","3139414","0","0","87343","2636962","12972769"
"ash","3136646","654080","1126711","2069743","3766163","8066534"
"interpolator","3134449","0","0","668626","4577089","10426533"
"des","3130409","273683","1157303","2107115","4296430","7817518"
"dary_heap","3120723","1034","1837","451563","3199776","11949406"
"naga","3117276","515233","1051870","1787179","3267249","8964851"
"stats_alloc","3113833","102826","169736","534389","5844912","8917304"
"quote-use-macros","3107972","0","0","462954","4595290","10481619"
"addr","3092537","85146","255047","1314611","4973895","8833988"
"dbus","3090091","435990","747055","2286999","4759740","7220673"
"local-ip-address","3086894","8052","117018","1095532","3998903","10214965"
"async-graphql-axum","3079017","10422","195716","922331","5001553","9265064"
"jsonrpsee","3071563","66377","1106926","2230121","5025877","6928517"
"custom_derive","3069202","452171","886711","1033498","2288137","10685493"
"strict-num","3067789","0","40959","1336831","3540272","10420883"
"loop9","3066201","23442","42372","123446","2271209","12870537"
"actix-tls","3064818","2391439","2287231","2217704","3081071","5346646"
"rusoto_credential","3062211","2700415","3487989","4047859","3002981","2071813"
"priority-queue","3060286","1104095","895265","2180427","3312814","7808833"
"quoted_printable","3060227","342256","769189","1279870","2808074","10101746"
"tiny-bip39","3056169","796896","1605820","3073019","5389393","4415719"
"pretty-hex","3052217","719711","1345436","2641093","3845106","6709741"
"statrs","3038318","890781","1406457","1285059","1772799","9836496"
"rusoto_core","3037291","2752360","3353642","4053454","3004617","2022385"
"android_logger","3034693","603366","883714","2014447","5014808","6657131"
"no-std-net","3030318","28533","440152","2007727","4819819","7855359"
"azure_storage","3029030","0","149295","511863","1787414","12696580"
"log4rs","3027724","762776","1157504","1605505","3193225","8419613"
"rusoto_signature","3026911","2708898","3419282","4026116","2972290","2007973"
"objc2-app-kit","3025755","0","0","0","2316261","12812514"
"datafusion","3025654","20619","70350","495809","6906428","7635066"
"if-addrs","3023417","622477","1400086","2319009","3995875","6779641"
"libdbus-sys","3016140","330536","674830","2241923","4688100","7145313"
"hex-conservative","3015949","0","0","80501","3589588","11409656"
"cairo-sys-rs","3014676","411537","828043","2171386","3699350","7963065"
"unicode-script","3009887","545039","711730","1208790","3571786","9012091"
"structmeta","3005107","77513","516299","1202689","3026483","10202555"
"structmeta-derive","3004370","76990","516473","1202801","3026293","10199295"
"datafusion-common","3003390","0","66009","496540","6858105","7596296"
"datafusion-expr","3002309","0","65589","494132","6856782","7595042"
"rtnetlink","3001101","159475","767700","2475612","4358733","7243989"
"azure_storage_blobs","3000974","0","139784","505111","1762599","12597377"
"serdect","2999908","0","40058","344327","3875958","10739199"
"datafusion-physical-expr","2997421","0","58589","490598","6849893","7588027"
"jsonrpsee-core","2993106","148","911793","2279783","4768583","7005223"
"datafusion-optimizer","2992484","0","52846","488198","6847304","7574072"
"tokio-socks","2991792","288464","1514013","1989409","3903175","7263902"
"http-serde","2990342","209645","610799","1890310","4229974","8010984"
"protobuf-parse","2983711","12705","564650","2504815","3758875","8077513"
"elasticsearch","2978357","138031","257426","585407","4177410","9733513"
"datafusion-sql","2975935","0","52874","478502","6829728","7518575"
"ethnum","2975720","14613","558659","2033646","3728096","8543590"
"euclid","2974379","780693","1326459","1852822","3225881","7686041"
"ffi_helpers","2972025","22301","418778","995177","5004118","8419753"
"pango-sys","2964860","384625","799169","2130592","3664624","7845293"
"cidr","2959371","125280","211703","834992","2064650","11560230"
"datafusion-execution","2956145","0","0","390703","6830366","7559657"
"wgpu-core","2950901","520352","1018912","1754754","3161988","8298502"
"float-ord","2947399","380466","737448","1410224","1804098","10404761"
"cairo-rs","2937523","400440","868568","1988803","3418221","8011587"
"opentelemetry-jaeger","2937196","1112021","2453229","2681829","3815294","4623608"
"page_size","2936468","338527","375939","1527195","3968361","8472321"
"names","2933327","526717","954118","2430389","4303428","6451985"
"prettytable-rs","2929576","2013805","1644419","2189186","3648132","5152338"
"flexi_logger","2925938","819828","1391468","2417758","3687207","6313431"
"bon","2919082","0","0","0","409745","14185667"
"bon-macros","2918276","0","0","0","408963","14182421"
"conv","2912990","370992","777393","897098","2113432","10406038"
"ghost","2911986","4319222","2984421","3485311","1798060","1972920"
"log-mdc","2911504","697750","1076591","1544783","3044931","8193465"
"bcder","2910695","54698","124232","292252","2352797","11729499"
"serde-aux","2908512","716764","1441278","2197041","3724597","6462884"
"base32","2894228","781889","1360785","1583148","3030551","7714769"
"hstr","2893563","0","0","151005","2816117","11500697"
"x509-certificate","2889218","6647","56225","257695","2332483","11793042"
"wgpu-types","2888509","503070","980142","1724655","3046922","8187759"
"azure_identity","2878763","0","61543","328138","981784","13022351"
"ratatui","2877870","0","0","720501","3588895","10079954"
"wasmtime-cranelift","2870326","744803","1599580","2543872","4589889","4873489"
"gdk-pixbuf-sys","2864181","381554","801203","2119902","3608383","7409863"
"wgpu","2861196","457641","938662","1755382","3087063","8067233"
"async-mutex","2860843","3912753","3675068","2040028","2468560","2207806"
"datafusion-physical-plan","2857830","0","0","87752","6729507","7471893"
"pango","2847753","375815","805305","1920152","3309194","7828302"
"cloudabi","2839851","3614467","1989050","1707955","1770013","5117771"
"coset","2830320","777","80428","662360","2884704","10523335"
"wgpu-hal","2827345","105323","936499","1715264","3118334","8261307"
"geo-types","2821646","333627","738632","1497613","3027955","8510406"
"htmlescape","2818412","345071","588736","2496258","4480190","6181808"
"pnet_base","2806398","450618","1064967","1829677","3436487","7250241"
"subprocess","2805342","343522","1523406","2956539","4914384","4288862"
"khronos_api","2804348","652020","959682","1460877","3050993","7898170"
"glutin_egl_sys","2799655","364716","583384","1136527","2074902","9838748"
"trackable","2797884","459470","1019448","1290997","2903141","8316367"
"sentry-debug-images","2794019","16840","192964","1890388","4486039","7383866"
"sea-orm","2793159","59083","393958","1354561","3393910","8764287"
"rstar","2787661","246903","690790","1491013","3212653","8296947"
"ctor-proc-macro","2783345","0","0","0","0","13916729"
"sea-orm-macros","2783147","58488","392824","1345605","3381727","8737095"
"stdweb","2781698","2748611","3554907","2389153","1821534","3394289"
"output_vt100","2780041","1951184","4709176","4579924","1361725","1298196"
"nonempty","2773061","143247","359609","960395","3377055","9025001"
"build_const","2772876","3053608","2755127","2176312","2559344","3319989"
"derive_utils","2772810","605033","890367","1775271","2967379","7626000"
"hexf-parse","2772497","112983","932392","1784079","3218843","7814189"
"wit-parser","2771436","172960","286350","1221169","3914392","8262309"
"argon2","2766885","164513","997985","1524096","3258618","7889213"
"axum-server","2758786","21429","224448","1330330","3770984","8446739"
"sys-locale","2756685","250109","585900","1584458","3239219","8123741"
"git-version","2756432","972510","1325783","1869337","3932995","5681538"
"escape8259","2755853","1183","65305","239186","1944733","11528859"
"git-version-macro","2755199","973083","1323617","1867032","3930972","5681291"
"der_derive","2739892","4457","167626","564789","2749495","10213093"
"state","2729858","984377","1839507","2603678","3370480","4851248"
"cursor-icon","2728345","0","0","212626","3165698","10263404"
"ed25519-zebra","2722086","272734","720374","2667786","4406553","5542986"
"uluru","2714219","263308","244667","904297","2125443","10033382"
"tokio-io","2713454","2951909","2540412","2412630","2522414","3139909"
"ark-bn254","2713251","10991","71572","1072684","4740597","7670411"
"mio-uds","2709624","4685679","2641075","1878683","1936556","2406129"
"gdk-pixbuf","2704534","359489","730933","1897608","3235518","7299122"
"dns-lookup","2704423","777393","1112566","1181643","1920939","8529576"
"bytes-varint","2703461","0","0","574415","4411686","8531208"
"docopt","2701689","1131958","1718679","3159997","4598769","2899046"
"oneshot","2695792","25386","218049","2081799","4784541","6369185"
"wasmi","2694025","760428","1069422","1708314","4086608","5845357"
"drain_filter_polyfill","2690918","71","43331","770305","2520564","10120321"
"datafusion-functions","2683770","0","0","0","6072531","7346323"
"blst","2683480","146468","534175","1146828","3231457","8358474"
"iban_validate","2681561","146943","425900","803947","2115801","9915216"
"hmac-sha256","2677582","137981","493795","911751","2207748","9636636"
"basic-cookies","2677238","223194","488359","831062","2522897","9320681"
"multistream-select","2674597","769934","1239691","1938496","4599604","4825260"
"static_assertions_next","2673620","0","0","0","2042549","11325553"
"fst","2664633","644483","668607","954835","2034731","9020513"
"solana-sdk-macro","2660452","255101","1083677","1084533","4480585","6398368"
"maybe-owned","2654518","198706","850002","1585676","3646885","6991324"
"dpi","2646217","0","0","0","1956631","11274458"
"isahc","2641698","771668","1394222","2101955","3483443","5457202"
"aws-sig-auth","2640651","44817","1699286","5810827","4744335","903990"
"unty","2640550","0","0","2750","10197","13189805"
"libp2p-core","2639186","763532","1359085","2305484","3632951","5134881"
"treeline","2634394","1870398","1413732","724879","1889473","7273488"
"linkme","2627641","47320","91661","541698","2718071","9739458"
"linkme-impl","2627454","47362","91909","541683","2717120","9739197"
"proptest-derive","2626310","429008","1004289","1724885","3039331","6934039"
"cookie-factory","2625336","438307","812171","1656715","4475075","5744414"
"serde-transcode","2625330","166872","284745","817031","2516353","9341650"
"thousands","2624150","150963","1013456","2144812","3707019","6104501"
"sctk-adwaita","2621658","0","214741","1349792","2899614","8644147"
"alloy-primitives","2613977","0","0","112378","3561458","9396049"
"solana-program","2613571","249767","1068643","1074753","4406853","6267843"
"gpu-descriptor","2612230","465299","902824","1566857","2936089","7190081"
"discard","2610858","2624428","3430510","2348084","1464359","3186911"
"btoi","2608666","27680","206179","3289819","4806627","4713027"
"migrations_internals","2606958","814412","1334383","2366850","3476296","5042851"
"glutin_glx_sys","2596211","321306","515470","984471","1868740","9291069"
"rust-stemmers","2595555","100855","300779","2074892","4202932","6298317"
"actix-cors","2590543","594507","954666","2188634","3465693","5749216"
"gpu-alloc","2585198","475627","916694","1628933","3005662","6899076"
"region","2583861","1197046","3420049","2209944","2441183","3651084"
"substrait","2582535","0","1975","285632","3895113","8729959"
"topological-sort","2576432","137577","827856","2290299","2984534","6641898"
"cxxbridge-cmd","2567791","169560","150917","270831","1142448","11105199"
"qstring","2567608","1161574","1356139","1371427","4147974","4800927"
"schnorrkel","2567117","573081","893997","2089374","4539619","4739517"
"cranelift-wasm","2563667","895922","1689715","2577871","4489579","3165248"
"primal-check","2558450","228128","452669","996894","1840038","9274525"
"scoped_threadpool","2558238","1896079","3566477","3081255","1972957","2274423"
"xkeysym","2556990","0","0","156329","2802998","9825623"
"aws-endpoint","2556429","44949","1694418","5624837","4578711","839233"
"smol","2553994","522248","718655","1736680","3833832","5958558"
"cid","2553683","485592","791828","1570334","4135405","5785257"
"varint-rs","2550349","1073","65468","597671","4022251","8065284"
"get-size-derive","2549570","0","8340","591620","4124598","8023292"
"migrations_macros","2546321","762359","1281848","2309203","3403854","4974345"
"retry","2543140","727107","1208421","1604318","3720661","5455195"
"parse-display-derive","2543136","172366","407597","884168","2147790","9103762"
"actix","2542889","1171434","1608830","2267491","3578590","4088103"
"fail","2542677","457042","1357579","4245849","3234477","3418442"
"multihash-derive","2540809","749626","1582166","2741632","3761528","3869093"
"parse-display","2540334","172014","407191","878330","2137326","9106810"
"ct-codecs","2539871","138647","685248","1920673","5350143","4604648"
"async-tungstenite","2539357","845763","1172543","2046987","3365462","5266032"
"aws-sdk-dynamodb","2535920","2556","268116","1302340","3681727","7424865"
"indoc-impl","2534221","4102894","3381891","2227007","1580708","1378606"
"transpose","2531970","215884","414511","951672","1665226","9412560"
"diesel_migrations","2531913","723768","1250903","2309511","3395346","4980041"
"rust-argon2","2528612","2611784","1857927","1615464","1994636","4563249"
"libudev-sys","2523196","870612","1418358","2083307","3557002","4686703"
"jsonrpsee-client-transport","2520553","101","752411","1923319","4169544","5757393"
"stdweb-internal-macros","2520253","2575525","3364265","2257404","1380051","3024022"
"aws-lc-fips-sys","2517069","0","137","6017","1126884","11452311"
"embed-resource","2516080","304573","462672","1416320","3172070","7224767"
"endi","2515841","0","0","215","1892905","10686088"
"xdg","2515506","1174076","1007102","1744238","3230332","5421784"
"spirv","2515367","125825","821298","1534528","3016030","7079154"
"bitpacking","2514615","304996","653729","2108360","3992703","5513291"
"rmpv","2512797","282582","401043","980942","2047556","8851863"
"get-size","2510478","0","8290","592264","4123142","7828695"
"ratelimit","2507950","87782","109318","61936","3715767","8564949"
"try_map","2507769","343","658","613023","4111674","7813150"
"stdweb-internal-runtime","2507611","2570615","3353935","2244816","1363982","3004711"
"syn-mid","2507574","818256","1243636","3057075","4297920","3120983"
"stdweb-derive","2507336","2571220","3351410","2244980","1362739","3006335"
"mur3","2506258","1502","5403","369323","4086775","8068290"
"envy","2504754","955026","1607308","2309039","3155958","4496441"
"atomic-polyfill","2503227","312500","1113522","3319714","3602763","4167636"
"derive-getters","2502838","210733","1403520","1788510","2441715","6669715"
"objc2-core-data","2502343","0","0","0","2308852","10202865"
"pq-sys","2500080","837512","1390571","2272972","3351414","4647931"
"frame-metadata","2496699","214024","776149","1544471","3419917","6528938"
"tokio-serde","2496441","932847","999073","1868069","3294386","5387834"
"rustc_version_runtime","2496123","98827","1366123","2260549","1934744","6820376"
"atomicwrites","2495941","284089","626240","2087544","5026982","4454852"
"turmoil","2493917","0","196","140312","4159117","8169962"
"sluice","2493045","741192","1283502","1905196","3306073","5229265"
"gpu-descriptor-types","2492483","450563","834935","1510043","2856798","6810080"
"bson","2490672","1041173","1365771","1913823","2521845","5610749"
"khronos-egl","2485919","386729","851977","1497937","2907919","6785035"
"glutin_wgl_sys","2485429","133563","239155","658382","2169618","9226430"
"rustfft","2484906","206566","448363","920487","1645075","9204040"
"target-triple","2484224","0","0","395","719117","11701612"
"users","2482845","1459560","1971217","2127386","2300724","4555339"
"parity-wasm","2476206","1726833","2372442","2150475","2968723","3162560"
"gpu-alloc-types","2474567","444013","835612","1517461","2875889","6699861"
"wasmtime-asm-macros","2466581","0","293986","2616332","4734817","4687772"
"simd-abstraction","2465007","112","131544","1577619","4526519","6089241"
"clocksource","2462008","4931","7938","65136","3664740","8567297"
"sqlx-rt","2455714","848584","2584813","4307272","2036162","2501743"
"slog-stdlog","2453840","1033509","1815076","2156624","2714446","4549549"
"ignore-result","2453116","1232","4560","458824","4035656","7765309"
"encoding","2450947","1471630","2374227","2681320","2789731","2937828"
"jsonrpc-core","2446799","1591567","2027127","1916535","2744407","3954359"
"wasmtime-jit-icache-coherence","2445915","0","32560","2327077","4777084","5092858"
"pnet_macros","2444004","387381","1088670","1730683","3068357","5944933"
"tz-rs","2440097","0","151437","735848","1783037","9530167"
"const_panic","2436571","143","244220","1561592","3275958","7100942"
"libp2p","2434301","690180","1185800","1929215","3449207","4917104"
"jsonrpsee-ws-client","2432233","242373","926167","1835232","3628234","5529159"
"aes-gcm-siv","2431981","118906","431116","1233867","3325006","7051012"
"wasmtime-runtime","2430841","809512","1648268","2853022","4164560","2678845"
"encoding-index-japanese","2426598","1454574","2356040","2663303","2752688","2906387"
"encoding-index-simpchinese","2426118","1454387","2355394","2663242","2751876","2905693"
"encoding-index-korean","2426005","1453783","2355746","2662980","2751817","2905699"
"encoding-index-tradchinese","2425811","1452349","2355713","2663382","2751852","2905759"
"ruint","2424647","0","4787","353373","3297633","8467443"
"encoding-index-singlebyte","2424536","1452996","2354863","2661610","2750061","2903150"
"encoding_index_tests","2422941","1451026","2355414","2662241","2746695","2899331"
"gix-shallow","2421575","0","0","0","14527","12093351"
"RustyXML","2420040","165252","448211","678178","1823140","8985422"
"serde_v8","2419917","95951","166364","500967","1798985","9537320"
"p521","2419407","32","103","24281","1523190","10549431"
"cucumber","2418734","6801","217076","764644","2125473","8979679"
"az","2418669","188677","449778","939967","1815798","8699125"
"gherkin","2418142","1690","240285","762791","2102065","8983879"
"libp2p-swarm","2418095","680568","1185908","1930457","3413483","4880061"
"pnet_macros_support","2415601","384149","998894","1729778","3040903","5924283"
"cucumber-codegen","2414278","6470","215795","761289","2116679","8971160"
"notify-types","2413872","0","0","0","279812","11789548"
"synthez-core","2413337","3617","239153","763816","2099671","8960430"
"synthez-codegen","2413262","3629","239108","763646","2099699","8960229"
"synthez","2413154","3593","238899","763480","2099541","8960261"
"cucumber-expressions","2412958","2503","238557","761876","2099820","8962036"
"robust","2408521","128856","560317","1333547","2990094","7029793"
"failsafe","2407411","37527","43060","148584","3706379","8101507"
"jsonrpsee-proc-macros","2394892","295245","884837","1897149","3365032","5532199"
"foundationdb-sys","2393889","3312","25355","651477","3660261","7629040"
"foundationdb","2393644","3135","25100","650932","3658698","7630359"
"foundationdb-gen","2392818","2948","24835","651148","3656488","7628673"
"foundationdb-macros","2389983","0","22537","650031","3652183","7625166"
"yada","2389906","5597","83676","1339773","8849805","1670682"
"android-activity","2388723","0","1308","681333","2231137","9029841"
"wasmtime-types","2387185","102426","1388910","2741318","4670688","3032586"
"replace_with","2387066","111219","191595","697107","1236284","9699125"
"streaming-iterator","2381846","87270","505146","821076","1428722","9067018"
"pnet_packet","2378559","366777","970903","1686467","2997312","5871337"
"gloo-net","2378029","0","347541","1546876","2882877","7112853"
"rangemap","2375051","34744","135761","782864","2731221","8190669"
"accesskit","2374932","81","15745","1212809","2672252","7973774"
"emath","2373503","149508","365406","1118216","2380458","7853931"
"kurbo","2369789","221943","339642","914213","2743577","7629571"
"float_next_after","2369762","85211","511015","1541749","2828669","6882167"
"wayland-commons","2368981","909896","1370214","2360420","2311983","4892393"
"str-buf","2364249","430331","1151598","3025893","2317594","4895830"
"as-raw-xcb-connection","2359474","0","0","165790","2551733","9079849"
"geo","2357660","227755","638043","1283567","2778812","6860124"
"objc2-quartz-core","2350659","0","0","0","1448050","10305249"
"env_home","2350630","0","0","0","39423","11713728"
"scraper","2350438","157316","359929","1256304","3211228","6767413"
"x509-cert","2349472","0","121741","419581","2202766","9003273"
"wayland-protocols-plasma","2349305","0","668","83498","2276939","9385420"
"indent_write","2340993","454741","1244082","1624755","2356988","6024399"
"io-close","2338816","1106","64254","1508367","1532668","8587689"
"pretty","2338395","565659","1599393","1934879","2375684","5216360"
"atk-sys","2333702","319368","591464","1684557","2774544","6298577"
"xkbcommon-dl","2333315","44","99","138492","2516505","9011438"
"mio-extras","2333137","2730831","3263873","2620927","1179412","1870644"
"ureq-proto","2332812","0","0","0","6160","11657904"
"gdk-sys","2332633","316068","590732","1686474","2776879","6293015"
"gtk-sys","2331966","313228","591500","1686016","2779576","6289510"
"xshell","2331848","192366","610754","1653711","3127531","6074882"
"xshell-macros","2331832","192289","611151","1654188","3129376","6072156"
"renderdoc-sys","2323325","225003","819530","1481815","2670878","6419399"
"stateright","2318436","1858","3506","178821","3912323","7495676"
"alloy-rlp","2317193","0","0","205698","3324847","8055421"
"ark-bls12-381","2313612","20807","151937","1251581","3106718","7037017"
"smithay-clipboard","2311277","267274","449104","965751","2290155","7584101"
"ethabi","2310213","390651","1135097","2326822","3504129","4194367"
"id-set","2307918","1115","2386","178353","3890351","7467388"
"jsonpath_lib","2307674","627344","1386885","2526436","3082045","3915663"
"assert_fs","2302573","108271","483660","2587573","2849269","5484094"
"integer-sqrt","2302149","725894","1022483","1885453","3627833","4249084"
"if-watch","2301793","635851","909505","2030485","3270963","4662165"
"choice","2301372","352","824","177120","3879855","7448710"
"libp2p-tcp","2299628","643006","1163235","1845806","3154347","4691748"
"dlmalloc","2299557","462849","708604","1327184","3615823","5383327"
"egui","2297937","157292","379679","1139510","2173135","7640070"
"tokio-executor","2295433","2784229","2069739","1937995","2195775","2489430"
"fast_image_resize","2295394","1285","42385","355200","1686753","9391350"
"tracing-opentelemetry-instrumentation-sdk","2290599","0","0","53889","1200428","10198681"
"nanoid","2289781","225334","524869","1438676","3092712","6167316"
"yup-oauth2","2289365","245447","456822","1733018","3103629","5907911"
"owning_ref","2285780","3388356","3172335","1562258","1354180","1951774"
"epaint","2284998","149894","367385","1123572","2152706","7631436"
"libp2p-dns","2281240","627455","1122161","1834307","3147710","4674568"
"wasmtime-jit","2281228","807671","1638250","2830534","3596961","2532728"
"actix_derive","2277696","947272","1473785","1986487","3074495","3906441"
"tokio-timer","2275881","2735131","1955717","2032232","2329634","2326693"
"destructure_traitobject","2274769","41","105751","1253204","2294395","7720457"
"unsafe-any-ors","2272457","0","105563","1252948","2289292","7714485"
"typemap-ors","2272118","0","105405","1251246","2289047","7714895"
"uuid-simd","2269489","103","637","3087","294876","11048743"
"wasmi_core","2268943","0","162165","1478623","3992239","5711688"
"ego-tree","2268906","152052","343794","1193828","3045833","6609023"
"http-range","2263817","273491","926723","2020246","3108519","4990107"
"diesel_table_macro_syntax","2260333","0","0","1133546","3600444","6567677"
"testcontainers","2259769","78213","249043","648331","1893924","8429335"
"ruint-macro","2259515","0","4604","331801","3252943","7708228"
"referencing","2258417","0","0","0","180298","11111790"
"pollster","2256682","244929","579872","1245230","2767684","6445696"
"countme","2254213","410945","861705","1413551","3041716","5543151"
"pyo3-async-runtimes","2251569","0","0","0","259040","10998808"
"portpicker","2251568","89387","614420","1512596","2702045","6339395"
"cocoa-foundation","2250355","441416","697673","1696320","2626916","5789451"
"borrow-or-share","2245732","0","0","0","186855","11041809"
"levenshtein_automata","2244309","87742","302822","2050344","3882570","4898070"
"ryu-js","2242780","55627","108352","938848","2736394","7374679"
"duplicate","2242618","33973","658535","1020571","2219257","7280758"
"rw-stream-sink","2242466","684581","1214762","1791632","3126348","4395007"
"wayland-csd-frame","2239624","0","0","95991","2372652","8729479"
"rayon-cond","2237986","17452","159045","496482","1852517","8664437"
"objc2-core-foundation","2232996","0","0","0","842","11164142"
"wasmtime-jit-debug","2232267","0","935705","2683907","4147505","3394219"
"jsonrpsee-http-client","2232069","89195","426230","1656891","3674619","5313412"
"better_any","2231686","34942","302771","656280","1490304","8674137"
"gcc","2230363","2713363","1862476","2000072","1851681","2724225"
"libp2p-noise","2229387","634631","1163117","1852295","3054110","4442785"
"route-recognizer","2228765","356053","506902","703015","3386687","6191169"
"aquamarine","2227021","25861","112068","1139291","4223343","5634543"
"webpki-root-certs","2225172","0","0","0","122625","11003238"
"libp2p-yamux","2224326","637338","1126964","1810171","3085006","4462152"
"axum-tracing-opentelemetry","2222487","0","27644","354097","1642445","9088252"
"libp2p-mdns","2222130","606318","863437","1780896","3158272","4701727"
"rlimit","2221913","337839","881139","1497918","2520462","5872209"
"google-cloud-auth","2219535","90","29659","591698","2223188","8253044"
"uaparser","2218821","55969","227743","275495","1285212","9249689"
"measure_time","2215593","30247","278773","2043916","3870547","4854482"
"hash-db","2214846","607770","993877","2169241","3336222","3967122"
"unicode-normalization-alignments","2214801","70009","253484","722992","2122605","7904919"
"minijinja","2214183","7563","164768","625328","2404637","7868620"
"tree-sitter","2213179","293267","1113751","1298303","2767224","5593352"
"saturating","2201498","104295","892956","1555663","2186331","6268246"
"objc2-core-image","2201496","0","0","0","1443561","9563921"
"path-dedot","2200784","354443","1623207","2048916","2832341","4145017"
"ws2_32-sys","2200270","3293664","2375949","2293588","1431395","1606758"
"libp2p-identify","2199408","610648","1098195","1793589","3050640","4443972"
"gtk","2197807","305261","609313","1480877","2412627","6180960"
"datafusion-common-runtime","2195349","0","0","0","5960530","5016215"
"wasmtime-cache","2195346","463862","986490","1953334","3732621","3840423"
"unicode-truncate","2194694","49268","63328","110600","1766245","8984033"
"alloy-sol-macro","2194369","0","0","73794","3058350","7839703"
"alloy-sol-types","2193192","0","0","73708","3059805","7832448"
"lambda_runtime","2191682","334460","1191280","2237665","2826743","4368263"
"atomic_float","2189943","145157","293164","490733","915413","9105250"
"syn-solidity","2189695","0","0","76002","3058871","7813603"
"gdk","2188594","306267","593568","1470722","2401243","6171171"
"unit-prefix","2186942","0","0","0","1261","10933452"
"crypto_secretbox","2186153","0","32","158636","1312243","9459857"
"esaxx-rs","2185453","46866","210036","675047","2120902","7874414"
"spm_precompiled","2179875","48927","209780","673697","2089577","7877394"
"sha2-asm","2178939","161989","473877","1845055","3166394","5247382"
"tonic-types","2178319","13232","40592","408593","1265513","9163668"
"base62","2175018","2622","58701","78554","1501427","9233786"
"float_eq","2174257","139815","388149","653919","1037481","8651924"
"monostate","2171727","0","12505","434610","1964412","8447111"
"monostate-impl","2171440","0","12643","434547","1963749","8446265"
"rusttype","2164828","1144636","923924","1373676","1874553","5507353"
"apache-avro","2161569","0","54302","933923","1722919","8096703"
"coarsetime","2161225","153225","756578","1891953","3616521","4387852"
"charset","2159838","146843","365136","639940","1540681","8106591"
"ubyte","2159225","371301","905040","1402798","2098383","6018606"
"murmurhash32","2157927","65972","269545","1983697","3791788","4678637"
"rustls-platform-verifier-android","2156696","0","0","0","2652806","8130676"
"libp2p-swarm-derive","2156471","476814","1072569","1768518","3042056","4422398"
"vergen-lib","2155241","0","0","0","1073162","9703044"
"prost-wkt-build","2153728","1286","46480","725468","1818399","8177010"
"census","2148735","63876","261157","1945552","3795011","4678079"
"objc_id","2142734","508800","899372","2306941","3452427","3546134"
"prost-wkt","2142363","1236","45968","721045","1777609","8165959"
"ip_network","2141680","517855","1214397","1932043","3147856","3896253"
"fastdivide","2137695","32476","262404","1923848","3791547","4678203"
"libp2p-identity","2137102","0","0","1484051","3595031","5606428"
"tantivy-fst","2136898","60598","137458","2003554","3800103","4682777"
"prost-wkt-types","2136488","1195","44570","720048","1773329","8143301"
"byteordered","2134669","124475","53509","72210","1201804","9221351"
"pyo3-log","2134005","25809","176335","824192","1165647","8478045"
"fuzzy-matcher","2129493","90653","372565","1158839","1973133","7052276"
"x11","2129097","251595","461027","1487174","2380200","6065492"
"spdx","2129064","164740","375384","753300","3117196","6234701"
"neon","2127227","501774","1028376","2659192","3733448","2713349"
"xmltree","2125844","338789","471382","967010","3189696","5662344"
"derive-syn-parse","2124764","1569","154222","1464613","3288875","5714545"
"ecolor","2122041","0","13166","913882","2171225","7511934"
"ulid","2119177","37168","232163","1171466","3241387","5913702"
"atk","2115219","275218","477485","1412769","2320642","6089982"
"jiff-tzdb","2113657","0","0","0","455347","10112942"
"aws-sdk-secretsmanager","2111812","5617","304899","766805","2457509","7024230"
"parse-size","2109893","457","20256","616599","1944080","7968077"
"gix-worktree-state","2108037","0","0","310676","1407155","8822355"
"fs-set-times","2107522","149539","775610","1629987","3218640","4763836"
"wasmprinter","2098132","85111","175076","928945","3230832","6070700"
"compression-codecs","2097159","0","0","0","0","10485797"
"lazy-pool","2096639","402","557","662","3036503","7445075"
"bare-metal","2091096","928996","2492196","1890756","2038276","3105259"
"array-bytes","2090476","12177","156706","2290776","3738652","4254072"
"fuchsia-zircon","2089253","3069576","2200100","2215042","1398704","1562845"
"fuchsia-zircon-sys","2088759","3067175","2198747","2214665","1399546","1563663"
"num-modular","2087179","0","8111","308856","1584923","8534008"
"wry","2082561","80646","399159","1056985","2184793","6691223"
"type-map","2081633","197433","559873","1304513","2671188","5675162"
"wildmatch","2080390","749744","1428698","1467132","2317615","4438765"
"thin-slice","2078182","569851","1053388","1722652","2580050","4464970"
"serialport","2077831","273255","623999","1170073","1969723","6352105"
"riff","2075402","9931","194961","356256","1744306","8071558"
"alsa","2071602","371267","668275","1393238","2814936","5110297"
"rusoto_s3","2067578","2251805","2638504","2430099","1634722","1382761"
"term_size","2067008","2147788","1688428","2142045","1971788","2384995"
"fdlimit","2066304","557946","926608","1864942","2945995","4036029"
"thin-vec","2065130","20968","140247","756217","2611692","6796526"
"neon-macros","2062096","389615","964324","2612540","3675587","2668417"
"solana-logger","2060173","256401","954332","887540","3904075","4298519"
"dlopen2","2060056","0","4340","544784","2463822","7287337"
"yaml-merge-keys","2059383","652217","934010","841639","587269","7281783"
"metrics-exporter-statsd","2057694","0","14885","32482","224692","10016413"
"jiter","2056130","0","0","18366","630619","9631668"
"sptr","2049488","0","65668","868561","3746962","5566253"
"cap-primitives","2043537","126936","698330","1382803","3257885","4751732"
"archery","2041361","46837","124904","853690","2897971","6283406"
"datafusion-physical-expr-common","2041194","0","0","0","5209873","4996100"
"jemalloc-ctl","2039403","392565","1036937","2270360","2969491","3527663"
"datafusion-functions-aggregate","2038999","0","0","0","5208948","4986047"
"libp2p-metrics","2038306","49338","997060","1740858","3032085","4372190"
"tokio-reactor","2034940","2612292","1942304","1791782","1860464","1967862"
"libp2p-kad","2032598","572951","997303","1683556","2915414","3993766"
"unic-ucd-ident","2031856","62605","193077","503958","1648168","7751473"
"recursive-proc-macro-impl","2030984","0","0","0","572964","9581958"
"trie-db","2030934","586393","914184","1773309","3078159","3802629"
"recursive","2030759","0","0","0","572955","9580842"
"gtk3-macros","2027961","82275","404295","1368104","2275517","6009616"
"azure_svc_blobstorage","2027614","0","500","10040","1199870","8927662"
"const-str","2026321","6248","169504","1296801","2616351","6042704"
"trim-in-place","2023280","4723","6793","38363","2210974","7855549"
"postgres","2022168","548231","905431","1742032","1829369","5085780"
"io-extras","2018465","7893","678650","1384196","3195487","4826100"
"tokio-sync","2016598","2620024","1920529","1778752","1822715","1940972"
"ct-logs","2014267","2597205","2872851","2041441","1313235","1246603"
"argh","2013944","527095","750589","1678831","2618093","4495113"
"argh_shared","2012252","524743","745683","1676633","2617612","4496592"
"argh_derive","2011576","523965","744805","1677018","2618154","4493938"
"jiff-tzdb-platform","2011126","0","0","0","453553","9602079"
"compression-core","2008695","0","0","0","0","10043478"
"jsonrpsee-server","2007276","0","26461","1690541","3150622","5168757"
"subst","2006634","0","1422","190687","932071","8908992"
"rasn","2006174","17133","162679","299619","1322361","8229082"
"auto_enums","2003733","167065","377866","962440","2011625","6499670"
"rasn-derive","2003474","16999","156366","299436","1317350","8227220"
"geographiclib-rs","2001266","147384","529592","1126677","2256326","5946351"
"fontdb","2000911","106357","268706","674957","2174860","6779679"
"bv","1999193","211619","599620","901596","3859717","4423414"
"is-wsl","1998212","0","0","536085","2129960","7325018"
"cpp_common","1997926","710993","1494822","1682749","3653871","2447199"
"ed25519-compact","1996623","117425","454356","1812124","3358246","4240965"
"is-docker","1996426","0","0","535688","2127872","7318571"
"btm","1995908","2071825","7832615","6934","38154","30013"
"boxcar","1993649","0","372","8755","112805","9846316"
"walrus-macro","1992624","323882","484531","2010484","3358357","3785869"
"debug-helper","1991403","276260","771075","1183344","1507110","6219227"
"text-size","1986736","529952","891751","1379485","2676613","4455881"
"objc2-metal","1981135","0","0","0","1451810","8453867"
"feature-probe","1979069","207007","590638","892321","3828457","4376926"
"mysql_common","1976692","617346","1184825","1815438","2463308","3802543"
"tao","1972102","69223","411098","1097376","2233013","6049804"
"rowan","1971317","471240","875999","1407110","2682629","4419609"
"keyboard-types","1970205","89681","121066","822116","1696645","7121518"
"rustc-serialize","1969797","1987316","2044452","2141719","1553009","2122491"
"path-absolutize","1968361","317931","1409079","1771083","2510107","3833608"
"solana-frozen-abi-macro","1965970","249607","1070923","1077132","4115889","3316302"
"cranelift-control","1963092","0","0","730401","2657784","6427276"
"metal","1962369","316636","476643","967767","2215772","5835028"
"solana-frozen-abi","1961980","250486","1070783","1075719","4114247","3298667"
"imara-diff","1957076","0","22068","1408616","820708","7533992"
"derivation-path","1953471","129708","481253","946396","3993427","4216574"
"rfd","1951403","105981","434082","874418","2464161","5878374"
"elsa","1940801","22861","214478","1150904","2357710","5958054"
"id3","1937198","28553","38227","68288","1382278","8168646"
"bb8-redis","1935246","42671","157544","258884","1369995","7847140"
"dlopen2_derive","1935001","0","4351","526768","2238169","6905718"
"sqllogictest","1934412","306","31711","657394","717850","8264801"
"cpp","1933564","573460","1353093","1668616","3662336","2410315"
"skeptic","1933241","484862","916490","2171813","3159287","2933757"
"subtle-ng","1932098","120552","516981","1660746","3167110","4195105"
"clap-verbosity-flag","1929771","46873","148876","609683","1572988","7270436"
"tokio-threadpool","1929029","2449161","1711466","1720706","1805793","1958023"
"cpp_build","1929006","574104","1308321","1679087","3650195","2433324"
"solana-sdk","1928824","183425","627632","719188","3780742","4333134"
"hash256-std-hasher","1927665","586746","970502","1939617","2929294","3212167"
"pairing","1924989","554327","971989","1170945","2466823","4460864"
"rustybuzz","1917708","135889","312433","723231","2373975","6043016"
"ambient-authority","1917672","64716","653501","1315981","2997010","4557152"
"curve25519-dalek-ng","1916566","124309","516194","1657513","3148679","4136136"
"cpp_macros","1912706","572711","1290206","1662210","3643987","2394418"
"ucd-util","1908407","1160473","1112067","739726","1303909","5225862"
"range-set","1908051","1704","13889","35769","1758809","7730084"
"tokio-tcp","1906566","2546260","1838584","1692023","1734707","1721259"
"orbclient","1906559","64755","85809","787608","2228131","6366495"
"sendfd","1905742","10323","116887","984520","2131274","6285710"
"libp2p-ping","1901955","566766","1060459","1520391","2603065","3759096"
"objc-foundation","1897145","501858","864881","2164742","3220653","2733592"
"polkavm-common","1896696","0","0","2194","3440322","6040964"
"pnet_sys","1895044","431930","852453","1098389","1929689","5162763"
"rust_decimal_macros","1893682","308290","736190","1340621","2382675","4700638"
"pnet_datalink","1892426","424188","855707","1104565","1921815","5155859"
"pulldown-cmark-escape","1889089","0","0","0","1829745","7615701"
"octocrab","1887018","32551","245126","353382","839880","7964152"
"libp2p-request-response","1884012","561200","985529","1614961","2720562","3537811"
"unscanny","1878094","0","860","51979","790147","8547485"
"asn1","1875270","387046","1371215","1678580","2467120","3472393"
"filedescriptor","1874496","263149","642572","969986","1866881","5629894"
"bitvec-nom2","1870149","0","0","44123","1169138","8137487"
"asn1_derive","1869969","373580","1364309","1686720","2459260","3465979"
"hex_fmt","1867525","632556","1136053","1032637","1273847","5262534"
"dasp_sample","1865971","42111","135210","1453550","2773328","4925660"
"lambda_runtime_api_client","1863257","0","678111","1901825","2489203","4247150"
"chumsky","1860374","8846","53506","505696","2513660","6220163"
"deadpool-postgres","1859563","267644","466619","1022220","2496078","5045258"
"tauri-utils","1858917","67842","342875","894929","2173558","5815384"
"backtrace-ext","1857720","0","0","793332","2712659","5782613"
"static_init_macro","1852166","182108","558013","2129821","2839102","3551789"
"static_init","1850841","180961","558935","2132043","2843966","3538302"
"ringbuf","1850629","92053","234739","924700","2539090","5462563"
"fake","1849091","129948","603348","1391593","2652336","4468232"
"base64-url","1848646","222342","558054","1745025","3079370","3638442"
"ed25519-dalek-bip32","1847972","126857","475040","923713","3922705","3791549"
"blake2-rfc","1842609","782025","1091941","1296706","2710255","3332122"
"signal-hook-tokio","1842120","149113","790188","1238794","2136761","4895747"
"cadence-macros","1840338","345","5598","26624","801687","8367438"
"walrus","1838895","324922","477590","1989344","3116904","3285716"
"trackable_derive","1833559","347653","628447","888531","1848206","5454960"
"newline-converter","1832131","27122","131908","1218470","2591009","5192150"
"memory-db","1829333","538182","907071","1744530","2649519","3307365"
"nuid","1827496","208339","389804","849759","2121128","5568454"
"qrcode","1826724","669761","853576","1316902","2321390","3971994"
"sea-query-derive","1826156","98805","470727","1089417","2330261","5141571"
"rpds","1825370","67304","161798","734624","2426565","5736562"
"rocket","1823376","575789","1139745","1517308","1842277","4041761"
"syntect","1822978","318891","534870","1025979","2251407","4983745"
"tracing-chrome","1821848","23901","735224","823031","2784622","4742464"
"mp4","1821273","13395","13963","96934","1188291","7793785"
"block-sys","1820150","68","35164","840742","2159523","6065256"
"tauri","1818727","70058","344691","919284","2103231","5656375"
"encoding_rs_io","1817253","364981","723786","1142947","2264660","4589894"
"rocket_codegen","1816121","573855","1123492","1514545","1832465","4036251"
"pmutil","1816059","968810","2308015","2661272","2482155","660047"
"cpal","1814735","453438","755605","1543227","2358566","3962841"
"copyless","1812921","2452493","3112104","1010274","905251","1584484"
"docker_credential","1812456","588","13917","47823","1074625","7925329"
"egui-winit","1811756","13648","188454","656119","1436805","6763756"
"interpolate_name","1809960","67105","109146","192442","1049496","7631611"
"woothee","1808915","205523","584635","873920","1409577","5970924"
"tantivy","1808498","52341","251301","1067775","3397157","4273917"
"instability","1805388","0","0","0","684568","8342375"
"line-wrap","1802926","404251","808171","2320348","3611243","1870618"
"svgtypes","1801989","166063","330793","781329","2250734","5481026"
"tokio-current-thread","1801419","2451144","1683388","1598198","1645474","1628891"
"alsa-sys","1801361","382438","582159","1291931","2234935","4515346"
"tokio-tar","1800663","41295","105530","332317","1424770","7099406"
"pix","1798095","13321","38241","72546","1179228","7687142"
"file-per-thread-logger","1797255","698840","1054042","1841014","2726101","2666279"
"deno_core_icudata","1795773","0","0","0","527959","8450907"
"cfb-mode","1795121","137589","427095","786330","1289188","6335407"
"async_io_stream","1792175","108029","424607","1317851","2821816","4288575"
"png_pong","1792028","9803","31432","65932","1179221","7673755"
"multiversion","1791191","412897","1134199","1213144","1916980","4278739"
"libp2p-websocket","1789061","581280","1096228","1528535","2594094","3145169"
"extfmt","1788156","79659","119004","68651","1116785","7556684"
"multiversion-macros","1788004","414483","1131850","1211621","1909789","4272280"
"tantivy-query-grammar","1784857","48143","243729","1015689","3380845","4235882"
"rasn-pkix","1784331","739","5077","9014","1087229","7819597"
"unescaper","1779502","0","577","291407","1644104","6961422"
"gix-dir","1779339","0","0","0","980084","7916613"
"tantivy-common","1776547","14122","238103","1023757","3381526","4225229"
"sd-notify","1776143","108652","893668","1441759","3099260","3337376"
"biscuit-auth","1776014","1360","6406","16416","962473","7893415"
"muda","1773735","0","267","556036","1485722","6826652"
"pharos","1771436","103037","424137","1329365","2818143","4182498"
"socks","1769327","199836","455058","603100","1588857","5999785"
"awc","1766104","1854386","1584270","1236381","1520303","2635181"
"spl-token-2022","1764235","0","206917","739164","2253075","5622019"
"img-parts","1764104","4240","18607","45491","1141354","7610832"
"wepoll-ffi","1763704","841091","2842336","1986670","1602878","1545547"
"biscuit-parser","1763478","0","693","6617","938076","7872007"
"tantivy-bitpacker","1763256","19010","222880","996797","3360211","4217383"
"ownedbytes","1762205","14487","222171","998168","3361194","4215009"
"pep440_rs","1761038","0","0","158065","904257","7742870"
"unicode-ccc","1759943","133249","273518","567912","2015718","5809320"
"unicode-bidi-mirroring","1759884","130562","269106","563157","2009330","5827268"
"biscuit-quote","1759461","0","770","6629","938834","7851076"
"dbl","1758886","139832","282361","621278","1111219","6639742"
"freetype-sys","1758620","318951","590520","1216980","1331905","5334748"
"tauri-runtime-wry","1758249","55336","332718","893253","2003115","5506824"
"tokenizers","1755486","8935","60967","287278","1302228","7118026"
"pyo3-async-runtimes-macros","1754377","0","0","0","219748","8552140"
"cmac","1754368","115200","277103","627581","1110981","6640975"
"android-properties","1750751","253","26688","663792","2029640","6033385"
"tauri-macros","1749671","60100","332794","889012","1970104","5496346"
"tauri-runtime","1749438","55480","331513","892294","1980775","5487128"
"moxcms","1749090","0","0","0","0","8745452"
"environmental","1748078","560679","934978","1679734","2660895","2904107"
"tauri-codegen","1747851","59893","333325","885951","1969443","5490643"
"as-slice","1747102","733634","736873","934558","948246","5382201"
"rasn-ocsp","1746023","15","545","3094","1060282","7666183"
"tauri-build","1740196","60048","325135","831814","1982235","5501750"
"mirai-annotations","1739905","173051","230789","893177","5078030","2324479"
"im-rc","1738839","656968","1189852","1671511","2181767","2994098"
"glutin-winit","1737345","0","633","556324","1492682","6637090"
"crc-fast","1737113","0","0","0","0","8685568"
"schnellru","1737064","0","135","1235547","2829184","4620458"
"async-generic","1736802","0","0","9455","1107582","7566973"
"nkeys","1735877","210115","443114","1005117","1816926","5204116"
"snmalloc-sys","1733609","58749","113810","212032","3720825","4562632"
"swc_allocator","1733129","0","0","0","838294","7827352"
"rustfix","1732149","789252","1312814","1816688","1985467","2756528"
"rocket_http","1731180","543123","1048786","1432502","1725363","3906128"
"atree","1730807","127","6171","27591","1095668","7524478"
"jfifdump","1730319","111","470","9714","1103753","7537549"
"imagesize","1730316","130948","183452","729177","2314109","5293898"
"libp2p-tls","1728445","0","15424","1418232","2919979","4288591"
"ico","1727102","37718","280569","1038994","1927541","5350689"
"capnp","1725936","304621","805398","1109087","2314202","4096376"
"snmalloc-rs","1722664","58263","104277","205061","3699610","4546109"
"libp2p-quic","1721648","3661","18230","1422534","2922889","4240926"
"bitcoin-internals","1720811","0","0","37399","2785070","5781587"
"spl-token","1718149","167871","607820","763611","2130798","4920649"
"const-sha1","1717314","382961","945030","1610230","1917269","3731082"
"planus","1717259","16","472308","787422","1684165","5642387"
"salvo","1717071","17819","486948","642535","2225179","5212877"
"debug-ignore","1715552","18646","572968","1232679","2949108","3804363"
"spade","1713899","14584","84075","347624","2104119","6019094"
"color-print","1712164","177","900","638003","3303683","4618058"
"c2pa","1712059","0","5352","16487","1129148","7409312"
"color-print-proc-macro","1711310","144","973","637661","3298966","4618807"
"quick_cache","1711299","0","3139","192737","2115629","6244993"
"alloy-json-abi","1710996","0","0","41442","1361173","7152367"
"array-init-cursor","1710329","20","473246","783873","1677129","5617378"
"usvg","1709764","130185","271898","674645","2143188","5328907"
"alloy-sol-type-parser","1706959","0","0","41237","1354835","7138727"
"rexif","1706172","27093","72527","55225","734738","7641277"
"trie-root","1704079","508893","837564","1689021","2632863","2852057"
"alloy-sol-macro-input","1703771","0","0","0","1314799","7204056"
"keccak-asm","1703096","0","0","1216","1654325","6859943"
"sha3-asm","1702670","0","0","1223","1654862","6857268"
"ws_stream_wasm","1702342","35412","361757","1208348","2580058","4326138"
"unic-langid-impl","1700957","214637","561494","1133250","2140602","4454805"
"quick-protobuf-codec","1700610","0","0","1057831","3180006","4265216"
"seccompiler","1700385","15219","115488","1744962","3662332","2963928"
"unic-langid","1699804","213889","561714","1132311","2138571","4452538"
"pep508_rs","1699497","0","0","141020","825388","7531079"
"rustcrypt-macros","1697830","0","0","0","0","8489152"
"rustcrypt-ct-macros","1697677","0","0","0","0","8488388"
"target-spec","1697661","156857","806045","1024999","2825912","3674493"
"rustcrypt-derive","1697533","0","0","0","0","8487667"
"rustcrypt-core","1697512","0","0","0","0","8487562"
"accesskit_winit","1693742","0","12594","945680","2289927","5220511"
"bitcoin","1690143","360750","798858","1401372","2413230","3476508"
"dyn-clonable-impl","1688200","570750","847443","1669791","2601256","2751764"
"sval_nested","1688140","0","0","0","1585999","6854703"
"dyn-clonable","1687841","569294","847054","1669806","2601119","2751934"
"signatory","1687405","208329","449748","966179","1694791","5117980"
"aws-sign-v4","1686383","522","9435","18196","831203","7572560"
"devise","1686328","567343","1035052","1404088","1628253","3796905"
"devise_codegen","1686092","566177","1034970","1403866","1628340","3797110"
"alloy-sol-macro-expander","1686091","0","0","0","1237665","7192793"
"gdkx11-sys","1686021","8343","208754","1066407","1852936","5293665"
"rlp-derive","1685770","137344","598178","1604298","2672711","3416323"
"devise_core","1685439","565823","1030933","1403147","1629522","3797772"
"serde_yml","1684944","0","0","0","475631","7949092"
"sled","1682067","871297","733357","1633830","1928048","3243804"
"egui_glow","1681074","508","145716","537561","1272385","6449201"
"libyml","1679475","0","0","0","458017","7939358"
"base58","1676429","797906","1416667","1451728","1603614","3112230"
"mongodb","1675406","389345","790348","1248117","1788390","4160833"
"murmurhash3","1673609","66598","84989","101641","978849","7135970"
"cargo-nextest","1672302","0","353211","1492223","2959322","3556757"
"expander","1669733","0","470691","2127145","3034122","2716708"
"sentry-anyhow","1668621","150305","557040","1553924","2783610","3298228"
"fix-hidden-lifetime-bug","1668481","45069","266967","561600","2511335","4957434"
"terminfo","1667569","285848","713408","2045276","1644858","3648458"
"libp2p-connection-limits","1667195","0","0","1047228","2984238","4304510"
"utoipa-swagger-ui","1666941","0","110882","864691","1992510","5366624"
"core_maths","1665425","0","0","95498","1464253","6767378"
"ss58-registry","1664922","97993","837591","1675451","2688358","3025218"
"libp2p-allow-block-list","1664138","0","0","1046283","2977599","4296808"
"winres","1660602","303440","739022","1585122","2116413","3559014"
"eframe","1656985","40197","190679","563845","1210409","6279798"
"futures-test","1654082","157176","240385","385416","1026843","6460592"
"serde_nanos","1652478","967","652232","890165","1622710","5096317"
"antlr-rust","1652251","18267","7603","19801","718064","7497521"
"cortex-m","1651013","996591","1540115","1482580","1582455","2653327"
"orion","1648511","23374","259254","1285861","3957997","2716072"
"guppy","1647240","160713","614713","1011553","2830120","3619102"
"unicode-general-category","1644765","225204","426632","770991","522994","6278007"
"caps","1643247","215020","696546","1176052","2133487","3995134"
"content_inspector","1641285","237402","553912","1073064","2246764","4095284"
"polkavm-derive-impl","1640358","0","0","1399","2837645","5362750"
"float-pretty-print","1636033","620","9814","26961","688872","7453900"
"inquire","1635951","1872","80804","1060070","2223503","4813506"
"hash_hasher","1635312","161431","853869","1162775","1687648","4310841"
"concolor-query","1632701","5313","357186","2345036","1086514","4369458"
"atomic-take","1629711","15227","78728","1511397","2956216","3586991"
"synom","1623101","1499220","1572438","1369082","1337519","2337248"
"serialize-to-javascript","1621367","0","292952","858200","1756904","5198779"
"statsig","1621337","0","57","23515","844790","7238324"
"serialize-to-javascript-impl","1620813","0","293234","857783","1756056","5196996"
"tracing-bunyan-formatter","1620474","244362","849100","1164049","2221899","3622961"
"polkavm-derive","1618855","0","0","1423","2846047","5246809"
"actix-files","1608957","402939","753267","1238865","1985183","3664531"
"mockall_double","1606596","84787","477825","1067468","2491358","3911546"
"resvg","1601900","93277","214952","587141","2022291","5091841"
"polars-utils","1601638","0","100409","448538","2103289","5355956"
"async-compat","1599175","137076","571942","1917982","2135626","3233253"
"blind-rsa-signatures","1598585","821","7097","33292","524018","7427699"
"common-path","1598041","153090","367131","1262516","2799991","3407477"
"httptest","1593422","213279","339322","1443260","2433577","3537674"
"diffy","1589967","220502","397407","877396","2639108","3815422"
"guppy-workspace-hack","1586253","3122","743821","984458","2733145","3466722"
"always-assert","1585932","505607","877145","1536183","2678643","2332086"
"tokio-tls","1585753","3467225","1965318","935756","660790","899676"
"konst","1582264","32665","201226","1118214","2581234","3977984"
"nested","1581638","145402","610680","996047","2738928","3417133"
"readable","1580233","0","0","45633","354852","7500682"
"rouille","1580125","304248","402962","1658400","2622419","2912600"
"fixed","1578670","66087","199067","539845","1358755","5729596"
"cgl","1577310","188671","335340","695474","1299495","5367571"
"substrait-validator-derive","1576653","0","713","623","415160","7466772"
"substrait-validator","1576162","0","392","342","414013","7466063"
"coins-bip39","1573048","22140","322030","1349002","2334954","3837117"
"frunk_core","1572851","140058","977828","1690536","2441125","2614710"
"visibility","1572005","4012","36660","111040","3594138","4114179"
"ammonia","1571264","476137","948037","1102198","1918124","3411828"
"coins-bip32","1571171","22461","326035","1328353","2335729","3843281"
"bcrypt-pbkdf","1570508","64907","690252","1284939","2264390","3548053"
"simplecss","1569879","155617","254553","590264","1856112","4992852"
"coins-core","1569431","22132","323311","1327441","2333529","3840745"
"simd-json","1568036","66922","113440","603930","2005750","5050142"
"gdkwayland-sys","1561130","46","1233","826329","1758875","5219171"
"hound","1560181","240553","419996","1327848","2508025","3304487"
"nichi","1559946","0","0","1005","314140","7484588"
"bitcoin-io","1558238","0","0","0","733637","7057553"
"google-cloud-metadata","1557079","106","29694","573735","2154672","5027190"
"joinery","1555019","464185","704243","1108790","1875959","3621918"
"traitobject","1553509","1706027","1849471","901630","1143145","2167274"
"inventory-impl","1553357","4061707","1712100","946536","527354","519092"
"goauth","1551607","153097","411115","1532822","2649653","3011352"
"temp-env","1551451","191","246014","569159","1483281","5458613"
"polkavm-derive-impl-macro","1550927","0","0","0","2534286","5220353"
"arcstr","1548455","5679","84477","699601","3146005","3806516"
"frunk","1547215","136649","958521","1646225","2399517","2595163"
"memmem","1544864","243457","512609","986073","1192275","4789910"
"xml5ever","1543913","661256","641285","934310","1600645","3882069"
"frunk_derives","1540644","136450","952505","1641342","2387355","2585571"
"halfbrown","1540380","95442","167129","688525","1934691","4816113"
"smpl_jwt","1540154","147400","401915","1525017","2629109","2997332"
"alloy-rlp-derive","1540053","0","0","88062","1752409","5859796"
"bip39","1537921","71389","164791","873651","2616862","3962912"
"sysctl","1536786","91787","270237","771930","2052892","4497085"
"frunk_proc_macro_helpers","1536719","141629","951652","1642919","2374759","2572639"
"bounded-collections","1535697","0","0","1146690","2416700","4115098"
"memory-stats","1532927","0","7828","326704","2085869","5244235"
"bcrypt","1532871","218159","477649","1207741","2012355","3748453"
"swc_visit_macros","1532448","196907","480477","1651600","2688905","2644355"
"noisy_float","1531972","129017","397248","797196","1581328","4755072"
"tantivy-tokenizer-api","1531917","0","0","438455","3197776","4023354"
"spl-associated-token-account","1531551","121465","527878","767841","2115603","4124972"
"dtor","1531477","0","0","0","1006","7656382"
"tantivy-stacker","1530349","0","0","437804","3196734","4017208"
"tantivy-sstable","1530325","0","0","438227","3196431","4016967"
"tantivy-columnar","1530275","0","0","437955","3196584","4016840"
"aesni","1528562","1461912","903870","1604772","865865","2806393"
"allo-isolate","1527724","65252","702620","1029819","2778558","3062373"
"aws_lambda_events","1526976","142182","329844","1001886","2065430","4095539"
"tauri-winres","1524974","0","0","580557","1706400","5337913"
"arrow-flight","1523978","53023","193868","701683","1119823","5551496"
"polars-arrow","1522400","30586","125029","466142","1654891","5335356"
"kuchikiki","1522106","0","0","266610","1762230","5581690"
"radix_fmt","1517726","681852","1711088","1229298","1405660","2560733"
"polars-core","1517718","30741","196634","465651","1643426","5252141"
"dtor-proc-macro","1517310","0","0","0","0","7586553"
"polars-error","1517284","0","0","292432","2021025","5272965"
"dsl_auto_type","1517027","0","0","0","1455857","6129280"
"serde-hjson","1516890","1930620","2360611","1313471","1138643","841105"
"binascii","1516839","415568","854585","1241397","1500801","3571847"
"tls_codec","1515955","18565","38366","55760","964365","6502723"
"vcell","1514068","674839","1318669","1329364","1576049","2671419"
"normalize-path","1511203","0","4471","1119789","1579590","4852165"
"pnet","1511159","361100","796812","992952","1560050","3844884"
"futures-locks","1508840","139194","484106","1275882","2183204","3461817"
"ethers-core","1508192","19065","223539","1435441","2831381","3031534"
"managed","1507176","184747","516478","781106","1713815","4339738"
"base16","1504638","93195","181960","775011","925361","5547664"
"serde_default","1502019","0","892","440972","491779","6576452"
"value-trait","1501655","78500","121524","622880","1905507","4779865"
"fast-float","1499893","90724","365002","808010","2205225","4030505"
"tls_codec_derive","1498342","18499","38316","56309","880862","6497728"
"macro_magic_core_macros","1496925","0","0","710343","2081463","4692822"
"macro_magic_macros","1495221","0","0","703976","2080333","4691796"
"macro_magic","1494791","0","0","703662","2079986","4690311"
"macro_magic_core","1493897","0","0","703880","2077270","4688336"
"opentelemetry-prometheus","1493839","120504","379096","1108470","1836640","4024489"
"enr","1490023","50629","92794","1163515","2637352","3505825"
"gix-mailmap","1488931","0","0","1525755","553873","5365027"
"git2-curl","1488120","610565","1117249","1617975","1896939","2197873"
"pnet_transport","1486314","355098","778091","976145","1513353","3808886"
"daemonize","1485298","396788","793577","778015","1364427","4093684"
"rustc-literal-escaper","1485013","0","0","0","0","7425067"
"defmt","1482274","125921","168477","545791","1402693","5168488"
"ieee754","1482267","172791","3649737","595979","1347631","1645198"
"wasm-bindgen-cli","1480469","171913","248017","1460192","2570758","2951468"
"embed_plist","1479018","94645","434032","967323","1748266","4150826"
"enum-primitive-derive","1478440","410416","879357","837625","1985479","3279327"
"tonic-prost","1478022","0","0","0","0","7390112"
"libudev","1476829","435216","886551","1281687","2105116","2675579"
"polars-io","1476131","30433","122732","424718","1598844","5203928"
"oci-spec","1475657","7185","54687","226742","722632","6367043"
"pyo3-stub-gen-derive","1475258","0","0","0","42147","7334145"
"pyo3-stub-gen","1475081","0","0","0","41614","7333795"
"svg_fmt","1473151","327443","544542","905195","1680464","3908115"
"polars","1472734","31992","123993","431769","1620314","5155604"
"canonical-path","1470085","415661","601447","704400","1524505","4104412"
"ntest_timeout","1466778","510732","1901806","1228286","1566009","2127059"
"roff","1465952","80247","279553","949303","2144743","3875917"
"streaming-decompression","1464558","43106","508075","652760","1044411","5074442"
"fix-hidden-lifetime-bug-proc_macros","1463510","45720","266785","479944","2114219","4410882"
"include_dir_impl","1461086","821892","696991","545600","1331702","3909248"
"uninit","1460757","452234","562498","1030263","1879373","3379421"
"simpl","1459582","207167","437613","1399779","2257803","2995552"
"polars-lazy","1458940","30409","122134","419981","1581235","5140944"
"c2-chacha","1457889","611065","471622","685956","2031192","3489614"
"typewit","1457633","0","0","168686","1927722","5191761"
"linregress","1457313","528522","714195","1270639","2201054","2572155"
"autotools","1453723","24983","217180","1427477","2067867","3531108"
"wasm-bindgen-cli-support","1450755","185461","320159","1613868","2530696","2603594"
"packed_struct","1450626","146526","388881","621978","936986","5158759"
"cargo-config2","1449968","0","0","503149","1616683","5130012"
"ntest","1449838","512669","1910143","1231595","1548338","2046446"
"packed_struct_codegen","1447527","143978","380969","621121","933693","5157877"
"quad-rand","1446426","24691","61706","590890","956197","5598647"
"macaddr","1445600","239631","286699","664816","1289670","4747184"
"foreign_vec","1444369","0","306662","864532","2036882","4013771"
"constcat","1442394","0","4201","492998","2502330","4212441"
"polars-ops","1442309","0","76062","434695","1570738","5130050"
"ntest_test_cases","1441966","512637","1908828","1225488","1536876","2026004"
"proc-macro-warning","1441223","0","0","1121344","3131988","2952783"
"stable-pattern","1440804","305383","804427","1170801","1442006","3481405"
"cron","1440666","184472","399550","777008","1749068","4093235"
"xmlwriter","1439929","136084","226193","403485","1748343","4685541"
"build-helper","1439888","846994","1069022","1245726","1955693","2082008"
"file-guard","1438903","35","1171","2467","1108742","6082101"
"spl-memo","1438562","129267","366981","658651","1964593","4073318"
"datafusion-functions-array","1438171","0","0","0","4678594","2512265"
"parity-db","1437453","466605","709031","1322489","2176622","2512519"
"munge","1436009","0","325","238","210518","6968965"
"wasmparser-nostd","1435800","0","47002","1027523","3179298","2925181"
"munge_macro","1435059","0","147","298","208313","6966539"
"human_format","1433668","41307","106959","577016","624110","5818948"
"futures-cpupool","1432664","2142810","1465747","1387326","1035446","1131991"
"alloy-eips","1428337","0","0","0","909338","6232350"
"c-kzg","1426889","0","0","58715","1413960","5661771"
"finality-grandpa","1425883","519791","691180","1241364","2136546","2540536"
"cap-std","1425636","126922","433991","818199","2245463","3503608"
"gcd","1425408","162622","620853","1016216","1347555","3979796"
"pathfinder_simd","1425002","269190","324068","637522","915491","4978742"
"polars-time","1424036","0","98578","399930","1532954","5088719"
"mac_address","1422695","535808","689621","1000578","1437939","3449529"
"human-panic","1422302","749262","1016364","880444","1773590","2691853"
"font-kit","1421319","296340","363604","626832","953314","4866509"
"tracing-tree","1420569","479724","710275","1097800","1666059","3148988"
"accesskit_consumer","1417732","79","6516","718437","1852409","4511222"
"google-cloud-token","1417545","0","0","633140","2223331","4231257"
"rancor","1416874","0","0","554","197617","6886199"
"log-panics","1414794","280137","785381","1154255","1636529","3217672"
"alloy-dyn-abi","1412048","0","0","37651","1103880","5918711"
"pythonize","1411320","25490","138578","515562","845531","5531442"
"tzdb","1410894","0","139041","684587","1636689","4594155"
"function_name","1410769","148715","903782","1255642","899907","3845802"
"mint","1409350","149377","386183","749586","1484940","4276665"
"function_name-proc-macro","1408481","148324","903078","1254300","896876","3839830"
"version-ranges","1407117","0","0","0","25325","7010260"
"polars-plan","1405184","0","15738","381291","1529678","5099216"
"wild","1403294","320552","563553","635490","1490996","4005882"
"dispatch2","1402194","0","41","101","4769","7006061"
"now","1401160","542","12308","462116","1505177","5025658"
"wasm-bindgen-wasm-interpreter","1400520","180860","309764","1602954","2509344","2399678"
"lsp-server","1399404","497964","937976","902773","1587486","3070824"
"prometheus-parse","1399130","19121","444149","934888","2014596","3582897"
"wasm-bindgen-threads-xform","1398389","194897","306004","1598999","2499682","2392366"
"input_buffer","1398328","3790892","1408888","573723","457919","760222"
"objc_exception","1398065","287478","523173","1602219","2023921","2553534"
"wasm-instrument","1396595","0","588285","1824667","2221323","2348702"
"libappindicator-sys","1395956","15841","63821","758542","1370150","4771426"
"libappindicator","1395632","15703","62941","758034","1368977","4772505"
"vswhom-sys","1392922","169989","296731","919778","1606023","3972093"
"pathfinder_geometry","1391730","264206","315140","617635","919186","4842483"
"wasm-bindgen-wasm-conventions","1391170","189305","295844","1589370","2476643","2404691"
"substrate-bip39","1389086","531014","813144","1437053","1881260","2282962"
"match_token","1388789","0","0","0","0","6943947"
"polars-row","1388264","0","0","291589","1524298","5125436"
"kamadak-exif","1387505","57630","152138","1729438","2696591","2301731"
"tracing-actix-web","1387226","140780","415922","1161759","2152592","3065080"
"clap_mangen","1383127","0","165525","903884","1928181","3918045"
"wasm-bindgen-multi-value-xform","1382029","175147","295819","1589058","2475844","2374279"
"wasm-bindgen-externref-xform","1380592","172654","288954","1583525","2463924","2393905"
"mutate_once","1378677","48182","140100","1710083","2668310","2326714"
"indexmap-nostd","1377824","0","38987","961833","3070327","2817975"
"bitfield-struct","1377677","42","6581","66389","567866","6247511"
"tokio-codec","1376763","1898334","1185182","1090665","1332809","1376828"
"file-id","1375353","0","0","593643","2046671","4236453"
"async-scoped","1374173","2865","119519","850215","1674292","4223975"
"wasm-metadata","1373787","0","0","283607","1940698","4644630"
"alloy-serde","1373669","0","0","0","869458","5998891"
"winx","1371883","58611","441644","973014","2230790","3155359"
"fontconfig-parser","1370974","213","100914","330968","1556580","4866196"
"traitful","1370887","0","0","15050","122830","6716557"
"tokio-uds","1370802","1819549","996983","1118345","1466563","1452572"
"volatile-register","1370034","643635","1254816","1157725","1353201","2440795"
"kvdb","1369831","498472","678002","1193046","2066112","2413526"
"http-auth","1369743","378","93103","1231089","2158428","3365721"
"safetensors","1367411","0","58","325431","1473657","5037909"
"io-kit-sys","1366842","106706","191935","345474","1290185","4899913"
"intrusive-collections","1366151","145605","277736","512563","1300755","4594098"
"unescape","1364684","270727","752022","1319858","1749840","2730974"
"urlpattern","1364276","31534","117192","225657","1079521","5367480"
"domain","1364126","64125","84352","198172","821330","5652651"
"argminmax","1364108","0","2102","314851","1459083","5044505"
"nom-supreme","1360360","405108","644297","839045","1541729","3371621"
"sasl2-sys","1360190","185745","506366","1128322","1604242","3376275"
"atomic_refcell","1360135","386753","623949","1502918","1615409","2671647"
"exitcode","1360084","443205","827447","1401955","1351469","2776347"
"vswhom","1359339","173597","296586","904106","1584159","3838251"
"uom","1359311","465018","661806","584099","895716","4189916"
"dir-diff","1357907","600712","702932","788558","2761329","1936005"
"igd-next","1357876","0","250","149872","2118338","4520920"
"wit-component","1355298","0","1686","286741","1975836","4512229"
"pgvector","1354378","145","1044","16544","120842","6633317"
"gix-status","1353730","0","0","12968","277801","6477883"
"result","1351794","154007","299990","309097","884635","5111242"
"notify-debouncer-full","1351312","0","0","565143","1973004","4218417"
"zxcvbn","1351081","481413","584718","871607","1632229","3185440"
"protobuf-src","1348480","57","163099","1344058","1879085","3356101"
"async-native-tls","1347817","858409","1220841","1249627","1560928","1849283"
"brownstone","1347132","186813","650806","877067","1659559","3361418"
"serde_ini","1345207","146155","298454","303635","868122","5109672"
"spl-tlv-account-resolution","1345143","0","0","213989","1996789","4514940"
"alloy-consensus","1344944","0","0","25","880921","5843778"
"cranelift-bitset","1344909","0","0","0","761106","5963439"
"spl-transfer-hook-interface","1342282","0","0","214038","1981194","4516181"
"kvdb-rocksdb","1341717","507389","666739","1186987","2026867","2320603"
"ark-scale","1340398","0","0","582644","3394694","2724653"
"futures-bounded","1338887","0","0","134760","2207943","4351732"
"aligned","1338226","377338","239542","632719","628816","4812717"
"abscissa_core","1336963","324796","461142","586451","1430245","3882182"
"frunk_proc_macros","1336736","135239","937507","1602839","2243681","1764415"
"compare","1336156","283969","587007","731966","1392027","3685811"
"abscissa_derive","1335956","317694","460215","586361","1432209","3883303"
"google-cloud-gax","1335676","117","27645","452649","916524","5281446"
"jwalk","1334685","45780","232662","1286774","2384262","2723949"
"lasso","1333943","82523","132825","212767","712431","5529172"
"postgres-derive","1333021","182873","323475","1188245","2130675","2839838"
"secret-service","1332712","451160","625376","877011","1987863","2722154"
"zuse","1330679","737","5339269","1295979","9826","7585"
"kvdb-memorydb","1329001","478932","655359","1168844","2025486","2316388"
"lexopt","1326889","2237","411577","692556","1496400","4031676"
"fluent-bundle","1326781","214965","563667","1045960","1827469","2981844"
"cap-fs-ext","1325868","123064","408730","767574","2056945","3273029"
"cap-rand","1325554","120828","407579","767647","2057925","3273794"
"fluent-langneg","1324478","201793","524270","1028551","1771451","3096326"
"cap-time-ext","1324374","119899","406436","767676","2057781","3270078"
"parsenic","1323728","0","0","53","14090","6604497"
"memory_units","1322949","1044924","1519490","1455870","1161516","1432945"
"uds","1322393","66391","95914","1123944","3023942","2301778"
"stream-cancel","1320851","796603","752836","992443","1747607","2314768"
"spl-type-length-value","1320643","0","0","207934","1809026","4586259"
"assert_approx_eq","1320250","500745","709151","1265942","1733383","2392032"
"async-nats","1320143","118772","143621","410698","1116402","4811224"
"octseq","1318426","0","45","100909","826992","5664185"
"fluent-syntax","1317969","219201","546841","1032724","1812773","2978308"
"liblzma","1315774","0","0","5128","168556","6405189"
"intl_pluralrules","1314967","214645","559425","1081601","1810333","2908833"
"internment","1312078","312663","714221","1279482","1418306","2835722"
"v_htmlescape","1311839","373404","304557","262728","1584084","4034424"
"wasmtime-cranelift-shared","1311632","0","0","1352430","3224867","1980864"
"modular-bitfield","1311175","115654","410536","891135","1915612","3222941"
"sp-core","1311140","110315","169134","426244","1963980","3886029"
"modular-bitfield-impl","1310829","115686","410156","891163","1914973","3222167"
"async_once","1309827","49772","1249330","2232650","1721545","1295841"
"minicov","1309750","272","2878","8555","857672","5679376"
"amq-protocol-types","1309159","291596","520257","963140","1801544","2969262"
"serde_html_form","1309027","0","77477","565220","1718376","4184064"
"tt-call","1308471","64062","635227","1284444","2183151","2375474"
"num-order","1307225","0","1645","12769","446714","6075001"
"realfft","1306395","30767","111812","543487","900755","4945156"
"amq-protocol","1306372","292363","520007","961127","1799633","2958733"
"mdbook","1304900","390329","893565","985685","1715031","2539892"
"tonic-web","1304604","48966","434008","456308","1423383","4160359"
"exit-future","1304391","520192","679413","1206154","1951448","2164752"
"ashpd","1304364","10125","89927","198955","1331189","4891626"
"polkavm-assembler","1303030","0","0","390","2051169","4463591"
"system-interface","1300758","119213","401879","765645","2010741","3206316"
"polkavm","1299466","0","0","297","2052452","4444584"
"wasm-opt","1297521","0","50956","1216252","2405732","2814667"
"eth-keystore","1297252","27298","346002","1141733","2055511","2915719"
"generational-arena","1296823","897175","1917302","1117679","1027247","1524714"
"serde-json-wasm","1295943","155901","419032","1194868","1844602","2865315"
"wasmer-types","1294286","209026","1781351","1414854","1287794","1778409"
"by_address","1293987","69852","171246","576629","1853466","3798746"
"spl-token-metadata-interface","1293026","0","0","203348","1764517","4497269"
"light-poseidon","1292261","0","56","313035","3484540","2663674"
"core-text","1291805","234138","328918","816928","1109703","3969339"
"glob-match","1290328","0","0","111910","721306","5618426"
"google-cloud-storage","1289199","0","5752","304066","1617947","4518234"
"self_update","1288965","203075","526552","1212503","1410598","3092099"
"swc_ecma_transforms_base","1288956","159344","306645","794174","2379880","2804741"
"crc-any","1288810","125385","236578","464373","864597","4753118"
"bencher","1288547","299228","356142","404609","1903541","3479215"
"extend","1287385","481989","718197","1407251","1447345","2382144"
"capnpc","1286928","192556","631966","820542","1699750","3089828"
"versions","1286652","75796","178819","612454","1890138","3676054"
"clap-num","1285117","790","8844","218880","1914997","4282076"
"tracy-client","1284532","26431","78474","226060","649218","5442479"
"polkavm-linux-raw","1282909","0","0","377","2030712","4383459"
"unidecode","1281613","73541","177873","1169843","2154666","2832146"
"objc2-cloud-kit","1281587","0","0","0","644247","5763688"
"slog-envlogger","1281370","479838","924736","1187314","1300093","2514873"
"ark-relations","1280877","43196","436188","901742","1391530","3631730"
"intl-memoizer","1280399","188464","520252","1007860","1774279","2911143"
"unicode-security","1278818","354329","365054","549990","1525220","3599498"
"wasmer-derive","1277693","162381","1773990","1407479","1276777","1767841"
"x11-clipboard","1276947","833180","501979","626017","1618392","2805168"
"swc_ecma_codegen","1276112","156826","448003","764972","2262584","2748177"
"alloy-eip7702","1275666","0","0","0","601891","5776440"
"wasmer-vm","1275272","209143","1780192","1413208","1276534","1697285"
"wasmer-compiler","1275121","209470","1780698","1413718","1274771","1696952"
"webkit2gtk-sys","1274618","89938","230881","610988","1328080","4113204"
"libz-ng-sys","1274224","0","118116","397352","1366633","4489023"
"clap-cargo","1272778","24367","134655","305565","1181919","4717387"
"valuable-derive","1270541","0","44050","148858","339764","5820037"
"webkit2gtk","1269429","74729","225588","607442","1328596","4110791"
"hyper-openssl","1268345","499940","965240","1607463","1038264","2230822"
"envconfig","1268255","84177","276824","1016392","2264630","2699254"
"envconfig_derive","1267988","84503","276862","1016406","2263378","2698791"
"fast-math","1267517","26197","3554930","383869","1162204","1210387"
"javascriptcore-rs-sys","1265525","89981","221038","600800","1311767","4104042"
"codespan","1265083","396607","693189","1180598","1566241","2488783"
"wasmer","1264161","164875","1773934","1408631","1275604","1697762"
"py_literal","1264046","105281","205537","363267","1013523","4632623"
"tracy-client-sys","1262653","25971","71496","217734","642662","5355406"
"range-alloc","1262126","358561","855176","1210453","1093392","2793049"
"sea-schema","1261779","2708","117647","665453","1875687","3647404"
"cgmath","1261759","266496","478971","793722","733918","4035690"
"tracing-wasm","1260520","111126","285974","462220","1190922","4252361"
"tray-icon","1259212","0","98","238659","891529","5165774"
"anymap2","1256342","57084","480691","1150571","1463014","3130352"
"javascriptcore-rs","1256272","77666","213826","590375","1305195","4094301"
"sea-orm-cli","1253140","1007","68507","623499","1893861","3678829"
"query_map","1250564","0","263181","810095","1756376","3423168"
"lapin","1249675","268213","461918","909569","1738607","2870072"
"minidom","1248631","253564","617927","993763","1258611","3119291"
"ethers-providers","1248105","16250","191173","1196908","2391192","2445002"
"gcp_auth","1247954","23118","195788","480934","1859386","3680546"
"asn1_der","1246836","750672","1182955","1210400","1031664","2058490"
"actix-multipart","1245098","213620","410661","833855","1680703","3086652"
"hyper-proxy","1243588","437075","1174217","1215095","1606301","1785252"
"swc_ecma_utils","1243426","162797","302193","785806","2227442","2738896"
"vmm-sys-util","1243238","198573","555458","1391120","1256341","2814702"
"tokio-fs","1242985","1717053","921084","945179","1267005","1364606"
"spl-pod","1242918","0","0","203350","1815565","4195678"
"liblzma-sys","1241209","0","0","5438","177057","6023553"
"ethers-contract","1240497","12957","174275","1132393","2334371","2548492"
"subtle-encoding","1240192","450493","2465673","867376","1109124","1308298"
"open-fastrlp","1239075","0","53124","1156266","2208161","2777827"
"amq-protocol-tcp","1238538","270385","478195","911097","1702557","2830456"
"amq-protocol-uri","1238486","268950","478004","911657","1704001","2829819"
"smoldot","1235095","112","528","444914","2175423","3554500"
"msvc-demangler","1234718","182379","401947","527380","769838","4292046"
"atomic-counter","1234605","133964","327771","754453","920420","4036421"
"open-fastrlp-derive","1234000","0","48529","1150965","2197586","2772922"
"notify-debouncer-mini","1233473","0","73984","1091581","2077187","2924615"
"sea-orm-migration","1233029","0","61667","615629","1853865","3633984"
"smoldot-light","1232384","0","163","444029","2170037","3547694"
"tokio-udp","1230227","1730242","947713","934355","1249301","1289528"
"spl-discriminator","1229429","0","0","206600","1777118","4163430"
"spl-program-error","1229114","0","0","209275","1792187","4144112"
"embedded-hal-nb","1228939","0","23495","331085","850140","4939979"
"shadow-rs","1228222","192288","458436","854152","1539399","3096837"
"geojson","1227937","247098","299384","620022","909746","4063437"
"tarpc","1226574","1090772","690929","710749","1520238","2120185"
"tcp-stream","1226057","264367","467355","916018","1687400","2795146"
"plotters-bitmap","1225454","91140","194309","493945","783452","4564428"
"wio","1222288","354098","328422","748046","1040019","3640855"
"wasm-opt-sys","1221573","0","51144","1226184","2240906","2589632"
"rustsec","1220015","374616","570121","899773","1163559","3092010"
"rc2","1218181","71774","355381","844383","1697224","3122143"
"egui_extras","1217376","0","49157","334077","981499","4722149"
"panic-message","1216369","50186","322725","554502","810313","4344120"
"wasm-opt-cxx-sys","1215939","0","50662","1209192","2236210","2583633"
"target-features","1215413","0","1437","465773","1582920","4026935"
"gix-macros","1214497","0","0","474842","3847719","1749928"
"rstest_reuse","1211730","21674","168877","427121","2085305","3355673"
"bip32","1211262","32829","322499","842641","1376156","3482186"
"polars-sql","1209372","0","365","228966","930171","4887360"
"iter-read","1208920","66187","293178","312919","1438209","3934110"
"ariadne","1206648","4284","87265","470402","963038","4508251"
"markup5ever_rcdom","1205061","618153","519246","700968","1137462","3049479"
"ethers-signers","1204366","16559","180710","1154619","2292224","2377719"
"sea-schema-derive","1204334","2160","108572","634831","1766919","3509192"
"protoc-gen-prost","1204208","0","37755","348065","2797741","2837480"
"notify-rust","1203424","251519","751674","850042","1376790","2787098"
"gstreamer","1203309","157984","503384","1177978","1496414","2680785"
"libbz2-rs-sys","1203260","0","0","0","1036","6015265"
"alloy-rpc-types-eth","1203033","0","0","0","822635","5192533"
"substring","1201185","64239","540797","1984247","1444803","1971840"
"tarpc-plugins","1201163","1090151","675842","685877","1478548","2075401"
"neon-build","1200933","507399","856555","2092192","2111576","436944"
"ark-bls12-377","1200746","9832","198356","675864","2164921","2954759"
"self-replace","1199612","0","0","368462","1446832","4182766"
"ethers-contract-abigen","1199025","12542","138998","1100270","2351630","2391689"
"crossbeam-skiplist","1198750","94","671","1477622","2406240","2109124"
"solang-parser","1195798","13","161184","1219669","1968890","2629234"
"datafusion-catalog","1194416","0","0","0","1157123","4814957"
"polkavm-linker","1194042","0","0","1718","2228104","3740390"
"spl-token-group-interface","1193564","0","0","8658","1628305","4330857"
"datafusion-physical-optimizer","1193498","0","0","0","1157271","4810222"
"aws-sdk-sqs","1192857","20252","350015","658126","1500081","3435811"
"tui","1191978","654269","1252793","1807637","1249369","995826"
"webview2-com-sys","1191558","3140","169621","510795","1068596","4205642"
"json-subscriber","1190584","0","0","0","15349","5937572"
"oncemutex","1189988","197814","336208","780333","1797430","2838155"
"bloomfilter","1187577","173123","568785","1003731","1784123","2408123"
"ethers-contract-derive","1187496","12381","134989","1099080","2326370","2364660"
"chrono-humanize","1185836","387683","605412","819868","1530879","2585338"
"hyper-named-pipe","1185358","0","0","0","983920","4942873"
"alloy-eip2930","1185214","0","0","0","511008","5415065"
"crates-index","1184824","479628","920766","1247260","1233073","2043397"
"python3-dll-a","1184204","0","40098","272780","1046009","4562135"
"idea","1183953","92710","242902","711183","1497514","3375459"
"neon-runtime","1183674","501520","848237","2077337","2105966","385314"
"muldiv","1183583","214420","426764","1116975","1445032","2714726"
"regex-cache","1183453","192161","330871","772638","1791641","2829954"
"perf-event-open-sys","1183426","516262","700161","1013908","1502013","2184787"
"string","1181873","1868601","1274907","1168412","757032","840416"
"softbuffer","1181763","0","2445","183936","1267471","4454963"
"evalexpr","1181059","15997","26576","341795","1853948","3666980"
"libp2p-upnp","1179288","0","0","99330","1814101","3983013"
"drop_bomb","1178004","417790","621948","890159","1403265","2556859"
"imageproc","1177948","129063","266633","391781","787250","4315017"
"honggfuzz","1176996","418171","546628","979092","2100635","1840458"
"gix-worktree-stream","1176416","0","0","362518","261732","5257832"
"phonenumber","1174911","191192","317673","768896","1809223","2787573"
"protobuf-codegen-pure","1174876","448419","1217176","1025318","1349611","1833860"
"minicbor","1174563","627552","374414","729715","1188712","2952425"
"gix-archive","1173141","0","0","363242","266698","5235768"
"coreaudio-sys","1172313","235516","389431","851751","1595664","2789205"
"http-client","1169443","665542","993457","1129393","1326928","1731898"
"webview2-com","1165647","3091","171727","491842","1030561","4131015"
"hashers","1164734","3297","235156","1070011","1993413","2521796"
"arrow-format","1163428","47045","449841","711113","1014330","3594814"
"anymap","1162564","1116009","1170696","1471555","978515","1076045"
"rustyline-derive","1161987","278312","489440","1061162","1378424","2602597"
"konst_kernel","1161170","0","4788","687267","1718620","3395178"
"polars-pipe","1160895","0","15662","361135","1024761","4402919"
"cvss","1159127","343027","534952","846295","1070347","3001018"
"wasmtime-fiber","1158438","214545","372075","782067","1780522","2642982"
"interprocess","1157973","446096","67915","205916","934030","4135908"
"lettre","1157862","316211","536259","770211","1545774","2620858"
"rasn-derive-impl","1157056","0","0","0","4086","5781196"
"cargo-util","1156961","136203","695220","1114410","1370814","2468158"
"ethers-etherscan","1156437","2282","155790","1073006","2213401","2337710"
"qualifier_attr","1156302","0","0","263958","3284374","2233180"
"numtoa","1155881","931321","1147714","875593","955693","1869087"
"libsodium-sys","1154183","420556","569227","1182578","1289679","2308875"
"gstreamer-sys","1151197","154546","354190","1163440","1435757","2648053"
"shellwords","1150210","113173","629332","669166","1318810","3020571"
"eventsource-client","1149720","9163","51091","459890","1298158","3930301"
"alloy-network-primitives","1148384","0","0","0","642304","5099618"
"libp2p-wasm-ext","1148210","570420","793781","1301854","2175061","899936"
"ruc","1144587","917123","4636477","42432","68686","58220"
"dwrote","1142845","198243","292415","563307","943806","3716458"
"array-macro","1142599","619397","764151","1056813","1205358","2067276"
"reqsign","1141906","0","294125","991282","1340178","3083946"
"wasmer-compiler-cranelift","1141545","162146","1658281","1133498","1203533","1550267"
"openapiv3","1141279","103153","249220","745256","1074330","3534437"
"jsonrpsee-wasm-client","1141008","0","196978","653283","1432066","3422717"
"xi-unicode","1140947","687037","709588","1097260","1397095","1813758"
"mock_instant","1137971","132244","425617","283032","619125","4229839"
"defmt-parser","1137800","137421","191948","554646","1404233","3400752"
"pcap-file","1136667","44039","84015","207257","430460","4917568"
"objc2-ui-kit","1135629","0","0","0","646598","5031551"
"futures-retry","1135027","131546","196501","979976","1338813","3028301"
"alloy-chains","1134875","0","0","9272","1082453","4582652"
"pxfm","1134156","0","0","0","0","5670781"
"unicode-vo","1132567","115312","218521","433873","1335103","3560030"
"alloy-json-rpc","1132010","0","0","30","771906","4888114"
"shared_library","1131140","390685","661686","622437","1491111","2489781"
"inflate","1129254","581658","1424490","769184","1226766","1644175"
"derive-into-owned","1128455","162834","94650","213795","427853","4743146"
"yansi-term","1127893","362150","601971","1107260","1739244","1828843"
"datafusion-functions-nested","1127616","0","0","0","1133949","4504133"
"alloy-trie","1126456","0","0","807","464179","5167298"
"fxprof-processed-profile","1126402","0","505","638982","2069131","2923393"
"alloy-signer","1125996","0","0","26","756308","4873646"
"prost-reflect-derive","1125796","69","19174","118555","304080","5187104"
"dynasm","1124285","212487","462344","838927","2915607","1192062"
"dynasmrt","1123539","212384","462349","838432","2913999","1190532"
"defmt-macros","1123066","125583","167671","550608","1404294","3367178"
"spl-program-error-derive","1122668","0","0","210436","1761267","3641641"
"protox","1122161","0","57","447750","1697434","3465566"
"alloy-network","1122123","0","0","26","755927","4854663"
"pinky-swear","1120698","253925","453074","901982","1655164","2339347"
"coreaudio-rs","1120020","215187","284899","757107","1402895","2940012"
"earcutr","1117636","3024","19863","481796","2122182","2961315"
"nybbles","1115383","0","0","2822","438026","5136071"
"spl-discriminator-syn","1113837","0","0","208304","1743300","3617583"
"corosensei","1112842","0","1010211","1469502","1305506","1778993"
"sanitize-filename","1112779","201727","441306","881327","1382571","2656964"
"reactor-trait","1112158","3868","276111","815972","1542697","2922142"
"scale-decode","1111997","0","32967","320838","1606076","3600104"
"trait-variant","1111139","0","0","596","1085854","4469248"
"salvo-serde-util","1110768","0","0","0","561268","4992572"
"webview2-com-macros","1109880","3007","159802","466250","970685","3949660"
"protox-parse","1109244","0","45","442959","1669814","3433405"
"utf8-decode","1109139","6960","28558","250495","529891","4729794"
"junit-report","1109109","135322","1056756","1237715","1315514","1800239"
"freetype","1106985","354848","342055","812897","704830","3320296"
"keyring","1106946","65848","200440","393436","1400449","3474559"
"typeshare","1105288","406","1644","669720","1801120","3053553"
"executor-trait","1104860","4703","277539","816992","1561750","2863316"
"rustc-stable-hash","1104062","0","0","0","268240","5252071"
"mailparse","1104048","153465","311971","447482","1274296","3333027"
"fsio","1103004","614710","1096208","922905","1090363","1790838"
"sha1-checked","1102791","0","0","0","127417","5386542"
"guillotiere","1102603","308494","521770","823468","1217039","2642244"
"ittapi-sys","1102281","0","144647","761358","1834834","2770568"
"rodio","1101791","348882","584797","835006","1310285","2429989"
"scylla","1101750","8787","60764","966354","1732272","2740575"
"ittapi","1101316","0","144718","760344","1832570","2768948"
"solana-metrics","1100137","174698","539476","475399","1395131","2915983"
"rust-s3","1100089","167753","500918","922959","1139730","2769087"
"is_debug","1099933","19749","388039","801085","1364966","2925827"
"docify_macros","1099794","0","0","653871","2312154","2532949"
"docify","1099660","0","0","653533","2311834","2532936"
"whirlpool","1099218","107201","426111","795197","1229530","2938054"
"solana-measure","1098667","174301","542163","470193","1380273","2926408"
"alloy-core","1098374","0","244","453","606155","4885018"
"typeshare-annotation","1097983","0","865","669733","1790669","3028648"
"termion","1096594","947094","1110439","787197","1041325","1596918"
"pasta_curves","1094239","65003","217883","436723","1729625","3021963"
"swc_ecma_codegen_macros","1094213","145066","404574","707287","1846816","2367323"
"aws-creds","1093498","138302","500357","956272","1103907","2768656"
"solana-zk-token-sdk","1093497","0","348036","597116","1585485","2936851"
"read-fonts","1093413","0","217","40936","972154","4453759"
"rustler","1093275","360745","775241","873660","1355370","2101363"
"clap_complete_nushell","1092570","0","508","233573","1347857","3880912"
"mime_guess2","1092538","0","0","30669","1040532","4391493"
"regalloc","1092222","1189081","2737145","674331","436409","424148"
"snapbox","1091804","0","210494","606332","1354511","3287684"
"tabwriter","1090525","348156","453117","618997","892359","3139999"
"spl-discriminator-derive","1089591","0","0","208241","1743426","3496292"
"typewit_proc_macros","1088805","0","0","79146","1883797","3481082"
"crc64fast-nvme","1088482","0","0","0","1638","5440774"
"aws-region","1087855","140812","505476","942237","1088229","2762522"
"windows-version","1087810","0","0","29131","1172609","4237312"
"quick-junit","1087759","0","350168","537470","994105","3557053"
"tauri-plugin","1087297","0","0","0","732305","4704184"
"binrw","1086211","1162","37586","298806","984352","4109149"
"async-global-executor-trait","1085257","3587","275295","813173","1540930","2793303"
"binrw_derive","1084671","1050","37395","298775","980588","4105549"
"gpiocdev","1083280","0","370","6316","30040","5379674"
"gpiocdev-uapi","1083260","0","434","6563","30142","5379164"
"forwarded-header-value","1082204","165","6199","270725","1713433","3420502"
"current_platform","1082137","0","49989","309945","1371729","3679023"
"scylla-macros","1080837","8615","57010","944590","1677204","2716767"
"tame-index","1080624","0","0","271100","1125374","4006648"
"scylla-cql","1080195","0","12528","944957","1710676","2732814"
"variant_count","1080189","174368","747055","1181422","1417742","1880361"
"rustler_codegen","1079522","366931","696714","874089","1356647","2103230"
"dummy","1077317","18143","285961","928910","1695406","2458169"
"unchecked-index","1075154","1622842","1493913","711713","606488","940816"
"syslog_loose","1074292","102014","253408","227117","259568","4529354"
"lyon_geom","1073983","388891","509183","848960","1474611","2148273"
"elf","1073044","72793","98868","257006","1736088","3200468"
"ark-ed-on-bls12-381-bandersnatch","1072939","0","51","540847","1848426","2975375"
"sp-runtime-interface","1072277","111419","168853","425689","1567779","3087649"
"jwt","1071603","116772","369934","839686","1484859","2546766"
"leb128fmt","1070920","0","0","41","887","5353676"
"gpu-allocator","1070665","7473","25436","837737","1468093","3014590"
"palette","1067558","233213","327457","617689","1252511","2906922"
"femme","1067360","391496","413475","726339","1721802","2083690"
"binary-heap-plus","1066784","192711","514306","713842","1038016","2875046"
"ndarray-npy","1066764","107633","203630","336797","874409","3811352"
"command-group","1066566","40121","295919","1803723","1841369","1351698"
"aws-sdk-ec2","1065902","12822","163898","908027","1151139","3093624"
"toolchain_find","1065887","70382","291521","1063584","1667346","2236606"
"thrift_codec","1064688","121072","151466","308081","798064","3944757"
"gstreamer-base-sys","1064682","120862","298141","1074727","1320298","2509386"
"min-max-heap","1064464","21461","55440","319793","950590","3975036"
"aws-sdk-kms","1063816","573","162072","592337","1357062","3207037"
"svm-rs","1061031","1686","101822","758089","1654138","2789423"
"firestorm","1060472","353192","2415093","926111","970626","637340"
"prost-reflect-build","1058141","0","6983","87206","239442","4957076"
"datafusion-tracing","1057797","0","0","0","0","5288987"
"average","1054405","48467","95299","197874","428304","4502085"
"grep-cli","1053674","162947","390407","617416","1527982","2569622"
"gstreamer-base","1052561","120425","296839","1073428","1318407","2453710"
"witx","1051630","50894","258124","591413","1673959","2683763"
"ethers-solc","1051414","2382","82315","1008851","1892123","2271403"
"easy-cast","1050828","40306","81368","197063","445970","4489436"
"palette_derive","1050077","227847","301335","605007","1234098","2882102"
"wasmtime-versioned-export-macros","1049308","0","0","227894","2191156","2827492"
"snapbox-macros","1049221","0","202166","588539","1271729","3183672"
"hidapi","1048605","244498","504886","705639","1544273","2243732"
"async-h1","1048207","631658","888403","982933","1220479","1517564"
"wasmi_arena","1046668","0","22509","802504","2696893","1711436"
"embedded-can","1046605","63468","45257","423046","791599","3909656"
"parquet-format-safe","1045115","0","157984","595828","980627","3491140"
"s2n-tls-sys","1044942","39","30262","83620","697690","4413102"
"s2n-tls","1044839","42","30140","81073","702161","4410783"
"actix-web-actors","1043253","340877","708084","961493","1336648","1869167"
"brotli2","1042969","2279032","1006161","452502","567155","909997"
"pasetors","1042324","1340","4081","977486","1801525","2427190"
"brotli-sys","1041257","2269393","1004462","452992","568306","911135"
"grok","1040657","110261","224204","199095","203169","4466556"
"instrumented-object-store","1039679","0","0","0","0","5198398"
"faccess","1039339","93723","540300","906426","1081959","2574291"
"libp2p-gossipsub","1037539","586662","983436","658180","1016502","1942917"
"enum_primitive","1037440","558989","600085","946104","1523489","1558534"
"ogg","1036185","262722","601845","871351","1247216","2197791"
"arrow2","1036155","29142","291815","644119","944215","3271484"
"getrandom_or_panic","1035519","0","0","81846","2253683","2842068"
"pyroscope","1035040","35","74369","533183","2025162","2542455"
"ethers-middleware","1034103","10481","160902","876795","1820519","2301822"
"launchdarkly-server-sdk-evaluation","1033323","0","24885","424421","1249032","3468279"
"embedded-storage","1032278","7316","65062","491861","617703","3979448"
"cargo","1031699","346088","863466","1161279","1270475","1517189"
"sp-externalities","1029803","108610","160028","353431","1515346","3011602"
"refinery-core","1029490","82263","284294","793551","1453943","2533403"
"atspi","1027971","0","1152","418844","1392091","3327769"
"hexasphere","1027639","211466","480470","736308","1143713","2566240"
"reflink-copy","1027025","0","0","109417","827589","4198121"
"cross","1026800","528118","1111811","1253803","1112868","1127402"
"async-reactor-trait","1026791","3605","275297","813139","1531068","2510848"
"ar","1026522","380869","848879","863175","1084253","1955436"
"percentage","1025600","18207","140642","566944","1523997","2878210"
"gumdrop_derive","1025466","507547","692057","773290","1294795","1859645"
"gumdrop","1025253","508959","691663","772973","1293654","1859020"
"refinery","1025191","81171","283789","784165","1450563","2526269"
"spinners","1025189","81617","89577","684169","2035828","2234755"
"solana-rayon-threadlimit","1024703","174263","536439","447295","1325438","2640083"
"refinery-macros","1024515","81242","283856","784152","1448894","2524431"
"nonmax","1024418","4535","24789","127694","1361381","3603691"
"ssh2","1024025","170054","314254","491430","1016552","3127838"
"eventsource-stream","1023348","550","15130","267153","742866","4091044"
"minicbor-derive","1022116","632766","323408","660681","1107944","2385785"
"sodiumoxide","1022039","332249","445339","1011129","1153444","2168034"
"tokio-retry2","1021936","0","0","0","267591","4842092"
"alloy-transport","1021196","0","0","32","731601","4374349"
"dynamic-pool","1021174","63802","365882","1167324","1433382","2075481"
"datafusion-expr-common","1019828","0","0","0","468896","4630247"
"datafusion-functions-aggregate-common","1019622","0","0","0","468707","4629406"
"ed25519-consensus","1019375","652","278381","946736","1518794","2352312"
"accesskit_windows","1018310","72","5704","422357","1336673","3326745"
"alloy-rpc-client","1018165","0","0","28","730591","4360210"
"ofb","1018111","15005","188893","233796","213257","4439607"
"datafusion-functions-window","1016913","0","0","0","467460","4617107"
"sp-trie","1016657","103015","145403","387279","1782418","2665173"
"alloy-transport-http","1016043","0","0","27","730758","4349431"
"accesskit_unix","1015810","0","0","412501","1342048","3324503"
"schema_registry_converter","1014851","18730","13746","146355","379938","4515486"
"wasmtime-component-util","1013022","0","1075","599759","1892473","2571807"
"byteorder_slice","1012637","159","428","103341","323317","4635941"
"w3f-bls","1010803","0","0","459772","2061678","2532565"
"impl-num-traits","1010726","10932","29279","514555","1871863","2627005"
"futures-utils-wasm","1010397","0","0","0","848557","4203431"
"pyroscope_pprofrs","1008851","0","761","490533","2015394","2537569"
"err-derive","1007855","842603","690191","952017","1009215","1545253"
"etherparse","1006460","133978","217194","537437","889583","3254110"
"alga","1006316","634756","425759","371289","399616","3200161"
"alloy-provider","1006105","0","0","26","720018","4310484"
"gltf-derive","1005433","230504","433730","701542","1168371","2493020"
"gltf-json","1004985","230480","431759","701272","1168069","2493349"
"naive-timer","1003910","12249","95524","454314","402553","4054914"
"ethers","1003865","11325","145332","822377","1782803","2257488"
"objc2-io-kit","1002575","0","0","0","0","5012878"
"accesskit_macos","1001741","0","4198","386159","1306457","3311891"
"tendermint-proto","1000270","108634","2093371","594530","911193","1293626"
