repo,repo_id,score,Binary-Artifacts,Branch-Protection,CI-Tests,CII-Best-Practices,Code-Review,Contributors,Dangerous-Workflow,Dependency-Update-Tool,Fuzzing,License,Maintained,Packaging,Pinned-Dependencies,SAST,Security-Policy,Signed-Releases,Token-Permissions,Vulnerabilities,Webhooks,date
0015/thatproject,gh/195199001,2.9,10,3,0,0,0,3,-1,10,0,10,0,-1,-1,0,0,-1,-1,0,,2026-04-06T20:35:10+01:00
0voice/algorithm-structure,gh/272414961,2.3,10,0,-1,0,0,3,-1,0,0,0,0,-1,-1,0,0,-1,-1,10,,2026-04-06T20:36:14+01:00
0x1abin/multitimer,gh/68795424,2.6,10,0,0,0,1,0,-1,0,0,10,0,-1,-1,0,0,-1,-1,10,,2026-04-07T16:59:40+01:00
0xchocolate/flipperzero-wifi-marauder,gh/517178329,3.7,10,0,5,0,2,10,10,0,0,10,2,-1,0,0,0,-1,0,10,,2026-04-07T17:01:00+01:00
0xfa11/multiplayernetworkingresources,gh/118740023,2.8,10,0,0,0,2,10,-1,0,0,0,1,-1,-1,0,0,-1,-1,10,,2026-04-06T13:40:54+01:00
10der/homeassistant-custom_components-awtrix,gh/748539167,2.6,10,0,0,0,0,3,-1,0,0,10,0,-1,-1,0,0,-1,-1,10,,2026-04-27T21:27:31+01:00
256dpi/arduino-mqtt,gh/27349944,3.2,10,0,0,0,0,10,10,0,0,10,0,-1,0,0,0,-1,0,10,,2026-04-07T16:59:51+01:00
34736384/genshin-fps-unlock,gh/363349493,3.1,10,0,0,0,0,0,-1,0,0,10,9,-1,-1,0,0,0,-1,10,,2026-04-06T17:37:34+01:00
3proxy/3proxy,gh/18551709,3.6,10,0,0,0,0,6,10,0,0,9,10,-1,0,0,0,0,0,10,,2026-04-06T15:40:06+01:00
7rulnik/source-map-js,gh/330043541,3.0,10,3,0,0,2,10,-1,0,0,9,7,-1,-1,0,0,-1,-1,0,,2026-04-27T15:53:04+01:00
86box/86box,gh/61964127,5.5,10,0,10,0,1,10,10,10,0,10,10,-1,0,10,4,0,0,10,,2026-04-06T16:37:00+01:00
9176324/shark,gh/153141222,2.2,8,0,-1,0,0,3,-1,0,0,10,0,-1,-1,0,0,0,-1,10,,2026-04-07T18:01:03+01:00
9fans/plan9port,gh/26095474,6.2,10,0,7,0,8,10,10,10,10,9,10,-1,0,0,0,-1,0,10,,2026-04-07T10:58:12+01:00
a0rtega/pafish,gh/4849630,2.3,10,0,0,0,0,0,-1,0,0,10,0,-1,-1,0,0,0,-1,10,,2026-04-06T16:38:02+01:00
a2o/snoopy,gh/7248772,3.2,10,3,0,0,0,3,0,0,0,10,5,-1,0,7,9,0,0,10,,2026-04-07T15:01:30+01:00
abb128/livecaptions,gh/572363468,3.4,10,0,0,0,2,10,10,0,0,10,0,-1,0,0,0,-1,0,10,,2026-04-07T11:54:59+01:00
abcminiuser/lufa,gh/4771934,1.8,0,0,0,0,3,10,-1,0,0,0,0,-1,-1,0,0,-1,-1,10,,2026-04-07T16:56:45+01:00
abishekvashok/cmatrix,gh/14021219,3.5,10,1,0,0,9,10,-1,0,0,10,0,-1,-1,0,0,0,-1,10,,2026-04-06T15:40:29+01:00
abrasive/shairport,gh/1597711,2.8,10,0,0,0,0,10,-1,0,0,9,0,-1,-1,0,0,-1,-1,10,,2026-04-06T19:48:32+01:00
acados/acados,gh/55497573,6.9,10,8,10,0,8,10,10,10,0,9,10,-1,0,10,0,-1,0,9,,2026-04-07T15:03:26+01:00
acassen/keepalived,gh/4988795,4.8,10,0,8,0,0,10,10,0,0,10,2,-1,0,9,0,-1,9,10,,2026-04-06T16:34:56+01:00
aceinnolab/inkycal,gh/146219350,3.1,0,0,10,0,0,10,10,10,0,10,0,-1,0,0,0,0,0,8,,2026-04-07T13:57:00+01:00
acidanthera/opencorepkg,gh/179354282,4.0,0,3,10,0,1,10,10,0,10,10,10,-1,0,0,0,0,0,10,,2026-04-06T12:40:11+01:00
acidicoala/screamapi,gh/276600217,3.9,8,0,-1,0,0,0,10,0,0,10,0,-1,10,0,0,0,9,10,,2026-04-07T14:58:23+01:00
acornjs/acorn,gh/5932749,5.2,10,0,7,0,3,10,10,0,0,0,10,-1,3,0,0,-1,10,10,,2026-04-27T14:56:11+01:00
acornjs/acorn-jsx,gh/22187098,3.0,10,0,0,0,1,10,-1,0,0,10,0,-1,-1,0,0,-1,-1,10,,2026-04-27T21:27:31+01:00
adafruit/adafruit_learning_system_guides,gh/105065494,4.2,6,3,10,0,4,10,10,0,0,10,10,-1,0,0,0,0,0,10,,2026-04-07T16:58:33+01:00
adafruit/adafruit_python_dht,gh/20585627,3.0,10,0,0,0,5,0,-1,0,0,10,0,-1,-1,0,0,-1,-1,10,,2026-04-07T16:56:05+01:00
adamdunkels/uip,gh/9062884,1.7,10,0,-1,0,0,6,-1,0,0,0,0,-1,-1,0,0,-1,-1,3,,2026-04-07T17:01:53+01:00
addy-dclxvi/almighty-dotfiles,gh/103657132,1.3,1,0,0,0,1,0,-1,0,0,0,0,-1,-1,0,0,-1,-1,10,,2026-04-07T13:58:42+01:00
ading2210/linuxpdf,gh/916802481,3.9,10,0,-1,0,0,3,10,0,0,10,0,-1,0,0,0,-1,9,10,,2026-04-06T16:34:52+01:00
adobe/react-spectrum,gh/208362715,5.8,10,,10,0,9,10,10,0,10,10,10,-1,0,0,10,-1,0,0,,2026-05-03T17:32:33+01:00
adoxa/ansicon,gh/1060945,2.3,10,0,-1,0,0,0,-1,0,0,9,0,-1,-1,0,0,0,-1,10,,2026-04-07T15:03:40+01:00
adrianlopezroche/fdupes,gh/19813003,2.6,10,3,0,0,1,0,-1,0,0,9,0,-1,-1,0,0,0,-1,10,,2026-04-06T18:51:24+01:00
adsr/phpspy,gh/128580589,3.2,10,0,1,0,1,3,10,0,0,10,0,-1,0,0,0,-1,0,10,,2026-04-07T13:00:54+01:00
aergoio/litetree,gh/143778005,3.4,10,6,0,0,0,3,-1,0,0,10,1,-1,-1,0,0,-1,-1,10,,2026-04-07T11:56:37+01:00
agronholm/anyio,gh/145337588,6.2,10,,9,0,5,10,10,10,0,10,10,10,0,0,0,-1,0,10,,2026-05-03T17:32:33+01:00
agronholm/exceptiongroup,gh/447694800,4.4,10,0,10,0,1,6,10,0,0,9,1,10,0,0,10,-1,0,10,,2026-04-27T21:27:41+01:00
ahrm/sioyek,gh/385037052,3.6,6,0,0,0,2,10,10,0,0,10,10,-1,0,0,0,0,0,10,,2026-04-06T13:39:29+01:00
ai/nanoid,gh/99401299,7.2,10,0,9,0,2,10,10,10,0,10,10,-1,10,5,10,-1,9,8,,2026-04-27T16:07:30+01:00
aio-libs/aiobotocore,gh/36618494,7.5,10,8,8,0,0,10,10,10,0,10,10,10,9,8,10,-1,10,2,,2026-04-27T15:05:43+01:00
aio-libs/aiohttp,gh/13258039,7.4,10,3,10,0,8,10,10,10,10,9,10,10,0,10,10,3,0,10,,2026-04-27T15:07:05+01:00
aio-libs/aiosignal,gh/205007356,7.4,10,,10,0,10,10,10,10,0,10,10,10,2,10,10,1,0,10,,2026-05-03T17:32:33+01:00
aio-libs/async-timeout,gh/67703198,5.9,10,3,9,0,-1,10,-1,10,0,9,0,-1,-1,9,10,0,-1,10,,2026-04-27T16:03:32+01:00
aio-libs/frozenlist,gh/204197530,6.5,10,,10,0,5,10,10,10,0,10,0,10,0,10,10,6,0,10,,2026-05-03T23:21:24+01:00
aio-libs/multidict,gh/51206425,7.4,10,3,10,0,5,10,10,10,10,9,10,-1,0,10,10,8,0,10,,2026-04-27T21:27:58+01:00
aio-libs/propcache,gh/866565706,6.8,10,3,10,0,2,10,10,10,0,10,9,10,0,10,10,8,0,10,,2026-04-27T21:28:15+01:00
aio-libs/yarl,gh/64756820,7.4,10,3,10,0,2,10,10,10,10,10,10,10,0,10,10,8,0,10,,2026-04-27T16:08:08+01:00
airblader/i3,gh/26973029,3.1,10,0,-1,0,0,10,10,0,0,10,0,-1,0,0,0,0,0,10,,2026-04-06T14:42:51+01:00
aircrack-ng/aircrack-ng,gh/124678204,4.7,10,0,2,0,1,10,10,0,0,10,0,10,0,10,10,-1,0,10,,2026-04-06T14:35:59+01:00
aircrack-ng/rtl8188eus,gh/170168532,2.7,10,0,0,0,4,3,-1,0,0,0,0,-1,-1,0,0,-1,-1,10,,2026-04-07T16:55:55+01:00
airockchip/rknn-toolkit2,gh/696280459,0.4,0,0,-1,0,0,0,-1,0,0,9,0,-1,2,0,0,-1,-1,0,,2026-04-06T19:35:27+01:00
airockchip/rknn_model_zoo,gh/459400730,0.4,0,0,-1,0,0,0,-1,0,0,10,0,-1,-1,0,0,-1,-1,0,,2026-04-06T20:35:51+01:00
aixed/wechat-hook,gh/485321986,2.6,0,3,-1,0,0,0,-1,0,0,10,10,-1,-1,0,0,0,-1,10,,2026-04-07T11:54:37+01:00
ajv-validator/ajv,gh/35914020,6.6,10,8,1,2,8,10,10,10,0,10,8,-1,0,0,10,-1,0,10,,2026-04-27T14:57:00+01:00
ajv-validator/ajv-formats,gh/281084700,3.9,10,,0,0,4,10,10,0,0,10,0,-1,0,0,0,-1,0,10,,2026-05-03T17:33:20+01:00
akemin-dayo/appsync,gh/19905299,2.5,10,0,0,0,0,10,-1,0,0,9,0,-1,-1,0,0,0,-1,10,,2026-04-07T14:59:44+01:00
akopytov/sysbench,gh/31806094,3.6,10,1,0,0,3,10,10,0,0,10,0,-1,0,0,0,-1,0,10,,2026-04-06T14:36:55+01:00
akospasztor/stm32-bootloader,gh/87632134,3.0,10,3,0,0,0,6,-1,0,0,9,0,-1,-1,0,0,-1,-1,10,,2026-04-07T18:03:10+01:00
albfan/miraclecast,gh/22542684,3.3,10,0,3,0,1,0,10,0,0,9,2,-1,0,0,0,-1,0,10,,2026-04-06T16:36:15+01:00
aleksoid1978/mpc-be,gh/453620090,3.0,4,0,0,0,0,0,10,0,0,10,10,-1,0,0,0,0,0,10,,2026-04-06T16:38:04+01:00
alephsecurity/xnu-qemu-arm64,gh/190453050,2.3,2,0,0,0,3,10,-1,0,0,9,0,-1,-1,0,0,-1,-1,10,,2026-04-07T13:55:40+01:00
alexaltea/orbital,gh/108667201,3.0,10,0,-1,0,0,10,-1,0,0,10,0,-1,-1,0,0,-1,-1,10,,2026-04-06T17:35:40+01:00
alexcrichton/tar-rs,gh/21946092,7.6,10,,6,0,8,10,10,10,10,10,10,-1,0,0,0,-1,10,10,,2026-05-03T23:21:24+01:00
alexdobin/star,gh/17778869,2.0,4,1,0,0,0,10,-1,0,0,10,0,-1,0,0,0,0,-1,10,,2026-04-06T20:37:56+01:00
alexei/sprintf.js,gh/9175790,1.8,10,0,0,0,0,10,-1,0,0,10,0,-1,-1,0,0,-1,-1,0,,2026-04-27T21:28:27+01:00
alexeyraspopov/picocolors,gh/410740124,3.6,10,0,0,0,4,10,10,0,0,10,0,-1,0,0,0,-1,0,10,,2026-04-27T14:57:00+01:00
alexfanw/huster-cs,gh/229448035,1.6,0,0,-1,0,0,3,-1,0,0,10,0,-1,-1,0,0,-1,-1,10,,2026-04-07T14:56:08+01:00
alexfru/smallerc,gh/6812127,1.5,0,0,0,0,1,3,-1,0,0,10,0,-1,-1,0,0,0,-1,10,,2026-04-07T12:56:45+01:00
alexgalhardo/software-engineering,gh/237513443,1.0,10,0,-1,0,0,0,-1,0,0,0,0,-1,0,0,0,-1,-1,0,,2026-04-07T15:02:45+01:00
alexhuszagh/rust-lexical,gh/155286170,5.4,10,3,6,0,0,3,10,10,10,9,4,-1,0,0,10,-1,0,7,,2026-04-27T21:28:35+01:00
alexindigo/asynckit,gh/59087459,2.7,10,0,0,0,0,6,-1,0,0,10,0,-1,-1,0,0,-1,-1,10,,2026-04-27T21:28:42+01:00
alfiecg24/trollinstallerx,gh/766661694,2.3,6,0,-1,0,0,10,-1,0,0,10,0,-1,-1,0,0,0,-1,10,,2026-04-07T11:54:37+01:00
alibaba/gaiax,gh/456772654,3.0,0,6,6,0,1,10,10,0,0,10,1,10,0,3,0,-1,0,0,,2026-04-07T15:00:51+01:00
alibaba/gcanvas,gh/122935708,3.6,8,6,0,0,5,10,-1,0,0,10,0,-1,0,0,0,-1,-1,10,,2026-04-07T10:55:56+01:00
alibaba/tengine,gh/3784017,4.7,10,1,3,0,8,10,10,0,0,10,8,-1,0,0,0,-1,0,10,,2026-04-06T12:41:31+01:00
alibaba/tsar,gh/7642569,3.4,10,0,0,0,5,10,-1,0,0,10,0,-1,-1,0,0,-1,-1,10,,2026-04-06T19:48:18+01:00
alibaba/xquic,gh/424947551,6.2,10,1,10,0,9,3,10,0,0,10,10,10,0,10,10,-1,0,10,,2026-04-07T10:57:28+01:00
allalgorithms/c,gh/149231271,3.9,10,0,0,0,10,10,-1,0,0,10,0,-1,-1,0,0,-1,-1,10,,2026-04-07T10:56:43+01:00
allinurl/goaccess,gh/11397939,5.4,10,3,7,0,1,10,10,0,0,10,10,10,0,0,10,-1,0,10,,2026-04-06T12:37:49+01:00
altramayor/f3,gh/2984156,4.3,10,0,10,0,0,10,10,0,0,10,10,-1,0,0,0,-1,0,10,,2026-04-06T18:36:31+01:00
altramayor/gatekeeper,gh/62745741,3.2,10,3,0,0,0,10,10,0,0,10,0,-1,0,0,0,0,0,10,,2026-04-07T11:57:41+01:00
am0nsec/hellsgate,gh/268861709,2.4,10,0,0,0,1,3,-1,0,0,0,0,-1,-1,0,0,-1,-1,10,,2026-04-07T16:00:25+01:00
amadvance/snapraid,gh/17883395,4.8,10,0,-1,0,0,0,10,0,0,9,10,-1,0,10,0,0,9,10,,2026-04-06T19:49:11+01:00
amanieu/parking_lot,gh/58731560,4.1,10,0,9,0,5,10,10,0,0,10,3,-1,0,0,0,-1,0,10,,2026-04-27T21:28:45+01:00
analogdevicesinc/no-os,gh/7014478,6.5,10,8,10,0,10,10,10,0,0,9,10,-1,0,9,0,0,9,10,,2026-04-07T14:55:57+01:00
andialbrecht/sqlparse,gh/4067434,4.8,10,0,2,0,1,10,10,0,10,10,0,-1,0,7,10,-1,0,10,,2026-04-27T21:28:47+01:00
andlabs/libui,gh/34088285,2.7,10,0,0,0,2,10,-1,0,0,9,0,-1,-1,0,0,0,-1,10,,2026-04-06T13:37:05+01:00
andmarti1424/sc-im,gh/25980738,3.7,10,0,0,0,1,10,10,0,0,9,5,-1,0,0,0,-1,0,10,,2026-04-06T15:35:56+01:00
andreas-mausch/whatsapp-viewer,gh/18067526,2.3,10,0,0,0,0,0,-1,0,0,10,0,-1,-1,0,0,0,-1,10,,2026-04-07T13:57:55+01:00
andrei-markeev/ts2c,gh/64089592,3.0,10,0,0,0,0,0,-1,10,0,10,0,-1,-1,0,0,-1,-1,5,,2026-04-07T13:59:22+01:00
andrewrk/libsoundio,gh/38333501,3.8,10,0,0,0,9,10,-1,0,0,10,0,-1,-1,0,0,-1,-1,10,,2026-04-07T10:48:49+01:00
andrewrk/node-pend,gh/11836813,3.0,10,0,-1,0,0,10,-1,0,0,10,0,-1,-1,0,0,-1,-1,10,,2026-04-27T21:28:50+01:00
ands/lightmapper,gh/58688426,2.5,10,0,0,0,0,10,-1,0,0,0,0,-1,-1,0,0,-1,-1,10,,2026-04-07T12:57:49+01:00
andyperlitch/jsbn,gh/9710533,2.4,10,0,0,0,4,3,-1,0,0,9,0,-1,-1,0,0,-1,-1,4,,2026-04-27T21:28:54+01:00
anestisb/vdexextractor,gh/106165247,2.8,10,0,0,0,1,6,-1,0,0,10,0,-1,-1,0,0,-1,-1,10,,2026-04-07T16:56:45+01:00
annotated-types/annotated-types,gh/487934134,3.9,10,0,1,0,7,10,10,0,0,10,1,-1,0,0,0,-1,0,10,,2026-04-27T16:09:58+01:00
ansem-sod/picofly,gh/616848567,2.1,10,0,0,0,0,0,-1,0,0,0,0,-1,-1,0,0,-1,-1,10,,2026-04-07T15:59:35+01:00
answer-huang/dsymtools,gh/21232952,1.6,0,0,0,0,2,3,-1,0,0,10,0,-1,-1,0,0,0,-1,10,,2026-04-06T17:36:45+01:00
antimof/uxplay,gh/255923578,4.6,10,0,0,0,10,0,-1,0,0,10,10,-1,-1,0,0,-1,-1,10,,2026-04-07T10:55:49+01:00
antirez/disque,gh/34676773,2.1,10,0,0,0,5,3,-1,0,0,10,0,-1,-1,0,0,-1,-1,0,,2026-04-06T13:41:27+01:00
antirez/dump1090,gh/7455329,3.8,10,0,0,0,1,3,-1,0,0,10,10,-1,-1,0,0,-1,-1,10,,2026-04-06T18:51:59+01:00
antirez/hping,gh/4653998,2.7,10,0,0,0,1,3,-1,0,0,9,0,-1,-1,0,0,-1,-1,10,,2026-04-07T11:55:46+01:00
antirez/iris.c,gh/1136984342,2.7,10,0,0,0,1,3,-1,0,0,10,0,-1,-1,0,0,-1,-1,10,,2026-04-07T10:57:01+01:00
antirez/kilo,gh/62994219,2.8,10,0,0,0,2,3,-1,0,0,10,0,-1,-1,0,0,-1,-1,10,,2026-04-06T13:40:24+01:00
antirez/linenoise,gh/571929,3.6,10,0,0,0,2,3,-1,0,0,10,7,-1,-1,0,0,-1,-1,10,,2026-04-06T16:36:24+01:00
antirez/neural-redis,gh/69393843,2.7,10,0,0,0,1,3,-1,0,0,10,0,-1,-1,0,0,-1,-1,10,,2026-04-06T20:36:37+01:00
antirez/rax,gh/83552012,2.6,10,0,0,0,0,3,-1,0,0,10,0,-1,-1,0,0,-1,-1,10,,2026-04-07T15:55:52+01:00
antirez/sds,gh/16582463,2.7,10,0,0,0,1,3,-1,0,0,10,0,-1,-1,0,0,-1,-1,10,,2026-04-06T15:36:06+01:00
antirez/smallchat,gh/711090094,2.6,10,0,0,0,3,3,-1,0,0,0,0,-1,-1,0,0,-1,-1,10,,2026-04-06T13:42:27+01:00
antirez/smaz,gh/164020,2.7,10,0,-1,0,0,3,-1,0,0,10,0,-1,-1,0,0,-1,-1,10,,2026-04-07T15:56:05+01:00
antirez/voxtral.c,gh/1150763716,2.6,10,0,0,0,0,3,-1,0,0,10,0,-1,-1,0,0,-1,-1,10,,2026-04-07T12:58:02+01:00
antoniococo/remotepotato0,gh/337221642,2.3,10,0,0,0,0,0,-1,0,0,10,0,-1,-1,0,0,0,-1,10,,2026-04-07T13:55:53+01:00
antoniococo/roguepotato,gh/262841542,2.3,10,0,-1,0,0,0,-1,0,0,10,0,-1,-1,0,0,0,-1,10,,2026-04-07T16:01:01+01:00
antonk52/lilconfig,gh/238967485,3.5,10,0,0,0,0,6,10,10,0,10,0,-1,6,0,0,-1,0,0,,2026-04-27T21:28:58+01:00
any1/wayvnc,gh/213255828,3.9,10,0,0,0,0,10,-1,0,0,10,10,-1,-1,0,0,-1,-1,10,,2026-04-07T11:56:50+01:00
aomediacodec/libavif,gh/191218735,6.8,9,1,9,0,10,10,10,10,10,9,10,-1,8,0,10,0,0,10,,2026-04-07T10:50:04+01:00
aorimn/dislocker,gh/7098048,4.5,10,0,0,0,10,3,-1,0,0,10,1,-1,-1,0,10,-1,-1,10,,2026-04-07T10:57:27+01:00
apache/age,gh/276293034,6.0,10,0,9,0,10,10,10,10,0,10,10,-1,0,0,10,0,0,10,,2026-04-06T16:35:53+01:00
apache/airflow,gh/33884891,7.8,10,,10,0,10,10,-1,10,10,10,10,-1,0,10,10,8,-1,0,,2026-05-03T23:26:18+01:00
apache/arrow,gh/51905353,6.9,10,3,10,0,8,10,10,10,10,10,10,10,0,0,10,8,0,4,,2026-04-27T16:08:30+01:00
apache/arrow-rs,gh/358917250,7.0,10,,10,0,10,10,10,10,0,10,10,-1,0,0,10,-1,0,9,,2026-05-03T23:21:24+01:00
apache/cloudberry,gh/644742603,5.9,8,8,10,0,10,10,10,10,0,10,10,10,0,0,10,0,0,0,,2026-04-07T15:57:46+01:00
apache/guacamole-server,gh/54452627,5.4,10,3,10,0,3,10,10,0,0,10,10,-1,0,0,10,-1,0,10,,2026-04-06T17:34:54+01:00
apache/httpd,gh/205423,5.3,10,0,-1,0,0,10,10,0,10,10,10,-1,0,0,10,-1,0,10,,2026-04-06T16:37:41+01:00
apple-oss-distributions/xnu,gh/413590840,2.7,10,0,-1,0,0,3,-1,0,0,9,0,-1,-1,0,0,-1,-1,10,,2026-04-06T18:50:50+01:00
apple/darwin-xnu,gh/93205465,3.3,10,0,-1,0,0,0,-1,0,0,9,0,-1,-1,0,10,-1,-1,10,,2026-04-06T13:36:28+01:00
apple/homekitadk,gh/227424495,4.8,10,6,0,0,9,3,10,0,0,10,0,-1,0,0,10,-1,0,10,,2026-04-06T19:45:07+01:00
appneta/tcpreplay,gh/14542959,4.5,10,0,10,0,0,10,10,0,0,0,0,-1,0,7,10,8,0,10,,2026-04-07T14:59:27+01:00
appspa/app-space,gh/280132722,2.5,5,0,0,0,0,0,10,0,0,10,0,-1,0,0,0,-1,9,0,,2026-04-07T15:02:37+01:00
appunite/androidffmpeg,gh/3730414,2.4,7,0,0,0,1,3,-1,0,0,10,0,-1,-1,0,0,-1,-1,10,,2026-04-07T17:01:37+01:00
apress/ray-tracing-gems,gh/175272971,2.1,5,0,0,0,0,3,-1,0,0,10,0,-1,-1,0,0,-1,-1,10,,2026-04-07T18:01:13+01:00
aprilrobotics/apriltag,gh/149340903,5.4,10,3,10,0,10,10,10,0,0,9,10,-1,0,0,0,-1,0,10,,2026-04-06T20:37:31+01:00
apsaradb/polardb-for-postgresql,gh/370529505,2.2,10,0,-1,0,0,0,-1,0,0,0,0,-1,-1,0,0,-1,-1,10,,2026-04-06T18:37:42+01:00
aravisproject/aravis,gh/64920647,4.2,10,3,10,0,3,10,10,0,0,10,7,-1,0,0,0,0,0,10,,2026-04-07T15:59:35+01:00
archagon/sensible-side-buttons,gh/93575522,2.4,10,0,0,0,0,3,-1,0,0,10,0,-1,-1,0,0,0,-1,10,,2026-04-07T10:49:14+01:00
ardatan/graphql-tools,gh/54432168,5.5,10,0,8,0,0,10,10,10,0,10,10,-1,3,9,10,-1,0,0,,2026-04-27T15:07:35+01:00
ardatan/whatwg-node,gh/429511342,5.7,10,0,10,0,0,10,10,10,0,10,10,-1,2,10,0,-1,0,9,,2026-04-27T21:29:14+01:00
ardera/flutter-pi,gh/190380053,4.4,10,3,10,0,1,6,10,0,0,10,7,-1,1,8,0,0,0,10,,2026-04-07T10:55:35+01:00
arduino/arduinocore-avr,gh/103147930,4.6,0,0,5,0,3,10,10,10,0,0,5,-1,0,0,10,8,0,10,,2026-04-07T13:55:47+01:00
arinerron/cve-2022-0847-dirtypipe-exploit,gh/467221382,3.0,10,0,-1,0,0,10,-1,0,0,10,0,-1,-1,0,0,-1,-1,10,,2026-04-07T16:56:15+01:00
arjun024/mkernel,gh/18772441,3.0,9,0,0,0,2,10,-1,0,0,10,0,-1,-1,0,0,-1,-1,10,,2026-04-07T14:55:38+01:00
arkdb/inception,gh/41525316,2.7,10,0,-1,0,0,3,-1,0,0,10,0,-1,-1,0,0,-1,-1,10,,2026-04-07T10:57:18+01:00
arkhipov/temporal_tables,gh/8259812,2.8,10,0,0,0,3,3,-1,0,0,10,2,-1,-1,0,0,0,-1,10,,2026-04-07T18:03:02+01:00
arm-software/arm-trusted-firmware,gh/13740589,4.8,10,0,-1,0,0,10,-1,10,0,9,10,-1,-1,0,10,-1,-1,0,,2026-04-06T20:37:30+01:00
arm-software/ml-kws-for-mcu,gh/114120727,2.2,0,0,-1,0,0,0,-1,0,0,10,0,-1,-1,0,10,-1,-1,10,,2026-04-07T15:55:40+01:00
armink/cmbacktrace,gh/77414939,3.2,8,0,0,0,5,10,-1,0,0,10,0,-1,-1,0,0,-1,-1,10,,2026-04-07T10:50:08+01:00
armink/easyflash,gh/29770287,3.5,10,0,0,0,6,10,-1,0,0,10,0,-1,-1,0,0,-1,-1,10,,2026-04-06T20:35:49+01:00
armink/flashdb,gh/266515876,4.5,8,0,3,0,6,10,10,0,0,10,10,-1,0,0,0,-1,0,10,,2026-04-06T19:48:31+01:00
armink/freemodbus_slave-master-rtt-stm32,gh/11835581,2.9,10,0,0,0,1,10,-1,0,0,9,0,-1,-1,0,0,-1,-1,10,,2026-04-07T10:56:12+01:00
armink/sfud,gh/63885010,3.9,10,0,0,0,10,10,-1,0,0,10,0,-1,-1,0,0,-1,-1,10,,2026-04-07T12:56:05+01:00
armmbed/daplink,gh/24571059,3.6,8,3,0,0,7,10,10,0,0,10,0,-1,0,0,0,0,0,10,,2026-04-06T19:40:22+01:00
armon/bloomd,gh/3419558,3.0,10,0,0,0,6,3,-1,0,0,9,0,-1,0,0,0,-1,-1,10,,2026-04-07T15:03:32+01:00
armory3d/armortools,gh/81142732,3.1,0,0,-1,0,0,3,10,0,0,9,10,-1,0,0,0,-1,0,10,,2026-04-06T16:38:10+01:00
arq5x/bedtools2,gh/15059334,3.2,10,0,0,0,3,10,10,0,0,10,0,-1,0,0,0,0,0,10,,2026-04-07T18:02:27+01:00
arthepsy/cve-2021-4034,gh/452094681,2.3,10,0,-1,0,0,3,-1,0,0,0,0,-1,-1,0,0,-1,-1,10,,2026-04-07T16:56:10+01:00
artifexsoftware/mupdf,gh/37978718,4.7,10,0,-1,0,0,10,10,0,0,10,10,-1,0,10,0,-1,0,10,,2026-04-06T19:43:01+01:00
arut/nginx-rtmp-module,gh/3714900,2.6,10,0,0,0,0,3,-1,0,0,10,0,-1,-1,0,0,-1,-1,10,,2026-04-06T12:40:55+01:00
asahilinux/gpu,gh/327656592,2.9,10,3,-1,0,0,10,-1,0,0,0,0,-1,-1,0,0,-1,-1,10,,2026-04-07T18:02:27+01:00
asdcorp/ohook,gh/676621809,2.7,10,0,-1,0,0,10,-1,0,0,10,0,-1,-1,0,0,0,-1,10,,2026-04-06T20:37:42+01:00
asg017/sqlite-vec,gh/789538509,4.7,10,0,0,0,0,3,10,0,10,10,10,10,0,0,9,0,9,0,,2026-04-06T14:35:20+01:00
asmvik/skhd,gh/99607082,2.5,10,0,0,0,0,0,-1,0,0,10,0,-1,-1,0,0,-1,-1,10,,2026-04-06T13:41:52+01:00
asmvik/yabai,gh/184909163,3.5,10,0,0,0,0,10,-1,0,0,10,9,-1,-1,0,0,0,-1,10,,2026-04-06T12:36:15+01:00
assert-rs/snapbox,gh/424722460,6.5,10,,10,0,0,10,10,10,0,10,10,-1,0,10,0,-1,10,4,,2026-05-03T23:21:24+01:00
asterisk/asterisk,gh/33784533,5.8,10,0,10,0,9,10,10,0,0,9,10,-1,0,0,10,8,0,10,,2026-04-06T18:38:20+01:00
astral-sh/ruff,gh/523043277,6.3,10,3,10,0,6,10,10,10,10,10,10,10,9,0,10,0,0,0,,2026-04-27T21:29:49+01:00
astrand/xclip,gh/50902935,3.5,10,0,0,0,6,10,-1,0,0,10,0,-1,-1,0,0,-1,-1,10,,2026-04-07T15:02:21+01:00
astronautlevel2/anemone3ds,gh/96824328,2.9,10,0,0,0,3,0,-1,0,0,10,4,-1,-1,0,0,0,-1,10,,2026-04-07T17:00:39+01:00
atar-axis/xpadneo,gh/119148271,4.2,10,0,10,0,0,6,10,0,0,9,10,-1,0,0,0,-1,0,10,,2026-04-06T19:47:14+01:00
atc1441/atc_mithermometer,gh/290808391,2.0,10,0,0,0,1,6,10,0,0,0,0,-1,0,0,0,0,0,0,,2026-04-06T17:38:10+01:00
atomicobject/heatshrink,gh/8751126,2.6,10,0,0,0,0,3,-1,0,0,10,0,-1,-1,0,0,-1,-1,10,,2026-04-07T12:58:25+01:00
aubio/aubio,gh/396389,3.6,10,6,-1,0,0,10,-1,0,0,10,0,-1,-1,0,0,-1,-1,10,,2026-04-06T17:35:25+01:00
audio4linux/jdsp4linux,gh/205041305,3.0,8,0,3,0,3,3,10,10,0,10,1,-1,0,0,0,0,0,0,,2026-04-07T13:58:37+01:00
autoas/as-deprecated,gh/31243944,2.0,7,0,-1,0,0,3,-1,0,0,0,0,-1,-1,0,0,-1,-1,10,,2026-04-07T17:59:56+01:00
autotools-mirror/autoconf,gh/47662429,4.1,10,0,-1,0,0,10,-1,0,0,10,10,-1,-1,0,0,-1,-1,10,,2026-04-27T21:29:59+01:00
autotools-mirror/libtool,gh/47662711,3.4,10,0,-1,0,0,10,-1,0,0,0,7,-1,-1,0,0,-1,-1,10,,2026-04-27T21:30:04+01:00
autotools-mirror/m4,gh/66880383,3.5,10,0,-1,0,0,10,-1,0,0,10,5,-1,-1,0,0,-1,-1,10,,2026-04-27T21:30:16+01:00
avrdudes/avrdude,gh/435622658,5.0,10,0,10,0,5,10,10,0,0,10,10,-1,0,0,0,8,0,10,,2026-04-07T17:00:41+01:00
awesome-harmonyos/harmonyos,gh/201454051,1.9,1,0,0,0,7,0,-1,0,0,0,0,-1,-1,0,0,-1,-1,10,,2026-04-06T12:38:06+01:00
aws/amazon-freertos,gh/110170439,4.1,0,8,0,0,10,10,10,10,0,10,0,-1,0,0,10,0,0,0,,2026-04-06T19:47:53+01:00
aws/aws-cli,gh/6780767,6.0,10,6,10,0,3,10,10,10,0,9,10,-1,7,1,10,0,0,6,,2026-04-27T21:30:21+01:00
aws/aws-iot-device-sdk-embedded-c,gh/43013346,5.4,10,6,2,0,10,10,10,10,0,10,0,-1,0,0,10,0,0,9,,2026-04-07T17:59:34+01:00
aws/aws-sdk-js-crypto-helpers,gh/149673986,5.5,10,8,1,0,8,10,10,10,0,10,1,-1,5,1,10,-1,0,0,,2026-05-03T17:22:49+01:00
aws/aws-sdk-js-v3,gh/87228090,5.6,8,6,10,0,1,10,10,10,0,10,10,10,0,10,10,0,0,0,,2026-04-27T14:53:35+01:00
aws/pgactive,gh/623729642,5.1,10,6,2,0,8,10,10,0,0,10,1,-1,0,0,10,-1,0,10,,2026-04-07T16:59:39+01:00
axboe/fio,gh/6331631,4.5,10,0,6,0,2,10,10,0,10,10,10,-1,0,0,0,0,0,10,,2026-04-06T14:41:00+01:00
axboe/liburing,gh/200663555,4.9,10,0,5,0,3,10,10,0,0,10,10,-1,0,0,9,-1,0,10,,2026-04-06T17:36:00+01:00
axel-download-accelerator/axel,gh/40662937,2.8,10,0,0,0,0,10,-1,0,0,10,2,-1,-1,0,0,0,-1,10,,2026-04-06T17:37:50+01:00
axios/axios,gh/23088740,7.7,10,,10,0,7,10,10,10,0,10,10,10,5,10,10,-1,9,0,,2026-05-03T20:00:58+01:00
ayoubfaouzi/cpu-internals,gh/102395287,2.2,10,0,0,0,0,3,-1,0,0,0,0,-1,-1,0,0,-1,-1,10,,2026-04-07T15:59:34+01:00
azure/azure-sdk-for-js,gh/108311273,6.1,9,5,10,0,10,10,0,10,0,10,10,-1,7,0,10,-1,9,1,,2026-04-27T16:09:34+01:00
azure/azure-sdk-for-python,gh/4127088,6.5,8,5,10,0,10,10,10,10,10,10,10,-1,0,0,10,-1,0,0,,2026-04-27T21:30:49+01:00
azure/msrest-for-python,gh/71186468,4.0,10,,0,0,3,10,-1,0,0,10,0,-1,0,0,10,-1,-1,10,,2026-05-03T23:21:45+01:00
azuread/microsoft-authentication-library-for-python,gh/67243113,7.6,10,,9,0,10,10,10,10,10,9,10,10,0,8,0,-1,0,10,,2026-05-03T23:21:51+01:00
b4winckler/macvim,gh/692798,1.3,1,0,-1,0,0,10,-1,0,0,0,0,-1,-1,0,0,0,-1,9,,2026-04-06T15:39:41+01:00
babel/babel,gh/24560307,6.6,10,3,10,2,9,10,10,10,0,10,10,-1,0,0,10,-1,9,0,,2026-04-27T14:52:37+01:00
babel/babel-polyfills,gh/190579283,4.6,10,1,9,0,3,10,10,10,0,10,10,-1,0,0,0,-1,0,0,,2026-04-27T15:06:31+01:00
baidu/dperf,gh/440436833,2.6,10,0,0,0,1,0,-1,0,0,10,0,-1,-1,0,0,-1,-1,10,,2026-04-06T15:35:28+01:00
bakkeby/dwm-flexipatch,gh/206426925,3.8,10,0,0,0,1,6,-1,0,0,10,9,-1,-1,0,0,-1,-1,10,,2026-04-07T14:59:13+01:00
bandarhl/bhtwitter,gh/287821668,2.9,0,0,0,0,2,10,10,0,0,0,1,-1,0,0,0,0,9,10,,2026-04-06T19:47:50+01:00
banjorecomp/banjorecomp,gh/934549500,4.1,10,0,9,0,2,10,10,0,0,10,10,-1,0,0,0,0,0,10,,2026-04-07T11:56:33+01:00
baresip/baresip,gh/16664594,4.9,10,0,10,0,7,10,10,0,0,10,10,-1,0,0,0,-1,0,10,,2026-04-07T10:49:42+01:00
bartobri/no-more-secrets,gh/55443397,2.7,10,0,0,0,2,0,-1,0,0,10,0,-1,-1,0,0,-1,-1,10,,2026-04-06T13:42:11+01:00
basedhardware/openglass,gh/799645136,2.1,10,0,0,0,3,10,-1,0,0,10,0,-1,-1,0,0,-1,-1,0,,2026-04-06T16:37:41+01:00
basil00/windivert,gh/2233708,2.3,10,0,0,0,1,0,-1,0,0,9,0,-1,-1,0,0,0,-1,10,,2026-04-06T18:39:05+01:00
baskerville/bspwm,gh/5213091,2.9,10,0,0,0,0,10,-1,0,0,10,0,-1,-1,0,0,-1,-1,10,,2026-04-06T13:41:07+01:00
baskerville/sxhkd,gh/7386389,2.6,10,0,0,0,1,0,-1,0,0,10,0,-1,-1,0,0,-1,-1,10,,2026-04-06T18:51:16+01:00
bats3c/darkloadlibrary,gh/377760320,3.2,9,0,0,0,8,10,-1,0,0,0,0,-1,-1,0,0,-1,-1,10,,2026-04-07T15:59:34+01:00
bats3c/shad0w,gh/259695567,1.8,0,0,0,0,4,6,-1,0,0,10,0,-1,0,0,0,0,-1,10,,2026-04-06T20:37:45+01:00
battelle/movfuscator,gh/127918274,1.4,0,0,-1,0,0,0,-1,0,0,9,0,-1,-1,0,0,-1,-1,10,,2026-04-07T13:00:21+01:00
bb-qq/r8152,gh/205647695,3.3,10,0,0,0,1,0,-1,0,0,10,10,-1,-1,0,0,0,-1,10,,2026-04-06T18:51:30+01:00
bdamele/icmpsh,gh/1618395,2.1,9,0,0,0,0,3,-1,0,0,0,0,-1,-1,0,0,-1,-1,10,,2026-04-07T11:56:50+01:00
bdwgc/bdwgc,gh/2109456,4.8,10,3,10,2,0,10,-1,0,0,9,10,-1,-1,10,0,0,-1,10,,2026-04-27T16:03:02+01:00
beatgammit/base64-js,gh/2853282,3.0,10,0,-1,0,0,10,-1,0,0,10,0,-1,-1,0,0,-1,-1,10,,2026-04-27T21:31:00+01:00
begeekmyfriend/bplustree,gh/24494870,2.5,10,0,0,0,0,0,-1,0,0,10,0,-1,-1,0,0,-1,-1,10,,2026-04-07T10:57:18+01:00
begeekmyfriend/leetcode,gh/37474686,2.7,10,0,-1,0,0,0,-1,0,0,10,1,-1,-1,0,0,-1,-1,10,,2026-04-06T18:36:06+01:00
begeekmyfriend/yasea,gh/55608993,2.1,0,0,0,0,5,3,-1,0,0,10,0,-1,-1,0,0,-1,-1,10,,2026-04-06T15:40:59+01:00
bellard/mquickjs,gh/1121153522,2.9,10,0,0,0,1,0,-1,0,0,9,3,-1,-1,0,0,-1,-1,10,,2026-04-06T15:35:01+01:00
bellard/quickjs,gh/293316071,4.4,10,0,-1,0,0,10,10,0,10,9,10,-1,0,0,0,-1,0,6,,2026-04-06T13:37:29+01:00
benjaminp/six,gh/77868600,4.2,10,0,2,0,2,10,10,0,10,10,2,-1,0,0,0,-1,0,10,,2026-04-27T14:52:37+01:00
berdav/cve-2021-4034,gh/452081015,2.8,10,0,0,0,3,0,-1,0,0,10,0,-1,-1,0,0,-1,-1,10,,2026-04-07T10:50:34+01:00
berkeley-abc/abc,gh/124750053,4.1,6,0,10,0,1,10,10,0,0,9,10,-1,0,0,0,-1,0,10,,2026-04-07T16:55:55+01:00
berry-lang/berry,gh/157044434,5.7,10,6,0,0,10,10,10,0,0,10,10,-1,0,7,0,-1,0,10,,2026-04-07T18:03:10+01:00
besser82/libxcrypt,gh/35503965,4.3,10,0,10,0,1,10,10,0,0,10,0,-1,0,8,0,8,0,10,,2026-04-27T14:55:58+01:00
betaflight/betaflight,gh/37060852,5.6,10,6,10,0,9,10,10,0,0,10,10,-1,1,0,0,-1,0,10,,2026-04-06T13:37:23+01:00
bill-haku/kawaii-gcc,gh/720308689,3.3,10,0,0,0,6,3,10,0,0,10,0,-1,0,0,0,0,0,10,,2026-04-07T17:59:11+01:00
binbyu/reader,gh/149233191,1.1,0,0,0,0,1,0,-1,0,0,0,0,-1,-1,0,0,0,-1,10,,2026-04-06T15:41:43+01:00
bincode-org/bincode,gh/24130045,2.2,10,0,-1,0,0,0,-1,0,0,0,0,-1,-1,0,0,-1,-1,10,,2026-04-27T21:31:11+01:00
bingoogolapple/bgaqrcode-android,gh/28405578,1.5,0,0,0,0,1,10,-1,0,0,0,0,-1,-1,0,0,-1,-1,10,,2026-04-06T13:41:29+01:00
bitflags/bitflags,gh/29287955,6.8,10,3,10,0,4,10,10,0,0,10,10,-1,10,0,10,-1,10,10,,2026-04-27T16:09:16+01:00
bitmaker-hub/nerdminer_v2,gh/616222670,3.0,9,0,3,0,0,10,10,0,0,9,0,-1,0,0,0,0,0,10,,2026-04-06T19:46:49+01:00
bjornbytes/lovr,gh/62519414,4.2,10,3,10,0,0,10,10,0,0,10,10,-1,0,0,0,0,0,10,,2026-04-06T19:48:13+01:00
bk138/gromit-mpx,gh/12067072,4.4,10,0,8,0,2,10,10,0,0,10,10,-1,0,0,0,-1,0,10,,2026-04-07T15:00:10+01:00
blakeembrey/array-flatten,gh/17789771,3.6,10,0,0,0,0,10,-1,10,0,10,0,-1,-1,0,10,-1,-1,0,,2026-04-27T21:31:11+01:00
blakeembrey/change-case,gh/9440238,4.0,10,0,0,0,1,10,10,10,0,10,0,-1,2,0,10,-1,0,0,,2026-04-27T14:55:25+01:00
blasty/cve-2021-3156,gh/334506851,2.5,10,0,0,0,1,6,-1,0,0,0,0,-1,-1,0,0,-1,-1,10,,2026-04-07T18:03:56+01:00
blechschmidt/massdns,gh/61796725,3.8,10,3,1,0,3,10,10,0,0,10,0,-1,0,0,0,-1,0,10,,2026-04-06T17:36:14+01:00
blindmindstudios/starruler2-source,gh/141283339,2.5,0,0,0,0,7,10,-1,0,0,9,0,-1,-1,0,0,-1,-1,10,,2026-04-07T12:58:09+01:00
blinker-iot/blinker-nrf52,gh/241844430,2.1,10,0,0,0,0,0,-1,0,0,0,0,-1,-1,0,0,-1,-1,10,,2026-04-06T16:37:35+01:00
bloomberg/comdb2,gh/91593042,6.8,8,6,10,0,10,10,10,10,0,9,10,-1,0,0,10,-1,0,10,,2026-04-07T12:59:30+01:00
bluez/bluez,gh/219718895,5.0,10,3,-1,0,0,10,10,0,10,10,10,-1,1,0,0,-1,0,10,,2026-04-07T18:01:05+01:00
bluss/bencher,gh/65987276,3.1,10,0,0,0,2,10,-1,0,0,10,0,-1,-1,0,0,-1,-1,10,,2026-04-27T21:31:17+01:00
bmax121/kernelpatch,gh/662576781,4.5,10,3,0,0,0,6,10,0,0,10,10,-1,0,0,0,0,9,10,,2026-04-07T15:03:02+01:00
bminor/glibc,gh/13868694,3.6,10,0,-1,0,0,10,-1,0,0,10,0,-1,-1,0,10,-1,-1,9,,2026-04-07T10:58:41+01:00
boazsegev/facil.io,gh/49816276,3.3,10,1,0,0,3,10,-1,0,0,10,0,-1,-1,0,0,-1,-1,10,,2026-04-06T20:34:59+01:00
bobranten/ext4fsd,gh/234943556,3.2,10,0,0,0,1,6,-1,0,0,0,10,-1,-1,0,0,0,-1,10,,2026-04-07T10:56:15+01:00
bol-van/zapret,gh/51757458,3.2,3,3,0,0,0,10,10,0,0,0,10,-1,0,0,0,0,0,10,,2026-04-06T12:40:34+01:00
bol-van/zapret2,gh/1098533718,3.0,6,0,-1,0,0,0,10,0,0,0,10,-1,0,0,0,0,0,10,,2026-04-07T10:49:51+01:00
bootchk/resynthesizer,gh/1620904,4.1,10,0,0,0,3,3,10,0,0,10,10,-1,0,0,0,-1,0,10,,2026-04-07T10:59:58+01:00
bootleg/ret-sync,gh/49377590,2.3,0,0,0,0,3,0,-1,0,0,10,5,-1,-1,0,0,-1,-1,10,,2026-04-06T20:35:32+01:00
boto/boto3,gh/24774658,7.4,10,6,10,0,0,10,10,10,0,10,10,-1,10,10,10,-1,9,3,,2026-04-27T14:53:40+01:00
boto/botocore,gh/6670942,7.9,10,6,10,0,1,10,10,10,10,10,10,-1,8,10,10,-1,9,3,,2026-04-27T21:31:24+01:00
boto/s3transfer,gh/49535299,8.4,10,6,10,0,6,10,10,10,0,10,10,-1,10,10,10,-1,9,9,,2026-04-27T14:55:24+01:00
braveg1rl/performance-now,gh/336187529,2.2,10,0,-1,0,0,0,-1,0,0,0,0,-1,-1,0,0,-1,-1,10,,2026-04-27T21:31:31+01:00
brektrou/rtl8821cu,gh/173287874,3.9,10,0,0,0,10,10,-1,0,0,10,0,-1,-1,0,0,-1,-1,10,,2026-04-07T11:54:45+01:00
brendan-rius/c-jwt-cracker,gh/79501355,2.4,10,0,0,0,1,0,-1,0,0,10,0,-1,0,0,0,-1,-1,10,,2026-04-06T19:47:45+01:00
brianc/node-postgres,gh/991475,5.5,10,0,10,0,4,10,10,10,0,10,10,-1,0,0,0,-1,10,0,,2026-04-27T21:31:34+01:00
brianloveswords/node-jwa,gh/8116861,4.6,10,1,1,0,2,10,10,0,0,10,1,10,4,0,10,-1,0,10,,2026-04-27T21:31:37+01:00
brianmario/yajl-ruby,gh/180613,5.0,10,8,1,0,7,10,10,0,10,10,0,-1,0,0,0,-1,0,10,,2026-04-07T13:00:34+01:00
broofa/mime,gh/534940,3.9,10,1,5,0,0,6,10,10,0,10,0,10,4,0,0,-1,0,0,,2026-04-27T16:08:31+01:00
broofa/node-int64,gh/1208666,2.9,10,0,0,0,2,6,-1,0,0,10,0,-1,-1,0,0,-1,-1,10,,2026-04-27T16:10:05+01:00
browserify/node-util,gh/14568009,3.6,10,0,0,0,0,10,-1,0,0,10,0,-1,-1,0,10,-1,-1,10,,2026-04-27T21:31:55+01:00
browserify/resolve,gh/1915099,6.3,10,1,-1,5,0,10,10,0,0,10,10,-1,0,10,10,-1,10,10,,2026-04-27T15:06:41+01:00
browserslist/browserslist,gh/27971466,6.4,10,3,8,0,1,10,10,10,0,10,10,-1,10,5,10,-1,0,6,,2026-04-27T15:06:17+01:00
browserslist/caniuse-lite,gh/80221890,5.2,10,0,-1,0,0,10,-1,10,0,10,10,-1,-1,0,0,-1,-1,10,,2026-04-27T16:03:39+01:00
browserslist/update-db,gh/505548145,3.2,10,0,2,0,1,10,10,0,0,10,1,-1,10,0,0,-1,0,0,,2026-04-27T16:11:14+01:00
brunodev85/winlator,gh/671061529,1.3,0,0,-1,0,0,0,-1,0,0,10,0,-1,-1,0,0,0,-1,10,,2026-04-06T12:38:37+01:00
brutal-org/brutal,gh/373449678,3.7,10,6,0,0,0,10,10,0,0,10,0,-1,0,0,0,-1,0,10,,2026-04-07T16:58:32+01:00
bryanpkc/corkscrew,gh/64916837,3.1,10,0,0,0,6,0,-1,0,0,10,0,-1,-1,0,0,-1,-1,10,,2026-04-07T15:56:11+01:00
bsauce/kernel-exploit-factory,gh/320581760,1.4,0,0,0,0,0,3,-1,0,0,0,2,-1,-1,0,0,-1,-1,10,,2026-04-07T15:00:49+01:00
btbd/access,gh/218666243,2.2,10,0,-1,0,0,0,-1,0,0,0,0,-1,-1,0,0,-1,-1,10,,2026-04-07T18:00:31+01:00
buaazp/zimg,gh/11102909,2.2,10,0,0,0,0,3,-1,0,0,10,0,-1,-1,0,0,0,-1,8,,2026-04-06T19:38:54+01:00
bucanero/pkgi-ps3,gh/225931251,3.4,10,0,6,0,2,6,10,0,0,10,2,-1,0,0,0,0,0,10,,2026-04-07T18:02:53+01:00
bugaevc/wl-clipboard,gh/118928418,4.1,10,0,0,0,2,10,-1,0,0,10,10,-1,-1,0,0,-1,-1,10,,2026-04-06T20:36:39+01:00
bulwarkid/virtual-fido,gh/537229823,1.3,3,0,-1,0,0,0,-1,0,0,10,0,-1,-1,0,0,-1,-1,5,,2026-04-07T13:59:21+01:00
bumblebee-project/bumblebee,gh/2997880,3.0,10,0,0,0,1,10,-1,0,0,10,0,-1,-1,0,0,-1,-1,10,,2026-04-07T15:00:15+01:00
bumptech/stud,gh/1877150,3.1,10,0,0,0,3,10,-1,0,0,9,0,-1,-1,0,0,-1,-1,10,,2026-04-07T13:57:35+01:00
burntsushi/aho-corasick,gh/37290678,6.3,10,0,6,0,1,10,10,10,10,10,3,-1,10,0,0,-1,10,8,,2026-04-27T21:31:58+01:00
burntsushi/jiff,gh/759017108,5.8,10,0,10,0,2,10,10,0,10,10,10,-1,0,0,0,-1,10,10,,2026-04-27T21:32:02+01:00
burntsushi/memchr,gh/37290652,6.7,9,0,6,0,2,10,10,10,10,10,6,-1,10,0,0,-1,10,10,,2026-04-27T21:32:07+01:00
burntsushi/quickcheck,gh/17559913,5.1,10,0,3,0,2,10,10,0,0,10,10,-1,0,0,0,-1,10,10,,2026-04-27T15:05:26+01:00
burntsushi/same-file,gh/78375612,3.0,10,0,0,0,1,10,-1,0,0,10,0,-1,-1,0,0,-1,-1,10,,2026-04-27T17:04:52+01:00
burntsushi/termcolor,gh/141345580,3.3,10,0,0,0,1,10,10,0,0,10,0,-1,0,0,0,-1,0,10,,2026-04-27T15:53:07+01:00
burntsushi/ucd-generate,gh/123997498,3.2,10,3,0,0,0,10,-1,0,0,10,0,-1,-1,0,0,-1,-1,10,,2026-04-27T17:04:53+01:00
burntsushi/walkdir,gh/42685794,2.9,10,0,0,0,0,10,-1,0,0,10,0,-1,-1,0,0,-1,-1,10,,2026-04-27T17:04:56+01:00
burntsushi/winapi-util,gh/146040682,4.3,10,0,2,0,2,10,10,0,0,10,0,-1,0,0,0,-1,10,10,,2026-04-27T15:08:29+01:00
burrito-elixir/burrito,gh/421604034,4.3,10,0,8,0,6,10,10,0,0,10,4,-1,0,0,0,-1,0,10,,2026-04-07T14:55:38+01:00
businho/pytest-ruff,gh/599731435,3.7,10,,0,0,2,10,10,0,0,10,0,-1,0,0,0,-1,0,10,,2026-05-03T23:21:52+01:00
but0n/avem,gh/65394199,2.9,9,0,-1,0,0,10,-1,0,0,10,0,-1,-1,0,0,-1,-1,10,,2026-04-06T19:37:35+01:00
bvschaik/julius,gh/100820555,4.1,9,3,7,0,3,10,10,0,0,10,1,-1,0,9,0,0,0,10,,2026-04-06T18:34:56+01:00
bytecodealliance/rustix,gh/295544240,5.1,10,0,3,0,6,10,10,0,0,9,10,-1,0,0,10,-1,0,10,,2026-04-27T21:32:21+01:00
bytecodealliance/wasi-rs,gh/196445196,5.9,10,,10,0,7,10,10,0,0,10,10,-1,0,0,10,-1,0,10,,2026-05-03T23:21:59+01:00
bytecodealliance/wasm-micro-runtime,gh/184654298,6.2,0,6,9,0,10,10,10,10,10,10,10,-1,0,7,9,0,0,7,,2026-04-06T14:43:00+01:00
bytedance/memory-leak-detector,gh/357794012,2.6,8,0,0,0,3,0,-1,0,0,9,0,-1,-1,0,0,-1,-1,10,,2026-04-07T16:00:04+01:00
bztsrc/raspi3-tutorial,gh/116288791,3.0,10,0,0,0,5,0,-1,0,0,10,0,-1,-1,0,0,-1,-1,10,,2026-04-06T18:49:28+01:00
c-ares/c-ares,gh/571708,6.3,10,1,9,5,6,10,10,0,10,10,10,-1,0,0,10,9,0,10,,2026-04-07T10:48:28+01:00
c9s/pux,gh/15615945,2.8,9,0,0,0,0,10,-1,0,0,10,0,-1,-1,0,0,-1,-1,10,,2026-04-07T15:02:40+01:00
cactus-compute/cactus,gh/971447302,5.0,3,6,7,0,5,10,10,0,0,9,10,-1,0,0,10,-1,0,9,,2026-04-06T16:35:23+01:00
cage-kiosk/cage,gh/158740320,5.5,10,6,7,0,7,10,10,0,0,10,10,-1,0,0,0,8,0,10,,2026-04-07T10:59:50+01:00
calvinmetcalf/minimalistic-assert,gh/29144257,2.8,10,0,0,0,3,0,-1,0,0,10,0,-1,-1,0,0,-1,-1,10,,2026-04-27T16:11:14+01:00
calvinmetcalf/process-nextick-args,gh/36039131,3.0,10,0,0,0,1,10,-1,0,0,10,0,-1,-1,0,0,-1,-1,10,,2026-04-27T17:05:28+01:00
camerakit/camerakit-android,gh/74909348,4.0,5,6,0,0,10,10,-1,0,0,10,0,-1,-1,0,0,-1,-1,10,,2026-04-06T15:36:06+01:00
canopennode/canopennode,gh/39964628,3.8,10,3,0,0,4,10,-1,0,0,10,2,-1,-1,0,0,-1,-1,10,,2026-04-07T10:59:09+01:00
caolan/async,gh/698041,4.4,10,0,4,0,0,10,10,10,0,10,0,-1,4,0,0,-1,10,0,,2026-04-27T16:06:07+01:00
cariboulabs/cariboulite,gh/376525310,2.0,0,6,0,0,1,6,-1,0,0,0,0,-1,-1,0,0,-1,-1,10,,2026-04-07T14:59:55+01:00
carlini/printf-tac-toe,gh/263842117,2.6,10,0,-1,0,0,0,-1,0,0,10,0,-1,-1,0,0,-1,-1,10,,2026-04-06T20:35:01+01:00
cashapp/zipline,gh/41445081,5.8,9,8,9,0,4,10,10,10,0,10,10,10,0,7,0,-1,0,0,,2026-04-06T20:36:06+01:00
cathugger/mkp224o,gh/104667971,4.4,10,0,0,0,1,0,10,0,0,10,0,10,0,0,0,8,9,10,,2026-04-07T12:56:26+01:00
cboxdoerfer/fsearch,gh/49822610,3.9,10,0,0,0,0,10,10,0,0,10,8,-1,0,0,0,-1,0,10,,2026-04-06T16:37:13+01:00
cbsheng/tinyhttpd,gh/40075370,2.2,10,0,-1,0,0,0,-1,0,0,0,0,-1,-1,0,0,-1,-1,10,,2026-04-07T10:59:43+01:00
cc65/cc65,gh/8932489,5.4,10,3,10,0,10,10,10,0,0,10,10,-1,0,0,0,-1,0,10,,2026-04-06T19:46:35+01:00
cdown/clipmenu,gh/16539923,4.2,10,0,-1,0,0,10,10,0,0,10,10,-1,0,0,0,-1,0,10,,2026-04-07T15:55:39+01:00
cecio/usbvalve,gh/604046760,2.5,10,0,0,0,0,0,-1,0,0,10,4,-1,0,0,0,0,-1,10,,2026-04-07T14:56:01+01:00
center-for-threat-informed-defense/adversary_emulation_library,gh/259753257,2.1,0,6,0,0,2,10,10,0,0,10,0,-1,1,0,0,0,0,0,,2026-04-07T10:49:00+01:00
cepr/android-serialport-api,gh/3810840,1.9,7,0,-1,0,0,0,-1,0,0,0,0,-1,-1,0,0,-1,-1,10,,2026-04-07T14:58:16+01:00
certbot/certbot,gh/26516210,7.7,10,,10,0,10,10,10,0,0,9,10,-1,2,9,10,8,10,10,,2026-05-03T23:22:09+01:00
certifi/python-certifi,gh/3060959,7.1,10,0,8,0,5,10,10,10,0,9,8,10,5,0,10,-1,10,10,,2026-04-27T14:54:12+01:00
cesanta/elk,gh/213346952,3.3,10,0,0,0,1,3,10,0,0,9,2,-1,0,0,0,-1,0,10,,2026-04-07T10:58:41+01:00
cesanta/mjs,gh/77057142,2.9,8,0,0,0,0,6,-1,0,0,9,4,-1,-1,0,0,-1,-1,10,,2026-04-07T10:50:40+01:00
cesanta/v7,gh/15176507,3.1,10,3,0,0,0,10,-1,0,0,9,0,-1,-1,0,0,-1,-1,10,,2026-04-07T13:55:44+01:00
cfenollosa/os-tutorial,gh/24586308,3.0,10,0,0,0,5,0,-1,0,0,10,0,-1,-1,0,0,-1,-1,10,,2026-04-06T12:36:02+01:00
cgdb/cgdb,gh/4229977,3.0,10,0,-1,0,0,10,-1,0,0,10,0,-1,-1,0,0,-1,-1,10,,2026-04-07T10:59:24+01:00
cgsecurity/testdisk,gh/37376198,3.5,10,3,0,2,0,10,-1,0,0,10,2,-1,-1,0,0,-1,-1,10,,2026-04-06T20:35:38+01:00
chaijs/type-detect,gh/12107007,3.2,10,6,0,0,3,10,10,0,0,10,0,-1,0,0,0,-1,0,0,,2026-04-27T15:53:33+01:00
chalk/ansi-regex,gh/20451415,4.1,10,0,1,0,3,10,10,0,0,10,0,-1,0,0,10,-1,0,10,,2026-04-27T14:53:42+01:00
chalk/ansi-styles,gh/11803168,4.1,10,0,1,0,4,10,10,0,0,10,0,-1,0,0,10,-1,0,10,,2026-04-27T14:54:29+01:00
chalk/chalk,gh/11855195,4.0,10,0,0,0,3,10,10,0,0,10,0,-1,0,0,10,-1,0,10,,2026-04-27T14:54:07+01:00
chalk/slice-ansi,gh/43191689,4.3,10,0,0,0,0,10,10,0,0,10,6,-1,0,0,10,-1,0,10,,2026-04-27T16:09:44+01:00
chalk/strip-ansi,gh/15014856,4.2,10,0,1,0,2,10,10,0,0,10,3,-1,0,0,10,-1,0,10,,2026-04-27T14:54:17+01:00
chalk/supports-color,gh/11855007,4.1,10,0,1,0,4,10,10,0,0,10,0,-1,0,0,10,-1,0,10,,2026-04-27T14:55:14+01:00
chalk/wrap-ansi,gh/41053676,4.4,10,0,0,0,2,10,10,0,0,10,5,-1,0,0,10,-1,0,10,,2026-04-27T15:05:46+01:00
chalker/safer-buffer,gh/125825141,3.0,10,0,0,0,1,10,-1,0,0,10,0,-1,-1,0,0,-1,-1,10,,2026-04-27T14:57:14+01:00
chardet/chardet,gh/5196969,6.8,10,3,10,0,0,10,10,10,0,10,10,10,0,8,0,-1,10,10,,2026-04-27T17:05:29+01:00
checkedc/checkedc,gh/52379184,3.0,10,3,0,0,2,10,-1,0,0,9,0,-1,-1,0,0,0,-1,10,,2026-04-06T17:38:26+01:00
checkpoint-restore/criu,gh/15999638,5.6,10,3,10,0,6,10,10,0,0,9,10,-1,0,10,0,-1,0,10,,2026-04-06T17:34:53+01:00
checkra1n/pongoos,gh/238539562,3.2,10,3,0,0,0,10,10,0,0,9,0,-1,0,0,0,0,0,10,,2026-04-06T19:40:04+01:00
cheeriojs/dom-serializer,gh/18991884,6.3,10,3,10,0,0,10,10,10,0,10,10,10,5,10,10,-1,0,2,,2026-04-27T17:05:30+01:00
chenlittleping/learningvideo,gh/209732980,1.4,0,0,0,0,0,0,-1,0,0,10,0,-1,-1,0,0,-1,-1,10,,2026-04-07T10:54:39+01:00
chentao0707/qrcodescan,gh/19612729,1.5,0,0,0,0,1,0,-1,0,0,10,0,-1,-1,0,0,-1,-1,10,,2026-04-07T16:00:55+01:00
chenyahui/annotatedcode,gh/100921626,1.1,10,0,0,0,0,0,-1,0,0,0,0,-1,2,0,0,-1,-1,0,,2026-04-07T13:58:44+01:00
chicoxyzzy/node-releases,gh/73765596,4.2,10,0,-1,0,0,10,10,0,0,10,9,-1,2,0,0,-1,0,10,,2026-04-27T16:08:39+01:00
chikage0o0/linux-netspeed,gh/108989209,1.5,0,0,0,0,2,0,-1,0,0,10,0,-1,0,0,0,-1,-1,10,,2026-04-06T17:34:53+01:00
chineseocr/darknet-ocr,gh/211547440,1.5,10,0,0,0,0,3,-1,0,0,10,0,-1,-1,0,0,-1,-1,0,,2026-04-07T16:01:02+01:00
chjj/compton,gh/2711539,2.6,10,0,0,0,1,10,-1,0,0,9,0,-1,-1,0,0,0,-1,10,,2026-04-06T20:35:59+01:00
chobits/ngx_http_proxy_connect_module,gh/53579202,3.5,10,3,0,0,0,10,10,0,0,10,0,-1,0,0,0,-1,0,10,,2026-04-07T10:51:58+01:00
chocolate-doom/chocolate-doom,gh/230912,4.9,10,6,10,0,10,10,10,0,0,10,3,-1,0,0,0,3,0,10,,2026-04-06T20:35:47+01:00
christophejacquet/pifmrds,gh/18275203,2.9,10,0,0,0,2,0,-1,0,0,10,2,-1,-1,0,0,-1,-1,10,,2026-04-07T12:56:26+01:00
chronotope/chrono,gh/18210201,6.1,10,3,10,0,4,10,10,10,10,9,9,-1,0,0,0,-1,0,10,,2026-04-27T17:05:30+01:00
chronotope/humantime,gh/59320323,4.8,10,3,10,0,2,10,10,10,0,10,1,-1,0,0,0,-1,0,10,,2026-04-27T17:05:34+01:00
cilium/tetragon,gh/473137633,7.4,10,8,10,0,7,10,10,10,10,10,10,10,9,9,10,0,0,3,,2026-04-06T16:35:00+01:00
cilynx/rtl88x2bu,gh/210182175,3.4,10,0,0,0,0,3,10,0,0,10,4,-1,0,0,0,-1,0,10,,2026-04-07T11:54:12+01:00
circuit-digest/esp-drone,gh/689881351,2.1,0,0,0,0,0,3,-1,0,0,0,9,-1,-1,0,0,-1,-1,10,,2026-04-07T10:51:53+01:00
cisco-talos/clamav,gh/5128084,7.0,6,6,10,0,10,10,10,10,10,10,10,-1,0,9,10,8,0,0,,2026-04-06T14:39:13+01:00
cisco/libsrtp,gh/9087423,5.1,10,0,10,0,3,10,10,0,10,9,10,-1,0,0,0,-1,0,10,,2026-04-07T13:59:03+01:00
citronneur/pamspy,gh/509569204,2.5,10,0,0,0,1,3,-1,0,0,10,0,-1,-1,0,0,0,-1,10,,2026-04-07T16:01:15+01:00
citusdata/citus,gh/50874442,6.5,10,3,10,0,10,10,10,10,0,10,10,10,0,7,10,-1,0,0,,2026-04-06T13:34:58+01:00
citusdata/cstore_fdw,gh/18400513,3.3,10,0,0,0,4,10,-1,0,0,10,0,-1,-1,0,0,-1,-1,10,,2026-04-07T10:59:45+01:00
citusdata/pg_cron,gh/67372977,4.6,10,3,0,0,6,10,-1,0,0,10,7,-1,-1,0,0,-1,-1,10,,2026-04-06T17:35:05+01:00
citusdata/postgresql-hll,gh/8014055,4.2,10,6,0,0,7,10,-1,0,0,10,0,-1,-1,0,0,-1,-1,10,,2026-04-07T15:56:16+01:00
civetweb/civetweb,gh/13352949,5.4,10,0,8,0,3,10,10,10,10,9,10,-1,0,9,4,0,0,1,,2026-04-06T17:37:45+01:00
cjdelisle/cjdns,gh/1376101,1.7,10,0,0,0,0,10,-1,0,0,10,0,-1,0,0,0,-1,-1,0,,2026-04-06T15:36:18+01:00
clap-rs/clap,gh/31315121,5.5,10,3,10,0,2,10,10,10,0,10,10,-1,0,0,0,-1,10,0,,2026-04-27T17:05:40+01:00
classicube/classicube,gh/28119786,4.2,9,3,0,0,0,10,10,0,0,9,10,-1,0,0,0,-1,0,10,,2026-04-07T10:54:55+01:00
cleanflight/cleanflight,gh/9066347,2.4,8,0,0,0,0,10,-1,0,0,10,0,-1,-1,0,0,0,-1,10,,2026-04-06T19:35:39+01:00
clibs/clib,gh/6425435,5.1,10,5,2,0,6,10,10,10,10,10,0,-1,0,0,0,0,0,10,,2026-04-06T15:38:55+01:00
client9/libinjection,gh/4975438,2.7,10,0,0,0,2,0,-1,0,0,9,0,-1,-1,0,0,-1,-1,10,,2026-04-07T18:02:04+01:00
climbsnail/holocubic_aio,gh/372273305,1.1,0,1,0,0,1,0,-1,0,10,10,0,-1,0,0,0,0,-1,0,,2026-04-07T14:56:13+01:00
cloudef/bemenu,gh/17872874,4.0,10,0,0,0,5,10,10,0,0,10,0,-1,0,0,0,8,0,10,,2026-04-07T13:56:25+01:00
cloudflare/cloudflare-blog,gh/48141512,4.2,9,0,0,0,7,6,10,10,0,10,0,-1,0,0,10,-1,0,0,,2026-04-07T15:55:53+01:00
cloudflare/cloudflare-python,gh/753271547,5.4,10,6,10,0,0,10,10,0,0,10,10,-1,0,0,10,-1,0,10,,2026-04-27T17:05:53+01:00
cloudpipe/cloudpickle,gh/33880218,4.3,10,6,4,0,2,10,10,0,0,9,0,10,0,0,0,8,0,6,,2026-04-27T17:05:53+01:00
cloudwu/coroutine,gh/5152019,2.7,10,0,0,0,1,3,-1,0,0,10,0,-1,-1,0,0,-1,-1,10,,2026-04-06T19:47:57+01:00
cloudwu/mptun,gh/38737845,2.4,10,0,0,0,1,3,-1,0,0,0,0,-1,-1,0,0,-1,-1,10,,2026-04-07T15:04:18+01:00
cloudwu/pbc,gh/2869484,3.5,10,0,0,0,6,10,-1,0,0,10,0,-1,-1,0,0,-1,-1,10,,2026-04-07T11:56:47+01:00
cloudwu/skynet,gh/5254557,4.1,10,0,0,0,6,10,10,0,0,10,5,-1,0,0,0,-1,0,10,,2026-04-06T12:40:51+01:00
cmatsuoka/figlet,gh/1239151,2.6,10,0,0,0,0,3,-1,0,0,10,0,-1,-1,0,0,-1,-1,10,,2026-04-07T11:57:49+01:00
cmuratori/refterm,gh/377698768,2.5,10,0,0,0,1,3,-1,0,0,10,0,-1,-1,0,0,0,-1,10,,2026-04-07T10:59:52+01:00
cmusphinx/pocketsphinx,gh/18513454,5.6,10,3,7,0,6,3,10,10,0,9,10,-1,0,0,0,-1,0,10,,2026-04-06T16:36:00+01:00
cn-annotation-team/redis7.0-chinese-annotated,gh/484046432,6.0,10,6,0,0,10,10,-1,10,10,10,0,-1,-1,0,10,-1,-1,0,,2026-04-07T17:58:48+01:00
cnlohr/ch32fun,gh/603354617,4.9,7,0,10,0,10,10,10,0,0,10,10,-1,0,0,0,-1,0,10,,2026-04-07T13:58:37+01:00
cnlohr/channel3,gh/50746813,2.9,10,0,0,0,1,10,-1,0,0,9,0,-1,-1,0,0,-1,-1,10,,2026-04-07T12:56:21+01:00
cnlohr/espusb,gh/65111942,3.2,10,0,0,0,4,10,-1,0,0,9,0,-1,-1,0,0,-1,-1,10,,2026-04-07T12:57:29+01:00
cnlohr/mini-rv32ima,gh/558589102,3.2,10,0,0,0,2,10,-1,0,0,10,1,-1,-1,0,0,-1,-1,10,,2026-04-07T10:49:05+01:00
codeplea/genann,gh/51344685,3.1,10,0,0,0,2,10,-1,0,0,10,0,-1,-1,0,0,-1,-1,10,,2026-04-06T20:36:12+01:00
codewithharry/the-ultimate-c-programming-course,gh/826306333,2.7,10,0,0,0,5,0,-1,0,0,0,0,-1,-1,0,0,-1,-1,10,,2026-04-07T15:58:37+01:00
codr7/hacktical-c,gh/950258198,2.6,10,0,-1,0,0,0,-1,0,0,9,0,-1,-1,0,0,-1,-1,10,,2026-04-07T16:58:24+01:00
cokemine/serverstatus-hotaru,gh/169034587,3.0,10,0,0,0,1,10,-1,0,0,10,0,-1,-1,0,0,-1,-1,10,,2026-04-06T19:48:39+01:00
colinhacks/zod,gh/245704608,5.2,10,,8,0,0,10,10,10,0,10,10,-1,0,0,10,-1,0,0,,2026-05-03T23:22:14+01:00
colinianking/stress-ng,gh/36930672,4.5,10,0,-1,0,0,10,10,0,0,10,10,10,0,0,0,-1,0,10,,2026-04-06T19:47:24+01:00
colleagueriley/rgfw,gh/605157846,4.2,10,0,10,0,3,10,10,0,0,10,10,-1,0,0,0,0,0,10,,2026-04-07T11:55:23+01:00
collectd/collectd,gh/3208640,4.7,10,8,8,5,10,10,10,0,0,9,0,-1,0,0,0,0,0,10,,2026-04-06T17:37:47+01:00
colorjs/color-name,gh/27038309,3.2,10,0,1,0,3,10,-1,0,0,10,0,-1,-1,0,0,-1,-1,10,,2026-04-27T14:54:31+01:00
comex/rust-shlex,gh/37886228,4.9,10,0,0,0,0,10,10,10,10,9,5,-1,0,0,0,-1,0,9,,2026-04-27T17:06:01+01:00
commonmark/cmark,gh/29804085,5.5,10,0,5,0,5,10,10,10,10,9,5,-1,0,0,0,-1,0,10,,2026-04-07T10:55:09+01:00
component/escape-html,gh/5444800,3.0,10,0,-1,0,0,10,-1,0,0,10,0,-1,-1,0,0,-1,-1,10,,2026-04-27T17:06:08+01:00
component/toidentifier,gh/114743189,3.3,10,0,-1,0,0,10,10,0,0,10,0,-1,0,0,0,-1,0,10,,2026-04-27T17:06:14+01:00
conformal/spectrwm,gh/10093477,3.2,10,0,0,0,3,10,-1,0,0,10,0,-1,-1,0,0,-1,-1,10,,2026-04-07T13:58:49+01:00
containers/bubblewrap,gh/51868010,5.8,10,3,3,0,5,10,10,0,0,9,10,-1,0,8,10,6,0,10,,2026-04-06T14:41:26+01:00
contiki-ng/contiki-ng,gh/91191972,7.6,10,8,9,0,10,10,10,10,0,10,10,10,0,7,10,-1,0,10,,2026-04-07T13:00:53+01:00
conventional-changelog/commitlint,gh/51575745,5.5,10,3,10,0,7,10,10,10,0,10,10,10,3,0,0,-1,0,0,,2026-04-27T16:09:57+01:00
conventional-changelog/conventional-changelog,gh/15639771,5.1,10,6,7,0,4,10,10,10,0,10,10,-1,0,0,0,-1,0,0,,2026-04-27T16:09:51+01:00
coolsnowwolf/lede,gh/102578345,3.9,1,0,0,0,1,10,10,0,0,9,10,-1,0,0,0,0,10,10,,2026-04-06T12:35:55+01:00
coolwanglu/vim.js,gh/14816993,1.7,2,0,0,0,0,3,-1,0,0,9,0,-1,-1,0,0,-1,-1,10,,2026-04-06T16:35:16+01:00
coop-deluxe/sm64coopdx,gh/711719783,2.4,0,3,0,0,2,10,10,0,0,0,0,-1,0,0,0,0,0,10,,2026-04-07T17:00:04+01:00
coreboot/coreboot,gh/17794940,3.6,8,0,-1,0,10,10,-1,0,0,10,10,-1,0,0,0,-1,-1,0,,2026-04-06T19:45:12+01:00
corellium/projectsandcastle,gh/244935651,2.6,10,0,-1,0,0,0,-1,0,0,10,0,-1,-1,0,0,-1,-1,10,,2026-04-07T10:49:11+01:00
coreutils/coreutils,gh/11233590,4.5,10,0,-1,0,0,10,-1,0,0,10,10,-1,-1,0,0,8,-1,10,,2026-04-06T15:39:48+01:00
corosync/corosync,gh/1790677,4.6,10,3,-1,0,0,10,-1,0,0,9,9,-1,-1,0,0,8,-1,10,,2026-04-07T15:56:50+01:00
corsix/amx,gh/530536922,2.6,10,0,0,0,0,3,-1,0,0,10,0,-1,-1,0,0,-1,-1,10,,2026-04-07T15:56:43+01:00
cosmiconfig/cosmiconfig,gh/45750507,5.2,10,1,10,0,0,10,10,0,0,10,10,-1,0,0,0,-1,10,10,,2026-04-27T16:07:28+01:00
cossacklabs/themis,gh/35159920,3.9,4,8,0,0,10,10,10,10,0,10,0,-1,0,0,0,0,0,0,,2026-04-07T10:53:01+01:00
coturn/coturn,gh/39242894,6.7,10,3,10,0,1,10,10,10,10,9,10,10,0,10,0,-1,0,10,,2026-04-06T12:41:07+01:00
coveragepy/coveragepy,gh/138421996,7.7,10,3,10,0,0,10,10,10,0,10,10,10,5,10,10,-1,10,10,,2026-04-27T17:06:17+01:00
cowtoolz/webcamize,gh/675698907,3.6,10,3,10,0,0,3,10,0,0,10,0,-1,0,0,0,-1,0,10,,2026-04-07T11:56:33+01:00
cpburnz/python-pathspec,gh/14648551,5.3,10,0,0,0,1,10,10,0,10,10,10,10,7,0,0,-1,0,10,,2026-04-27T17:06:20+01:00
cpq/bare-metal-programming-guide,gh/537042935,3.5,10,0,0,0,3,10,10,0,0,10,0,-1,0,0,0,-1,0,10,,2026-04-06T16:35:22+01:00
cr-marcstevens/sha1collisiondetection,gh/79266540,3.6,10,0,0,0,7,10,-1,0,0,9,0,-1,-1,0,0,-1,-1,10,,2026-04-07T13:58:27+01:00
cracked5pider/stardust,gh/461355119,2.5,8,0,0,0,2,10,-1,0,0,0,0,-1,-1,0,0,-1,-1,10,,2026-04-07T14:59:37+01:00
crate-py/rpds,gh/608018848,6.9,10,3,10,0,0,10,10,10,0,10,10,10,6,10,4,0,10,10,,2026-04-27T16:06:52+01:00
crementif/botw-bettervr,gh/350501380,4.5,10,0,0,0,0,10,10,0,0,10,10,-1,0,0,0,0,10,10,,2026-04-07T17:59:56+01:00
criterion-rs/criterion.rs,gh/1081104682,5.7,10,4,8,0,5,10,10,10,0,10,10,-1,0,0,0,-1,0,9,,2026-04-27T14:56:03+01:00
crmulliner/adbi,gh/12493642,2.6,10,0,0,0,1,10,-1,0,0,0,0,-1,-1,0,0,-1,-1,10,,2026-04-07T15:02:33+01:00
crossbeam-rs/crossbeam,gh/35566048,6.3,10,3,10,0,1,10,10,10,0,10,10,-1,0,0,0,-1,10,10,,2026-04-27T17:06:20+01:00
crosspoint-reader/crosspoint-reader,gh/1109112755,5.0,10,4,10,0,10,10,10,0,0,10,10,-1,0,0,0,0,0,10,,2026-04-06T19:47:10+01:00
crypto-browserify/randombytes,gh/29300004,3.6,10,0,0,0,0,10,-1,0,0,10,0,-1,-1,0,10,-1,-1,10,,2026-04-27T17:06:22+01:00
cs50/libcs50,gh/5053738,3.6,10,3,0,0,1,10,10,0,0,10,0,-1,0,0,0,-1,0,10,,2026-04-07T10:48:29+01:00
csete/gpredict,gh/22696323,4.1,10,0,8,0,2,10,10,0,0,10,10,-1,0,0,0,0,0,10,,2026-04-07T16:58:51+01:00
css-modules/icss-utils,gh/42766912,2.9,10,0,0,0,0,10,-1,10,0,10,0,-1,-1,0,0,-1,-1,0,,2026-04-27T21:32:50+01:00
cssnano/cssnano,gh/33943153,7.5,10,8,10,0,3,10,10,10,0,10,10,10,10,6,0,-1,10,6,,2026-04-27T14:54:16+01:00
csstools/postcss-plugins,gh/219192307,7.5,10,3,10,0,0,10,10,10,0,10,10,-1,9,10,10,-1,9,8,,2026-04-27T14:54:34+01:00
csstree/csstree,gh/67236461,3.9,10,0,1,0,4,10,10,0,0,10,10,-1,5,0,0,-1,0,0,,2026-04-27T16:10:47+01:00
cstack/db_tutorial,gh/102029150,3.2,10,0,0,0,5,6,-1,10,0,10,0,-1,-1,0,0,-1,-1,0,,2026-04-06T13:37:36+01:00
csujedihy/proximac,gh/35537367,2.5,10,0,0,0,0,6,-1,0,0,10,0,-1,-1,0,0,0,-1,10,,2026-04-07T12:56:39+01:00
ctcaer/hekate,gh/131710328,4.0,10,3,-1,0,0,10,-1,0,0,10,10,-1,-1,0,0,0,-1,10,,2026-04-06T13:41:14+01:00
cturt/freedvdboot,gh/272222624,1.1,0,0,-1,0,0,0,-1,0,0,0,0,-1,-1,0,0,-1,-1,10,,2026-04-06T19:49:07+01:00
cturt/ps4-sdk,gh/40922411,2.6,10,0,0,0,1,10,-1,0,0,0,0,-1,-1,0,0,-1,-1,10,,2026-04-07T18:00:48+01:00
cuber/ngx_http_google_filter_module,gh/28071175,2.7,10,0,0,0,1,3,-1,0,0,10,0,-1,-1,0,0,-1,-1,10,,2026-04-06T17:37:20+01:00
cundong/smartappupdates,gh/15039467,1.9,4,3,0,0,0,0,-1,0,0,0,1,-1,-1,0,0,-1,-1,10,,2026-04-06T19:42:26+01:00
curl/curl,gh/569041,8.9,10,,-1,10,0,10,10,10,10,9,10,-1,9,10,10,8,10,10,,2026-05-03T20:00:58+01:00
curzibn/luban,gh/64054478,3.6,5,3,0,0,0,0,10,0,0,10,10,-1,0,0,0,-1,0,10,,2026-04-06T12:41:06+01:00
cuviper/autocfg,gh/135481335,3.6,10,3,3,0,0,10,10,0,0,10,0,-1,0,0,0,-1,0,10,,2026-04-27T16:09:08+01:00
cvxopt/cvxopt,gh/8366991,3.6,10,3,1,0,3,0,10,0,0,9,2,-1,0,0,0,-1,0,10,,2026-04-07T18:01:24+01:00
cx9208/bbrplus,gh/162378023,2.0,7,0,0,0,0,0,-1,0,0,10,0,-1,0,0,0,-1,-1,10,,2026-04-07T14:56:09+01:00
cxong/cdogs-sdl,gh/7571859,4.8,10,0,-1,0,0,10,-1,10,10,10,10,-1,0,0,0,0,-1,8,,2026-04-07T18:02:04+01:00
cyan4973/finitestateentropy,gh/15204489,3.6,10,0,0,0,2,6,10,0,0,10,0,-1,5,0,0,-1,0,10,,2026-04-07T13:01:03+01:00
cyan4973/xxhash,gh/19330466,7.3,10,0,10,0,7,10,10,10,10,9,10,-1,7,0,10,0,10,10,,2026-04-06T13:37:02+01:00
cybellum/doubleagent,gh/84742399,3.5,10,6,0,0,2,3,-1,0,0,10,0,-1,-1,0,0,-1,-1,10,,2026-04-07T15:03:15+01:00
cyoung/stratux,gh/40164982,2.9,9,3,0,0,3,10,-1,0,0,10,0,-1,0,0,0,0,-1,10,,2026-04-07T16:56:55+01:00
cyring/corefreq,gh/37792242,3.7,10,3,0,0,0,0,10,0,0,10,10,-1,0,0,0,0,0,10,,2026-04-06T20:37:01+01:00
d0k3/godmode9,gh/50198094,4.2,10,0,9,0,3,10,10,0,0,10,10,-1,0,0,0,0,0,10,,2026-04-06T19:48:40+01:00
daaku/nodejs-makeerror,gh/2097803,2.5,10,0,0,0,0,0,-1,0,0,9,0,-1,-1,0,0,-1,-1,10,,2026-04-27T17:06:43+01:00
daaku/nodejs-tmpl,gh/2171213,2.6,10,0,0,0,1,0,-1,0,0,9,0,-1,-1,0,0,-1,-1,10,,2026-04-27T16:11:14+01:00
damonkohler/sl4a,gh/13147353,1.9,0,0,-1,0,0,10,-1,0,0,10,0,-1,-1,0,0,-1,-1,10,,2026-04-06T19:48:26+01:00
danbloomberg/leptonica,gh/49589410,5.2,10,3,10,0,0,10,10,0,10,9,10,-1,0,10,0,0,0,10,,2026-04-07T10:50:01+01:00
danginsburg/opengles3-book,gh/14725898,3.2,10,0,0,0,5,6,-1,0,0,10,0,-1,-1,0,0,-1,-1,10,,2026-04-07T10:50:51+01:00
danielfrg/word2vec,gh/12366195,2.8,10,0,0,0,0,10,10,0,0,10,0,-1,0,0,0,-1,0,4,,2026-04-06T19:45:12+01:00
danielgtaylor/jpeg-archive,gh/15658042,2.3,10,0,0,0,0,10,-1,0,0,0,0,-1,-1,0,0,0,-1,10,,2026-04-07T15:58:52+01:00
danielwaterworth/raphters,gh/1567541,2.6,10,0,0,0,1,0,-1,0,0,10,0,-1,-1,0,0,-1,-1,10,,2026-04-07T15:02:08+01:00
dankamongmen/notcurses,gh/222187361,3.8,10,0,10,0,0,10,10,0,0,9,0,-1,0,0,0,8,0,10,,2026-04-06T16:35:30+01:00
danoon2/boxedwine,gh/266388913,2.3,0,0,-1,0,0,0,-1,0,0,10,10,-1,-1,0,0,0,-1,10,,2026-04-07T18:03:56+01:00
dariomanesku/cmftstudio,gh/19861102,2.4,9,0,-1,0,0,0,-1,0,0,9,0,-1,-1,0,0,-1,-1,10,,2026-04-07T14:56:00+01:00
darkflippers/unleashed-firmware,gh/470579591,5.0,10,3,0,0,0,10,10,10,0,10,10,-1,0,7,0,0,9,0,,2026-04-06T12:37:43+01:00
darkk/redsocks,gh/43651,2.3,10,0,0,0,0,10,-1,0,0,0,0,-1,0,0,0,-1,-1,10,,2026-04-06T17:35:54+01:00
darkmattercore/nxdumptool,gh/138127034,3.5,10,0,0,0,0,3,10,0,0,10,10,-1,0,0,0,0,0,9,,2026-04-07T15:55:39+01:00
darktable-org/darktable,gh/3791835,6.0,10,3,9,2,7,10,10,10,0,10,10,-1,0,0,0,6,0,10,,2026-04-06T13:35:00+01:00
dateutil/dateutil,gh/26876372,5.3,10,3,7,0,2,10,10,0,10,9,10,-1,0,0,0,8,0,9,,2026-04-27T17:06:50+01:00
dav/word2vec,gh/12183229,3.0,10,0,0,0,4,3,-1,0,0,10,0,-1,-1,0,0,-1,-1,10,,2026-04-07T11:54:38+01:00
dav1dde/glad,gh/11737385,3.9,10,1,0,0,4,10,10,0,0,9,4,-1,0,0,0,-1,0,10,,2026-04-06T16:35:18+01:00
davaddi/bpf_study,gh/285830742,2.1,9,0,0,0,0,3,-1,0,0,0,0,-1,-1,0,0,-1,-1,10,,2026-04-07T13:00:16+01:00
davegamble/cjson,gh/54280778,5.4,10,0,3,0,6,10,-1,0,10,10,3,-1,-1,0,10,-1,-1,10,,2026-04-06T13:34:49+01:00
davepacheco/node-extsprintf,gh/4058064,3.4,10,6,0,0,2,0,-1,0,0,10,0,-1,-1,0,0,-1,-1,10,,2026-04-27T17:06:51+01:00
davidhalter/parso,gh/90668463,5.6,10,0,5,0,5,10,10,0,10,9,10,-1,0,0,10,-1,0,10,,2026-04-27T17:06:51+01:00
davidmoreno/onion,gh/961335,3.9,10,0,0,0,10,10,-1,0,0,9,0,-1,-1,0,0,-1,-1,10,,2026-04-07T10:48:38+01:00
davidxanatos/taskexplorer,gh/189630195,3.0,0,0,0,0,1,10,10,0,10,10,6,-1,0,0,0,0,0,6,,2026-04-06T17:38:41+01:00
davisjam/safe-regex,gh/90781457,3.3,10,0,-1,0,0,3,10,0,0,9,0,-1,3,0,0,-1,0,10,,2026-04-27T17:06:56+01:00
dchest/tweetnacl-js,gh/15649752,2.0,10,0,-1,0,0,10,-1,0,0,10,1,-1,-1,0,0,-1,-1,0,,2026-04-27T17:06:59+01:00
dcodeio/long.js,gh/8678904,3.3,10,0,1,0,1,6,10,0,0,10,0,-1,3,0,0,-1,0,9,,2026-04-27T15:08:26+01:00
dcodeio/protobuf.js,gh/8507859,5.9,10,6,6,0,8,10,10,10,10,9,10,-1,0,0,0,-1,0,0,,2026-04-27T15:05:51+01:00
dddrrreee/cs140e-20win,gh/232006917,1.1,0,0,-1,0,0,0,-1,0,0,0,0,-1,-1,0,0,-1,-1,10,,2026-04-07T17:01:33+01:00
deadbeef-player/deadbeef,gh/15237541,4.3,10,0,10,0,0,10,10,0,0,9,10,-1,0,0,0,-1,0,10,,2026-04-07T10:57:26+01:00
deadpixi/mtm,gh/82360979,2.4,10,0,0,0,2,0,-1,0,0,0,0,-1,-1,0,0,-1,-1,10,,2026-04-07T15:57:24+01:00
debug-js/debug,gh/2871998,3.5,10,0,0,0,4,10,-1,0,0,10,2,-1,-1,0,0,-1,-1,10,,2026-04-27T14:53:40+01:00
deepskystacker/dss,gh/122769906,3.5,9,1,-1,0,0,6,-1,0,0,9,10,-1,-1,0,0,0,-1,10,,2026-04-07T16:59:56+01:00
definitelytyped/definitelytyped,gh/6093316,7.0,10,3,10,0,8,10,10,10,0,9,10,-1,8,0,10,-1,0,10,,2026-04-27T14:52:37+01:00
dekunukem/bob_cassette_rewinder,gh/354168451,1.4,0,0,0,0,1,0,-1,0,0,10,0,-1,-1,0,0,0,-1,10,,2026-04-07T13:00:56+01:00
dekunukem/duckypad,gh/99806120,2.1,0,0,0,0,0,0,-1,0,0,10,10,-1,0,0,0,0,-1,10,,2026-04-07T14:56:17+01:00
dekunukem/nintendo_switch_reverse_engineering,gh/84457022,2.0,0,0,0,0,9,0,-1,0,0,0,0,-1,-1,0,0,-1,-1,10,,2026-04-06T17:35:04+01:00
derf/feh,gh/504149,4.3,10,0,7,0,1,10,10,0,0,9,10,-1,0,0,0,-1,0,10,,2026-04-07T10:59:01+01:00
desowin/usbpcap,gh/8383178,1.8,9,0,0,0,0,0,-1,0,0,0,0,-1,-1,0,0,0,-1,10,,2026-04-07T17:02:01+01:00
dethrace-labs/dethrace,gh/218399932,5.0,10,6,10,0,10,3,10,0,0,10,10,-1,0,0,0,0,0,10,,2026-04-07T16:58:25+01:00
dev47apps/droidcam-linux-client,gh/13368934,2.6,10,0,0,0,0,3,-1,0,0,10,3,-1,-1,0,0,0,-1,10,,2026-04-07T15:57:14+01:00
devbis/z03mmc,gh/457124582,3.0,10,0,0,0,0,3,10,0,0,10,2,-1,0,0,0,0,0,10,,2026-04-07T13:58:01+01:00
devoncrawford/video-editing-automation,gh/170444343,2.5,10,0,0,0,0,0,-1,0,0,10,0,-1,-1,0,0,-1,-1,10,,2026-04-07T15:57:14+01:00
dgiese/dustcloud,gh/115213082,3.1,8,0,0,0,9,10,-1,10,0,10,0,-1,0,0,0,0,-1,0,,2026-04-06T20:35:51+01:00
dhavalkapil/heap-exploitation,gh/87475691,2.7,10,0,0,0,2,10,-1,0,0,0,0,-1,-1,0,0,-1,-1,10,,2026-04-07T15:01:19+01:00
dhavalkapil/icmptunnel,gh/41328612,2.7,10,0,0,0,2,10,-1,0,0,0,0,-1,-1,0,0,-1,-1,10,,2026-04-06T17:38:35+01:00
dimitri/pgcopydb,gh/440229033,4.3,10,1,2,0,8,10,10,0,0,9,0,10,0,0,0,-1,0,10,,2026-04-07T13:57:12+01:00
diracdeltas/fastestwebsiteever,gh/91209976,2.9,10,0,0,0,2,6,-1,0,0,10,0,-1,-1,0,0,-1,-1,10,,2026-04-07T13:57:59+01:00
distroav/distroav,gh/71643008,4.7,10,1,8,0,6,10,10,0,0,10,10,-1,1,3,0,0,0,10,,2026-04-06T16:36:14+01:00
django/asgiref,gh/48501860,4.4,10,0,9,0,6,10,10,0,0,10,5,-1,0,0,0,-1,0,10,,2026-04-27T17:07:05+01:00
djc/rustc-version-rs,gh/41272773,4.2,10,0,-1,0,0,10,10,10,0,10,0,-1,0,0,0,-1,0,10,,2026-04-27T17:07:10+01:00
djkaty/il2cppinspector,gh/85296503,2.6,10,0,0,0,0,10,-1,0,0,10,0,-1,-1,0,0,0,-1,10,,2026-04-06T18:50:55+01:00
djpohly/dwl,gh/254994387,2.6,10,0,0,0,1,10,-1,0,0,9,0,-1,-1,0,0,0,-1,10,,2026-04-07T10:52:11+01:00
dlundquist/sniproxy,gh/1183708,2.7,10,0,0,0,0,6,-1,0,0,10,0,-1,-1,0,0,-1,-1,10,,2026-04-06T19:38:27+01:00
dmitrysoshnikov/regexp-tree,gh/85459304,3.0,10,0,0,0,1,10,-1,10,0,10,0,-1,-1,0,0,-1,-1,0,,2026-04-27T17:07:13+01:00
dnspod/dnspod-sr,gh/4514957,3.4,10,0,0,0,1,10,-1,0,0,9,4,-1,-1,0,0,-1,-1,10,,2026-04-07T13:58:43+01:00
doctorwkt/acwj,gh/215973962,2.5,7,0,0,0,2,3,-1,0,0,10,0,-1,-1,0,0,-1,-1,10,,2026-04-06T12:41:51+01:00
dokan-dev/dokany,gh/27818365,3.5,10,0,10,5,0,10,-1,0,0,9,5,-1,-1,0,0,0,-1,10,,2026-04-06T14:43:03+01:00
dominictarr/through,gh/4885140,2.7,10,0,0,0,1,3,-1,0,0,9,0,-1,-1,0,0,-1,-1,10,,2026-04-27T17:07:23+01:00
donnemartin/system-design-primer,gh/83222441,4.6,10,3,0,0,10,6,-1,0,0,9,5,-1,-1,0,0,-1,-1,10,,2026-04-06T12:14:28+01:00
doonny/pipecnn,gh/73077215,2.4,8,0,0,0,0,3,-1,0,0,10,0,-1,-1,0,0,-1,-1,10,,2026-04-07T13:58:58+01:00
doowb/ansi-colors,gh/47135420,3.0,10,0,-1,0,0,10,-1,0,0,10,0,-1,-1,0,0,-1,-1,10,,2026-04-27T17:07:24+01:00
douglasdwyer/wasm_sync,gh/668034655,2.2,10,0,-1,0,0,0,-1,0,0,0,0,-1,-1,0,0,-1,-1,10,,2026-04-27T17:07:24+01:00
dougwilson/nodejs-depd,gh/20848667,3.3,10,0,-1,0,0,10,10,0,0,10,0,-1,0,0,0,-1,0,10,,2026-04-27T16:08:13+01:00
dovecot/core,gh/47690515,6.1,10,3,-1,0,0,10,-1,0,10,9,10,-1,-1,0,10,8,-1,10,,2026-04-07T15:58:55+01:00
dpdk/dpdk,gh/96348842,3.7,10,0,-1,0,0,10,10,0,0,9,10,-1,0,0,0,-1,0,5,,2026-04-06T16:36:43+01:00
dr-noob/cpufetch,gh/126449599,3.5,10,0,0,0,0,0,10,0,0,10,0,-1,0,0,0,0,10,10,,2026-04-07T10:48:28+01:00
dragonminded/libdragon,gh/949389,4.5,10,0,10,0,3,10,10,0,0,10,10,10,0,0,0,0,0,10,,2026-04-07T16:59:40+01:00
drawpile/drawpile,gh/1045447,4.9,10,3,0,0,0,10,10,10,0,10,10,-1,4,0,0,0,0,10,,2026-04-07T15:01:33+01:00
dreamanddead/csapp-3e-solutions,gh/86155134,3.0,9,0,0,0,1,0,10,0,0,10,0,-1,0,0,0,-1,0,10,,2026-04-07T13:00:57+01:00
drh/lcc,gh/957049,2.1,10,0,0,0,0,0,-1,0,0,0,0,-1,-1,0,0,-1,-1,10,,2026-04-06T19:48:02+01:00
droe/sslsplit,gh/3942762,3.7,10,0,0,0,5,6,-1,0,0,10,0,-1,0,0,10,-1,-1,10,,2026-04-07T10:58:05+01:00
dsp56300/gearmulator,gh/385748634,3.5,7,0,-1,0,0,6,10,0,0,10,10,-1,0,0,0,0,0,10,,2026-04-07T17:59:11+01:00
dtolnay/anyhow,gh/212936374,5.4,10,0,10,0,1,10,10,0,0,10,10,-1,0,0,3,-1,10,10,,2026-04-27T16:05:55+01:00
dtolnay/automod,gh/173074854,4.3,10,0,3,0,0,10,10,0,0,10,0,-1,0,0,3,-1,10,10,,2026-04-27T15:07:19+01:00
dtolnay/dissimilar,gh/229514821,5.2,10,0,10,0,0,10,10,0,10,10,2,-1,0,0,3,-1,10,10,,2026-04-27T16:08:52+01:00
dtolnay/indoc,gh/54252316,4.8,10,0,10,0,0,10,10,0,0,10,4,-1,0,0,3,-1,10,10,,2026-04-27T17:07:28+01:00
dtolnay/itoa,gh/61962375,5.5,10,0,10,0,1,10,10,0,10,10,5,-1,0,0,3,-1,10,10,,2026-04-27T17:07:36+01:00
dtolnay/no-panic,gh/143469762,4.5,10,0,3,0,0,10,10,0,0,10,3,-1,0,0,3,-1,10,10,,2026-04-27T16:08:20+01:00
dtolnay/paste,gh/155652490,4.3,10,0,-1,0,0,10,10,0,0,10,0,-1,0,0,3,-1,10,10,,2026-04-27T17:07:36+01:00
dtolnay/proc-macro2,gh/91860126,5.4,10,0,10,0,0,10,10,0,10,10,5,-1,0,0,3,-1,10,10,,2026-04-27T14:53:31+01:00
dtolnay/quote,gh/67273122,5.4,10,0,10,0,1,10,10,0,0,10,10,-1,0,0,3,-1,10,10,,2026-04-27T14:53:54+01:00
dtolnay/ref-cast,gh/106295902,4.7,10,0,10,0,0,10,10,0,0,10,3,-1,0,0,3,-1,10,10,,2026-04-27T16:08:46+01:00
dtolnay/rustversion,gh/183990447,4.5,10,0,6,0,0,10,10,0,0,10,2,-1,0,0,3,-1,10,10,,2026-04-27T14:55:00+01:00
dtolnay/ryu,gh/142720484,5.5,10,0,10,0,0,10,10,0,10,10,6,-1,0,0,3,-1,10,10,,2026-04-27T17:07:37+01:00
dtolnay/semver,gh/22432442,5.4,10,0,10,0,0,10,10,0,10,10,5,-1,0,0,3,-1,10,10,,2026-04-27T17:07:38+01:00
dtolnay/syn,gh/67305738,5.8,10,0,8,0,0,10,10,0,10,10,10,-1,0,0,3,-1,10,10,,2026-04-27T14:54:32+01:00
dtolnay/target-triple,gh/734167706,4.2,10,0,0,0,0,10,10,0,0,10,0,-1,0,0,3,-1,10,10,,2026-04-27T16:09:35+01:00
dtolnay/thiserror,gh/213836768,5.0,10,0,10,0,0,10,10,0,0,10,6,-1,0,0,3,-1,10,10,,2026-04-27T16:06:35+01:00
dtolnay/trybuild,gh/184941159,5.6,10,0,10,0,0,10,10,0,10,10,7,-1,0,0,3,-1,10,10,,2026-04-27T14:52:37+01:00
dtolnay/unicode-ident,gh/492639579,5.3,10,0,10,0,0,10,10,0,0,10,10,-1,0,0,3,-1,10,10,,2026-04-27T15:06:20+01:00
dtrace4linux/linux,gh/3391521,2.3,7,0,0,0,1,10,-1,0,0,0,0,-1,-1,0,0,-1,-1,10,,2026-04-07T15:56:57+01:00
dualcoder/vgpu_unlock,gh/333917255,2.9,10,0,0,0,3,3,-1,0,0,10,0,-1,-1,0,0,-1,-1,10,,2026-04-06T15:36:59+01:00
ducalex/retro-go,gh/237509666,3.9,9,0,0,0,0,6,10,0,0,10,10,10,0,0,0,0,0,10,,2026-04-07T18:01:14+01:00
duet3d/reprapfirmware,gh/15792831,3.2,2,0,-1,0,0,10,10,0,0,10,10,-1,0,0,0,0,0,10,,2026-04-07T18:01:50+01:00
duixcom/duix-avatar,gh/907627874,0.4,0,0,0,0,0,3,-1,0,0,9,0,-1,-1,0,0,0,-1,0,,2026-04-06T13:34:56+01:00
dunst-project/dunst,gh/2341146,4.5,10,3,10,0,0,10,10,0,0,9,10,-1,0,0,0,-1,0,10,,2026-04-06T15:35:56+01:00
dynamorio/dynamorio,gh/27242935,4.3,0,8,10,0,10,10,0,10,0,9,10,-1,0,0,0,0,0,10,,2026-04-06T18:46:44+01:00
dynup/kpatch,gh/16743039,5.0,10,0,9,0,9,10,10,0,0,10,10,-1,0,0,0,-1,0,10,,2026-04-07T11:55:52+01:00
easychen/pushdeer,gh/438857216,1.3,7,0,0,0,0,10,-1,0,0,9,1,-1,0,0,0,0,-1,0,,2026-04-06T15:40:04+01:00
easyhook/easyhook,gh/40424622,2.7,10,0,0,0,3,6,-1,0,0,10,0,-1,-1,0,0,0,-1,10,,2026-04-06T17:38:12+01:00
easytarget/esp32-cam-webserver,gh/222949196,2.9,10,0,0,0,3,3,-1,0,0,10,0,-1,-1,0,0,-1,-1,10,,2026-04-07T13:00:36+01:00
ebiggers/libdeflate,gh/28554304,4.7,10,3,8,0,3,0,10,0,10,10,10,-1,0,0,0,0,0,10,,2026-04-07T15:56:03+01:00
ebookfoundation/free-programming-books,gh/13491895,5.9,10,0,10,0,9,10,10,10,0,10,10,-1,0,0,0,-1,0,10,,2026-04-06T12:14:28+01:00
ec-/quake3e,gh/75195188,3.6,0,3,8,0,3,10,10,0,0,10,10,-1,0,0,0,0,0,10,,2026-04-07T13:56:30+01:00
eclipse-cyclonedds/cyclonedds,gh/116033455,6.7,10,0,3,0,5,10,10,0,10,9,10,-1,0,7,10,-1,9,10,,2026-04-07T15:56:35+01:00
eclipse-mosquitto/mosquitto,gh/53614190,5.8,10,0,2,0,1,10,10,0,10,9,10,-1,0,10,10,-1,0,10,,2026-04-06T13:37:10+01:00
eclipse-paho/paho.mqtt.embedded-c,gh/48129848,3.8,10,0,0,0,1,10,10,0,0,9,0,-1,0,0,10,-1,0,10,,2026-04-07T12:58:26+01:00
eclipse-threadx/threadx,gh/263076869,6.1,7,4,2,0,6,10,-1,10,0,10,10,-1,0,0,10,-1,-1,10,,2026-04-06T17:37:33+01:00
edenhill/kcat,gh/18257358,3.8,10,0,0,0,3,10,10,0,0,9,0,-1,0,7,0,-1,0,10,,2026-04-06T14:43:18+01:00
edgetx/edgetx,gh/364871330,4.4,8,2,10,0,5,10,10,0,0,10,10,-1,0,0,0,0,0,10,,2026-04-06T20:37:08+01:00
eduard-permyakov/permafrost-engine,gh/115817873,0.3,0,0,-1,0,0,0,-1,0,0,10,0,-1,0,0,0,-1,-1,0,,2026-04-06T19:35:26+01:00
eembc/coremark,gh/134492469,3.7,10,0,0,0,6,10,10,0,0,9,0,-1,0,0,0,-1,0,10,,2026-04-07T16:00:07+01:00
eemeli/yaml,gh/119439276,7.8,10,3,10,0,0,10,10,10,10,10,10,-1,2,10,10,-1,9,10,,2026-04-27T17:07:46+01:00
eferu/hoverboard-firmware-hack-foc,gh/213170770,3.6,7,0,1,0,4,6,10,0,0,10,5,-1,0,0,0,-1,0,10,,2026-04-07T12:57:29+01:00
egzumer/uv-k5-firmware-custom,gh/695650801,2.2,7,0,0,0,1,3,10,0,0,10,0,-1,0,0,0,0,0,4,,2026-04-07T10:59:31+01:00
ehmicky/human-signals,gh/214467546,3.1,10,0,-1,0,0,0,10,10,0,10,0,-1,0,0,0,-1,0,0,,2026-04-27T17:07:48+01:00
ejoy/ejoy2d,gh/15490130,3.0,10,0,0,0,1,10,-1,0,0,10,0,-1,-1,0,0,-1,-1,10,,2026-04-07T10:51:05+01:00
ele7enxxh/android-inline-hook,gh/46104921,2.7,10,0,0,0,2,0,-1,0,0,10,0,-1,-1,0,0,-1,-1,10,,2026-04-07T13:58:16+01:00
electronicarts/gigi,gh/814226063,2.8,0,3,0,0,3,6,-1,0,0,9,10,-1,-1,0,0,0,-1,8,,2026-04-07T16:56:33+01:00
elementsproject/lightning,gh/37350472,6.3,9,1,10,0,7,10,10,10,10,9,10,10,0,0,10,8,0,0,,2026-04-06T18:46:07+01:00
elfarto/nvidia-vaapi-driver,gh/428422859,5.0,10,0,8,0,5,10,10,10,0,9,4,-1,0,0,0,-1,0,10,,2026-04-07T11:57:35+01:00
eliasoenal/multimon-ng,gh/4381863,5.5,10,3,8,0,2,10,10,10,0,10,10,-1,0,0,0,-1,0,10,,2026-04-07T16:59:11+01:00
eliben/pycparser,gh/10589864,5.8,10,0,10,0,0,10,10,0,10,9,6,-1,0,0,9,-1,10,10,,2026-04-27T14:52:37+01:00
elishacloud/dxwrapper,gh/81271358,4.4,9,0,10,0,0,0,10,0,0,9,10,-1,0,0,0,0,10,10,,2026-04-07T10:59:37+01:00
ellson/mothballed-graphviz,gh/13154096,2.2,7,0,0,0,1,10,-1,0,0,10,0,-1,0,0,0,0,-1,10,,2026-04-07T14:59:43+01:00
embox/embox,gh/33078138,5.2,9,8,1,0,7,10,10,0,0,10,10,-1,0,0,0,-1,0,10,,2026-04-07T12:56:48+01:00
emersion/mako,gh/130588871,5.0,10,4,0,0,6,10,-1,0,0,10,7,-1,-1,0,0,8,-1,10,,2026-04-06T18:49:47+01:00
emersion/slurp,gh/134167267,4.2,10,4,0,0,4,10,-1,0,0,10,1,-1,-1,0,0,8,-1,10,,2026-04-07T15:56:36+01:00
emikulic/darkhttpd,gh/330399283,3.7,10,0,0,0,7,0,-1,0,10,10,0,-1,0,0,0,-1,-1,10,,2026-04-07T15:55:45+01:00
emmericp/ixy,gh/107034926,3.4,10,0,0,0,5,10,-1,0,0,10,0,-1,-1,0,0,-1,-1,10,,2026-04-07T15:00:31+01:00
emojicode/emojicode,gh/48860275,3.2,10,3,0,0,3,10,-1,0,0,10,0,-1,-1,0,0,0,-1,10,,2026-04-06T17:37:30+01:00
emoon/minifb,gh/20552735,3.7,8,0,0,0,0,10,-1,0,0,10,10,-1,-1,0,0,-1,-1,10,,2026-04-07T15:56:12+01:00
emotion-js/emotion,gh/92570536,5.2,10,3,0,0,8,10,10,10,0,10,1,-1,0,0,4,-1,10,0,,2026-04-27T14:56:53+01:00
emqx/neuron,gh/378529353,4.7,10,0,10,0,10,10,10,0,0,10,10,-1,0,0,0,0,0,9,,2026-04-07T14:59:46+01:00
emsec/chameleonmini,gh/13447787,2.8,8,0,0,0,0,10,10,0,0,9,0,-1,0,0,0,0,0,10,,2026-04-07T10:57:35+01:00
emukidid/swiss-gc,gh/37768198,3.2,2,0,-1,0,0,10,10,0,0,10,10,-1,0,0,0,0,0,10,,2026-04-07T12:57:25+01:00
enarx/ciborium,gh/313759241,5.8,10,8,7,0,4,10,10,10,0,9,0,-1,1,0,10,-1,0,10,,2026-04-27T17:07:50+01:00
encode/httpcore,gh/237210639,5.4,10,8,10,0,2,10,10,10,10,10,0,-1,0,0,10,-1,0,0,,2026-04-27T17:07:58+01:00
encode/httpx,gh/179492861,6.3,10,8,5,0,9,10,10,10,10,10,0,-1,0,0,10,-1,0,6,,2026-04-27T16:10:17+01:00
encryqed/dumper-7,gh/512268334,4.2,10,0,10,0,2,10,10,0,0,0,10,-1,0,0,0,-1,0,10,,2026-04-07T11:54:40+01:00
endrazine/wcc,gh/65269564,2.7,9,0,-1,0,0,3,-1,0,0,9,1,-1,-1,0,0,-1,-1,10,,2026-04-07T10:51:32+01:00
enterprisedb/repmgr,gh/2180048,4.2,10,1,0,0,8,10,-1,0,0,9,0,-1,-1,0,0,8,-1,10,,2026-04-07T11:55:39+01:00
entware/entware,gh/123925061,4.7,10,0,-1,0,0,10,10,0,0,9,10,-1,10,0,0,-1,0,10,,2026-04-06T19:40:41+01:00
entware/entware-ng,gh/44444621,3.0,10,0,-1,0,0,10,-1,0,0,10,0,-1,-1,0,0,-1,-1,10,,2026-04-07T15:56:11+01:00
epoberezkin/ajv-keywords,gh/60477053,4.7,10,8,0,0,0,10,10,10,0,10,0,-1,0,0,0,-1,0,10,,2026-04-27T16:08:33+01:00
epoberezkin/fast-deep-equal,gh/94483360,3.1,10,0,0,0,2,10,-1,0,0,10,0,-1,-1,0,0,-1,-1,10,,2026-04-27T15:05:30+01:00
epoberezkin/fast-json-stable-stringify,gh/108103016,2.9,10,0,-1,0,0,10,-1,0,0,9,0,-1,-1,0,0,-1,-1,10,,2026-04-27T17:07:59+01:00
epoberezkin/json-schema-traverse,gh/93333933,3.4,10,0,0,0,2,10,10,0,0,10,0,-1,0,0,0,-1,0,10,,2026-04-27T15:07:00+01:00
eradman/entr,gh/126983399,3.6,10,3,0,0,1,10,-1,0,0,9,3,-1,-1,0,0,-1,-1,10,,2026-04-06T15:35:39+01:00
erich666/graphicsgems,gh/10290602,2.7,10,0,0,0,1,3,-1,0,0,9,0,-1,-1,0,0,-1,-1,10,,2026-04-07T12:59:18+01:00
ericssonresearch/openwebrtc,gh/24327512,2.8,10,0,0,0,2,10,-1,0,0,10,0,-1,-1,0,0,0,-1,10,,2026-04-07T10:59:16+01:00
erincatto/box2d,gh/32222044,4.3,10,6,10,0,0,6,10,0,0,10,10,-1,0,0,0,0,0,10,,2026-04-06T13:38:16+01:00
es-shims/array-includes,gh/28753032,4.0,10,1,-1,0,0,10,10,0,0,10,0,-1,0,0,10,-1,0,10,,2026-04-27T17:08:05+01:00
es-shims/dunder-proto,gh/898274312,3.9,10,0,-1,0,0,10,10,0,0,10,0,-1,0,0,10,-1,0,10,,2026-04-27T15:08:22+01:00
es-shims/es-set-tostringtag,gh/580683868,3.9,10,0,-1,0,0,10,10,0,0,10,0,-1,0,0,10,-1,0,10,,2026-04-27T17:08:10+01:00
es-shims/math-intrinsics,gh/902014040,3.9,10,0,-1,0,0,10,10,0,0,10,0,-1,0,0,10,-1,0,10,,2026-04-27T16:09:09+01:00
es-shims/object.values,gh/41723335,4.0,10,1,-1,0,0,10,10,0,0,10,0,-1,0,0,10,-1,0,10,,2026-04-27T17:08:16+01:00
es-shims/regexp.prototype.flags,gh/26932422,4.0,10,1,-1,0,0,10,10,0,0,10,0,-1,0,0,10,-1,0,10,,2026-04-27T17:08:24+01:00
es-shims/string.prototype.trimend,gh/114682758,4.0,10,1,-1,0,0,10,10,0,0,10,0,-1,0,0,10,-1,0,10,,2026-04-27T17:08:29+01:00
es-shims/string.prototype.trimstart,gh/114682105,4.2,10,,-1,0,0,10,10,0,0,10,0,-1,0,0,10,-1,0,10,,2026-05-03T23:22:25+01:00
eslint-community/eslint-utils,gh/568240379,6.6,10,,6,0,7,10,10,10,0,10,4,-1,0,7,10,-1,0,10,,2026-05-03T23:22:30+01:00
eslint/doctrine,gh/4286644,4.5,10,5,0,0,4,10,-1,0,0,10,0,-1,-1,0,10,-1,-1,10,,2026-04-27T16:10:29+01:00
eslint/eslint,gh/11061773,7.2,10,5,10,0,7,10,10,10,0,10,10,-1,1,10,10,-1,0,10,,2026-04-27T16:07:57+01:00
eslint/js,gh/27620277,6.7,10,5,10,0,5,10,10,10,0,10,10,10,0,0,10,-1,0,10,,2026-04-27T14:55:10+01:00
eslint/rewrite,gh/791446923,6.7,10,5,10,0,6,10,10,10,0,10,10,10,0,0,10,-1,0,10,,2026-04-27T15:52:38+01:00
esp8266/esp8266-wiki,gh/24706346,2.3,7,0,-1,0,0,10,-1,0,0,0,0,-1,-1,0,0,-1,-1,10,,2026-04-07T11:54:12+01:00
espeak-ng/espeak-ng,gh/47648456,5.4,10,3,10,0,5,10,10,10,10,10,10,-1,0,0,0,0,0,4,,2026-04-06T14:40:02+01:00
espresense/espresense,gh/397588892,5.0,10,3,8,0,1,10,10,10,0,10,10,-1,0,8,0,0,0,5,,2026-04-07T13:58:47+01:00
espressif/esp-adf,gh/127718181,3.2,0,0,-1,0,0,10,10,0,0,9,9,-1,0,0,0,-1,0,10,,2026-04-06T20:37:04+01:00
espressif/esp-at,gh/78652809,3.1,0,0,-1,0,0,3,10,0,0,10,10,-1,0,0,0,-1,0,10,,2026-04-07T15:57:59+01:00
espressif/esp-drone,gh/274066307,3.9,10,0,0,0,0,3,10,10,0,10,0,-1,0,0,0,-1,0,10,,2026-04-07T12:57:58+01:00
espressif/esp-idf,gh/65899476,4.0,2,3,-1,0,0,10,0,10,0,10,10,10,0,0,10,0,0,10,,2026-04-06T12:38:26+01:00
espressif/esp-sr,gh/199458200,3.2,0,3,-1,0,0,6,10,0,0,9,8,-1,0,0,0,-1,0,9,,2026-04-07T14:59:58+01:00
espressif/esp-who,gh/154821084,3.3,10,0,-1,0,0,6,10,0,0,9,4,-1,0,0,0,0,0,10,,2026-04-07T10:50:19+01:00
espressif/esp32-camera,gh/157359627,4.6,10,3,8,0,7,6,10,0,0,10,6,-1,0,0,0,-1,0,10,,2026-04-06T19:46:51+01:00
espruino/espruino,gh/13123142,5.1,0,3,10,0,0,10,10,10,0,9,10,-1,0,0,10,-1,10,0,,2026-04-06T18:51:13+01:00
estools/escodegen,gh/3611422,2.9,10,0,0,0,0,10,-1,0,0,10,0,-1,-1,0,0,-1,-1,10,,2026-04-28T01:21:03+01:00
estools/esquery,gh/11412938,3.9,10,8,0,0,0,10,10,0,0,9,0,-1,0,0,0,-1,0,10,,2026-04-27T17:08:35+01:00
estools/esrecurse,gh/27429822,3.0,10,0,0,0,2,10,-1,0,0,9,0,-1,-1,0,0,-1,-1,10,,2026-04-27T21:33:01+01:00
estools/estraverse,gh/6145439,3.4,10,0,0,0,5,10,-1,0,0,10,0,-1,-1,0,0,-1,-1,10,,2026-04-27T14:57:03+01:00
estools/esutils,gh/14677293,3.1,10,0,0,0,2,10,-1,0,0,10,0,-1,-1,0,0,-1,-1,10,,2026-04-27T15:08:07+01:00
eth-brownie/brownie,gh/155913585,5.1,10,6,4,0,10,10,10,10,0,10,6,-1,0,0,0,-1,0,0,,2026-04-06T19:35:27+01:00
ethers-io/ethers.js,gh/63465664,3.7,10,0,-1,0,0,10,10,0,0,10,6,-1,2,0,10,-1,0,0,,2026-04-27T17:08:39+01:00
ettercap/ettercap,gh/5041133,5.7,10,0,10,0,9,10,10,0,0,10,10,-1,0,10,10,0,0,10,,2026-04-06T19:38:49+01:00
eulerto/wal2json,gh/16994340,3.1,10,0,0,0,1,10,-1,0,0,10,1,-1,-1,0,0,-1,-1,10,,2026-04-07T13:00:48+01:00
eunomia-bpf/bpf-developer-tutorial,gh/573377157,4.3,8,3,10,0,0,10,10,0,0,10,10,-1,0,0,0,-1,0,9,,2026-04-06T16:37:33+01:00
evanw/esbuild,gh/61137153,3.8,10,3,10,0,0,10,10,0,0,10,10,-1,0,0,0,-1,0,0,,2026-04-27T16:08:26+01:00
evanw/node-source-map-support,gh/7682781,3.0,10,0,-1,0,0,10,-1,10,0,10,0,-1,-1,0,0,-1,-1,0,,2026-04-27T16:08:49+01:00
evanw/thinscript,gh/54457888,2.1,9,0,-1,0,0,0,-1,0,0,0,0,-1,-1,0,0,-1,-1,10,,2026-04-07T13:59:11+01:00
eventualbuddha/lines-and-columns,gh/47284288,2.6,10,3,0,0,0,6,10,0,0,10,0,-1,0,0,0,-1,0,0,,2026-04-27T17:08:42+01:00
ewenwan/shiyanlou,gh/110559099,2.1,8,0,-1,0,0,3,-1,0,0,0,0,-1,-1,0,0,-1,-1,10,,2026-04-06T18:43:45+01:00
executablebooks/markdown-it-py,gh/249956697,6.2,10,8,4,0,3,10,10,10,10,10,1,-1,0,0,10,-1,0,10,,2026-04-27T16:08:39+01:00
executablebooks/mdurl,gh/387293763,3.5,10,0,1,0,0,0,10,0,10,9,0,-1,0,0,0,-1,0,10,,2026-04-27T15:53:38+01:00
exelix11/switchthemeinjector,gh/150124830,4.1,10,0,3,0,1,10,10,10,0,10,3,-1,0,0,0,0,0,10,,2026-04-07T16:00:50+01:00
exely/csapp-labs,gh/104562650,1.2,0,0,0,0,0,3,-1,0,0,0,0,-1,-1,0,0,-1,-1,10,,2026-04-06T19:47:13+01:00
existentialaudio/blackhole,gh/211381291,3.2,10,0,0,0,0,10,-1,0,0,10,3,-1,-1,0,0,-1,-1,10,,2026-04-06T12:38:24+01:00
exodusoss/bytes,gh/885154008,5.8,10,6,10,0,0,10,10,0,0,10,10,-1,9,10,0,-1,9,0,,2026-04-27T17:08:50+01:00
expensify/bedrock,gh/67904342,5.3,10,4,10,0,10,10,10,0,0,10,10,-1,6,0,0,0,0,10,,2026-04-07T15:04:05+01:00
expressjs/body-parser,gh/15669006,8.2,10,1,10,0,9,10,10,10,0,10,10,-1,6,10,10,-1,10,10,,2026-04-27T17:08:52+01:00
expressjs/serve-static,gh/17464338,7.3,10,0,9,0,10,10,10,10,0,10,0,-1,6,9,10,-1,10,10,,2026-04-27T17:08:52+01:00
expresslrs/expresslrs,gh/151064439,4.1,10,1,10,0,10,10,10,0,0,10,10,-1,0,0,0,0,0,0,,2026-04-06T15:41:52+01:00
eyalar/lwip,gh/21306213,3.0,10,0,0,0,1,10,-1,0,0,10,0,-1,-1,0,0,-1,-1,10,,2026-04-06T20:35:00+01:00
eycorsican/go-tun2socks,gh/138587856,2.1,10,0,0,0,1,0,10,0,0,10,0,-1,0,0,0,0,0,0,,2026-04-07T13:59:02+01:00
ezlippi/tinyhttpd,gh/35930805,2.7,10,0,0,0,2,0,-1,0,0,10,0,-1,-1,0,0,-1,-1,10,,2026-04-06T13:35:02+01:00
ezlippi/webbench,gh/33848258,2.6,10,0,0,0,1,0,-1,0,0,10,0,-1,-1,0,0,-1,-1,10,,2026-04-06T18:52:13+01:00
f5oeo/rpitx,gh/44688186,3.2,10,0,0,0,3,10,-1,0,0,10,0,-1,-1,0,0,-1,-1,10,,2026-04-06T16:35:12+01:00
facebook/create-react-app,gh/63537249,4.1,10,1,0,0,2,10,10,10,0,10,0,-1,2,0,10,-1,0,0,,2026-04-27T17:09:03+01:00
facebook/fishhook,gh/11351927,4.2,10,3,0,0,6,3,-1,0,0,10,0,-1,-1,0,9,-1,-1,10,,2026-04-06T15:36:17+01:00
facebook/metro,gh/76504246,5.8,10,3,-1,0,10,10,10,10,0,10,10,-1,0,0,9,-1,0,0,,2026-04-27T17:09:06+01:00
facebook/openzl,gh/1067353061,5.1,10,3,-1,0,9,6,10,0,10,9,10,10,0,0,9,0,0,0,,2026-04-06T18:51:11+01:00
facebook/prop-types,gh/87597642,4.8,10,3,0,0,0,10,10,10,0,10,0,-1,0,0,9,-1,10,0,,2026-04-27T17:09:14+01:00
facebook/react,gh/10270250,7.0,9,,10,2,8,10,10,10,0,10,10,-1,1,2,10,-1,10,0,,2026-05-03T20:00:58+01:00
facebook/regenerator,gh/13346571,4.0,10,3,0,0,0,10,10,10,0,10,0,-1,1,0,9,-1,0,0,,2026-04-27T17:09:28+01:00
facebook/watchman,gh/6930489,5.4,10,3,-1,0,5,10,10,10,10,10,10,-1,0,0,9,0,0,0,,2026-04-27T16:06:32+01:00
facebook/zstd,gh/29759715,8.3,10,1,10,0,10,10,10,10,10,9,10,-1,8,2,10,8,10,9,,2026-04-06T12:36:25+01:00
facebookarchive/libphenom,gh/7083261,3.3,10,3,-1,0,0,10,-1,0,0,10,0,-1,-1,0,0,-1,-1,10,,2026-04-07T11:55:53+01:00
facebookarchive/profilo,gh/103603776,4.4,9,3,-1,0,9,10,10,10,10,10,0,-1,0,0,0,0,0,0,,2026-04-07T11:57:31+01:00
facebookincubator/katran,gh/131347954,5.3,10,3,-1,0,5,10,10,0,0,10,10,-1,0,0,9,-1,0,10,,2026-04-06T15:37:11+01:00
facelessuser/soupsieve,gh/160789418,5.1,10,1,5,0,1,10,10,0,10,10,2,10,0,0,10,-1,0,10,,2026-04-27T16:07:24+01:00
facico/chinese-vicuna,gh/617734467,1.5,10,0,0,0,0,3,-1,0,0,10,0,-1,-1,0,0,-1,-1,0,,2026-04-06T16:36:37+01:00
fail0verflow/hbc,gh/74543994,3.0,9,0,0,0,2,10,-1,0,0,10,0,-1,-1,0,0,-1,-1,10,,2026-04-07T18:03:56+01:00
falconn-lib/falconn,gh/47301041,2.1,10,0,0,0,1,6,-1,0,0,10,0,-1,-1,0,0,-1,-1,3,,2026-04-07T16:00:59+01:00
falkordb/falkordb,gh/668673665,5.9,10,0,10,0,10,10,0,10,0,9,10,10,4,10,10,0,0,10,,2026-04-06T17:35:14+01:00
fancycode/memorymodule,gh/1018522,3.0,10,0,0,0,1,10,-1,0,0,10,0,-1,-1,0,0,-1,-1,10,,2026-04-06T18:38:04+01:00
fascinatedbox/lily,gh/18459138,3.7,10,0,-1,0,0,0,-1,0,0,10,10,-1,-1,0,0,-1,-1,10,,2026-04-07T16:59:10+01:00
fastify/fast-uri,gh/419317518,7.2,10,3,9,0,5,10,10,10,0,9,6,-1,0,8,10,-1,10,10,,2026-04-27T17:09:30+01:00
fastshift/x-track,gh/349490770,1.2,0,0,0,0,1,0,-1,0,10,10,0,-1,-1,0,0,-1,-1,0,,2026-04-06T14:40:33+01:00
faye/websocket-driver-node,gh/9733816,3.2,10,0,0,0,0,10,10,0,0,9,0,-1,0,0,0,-1,0,10,,2026-04-27T17:09:36+01:00
fazecast/jserialcomm,gh/31406703,3.6,4,3,0,0,1,6,10,0,0,10,0,10,0,0,10,0,0,10,,2026-04-07T12:59:26+01:00
fb55/boolbase,gh/16864585,5.9,10,0,3,0,1,10,10,0,0,10,6,10,10,0,10,-1,9,10,,2026-04-27T16:11:36+01:00
fb55/css-select,gh/3411063,6.3,10,3,10,0,0,10,10,10,0,10,10,10,5,10,0,-1,0,9,,2026-04-27T17:09:37+01:00
fb55/css-what,gh/4460687,6.5,10,3,10,0,2,10,10,10,0,10,10,10,6,10,0,-1,0,9,,2026-04-27T17:09:41+01:00
fb55/domelementtype,gh/6627835,6.1,10,0,2,0,0,10,10,10,0,10,8,10,6,7,10,-1,0,9,,2026-04-27T15:05:31+01:00
fb55/domhandler,gh/5414232,6.4,10,3,10,0,0,10,10,10,0,10,10,10,5,10,0,-1,0,10,,2026-04-27T15:52:39+01:00
fb55/domutils,gh/6627949,5.8,10,3,10,0,0,10,10,10,0,10,10,10,5,10,0,-1,0,2,,2026-04-27T17:09:50+01:00
fb55/entities,gh/3172629,6.0,10,3,10,0,1,10,10,10,0,10,10,10,8,10,0,-1,0,2,,2026-04-27T15:06:07+01:00
fb55/htmlparser2,gh/2279062,6.4,10,3,10,0,1,10,10,10,0,10,10,10,5,9,10,-1,0,3,,2026-04-27T17:09:53+01:00
fb55/nth-check,gh/16864923,6.4,10,3,10,0,0,10,10,10,0,10,10,10,6,10,0,-1,0,9,,2026-04-27T17:09:55+01:00
fdintino/nginx-upload-module,gh/95414,3.0,10,0,0,0,2,10,-1,0,0,9,0,-1,-1,0,0,-1,-1,10,,2026-04-07T18:03:44+01:00
fdio/vpp,gh/96556718,4.4,9,3,-1,0,0,10,0,10,0,10,10,-1,7,0,0,-1,9,0,,2026-04-07T12:59:59+01:00
feiskyer/sdn-handbook,gh/91241471,3.6,10,3,0,0,4,10,-1,0,0,9,0,-1,-1,0,0,-1,-1,10,,2026-04-07T12:57:50+01:00
felixge/node-combined-stream,gh/1787452,2.9,10,0,0,0,0,10,-1,0,0,10,0,-1,-1,0,0,-1,-1,10,,2026-04-27T16:10:29+01:00
felixge/node-delayed-stream,gh/1783893,2.9,10,0,0,0,0,10,-1,0,0,10,0,-1,-1,0,0,-1,-1,10,,2026-04-27T15:52:38+01:00
felixkratz/jankyborders,gh/713490206,2.7,10,0,0,0,0,0,-1,0,0,10,2,-1,-1,0,0,-1,-1,10,,2026-04-06T17:37:52+01:00
felixkratz/sketchybar,gh/395684015,3.9,10,6,0,0,2,3,-1,0,0,10,4,-1,-1,0,0,-1,-1,10,,2026-04-06T13:36:16+01:00
fenwii/openharmony,gh/295909816,1.2,0,0,-1,0,0,6,-1,0,10,10,0,-1,0,0,0,-1,-1,0,,2026-04-07T14:56:01+01:00
feralinteractive/gamemode,gh/128909919,4.5,10,3,5,0,7,10,10,0,0,10,0,-1,0,0,0,8,0,10,,2026-04-06T14:43:08+01:00
feross/buffer,gh/14494363,3.9,10,3,0,0,6,10,10,0,0,9,0,-1,0,0,0,-1,0,10,,2026-04-27T15:07:14+01:00
feross/ieee754,gh/15489525,3.7,10,8,0,0,0,10,-1,0,0,10,0,-1,-1,0,0,-1,-1,10,,2026-04-27T15:05:59+01:00
feross/is-buffer,gh/25997846,3.5,10,6,0,0,0,10,-1,0,0,10,0,-1,-1,0,0,-1,-1,10,,2026-04-27T17:10:08+01:00
feross/queue-microtask,gh/207021895,3.8,10,6,-1,0,0,10,10,0,0,10,0,-1,0,0,0,-1,0,10,,2026-04-27T17:10:13+01:00
feross/run-parallel,gh/18700638,3.7,10,6,0,0,0,10,10,0,0,10,0,-1,0,0,0,-1,0,10,,2026-04-27T17:10:18+01:00
feross/safe-buffer,gh/49538897,3.6,10,6,0,0,1,10,-1,0,0,10,0,-1,-1,0,0,-1,-1,10,,2026-04-27T14:54:05+01:00
festvox/flite,gh/107784754,3.1,10,0,0,0,3,10,-1,0,0,9,0,-1,-1,0,0,-1,-1,10,,2026-04-07T18:01:03+01:00
ffmpeg/ffmpeg,gh/1614410,5.1,10,3,-1,0,0,10,-1,0,10,9,10,-1,-1,0,0,-1,-1,10,,2026-04-06T12:35:04+01:00
fftw/fftw3,gh/8843388,4.3,10,0,0,0,5,10,-1,0,10,10,2,-1,-1,0,0,-1,-1,10,,2026-04-06T18:45:40+01:00
fgkeepalive/androidkeepalive,gh/601540872,2.7,10,1,-1,0,0,0,-1,0,0,10,0,-1,-1,0,0,-1,-1,10,,2026-04-07T14:55:39+01:00
fholger/vrperfkit,gh/443879482,1.4,10,0,-1,0,0,3,-1,0,0,9,0,-1,-1,0,0,0,-1,0,,2026-04-07T13:56:06+01:00
firebase/firebase-js-sdk,gh/89290483,6.5,10,4,10,0,8,10,10,10,0,9,10,-1,2,10,10,-1,0,0,,2026-04-27T15:07:00+01:00
firedancer-io/firedancer,gh/525383681,6.8,0,7,10,0,10,10,10,10,10,9,10,-1,0,7,10,-1,0,6,,2026-04-07T13:57:27+01:00
firmianay/ctf-all-in-one,gh/97291220,2.0,0,0,0,0,3,10,-1,0,0,10,0,-1,0,0,0,-1,-1,10,,2026-04-06T16:35:16+01:00
fitzgen/glob-to-regexp,gh/11461122,2.9,10,0,0,0,4,10,-1,0,0,0,0,-1,-1,0,0,-1,-1,10,,2026-04-27T17:10:20+01:00
fix94/nintendont,gh/35291590,1.6,0,0,0,0,5,0,-1,0,0,0,0,-1,-1,0,0,-1,-1,10,,2026-04-06T20:35:13+01:00
flame/blis,gh/16143904,4.0,10,3,8,0,4,10,-1,0,0,9,1,-1,-1,0,0,-1,-1,10,,2026-04-06T19:45:47+01:00
flame/how-to-optimize-gemm,gh/65327876,2.7,10,0,0,0,2,10,-1,0,0,0,0,-1,-1,0,0,-1,-1,10,,2026-04-07T10:51:14+01:00
flatpak/flatpak,gh/59213200,6.0,10,3,10,0,10,10,10,0,0,10,10,-1,0,10,10,0,0,10,,2026-04-06T15:41:42+01:00
flipperdevices/flipperzero-firmware,gh/284134871,5.5,10,8,10,0,10,10,10,10,0,10,0,-1,0,0,9,-1,0,0,,2026-04-06T12:39:32+01:00
floatdrop/require-from-string,gh/39301848,2.9,10,0,0,0,2,6,-1,0,0,10,0,-1,-1,0,0,-1,-1,10,,2026-04-27T16:08:14+01:00
floating-ui/floating-ui,gh/54994103,5.1,10,0,7,0,4,10,10,10,0,10,10,-1,0,0,10,-1,0,0,,2026-04-27T16:06:00+01:00
floooh/chips,gh/110844599,3.4,10,0,5,0,1,6,10,0,0,10,0,-1,0,0,0,-1,0,10,,2026-04-07T16:01:19+01:00
floooh/sokol,gh/97212490,4.6,10,3,7,0,1,10,10,0,0,10,10,-1,0,0,0,-1,0,10,,2026-04-06T13:38:12+01:00
fluidsynth/fluidsynth,gh/95304991,5.5,9,3,10,0,1,10,10,10,0,10,10,-1,0,10,0,0,0,10,,2026-04-06T20:35:41+01:00
flygoat/ryzenadj,gh/169076854,3.6,5,0,9,0,8,10,10,0,0,10,2,-1,0,0,0,0,0,10,,2026-04-06T20:36:50+01:00
fogleman/craft,gh/9330072,3.1,10,0,0,0,2,10,-1,0,0,10,0,-1,-1,0,0,-1,-1,10,,2026-04-06T13:36:57+01:00
follow-redirects/follow-redirects,gh/6697086,4.9,10,0,3,0,0,10,10,10,0,10,2,-1,2,0,10,-1,10,0,,2026-04-27T16:09:06+01:00
fontconfig/fontconfig,gh/926884194,4.0,10,0,-1,0,0,10,-1,0,0,9,10,-1,-1,0,0,-1,-1,10,,2026-04-27T21:33:03+01:00
fontmanager/font-manager,gh/36486098,2.9,10,0,0,0,3,10,-1,0,0,10,0,-1,-1,0,0,0,-1,10,,2026-04-07T18:00:31+01:00
foobnix/librerareader,gh/88200328,3.1,2,3,0,0,1,10,-1,0,0,9,10,-1,-1,0,0,0,-1,10,,2026-04-06T16:35:48+01:00
form-data/form-data,gh/1755793,4.8,10,3,10,0,0,10,10,0,0,10,3,-1,0,0,0,-1,10,10,,2026-04-27T17:10:21+01:00
form-dev/form,gh/12756230,4.5,10,3,10,0,4,10,10,0,0,10,10,-1,0,0,0,0,0,10,,2026-04-07T15:55:52+01:00
formatjs/formatjs,gh/19117456,4.6,10,3,10,0,0,10,10,10,0,0,10,10,0,0,0,-1,0,0,,2026-04-27T17:10:26+01:00
forthespada/mypoorwebserver,gh/230074753,2.4,10,0,-1,0,0,6,-1,0,0,0,0,-1,-1,0,0,-1,-1,10,,2026-04-07T13:55:39+01:00
fortra/nanodump,gh/426733235,1.6,0,0,0,0,1,3,-1,0,0,10,0,-1,-1,0,0,-1,-1,10,,2026-04-07T10:48:46+01:00
fossasia/badgemagic-firmware,gh/61428223,3.5,8,0,4,0,7,6,10,0,0,10,1,-1,0,0,0,0,0,10,,2026-04-07T12:56:00+01:00
fossasia/magic-epaper-firmware,gh/93984633,2.8,10,0,0,0,2,3,-1,0,0,10,0,-1,-1,0,0,-1,-1,10,,2026-04-07T13:01:15+01:00
fossasia/pslab-firmware,gh/86472725,3.1,10,1,1,0,3,3,10,0,0,10,0,-1,0,0,0,0,0,10,,2026-04-07T12:56:02+01:00
fossasia/pslab-mini-firmware,gh/62321793,3.5,10,3,10,0,0,3,10,0,0,9,0,-1,0,0,0,-1,0,10,,2026-04-07T12:57:38+01:00
fragglet/c-algorithms,gh/736644,3.4,10,3,-1,0,0,10,10,0,0,9,1,-1,0,0,0,0,0,10,,2026-04-06T17:35:58+01:00
free-audio/clap,gh/26473165,4.8,10,6,4,0,10,10,10,0,0,10,2,-1,0,0,0,-1,0,10,,2026-04-06T20:37:20+01:00
freebsd/freebsd-src,gh/2328181,5.2,0,3,-1,0,3,10,10,0,10,9,10,-1,0,0,0,-1,10,10,,2026-04-06T13:39:36+01:00
freeciv/freeciv,gh/88430427,4.7,10,0,-1,0,0,10,10,0,0,10,10,-1,0,10,0,-1,0,10,,2026-04-07T13:00:17+01:00
freecodecamp/freecodecamp,gh/28457823,6.4,10,4,10,0,10,10,10,10,0,10,10,-1,8,0,9,-1,0,0,,2026-04-06T12:14:28+01:00
freedesktop-unofficial-mirror/cairo,gh/34372735,2.6,10,0,-1,0,0,10,-1,0,0,9,0,-1,-1,0,0,-1,-1,7,,2026-04-27T21:33:15+01:00
freeradius/freeradius-server,gh/35649,5.9,10,3,-1,0,0,10,10,0,10,10,10,10,0,0,10,8,0,10,,2026-04-06T19:48:26+01:00
freerdp/freerdp,gh/1979797,6.6,9,8,10,0,4,10,-1,0,10,10,10,-1,0,0,10,8,-1,10,,2026-04-06T12:41:37+01:00
freerdp/remmina,gh/2696306,3.8,10,0,-1,0,0,10,-1,0,0,10,10,-1,0,0,0,-1,-1,10,,2026-04-06T19:48:42+01:00
freertos/freertos,gh/206121828,5.4,0,10,10,0,10,10,10,10,0,10,7,-1,0,0,10,0,0,5,,2026-04-06T14:35:33+01:00
freetype/freetype,gh/187000659,4.0,10,0,-1,0,0,10,-1,0,0,9,10,-1,-1,0,0,-1,-1,10,,2026-04-27T17:10:31+01:00
frenic/csstype,gh/104001328,3.5,10,3,3,0,0,3,10,10,0,10,0,-1,3,0,0,-1,0,0,,2026-04-27T16:06:11+01:00
frommi/miniz_oxide,gh/96124162,4.6,10,0,6,0,3,10,10,0,10,10,5,-1,0,0,0,-1,0,10,,2026-04-27T17:10:32+01:00
frrouting/frr,gh/76599439,5.1,10,3,10,0,10,10,0,0,10,9,10,10,0,0,0,-1,0,10,,2026-04-06T16:37:09+01:00
fsevents/fsevents,gh/1402936,3.3,10,0,-1,0,0,10,10,0,0,10,0,-1,0,0,0,-1,0,10,,2026-04-27T21:33:20+01:00
fsspec/filesystem_spec,gh/130727736,5.4,10,0,9,0,7,10,10,0,10,10,10,-1,0,0,0,-1,0,10,,2026-04-27T15:06:30+01:00
fsspec/s3fs,gh/53987953,4.5,10,0,9,0,4,10,10,0,0,10,10,-1,0,0,0,-1,0,9,,2026-04-27T17:10:47+01:00
fukuchi/libqrencode,gh/1410242,3.2,10,0,0,0,0,10,10,0,0,10,0,-1,0,0,0,-1,0,10,,2026-04-06T18:51:39+01:00
fulldecent/system-bus-radio,gh/52827329,4.3,10,0,0,0,2,10,10,10,0,10,1,-1,0,0,0,-1,0,10,,2026-04-06T14:37:19+01:00
fw876/helloworld,gh/256105296,4.3,10,0,9,0,0,10,10,0,0,10,10,-1,0,0,0,-1,0,10,,2026-04-06T16:36:56+01:00
fwupd/fwupd,gh/31374735,8.1,10,6,10,5,4,10,10,10,10,10,10,10,5,10,10,8,0,10,,2026-04-06T16:38:04+01:00
gaffe23/linux-inject,gh/30771169,2.5,10,0,0,0,0,0,-1,0,0,9,0,-1,-1,0,0,-1,-1,10,,2026-04-07T15:56:03+01:00
gaijinentertainment/dascript,gh/146238112,4.9,10,3,10,0,3,10,10,0,10,10,10,-1,0,7,0,0,0,5,,2026-04-07T16:58:23+01:00
gamelinux/passivedns,gh/1679745,3.2,10,0,0,0,7,10,-1,0,0,0,0,-1,-1,0,0,-1,-1,10,,2026-04-07T11:54:19+01:00
ganelson/inform,gh/169170146,3.8,10,0,0,0,3,10,-1,0,0,10,10,-1,-1,0,0,0,-1,10,,2026-04-07T12:56:25+01:00
garycourt/uri-js,gh/989080,2.7,10,0,-1,0,0,3,-1,10,0,9,0,-1,-1,0,0,-1,-1,0,,2026-04-27T17:10:59+01:00
gatieme/ldd-linuxdevicedrivers,gh/54778898,1.7,0,0,-1,0,0,3,-1,0,0,10,1,-1,-1,0,0,-1,-1,10,,2026-04-06T18:51:53+01:00
gbalatro/balatro-gba,gh/925448611,4.4,10,3,10,0,7,6,10,0,0,0,10,-1,0,0,0,0,0,10,,2026-04-07T10:48:31+01:00
gcc-mirror/gcc,gh/22711503,3.4,10,0,-1,0,0,10,-1,0,10,10,10,-1,0,0,0,-1,-1,0,,2026-04-27T17:11:02+01:00
gdabah/distorm,gh/32611857,3.0,9,0,0,0,1,10,10,0,0,9,0,-1,0,0,0,0,0,10,,2026-04-07T14:56:08+01:00
gdbinit/machoview,gh/6203497,3.4,10,0,-1,0,0,3,-1,0,10,10,0,-1,-1,0,0,-1,-1,10,,2026-04-06T18:51:51+01:00
geany/geany,gh/2532922,6.4,10,3,10,0,6,10,10,10,0,10,10,-1,0,8,0,8,0,10,,2026-04-06T17:36:13+01:00
geigeigeist/totem,gh/518790673,3.0,10,0,0,0,3,6,-1,0,0,9,0,-1,-1,0,0,-1,-1,10,,2026-04-07T10:59:10+01:00
gentilkiwi/kekeo,gh/29211959,1.1,0,0,-1,0,0,3,-1,0,0,0,0,-1,-1,0,0,0,-1,10,,2026-04-07T12:58:35+01:00
gentilkiwi/mimikatz,gh/18496166,1.3,0,0,0,0,2,3,-1,0,0,0,0,-1,-1,0,0,0,-1,10,,2026-04-06T12:37:36+01:00
genymobile/scrcpy,gh/111583593,4.4,9,0,-1,0,0,10,10,0,0,10,10,-1,0,0,0,8,0,10,,2026-04-06T12:34:48+01:00
geoffreybennett/alsa-scarlett-gui,gh/469474871,3.5,10,0,0,0,0,0,10,0,0,10,10,-1,0,0,0,0,0,10,,2026-04-07T16:55:40+01:00
geohot/qira,gh/23707362,1.6,0,0,0,0,9,10,-1,0,0,10,0,-1,0,0,0,-1,-1,0,,2026-04-06T16:37:05+01:00
gerard/ext4fuse,gh/680700,3.0,10,0,0,0,4,3,-1,0,0,10,0,-1,-1,0,0,-1,-1,10,,2026-04-07T18:02:26+01:00
getdnsapi/stubby,gh/95496457,3.4,10,0,0,0,3,10,-1,0,0,10,0,-1,0,0,0,8,-1,10,,2026-04-07T14:59:47+01:00
getsentry/sentry-javascript,gh/3328572,6.0,9,4,10,0,10,10,10,10,0,10,10,-1,1,10,10,0,0,0,,2026-04-27T15:07:42+01:00
giampaolo/psutil,gh/20101515,5.4,10,0,10,0,0,10,10,0,10,10,10,-1,0,0,10,-1,0,10,,2026-04-27T17:11:12+01:00
gianlucaborello/libprocesshider,gh/23007645,2.2,10,0,0,0,1,0,-1,0,0,0,0,-1,-1,0,0,-1,-1,10,,2026-04-07T16:56:20+01:00
git/git,gh/36502,5.3,10,0,-1,2,0,10,10,0,10,9,10,-1,0,0,10,-1,0,10,,2026-04-06T12:34:48+01:00
github/brubeck,gh/37189021,3.3,10,0,0,0,1,0,-1,0,0,10,0,-1,-1,0,10,-1,-1,10,,2026-04-07T15:59:48+01:00
github/glb-director,gh/133760300,7.3,10,6,10,0,10,10,10,10,0,9,0,-1,0,10,10,-1,9,9,,2026-04-06T19:49:10+01:00
gitlab-freedesktop-mirrors/libxcb,gh/444023705,2.9,10,0,-1,0,0,10,-1,0,0,9,0,-1,-1,0,0,-1,-1,10,,2026-04-27T21:33:20+01:00
gitoxidelabs/gitoxide,gh/136510559,7.3,10,3,10,0,0,10,10,10,10,10,10,-1,6,10,10,0,10,7,,2026-04-27T17:11:13+01:00
gitpython-developers/gitdb,gh/1126093,6.7,10,0,7,0,4,10,10,10,10,9,1,-1,0,5,9,-1,10,10,,2026-04-27T17:11:16+01:00
gitpython-developers/gitpython,gh/1126087,8.1,10,3,10,0,6,10,10,10,10,10,10,-1,0,10,10,-1,9,9,,2026-04-27T17:11:56+01:00
gitpython-developers/smmap,gh/1865144,6.1,10,0,7,0,1,10,10,10,0,10,3,-1,0,5,9,-1,10,10,,2026-04-27T17:12:06+01:00
gittup/tup,gh/1689443,4.2,10,0,-1,0,0,10,10,0,0,10,10,-1,0,0,0,-1,0,10,,2026-04-07T15:04:37+01:00
gjduck/e9patch,gh/250687801,3.9,10,0,1,0,2,10,10,0,0,10,10,-1,0,0,0,0,0,10,,2026-04-07T16:58:31+01:00
gkz/levn,gh/13287279,2.9,10,0,0,0,0,10,-1,10,0,10,0,-1,-1,0,0,-1,-1,0,,2026-04-27T16:10:25+01:00
gkz/optionator,gh/13435927,3.9,10,0,0,0,0,10,-1,10,0,10,0,-1,-1,0,0,-1,-1,10,,2026-04-27T17:12:13+01:00
gkz/prelude-ls,gh/4457759,3.0,10,0,0,0,1,10,-1,10,0,10,0,-1,-1,0,0,-1,-1,0,,2026-04-27T15:05:53+01:00
gkz/type-check,gh/13182168,2.9,10,0,0,0,0,10,-1,10,0,10,0,-1,-1,0,0,-1,-1,0,,2026-04-27T17:12:20+01:00
glmcdona/process-dump,gh/46630078,3.3,10,6,0,0,1,0,10,0,0,10,0,-1,0,0,0,0,0,10,,2026-04-07T10:58:57+01:00
glouw/ctl,gh/298725179,3.4,10,0,0,0,0,3,10,0,0,10,0,-1,0,7,0,-1,0,10,,2026-04-07T13:59:10+01:00
glouw/paperview,gh/283962671,2.6,10,0,0,0,0,3,-1,0,0,10,0,-1,-1,0,0,-1,-1,10,,2026-04-07T13:00:50+01:00
glouw/tinn,gh/126944933,2.7,10,0,0,0,1,3,-1,0,0,10,0,-1,-1,0,0,-1,-1,10,,2026-04-06T20:38:06+01:00
gloxec/crossc2,gh/234364459,2.5,8,0,-1,0,0,3,10,0,0,0,0,-1,0,0,0,0,0,10,,2026-04-06T19:47:33+01:00
gluster/glusterfs,gh/1377037,3.4,10,6,6,0,10,10,-1,0,0,10,3,-1,0,0,0,0,-1,0,,2026-04-06T15:38:52+01:00
glyptodon/guacamole-server,gh/10532458,3.6,10,3,-1,0,0,10,10,0,0,10,0,-1,0,0,0,-1,0,10,,2026-04-07T18:03:29+01:00
gmp-mirror/gmp,gh/681340775,3.0,10,0,-1,0,0,10,-1,0,0,10,0,-1,-1,0,0,-1,-1,10,,2026-04-27T21:33:20+01:00
gnab/rtl8812au,gh/14566872,3.3,10,0,0,0,10,3,-1,0,0,0,0,-1,-1,0,0,-1,-1,10,,2026-04-07T11:54:13+01:00
gnbdev/opengnb,gh/236677896,3.4,10,0,-1,0,0,0,-1,0,0,10,10,-1,-1,0,0,-1,-1,7,,2026-04-07T15:58:52+01:00
gnif/lookingglass,gh/113412457,4.8,10,1,10,0,10,10,10,0,0,10,5,-1,0,0,0,-1,0,10,,2026-04-06T15:35:53+01:00
gnome/gdk-pixbuf,gh/4533539,4.1,10,0,-1,0,0,10,-1,0,0,10,10,-1,-1,0,0,-1,-1,10,,2026-04-28T01:21:18+01:00
gnome/gimp,gh/4537508,3.8,10,0,-1,0,0,10,-1,0,0,9,10,-1,0,0,0,-1,-1,10,,2026-04-06T14:41:47+01:00
gnome/libxml2,gh/4537118,4.2,10,0,-1,0,0,10,-1,0,10,9,10,-1,0,0,0,-1,-1,8,,2026-04-27T21:33:32+01:00
gnome/pango,gh/4537144,3.8,10,0,-1,0,0,10,-1,0,0,9,10,-1,0,0,0,-1,-1,10,,2026-04-27T17:12:23+01:00
gnucash/gnucash,gh/7966650,4.9,10,0,10,0,2,10,10,0,0,9,10,-1,0,0,0,0,10,10,,2026-04-06T16:36:40+01:00
gnutls/gnutls,gh/58873704,5.3,10,0,-1,0,0,10,10,0,10,10,10,-1,0,0,10,-1,0,10,,2026-04-27T21:33:37+01:00
gnutls/libtasn1,gh/59017205,3.6,10,0,-1,0,0,10,-1,0,10,9,0,-1,-1,0,0,-1,-1,9,,2026-04-27T21:33:38+01:00
gnutls/nettle,gh/59017402,4.0,10,0,-1,0,0,10,-1,0,0,10,9,-1,-1,0,0,-1,-1,10,,2026-04-27T21:33:39+01:00
gnuton/asuswrt-merlin.ng,gh/175516287,3.6,0,3,0,0,0,10,10,10,10,9,3,-1,0,0,0,0,0,6,,2026-04-07T10:48:37+01:00
go-gl/gl,gh/31151120,4.1,10,0,0,0,8,10,10,0,0,10,3,-1,0,0,0,-1,0,10,,2026-04-07T15:57:34+01:00
go-gl/glfw,gh/10151943,6.0,10,3,4,0,10,10,10,0,0,10,10,-1,0,0,0,-1,10,10,,2026-04-07T11:56:03+01:00
gojue/ecapture,gh/469303019,6.5,10,6,10,0,3,10,10,10,0,10,10,10,0,9,10,0,0,9,,2026-04-06T12:40:02+01:00
golang-ui/nuklear,gh/68863377,3.7,10,0,0,0,10,3,-1,0,0,10,0,-1,-1,0,0,-1,-1,10,,2026-04-07T11:57:22+01:00
google/afl,gh/198869255,5.4,5,6,0,0,9,10,-1,0,10,10,0,-1,-1,0,10,-1,-1,10,,2026-04-06T16:37:00+01:00
google/brotli,gh/24993138,7.7,10,4,10,2,6,10,-1,10,10,10,10,-1,-1,8,10,0,-1,10,,2026-04-27T14:56:50+01:00
google/google-authenticator-libpam,gh/73227062,5.4,10,0,0,0,2,10,-1,10,0,10,5,-1,-1,0,10,-1,-1,10,,2026-04-07T10:52:23+01:00
google/ios-webkit-debug-proxy,gh/8165161,3.3,10,0,0,0,1,10,-1,0,0,10,0,-1,-1,0,10,0,-1,10,,2026-04-06T14:40:36+01:00
google/ngx_brotli,gh/43982690,4.2,10,0,0,0,7,6,-1,0,0,10,0,-1,-1,0,10,-1,-1,10,,2026-04-06T20:36:42+01:00
google/pebble,gh/920267729,2.4,5,0,0,0,1,0,-1,0,10,10,0,-1,-1,0,10,-1,-1,0,,2026-04-06T15:40:19+01:00
google/rune,gh/423747351,3.4,10,0,0,0,1,10,-1,0,0,10,0,-1,0,0,10,-1,-1,10,,2026-04-07T10:55:12+01:00
google/security-research,gh/272394704,5.8,0,3,0,0,0,10,10,10,10,10,10,-1,3,7,10,-1,9,0,,2026-04-06T16:35:34+01:00
google/wuffs,gh/110482267,5.6,9,0,0,0,0,0,10,10,10,9,8,-1,0,4,10,-1,0,10,,2026-04-06T15:42:27+01:00
google/zerocopy,gh/534354967,6.4,0,8,10,0,9,10,10,10,0,10,10,10,8,0,10,0,10,0,,2026-04-27T17:12:28+01:00
googleapis/google-api-python-client,gh/15749269,7.4,10,5,10,0,10,10,10,10,10,10,10,-1,0,0,10,-1,0,9,,2026-04-27T17:12:29+01:00
googleapis/google-auth-library-python,gh/69199387,7.1,10,0,10,0,10,10,10,10,10,10,0,-1,0,5,10,-1,10,7,,2026-04-27T15:05:18+01:00
googleapis/google-cloud-node-core,gh/1052931509,4.9,10,1,10,0,10,10,10,10,0,10,0,-1,0,0,10,-1,0,0,,2026-04-27T17:12:30+01:00
googleapis/google-cloud-python,gh/16316451,7.2,10,,10,0,10,10,10,10,10,10,10,-1,0,0,10,-1,0,5,,2026-05-03T23:26:18+01:00
googleapis/google-resumable-media-python,gh/88091939,6.3,10,5,6,0,4,10,10,10,10,10,0,-1,0,5,10,-1,0,10,,2026-04-27T17:13:11+01:00
googleapis/proto-plus-python,gh/157577168,5.6,10,0,3,0,10,10,-1,0,10,10,0,-1,-1,2,10,-1,-1,10,,2026-04-27T15:52:58+01:00
googleapis/python-api-core,gh/226992456,6.1,10,0,10,0,9,10,-1,0,10,10,0,-1,-1,7,10,-1,-1,10,,2026-04-27T21:33:50+01:00
googleapis/python-crc32c,gh/159736041,6.5,10,0,6,0,10,10,10,10,10,10,0,-1,2,6,10,-1,10,0,,2026-04-27T16:09:51+01:00
googleapis/python-storage,gh/226992639,6.1,10,1,10,0,8,10,-1,10,10,10,0,-1,0,0,10,-1,-1,9,,2026-04-27T21:33:51+01:00
googlechrome/workbox,gh/55424670,5.0,9,1,10,0,2,10,10,10,0,10,10,-1,2,8,0,-1,0,0,,2026-04-27T15:06:33+01:00
googleprojectzero/winafl,gh/62802730,3.9,10,0,0,0,6,10,10,0,0,10,2,-1,0,0,0,-1,0,10,,2026-04-06T19:47:42+01:00
gozala/events,gh/1649251,3.9,10,3,0,0,0,10,-1,0,0,10,0,-1,-1,0,10,-1,-1,10,,2026-04-27T15:53:22+01:00
gpg/libgpg-error,gh/42075984,4.1,10,0,-1,0,0,10,-1,0,0,10,10,-1,-1,0,0,-1,-1,10,,2026-04-27T21:33:57+01:00
gphoto/libgphoto2,gh/40043855,7.7,10,3,8,2,4,10,10,10,10,10,10,-1,7,9,10,8,0,10,,2026-04-07T15:03:05+01:00
gpuopen-effects/fidelityfx-fsr,gh/385642020,2.3,10,0,-1,0,0,0,-1,0,0,10,0,-1,-1,0,0,0,-1,10,,2026-04-06T20:37:59+01:00
gpuopen-effects/fidelityfx-fsr2,gh/506164578,2.0,6,0,-1,0,0,3,-1,0,0,9,0,-1,-1,0,0,0,-1,10,,2026-04-07T10:49:08+01:00
gpuopen-librariesandsdks/vulkanmemoryallocator,gh/94551647,4.7,9,0,10,0,10,10,10,0,0,10,6,-1,0,0,0,-1,0,10,,2026-04-06T17:38:32+01:00
grahamdumpleton/mod_wsgi,gh/15648929,3.7,10,0,0,0,1,10,10,0,0,10,5,-1,0,0,0,-1,0,10,,2026-04-07T17:59:34+01:00
grahamdumpleton/wrapt,gh/10357291,4.1,10,0,-1,0,0,10,10,0,0,10,10,-1,0,0,0,-1,0,9,,2026-04-27T21:33:58+01:00
graphitemaster/incbin,gh/30216244,3.1,10,0,0,0,2,10,-1,0,0,10,0,-1,-1,0,0,-1,-1,10,,2026-04-07T16:01:18+01:00
graydon/exhaustigen-rs,gh/432630522,2.2,10,0,-1,0,0,0,-1,0,0,0,0,-1,-1,0,0,-1,-1,10,,2026-04-27T21:34:15+01:00
greatscottgadgets/hackrf,gh/3681392,5.7,10,3,10,0,10,10,10,10,0,10,10,-1,0,0,0,0,0,10,,2026-04-06T13:42:01+01:00
gregberge/svgr,gh/102155012,4.6,10,1,0,0,6,10,10,10,0,10,0,-1,0,0,0,-1,10,0,,2026-04-27T15:07:17+01:00
grncdr/merge-stream,gh/10579821,3.1,10,0,0,0,2,10,-1,0,0,10,0,-1,-1,0,0,-1,-1,10,,2026-04-27T21:34:16+01:00
grpc/grpc,gh/27729880,6.5,8,,10,5,8,10,10,10,10,10,10,-1,0,0,9,-1,0,0,,2026-05-03T23:22:42+01:00
gruppio/sonoff-homekit,gh/148889787,2.5,10,0,0,0,0,6,-1,0,0,10,0,-1,0,0,0,-1,-1,10,,2026-04-07T18:03:44+01:00
gsass1/ntop,gh/97338890,3.0,10,0,0,0,3,3,10,0,0,10,0,-1,0,0,0,0,0,10,,2026-04-07T13:01:04+01:00
gsliepen/tinc,gh/1248151,4.7,10,0,-1,0,0,10,10,0,0,9,10,-1,0,0,10,-1,0,10,,2026-04-06T20:37:40+01:00
gsnedders/python-webencodings,gh/7043404,3.4,10,,0,0,2,10,-1,0,0,9,0,-1,-1,0,0,-1,-1,10,,2026-05-03T23:22:49+01:00
gstreamer/gstreamer,gh/47219545,2.9,5,0,-1,0,0,10,-1,0,10,9,10,-1,0,0,0,-1,-1,0,,2026-04-06T18:41:44+01:00
gtworek/psbits,gh/194408180,2.2,0,0,0,0,0,0,-1,0,0,10,7,-1,-1,0,0,-1,-1,10,,2026-04-06T17:36:44+01:00
guanshuicheng/invoice,gh/200155602,1.4,0,0,0,0,0,0,-1,10,0,10,0,-1,-1,0,0,-1,-1,0,,2026-04-07T10:52:11+01:00
guanzhi/gmssl,gh/27359183,3.7,10,0,-1,0,0,6,10,0,0,10,10,-1,0,0,0,0,0,10,,2026-04-06T14:42:26+01:00
guillaumegomez/doc-comment,gh/127254922,3.0,10,0,0,0,1,10,-1,0,0,10,0,-1,-1,0,0,-1,-1,10,,2026-04-27T15:05:34+01:00
guinmoon/llmfarm,gh/653734533,1.9,4,0,-1,0,0,0,-1,0,0,10,0,-1,-1,0,0,-1,-1,10,,2026-04-07T10:51:09+01:00
gulpjs/glob-parent,gh/29154915,3.9,10,0,-1,0,0,10,10,0,0,10,0,-1,0,0,10,-1,0,10,,2026-04-27T21:34:25+01:00
gweis/isodate,gh/6449370,3.8,10,0,0,0,0,10,10,0,10,10,0,-1,0,0,0,-1,0,10,,2026-04-27T15:52:38+01:00
gyscos/zstd-rs,gh/52115335,5.4,10,3,5,0,3,10,10,10,10,10,2,-1,0,0,0,-1,0,10,,2026-04-27T17:14:34+01:00
h0mbre/learning-c,gh/208511977,2.9,10,0,0,0,7,0,-1,0,0,0,0,-1,-1,0,0,-1,-1,10,,2026-04-07T10:54:12+01:00
h2o/picohttpparser,gh/330414,4.2,10,0,2,0,5,10,10,0,0,0,10,-1,0,0,0,-1,0,10,,2026-04-07T10:49:40+01:00
hackerschoice/gsocket,gh/296670766,3.0,10,0,0,0,0,10,10,0,0,10,0,-1,0,0,0,0,0,10,,2026-04-07T10:58:58+01:00
hacksysteam/hacksysextremevulnerabledriver,gh/36424832,3.5,10,6,0,0,3,10,-1,0,0,10,0,-1,-1,0,0,0,-1,10,,2026-04-06T18:50:52+01:00
haileys/doslinux,gh/297071139,2.6,10,0,-1,0,0,0,-1,0,0,9,0,-1,-1,0,0,-1,-1,10,,2026-04-07T12:56:26+01:00
haileys/jsos,gh/3405516,2.2,10,0,-1,0,0,0,-1,0,0,0,0,-1,-1,0,0,-1,-1,10,,2026-04-07T18:01:03+01:00
hairrrrr/c-crashcourse,gh/238838936,2.2,10,0,-1,0,0,0,-1,0,0,0,0,-1,-1,0,0,-1,-1,10,,2026-04-07T15:02:38+01:00
handbrake/handbrake,gh/41215835,6.2,10,3,10,0,2,10,10,10,0,9,10,-1,0,0,10,8,0,10,,2026-04-06T12:37:15+01:00
handmademath/handmademath,gh/49993383,3.7,10,1,1,0,5,10,10,0,0,10,3,-1,0,0,0,0,0,10,,2026-04-07T12:59:45+01:00
hannorein/rebound,gh/1987576,5.2,10,3,8,0,1,10,10,10,0,10,10,10,0,0,0,0,0,10,,2026-04-07T17:59:03+01:00
hansimov/csapp,gh/297880790,1.5,0,0,0,0,3,6,-1,0,0,0,0,-1,-1,0,0,0,-1,10,,2026-04-07T10:51:03+01:00
hanskristian-work/vkd3d-proton,gh/209527239,4.9,10,3,10,0,9,10,10,0,0,10,10,-1,0,0,0,0,0,10,,2026-04-06T19:46:39+01:00
hanslub42/rlwrap,gh/17113037,3.0,10,6,-1,0,0,3,-1,0,0,10,0,-1,-1,0,0,0,-1,10,,2026-04-06T18:48:23+01:00
hanwckf/immortalwrt-mt798x,gh/552482519,2.9,10,0,0,0,1,10,-1,0,0,9,0,-1,-1,0,0,-1,-1,10,,2026-04-07T11:55:39+01:00
hanwckf/rt-n56u,gh/108568638,1.8,0,0,0,0,1,10,10,0,10,0,0,-1,0,0,0,0,0,0,,2026-04-06T17:37:42+01:00
hapijs/hoek,gh/5831189,3.8,10,0,0,0,0,10,10,0,0,9,0,-1,0,0,10,-1,0,10,,2026-04-27T17:14:35+01:00
hapostgres/pg_auto_failover,gh/184734634,5.0,10,8,3,0,7,10,10,0,0,9,0,-1,0,0,10,-1,0,9,,2026-04-07T14:55:42+01:00
haproxy/haproxy,gh/128791889,5.0,10,0,-1,0,0,10,10,0,10,9,10,10,0,0,0,-1,0,10,,2026-04-06T14:39:08+01:00
harbourmasters/shipwright,gh/472575717,4.7,10,3,10,0,9,10,10,0,0,0,10,-1,0,0,0,0,0,10,,2026-04-06T16:34:56+01:00
harfbuzz/harfbuzz,gh/5050525,7.7,10,3,9,2,6,10,10,10,10,9,10,-1,10,0,10,0,10,10,,2026-04-27T17:14:38+01:00
harvey-os/harvey,gh/39068568,4.2,8,8,0,0,10,10,10,0,0,10,0,-1,0,0,0,0,0,10,,2026-04-07T13:55:38+01:00
hashcat/hashcat,gh/47409672,4.3,10,0,5,0,10,10,10,0,10,0,7,-1,0,0,0,0,0,5,,2026-04-06T12:36:37+01:00
hashcat/hashcat-legacy,gh/46862438,2.8,10,0,0,0,4,6,-1,0,0,0,0,-1,-1,0,0,-1,-1,10,,2026-04-06T20:36:11+01:00
hashcat/hashcat-utils,gh/46592019,3.2,10,0,6,0,6,6,10,0,0,0,0,-1,0,0,0,0,0,10,,2026-04-07T12:56:38+01:00
hasura/skor,gh/131110697,2.3,10,0,0,0,0,0,-1,0,0,10,0,-1,0,0,0,-1,-1,10,,2026-04-07T15:04:11+01:00
hathach/tinyusb,gh/6860771,5.8,10,5,10,0,6,10,10,0,10,10,10,-1,0,9,0,-1,0,5,,2026-04-06T14:38:00+01:00
haywire/haywire,gh/9534968,1.5,0,0,0,0,0,3,-1,0,0,10,0,-1,-1,0,0,-1,-1,10,,2026-04-07T16:56:19+01:00
heiher/natmap,gh/544053253,4.1,10,0,8,0,1,10,10,0,0,10,7,10,0,0,0,0,0,10,,2026-04-07T10:57:17+01:00
helenos/helenos,gh/106721941,2.6,0,3,0,0,1,10,-1,0,0,0,10,-1,-1,0,0,0,-1,10,,2026-04-07T12:57:07+01:00
henrypp/chrlauncher,gh/46877896,3.3,10,0,0,0,0,6,-1,0,0,10,9,-1,-1,0,0,0,-1,10,,2026-04-07T18:03:29+01:00
henrypp/memreduct,gh/28058713,4.4,10,0,0,0,2,6,-1,0,0,10,10,-1,-1,0,0,8,-1,10,,2026-04-06T13:40:10+01:00
henrypp/simplewall,gh/66016134,5.5,10,3,0,0,0,3,10,0,0,10,10,-1,8,0,0,8,10,10,,2026-04-06T13:41:11+01:00
heterodb/pg-strom,gh/18589213,4.5,10,0,0,0,0,3,10,0,0,9,10,-1,0,0,0,-1,10,8,,2026-04-07T13:58:19+01:00
hexchat/hexchat,gh/4994785,3.4,10,1,0,0,4,10,10,0,0,10,0,-1,0,0,0,0,0,10,,2026-04-06T17:38:09+01:00
hfiref0x/kdu,gh/237723526,4.1,9,0,10,0,1,0,10,0,0,10,10,-1,0,0,0,-1,0,10,,2026-04-06T19:48:53+01:00
hfiref0x/syscalltables,gh/54184869,3.2,10,0,-1,0,0,0,10,0,0,10,5,-1,0,0,0,0,0,10,,2026-04-07T13:58:22+01:00
hfiref0x/tdl,gh/51052584,2.1,6,0,0,0,0,0,-1,0,0,10,0,-1,-1,0,0,-1,-1,10,,2026-04-07T15:57:04+01:00
hfiref0x/uacme,gh/33031885,2.9,9,0,5,0,0,0,-1,0,0,10,3,-1,-1,0,0,-1,-1,10,,2026-04-06T15:38:10+01:00
hfiref0x/winobjex64,gh/31194828,3.3,8,0,10,0,0,0,10,0,0,10,6,-1,0,0,0,0,0,10,,2026-04-07T10:56:34+01:00
hgpvision/darknet,gh/97708527,2.6,10,0,0,0,0,3,-1,0,0,10,0,-1,-1,0,0,-1,-1,10,,2026-04-07T11:57:21+01:00
hiddentao/fast-levenshtein,gh/9490451,3.1,10,0,0,0,2,10,-1,0,0,10,0,-1,-1,0,0,-1,-1,10,,2026-04-27T17:14:51+01:00
hifiberry/hifiberry-os,gh/30535654,1.4,0,0,0,0,1,3,-1,0,0,10,0,-1,0,0,0,0,-1,10,,2026-04-07T15:57:01+01:00
hirrolot/datatype99,gh/312137187,3.1,10,0,-1,0,0,3,10,0,0,10,0,-1,0,0,0,-1,0,10,,2026-04-07T13:00:57+01:00
hirrolot/metalang99,gh/296621386,3.2,10,0,-1,0,0,3,10,0,0,10,1,-1,0,0,0,-1,0,10,,2026-04-07T17:59:08+01:00
hishamhm/htop,gh/15884926,3.3,10,0,0,0,4,10,-1,0,0,10,0,-1,-1,0,0,-1,-1,10,,2026-04-06T14:42:15+01:00
hlldz/phant0m,gh/90059014,2.2,10,0,-1,0,0,0,-1,0,0,0,0,-1,-1,0,0,-1,-1,10,,2026-04-07T10:59:27+01:00
hmgle/graftcp,gh/128937968,4.2,10,0,0,0,1,3,-1,10,0,10,10,-1,-1,0,0,0,-1,8,,2026-04-06T19:48:58+01:00
hnes/libaco,gh/139250759,2.6,10,0,0,0,0,3,-1,0,0,10,0,-1,-1,0,0,-1,-1,10,,2026-04-06T17:35:15+01:00
holzschu/ios_system,gh/113187304,3.0,0,0,-1,0,0,6,10,0,0,10,10,-1,0,0,0,0,0,10,,2026-04-07T18:02:54+01:00
horizon-eda/horizon,gh/80365771,4.3,10,3,10,0,1,10,10,0,0,10,10,-1,0,0,0,0,0,10,,2026-04-07T15:02:49+01:00
hoverwinter/hit-oslab,gh/24395453,1.3,0,0,-1,0,0,6,-1,0,0,0,0,-1,-1,0,0,-1,-1,10,,2026-04-06T20:36:01+01:00
hoytech/vmtouch,gh/3261980,3.1,10,0,0,0,4,6,-1,0,0,10,0,-1,-1,0,0,-1,-1,10,,2026-04-07T10:55:32+01:00
hpjansson/chafa,gh/130906897,4.9,10,1,-1,0,0,10,10,0,0,10,10,-1,0,0,10,8,0,8,,2026-04-06T16:35:23+01:00
hrvach/deskhop,gh/735426820,4.0,10,0,2,0,6,10,10,0,0,10,10,-1,0,0,0,0,0,7,,2026-04-06T13:42:29+01:00
htop-dev/htop,gh/288082909,5.5,10,0,8,0,4,10,10,10,0,10,10,-1,0,9,0,0,0,10,,2026-04-06T13:41:49+01:00
httperf/httperf,gh/32188829,3.8,10,0,0,0,9,10,-1,0,0,10,0,-1,-1,0,0,-1,-1,10,,2026-04-07T18:02:54+01:00
httplib2/httplib2,gh/53002916,5.7,10,3,7,0,0,10,10,10,10,9,0,10,0,0,10,-1,0,9,,2026-04-27T17:15:02+01:00
huangzworks/annotated_redis_source,gh/8574898,1.9,10,0,0,0,1,10,-1,0,0,10,0,-1,-1,0,0,-1,-1,0,,2026-04-06T20:35:23+01:00
huangzworks/redis-3.0-annotated,gh/21294600,1.9,10,0,0,0,1,10,-1,0,0,10,0,-1,-1,0,0,-1,-1,0,,2026-04-06T13:37:57+01:00
hufrea/byedpi,gh/648386720,3.8,10,0,0,0,0,0,10,0,0,10,10,10,0,0,0,0,0,10,,2026-04-06T18:48:08+01:00
huggingface/huggingface_hub,gh/323591830,6.1,10,6,10,0,8,10,10,0,0,10,10,-1,3,8,0,-1,0,10,,2026-04-27T17:15:04+01:00
huggingface/neuralcoref,gh/96111593,2.9,10,0,0,0,3,10,-1,0,0,10,0,-1,-1,0,0,0,-1,10,,2026-04-06T18:51:37+01:00
hukkin/tomli,gh/370616797,4.8,10,3,9,0,3,0,10,0,10,10,7,-1,0,0,0,-1,0,10,,2026-04-27T14:56:41+01:00
hummer12007/brightnessctl,gh/54909281,3.0,10,0,0,0,4,3,-1,0,0,9,0,-1,-1,0,0,-1,-1,10,,2026-04-07T15:56:24+01:00
huntergregal/mimipenguin,gh/86508681,2.5,10,0,0,0,1,6,-1,0,0,9,0,-1,-1,0,0,0,-1,10,,2026-04-06T16:36:57+01:00
hurley25/hurlex-doc,gh/14766320,2.9,10,0,0,0,2,6,-1,0,0,10,0,-1,-1,0,0,-1,-1,10,,2026-04-07T18:01:03+01:00
hvml/purc,gh/517884928,4.7,10,0,-1,0,0,6,-1,0,10,10,10,-1,-1,0,0,-1,-1,10,,2026-04-07T17:59:03+01:00
hydradatabase/columnar,gh/516821813,3.7,10,6,0,0,8,10,10,0,0,10,0,-1,0,0,0,-1,0,2,,2026-04-06T18:48:35+01:00
hyperdbg/hyperdbg,gh/231214350,4.8,0,6,10,0,5,10,10,10,0,10,10,-1,0,0,0,0,0,10,,2026-04-06T17:35:18+01:00
hyperic/sigar,gh/123410,2.2,4,0,0,0,0,10,-1,0,0,10,0,-1,-1,0,0,-1,-1,10,,2026-04-07T12:56:49+01:00
hyperium/http,gh/84983058,5.8,10,8,10,0,6,10,10,0,10,10,7,-1,0,0,0,-1,0,10,,2026-04-27T17:15:05+01:00
hyperium/http-body,gh/183281612,4.3,10,8,4,0,4,10,10,0,0,10,0,-1,0,0,0,-1,0,10,,2026-04-27T17:15:18+01:00
hyperrealm/libconfig,gh/17386658,4.0,10,0,2,0,4,10,10,0,10,10,1,-1,0,1,0,0,0,10,,2026-04-07T15:56:19+01:00
hypopg/hypopg,gh/37308208,3.4,10,0,3,0,1,10,10,0,0,9,3,-1,0,0,0,0,0,10,,2026-04-07T11:56:59+01:00
hzqst/vmwarehardenedloader,gh/149418201,3.2,9,0,0,0,1,0,-1,0,10,10,0,-1,-1,0,0,-1,-1,10,,2026-04-06T20:37:02+01:00
i3/i3,gh/30291090,5.5,10,8,10,0,6,10,10,0,0,10,7,10,0,0,0,-1,0,10,,2026-04-06T13:37:35+01:00
i486/vxkex,gh/831844533,3.3,0,0,-1,0,0,0,10,0,0,0,10,-1,0,0,0,0,9,10,,2026-04-07T11:54:55+01:00
iagox86/hash_extender,gh/5556050,3.6,10,0,0,0,8,6,-1,0,0,10,0,-1,-1,0,0,-1,-1,10,,2026-04-07T15:58:17+01:00
ianharvey/bluepy,gh/13698035,3.6,10,0,0,0,10,3,-1,0,0,9,0,-1,-1,0,0,-1,-1,10,,2026-04-07T11:56:36+01:00
ianlancetaylor/libbacktrace,gh/67875331,2.7,10,0,0,0,0,6,-1,0,0,9,0,-1,-1,0,0,-1,-1,10,,2026-04-07T16:00:36+01:00
iarna/aproba,gh/31432421,1.8,10,0,0,0,0,10,-1,0,0,10,0,-1,-1,0,0,-1,-1,0,,2026-04-27T21:34:30+01:00
ibireme/yyjson,gh/302298095,5.6,10,0,6,0,4,0,10,0,10,10,10,-1,0,0,0,-1,10,10,,2026-04-06T17:35:49+01:00
icholy/ttygif,gh/12060725,4.5,10,3,0,0,7,6,-1,0,0,10,0,-1,-1,0,10,-1,-1,10,,2026-04-06T16:37:24+01:00
id-software/quake,gh/3318531,1.6,4,0,-1,0,0,0,-1,0,0,0,0,-1,-1,0,0,-1,-1,10,,2026-04-06T14:43:59+01:00
id-software/quake-2,gh/3318174,2.1,9,0,-1,0,0,0,-1,0,0,0,0,-1,-1,0,0,-1,-1,10,,2026-04-06T17:38:50+01:00
id-software/quake-iii-arena,gh/3318027,0.7,3,0,-1,0,0,0,-1,0,0,10,0,-1,-1,0,0,-1,-1,0,,2026-04-06T13:41:48+01:00
id-software/quake2-rerelease-dll,gh/675738701,2.6,10,0,-1,0,0,0,-1,0,0,10,0,-1,-1,0,0,-1,-1,10,,2026-04-06T20:36:56+01:00
igraph/igraph,gh/8546198,6.3,10,1,10,0,0,10,10,10,10,10,10,-1,0,10,10,0,0,10,,2026-04-07T10:53:39+01:00
iliasam/opensimplelidar,gh/86498013,2.2,8,0,0,0,0,3,-1,0,0,10,0,-1,-1,0,0,0,-1,10,,2026-04-06T19:48:11+01:00
illumos/illumos-gate,gh/894162,3.9,9,3,-1,0,0,10,-1,0,0,0,10,-1,-1,0,0,-1,-1,10,,2026-04-07T10:59:04+01:00
imbushuo/mac-precision-touchpad,gh/101540444,3.6,10,8,0,0,0,10,10,0,0,9,0,-1,0,0,0,0,0,10,,2026-04-06T13:37:59+01:00
immediate-mode-ui/nuklear,gh/224151065,5.1,10,3,8,0,8,10,10,0,0,9,10,-1,0,0,0,-1,0,10,,2026-04-06T13:36:57+01:00
immortalwrt/immortalwrt,gh/203759896,4.0,10,0,-1,0,0,10,-1,0,0,9,10,-1,-1,0,0,-1,-1,10,,2026-04-06T13:37:39+01:00
imoreapps/ffmpeg-avplayer-for-ios-tvos,gh/44173579,1.5,0,0,-1,0,0,0,-1,0,0,10,0,-1,-1,0,0,-1,-1,10,,2026-04-07T18:00:30+01:00
import-js/eslint-plugin-import,gh/32238354,5.2,10,1,10,0,3,10,10,0,0,10,10,-1,0,0,10,-1,0,10,,2026-04-27T16:08:09+01:00
imvexed/muon,gh/211175643,1.7,0,0,0,0,3,3,10,0,0,10,0,-1,0,0,0,-1,0,0,,2026-04-06T18:51:12+01:00
indexmap-rs/indexmap,gh/68294628,4.7,10,,10,0,0,10,10,0,0,10,10,-1,0,0,0,-1,0,10,,2026-05-03T23:22:50+01:00
indutny/bn.js,gh/19176350,3.5,10,0,5,0,0,10,10,0,0,10,2,-1,0,0,0,-1,0,10,,2026-04-27T16:07:20+01:00
indygreg/python-zstandard,gh/67307930,4.3,10,0,-1,0,0,3,10,10,0,10,0,-1,8,0,0,0,10,3,,2026-04-27T16:05:48+01:00
inikep/lzbench,gh/45305126,5.0,10,0,8,0,6,10,-1,0,10,9,10,-1,5,0,0,0,-1,10,,2026-04-07T17:59:56+01:00
inikulin/parse5,gh/8862593,6.4,10,1,10,0,3,10,10,10,0,10,10,-1,4,10,10,-1,0,6,,2026-04-27T16:05:26+01:00
inspect-js/array-buffer-byte-length,gh/607836784,4.2,10,,-1,0,0,10,10,0,0,10,0,-1,0,0,10,-1,0,10,,2026-05-03T23:22:57+01:00
inspect-js/available-typed-arrays,gh/235965505,4.1,10,1,-1,0,0,10,10,0,0,10,1,-1,0,0,10,-1,0,10,,2026-04-27T17:15:41+01:00
inspect-js/functions-have-names,gh/198357138,4.6,10,,0,0,0,10,10,0,0,10,5,-1,0,0,10,-1,0,10,,2026-05-03T23:23:06+01:00
inspect-js/has-property-descriptors,gh/481834578,4.0,10,1,-1,0,0,10,10,0,0,10,0,-1,0,0,10,-1,0,10,,2026-04-27T17:15:46+01:00
inspect-js/has-proto,gh/577580747,3.9,10,0,-1,0,0,10,10,0,0,10,0,-1,0,0,10,-1,0,10,,2026-04-27T21:34:44+01:00
inspect-js/has-symbols,gh/68573418,4.0,10,1,-1,0,0,10,10,0,0,10,0,-1,0,0,10,-1,0,10,,2026-04-27T14:56:10+01:00
inspect-js/has-tostringtag,gh/392913710,4.6,10,1,-1,0,0,10,10,0,0,10,8,-1,0,0,10,-1,0,10,,2026-04-27T15:05:45+01:00
inspect-js/hasown,gh/703350811,4.3,10,0,-1,0,0,10,10,0,0,10,5,-1,0,0,10,-1,0,10,,2026-04-27T14:55:29+01:00
inspect-js/is-accessor-descriptor,gh/41658954,4.1,10,0,-1,0,0,10,10,0,0,10,3,-1,0,0,10,-1,0,10,,2026-04-27T16:09:25+01:00
inspect-js/is-arguments,gh/15725461,4.4,10,1,-1,0,0,10,10,0,0,10,5,-1,0,0,10,-1,0,10,,2026-04-27T17:15:49+01:00
inspect-js/is-array-buffer,gh/45977026,4.7,10,0,-1,0,0,10,10,10,0,10,0,-1,0,0,10,-1,0,10,,2026-04-27T21:34:46+01:00
inspect-js/is-bigint,gh/149682261,4.5,10,,0,0,0,10,10,0,0,10,4,-1,0,0,10,-1,0,10,,2026-05-03T23:23:14+01:00
inspect-js/is-boolean-object,gh/34700259,4.0,10,1,-1,0,0,10,10,0,0,10,0,-1,0,0,10,-1,0,10,,2026-04-27T17:15:52+01:00
inspect-js/is-callable,gh/30012910,4.2,10,,-1,0,0,10,10,0,0,10,0,-1,0,0,10,-1,0,10,,2026-05-03T23:23:26+01:00
inspect-js/is-core-module,gh/24578130,4.1,10,1,-1,0,0,10,10,0,0,10,1,-1,0,0,10,-1,0,10,,2026-04-27T17:15:55+01:00
inspect-js/is-data-descriptor,gh/41659073,4.0,10,1,-1,0,0,10,10,0,0,10,0,-1,0,0,10,-1,0,10,,2026-04-27T16:09:27+01:00
inspect-js/is-data-view,gh/751048078,3.9,10,0,-1,0,0,10,10,0,0,10,0,-1,0,0,10,-1,0,10,,2026-04-27T17:15:55+01:00
inspect-js/is-date-object,gh/29991041,4.0,10,1,-1,0,0,10,10,0,0,10,0,-1,0,0,10,-1,0,10,,2026-04-27T17:15:58+01:00
inspect-js/is-descriptor,gh/41658845,3.9,10,0,-1,0,0,10,10,0,0,10,0,-1,0,0,10,-1,0,10,,2026-04-27T17:15:59+01:00
inspect-js/is-number-object,gh/29991666,4.0,10,1,-1,0,0,10,10,0,0,10,0,-1,0,0,10,-1,0,10,,2026-04-27T17:15:59+01:00
inspect-js/is-regex,gh/15930063,4.6,10,,-1,0,0,10,10,0,0,10,4,-1,0,0,10,-1,0,10,,2026-05-03T23:23:26+01:00
inspect-js/is-string,gh/30010185,4.1,10,1,-1,0,0,10,10,0,0,10,1,-1,0,0,10,-1,0,10,,2026-04-27T17:16:03+01:00
inspect-js/is-symbol,gh/29791606,4.4,10,,-1,0,0,10,10,0,0,10,2,-1,0,0,10,-1,0,10,,2026-05-03T23:23:27+01:00
inspect-js/is-typed-array,gh/43528820,4.0,10,1,-1,0,0,10,10,0,0,10,0,-1,0,0,10,-1,0,10,,2026-04-27T16:08:59+01:00
inspect-js/node-supports-preserve-symlinks-flag,gh/443970899,4.0,10,1,-1,0,0,10,10,0,0,10,0,-1,0,0,10,-1,0,10,,2026-04-27T16:05:49+01:00
inspect-js/object-inspect,gh/11683441,4.4,10,1,6,0,1,10,10,0,0,10,4,-1,0,0,10,-1,0,10,,2026-04-27T15:08:18+01:00
inspect-js/typed-array-buffer,gh/649850465,5.2,10,,-1,0,0,10,10,0,0,10,0,-1,0,0,10,-1,10,10,,2026-05-03T23:23:30+01:00
inspect-js/which-boxed-primitive,gh/201685155,4.4,10,,0,0,0,10,10,0,0,10,3,-1,0,0,10,-1,0,10,,2026-05-03T23:26:19+01:00
inspect-js/which-typed-array,gh/43708371,4.3,10,,-1,0,0,10,10,0,0,10,1,-1,0,0,10,-1,0,10,,2026-05-03T23:26:18+01:00
inspektor-gadget/inspektor-gadget,gh/181724380,8.6,0,6,10,5,10,10,10,10,10,10,10,10,9,10,10,8,10,9,,2026-04-06T19:35:26+01:00
intel/haxm,gh/98257850,3.7,10,0,0,0,3,10,10,0,0,10,0,-1,0,0,10,0,0,10,,2026-04-06T17:37:55+01:00
interceptsuite/proxybridge,gh/1075623312,4.8,10,0,10,0,0,10,10,0,0,10,10,-1,0,6,10,0,0,10,,2026-04-06T18:51:45+01:00
internet-architecture-and-security/packetscope,gh/1017905876,2.6,0,3,0,0,1,3,-1,0,10,10,5,-1,0,0,9,-1,-1,0,,2026-04-07T13:55:50+01:00
ioi/isolate,gh/39714443,3.6,10,0,0,0,1,6,-1,0,0,9,8,-1,-1,0,0,-1,-1,10,,2026-04-07T13:58:13+01:00
iovisor/gobpf,gh/74155923,3.2,5,0,0,0,5,10,10,0,0,10,0,-1,0,0,0,-1,0,10,,2026-04-06T20:37:16+01:00
ipxe/ipxe,gh/1532184,4.0,10,1,10,0,0,10,10,0,0,9,10,-1,0,0,0,0,0,10,,2026-04-07T10:56:30+01:00
ipython/traitlets,gh/14993021,5.3,10,3,4,0,5,10,10,10,0,10,5,-1,0,0,9,0,0,10,,2026-04-27T16:09:02+01:00
iqiyi/xhook,gh/130012942,2.7,9,0,0,0,0,10,-1,0,0,9,0,-1,-1,0,0,-1,-1,10,,2026-04-06T16:35:40+01:00
ireader/media-server,gh/15598496,4.8,10,0,5,0,1,3,10,0,0,10,5,-1,3,8,10,-1,0,10,,2026-04-06T17:37:00+01:00
irontec/sngrep,gh/10825001,4.6,10,0,1,0,2,10,-1,0,0,10,8,-1,-1,4,0,8,-1,10,,2026-04-07T16:00:20+01:00
irssi/irssi,gh/20344030,4.9,10,3,9,0,3,10,10,0,10,9,10,-1,0,0,0,8,0,2,,2026-04-06T18:40:54+01:00
irungentoo/toxcore,gh/10894716,3.0,10,0,0,0,3,10,-1,0,0,10,0,-1,0,0,0,-1,-1,10,,2026-04-06T13:40:27+01:00
isaacs/chownr,gh/3858354,2.9,10,0,-1,0,0,6,10,0,0,9,0,-1,0,0,10,-1,0,0,,2026-04-27T17:16:08+01:00
isaacs/cliui,gh/634056857,4.0,10,0,-1,0,0,10,10,0,0,9,2,-1,0,0,10,-1,10,0,,2026-04-27T17:16:10+01:00
isaacs/core-util-is,gh/12391440,2.4,10,0,0,0,0,6,-1,0,0,10,0,-1,-1,0,10,-1,-1,0,,2026-04-27T17:16:10+01:00
isaacs/fs.realpath,gh/61231712,2.9,10,0,-1,0,0,6,10,0,0,10,0,-1,0,0,10,-1,0,0,,2026-04-27T21:35:01+01:00
isaacs/inherits,gh/1580001,2.9,10,0,0,0,1,6,10,0,0,10,0,-1,0,0,10,-1,0,0,,2026-04-27T14:56:22+01:00
isaacs/isexe,gh/49804297,4.5,10,0,-1,0,0,6,10,0,0,10,9,-1,0,0,10,-1,10,0,,2026-04-27T15:05:15+01:00
isaacs/minimatch,gh/2056549,6.0,10,6,10,0,0,6,10,0,0,10,10,-1,0,0,10,-1,10,9,,2026-04-27T14:55:11+01:00
isaacs/minipass,gh/84886212,3.0,10,0,-1,0,0,6,10,0,0,10,1,-1,0,0,10,-1,0,0,,2026-04-27T14:55:02+01:00
isaacs/minizlib,gh/86429676,3.1,10,0,10,0,0,6,10,0,0,9,0,-1,0,0,10,-1,0,0,,2026-04-27T21:35:04+01:00
isaacs/node-glob,gh/357681,5.0,10,0,-1,0,0,6,10,0,0,9,10,-1,0,0,10,-1,10,5,,2026-04-27T14:56:30+01:00
isaacs/node-graceful-fs,gh/2077020,3.0,10,0,0,0,0,10,10,0,0,10,0,-1,0,0,10,-1,0,0,,2026-04-27T14:56:41+01:00
isaacs/node-lru-cache,gh/679662,5.8,10,6,10,0,0,10,10,0,0,10,10,-1,0,10,10,-1,0,9,,2026-04-27T14:55:38+01:00
isaacs/node-tar,gh/1534331,6.2,10,3,5,0,0,10,10,10,0,10,10,-1,0,0,10,-1,10,5,,2026-04-27T17:16:18+01:00
isaacs/once,gh/5409660,2.9,10,0,0,0,1,6,10,0,0,10,0,-1,0,0,10,-1,0,0,,2026-04-27T15:05:23+01:00
isaacs/package-json-from-dist,gh/800543709,2.9,10,0,-1,0,0,6,10,0,0,9,0,-1,0,0,10,-1,0,0,,2026-04-27T16:08:47+01:00
isaacs/path-scurry,gh/591569499,4.0,10,0,0,0,0,6,10,0,0,9,4,-1,0,0,10,-1,10,0,,2026-04-27T21:35:09+01:00
isaacs/rimraf,gh/1341324,5.1,10,0,-1,0,0,10,10,0,0,10,10,-1,0,0,10,-1,10,4,,2026-04-27T21:35:09+01:00
isaacs/sax-js,gh/508894,3.4,10,0,2,0,1,10,10,0,0,10,4,-1,0,0,10,-1,0,0,,2026-04-27T21:35:15+01:00
isaacs/yallist,gh/48222381,2.9,10,0,-1,0,0,6,10,0,0,9,0,-1,0,0,10,-1,0,0,,2026-04-27T15:07:06+01:00
ish-app/ish,gh/90320494,4.9,10,3,0,0,0,10,10,10,0,9,9,-1,1,0,9,0,0,7,,2026-04-06T12:38:07+01:00
istanbuljs/istanbuljs,gh/81482340,4.0,10,1,1,0,5,10,10,0,0,0,0,-1,0,0,10,-1,0,10,,2026-04-27T14:56:34+01:00
istanbuljs/schema,gh/211950686,4.6,10,0,0,0,0,10,10,0,0,10,6,10,0,0,10,-1,0,10,,2026-04-27T21:35:17+01:00
istanbuljs/test-exclude,gh/60489570,3.9,10,3,10,0,0,10,10,0,0,10,3,-1,3,0,10,-1,0,0,,2026-04-27T17:16:32+01:00
istoreos/istoreos,gh/470373719,4.0,10,0,0,0,1,10,-1,0,0,9,10,-1,-1,0,0,-1,-1,10,,2026-04-06T15:38:02+01:00
ithewei/libhv,gh/146397768,4.9,10,3,9,0,5,10,10,0,0,10,10,-1,0,0,0,-1,0,10,,2026-04-06T15:38:02+01:00
itm4n/printspoofer,gh/259576481,2.0,10,0,-1,0,0,0,-1,0,0,0,0,-1,-1,0,0,0,-1,10,,2026-04-06T20:37:03+01:00
ivorysql/ivorysql,gh/423810080,5.2,10,0,10,0,10,10,10,0,0,10,10,-1,0,0,9,0,0,10,,2026-04-07T18:03:56+01:00
jacksonliam/mjpg-streamer,gh/10555021,2.6,9,0,0,0,4,10,-1,0,0,0,0,-1,0,0,0,-1,-1,10,,2026-04-06T17:38:38+01:00
jakehilborn/displayplacer,gh/36645584,2.4,10,0,0,0,1,0,-1,0,0,10,0,-1,-1,0,0,0,-1,10,,2026-04-06T16:35:39+01:00
jamesmunns/postcard,gh/179385478,5.4,10,3,9,0,5,10,10,0,0,10,5,-1,0,0,0,-1,10,10,,2026-04-27T16:08:08+01:00
jamisonderek/flipper-zero-tutorials,gh/587852573,1.7,0,0,-1,0,0,6,-1,0,0,10,0,-1,-1,0,0,-1,-1,10,,2026-04-07T13:59:09+01:00
jamriska/ebsynth,gh/129672510,2.3,9,0,-1,0,0,6,-1,0,0,0,0,-1,-1,0,0,-1,-1,10,,2026-04-07T11:56:30+01:00
jamulussoftware/jamulus,gh/177287710,6.9,10,6,10,0,5,10,10,10,0,9,10,-1,1,10,10,4,0,10,,2026-04-07T16:59:04+01:00
janet-lang/janet,gh/84521458,6.0,10,3,10,0,2,10,10,0,10,10,10,-1,0,10,0,0,9,10,,2026-04-06T16:36:33+01:00
janmojzis/tinyssh,gh/28684884,4.0,10,0,0,0,0,0,-1,0,0,9,10,-1,-1,0,0,8,-1,10,,2026-04-07T12:59:28+01:00
jaraco/jaraco.develop,gh/48289082,4.9,10,0,10,0,0,10,10,0,0,0,10,-1,0,0,0,-1,10,10,,2026-04-27T21:35:20+01:00
jaraco/pytest-perf,gh/372026120,4.4,10,0,-1,0,0,10,10,0,0,0,6,-1,0,0,0,-1,10,10,,2026-04-27T21:35:27+01:00
jaraco/zipp,gh/157774633,5.9,10,0,10,0,1,10,10,0,10,0,8,-1,0,0,10,-1,10,10,,2026-04-27T14:57:29+01:00
jarcode-foss/glava,gh/112059492,2.9,10,0,0,0,0,10,-1,0,0,10,0,-1,-1,0,0,-1,-1,10,,2026-04-07T15:02:58+01:00
jaredhanson/utils-merge,gh/11349896,3.0,10,0,0,0,1,10,-1,0,0,10,0,-1,-1,0,0,-1,-1,10,,2026-04-27T17:16:36+01:00
jaredwray/cacheable,gh/9267870,6.1,10,3,10,0,0,10,10,10,0,10,10,-1,0,9,4,-1,10,0,,2026-04-27T15:05:36+01:00
jaredwray/keyv,gh/96540810,4.6,10,0,10,0,0,10,10,0,0,10,10,-1,0,10,10,-1,0,0,,2026-04-27T16:05:47+01:00
jart/blink,gh/561183031,2.6,0,0,1,0,5,10,10,0,0,10,0,-1,0,0,0,0,0,10,,2026-04-06T15:38:02+01:00
jart/cosmopolitan,gh/272457606,3.1,0,0,8,0,7,10,10,0,0,10,6,-1,0,0,0,0,0,6,,2026-04-06T12:37:45+01:00
jart/sectorlisp,gh/307468125,3.2,10,0,0,0,3,10,-1,0,0,10,0,-1,-1,0,0,-1,-1,10,,2026-04-07T13:00:59+01:00
jarun/nnn,gh/66150122,5.1,10,0,10,0,0,10,10,0,0,10,10,-1,0,10,0,8,0,10,,2026-04-06T12:37:27+01:00
jattach/jattach,gh/54976015,3.3,10,0,0,0,1,10,-1,0,0,10,0,-1,-1,0,10,0,-1,10,,2026-04-07T16:56:20+01:00
jawah/charset_normalizer,gh/200259335,8.6,10,8,10,5,4,3,10,10,10,10,10,10,9,10,10,8,10,5,,2026-04-27T21:35:28+01:00
jbangert/trapcc,gh/7376186,2.2,6,0,0,0,0,3,-1,0,0,10,0,-1,-1,0,0,-1,-1,10,,2026-04-07T14:57:58+01:00
jbgutierrez/path-parse,gh/34113780,2.7,10,0,0,0,1,3,-1,0,0,10,0,-1,-1,0,0,-1,-1,10,,2026-04-27T16:05:23+01:00
jbush001/nyuziprocessor,gh/2671513,3.3,10,0,0,0,1,10,10,0,0,10,0,-1,0,0,0,-1,0,10,,2026-04-06T20:37:26+01:00
jd/tenacity,gh/65468547,7.4,10,,10,0,10,10,10,10,0,10,10,10,0,0,0,-1,9,10,,2026-05-03T23:26:31+01:00
jdah/doomenstein-3d,gh/609892688,2.6,10,0,-1,0,0,0,-1,0,0,10,0,-1,-1,0,0,-1,-1,10,,2026-04-07T17:59:56+01:00
jdah/jdh-8,gh/362586600,2.5,10,0,0,0,0,0,-1,0,0,10,0,-1,-1,0,0,-1,-1,10,,2026-04-07T13:58:47+01:00
jech/polipo,gh/2121160,2.5,10,0,0,0,0,0,-1,0,0,10,0,-1,-1,0,0,-1,-1,10,,2026-04-07T10:59:10+01:00
jedisct1/dsvpn,gh/197432758,5.4,10,0,10,0,0,10,10,0,0,10,1,-1,10,10,0,-1,9,10,,2026-04-06T15:36:35+01:00
jedisct1/minisign,gh/37023739,4.8,10,0,10,0,0,10,10,0,0,10,6,-1,0,10,0,8,0,10,,2026-04-06T19:39:53+01:00
jemalloc/jemalloc,gh/13310527,5.0,10,3,10,0,10,10,10,0,0,9,10,-1,0,0,0,0,0,10,,2026-04-06T13:37:26+01:00
jensyt/imurmurhash-js,gh/11802843,2.7,10,0,-1,0,0,3,-1,0,0,10,0,-1,-1,0,0,-1,-1,10,,2026-04-27T16:06:04+01:00
jeremycw/httpserver.h,gh/222545982,3.3,10,0,0,0,3,3,10,0,0,10,0,-1,0,0,0,-1,0,10,,2026-04-07T10:56:34+01:00
jerryscript-project/iotjs,gh/33589470,4.5,10,6,0,0,10,10,-1,0,0,9,0,-1,-1,0,0,-1,-1,10,,2026-04-06T19:45:55+01:00
jerryscript-project/jerryscript,gh/33339660,5.1,10,6,0,0,10,10,10,0,10,10,0,-1,0,0,0,-1,0,10,,2026-04-06T15:38:21+01:00
jestjs/jest,gh/15062869,6.1,8,3,10,0,4,10,10,10,10,10,6,-1,10,1,10,-1,0,0,,2026-04-27T14:52:37+01:00
jetkvm/kvm,gh/867171297,4.4,8,1,8,0,1,10,10,10,0,10,10,10,2,0,0,1,0,0,,2026-04-06T16:35:29+01:00
jfreegman/toxic,gh/12306800,4.5,10,1,-1,0,0,10,10,0,0,10,10,-1,0,0,0,8,0,10,,2026-04-07T15:00:28+01:00
jgaeddert/liquid-dsp,gh/655580,4.2,10,0,-1,0,0,10,10,0,0,10,10,-1,0,0,0,-1,0,10,,2026-04-06T20:37:24+01:00
jgamblin/mirai-source-code,gh/69828680,1.9,0,0,0,0,4,0,-1,0,0,10,0,-1,-1,0,0,-1,-1,10,,2026-04-06T13:38:53+01:00
jgarff/rpi_ws281x,gh/23620921,4.0,10,3,0,0,8,10,-1,0,0,10,0,-1,-1,0,0,-1,-1,10,,2026-04-07T10:57:26+01:00
jgarzik/cpuminer,gh/1108078,2.8,10,0,0,0,2,3,-1,0,0,9,0,-1,-1,0,0,-1,-1,10,,2026-04-07T18:02:09+01:00
jhrobotics/patcher9x,gh/494014308,3.2,10,0,0,0,1,0,10,0,0,10,0,10,0,0,0,0,0,10,,2026-04-07T16:56:21+01:00
jhrobotics/softgpu,gh/625950203,2.4,10,0,0,0,1,0,-1,0,0,10,0,-1,-1,0,0,0,-1,10,,2026-04-07T17:00:39+01:00
jiangwenyuan/nuster,gh/109120828,2.4,10,0,0,0,0,10,-1,0,0,9,0,-1,0,0,0,0,-1,10,,2026-04-07T10:56:07+01:00
jimmywarting/node-domexception,gh/371470141,2.8,10,0,-1,0,0,0,-1,0,0,10,0,-1,-1,0,3,-1,-1,10,,2026-04-27T17:16:44+01:00
jimp-dev/jimp,gh/24008065,4.3,10,3,5,0,0,10,10,10,10,10,2,-1,0,0,0,-1,0,0,,2026-04-27T17:16:45+01:00
jkuhlmann/cgltf,gh/132188670,4.5,10,0,3,0,8,10,10,0,10,10,0,-1,0,0,0,-1,0,10,,2026-04-07T10:58:43+01:00
jmcnamara/libxlsxwriter,gh/20620986,4.9,10,0,10,0,1,10,10,0,10,9,10,-1,0,0,0,-1,0,10,,2026-04-07T11:54:41+01:00
jmespath/jmespath.py,gh/8300763,6.2,10,0,8,0,2,10,10,10,10,10,0,-1,6,7,0,-1,10,7,,2026-04-27T21:35:38+01:00
joan2937/pigpio,gh/15132870,2.8,10,0,0,0,1,6,-1,0,0,10,0,-1,-1,0,0,-1,-1,10,,2026-04-07T12:56:01+01:00
joblib/joblib,gh/654608,7.1,10,,10,0,6,10,10,10,10,10,4,10,0,1,10,8,0,10,,2026-05-03T23:26:33+01:00
joblib/threadpoolctl,gh/177753680,3.8,10,0,3,0,2,10,10,0,0,10,0,-1,0,0,0,8,0,10,,2026-04-27T17:16:49+01:00
joedog/siege,gh/24506947,3.7,10,0,0,0,1,10,-1,0,0,10,9,-1,0,0,0,-1,-1,10,,2026-04-06T14:40:20+01:00
joel16/nx-shell,gh/134896417,2.9,7,3,0,0,1,3,10,0,0,10,0,-1,0,0,0,0,0,10,,2026-04-07T17:58:47+01:00
joeycastillo/sensor-watch,gh/356689400,3.6,10,0,1,0,4,10,10,0,0,9,0,-1,0,0,0,-1,0,10,,2026-04-07T10:58:21+01:00
johannes4linux/linux_driver_tutorial_legacy,gh/323724389,2.4,8,0,0,0,1,0,-1,0,0,10,0,-1,-1,0,0,-1,-1,10,,2026-04-07T17:01:09+01:00
johnearnest/decker,gh/558957377,3.6,10,0,0,0,0,0,-1,0,0,10,10,-1,-1,0,0,-1,-1,10,,2026-04-07T13:00:39+01:00
johnfanv2/lenovolegionlinux,gh/585727159,3.0,10,3,0,0,1,0,10,0,0,10,0,-1,0,0,0,0,0,10,,2026-04-06T18:51:58+01:00
jonas/tig,gh/140656,3.7,10,0,10,0,0,10,10,0,0,10,6,-1,0,0,0,0,0,10,,2026-04-06T12:41:34+01:00
jonashaag/bjoern,gh/542089,3.5,10,0,0,0,3,10,10,0,0,9,0,-1,0,0,0,-1,0,10,,2026-04-06T18:47:16+01:00
jonathanong/ee-first,gh/20707897,3.0,10,0,-1,0,0,10,-1,0,0,10,0,-1,-1,0,0,-1,-1,10,,2026-04-27T17:16:50+01:00
joncampbell123/dosbox-x,gh/19881421,5.7,0,0,10,0,1,10,10,10,10,10,10,-1,0,0,10,0,10,8,,2026-04-06T17:37:10+01:00
jonls/redshift,gh/7258278,2.9,10,0,0,0,3,10,-1,0,0,10,0,-1,-1,0,0,0,-1,10,,2026-04-06T14:40:37+01:00
jonschlinkert/assign-symbols,gh/45661176,3.0,10,0,-1,0,0,10,-1,0,0,10,0,-1,-1,0,0,-1,-1,10,,2026-04-27T17:16:56+01:00
jonschlinkert/define-property,gh/40633359,2.9,10,0,0,0,0,10,-1,0,0,10,0,-1,-1,0,0,-1,-1,10,,2026-04-27T15:08:32+01:00
jonschlinkert/extend-shallow,gh/25867410,2.9,10,0,0,0,0,10,-1,0,0,10,0,-1,-1,0,0,-1,-1,10,,2026-04-27T21:35:58+01:00
jonschlinkert/fill-range,gh/27113310,3.7,10,0,0,0,1,10,10,0,0,10,0,-1,0,7,0,-1,0,10,,2026-04-27T15:05:20+01:00
jonschlinkert/get-value,gh/24911025,1.8,10,0,0,0,0,10,-1,0,0,10,0,-1,-1,0,0,-1,-1,0,,2026-04-27T17:17:00+01:00
jonschlinkert/global-prefix,gh/31455984,3.8,10,0,0,0,0,10,10,0,0,10,0,-1,0,0,10,-1,0,10,,2026-04-27T21:36:03+01:00
jonschlinkert/has-value,gh/24310408,3.0,10,0,0,0,1,10,-1,0,0,10,0,-1,-1,0,0,-1,-1,10,,2026-04-27T21:36:04+01:00
jonschlinkert/has-values,gh/33009186,3.0,10,0,-1,0,0,10,-1,0,0,10,0,-1,-1,0,0,-1,-1,10,,2026-04-27T21:36:08+01:00
jonschlinkert/is-extendable,gh/38225016,2.9,10,0,0,0,0,10,-1,0,0,10,0,-1,-1,0,0,-1,-1,10,,2026-04-28T01:22:04+01:00
jonschlinkert/is-extglob,gh/31788841,3.7,10,0,-1,0,0,10,-1,0,0,10,0,-1,-1,0,10,-1,-1,10,,2026-04-27T14:56:49+01:00
jonschlinkert/is-number,gh/24313173,3.0,10,0,0,0,1,10,-1,0,0,10,0,-1,-1,0,0,-1,-1,10,,2026-04-27T14:56:00+01:00
jonschlinkert/is-plain-object,gh/24306940,3.0,10,0,0,0,1,10,-1,0,0,10,0,-1,-1,0,0,-1,-1,10,,2026-04-27T15:05:48+01:00
jonschlinkert/isobject,gh/21342886,3.1,10,0,0,0,2,10,-1,0,0,10,0,-1,-1,0,0,-1,-1,10,,2026-04-27T15:05:21+01:00
jonschlinkert/kind-of,gh/24491562,3.0,10,0,0,0,1,10,-1,0,0,10,0,-1,-1,0,0,-1,-1,10,,2026-04-27T14:55:44+01:00
jonschlinkert/map-cache,gh/32450614,2.9,10,0,0,0,0,10,-1,0,0,10,0,-1,-1,0,0,-1,-1,10,,2026-04-27T21:36:14+01:00
jonschlinkert/normalize-path,gh/21224182,2.9,10,0,0,0,0,10,-1,0,0,10,0,-1,-1,0,0,-1,-1,10,,2026-04-27T17:17:19+01:00
jonschlinkert/object-visit,gh/38545952,2.9,10,0,0,0,0,10,-1,0,0,10,0,-1,-1,0,0,-1,-1,10,,2026-04-27T21:36:15+01:00
jonschlinkert/word-wrap,gh/18260583,3.3,10,0,0,0,1,10,10,0,0,10,0,-1,0,0,0,-1,0,10,,2026-04-27T21:36:15+01:00
jorgebucaran/colorette,gh/34648097,3.0,10,0,0,0,0,0,10,0,0,10,0,-1,0,0,0,-1,0,10,,2026-04-28T01:22:05+01:00
joshuakgoldberg/ts-api-utils,gh/597893818,4.9,10,1,10,0,0,10,10,10,0,10,10,-1,0,0,10,-1,0,0,,2026-04-27T21:36:19+01:00
joyent/libuv,gh/1543431,2.2,10,0,-1,0,0,0,-1,0,0,0,0,-1,-1,0,0,-1,-1,10,,2026-04-06T17:38:28+01:00
joypad-ai/joypad-os,gh/537996945,4.1,10,6,0,0,0,10,10,0,0,10,10,10,0,0,0,0,0,5,,2026-04-07T15:04:03+01:00
jp9000/obs,gh/5793110,2.1,4,0,0,0,1,10,-1,0,0,10,0,-1,-1,0,0,0,-1,10,,2026-04-06T17:37:18+01:00
jpadilla/pyjwt,gh/1408162,8.3,10,,10,0,3,10,10,10,10,10,10,10,0,5,10,-1,10,10,,2026-05-03T23:26:35+01:00
jpmens/jo,gh/53133613,3.0,10,0,0,0,7,10,-1,0,0,9,0,-1,0,0,0,0,-1,10,,2026-04-06T15:41:24+01:00
jprichardson/node-fs-extra,gh/2791348,5.3,10,0,9,0,4,10,10,0,0,10,8,-1,0,0,0,-1,10,10,,2026-04-27T17:17:32+01:00
jprichardson/node-jsonfile,gh/5754307,3.8,10,0,6,0,1,10,10,0,0,10,4,-1,0,0,0,-1,0,10,,2026-04-27T15:53:44+01:00
jqlang/jq,gh/5101141,6.6,10,3,10,0,9,10,10,10,10,9,10,10,0,0,10,0,0,8,,2026-04-06T12:35:24+01:00
jquast/wcwidth,gh/18464187,5.9,10,6,10,0,0,10,10,10,0,9,10,-1,0,10,0,-1,0,7,,2026-04-27T16:09:33+01:00
jquery/esprima,gh/2833537,3.1,10,0,0,0,0,10,10,0,0,10,0,-1,2,0,10,-1,0,0,,2026-04-27T16:08:51+01:00
jridgewell/resolve-uri,gh/196878944,3.2,10,0,0,0,0,10,10,10,0,10,0,-1,0,0,0,-1,0,0,,2026-04-27T15:07:45+01:00
jridgewell/sourcemaps,gh/897142826,3.9,10,0,5,0,0,10,10,10,0,0,10,-1,0,0,0,-1,0,0,,2026-04-27T14:53:35+01:00
jsdom/tr46,gh/36964214,3.6,10,0,10,0,0,10,10,0,0,10,0,-1,3,0,10,-1,0,2,,2026-04-27T17:17:34+01:00
jsdom/webidl-conversions,gh/23000311,4.1,10,3,3,0,1,10,10,0,0,10,0,10,3,0,10,-1,0,3,,2026-04-27T15:08:25+01:00
jsdom/whatwg-mimetype,gh/71014420,4.0,10,0,10,0,0,10,10,0,0,10,0,10,3,0,10,-1,0,3,,2026-04-27T21:36:25+01:00
jsdom/whatwg-url,gh/34761352,5.4,10,0,8,0,0,10,10,10,0,10,10,10,2,0,10,-1,0,3,,2026-04-27T16:05:33+01:00
jsdom/xml-name-validator,gh/28553202,3.1,10,0,0,0,0,10,10,0,0,10,0,-1,3,0,10,-1,0,0,,2026-04-27T21:36:31+01:00
jserv/mini-arm-os,gh/28435595,3.1,10,0,0,0,3,10,-1,0,0,9,0,-1,-1,0,0,-1,-1,10,,2026-04-07T15:56:16+01:00
jshttp/accepts,gh/15482433,6.8,10,0,8,0,3,10,10,10,0,10,2,-1,7,9,9,-1,10,10,,2026-04-27T17:17:46+01:00
jshttp/content-disposition,gh/24216676,7.1,10,5,10,0,7,10,10,0,0,10,10,-1,0,9,9,-1,10,10,,2026-04-27T17:17:53+01:00
jshttp/content-type,gh/30172150,6.9,10,5,8,0,4,10,10,0,0,10,10,-1,3,9,9,-1,10,10,,2026-04-27T17:17:54+01:00
jshttp/cookie,gh/4475810,6.5,10,3,7,0,7,10,10,10,0,10,4,-1,4,8,9,-1,10,0,,2026-04-27T16:06:19+01:00
jshttp/etag,gh/22894570,6.1,10,0,5,0,1,10,10,10,0,10,0,-1,2,8,9,-1,10,10,,2026-04-27T21:36:35+01:00
jshttp/forwarded,gh/24300217,6.2,10,0,6,0,1,10,10,10,0,10,1,-1,2,8,9,-1,10,10,,2026-04-27T21:36:41+01:00
jshttp/fresh,gh/4617552,6.5,10,0,9,0,1,10,10,10,0,10,3,-1,2,9,9,-1,10,10,,2026-04-27T17:18:09+01:00
jshttp/http-errors,gh/23806086,7.2,10,4,8,0,10,10,-1,10,0,10,3,-1,-1,8,9,-1,-1,10,,2026-04-27T16:03:41+01:00
jshttp/media-typer,gh/20814275,6.5,10,0,10,0,1,10,10,10,0,10,3,-1,2,9,9,-1,10,10,,2026-04-27T17:18:10+01:00
jshttp/methods,gh/8274071,6.3,10,0,8,0,0,10,10,10,0,10,2,-1,2,9,9,-1,10,10,,2026-04-27T21:36:42+01:00
jshttp/mime-db,gh/22970419,7.4,10,5,8,0,10,10,10,10,0,10,10,-1,2,9,9,-1,0,10,,2026-04-27T14:57:14+01:00
jshttp/mime-types,gh/19380178,7.4,10,0,10,0,10,10,10,10,0,10,2,-1,6,9,9,-1,10,10,,2026-04-27T15:07:28+01:00
jshttp/negotiator,gh/3275614,6.6,10,0,7,0,4,10,10,10,0,10,1,-1,4,8,9,-1,10,10,,2026-04-27T16:10:27+01:00
jshttp/on-finished,gh/15349765,6.6,10,0,8,0,3,10,10,10,0,10,0,-1,5,9,9,-1,10,10,,2026-04-27T21:36:47+01:00
jshttp/range-parser,gh/4627131,5.5,10,0,9,0,2,10,10,0,0,10,0,-1,2,9,9,-1,10,10,,2026-04-27T17:18:22+01:00
jshttp/statuses,gh/17690272,6.9,10,0,8,0,7,10,10,10,0,10,0,-1,6,9,9,-1,10,10,,2026-04-27T16:05:40+01:00
jshttp/type-is,gh/15484233,6.5,10,0,8,0,2,10,10,10,0,10,2,-1,2,9,9,-1,10,10,,2026-04-27T21:36:48+01:00
jshttp/vary,gh/20498698,6.6,10,0,10,0,1,10,10,10,0,10,4,-1,2,9,9,-1,10,10,,2026-04-27T21:36:53+01:00
jslicense/spdx-correct.js,gh/34817196,3.3,10,0,-1,0,0,10,10,0,0,10,0,-1,0,0,0,-1,0,10,,2026-04-27T17:18:27+01:00
jslicense/spdx-expression-parse.js,gh/40067336,3.2,10,0,0,0,0,10,10,0,0,10,0,-1,0,0,0,-1,0,10,,2026-04-27T16:09:39+01:00
jslicense/spdx-license-ids,gh/26001547,4.0,10,0,-1,0,0,10,10,10,0,0,1,-1,0,0,0,-1,0,10,,2026-04-27T16:06:30+01:00
json-c/json-c,gh/1139119,5.5,10,3,10,0,7,10,10,0,10,9,10,-1,0,0,0,-1,0,8,,2026-04-06T17:38:28+01:00
json-parser/json-parser,gh/3423596,4.0,10,0,0,0,5,10,10,0,0,10,0,-1,0,7,0,-1,0,10,,2026-04-07T14:55:43+01:00
json5/json5,gh/4463453,3.0,10,3,0,0,2,10,-1,0,0,9,0,-1,-1,0,10,-1,-1,0,,2026-04-27T15:07:46+01:00
jtesta/ssh-mitm,gh/91498656,2.9,10,0,0,0,0,3,-1,0,0,9,0,-1,0,0,0,8,-1,10,,2026-04-07T11:54:23+01:00
juhovh/shairplay,gh/3670297,2.6,10,0,0,0,1,0,-1,0,0,9,0,-1,-1,0,0,-1,-1,10,,2026-04-07T13:58:10+01:00
juliangruber/balanced-match,gh/13538817,6.2,10,0,4,0,2,10,10,10,0,9,10,-1,0,0,10,-1,10,7,,2026-04-27T14:54:46+01:00
juliangruber/brace-expansion,gh/13539234,6.2,10,3,6,0,2,10,10,10,0,9,10,-1,0,0,10,-1,10,3,,2026-04-27T14:54:48+01:00
juliangruber/isarray,gh/10227611,7.1,10,6,3,5,10,10,10,10,0,10,3,-1,4,0,10,-1,10,6,,2026-04-27T15:07:16+01:00
juliapoo/artfuscator,gh/552703938,2.7,10,0,0,0,2,0,-1,0,0,10,0,-1,-1,0,0,-1,-1,10,,2026-04-07T17:01:15+01:00
juliastrings/utf8proc,gh/21880375,5.3,10,3,9,0,4,10,10,10,10,9,5,-1,0,0,0,0,0,10,,2026-04-07T15:55:41+01:00
julius-speech/julius,gh/34698857,2.7,10,0,-1,0,0,10,-1,0,0,10,0,-1,-1,0,0,0,-1,10,,2026-04-07T10:55:23+01:00
julycoding/the-art-of-programming-by-july-2nd,gh/15183485,2.6,10,0,-1,0,0,10,-1,0,0,0,0,-1,-1,0,0,-1,-1,10,,2026-04-06T12:37:27+01:00
justinfrankel/licecap,gh/22048472,2.1,8,0,-1,0,0,3,-1,0,0,0,0,-1,-1,0,0,-1,-1,10,,2026-04-06T15:35:31+01:00
justinsteven/dostackbufferoverflowgood,gh/51684698,2.6,9,0,0,0,4,3,-1,0,0,0,0,-1,-1,0,0,-1,-1,10,,2026-04-07T13:58:13+01:00
justmoon/node-extend,gh/3967764,3.7,10,0,0,0,0,10,10,0,0,10,0,-1,0,0,9,-1,0,10,,2026-04-27T21:36:56+01:00
jviereck/regjsparser,gh/14087781,4.4,10,0,0,0,0,10,-1,10,0,10,5,-1,-1,0,0,-1,-1,9,,2026-04-27T21:37:07+01:00
jvm-profiling-tools/perf-map-agent,gh/6813325,3.4,10,0,0,0,5,10,-1,0,0,10,0,-1,-1,0,0,-1,-1,10,,2026-04-07T11:55:23+01:00
ka-weihe/fastest-levenshtein,gh/158960628,2.6,10,0,0,0,0,3,-1,0,0,10,0,-1,-1,0,0,-1,-1,10,,2026-04-27T21:37:08+01:00
kaansenol5/vibeos,gh/1113955421,3.8,10,0,0,0,2,0,-1,0,0,10,10,-1,-1,0,0,-1,-1,10,,2026-04-07T16:55:41+01:00
kaelzhang/node-ignore,gh/12519245,3.1,10,0,0,0,0,6,10,0,0,9,0,-1,0,0,0,-1,0,10,,2026-04-27T17:18:40+01:00
kaievns/halmak,gh/55269266,3.6,10,0,0,0,7,10,-1,0,0,10,0,-1,-1,0,0,-1,-1,10,,2026-04-07T16:56:54+01:00
kaisenamin/c_std,gh/731972227,1.9,1,3,-1,0,0,0,-1,0,0,10,0,-1,-1,0,0,-1,-1,10,,2026-04-07T15:56:10+01:00
kaltura/nginx-vod-module,gh/21793531,3.6,10,0,0,0,5,10,10,0,0,10,0,-1,0,0,0,-1,0,10,,2026-04-07T10:48:32+01:00
kamranahmedse/developer-roadmap,gh/85077558,4.1,10,3,0,0,8,10,10,0,0,9,10,-1,0,0,0,-1,0,0,,2026-04-06T12:14:28+01:00
karlstav/cava,gh/17808949,4.2,9,0,7,0,4,10,10,0,0,10,10,-1,0,0,0,0,0,10,,2026-04-06T14:42:41+01:00
karottc/linux-0.11,gh/20530986,2.2,10,0,-1,0,0,0,-1,0,0,0,0,-1,-1,0,0,-1,-1,10,,2026-04-07T14:55:38+01:00
karpathy/llama2.c,gh/669686044,3.1,10,0,0,0,9,6,10,0,0,10,0,-1,0,0,0,-1,0,0,,2026-04-06T12:38:08+01:00
kbengine/kbengine,gh/16907474,1.8,0,0,0,0,4,3,-1,0,10,9,0,-1,-1,0,0,-1,-1,2,,2026-04-06T15:38:33+01:00
kdlucas/byte-unixbench,gh/35233711,3.4,10,0,0,0,6,6,-1,0,0,10,0,-1,-1,0,0,-1,-1,10,,2026-04-07T13:57:36+01:00
keendreams/keen,gh/24094708,2.6,10,0,-1,0,0,0,-1,0,0,10,0,-1,-1,0,0,-1,-1,10,,2026-04-07T10:52:28+01:00
kemitchell/validate-npm-package-license.js,gh/35000460,3.2,10,0,0,0,0,10,10,0,0,10,0,-1,0,0,0,-1,0,10,,2026-04-27T21:37:10+01:00
kennytm/iphone-private-frameworks,gh/246483,2.2,10,0,-1,0,0,0,-1,0,0,0,0,-1,-1,0,0,-1,-1,10,,2026-04-07T13:55:37+01:00
kevinbeaty/any-promise,gh/26247715,2.8,10,0,0,0,1,6,-1,0,0,10,0,-1,-1,0,0,-1,-1,10,,2026-04-27T21:37:19+01:00
kevinlawler/kona,gh/862601,2.6,10,0,0,0,0,10,-1,0,0,10,0,-1,-1,0,0,0,-1,10,,2026-04-07T13:57:55+01:00
kevva/dir-glob,gh/49264969,3.7,10,0,0,0,1,10,-1,0,0,10,0,-1,-1,0,10,-1,-1,10,,2026-04-27T21:37:19+01:00
kevva/shebang-command,gh/47402913,3.7,10,0,0,0,1,10,-1,0,0,10,0,-1,-1,0,10,-1,-1,10,,2026-04-27T15:52:38+01:00
kfix/ddcctl,gh/22494900,2.9,10,0,0,0,2,0,10,0,0,10,0,-1,0,0,0,0,0,10,,2026-04-07T10:52:57+01:00
kgabis/parson,gh/6248787,3.3,10,0,0,0,4,0,10,0,0,10,0,-1,0,0,0,-1,0,10,,2026-04-07T13:56:00+01:00
khronosgroup/openxr-sdk,gh/199315656,4.7,10,3,-1,0,0,10,10,0,10,10,3,-1,1,0,0,8,0,10,,2026-04-07T17:00:07+01:00
kilian/electron-to-chromium,gh/78972540,5.4,10,0,10,0,0,10,10,10,0,10,10,10,4,0,0,-1,0,8,,2026-04-27T16:06:58+01:00
kingtoolbox/windterm,gh/214011414,1.9,10,0,0,0,0,0,-1,0,0,0,0,-1,-1,0,0,0,-1,10,,2026-04-06T12:36:02+01:00
kitsunyan/intel-undervolt,gh/119564661,2.6,10,0,0,0,1,0,-1,0,0,10,0,-1,-1,0,0,-1,-1,10,,2026-04-07T17:58:48+01:00
kitware/cmake,gh/537699,4.2,3,0,-1,0,0,10,-1,0,10,10,10,-1,0,0,0,8,-1,10,,2026-04-06T13:41:53+01:00
kiukotsu/ucore,gh/46261048,3.0,10,0,-1,0,0,10,-1,0,0,10,0,-1,-1,0,0,-1,-1,10,,2026-04-06T20:36:29+01:00
kjd/idna,gh/10323585,7.8,10,6,10,0,1,10,10,0,10,10,10,10,8,9,10,8,10,10,,2026-04-27T14:54:24+01:00
kkkgo/vlmcsd,gh/93187598,1.0,0,0,-1,0,0,0,-1,0,0,0,0,-1,-1,0,0,0,-1,10,,2026-04-07T16:56:07+01:00
kkos/oniguruma,gh/38999874,4.5,10,6,5,0,0,10,10,0,10,9,0,-1,0,8,0,0,0,10,,2026-04-06T19:48:10+01:00
klipper3d/klipper,gh/59676171,4.3,10,3,10,0,4,10,10,0,0,10,10,-1,0,0,0,-1,0,3,,2026-04-06T13:36:03+01:00
klonyyy/mcuviewer,gh/597747966,2.2,0,1,0,0,0,0,10,0,0,10,3,-1,0,0,0,0,0,9,,2026-04-07T13:56:13+01:00
knurling-rs/defmt,gh/282262730,6.3,10,8,10,0,10,10,10,0,0,10,10,-1,0,0,9,-1,0,10,,2026-04-27T17:18:50+01:00
kokke/tiny-aes-c,gh/4434428,3.3,10,0,0,0,3,3,10,0,0,10,0,-1,0,0,0,-1,0,10,,2026-04-06T15:41:23+01:00
kokke/tiny-regex-c,gh/88668349,3.1,10,0,0,0,1,0,10,0,0,10,0,-1,0,0,0,-1,0,10,,2026-04-07T13:00:59+01:00
kolunmi/bazaar,gh/979080854,4.8,10,0,10,0,3,10,10,0,0,10,10,-1,4,0,0,-1,0,10,,2026-04-07T13:56:05+01:00
konrad-gajdus/minimnist-c,gh/857892798,2.6,10,0,0,0,0,3,-1,0,0,10,0,-1,-1,0,0,-1,-1,10,,2026-04-07T15:01:57+01:00
kornelski/pngquant,gh/310296,4.0,10,0,3,0,1,10,10,0,10,9,1,-1,0,0,0,-1,0,10,,2026-04-06T15:35:20+01:00
koush/superuser,gh/8243254,2.8,10,0,0,0,0,10,-1,0,0,9,0,-1,-1,0,0,-1,-1,10,,2026-04-07T12:57:00+01:00
koute/bytehound,gh/187042471,1.5,4,0,0,0,1,6,-1,0,10,9,0,-1,0,0,0,0,-1,0,,2026-04-06T15:42:15+01:00
kpdecker/jsdiff,gh/1542219,4.6,10,0,0,0,0,10,-1,10,0,10,10,-1,-1,0,0,-1,-1,6,,2026-04-27T21:37:19+01:00
krakjoe/apcu,gh/8491867,4.5,10,0,10,0,7,10,10,0,0,9,5,-1,0,0,0,-1,0,10,,2026-04-07T18:03:30+01:00
krakjoe/parallel,gh/170221328,4.1,10,0,7,0,0,10,10,0,0,9,5,10,5,0,0,0,0,10,,2026-04-07T11:57:42+01:00
krallin/tini,gh/31432573,3.6,10,3,0,0,4,3,-1,0,0,10,0,-1,0,0,0,8,-1,10,,2026-04-06T13:36:36+01:00
krb5/krb5,gh/4307702,5.3,10,0,10,0,3,10,10,0,10,0,10,-1,0,9,0,-1,0,10,,2026-04-27T21:37:24+01:00
kripken/box2d.js,gh/3500284,2.7,8,0,0,0,4,10,-1,0,0,0,0,-1,-1,0,0,-1,-1,10,,2026-04-07T13:58:47+01:00
kriskowal/asap,gh/11295071,3.1,10,0,0,0,2,10,-1,0,0,10,0,-1,-1,0,0,-1,-1,10,,2026-04-27T21:37:29+01:00
kriszyp/json-schema,gh/947175,3.6,10,0,0,0,1,10,-1,0,0,9,0,-1,-1,0,10,-1,-1,10,,2026-04-27T21:37:35+01:00
ku1ik/stderred,gh/2712255,3.9,10,0,0,0,4,10,-1,0,0,10,6,-1,-1,0,0,-1,-1,10,,2026-04-07T18:02:27+01:00
kyleavery/aceldr,gh/523532358,2.7,10,0,0,0,2,0,-1,0,0,10,0,-1,-1,0,0,-1,-1,10,,2026-04-07T18:03:34+01:00
lakinduakash/linux-wifi-hotspot,gh/173133912,4.0,10,0,0,0,7,10,10,0,0,10,1,-1,0,7,0,0,0,10,,2026-04-06T16:36:33+01:00
lameguy64/psn00bsdk,gh/179778613,3.0,10,0,0,0,2,6,10,0,0,9,0,-1,0,0,0,0,0,10,,2026-04-07T18:02:26+01:00
lammertb/libhttp,gh/69204515,3.0,10,0,-1,0,0,10,-1,0,0,10,0,-1,-1,0,0,-1,-1,10,,2026-04-07T18:02:54+01:00
landley/toybox,gh/3374554,3.8,5,0,-1,0,0,10,10,0,0,10,10,-1,0,0,0,-1,0,10,,2026-04-06T18:44:34+01:00
langchain-ai/langchain,gh/552661142,7.2,10,3,10,0,3,10,10,10,0,10,10,10,8,8,10,-1,0,10,,2026-04-27T21:37:47+01:00
lanoxx/tilda,gh/3778418,3.3,10,3,0,0,1,10,-1,0,0,10,0,-1,-1,0,0,-1,-1,10,,2026-04-07T14:55:45+01:00
larryli/putty,gh/27751545,3.1,10,0,6,0,0,10,10,0,0,9,0,-1,0,0,0,0,0,10,,2026-04-07T13:55:48+01:00
laruence/yaconf,gh/12046312,3.2,10,0,0,0,0,10,10,0,0,9,0,-1,0,0,0,-1,0,10,,2026-04-07T17:59:34+01:00
lastpass/lastpass-cli,gh/25586782,3.8,10,5,0,0,10,10,-1,0,0,10,0,-1,0,0,0,0,-1,10,,2026-04-06T18:51:29+01:00
lattera/glibc,gh/3911430,1.9,10,0,-1,0,0,10,-1,0,0,10,0,-1,-1,0,0,-1,-1,0,,2026-04-07T10:52:21+01:00
laurent-laporte-pro/deprecated,gh/111412148,4.3,10,,8,0,1,10,10,0,0,10,0,-1,0,7,0,-1,0,10,,2026-05-03T23:27:04+01:00
lc-soft/lcui,gh/5293802,4.2,10,1,6,0,1,3,10,10,0,10,4,-1,0,0,0,0,0,10,,2026-04-06T16:35:50+01:00
ldcsaa/hp-socket,gh/15257213,1.8,0,0,-1,0,0,3,-1,0,0,9,4,-1,-1,0,0,0,-1,10,,2026-04-06T14:40:35+01:00
lddubeau/xmlchars,gh/139881982,3.3,10,0,0,0,0,6,10,10,0,10,0,-1,3,0,0,-1,0,0,,2026-04-27T17:18:58+01:00
ldpreload/blacklotus,gh/665649223,2.1,9,0,-1,0,0,0,-1,0,0,0,0,-1,-1,0,0,-1,-1,10,,2026-04-06T20:37:08+01:00
leahneukirchen/nq,gh/40008653,2.8,10,0,0,0,0,10,-1,0,0,9,0,-1,-1,0,0,-1,-1,10,,2026-04-06T18:38:54+01:00
leapmotion/projectnorthstar,gh/136100001,2.6,10,0,-1,0,0,0,-1,0,0,10,0,-1,-1,0,0,-1,-1,10,,2026-04-07T11:54:12+01:00
lede-project/source,gh/58552470,4.1,10,0,-1,0,0,10,10,0,0,9,10,-1,0,0,0,-1,0,10,,2026-04-07T11:55:10+01:00
leev/ngx_http_geoip2_module,gh/16393796,3.5,10,0,0,0,6,10,-1,0,0,10,0,-1,-1,0,0,-1,-1,10,,2026-04-07T16:57:31+01:00
legrandin/pycryptodome,gh/19378935,5.6,10,0,10,0,1,10,10,0,10,9,9,-1,0,10,0,8,0,10,,2026-04-27T21:37:49+01:00
leixiaohua1020/simplest_ffmpeg_mobile,gh/37859114,1.2,0,0,-1,0,0,3,-1,0,0,0,0,-1,-1,0,0,-1,-1,10,,2026-04-07T10:53:40+01:00
lem0nsec/shellghost,gh/661059130,2.7,10,0,-1,0,0,3,-1,0,0,10,0,-1,-1,0,0,-1,-1,10,,2026-04-07T15:56:50+01:00
lexbor/lexbor,gh/122375902,5.5,10,0,10,0,1,10,10,0,10,10,10,-1,0,0,10,-1,0,10,,2026-04-07T10:53:30+01:00
lexborisov/myhtml,gh/45879586,2.8,10,0,0,0,2,3,-1,0,0,10,0,-1,-1,0,0,-1,-1,10,,2026-04-07T11:54:48+01:00
lfos/calcurse,gh/13078961,3.1,10,0,-1,0,0,3,10,0,0,10,0,-1,0,0,0,-1,0,10,,2026-04-07T15:55:47+01:00
lh3/bwa,gh/1253014,3.2,10,0,0,0,3,10,10,0,0,10,0,-1,0,0,0,0,0,10,,2026-04-07T11:55:19+01:00
lh3/minimap2,gh/97612481,3.2,10,0,5,0,0,10,10,0,0,9,1,-1,0,0,0,0,0,10,,2026-04-06T20:38:09+01:00
lh3/seqtk,gh/3813593,3.0,10,0,0,0,1,10,-1,0,0,10,0,-1,-1,0,0,-1,-1,10,,2026-04-07T12:57:30+01:00
liangkangnan/tinyriscv,gh/226844803,1.5,0,0,-1,0,0,0,-1,0,0,10,0,-1,-1,0,0,-1,-1,10,,2026-04-07T13:57:47+01:00
liballeg/allegro5,gh/1005627,4.7,9,0,9,0,4,10,10,0,0,9,10,-1,0,0,10,0,0,10,,2026-04-07T10:48:46+01:00
libarchive/libarchive,gh/3219804,8.0,10,2,10,0,10,10,-1,10,10,9,10,-1,0,10,10,8,-1,8,,2026-04-06T17:37:15+01:00
libass/libass,gh/11696642,4.8,10,1,9,0,6,10,10,0,10,10,0,-1,0,0,0,8,0,10,,2026-04-07T16:57:49+01:00
libbpf/libbpf,gh/152338895,5.6,10,0,10,0,5,10,10,0,10,9,10,-1,0,10,0,-1,0,8,,2026-04-06T19:43:35+01:00
libevent/libevent,gh/1856976,7.6,10,6,10,0,0,10,10,10,10,9,10,-1,1,0,10,8,10,10,,2026-04-06T13:35:15+01:00
libexpat/libexpat,gh/80314213,8.0,10,3,10,5,0,10,10,10,10,10,10,-1,10,0,10,8,10,10,,2026-04-07T14:58:35+01:00
libffi/libffi,gh/321154,4.5,10,0,1,0,5,10,10,10,0,9,5,-1,0,0,0,0,0,10,,2026-04-06T16:36:31+01:00
libfuse/libfuse,gh/48296177,7.8,10,4,10,0,7,10,10,10,10,9,10,-1,4,10,10,8,0,10,,2026-04-06T14:42:16+01:00
libfuse/sshfs,gh/48388286,3.9,10,0,1,0,4,10,10,0,0,10,0,-1,0,0,0,8,0,10,,2026-04-06T14:35:00+01:00
libgit2/rugged,gh/901663,4.6,10,1,2,0,5,10,10,0,0,10,10,-1,0,0,0,-1,0,10,,2026-04-06T20:35:43+01:00
libharu/libharu,gh/96269,3.9,10,0,0,0,4,10,10,0,0,10,4,-1,0,0,0,-1,0,10,,2026-04-07T10:52:45+01:00
libidn/libidn2,gh/87378214,3.7,10,0,-1,0,0,10,-1,0,10,10,0,-1,-1,0,0,-1,-1,10,,2026-04-27T21:37:50+01:00
libimobiledevice/ideviceinstaller,gh/8180848,3.1,10,0,-1,0,0,10,10,0,0,10,0,-1,0,0,0,0,0,10,,2026-04-07T13:58:21+01:00
libimobiledevice/idevicerestore,gh/13831185,3.4,10,0,10,0,0,10,10,0,0,10,2,-1,0,0,0,0,0,10,,2026-04-07T11:54:18+01:00
libimobiledevice/libimobiledevice,gh/8180677,3.2,10,0,10,0,0,10,10,0,0,10,0,-1,0,0,0,0,0,10,,2026-04-06T13:41:54+01:00
libimobiledevice/usbmuxd,gh/8180474,3.1,10,0,0,0,1,10,10,0,0,10,0,-1,0,0,0,0,0,10,,2026-04-07T11:55:43+01:00
libjpeg-turbo/libjpeg-turbo,gh/39760454,5.4,10,3,-1,0,0,10,-1,0,10,9,10,-1,-1,0,0,8,-1,10,,2026-04-06T16:36:07+01:00
libjxl/libjxl,gh/340219494,8.5,10,,9,7,6,10,10,10,10,10,10,-1,9,9,10,0,10,8,,2026-05-03T23:27:10+01:00
libopencm3/libopencm3,gh/4065980,5.5,10,5,0,0,10,10,-1,0,0,10,10,-1,-1,0,0,-1,-1,10,,2026-04-06T17:36:16+01:00
libpixman/pixman,gh/81675971,2.8,10,0,-1,0,0,10,-1,0,0,9,0,-1,-1,0,0,-1,-1,9,,2026-04-27T21:38:12+01:00
libredwg/libredwg,gh/132338773,4.8,10,3,-1,0,0,10,10,0,10,10,10,-1,5,10,4,0,0,0,,2026-04-07T14:55:40+01:00
libressl/portable,gh/21735012,5.9,10,0,8,0,6,10,10,0,10,9,10,-1,8,0,0,8,0,10,,2026-04-07T13:55:37+01:00
libretro/common-shaders,gh/3286864,2.9,10,3,0,0,1,10,-1,0,0,0,0,-1,-1,0,0,-1,-1,10,,2026-04-07T16:55:56+01:00
libsdl-org/sdl,gh/330008801,3.9,9,3,7,0,3,10,0,0,0,10,10,-1,0,0,0,8,0,10,,2026-04-06T12:39:56+01:00
libssh2/libssh2,gh/31701703,8.7,10,3,9,2,6,10,10,10,10,10,10,10,8,9,10,8,10,10,,2026-04-07T12:58:05+01:00
libusb/libusb,gh/15120676,5.5,10,3,10,0,1,10,10,0,10,10,10,-1,1,0,0,8,0,10,,2026-04-06T14:41:56+01:00
libuv/libuv,gh/14812739,6.0,10,3,9,0,9,10,10,10,0,10,10,-1,0,0,10,-1,0,2,,2026-04-06T12:36:26+01:00
libuvc/libuvc,gh/1345732,3.9,10,3,0,0,7,10,-1,0,0,9,0,-1,-1,0,0,-1,-1,10,,2026-04-07T16:56:13+01:00
libvips/libvips,gh/1291410,5.2,10,0,10,0,7,10,-1,0,10,10,10,-1,-1,0,0,0,-1,10,,2026-04-06T13:36:34+01:00
libvirt/libvirt,gh/36074217,4.1,10,0,-1,0,0,10,-1,0,0,10,10,-1,-1,0,0,-1,-1,10,,2026-04-07T11:56:16+01:00
libvnc/libvncserver,gh/18277887,6.0,10,0,10,0,1,10,10,0,10,10,10,-1,0,10,9,-1,0,10,,2026-04-07T14:56:26+01:00
lieff/minimp3,gh/116830129,3.8,10,0,0,0,3,0,-1,0,10,10,2,-1,-1,0,0,-1,-1,10,,2026-04-07T10:58:08+01:00
lienol/openwrt,gh/240011145,2.5,4,0,-1,0,0,10,0,0,0,9,10,-1,0,0,0,-1,0,10,,2026-04-06T17:35:37+01:00
liexusong/php-beast,gh/10562671,3.3,10,3,0,0,4,0,10,0,0,0,0,-1,0,0,0,-1,0,10,,2026-04-07T11:54:21+01:00
liji32/sameboy,gh/55260928,3.8,10,0,-1,0,0,10,10,0,0,9,10,-1,0,0,0,0,0,10,,2026-04-07T10:50:01+01:00
linusu/buffer-from,gh/66025821,2.9,10,0,0,0,0,10,-1,0,0,10,0,-1,-1,0,0,-1,-1,10,,2026-04-27T16:06:12+01:00
linux-audit/audit-userspace,gh/52464964,4.8,10,0,3,0,1,10,10,0,0,10,10,-1,0,0,10,-1,0,10,,2026-04-27T21:38:15+01:00
linux-can/can-utils,gh/31673071,5.0,10,0,10,0,2,10,10,0,0,10,10,-1,0,10,0,-1,0,10,,2026-04-06T18:52:10+01:00
linux-noah/noah,gh/55659461,2.5,0,0,0,0,7,10,-1,0,0,9,0,-1,-1,0,0,-1,-1,10,,2026-04-07T10:54:36+01:00
linux-rdma/rdma-core,gh/68456226,4.8,10,3,10,0,7,10,-1,0,0,9,10,-1,-1,0,0,0,-1,10,,2026-04-06T20:38:00+01:00
linux-test-project/ltp,gh/3649922,3.8,9,0,-1,0,0,10,10,0,0,10,10,-1,0,0,0,0,0,10,,2026-04-06T19:47:45+01:00
linuxmint/nemo,gh/5099405,4.1,10,0,8,0,2,10,10,0,0,10,10,-1,0,0,0,0,0,10,,2026-04-07T13:00:52+01:00
linuxmint/warpinator,gh/238946632,3.6,10,0,10,0,1,6,10,0,10,10,5,-1,0,0,0,0,0,4,,2026-04-07T13:00:20+01:00
linw7/skill-tree,gh/95624763,2.6,10,0,0,0,3,3,-1,0,0,0,0,-1,-1,0,0,-1,-1,10,,2026-04-06T17:35:45+01:00
litejs/natural-compare-lite,gh/9146732,4.0,10,0,0,0,0,3,10,0,0,10,0,-1,0,7,10,-1,0,10,,2026-04-27T21:38:29+01:00
liteos/liteos,gh/67934190,2.6,0,1,0,0,2,3,-1,0,10,10,0,-1,-1,0,0,-1,-1,10,,2026-04-06T15:41:21+01:00
litespeedtech/lsquic,gh/104516416,4.1,10,0,10,0,1,10,-1,0,0,10,10,-1,0,0,0,-1,-1,10,,2026-04-07T10:59:33+01:00
little-brother/sqlite-gui,gh/247280266,2.4,4,0,-1,0,0,0,-1,0,10,10,0,-1,-1,0,0,0,-1,10,,2026-04-07T15:55:56+01:00
littlefs-project/littlefs,gh/83160811,4.1,10,3,10,0,7,10,0,0,0,10,10,-1,0,0,0,-1,0,10,,2026-04-06T14:38:29+01:00
littlekernel/lk,gh/3058456,4.4,9,3,10,0,0,10,10,0,0,10,10,-1,0,0,0,-1,0,9,,2026-04-06T17:35:52+01:00
lizongying/my-tv,gh/727213319,1.8,0,0,0,0,1,0,10,0,0,0,0,-1,0,0,0,0,0,10,,2026-04-06T12:35:49+01:00
ljharb/call-bind,gh/308533760,4.2,10,1,-1,0,0,10,10,0,0,10,3,-1,0,0,10,-1,0,10,,2026-04-27T14:56:55+01:00
ljharb/call-bind-apply-helpers,gh/898190951,4.0,10,1,-1,0,0,10,10,0,0,10,0,-1,0,0,10,-1,0,10,,2026-04-27T14:55:19+01:00
ljharb/call-bound,gh/898125972,4.0,10,1,-1,0,0,10,10,0,0,10,0,-1,0,0,10,-1,0,10,,2026-04-27T14:54:19+01:00
ljharb/concat-map,gh/548993448,4.0,10,1,-1,0,0,10,10,0,0,10,0,-1,0,0,10,-1,0,10,,2026-04-27T17:19:08+01:00
ljharb/define-data-property,gh/689109338,4.0,10,1,-1,0,0,10,10,0,0,10,0,-1,0,0,10,-1,0,10,,2026-04-27T17:19:09+01:00
ljharb/define-properties,gh/28768789,3.9,10,1,0,0,0,10,10,0,0,10,0,-1,0,0,10,-1,0,10,,2026-04-27T15:05:26+01:00
ljharb/es-abstract,gh/28995155,4.7,10,1,0,0,0,10,10,0,0,10,6,-1,0,7,10,-1,0,10,,2026-04-27T17:19:11+01:00
ljharb/es-define-property,gh/756570458,4.8,10,1,-1,0,0,10,10,0,0,10,0,-1,0,0,10,-1,10,10,,2026-04-27T14:56:18+01:00
ljharb/es-errors,gh/752160492,4.8,10,1,-1,0,0,10,10,0,0,10,0,-1,0,0,10,-1,10,10,,2026-04-27T14:53:12+01:00
ljharb/es-object-atoms,gh/773229339,4.0,10,1,-1,0,0,10,10,0,0,10,0,-1,0,0,10,-1,0,10,,2026-04-27T14:57:08+01:00
ljharb/es-shim-unscopables,gh/480458584,4.0,10,1,-1,0,0,10,10,0,0,10,0,-1,0,0,10,-1,0,10,,2026-04-27T17:19:16+01:00
ljharb/es-to-primitive,gh/32377814,4.1,10,,0,0,0,10,10,0,0,10,0,-1,0,0,10,-1,0,10,,2026-05-03T23:27:20+01:00
ljharb/get-intrinsic,gh/308516559,4.0,10,1,-1,0,0,10,10,0,0,10,0,-1,0,0,10,-1,0,10,,2026-04-27T14:54:54+01:00
ljharb/get-proto,gh/911035271,4.0,10,1,-1,0,0,10,10,0,0,10,0,-1,0,0,10,-1,0,10,,2026-04-27T15:08:20+01:00
ljharb/gopd,gh/560708130,4.1,10,1,-1,0,0,10,10,0,0,10,1,-1,0,0,10,-1,0,10,,2026-04-27T14:55:51+01:00
ljharb/has-bigints,gh/201714166,4.1,10,1,-1,0,0,10,10,0,0,10,2,-1,0,0,10,-1,0,10,,2026-04-27T16:09:44+01:00
ljharb/internal-slot,gh/216159146,4.0,10,1,-1,0,0,10,10,0,0,10,0,-1,0,0,10,-1,0,10,,2026-04-27T17:19:22+01:00
ljharb/object-keys,gh/9103992,4.4,10,,0,0,0,10,10,0,0,10,3,-1,0,0,10,-1,0,10,,2026-05-03T23:27:30+01:00
ljharb/object.assign,gh/17755831,4.0,10,1,-1,0,0,10,10,0,0,10,0,-1,0,0,10,-1,0,10,,2026-04-27T16:10:15+01:00
ljharb/possible-typed-array-names,gh/760136716,4.0,10,1,-1,0,0,10,10,0,0,10,0,-1,0,0,10,-1,0,10,,2026-04-27T16:08:48+01:00
ljharb/qs,gh/22266795,5.2,10,1,10,5,1,10,10,0,0,10,10,-1,0,0,10,-1,0,10,,2026-04-27T17:19:26+01:00
ljharb/safe-regex-test,gh/540138887,4.1,10,1,10,0,0,10,10,0,0,10,0,-1,0,0,10,-1,0,10,,2026-04-27T17:19:28+01:00
ljharb/set-function-length,gh/704249795,4.0,10,1,-1,0,0,10,10,0,0,10,0,-1,0,0,10,-1,0,10,,2026-04-27T16:06:43+01:00
ljharb/side-channel,gh/225239081,4.0,10,1,-1,0,0,10,10,0,0,10,0,-1,0,0,10,-1,0,10,,2026-04-27T15:06:14+01:00
ljharb/side-channel-list,gh/901451610,4.7,10,,-1,0,0,10,10,0,0,10,5,-1,0,0,10,-1,0,10,,2026-05-03T23:27:35+01:00
ljharb/side-channel-map,gh/901191461,4.0,10,1,-1,0,0,10,10,0,0,10,0,-1,0,0,10,-1,0,10,,2026-04-27T17:19:33+01:00
ljharb/side-channel-weakmap,gh/901188921,4.2,10,,-1,0,0,10,10,0,0,10,0,-1,0,0,10,-1,0,10,,2026-05-03T23:27:44+01:00
lloyd/yajl,gh/89912,2.9,10,0,0,0,0,10,-1,0,0,10,0,-1,-1,0,0,-1,-1,10,,2026-04-06T20:36:47+01:00
lmarzen/esp32-weather-epd,gh/467381275,5.0,10,6,8,0,4,6,10,0,0,10,10,-1,0,0,0,-1,0,10,,2026-04-06T14:41:59+01:00
lmatteis/torrent-net,gh/88288736,1.9,2,0,-1,0,0,6,-1,0,0,10,0,-1,-1,0,0,-1,-1,10,,2026-04-07T18:01:53+01:00
lmdb/lmdb,gh/34406933,1.7,10,0,-1,0,0,10,-1,0,0,0,2,-1,-1,0,0,-1,-1,0,,2026-04-06T18:51:19+01:00
lodash/lodash,gh/3955647,6.8,10,3,9,0,8,10,10,10,10,9,10,-1,1,9,10,-1,0,0,,2026-04-27T14:53:10+01:00
loganfsmyth/gensync,gh/132383032,1.9,10,0,-1,0,0,10,-1,0,0,10,0,-1,-1,0,0,-1,-1,0,,2026-04-27T17:19:39+01:00
logrotate/logrotate,gh/33591844,6.6,9,3,8,0,8,10,10,10,0,10,5,-1,10,9,0,8,0,10,,2026-04-07T12:58:24+01:00
lojii/knot,gh/239665453,2.6,10,0,0,0,1,0,-1,0,0,10,0,-1,-1,0,0,-1,-1,10,,2026-04-07T10:59:39+01:00
lokathor/bytemuck,gh/209673558,4.0,10,0,8,0,2,10,10,0,0,10,5,-1,0,0,0,-1,0,10,,2026-04-27T21:38:44+01:00
lonelywolf/stm32,gh/10585825,2.5,10,0,0,0,0,0,-1,0,0,10,0,-1,-1,0,0,-1,-1,10,,2026-04-07T16:58:42+01:00
longsoft/uefitool,gh/13405986,5.2,10,0,0,0,3,10,10,10,10,10,10,-1,0,0,0,0,0,10,,2026-04-06T15:36:22+01:00
lora-net/loramac-node,gh/16346821,3.6,10,0,0,0,1,10,-1,0,0,9,0,-1,-1,0,10,-1,-1,10,,2026-04-07T10:51:22+01:00
lotabout/write-a-c-interpreter,gh/48469763,3.1,10,0,0,0,6,0,-1,0,0,10,0,-1,-1,0,0,-1,-1,10,,2026-04-06T16:35:39+01:00
louisbrunner/valgrind-macos,gh/142547143,5.7,10,8,6,0,0,10,10,10,0,10,4,-1,0,10,0,-1,0,10,,2026-04-07T14:56:20+01:00
loyinglin/learnopengles,gh/53649842,1.9,6,0,-1,0,0,3,-1,0,0,0,0,-1,-1,0,0,-1,-1,10,,2026-04-07T11:56:46+01:00
lsalzman/enet,gh/4233299,3.6,10,0,0,0,4,10,10,0,0,10,0,-1,0,0,0,-1,0,10,,2026-04-06T18:36:14+01:00
luadist/lua,gh/950038,2.8,10,0,-1,0,0,6,-1,0,0,9,0,-1,-1,0,0,-1,-1,10,,2026-04-07T13:00:08+01:00
luajit/luajit,gh/40306512,3.7,10,0,-1,0,0,0,-1,0,0,9,10,-1,-1,0,0,-1,-1,10,,2026-04-06T15:35:51+01:00
luben/zstd-jni,gh/31339163,4.5,10,0,7,0,3,10,10,0,0,10,10,-1,0,0,0,-1,0,10,,2026-04-07T18:03:17+01:00
luc-github/esp3d,gh/34058391,3.9,9,0,5,0,0,3,10,10,0,10,10,-1,0,0,0,-1,0,0,,2026-04-07T10:53:46+01:00
lucavallin/barco,gh/670640073,3.6,10,0,0,0,1,3,10,10,0,10,0,-1,0,0,0,0,0,10,,2026-04-07T12:57:03+01:00
lucyoa/kernel-exploits,gh/88852338,1.1,0,0,-1,0,0,0,-1,0,0,0,0,-1,-1,0,0,-1,-1,10,,2026-04-07T15:57:47+01:00
luigirizzo/netmap,gh/33124686,3.8,10,0,0,0,0,10,-1,0,0,10,2,-1,-1,0,10,-1,-1,10,,2026-04-07T10:52:39+01:00
lukeed/dequal,gh/174421655,4.2,10,0,-1,0,0,10,10,10,0,10,0,-1,0,0,0,-1,0,10,,2026-04-27T21:38:44+01:00
lukeed/escalade,gh/273568715,3.2,10,0,0,0,0,10,10,0,0,10,0,-1,0,0,0,-1,0,10,,2026-04-27T15:53:34+01:00
lukeed/kleur,gh/140393403,3.3,10,0,-1,0,0,10,10,0,0,10,0,-1,0,0,0,-1,0,10,,2026-04-27T21:38:47+01:00
lukesmithxyz/st,gh/117944122,3.2,10,0,0,0,3,10,-1,0,0,10,0,-1,-1,0,0,-1,-1,10,,2026-04-07T11:55:43+01:00
lumateam/luma3ds,gh/51275984,3.7,10,0,0,0,2,10,-1,0,0,10,10,-1,-1,0,0,0,-1,10,,2026-04-06T14:39:44+01:00
luohaha/chinese-uvbook,gh/45845794,2.8,10,0,0,0,5,3,-1,0,0,0,0,-1,-1,0,0,-1,-1,10,,2026-04-07T12:57:26+01:00
lvgl/lv_port_esp32,gh/165520544,3.5,10,0,0,0,3,10,10,0,0,10,0,-1,0,0,0,-1,0,10,,2026-04-07T15:03:00+01:00
lwfinger/rtw88,gh/277639157,3.6,9,0,-1,0,0,10,-1,0,0,0,10,-1,-1,0,0,-1,-1,10,,2026-04-07T13:56:07+01:00
lwip-tcpip/lwip,gh/152787888,3.7,10,3,2,0,3,10,-1,0,0,9,0,-1,-1,2,0,-1,-1,10,,2026-04-07T12:56:44+01:00
lxc/lxc,gh/5720995,8.0,10,8,10,5,10,10,10,10,10,9,10,-1,0,0,0,8,10,9,,2026-04-06T15:38:53+01:00
lxc/lxcfs,gh/27918935,6.7,10,8,10,2,10,10,10,0,0,9,10,-1,0,0,0,8,10,10,,2026-04-07T16:00:24+01:00
lxml/lxml,gh/1353927,6.4,10,,8,0,0,10,10,10,10,10,10,-1,5,0,10,0,0,10,,2026-05-03T23:27:54+01:00
ly4k/pwnkit,gh/452306200,2.5,8,0,0,0,1,3,-1,0,0,10,0,-1,-1,0,0,-1,-1,10,,2026-04-07T15:00:40+01:00
lydell/js-tokens,gh/17552490,3.5,10,0,4,0,0,10,10,10,0,10,0,-1,2,0,0,-1,0,0,,2026-04-27T14:57:28+01:00
lz4/lz4,gh/18106269,7.2,10,1,10,0,6,10,10,10,10,9,10,-1,4,0,10,0,10,10,,2026-04-06T13:35:41+01:00
lzfse/lzfse,gh/60655360,3.8,10,0,0,0,10,6,-1,0,0,10,0,-1,-1,0,0,-1,-1,10,,2026-04-07T10:59:27+01:00
m0nad/diamorphine,gh/14187797,3.2,10,0,0,0,1,3,-1,0,0,9,5,-1,-1,0,0,-1,-1,10,,2026-04-06T20:35:55+01:00
mabeijianxi/small-video-record,gh/66544073,1.5,0,0,0,0,0,3,-1,0,0,10,0,-1,-1,0,0,-1,-1,10,,2026-04-06T17:36:56+01:00
mackstann/tinywm,gh/2860137,2.2,10,0,-1,0,0,0,-1,0,0,0,0,-1,-1,0,0,-1,-1,10,,2026-04-07T11:56:44+01:00
mackyle/sqlite,gh/10400632,4.8,10,0,-1,0,0,10,-1,0,10,9,10,-1,-1,0,0,-1,-1,10,,2026-04-07T10:52:12+01:00
madeye/proxydroid,gh/3280827,2.6,3,0,5,0,1,10,10,0,0,0,3,-1,0,0,0,0,0,10,,2026-04-06T19:48:59+01:00
madler/zlib,gh/2359378,5.0,10,0,-1,2,0,10,10,0,10,9,10,-1,0,0,0,8,0,10,,2026-04-06T14:36:48+01:00
madmax43v3r/chia-plotter,gh/369852087,3.5,10,0,0,0,3,10,10,0,0,10,0,-1,0,0,0,-1,0,10,,2026-04-06T20:36:22+01:00
mafintosh/end-of-stream,gh/14732255,3.2,10,0,0,0,3,10,-1,0,0,10,0,-1,-1,0,0,-1,-1,10,,2026-04-27T16:06:56+01:00
mafintosh/pump,gh/12118126,3.8,10,0,0,0,1,10,-1,0,0,10,1,-1,-1,0,10,-1,-1,10,,2026-04-27T21:38:52+01:00
mafintosh/tar-stream,gh/15340089,3.9,10,0,0,0,0,10,10,0,0,10,1,-1,0,0,10,-1,0,10,,2026-04-27T21:38:59+01:00
magicstack/immutables,gh/127474402,4.3,10,8,0,0,5,10,10,0,0,9,0,-1,0,0,0,-1,0,10,,2026-04-07T15:57:05+01:00
maharmstone/btrfs,gh/52230396,3.4,10,0,-1,0,0,3,10,0,0,10,6,-1,0,0,0,0,0,10,,2026-04-06T14:34:56+01:00
majerle/c-code-style,gh/144600839,3.1,10,0,0,0,1,0,10,0,0,10,0,-1,0,0,0,-1,0,10,,2026-04-07T15:00:42+01:00
majerle/lwrb,gh/165559833,3.4,10,0,0,0,0,0,10,10,0,10,0,-1,0,0,0,-1,0,5,,2026-04-07T13:58:43+01:00
majerle/stm32-usart-uart-dma-rx-tx,gh/153930005,3.4,10,0,0,0,0,0,10,10,0,10,0,-1,0,0,0,-1,0,5,,2026-04-07T11:54:13+01:00
majianjia/nnom,gh/166869630,3.8,7,0,0,0,10,10,10,0,0,10,0,-1,0,0,0,-1,0,10,,2026-04-07T16:55:41+01:00
managarm/mlibc,gh/63353495,5.2,9,3,10,0,9,10,10,0,0,9,10,-1,0,0,0,-1,0,10,,2026-04-07T17:58:51+01:00
mange/rtl8192eu-linux-driver,gh/40992267,4.1,10,3,0,0,6,10,10,0,0,0,5,-1,0,0,0,-1,0,10,,2026-04-07T13:57:52+01:00
mangowm/mango,gh/926616051,4.1,10,1,0,0,1,6,10,0,0,9,10,-1,0,0,0,-1,0,10,,2026-04-06T20:36:15+01:00
maoabc/nmmp,gh/369624899,1.7,7,0,0,0,1,0,-1,0,0,0,0,-1,-1,0,0,0,-1,10,,2026-04-07T17:00:39+01:00
mapserver/mapserver,gh/3921611,6.4,10,3,10,0,4,10,10,10,10,9,10,-1,0,9,10,0,0,6,,2026-04-07T15:59:20+01:00
maratyszcza/nnpack,gh/54410262,2.9,10,0,0,0,3,3,-1,0,0,10,0,-1,-1,0,0,-1,-1,10,,2026-04-07T11:55:23+01:00
marcobambini/gravity,gh/83052165,4.4,10,0,0,0,1,10,10,0,0,10,9,-1,0,7,0,-1,0,10,,2026-04-06T16:34:57+01:00
marella/ctransformers,gh/640683234,2.2,0,0,0,0,0,0,10,0,0,10,0,-1,0,0,0,-1,0,10,,2026-04-07T10:57:10+01:00
marlinfirmware/configurations,gh/211756905,4.3,10,0,10,0,0,10,10,0,0,10,10,-1,0,0,0,-1,0,10,,2026-04-06T20:36:34+01:00
marshallpierce/rust-base64,gh/47371310,3.8,10,,3,0,5,6,-1,0,10,10,0,-1,-1,0,0,-1,-1,4,,2026-05-03T23:27:54+01:00
martanne/vis,gh/26677418,5.0,10,0,10,0,1,10,10,0,10,9,10,-1,0,0,0,6,0,10,,2026-04-06T16:35:00+01:00
martijnvanbrummelen/nwipe,gh/12656161,4.8,10,0,10,0,6,10,10,0,0,10,10,-1,0,0,0,-1,0,10,,2026-04-07T16:57:44+01:00
martin-ger/esp32_nat_router,gh/241046888,3.2,10,0,0,0,0,0,-1,0,0,0,10,-1,-1,0,0,-1,-1,10,,2026-04-07T10:59:04+01:00
martin-ger/esp_wifi_repeater,gh/76649430,3.0,9,0,0,0,5,0,-1,0,0,10,1,-1,-1,0,0,-1,-1,10,,2026-04-06T15:37:25+01:00
martinezjavier/ldd3,gh/1117185,3.8,10,0,0,0,9,10,-1,0,0,9,0,-1,-1,0,0,-1,-1,10,,2026-04-06T19:47:04+01:00
martinmarinov/tempestsdr,gh/14776505,1.8,0,0,0,0,3,0,-1,0,0,10,0,-1,-1,0,0,-1,-1,10,,2026-04-07T12:56:52+01:00
mas-bandwidth/netcode,gh/77645747,3.6,10,0,5,0,0,10,10,0,0,10,3,-1,0,0,0,-1,0,10,,2026-04-06T19:47:23+01:00
mas-bandwidth/yojimbo,gh/59925747,3.9,10,0,0,0,3,10,10,10,0,10,0,-1,0,0,0,-1,0,5,,2026-04-06T19:40:56+01:00
matheuzsecurity/singularity,gh/1062196393,4.1,10,0,-1,0,0,10,-1,0,0,10,10,-1,-1,0,0,-1,-1,10,,2026-04-07T12:57:53+01:00
mathiasbynens/cssesc,gh/12001360,3.0,10,0,-1,0,0,10,-1,0,0,10,0,-1,-1,0,0,-1,-1,10,,2026-04-27T17:19:54+01:00
mathiasbynens/emoji-regex,gh/24557614,3.6,10,0,0,0,0,10,10,0,0,10,0,10,0,0,0,-1,0,10,,2026-04-27T21:39:06+01:00
mathiasbynens/jsesc,gh/10498729,3.0,10,0,-1,0,0,10,-1,0,0,10,0,-1,-1,0,0,-1,-1,10,,2026-04-27T17:20:00+01:00
mathiasbynens/punycode.js,gh/2755924,3.6,10,0,0,0,4,10,10,0,0,10,0,-1,0,0,0,-1,0,10,,2026-04-27T14:56:17+01:00
mathiasbynens/regenerate,gh/10182772,3.0,10,0,-1,0,0,10,-1,0,0,10,0,-1,-1,0,0,-1,-1,10,,2026-04-27T17:20:01+01:00
mathiasbynens/regexpu-core,gh/49437324,3.6,10,0,10,0,1,10,10,0,0,10,0,-1,0,0,0,-1,0,10,,2026-04-27T21:39:08+01:00
mathiasbynens/unicode-canonical-property-names-ecmascript,gh/88346537,3.3,10,0,-1,0,0,10,10,0,0,10,0,-1,0,0,0,-1,0,10,,2026-04-27T17:20:07+01:00
mathiasbynens/unicode-property-aliases-ecmascript,gh/88333533,3.2,10,0,0,0,0,10,10,0,0,10,0,-1,0,0,0,-1,0,10,,2026-04-27T17:20:08+01:00
matklad/once_cell,gh/143220272,4.9,10,0,10,0,7,10,10,0,0,10,5,-1,8,0,0,-1,0,10,,2026-04-27T21:39:18+01:00
matplotlib/matplotlib,gh/1385122,8.5,10,8,10,0,10,10,10,10,10,9,10,-1,6,9,10,-1,10,1,,2026-04-27T21:39:19+01:00
mattconte/tlsf,gh/36315741,2.5,10,0,0,0,2,3,-1,0,0,0,0,-1,-1,0,0,-1,-1,10,,2026-04-07T12:58:25+01:00
mattiasgustavsson/libs,gh/46212152,3.3,10,0,5,0,1,10,10,0,0,0,1,-1,0,0,0,-1,0,10,,2026-04-06T20:36:40+01:00
mattn/go-sqlite3,gh/2755696,5.0,10,0,9,0,1,10,10,0,10,10,10,-1,1,0,0,-1,0,10,,2026-04-06T13:39:51+01:00
mattrajca/sudo-touchid,gh/72390385,2.4,10,0,0,0,0,6,-1,0,0,0,0,-1,-1,0,0,-1,-1,10,,2026-04-07T12:57:17+01:00
matz/streem,gh/27860738,3.7,10,0,0,0,6,10,10,0,0,10,0,-1,0,0,0,-1,0,10,,2026-04-06T16:34:52+01:00
maximkulkin/esp-homekit,gh/113219787,2.9,10,0,0,0,0,10,-1,0,0,10,0,-1,-1,0,0,-1,-1,10,,2026-04-07T16:00:13+01:00
mayaposch/nymphcast,gh/169604606,2.9,3,0,0,0,0,6,-1,0,10,10,5,-1,-1,0,0,0,-1,10,,2026-04-06T19:47:33+01:00
mbebenita/broadway,gh/2577939,2.0,0,0,0,0,2,10,-1,0,0,9,0,-1,-1,0,0,-1,-1,10,,2026-04-06T18:51:31+01:00
mcavage/node-assert-plus,gh/4767976,3.4,10,,0,0,3,6,-1,0,0,10,0,-1,-1,0,0,-1,-1,10,,2026-05-03T23:28:01+01:00
mcnopper/opengl,gh/8373358,2.6,10,0,0,0,1,0,-1,0,0,10,0,-1,-1,0,0,-1,-1,10,,2026-04-06T19:47:31+01:00
mcollina/fastq,gh/37368217,4.7,10,0,2,0,1,10,10,10,0,10,0,-1,0,0,10,-1,0,10,,2026-04-27T17:20:13+01:00
mcollina/reusify,gh/42106515,4.8,10,0,0,0,2,10,10,10,0,10,0,-1,0,0,10,-1,0,10,,2026-04-27T21:39:25+01:00
mcu-tools/mcuboot,gh/76305806,6.2,10,5,10,2,10,10,10,10,0,10,10,-1,1,0,10,-1,0,0,,2026-04-07T10:58:53+01:00
mdbtools/mdbtools,gh/723884,3.8,10,0,0,0,4,10,10,0,10,10,0,-1,0,0,0,0,0,10,,2026-04-07T16:55:47+01:00
mdn/data,gh/70901646,7.8,10,8,9,0,10,10,10,10,0,10,10,-1,10,5,10,-1,0,9,,2026-04-27T17:20:16+01:00
meckazin/chromekatz,gh/728877639,3.2,10,0,0,0,0,6,10,0,0,10,4,-1,0,0,0,0,0,10,,2026-04-07T13:57:49+01:00
medikoo/d,gh/10817569,3.2,10,0,-1,0,0,6,10,0,0,10,0,-1,0,0,0,-1,0,10,,2026-04-27T17:20:17+01:00
medikoo/es5-ext,gh/1792941,3.8,10,8,0,0,0,6,10,0,0,10,0,-1,0,0,0,-1,0,10,,2026-04-27T15:52:38+01:00
medikoo/es6-symbol,gh/14423385,3.9,10,8,-1,0,0,6,10,0,0,10,0,-1,0,0,0,-1,0,10,,2026-04-27T17:20:19+01:00
medikoo/type,gh/177198492,3.8,10,8,0,0,0,6,10,0,0,10,0,-1,0,0,0,-1,0,10,,2026-04-27T16:07:15+01:00
medusalix/xone,gh/382113989,2.6,10,0,0,0,1,0,-1,0,0,10,0,-1,-1,0,0,-1,-1,10,,2026-04-06T19:49:16+01:00
meetecho/janus-gateway,gh/16734696,5.6,10,0,8,0,3,10,10,0,10,10,10,-1,0,0,10,-1,10,0,,2026-04-06T13:39:48+01:00
megamarc/tilengine,gh/42005563,3.7,10,6,0,0,2,10,-1,0,0,10,0,-1,-1,0,0,-1,-1,10,,2026-04-07T18:03:44+01:00
meituan-dianping/dbproxy,gh/77523707,3.4,9,0,0,0,9,0,-1,0,0,10,0,-1,-1,0,0,-1,-1,10,,2026-04-06T20:35:48+01:00
meituan-dianping/logan,gh/150354367,3.8,8,6,0,0,7,10,-1,10,0,10,0,-1,0,0,0,-1,-1,0,,2026-04-06T14:41:29+01:00
meituan-dianping/myflash,gh/110948420,2.2,8,0,0,0,0,0,-1,0,0,9,0,-1,-1,0,0,-1,-1,10,,2026-04-07T15:59:05+01:00
meituan-dianping/sqladvisor,gh/83523036,1.6,0,0,0,0,2,0,-1,0,0,10,0,-1,-1,0,0,-1,-1,10,,2026-04-06T15:34:52+01:00
memcached/memcached,gh/184981,4.7,10,0,-1,0,0,10,10,0,10,10,10,-1,0,0,0,-1,0,10,,2026-04-06T12:40:51+01:00
memononen/nanosvg,gh/13346990,3.7,10,0,0,0,9,6,-1,0,0,10,0,-1,-1,0,0,-1,-1,10,,2026-04-07T10:53:30+01:00
memononen/nanovg,gh/14325757,4.0,10,0,0,0,8,10,10,0,0,10,1,-1,0,0,0,-1,0,10,,2026-04-06T15:35:04+01:00
memovai/mimiclaw,gh/1149403151,4.1,10,3,10,0,8,10,10,0,0,10,0,-1,0,0,0,0,0,10,,2026-04-06T16:35:53+01:00
memtest86plus/memtest86plus,gh/458383624,5.8,10,3,10,0,5,10,10,10,0,10,10,-1,0,0,0,-1,0,10,,2026-04-07T12:56:07+01:00
mendsley/bsdiff,gh/3350538,2.9,10,0,0,0,1,10,-1,0,0,9,0,-1,-1,0,0,-1,-1,10,,2026-04-07T10:48:34+01:00
merbanan/rtl_433,gh/7705639,4.2,10,0,10,0,3,10,10,0,0,10,10,-1,0,0,0,0,0,10,,2026-04-06T14:34:55+01:00
metacall/core,gh/163221062,4.1,7,0,5,0,6,10,10,10,0,10,10,-1,0,0,0,0,0,0,,2026-04-07T11:00:03+01:00
metartc/metartc,gh/439202022,2.3,10,0,-1,0,0,0,-1,0,0,10,0,-1,-1,0,0,0,-1,10,,2026-04-07T16:58:03+01:00
mgba-emu/mgba,gh/27788471,3.3,10,3,0,0,0,10,-1,0,10,10,10,-1,0,0,0,0,-1,0,,2026-04-06T14:36:29+01:00
mgerdes/open-golf,gh/298134035,1.6,1,0,0,0,0,3,-1,0,0,10,0,-1,-1,0,0,-1,-1,10,,2026-04-07T10:56:04+01:00
mhammond/pywin32,gh/108187130,5.0,8,,9,0,9,10,10,0,0,0,10,-1,0,0,0,-1,0,10,,2026-05-03T23:28:16+01:00
micheles/decorator,gh/14656555,4.2,10,0,5,0,3,10,10,0,10,10,0,-1,0,0,0,-1,0,10,,2026-04-27T21:39:39+01:00
micromark/micromark,gh/157420458,4.0,10,0,5,0,1,10,10,0,0,10,0,-1,0,0,10,-1,0,10,,2026-04-27T14:56:23+01:00
micromatch/anymatch,gh/11458302,3.7,10,0,-1,0,0,10,-1,0,0,10,0,-1,-1,0,10,-1,-1,10,,2026-04-27T16:09:58+01:00
micromatch/braces,gh/25475303,3.9,10,0,0,0,2,10,10,0,0,10,0,-1,0,0,10,-1,0,10,,2026-04-27T15:08:10+01:00
micromatch/is-glob,gh/28179425,3.7,10,0,0,0,1,10,-1,0,0,10,0,-1,-1,0,10,-1,-1,10,,2026-04-27T14:57:44+01:00
micromatch/micromatch,gh/27359938,3.9,10,0,-1,0,0,10,10,0,0,10,0,-1,0,0,10,-1,0,10,,2026-04-27T21:39:45+01:00
micromatch/picomatch,gh/156211895,6.8,10,0,4,0,3,10,10,10,0,10,10,-1,3,2,10,-1,10,10,,2026-04-27T14:57:04+01:00
micromatch/to-regex-range,gh/40355891,3.6,10,0,0,0,0,10,-1,0,0,10,0,-1,-1,0,10,-1,-1,10,,2026-04-27T14:56:36+01:00
micronucleus/micronucleus,gh/5923020,3.0,1,0,0,0,5,10,10,0,0,9,4,-1,0,0,0,0,0,10,,2026-04-07T11:54:12+01:00
micropython/micropython,gh/15337142,5.3,10,3,10,0,5,10,10,10,0,9,10,-1,0,0,0,0,0,10,,2026-04-06T12:37:23+01:00
microsoft/ebpf-for-windows,gh/355718757,7.8,5,8,10,5,10,10,10,10,10,10,10,-1,9,9,10,0,0,10,,2026-04-06T17:37:06+01:00
microsoft/mimalloc,gh/192805335,4.9,0,6,10,0,0,10,-1,0,0,10,10,-1,0,10,10,-1,-1,10,,2026-04-06T15:38:02+01:00
microsoft/msix-packaging,gh/123341625,4.0,0,6,0,0,10,3,-1,10,10,10,0,-1,0,0,10,0,-1,0,,2026-04-07T17:59:35+01:00
microsoft/procdump-for-linux,gh/110297133,5.3,9,5,5,0,10,3,10,0,0,10,0,-1,1,0,10,0,10,10,,2026-04-06T18:42:54+01:00
microsoft/react-native-code-push,gh/36749153,5.0,8,6,0,0,10,10,-1,10,0,9,0,-1,-1,0,10,-1,-1,0,,2026-04-06T13:39:05+01:00
microsoft/sysmonforlinux,gh/308092559,6.2,10,8,6,0,10,6,10,0,0,10,6,-1,3,0,10,0,10,10,,2026-04-07T10:48:47+01:00
microsoft/tslib,gh/34414315,7.4,10,1,0,0,6,10,10,10,10,10,1,-1,9,7,10,-1,9,10,,2026-04-27T14:52:59+01:00
microsoft/typescript,gh/20929025,8.6,10,,10,0,10,10,10,10,10,10,10,-1,6,10,10,0,9,10,,2026-05-03T23:28:23+01:00
microsoft/windows-driver-frameworks,gh/31281081,3.2,10,0,0,0,0,0,-1,0,0,10,0,-1,-1,0,10,-1,-1,10,,2026-04-07T14:57:35+01:00
microsoft/windows-driver-samples,gh/31791482,6.0,7,3,8,0,4,10,10,10,0,10,10,-1,0,9,10,0,0,10,,2026-04-06T13:42:15+01:00
microsoft/windows-rs,gh/208102250,6.4,0,6,10,0,2,10,10,10,0,10,10,10,1,0,10,-1,9,9,,2026-04-27T14:53:06+01:00
microsoft/winfile,gh/127789081,3.4,10,0,0,0,2,10,-1,0,0,10,0,-1,-1,0,10,0,-1,10,,2026-04-06T14:35:34+01:00
microsoft/winobjc,gh/37950166,3.1,6,7,0,0,3,10,-1,0,0,10,0,-1,-1,0,10,-1,-1,0,,2026-04-06T14:39:26+01:00
midnightcommander/mc-old,gh/2766273,3.3,10,0,-1,0,0,10,10,0,0,9,0,-1,0,0,0,-1,0,10,,2026-04-06T19:41:56+01:00
mikex86/librecuda,gh/832955422,2.2,0,0,0,0,0,0,10,0,0,10,0,-1,0,0,0,-1,0,10,,2026-04-07T17:00:57+01:00
miloyip/json-tutorial,gh/68291988,3.3,10,0,0,0,10,3,-1,0,0,0,0,-1,-1,0,0,-1,-1,10,,2026-04-06T13:41:30+01:00
minhaskamal/creepycodecollection,gh/66758410,2.2,10,0,0,0,0,3,-1,0,0,0,0,-1,-1,0,0,-1,-1,10,,2026-04-06T19:49:26+01:00
minimistjs/minimist,gh/549230701,5.2,10,,0,0,3,10,10,0,0,10,0,-1,0,0,9,-1,10,10,,2026-05-03T23:28:34+01:00
miniupnp/miniupnp,gh/2435778,5.8,10,0,10,0,0,10,10,0,0,10,10,10,0,10,10,8,0,10,,2026-04-07T12:56:01+01:00
minoca/os,gh/72385590,2.6,9,0,-1,0,0,10,-1,0,0,9,0,-1,0,0,0,-1,-1,10,,2026-04-06T18:52:23+01:00
mirror/busybox,gh/7512322,1.8,10,0,-1,0,0,10,-1,0,0,9,0,-1,-1,0,0,-1,-1,0,,2026-04-07T10:49:45+01:00
mit-pdos/xv6-public,gh/40504480,2.7,10,0,0,0,0,6,-1,0,0,9,0,-1,-1,0,0,-1,-1,10,,2026-04-06T13:38:48+01:00
mit-pdos/xv6-riscv,gh/204459250,2.8,10,0,0,0,0,10,-1,0,0,9,0,-1,-1,0,0,-1,-1,10,,2026-04-06T13:38:35+01:00
mitsuhiko/insta,gh/165561258,5.2,10,,10,0,2,10,10,10,0,10,10,-1,0,0,0,0,0,9,,2026-05-03T23:28:34+01:00
mity/md4c,gh/69898189,3.8,10,3,0,0,0,3,10,0,10,10,0,-1,0,0,0,-1,0,9,,2026-04-07T15:02:32+01:00
mixiaoxiao/arduino-homekit-esp8266,gh/240946290,3.0,10,0,0,0,5,0,-1,0,0,10,0,-1,-1,0,0,-1,-1,10,,2026-04-07T11:57:18+01:00
mjakeman/extension-manager,gh/445686840,5.4,10,3,10,0,10,10,10,0,0,10,10,-1,0,0,0,-1,0,10,,2026-04-07T15:00:47+01:00
mjolnirapp/mjolnir,gh/20999018,3.0,10,0,0,0,3,10,10,0,0,0,0,-1,0,0,0,0,0,10,,2026-04-06T15:37:02+01:00
mkj/dropbear,gh/8876769,5.0,10,3,10,0,0,10,10,0,10,9,10,-1,0,0,0,-1,0,9,,2026-04-06T20:37:16+01:00
mkottman/androlua,gh/1326440,2.9,9,0,0,0,1,10,-1,0,0,10,0,-1,-1,0,0,-1,-1,10,,2026-04-07T16:58:07+01:00
mlocati/gettext-iconv-windows,gh/12751919,4.0,10,0,8,0,0,10,10,0,0,10,10,-1,0,0,0,0,0,10,,2026-04-27T21:40:03+01:00
mltframework/mlt,gh/4019052,4.4,10,0,9,0,2,10,10,0,0,10,10,10,0,0,0,0,0,10,,2026-04-07T11:54:15+01:00
mm2/little-cms,gh/507969,6.8,10,0,10,0,1,10,10,10,10,10,10,-1,1,10,4,0,10,10,,2026-04-27T21:40:14+01:00
mmozeiko/wcap,gh/407444301,3.3,10,0,-1,0,0,3,10,0,0,10,2,-1,0,0,0,-1,0,10,,2026-04-07T16:00:46+01:00
mntmn/interim,gh/31344015,2.6,8,0,0,0,3,10,-1,0,0,0,0,-1,-1,0,0,-1,-1,10,,2026-04-07T14:58:38+01:00
mobile-nixos/mobile-nixos,gh/136768981,5.5,10,3,10,0,6,10,10,0,0,10,10,-1,8,0,0,-1,0,10,,2026-04-07T15:04:11+01:00
mobinsheng/books,gh/140419647,2.0,8,0,-1,0,0,0,-1,0,0,0,0,-1,-1,0,0,-1,-1,10,,2026-04-07T15:57:57+01:00
moddable-opensource/moddable,gh/107216551,4.3,10,0,-1,0,0,10,-1,0,10,9,10,-1,-1,0,0,0,-1,10,,2026-04-07T12:59:59+01:00
mofarrell/p2pvc,gh/30442211,3.0,10,0,0,0,3,6,-1,0,0,10,0,-1,-1,0,0,-1,-1,10,,2026-04-06T18:51:28+01:00
moment/moment,gh/1424470,2.6,10,,0,0,0,10,10,0,0,10,0,-1,0,0,0,-1,0,0,,2026-05-03T23:28:53+01:00
momotech/mln,gh/209464640,1.9,0,3,0,0,0,3,-1,0,0,10,0,-1,-1,0,0,-1,-1,10,,2026-04-07T11:56:15+01:00
mongrel2/mongrel2,gh/1781085,2.8,10,0,0,0,2,10,-1,0,0,10,0,-1,-1,0,0,0,-1,10,,2026-04-07T13:59:12+01:00
monyhar/monyhar-lite,gh/375945970,2.2,10,0,-1,0,0,0,-1,0,0,0,0,-1,-1,0,0,-1,-1,10,,2026-04-07T11:00:10+01:00
moonlight-stream/moonlight-android,gh/12989790,2.0,0,3,0,0,1,10,-1,0,0,10,0,-1,-1,0,0,0,-1,10,,2026-04-06T14:38:51+01:00
moonlight-stream/moonlight-embedded,gh/15691240,4.2,10,3,0,0,1,6,10,10,0,10,3,-1,0,0,0,0,0,10,,2026-04-07T11:57:01+01:00
moonlight-stream/moonlight-ios,gh/16018083,2.1,0,3,2,0,1,10,-1,0,0,10,0,-1,-1,0,0,0,-1,10,,2026-04-07T12:56:52+01:00
moononournation/arduino_gfx,gh/197129020,4.0,10,0,0,0,2,6,-1,0,0,9,10,-1,-1,0,0,-1,-1,10,,2026-04-07T17:01:11+01:00
moonshine-ai/moonshine,gh/867866058,3.0,10,6,0,0,0,6,-1,0,0,9,10,-1,-1,0,0,0,-1,0,,2026-04-06T14:35:04+01:00
mopemope/meinheld,gh/806604,3.0,10,0,0,0,2,10,-1,0,0,9,0,-1,-1,0,0,-1,-1,10,,2026-04-07T13:55:39+01:00
more-itertools/more-itertools,gh/4144530,5.1,10,3,10,0,5,10,10,0,10,10,10,-1,0,0,0,0,0,10,,2026-04-27T16:06:19+01:00
moretension/duti,gh/5943856,3.5,10,0,0,0,4,10,10,0,0,9,0,-1,0,0,0,-1,0,10,,2026-04-07T10:56:36+01:00
morganstanley/hobbes,gh/94469442,6.8,10,6,10,0,10,3,10,10,0,10,10,-1,0,0,10,-1,0,10,,2026-04-07T15:57:50+01:00
morrownr/8821au-20210708,gh/408464031,3.6,10,0,0,0,2,10,10,0,0,9,3,-1,0,0,0,-1,0,10,,2026-04-07T16:59:03+01:00
morrownr/88x2bu-20210702,gh/421898985,3.6,10,6,0,0,3,0,-1,0,0,9,2,-1,-1,0,0,-1,-1,10,,2026-04-07T15:59:55+01:00
motdotla/dotenv,gh/11205780,4.8,10,0,10,0,0,10,10,10,0,10,10,-1,0,0,9,-1,0,0,,2026-04-27T21:40:33+01:00
moxystudio/node-cross-spawn,gh/21335844,2.7,10,0,-1,0,0,10,10,0,0,10,0,-1,3,0,0,-1,0,0,,2026-04-27T21:40:35+01:00
mozilla-ai/llamafile,gh/689773665,4.4,9,3,10,0,4,10,10,0,0,9,10,-1,0,0,0,0,0,10,,2026-04-06T12:36:54+01:00
mozilla/mozjpeg,gh/15837676,2.5,10,0,0,0,0,10,-1,0,0,9,0,-1,-1,0,0,0,-1,10,,2026-04-06T15:38:34+01:00
mozilla/source-map,gh/2014930,4.0,9,6,4,0,8,10,10,0,0,9,3,-1,4,0,0,-1,0,0,,2026-04-27T14:56:01+01:00
mpc-hc/mpc-hc,gh/5180577,1.7,7,3,0,0,1,10,-1,0,0,10,0,-1,-1,0,0,0,-1,0,,2026-04-06T15:36:42+01:00
mpenkov/ffmpeg-tutorial,gh/5423990,2.4,10,0,0,0,0,6,-1,0,0,0,0,-1,-1,0,0,-1,-1,10,,2026-04-07T15:03:54+01:00
mpitutorial/mpitutorial,gh/6915389,5.3,10,3,0,0,6,10,-1,10,0,9,4,-1,-1,0,0,-1,-1,10,,2026-04-06T20:35:10+01:00
mptre/yank,gh/41288520,2.4,10,0,0,0,0,0,-1,0,0,10,1,-1,-1,0,0,0,-1,10,,2026-04-07T11:55:29+01:00
mpv-player/mpv,gh/6201092,5.9,10,3,10,0,6,10,10,10,10,9,10,-1,0,0,0,0,0,10,,2026-04-06T12:35:23+01:00
mr-un1k0d3r/edrs,gh/343862270,2.2,8,0,0,0,1,3,-1,0,0,0,1,-1,-1,0,0,-1,-1,10,,2026-04-06T20:37:47+01:00
mr-un1k0d3r/scshell,gh/221572133,1.8,5,0,0,0,1,3,-1,0,0,0,0,-1,-1,0,0,-1,-1,10,,2026-04-07T11:57:12+01:00
mrabarnett/mrab-regex,gh/309446978,4.6,10,0,0,0,1,10,10,0,10,9,10,-1,0,0,0,-1,0,10,,2026-04-27T17:20:40+01:00
mrexodia/titanhide,gh/71595650,2.9,0,0,2,0,4,10,10,0,0,10,0,-1,5,0,0,0,0,10,,2026-04-06T19:44:15+01:00
mrglockenspiel/activate-linux,gh/470739558,3.6,10,0,2,0,7,10,10,0,0,10,0,-1,0,0,0,0,0,10,,2026-04-06T14:43:32+01:00
mridgers/clink,gh/15594033,2.3,10,0,-1,0,0,0,-1,0,0,10,0,-1,-1,0,0,0,-1,10,,2026-04-06T17:37:58+01:00
mrmlnc/fast-glob,gh/77467076,3.3,10,1,0,0,0,6,10,0,0,10,0,-1,0,7,0,0,0,10,,2026-04-27T16:08:20+01:00
mruby/mruby,gh/4073516,7.6,10,0,10,0,6,10,10,10,10,10,10,-1,0,10,10,-1,8,7,,2026-04-06T15:35:38+01:00
msgpack/msgpack-python,gh/2242705,6.5,10,0,10,0,2,10,10,10,10,9,7,10,4,0,10,-1,0,10,,2026-04-27T21:40:39+01:00
mstorsjo/llvm-mingw,gh/112254496,4.9,10,0,-1,0,0,10,10,10,0,9,10,10,0,0,0,0,0,10,,2026-04-06T19:35:39+01:00
msysgit/msysgit,gh/325827,1.6,0,0,0,0,3,10,-1,0,0,0,0,-1,-1,0,0,0,-1,10,,2026-04-07T10:57:31+01:00
mtcp-stack/mtcp,gh/18312122,3.1,10,0,0,0,3,10,-1,0,0,9,0,-1,-1,0,0,-1,-1,10,,2026-04-07T10:48:29+01:00
mtoyoda/sl,gh/9858718,3.0,10,0,0,0,5,0,-1,0,0,9,0,-1,-1,0,0,-1,-1,10,,2026-04-06T17:38:35+01:00
mubix/post-exploitation,gh/5552468,1.4,0,0,0,0,0,10,-1,0,0,0,0,-1,-1,0,0,-1,-1,10,,2026-04-07T12:56:07+01:00
mupen64plus/mupen64plus-core,gh/15262758,4.6,10,0,9,0,4,10,10,0,0,9,9,-1,0,0,0,6,0,10,,2026-04-07T12:59:04+01:00
mvdnes/spin-rs,gh/21686666,5.3,10,0,4,0,4,10,10,0,0,10,3,-1,0,0,10,-1,10,10,,2026-04-27T21:40:49+01:00
mvp/uhubctl,gh/28941753,3.2,10,3,0,0,0,0,-1,0,0,9,4,-1,-1,0,0,-1,-1,10,,2026-04-06T19:46:55+01:00
mwh/dragon,gh/21016017,3.1,10,0,0,0,2,10,-1,0,0,10,0,-1,-1,0,0,-1,-1,10,,2026-04-07T12:58:37+01:00
mydumper/mydumper,gh/45695616,4.9,10,6,10,0,2,10,10,0,0,10,10,10,0,0,0,0,0,10,,2026-04-06T18:44:07+01:00
mykter/afl-training,gh/95681864,2.1,10,0,0,0,0,0,10,0,0,9,0,-1,0,0,0,-1,0,0,,2026-04-07T15:02:30+01:00
mysticatea/abort-controller,gh/105228556,3.0,10,0,-1,0,0,10,-1,0,0,10,0,-1,-1,0,0,-1,-1,10,,2026-04-27T16:09:31+01:00
mysticatea/event-target-shim,gh/31137469,2.7,10,0,-1,0,0,10,10,0,0,10,0,-1,3,0,0,-1,0,0,,2026-04-27T16:08:04+01:00
mytechnotalent/hacking-windows,gh/410567459,2.6,0,0,-1,0,0,0,-1,0,0,10,10,-1,-1,0,0,-1,-1,10,,2026-04-07T12:56:08+01:00
mzzopublic/c,gh/5518793,1.1,0,0,-1,0,0,0,-1,0,0,0,0,-1,-1,0,0,-1,-1,10,,2026-04-06T16:35:52+01:00
n0b0dycn/redis-rogue-server,gh/195679995,1.8,2,0,0,0,0,3,-1,0,0,10,0,-1,-1,0,0,-1,-1,10,,2026-04-07T16:55:41+01:00
n0xa/m5stick-nemo,gh/694486730,3.8,10,3,5,0,0,10,10,0,0,9,6,-1,0,0,0,0,0,10,,2026-04-07T15:57:51+01:00
nagiosenterprises/nagioscore,gh/16119670,4.0,10,0,6,0,2,10,10,0,0,10,10,-1,0,0,0,0,0,10,,2026-04-07T10:52:31+01:00
nalgeon/sqlean,gh/343191804,4.1,10,0,6,0,1,3,10,0,10,10,7,-1,0,0,0,0,0,10,,2026-04-06T16:35:58+01:00
namhyung/uftrace,gh/16727749,4.6,10,0,10,0,3,10,10,0,0,10,10,-1,0,0,0,-1,0,10,,2026-04-06T17:37:22+01:00
nanomsg/nanomsg,gh/6154315,4.6,10,6,1,0,6,10,10,0,0,9,0,-1,0,7,0,-1,0,10,,2026-04-06T14:39:25+01:00
nanomsg/nng,gh/76157774,5.9,10,1,10,0,2,10,10,10,0,10,10,-1,0,10,0,-1,0,10,,2026-04-06T16:34:54+01:00
nanopb/nanopb,gh/34807561,6.2,10,3,8,0,4,10,10,10,10,10,10,-1,0,10,4,0,0,7,,2026-04-06T15:36:48+01:00
nanovms/nanos,gh/115159616,6.0,10,3,10,0,2,10,10,10,0,10,10,-1,0,0,9,-1,0,10,,2026-04-06T18:40:24+01:00
ncbi/sra-tools,gh/23203598,3.7,8,3,0,0,1,10,-1,0,0,9,10,-1,0,0,0,-1,-1,9,,2026-04-07T14:57:58+01:00
ncopa/su-exec,gh/47607657,3.0,10,0,5,0,1,0,10,0,0,10,0,-1,0,0,0,0,0,10,,2026-04-07T18:02:53+01:00
ndevilla/iniparser,gh/851288,3.3,10,0,-1,0,0,10,10,0,0,10,0,-1,0,0,0,-1,0,10,,2026-04-07T17:58:47+01:00
nefarius/dshidmini,gh/247692781,5.7,10,3,8,0,0,10,10,10,0,10,10,-1,0,0,0,0,10,10,,2026-04-07T11:56:41+01:00
nelhage/reptyr,gh/1252864,5.2,10,0,0,0,7,3,10,10,0,10,0,-1,0,0,0,-1,10,10,,2026-04-06T14:40:09+01:00
nem0/openfbx,gh/95553000,3.5,8,0,0,0,4,10,10,0,0,10,1,-1,0,0,0,-1,0,10,,2026-04-07T14:59:39+01:00
neomutt/neomutt,gh/48345674,6.8,10,8,10,0,1,10,10,0,10,10,10,-1,0,10,10,8,0,10,,2026-04-06T17:35:23+01:00
netblue30/firejail,gh/40418146,7.2,5,0,10,0,2,10,10,10,0,10,10,-1,10,7,10,8,10,10,,2026-04-06T14:35:07+01:00
netero1010/edrsilencer,gh/735781986,2.5,10,0,0,0,2,0,-1,0,0,10,0,-1,-1,0,0,0,-1,10,,2026-04-07T10:59:02+01:00
netflix/dynomite,gh/13484625,3.2,10,1,0,0,4,10,-1,0,0,10,0,-1,0,0,0,-1,-1,10,,2026-04-06T16:36:15+01:00
nethack/nethack,gh/47593546,3.3,10,0,-1,0,0,10,-1,0,0,0,10,-1,-1,0,0,0,-1,10,,2026-04-06T17:36:27+01:00
netsniff-ng/netsniff-ng,gh/1496894,3.7,10,3,0,0,3,10,10,0,0,9,0,-1,0,0,0,-1,0,10,,2026-04-07T13:58:12+01:00
neurobin/shc,gh/33220655,3.0,10,0,0,0,3,6,-1,0,0,10,0,-1,-1,0,0,-1,-1,10,,2026-04-06T20:36:39+01:00
neutrinolabs/xrdp,gh/1660127,5.5,10,3,10,0,3,10,10,0,0,10,10,-1,0,0,10,8,0,10,,2026-04-06T14:38:18+01:00
nevermindzzt/letter-shell,gh/141858463,2.8,10,0,0,0,1,0,-1,0,0,10,2,-1,-1,0,0,-1,-1,10,,2026-04-07T11:55:34+01:00
newaetech/chipwhisperer,gh/23514290,4.3,0,0,10,0,0,10,10,10,0,9,10,10,0,0,0,0,0,10,,2026-04-07T13:56:51+01:00
nfc-tools/libnfc,gh/33354099,3.9,10,6,0,0,8,10,-1,0,0,10,0,-1,-1,0,0,0,-1,10,,2026-04-07T10:54:59+01:00
nfc-tools/mfcuk,gh/34197858,2.6,10,0,0,0,1,0,-1,0,0,10,0,-1,-1,0,0,-1,-1,10,,2026-04-07T16:59:14+01:00
nfc-tools/mfoc,gh/32228094,3.3,10,0,0,0,4,10,-1,0,0,10,0,-1,-1,0,0,-1,-1,10,,2026-04-07T13:58:14+01:00
nghttp2/nghttp2,gh/11452676,7.1,10,,10,2,1,10,10,10,10,9,10,10,0,0,10,8,0,10,,2026-05-03T23:29:00+01:00
nginx/nginx,gh/37912398,6.9,10,6,10,0,9,10,10,0,10,10,10,-1,3,0,10,8,0,10,,2026-04-06T12:36:10+01:00
nginx/njs,gh/43038779,7.0,10,6,10,0,10,10,10,0,10,10,10,-1,5,0,10,-1,0,10,,2026-04-07T12:56:46+01:00
nginx/unit,gh/102627638,5.5,10,6,10,0,8,10,10,10,10,10,0,-1,0,3,10,0,0,0,,2026-04-06T15:35:26+01:00
ngs-lang/ngs,gh/13143215,3.2,10,0,0,0,0,10,10,10,0,10,0,-1,0,0,0,-1,0,0,,2026-04-07T12:57:59+01:00
ngtcp2/nghttp3,gh/156868263,7.3,10,3,10,0,0,10,10,10,10,10,10,-1,0,0,10,8,10,10,,2026-04-07T17:58:46+01:00
ngtcp2/ngtcp2,gh/95347622,7.9,10,3,10,0,0,10,10,10,10,10,10,10,0,10,10,8,10,10,,2026-04-07T13:57:02+01:00
nicbarker/clay,gh/831578771,3.8,3,3,7,0,4,6,10,0,0,10,10,-1,0,0,0,0,0,10,,2026-04-06T12:38:55+01:00
nicholas3388/luanode,gh/53863000,2.6,10,0,0,0,0,3,-1,0,0,9,0,-1,-1,0,0,-1,-1,10,,2026-04-07T14:59:27+01:00
nicohood/hid,gh/20446682,3.5,10,0,0,0,3,6,-1,0,0,10,0,-1,-1,0,0,8,-1,10,,2026-04-06T19:47:36+01:00
nicolasff/webdis,gh/1184678,4.3,10,0,-1,0,0,10,10,0,0,10,5,-1,0,10,0,-1,0,10,,2026-04-06T18:51:11+01:00
nicolo-ribaudo/babel-preset-current-node-syntax,gh/253327079,3.3,10,0,-1,0,0,10,10,0,0,10,0,-1,0,0,0,-1,0,10,,2026-04-27T21:41:06+01:00
nigels-com/glew,gh/8870031,3.6,10,3,0,0,1,0,-1,0,0,9,10,-1,-1,0,0,0,-1,10,,2026-04-06T18:51:53+01:00
nightdive-studio/shockmac,gh/128263059,2.8,10,0,0,0,3,0,-1,0,0,10,0,-1,-1,0,0,-1,-1,10,,2026-04-07T13:55:37+01:00
nihui/realsr-ncnn-vulkan,gh/266992649,2.9,10,0,0,0,0,6,10,0,0,10,0,-1,0,0,0,0,0,10,,2026-04-07T15:57:03+01:00
nikhilm/uvbook,gh/4684226,2.2,10,0,0,0,1,0,-1,0,0,0,0,-1,-1,0,0,-1,-1,10,,2026-04-07T11:57:22+01:00
ninia/jep,gh/1380748,3.5,10,0,4,0,6,10,-1,0,0,9,2,-1,-1,0,0,0,-1,10,,2026-04-07T13:00:59+01:00
nixos/patchelf,gh/2928164,3.9,0,3,10,0,0,10,10,10,0,10,0,-1,0,0,9,0,0,10,,2026-04-06T16:36:31+01:00
nkolban/esp32-snippets,gh/72934777,3.2,8,0,0,0,5,10,-1,0,0,10,0,-1,-1,0,0,-1,-1,10,,2026-04-06T19:48:12+01:00
nlnetlabs/unbound,gh/94195301,5.9,10,,10,0,0,10,10,0,10,10,10,-1,0,0,10,-1,0,10,,2026-05-03T23:29:07+01:00
nmap/ncrack,gh/48400212,3.2,3,0,0,0,6,10,10,0,0,9,0,-1,0,7,0,0,0,10,,2026-04-07T15:57:11+01:00
nmap/nmap,gh/3671479,4.0,8,0,-1,0,0,10,10,0,0,9,10,-1,0,0,0,-1,0,10,,2026-04-06T15:38:02+01:00
nmap/npcap,gh/35855357,4.0,10,0,-1,0,0,10,-1,0,0,9,10,-1,-1,0,0,-1,-1,10,,2026-04-06T17:37:01+01:00
nmathewson/libevent_obsolete,gh/472495,2.9,10,0,-1,0,0,10,-1,0,0,9,0,-1,-1,0,0,-1,-1,10,,2026-04-07T14:55:39+01:00
node-fetch/fetch-blob,gh/186960326,4.4,10,3,-1,0,0,10,10,10,0,10,0,-1,0,0,0,-1,0,10,,2026-04-27T17:21:24+01:00
node-fetch/node-fetch,gh/29849956,5.3,10,6,0,0,3,10,10,10,0,10,0,-1,0,0,9,-1,0,10,,2026-04-27T15:53:39+01:00
nodeca/argparse,gh/4325614,3.5,10,0,0,0,1,10,10,0,0,9,0,-1,0,0,4,-1,0,10,,2026-04-27T21:41:13+01:00
nodeca/js-yaml,gh/2504175,4.2,10,0,0,0,1,10,10,0,10,10,2,-1,0,0,4,-1,0,10,,2026-04-27T15:07:56+01:00
nodeca/pako,gh/16231859,4.9,10,0,-1,0,0,10,10,0,10,10,0,-1,0,0,4,-1,10,10,,2026-04-27T21:41:30+01:00
nodejs/http-parser,gh/186749,4.7,10,0,0,0,4,10,-1,0,10,10,0,-1,-1,0,10,-1,-1,10,,2026-04-06T14:38:45+01:00
nodejs/node,gh/27193779,6.1,0,1,10,5,7,10,10,10,10,9,10,-1,7,7,10,-1,0,0,,2026-04-27T21:41:30+01:00
nodejs/readable-stream,gh/5187096,5.0,10,0,0,0,5,10,10,0,0,9,0,-1,0,0,10,-1,10,10,,2026-04-27T14:55:32+01:00
nodejs/string_decoder,gh/95052330,3.9,10,0,0,0,3,10,-1,0,0,9,0,-1,-1,0,10,-1,-1,10,,2026-04-27T15:05:32+01:00
nodejs/undici,gh/133092972,7.8,8,2,10,0,10,10,10,10,10,10,10,10,4,9,10,-1,0,10,,2026-04-27T14:54:06+01:00
nodelib/nodelib,gh/129310478,3.4,10,,0,0,0,6,10,0,0,10,0,-1,0,0,0,-1,0,10,,2026-05-03T23:29:18+01:00
noisebynorthwest/php-spx,gh/94931170,4.2,10,0,10,0,2,10,10,10,0,10,0,-1,0,0,0,0,0,10,,2026-04-06T19:47:16+01:00
nonstriater/learn-algorithms,gh/19453715,2.5,8,0,-1,0,0,3,-1,0,0,10,0,-1,-1,0,0,-1,-1,10,,2026-04-06T13:40:12+01:00
nothings/stb,gh/20159867,4.9,9,0,0,0,3,10,10,0,10,9,10,-1,0,0,3,-1,0,10,,2026-04-06T12:35:36+01:00
notro/fbtft,gh/7689597,3.4,10,0,0,0,0,0,10,0,0,0,0,-1,0,0,0,-1,9,10,,2026-04-07T10:56:53+01:00
novum/vkquake,gh/63755042,3.8,0,3,10,0,0,10,10,0,0,10,10,10,0,0,0,0,0,10,,2026-04-06T20:37:55+01:00
nowsecure/fsmon,gh/49590440,2.9,8,0,1,0,2,6,10,0,0,10,0,-1,0,0,0,0,0,10,,2026-04-07T18:03:56+01:00
npm/abbrev-js,gh/554893,6.7,10,,7,0,10,10,10,10,0,9,1,-1,0,9,10,-1,0,10,,2026-05-03T23:29:32+01:00
npm/cacache,gh/193812470,7.0,10,,7,0,10,10,10,10,0,9,5,-1,0,8,10,-1,0,10,,2026-05-03T23:29:38+01:00
npm/fs-minipass,gh/102982143,5.0,10,0,0,0,0,10,10,10,0,10,0,-1,0,7,10,-1,0,10,,2026-04-27T21:41:47+01:00
npm/hosted-git-info,gh/25002984,6.5,10,6,5,0,10,10,10,10,0,10,1,-1,0,8,10,-1,0,10,,2026-04-27T16:08:20+01:00
npm/ini,gh/2167680,6.4,10,,3,0,10,10,10,10,0,10,0,-1,0,7,10,-1,0,10,,2026-05-03T23:29:45+01:00
npm/json-parse-even-better-errors,gh/211384370,6.6,10,,6,0,10,10,10,10,0,9,1,-1,0,8,10,-1,0,10,,2026-05-03T23:29:52+01:00
npm/mute-stream,gh/5159166,6.5,10,,6,0,10,10,10,10,0,10,0,-1,0,8,10,-1,0,10,,2026-05-03T23:29:57+01:00
npm/node-semver,gh/1357199,6.7,10,6,6,0,10,10,10,10,0,10,3,-1,0,8,10,-1,0,10,,2026-04-27T14:53:55+01:00
npm/node-which,gh/2169708,6.5,10,6,4,0,10,10,10,10,0,10,1,-1,0,7,10,-1,0,10,,2026-04-27T15:06:12+01:00
npm/nopt,gh/1544436,6.4,10,,3,0,10,10,10,10,0,10,0,-1,0,7,10,-1,0,10,,2026-05-03T23:30:10+01:00
npm/normalize-package-data,gh/9301720,6.5,10,,5,0,10,10,10,10,0,9,0,-1,0,8,10,-1,0,10,,2026-05-03T23:30:15+01:00
npm/ssri,gh/193817839,6.4,10,,8,0,5,10,10,10,0,9,2,-1,0,9,10,-1,0,10,,2026-05-03T23:30:20+01:00
npm/unique-slug,gh/35246620,6.5,10,,6,0,10,10,10,10,0,10,0,-1,0,8,10,-1,0,10,,2026-05-03T23:30:25+01:00
npm/wrappy,gh/24208073,4.0,10,3,0,0,1,10,-1,0,0,10,0,-1,-1,0,10,-1,-1,10,,2026-04-27T14:56:31+01:00
npm/write-file-atomic,gh/23896209,6.7,10,,6,0,8,10,10,10,0,10,4,-1,0,8,10,-1,0,10,,2026-05-03T23:30:38+01:00
nrfconnect/sdk-nrf,gh/121516035,6.4,6,9,10,0,10,10,10,10,0,9,10,10,3,10,0,-1,0,0,,2026-04-07T15:01:13+01:00
nsf/termbox,gh/483770,3.5,10,0,0,0,6,10,-1,0,0,10,0,-1,-1,0,0,-1,-1,10,,2026-04-07T10:50:58+01:00
ntop/n2n,gh/71691212,4.3,10,0,0,0,4,10,10,10,0,10,3,-1,0,0,0,0,0,10,,2026-04-06T14:36:29+01:00
ntop/ndpi,gh/34194075,5.4,8,0,10,0,2,10,10,0,10,10,10,-1,0,10,0,-1,0,10,,2026-04-06T16:35:35+01:00
ntop/pf_ring,gh/35040096,3.9,0,0,-1,0,0,10,10,0,10,10,10,-1,0,0,0,-1,0,10,,2026-04-06T18:51:20+01:00
nuand/bladerf,gh/8283085,2.2,10,0,-1,0,0,10,-1,0,0,9,0,-1,0,0,0,0,-1,7,,2026-04-07T14:56:17+01:00
numpy/numpy,gh/908607,7.9,10,3,9,0,9,10,10,10,10,9,10,-1,3,9,9,0,10,10,,2026-04-27T14:54:40+01:00
nurupo/vlc-pause-click-plugin,gh/24564790,3.0,10,0,0,0,0,10,10,0,0,10,0,-1,0,0,0,0,0,10,,2026-04-07T16:01:32+01:00
nv/cssom,gh/1025209,3.0,10,0,-1,0,0,10,-1,0,0,10,0,-1,-1,0,0,-1,-1,10,,2026-04-27T21:42:47+01:00
nvidia/cuda-samples,gh/127023441,2.8,0,0,-1,0,0,6,-1,0,0,9,10,-1,-1,0,0,-1,-1,10,,2026-04-06T13:39:59+01:00
nvidia/libnvidia-container,gh/88311197,6.6,10,1,10,0,10,10,10,10,0,10,10,-1,0,0,10,-1,0,10,,2026-04-07T17:01:16+01:00
nvidia/open-gpu-doc,gh/178960356,2.8,10,0,-1,0,0,6,-1,0,0,10,0,-1,-1,0,0,-1,-1,10,,2026-04-07T14:55:51+01:00
nvidia/open-gpu-kernel-modules,gh/488002779,4.3,10,0,-1,0,0,6,-1,0,0,9,7,-1,-1,0,10,-1,-1,10,,2026-04-06T12:38:46+01:00
nvidia/q2rtx,gh/189627391,3.5,9,0,10,0,5,10,10,0,0,9,0,-1,0,0,0,0,0,10,,2026-04-07T14:58:25+01:00
nvim-telescope/telescope-fzf-native.nvim,gh/356381754,3.8,10,3,0,0,4,10,10,0,0,10,0,-1,0,0,0,-1,0,10,,2026-04-07T11:54:32+01:00
nvzqz/static-assertions-rs,gh/100129252,3.3,10,0,-1,0,0,10,10,0,0,10,0,-1,0,0,0,-1,0,10,,2026-04-27T16:05:42+01:00
nyanmisaka/ffmpeg-rockchip,gh/736404727,4.8,10,0,-1,0,0,10,-1,0,10,9,10,-1,-1,0,0,-1,-1,10,,2026-04-07T16:56:50+01:00
oauthlib/oauthlib,gh/2811323,6.9,10,6,8,0,8,10,10,0,10,10,10,10,0,7,10,-1,9,0,,2026-04-27T15:52:39+01:00
obdev/v-usb,gh/7033798,2.2,10,0,0,0,0,3,-1,0,0,0,0,-1,-1,0,0,-1,-1,10,,2026-04-07T15:01:01+01:00
obko/stm32-cmake,gh/3405324,4.1,10,0,1,0,10,10,10,0,0,10,0,-1,0,0,0,-1,0,10,,2026-04-07T14:55:38+01:00
oblitum/interception,gh/3001930,2.0,10,0,-1,0,0,0,-1,0,0,0,0,-1,-1,0,0,0,-1,10,,2026-04-07T11:00:15+01:00
obsproject/obs-studio,gh/13233158,5.6,9,3,8,0,7,10,10,0,0,10,10,-1,10,0,10,0,0,10,,2026-04-06T12:34:48+01:00
ocornut/imgui_club,gh/100580599,3.1,10,0,0,0,1,10,-1,0,0,10,1,-1,-1,0,0,-1,-1,10,,2026-04-07T16:57:15+01:00
octalmage/robotjs,gh/23515024,4.0,10,0,0,0,5,10,-1,10,0,10,10,-1,-1,0,0,0,-1,0,,2026-04-06T15:38:02+01:00
octokit/openapi-types.ts,gh/304109193,6.5,10,,10,0,7,10,10,10,0,10,4,10,3,9,9,-1,0,3,,2026-05-03T23:30:43+01:00
octokit/types.ts,gh/216109757,6.1,10,,7,0,10,10,10,10,0,10,0,10,3,9,9,-1,0,0,,2026-05-03T23:30:48+01:00
oetiker/rrdtool-1.x,gh/5761553,4.8,10,1,6,0,10,10,10,0,0,10,6,-1,0,8,0,0,0,10,,2026-04-07T16:59:54+01:00
olde-skuul/doom3do,gh/27351671,2.2,6,0,0,0,0,3,-1,0,0,10,0,-1,-1,0,0,-1,-1,10,,2026-04-07T16:00:01+01:00
olikraus/u8glib,gh/37884073,2.5,7,0,0,0,3,0,-1,0,0,9,0,-1,-1,0,0,-1,-1,10,,2026-04-07T14:59:39+01:00
omnirom/android_bootable_recovery,gh/13535801,1.5,0,0,-1,0,0,10,-1,0,0,0,0,-1,-1,0,0,-1,-1,10,,2026-04-07T10:48:45+01:00
onetrueawk/awk,gh/7287136,2.8,10,0,0,0,1,6,-1,0,0,9,0,-1,-1,0,0,-1,-1,10,,2026-04-06T20:37:41+01:00
oozcitak/xmlbuilder-js,gh/1042809,3.0,10,0,-1,0,0,10,-1,10,0,10,0,-1,-1,0,0,-1,-1,0,,2026-04-27T21:43:07+01:00
op-tee/optee_os,gh/20193261,5.0,10,3,10,0,7,10,-1,0,0,9,10,-1,0,0,0,-1,-1,10,,2026-04-07T10:58:50+01:00
open-mpi/ompi,gh/24107001,6.5,10,8,10,0,10,10,10,0,0,9,10,-1,0,0,0,-1,9,10,,2026-04-06T19:47:41+01:00
open-smartwatch/open-smartwatch-os,gh/290614151,3.1,10,6,0,0,10,10,0,0,0,10,0,-1,0,0,0,0,0,9,,2026-04-07T16:57:46+01:00
open-telemetry/opentelemetry-js,gh/185901023,7.2,10,4,10,0,10,10,10,10,0,10,10,-1,7,10,10,0,10,1,,2026-04-27T14:55:50+01:00
open-telemetry/opentelemetry-js-contrib,gh/255986659,7.5,10,4,10,0,8,10,10,10,0,10,10,-1,5,10,10,-1,10,0,,2026-04-27T21:43:22+01:00
open-telemetry/opentelemetry-python,gh/185478926,7.3,10,4,10,5,10,10,10,10,0,10,10,-1,0,7,10,-1,10,0,,2026-04-27T14:56:32+01:00
open-telemetry/opentelemetry-python-contrib,gh/220524743,7.5,10,,10,0,10,10,10,10,0,10,10,-1,0,7,10,-1,10,0,,2026-05-03T23:30:53+01:00
open62541/open62541,gh/15333809,6.7,10,3,10,0,5,10,10,10,10,10,10,-1,0,9,10,0,0,9,,2026-04-06T18:44:49+01:00
openai/retro,gh/120541397,1.5,9,0,0,0,2,6,-1,0,0,10,0,-1,0,0,0,0,-1,0,,2026-04-06T17:36:06+01:00
openboardview/openboardview,gh/59042239,4.0,10,1,10,0,1,10,10,0,0,9,4,10,0,0,0,0,0,10,,2026-04-07T11:56:49+01:00
openbsd/src,gh/66966208,2.8,7,0,-1,0,0,10,-1,0,10,0,10,-1,0,0,0,-1,-1,0,,2026-04-06T17:35:15+01:00
openclaw/openclaw,gh/1103012935,6.0,9,3,10,0,0,10,10,10,0,10,10,10,2,7,10,0,0,9,,2026-04-06T12:14:47+01:00
opencpn/opencpn,gh/498850,4.3,0,0,10,0,1,10,10,10,0,10,10,-1,0,0,10,0,0,7,,2026-04-07T13:59:17+01:00
openctp/openctp,gh/393442632,2.0,0,0,0,0,0,0,-1,0,0,10,5,-1,-1,0,0,-1,-1,10,,2026-04-06T19:36:57+01:00
opendriver2/redriver2,gh/309615063,2.8,8,6,0,0,0,10,-1,0,0,10,0,-1,0,0,0,0,-1,10,,2026-04-07T15:55:39+01:00
openenclave/openenclave,gh/101804230,5.2,10,3,6,2,10,10,10,10,0,10,0,-1,0,8,10,0,0,2,,2026-04-07T15:58:54+01:00
openepaperlink/openepaperlink,gh/573906622,3.2,0,0,2,0,2,10,10,0,0,9,10,-1,0,0,0,0,0,10,,2026-04-07T11:56:47+01:00
openethercatsociety/soem,gh/24089154,2.5,4,0,0,0,1,6,-1,0,0,9,7,-1,0,0,0,0,-1,10,,2026-04-07T10:58:45+01:00
openglredbook/examples,gh/63350813,2.2,10,0,-1,0,0,0,-1,0,0,0,0,-1,-1,0,0,-1,-1,10,,2026-04-07T15:03:08+01:00
openhmd/openhmd,gh/10067225,3.5,10,0,0,0,9,10,-1,0,0,10,0,-1,-1,0,0,0,-1,10,,2026-04-07T15:02:31+01:00
openidc/mod_auth_openidc,gh/18187508,4.5,10,0,-1,0,0,10,10,0,0,10,5,-1,0,10,10,0,0,10,,2026-04-07T17:00:39+01:00
openintelwireless/itlwm,gh/241659610,2.8,10,0,-1,0,0,0,10,0,0,10,0,-1,0,0,0,0,0,10,,2026-04-06T14:35:22+01:00
openipc/firmware,gh/357631421,3.3,0,3,3,0,0,10,10,0,0,10,10,-1,0,0,0,0,0,10,,2026-04-07T10:52:37+01:00
openmathlib/openblas,gh/1286805,4.6,10,1,10,0,0,10,10,0,0,10,10,-1,0,0,10,0,0,10,,2026-04-06T14:34:50+01:00
openocd-org/openocd,gh/1983660,3.7,0,0,-1,0,9,10,10,0,0,9,10,-1,0,0,0,0,0,10,,2026-04-07T10:48:29+01:00
openprinting/cups,gh/292664437,6.7,10,6,6,0,0,10,-1,10,10,10,10,-1,0,5,10,8,-1,4,,2026-04-07T12:57:03+01:00
openrazer/openrazer,gh/45838272,5.2,10,3,3,0,6,10,10,0,0,10,10,-1,0,0,0,0,9,10,,2026-04-06T16:36:07+01:00
openrc/openrc,gh/9421615,5.5,10,3,10,0,5,10,10,0,0,10,10,-1,0,10,0,-1,0,10,,2026-04-07T11:54:45+01:00
openresty/lua-nginx-module,gh/613829,4.9,10,6,10,0,4,10,10,0,0,0,10,-1,0,0,0,-1,0,10,,2026-04-06T13:35:31+01:00
openresty/luajit2,gh/14096125,4.6,10,6,0,0,1,10,-1,0,0,9,10,-1,-1,0,0,-1,-1,10,,2026-04-07T13:58:01+01:00
openresty/openresty,gh/480080,4.4,10,6,10,0,2,10,10,0,0,9,10,-1,0,0,0,0,0,8,,2026-04-06T12:41:16+01:00
opensc/opensc,gh/1999692,5.9,10,3,10,0,5,10,10,0,10,10,10,-1,0,10,10,0,0,7,,2026-04-06T18:50:43+01:00
openssh/openssh-portable,gh/15991457,5.4,10,3,-1,0,0,10,10,0,10,9,10,-1,0,0,9,-1,0,10,,2026-04-06T17:35:01+01:00
openssl/openssl,gh/7634677,7.1,10,6,-1,5,0,10,-1,10,10,10,10,-1,0,0,10,8,-1,10,,2026-04-06T12:36:12+01:00
opensuse/ca-certificates,gh/10785433,3.5,10,0,6,0,0,10,10,0,0,10,1,-1,0,0,0,-1,0,10,,2026-04-27T21:43:25+01:00
openucx/ucx,gh/25379390,5.2,10,8,9,0,9,10,10,0,0,9,10,-1,0,0,0,0,0,10,,2026-04-07T11:57:38+01:00
openvenues/libpostal,gh/31570906,3.9,10,0,7,0,3,10,10,10,0,10,0,-1,0,0,0,0,0,6,,2026-04-06T15:42:23+01:00
openvpn/openvpn,gh/4151993,6.4,10,3,-1,0,0,10,10,10,10,9,10,-1,8,0,0,8,0,10,,2026-04-06T12:41:22+01:00
openvswitch/ovs,gh/18383364,4.9,10,0,-1,5,0,10,10,0,10,10,10,-1,0,0,0,-1,0,10,,2026-04-06T16:37:46+01:00
openwrt/openwrt,gh/45821540,5.1,10,1,6,0,10,10,10,0,0,9,10,-1,0,0,0,-1,0,10,,2026-04-06T12:36:36+01:00
openzfs/zfs,gh/437011,6.2,10,8,10,0,7,10,10,0,0,9,10,-1,0,10,0,8,0,10,,2026-04-06T13:35:14+01:00
oracle/bpftune,gh/638533777,5.0,10,3,0,0,1,10,-1,0,0,9,10,-1,-1,0,10,-1,-1,10,,2026-04-07T10:59:42+01:00
orangeduck/cello,gh/5100623,3.6,10,0,0,0,9,6,-1,0,0,9,0,-1,-1,0,0,-1,-1,10,,2026-04-06T14:35:30+01:00
orangeduck/corange,gh/1697403,3.0,6,0,0,0,9,0,-1,0,0,9,0,-1,-1,0,0,-1,-1,10,,2026-04-07T10:53:29+01:00
orangeduck/mpc,gh/13122868,3.9,10,0,0,0,9,10,10,0,0,9,0,-1,0,0,0,-1,0,10,,2026-04-06T18:52:01+01:00
orangeduck/tgc,gh/56610280,2.6,10,0,0,0,1,0,-1,0,0,9,0,-1,-1,0,0,-1,-1,10,,2026-04-07T16:59:59+01:00
orioledb/orioledb,gh/432844875,4.5,9,1,-1,0,0,10,10,0,0,10,10,10,0,0,0,-1,0,10,,2026-04-06T16:37:23+01:00
orx/orx,gh/39714458,3.9,4,0,10,0,0,10,10,0,0,10,10,10,0,0,0,0,0,10,,2026-04-07T11:55:29+01:00
osgeo/grass,gh/187247007,7.9,10,3,10,0,10,10,10,10,0,9,10,10,7,10,10,0,10,10,,2026-04-07T16:59:46+01:00
osmc/osmc,gh/20389482,3.0,0,3,-1,0,0,10,-1,0,0,10,7,-1,-1,0,0,-1,-1,10,,2026-04-07T11:54:59+01:00
osqp/osqp,gh/69313892,5.2,10,1,10,0,8,10,10,10,0,10,0,-1,0,10,0,0,0,10,,2026-04-07T10:48:37+01:00
osqzss/gps-sdr-sim,gh/37436223,2.8,10,0,0,0,1,6,-1,0,0,10,0,-1,-1,0,0,-1,-1,10,,2026-04-06T17:37:50+01:00
ostreedev/ostree,gh/4614541,6.5,10,8,10,0,10,10,10,10,10,9,10,-1,1,0,0,0,0,9,,2026-04-07T11:57:27+01:00
outflanknl/c2-tool-collection,gh/484448668,1.9,10,0,-1,0,0,0,-1,0,0,0,0,-1,-1,0,0,-1,-1,7,,2026-04-07T13:58:55+01:00
outflanknl/dumpert,gh/192397590,2.2,10,0,-1,0,0,0,-1,0,0,0,0,-1,-1,0,0,-1,-1,10,,2026-04-07T12:55:59+01:00
overthewireorg/overthewire-website,gh/6631348,3.7,10,0,0,0,7,10,-1,0,0,10,1,-1,-1,0,0,-1,-1,10,,2026-04-07T16:55:50+01:00
owntracks/recorder,gh/40709337,3.8,10,0,5,0,1,10,-1,0,0,9,6,-1,-1,0,0,-1,-1,10,,2026-04-07T16:55:51+01:00
oxters168/pluvia,gh/868277149,3.6,0,3,8,0,10,10,10,0,0,10,3,-1,0,0,0,0,0,10,,2026-04-07T11:55:50+01:00
p-p-h-d/mlib,gh/82404078,4.4,10,0,-1,0,0,0,10,0,0,10,10,-1,0,10,0,-1,0,10,,2026-04-07T17:00:13+01:00
p11-glue/p11-kit,gh/12060420,6.5,10,,9,5,3,10,10,0,10,9,4,10,2,9,9,8,0,9,,2026-05-03T23:30:58+01:00
p2r3/bareiron,gh/1036356884,3.0,10,0,0,0,4,0,10,0,0,10,0,-1,0,0,0,0,0,10,,2026-04-06T16:36:37+01:00
p403n1x87/austin,gh/149680486,3.1,10,3,0,0,1,3,10,0,0,10,0,-1,0,0,0,0,0,10,,2026-04-06T20:37:43+01:00
pallets/click,gh/19103692,7.7,10,3,10,0,9,10,10,10,10,10,10,10,8,0,9,0,10,8,,2026-04-27T15:06:00+01:00
pallets/flask,gh/596892,6.9,10,3,10,0,0,10,10,10,10,10,10,10,8,0,9,6,10,0,,2026-04-27T16:08:49+01:00
pallets/itsdangerous,gh/1945034,5.6,10,3,8,0,0,10,10,10,10,10,1,-1,8,0,9,10,0,0,,2026-04-27T21:43:39+01:00
pallets/jinja,gh/994551,5.6,10,3,5,0,0,10,10,10,10,10,2,-1,8,0,9,10,0,0,,2026-04-27T15:08:06+01:00
pallets/markupsafe,gh/734244,5.8,10,3,10,0,1,10,10,10,10,10,0,10,9,0,9,8,0,0,,2026-04-27T14:55:44+01:00
pallets/werkzeug,gh/997338,6.7,10,3,10,0,0,10,10,10,0,10,10,10,8,0,9,0,10,10,,2026-04-27T16:06:04+01:00
panda-re/panda,gh/12330872,4.8,3,3,10,0,8,10,10,10,0,9,10,10,0,0,0,0,0,4,,2026-04-06T19:35:27+01:00
pandas-dev/pandas,gh/858127,7.4,10,3,10,0,10,10,-1,10,10,10,10,-1,-1,0,10,0,-1,10,,2026-04-27T15:07:43+01:00
pandax381/microps,gh/8213863,3.1,10,0,0,0,2,10,-1,0,0,10,0,-1,-1,0,0,-1,-1,10,,2026-04-07T15:02:42+01:00
pangweiwei/slua,gh/29187878,2.0,0,0,0,0,2,10,-1,0,0,10,0,-1,-1,0,0,-1,-1,10,,2026-04-07T13:57:31+01:00
paramiko/paramiko,gh/119609,4.6,10,,-1,0,0,10,-1,0,10,10,0,-1,0,0,10,-1,-1,10,,2026-05-03T23:31:12+01:00
patjak/facetimehd,gh/18079703,3.0,10,0,0,0,3,0,-1,0,0,10,2,-1,-1,0,0,-1,-1,10,,2026-04-07T13:01:00+01:00
paulmillr/chokidar,gh/4090287,4.6,10,3,5,0,3,10,10,0,0,10,2,-1,10,0,0,-1,0,10,,2026-04-27T16:07:23+01:00
paulmillr/readdirp,gh/4494405,3.5,10,0,0,0,0,10,10,0,0,10,0,-1,10,0,0,-1,0,6,,2026-04-27T15:08:05+01:00
pbatard/libwdi,gh/4975854,4.1,10,0,-1,0,0,6,10,0,0,10,8,-1,0,10,0,0,0,10,,2026-04-06T20:37:16+01:00
pbatard/rufus,gh/2810292,5.1,0,0,-1,0,0,10,-1,10,0,10,10,-1,-1,0,10,8,-1,10,,2026-04-06T12:35:19+01:00
pcre2project/pcre2,gh/398251321,8.6,10,3,10,0,4,10,10,10,10,9,10,-1,10,10,10,8,10,10,,2026-04-07T15:55:39+01:00
pelicanmapping/osgearth,gh/901277,4.6,4,0,10,0,0,10,10,0,10,10,10,10,0,0,0,-1,0,9,,2026-04-07T11:54:38+01:00
pellepl/spiffs,gh/11692821,3.9,10,0,0,0,8,10,-1,0,0,10,2,-1,-1,0,0,-1,-1,10,,2026-04-07T11:57:15+01:00
peng-zhihui/a-eye,gh/212382045,1.4,0,0,0,0,1,6,-1,0,0,0,0,-1,-1,0,0,-1,-1,10,,2026-04-07T15:57:15+01:00
peng-zhihui/ctrl-foc-lite,gh/393650279,2.2,10,0,-1,0,0,0,-1,0,0,0,0,-1,-1,0,0,-1,-1,10,,2026-04-07T15:03:22+01:00
peng-zhihui/dummy-robot,gh/414577657,1.1,0,0,0,0,0,0,-1,0,0,0,0,-1,-1,0,0,-1,-1,10,,2026-04-06T12:40:31+01:00
peng-zhihui/electronbot,gh/468685658,2.3,0,0,0,0,5,10,-1,0,0,10,0,-1,-1,0,0,-1,-1,10,,2026-04-06T13:39:01+01:00
peng-zhihui/esp32-picodk,gh/368728111,2.2,10,0,-1,0,0,0,-1,0,0,0,0,-1,-1,0,0,-1,-1,10,,2026-04-07T15:55:45+01:00
peng-zhihui/hdmi-pi,gh/305248398,1.1,0,0,-1,0,0,0,-1,0,0,0,0,-1,-1,0,0,-1,-1,10,,2026-04-06T14:41:16+01:00
peng-zhihui/helloword-keyboard,gh/519467582,2.1,4,0,0,0,2,0,-1,0,0,10,0,-1,-1,0,0,-1,-1,10,,2026-04-06T14:38:09+01:00
peng-zhihui/holocubic,gh/327491895,1.4,0,0,0,0,0,0,-1,0,0,10,0,-1,-1,0,0,-1,-1,10,,2026-04-06T14:37:40+01:00
peng-zhihui/l-ink_card,gh/273689548,1.4,0,0,-1,0,0,0,-1,0,0,10,0,-1,0,0,0,-1,-1,10,,2026-04-06T13:42:20+01:00
peng-zhihui/peak,gh/415492224,1.4,6,0,0,0,0,0,-1,0,10,0,0,-1,-1,0,0,-1,-1,0,,2026-04-07T10:59:11+01:00
perfare/zygisk-il2cppdumper,gh/277009364,2.9,9,0,0,0,0,0,10,0,0,10,0,-1,0,0,0,-1,0,10,,2026-04-06T18:42:14+01:00
performancecopilot/pcp,gh/23028937,6.2,9,3,10,5,0,10,10,10,10,9,10,10,0,10,0,0,0,10,,2026-04-07T17:59:15+01:00
perl/perl5,gh/8183570,6.1,10,3,10,0,3,10,10,0,0,9,10,-1,0,0,10,-1,10,10,,2026-04-27T21:43:56+01:00
pervognsen/bitwise,gh/124623080,2.6,10,0,-1,0,0,0,-1,0,0,9,0,-1,-1,0,0,-1,-1,10,,2026-04-06T15:36:50+01:00
pest-parser/pest,gh/56964647,5.9,10,,9,0,5,10,10,0,10,10,5,-1,0,0,10,-1,0,10,,2026-05-03T23:31:19+01:00
peternator7/strum,gh/80964373,5.6,10,3,8,0,4,10,10,10,0,10,10,-1,0,0,0,-1,0,10,,2026-04-27T21:43:57+01:00
petkaantonov/bluebird,gh/12670444,2.4,10,0,0,0,0,10,-1,10,0,10,0,-1,0,0,0,0,-1,0,,2026-04-27T21:44:03+01:00
pexpect/ptyprocess,gh/24727748,3.3,10,0,0,0,1,10,10,0,0,9,0,-1,0,0,0,-1,0,10,,2026-04-27T16:10:33+01:00
pganalyze/libpg_query,gh/40395126,5.9,10,5,10,0,10,10,10,0,10,10,8,-1,0,0,0,-1,0,10,,2026-04-07T13:56:23+01:00
pgaudit/pgaudit,gh/38329989,4.1,10,3,6,0,4,10,10,0,0,9,2,-1,0,0,0,-1,0,10,,2026-04-07T11:57:12+01:00
pgbackrest/pgbackrest,gh/14313288,5.2,10,3,10,0,1,10,10,0,0,9,10,-1,0,10,0,-1,0,10,,2026-04-06T17:35:27+01:00
pgbouncer/pgbouncer,gh/646423,3.6,10,3,0,0,6,10,-1,0,0,9,2,-1,-1,0,0,0,-1,10,,2026-04-06T16:37:36+01:00
pgvector/pgvector,gh/359952601,4.5,10,0,0,0,0,10,10,0,0,9,10,-1,0,0,9,-1,0,10,,2026-04-06T12:37:53+01:00
philipl/pifs,gh/3889947,2.7,10,0,0,0,0,6,-1,0,0,10,0,-1,-1,0,0,-1,-1,10,,2026-04-06T14:36:21+01:00
philippe44/airconnect,gh/99628750,2.3,10,0,0,0,1,0,-1,0,0,9,0,-1,-1,0,0,0,-1,10,,2026-04-06T16:37:13+01:00
philj56/tofi,gh/425324233,3.1,10,0,0,0,1,0,10,0,0,10,0,-1,0,0,0,-1,0,10,,2026-04-07T14:55:50+01:00
phoboslab/high_impact,gh/837892202,2.5,10,0,0,0,0,0,-1,0,0,10,0,-1,-1,0,0,-1,-1,10,,2026-04-07T16:56:45+01:00
phoboslab/wipeout-rewrite,gh/676941180,4.4,10,0,0,0,8,10,-1,0,0,0,10,-1,-1,0,0,-1,-1,10,,2026-04-06T18:51:34+01:00
php/php-src,gh/1903522,5.6,8,3,10,0,2,10,10,0,10,9,10,-1,0,0,10,-1,0,10,,2026-04-06T12:35:18+01:00
phpredis/phpredis,gh/1482997,5.2,10,0,9,0,5,10,-1,0,0,9,10,-1,-1,6,0,-1,-1,10,,2026-04-06T13:37:54+01:00
phra/pezor,gh/281637859,2.7,10,0,0,0,0,10,-1,0,0,10,0,-1,0,0,0,-1,-1,10,,2026-04-07T10:48:52+01:00
pi-hole/ftl,gh/80716356,7.0,10,8,10,0,10,10,10,10,0,9,10,-1,9,9,10,0,0,3,,2026-04-07T11:56:55+01:00
pico-coder/sigrok-pico,gh/456351764,2.6,10,0,0,0,1,0,-1,0,0,10,0,-1,-1,0,0,-1,-1,10,,2026-04-07T18:03:12+01:00
picolibc/picolibc,gh/185100624,5.7,10,1,10,0,4,10,10,10,0,9,10,10,0,8,0,0,0,10,,2026-04-07T12:59:13+01:00
pikvm/ustreamer,gh/148779989,3.9,10,0,5,0,2,6,-1,0,0,10,10,-1,0,0,0,-1,-1,10,,2026-04-07T10:53:12+01:00
pili-engineering/plcamerastreamingkit,gh/28956322,2.7,8,0,0,0,3,3,-1,0,0,10,0,-1,-1,0,0,-1,-1,10,,2026-04-07T18:00:49+01:00
pillarjs/encodeurl,gh/60721766,6.4,10,0,8,0,1,10,10,10,0,10,0,-1,4,9,9,-1,10,10,,2026-04-27T21:44:22+01:00
pillarjs/finalhandler,gh/20547377,7.5,10,0,10,0,8,10,10,10,0,10,5,-1,6,10,9,-1,10,10,,2026-04-27T21:44:23+01:00
pillarjs/iconv-lite,gh/2743221,6.8,10,4,9,0,5,10,10,10,0,10,0,-1,0,9,9,-1,10,10,,2026-04-27T15:06:23+01:00
pillarjs/parseurl,gh/17533192,6.3,10,0,10,0,0,10,10,10,0,10,0,-1,2,10,9,-1,10,10,,2026-04-27T21:44:25+01:00
pillarjs/path-to-regexp,gh/5265803,7.6,10,1,10,0,5,10,10,10,0,10,10,-1,3,10,9,-1,10,10,,2026-04-27T21:44:27+01:00
pillarjs/send,gh/4879977,7.2,10,0,10,0,6,10,10,10,0,10,5,-1,3,9,9,-1,10,10,,2026-04-27T21:44:35+01:00
pimoroni/pimoroni-pico,gh/329933755,4.3,10,1,10,0,3,10,10,0,0,10,10,-1,0,0,0,0,0,10,,2026-04-07T12:57:44+01:00
pinauten/fugu15,gh/559943572,2.0,5,0,-1,0,0,6,-1,0,0,10,0,-1,-1,0,0,0,-1,10,,2026-04-07T16:55:40+01:00
pingostack/pingos,gh/215240897,2.3,9,0,-1,0,0,0,-1,0,0,10,0,-1,0,0,0,-1,-1,10,,2026-04-07T18:02:54+01:00
pipelinedb/pipelinedb,gh/14702444,2.6,10,0,0,0,0,10,-1,0,0,10,0,-1,-1,0,0,0,-1,10,,2026-04-06T19:42:18+01:00
pipewire/pipewire,gh/92733703,4.0,10,0,-1,0,0,10,-1,0,0,9,10,-1,-1,0,0,-1,-1,10,,2026-04-07T10:49:32+01:00
piscisaureus/wepoll,gh/5547802,2.9,10,0,-1,0,0,10,-1,0,0,9,0,-1,-1,0,0,-1,-1,10,,2026-04-07T17:00:00+01:00
pithikos/c-thread-pool,gh/2715110,4.1,10,6,0,0,4,10,10,0,0,10,0,-1,0,0,0,-1,0,10,,2026-04-06T20:35:25+01:00
pjreddie/darknet,gh/18666758,2.6,10,0,0,0,0,3,-1,0,0,9,0,-1,-1,0,0,-1,-1,10,,2026-04-06T12:36:34+01:00
pjsip/pjproject,gh/50272879,6.9,8,6,10,0,9,10,10,10,10,10,10,-1,0,9,10,-1,0,0,,2026-04-06T19:47:21+01:00
pkgconf/pkgconf,gh/4180110,5.0,10,0,10,0,2,10,10,0,10,9,10,-1,0,0,0,-1,0,10,,2026-04-27T21:44:37+01:00
planck-repl/planck,gh/39191344,3.5,9,3,0,0,1,10,10,0,0,10,0,-1,0,0,0,-1,0,10,,2026-04-07T18:00:14+01:00
plasma-umass/coz,gh/14625168,4.2,10,0,10,0,3,10,10,0,0,9,10,-1,0,0,0,0,0,10,,2026-04-06T16:35:01+01:00
plctlab/riscv-operating-system-mooc,gh/350201349,2.5,10,0,0,0,0,0,-1,0,0,10,0,-1,-1,0,0,-1,-1,10,,2026-04-07T16:58:15+01:00
pmacct/pmacct,gh/47927525,5.0,10,2,10,0,3,10,10,10,0,9,10,-1,0,0,0,0,0,9,,2026-04-07T15:57:18+01:00
pmem/pmdk,gh/23637153,6.1,10,5,-1,0,0,10,10,0,0,9,0,-1,6,10,10,8,9,10,,2026-04-07T13:58:24+01:00
pmret/papermario,gh/287151133,5.1,10,3,7,0,8,10,10,10,0,0,3,-1,0,0,0,-1,0,10,,2026-04-07T12:57:20+01:00
pmwkaa/sophia,gh/12843155,2.6,10,0,0,0,1,0,-1,0,0,9,0,-1,-1,0,0,-1,-1,10,,2026-04-07T10:57:14+01:00
pnggroup/libpng,gh/3768025,4.7,10,0,-1,0,0,10,10,0,10,9,10,-1,0,0,0,-1,0,10,,2026-04-27T21:44:44+01:00
pocketpy/pocketpy,gh/562353733,4.0,10,0,4,0,2,10,10,0,0,10,10,-1,0,0,0,0,0,10,,2026-04-07T10:50:30+01:00
pocl/pocl,gh/12292999,8.7,10,6,10,5,10,10,10,10,0,9,10,-1,8,10,10,6,10,10,,2026-04-07T17:58:59+01:00
polhenarejos/pico-fido,gh/531127925,4.2,10,0,-1,0,0,3,10,0,0,10,10,-1,0,10,0,0,0,10,,2026-04-07T17:00:45+01:00
positive-security/send-my,gh/366715028,2.3,10,0,0,0,2,0,-1,0,0,10,0,-1,0,0,0,0,-1,10,,2026-04-07T10:57:27+01:00
postcss/postcss,gh/13078968,6.8,10,3,10,0,0,10,10,10,0,10,10,-1,10,7,10,-1,0,10,,2026-04-27T21:44:56+01:00
postcss/postcss-selector-parser,gh/36500102,3.9,10,0,1,0,6,10,10,10,0,10,0,-1,3,0,0,-1,0,0,,2026-04-27T15:05:16+01:00
posva/catimg,gh/10304181,4.0,10,0,0,0,4,10,-1,0,0,10,7,-1,-1,0,0,-1,-1,10,,2026-04-07T12:57:21+01:00
pq-crystals/kyber,gh/93712960,2.8,10,0,0,0,0,10,-1,0,0,9,0,-1,-1,0,0,-1,-1,10,,2026-04-07T16:00:37+01:00
praat/praat.github.io,gh/18684635,2.5,0,0,0,0,4,10,-1,0,0,0,10,-1,0,0,0,0,-1,10,,2026-04-07T10:57:36+01:00
premake/premake-core,gh/32634405,5.8,10,8,10,0,10,10,10,10,10,10,10,-1,0,0,0,0,0,0,,2026-04-06T17:36:06+01:00
pret/pokeemerald,gh/43677244,4.9,10,3,10,0,8,10,10,0,0,0,10,-1,0,0,0,-1,0,10,,2026-04-06T18:50:15+01:00
prettier/prettier,gh/75104123,6.5,10,,9,0,2,10,10,10,0,10,10,-1,8,9,10,-1,0,1,,2026-05-03T23:31:25+01:00
priesiamioshirakana/dragonianvoice,gh/521793682,1.8,4,0,0,0,0,3,-1,0,0,10,0,-1,-1,0,0,0,-1,10,,2026-04-07T16:56:34+01:00
primus/eventemitter3,gh/13100677,3.4,10,0,5,0,0,10,10,0,0,10,0,-1,0,0,0,-1,0,10,,2026-04-27T21:45:01+01:00
probablycorey/wax,gh/238539,2.6,8,0,0,0,0,10,-1,0,0,10,0,-1,-1,0,0,-1,-1,10,,2026-04-07T10:51:41+01:00
profanity-im/profanity,gh/3330745,4.7,10,1,10,0,0,10,-1,0,0,9,10,-1,-1,2,10,0,-1,10,,2026-04-07T13:00:29+01:00
profi200/open_agb_firm,gh/256044470,3.0,10,1,0,0,2,3,10,0,0,10,0,-1,0,0,0,0,0,10,,2026-04-07T15:57:14+01:00
projectacrn/acrn-hypervisor,gh/123983554,3.2,10,3,6,0,6,3,-1,10,0,10,0,-1,0,0,0,0,-1,0,,2026-04-07T15:02:51+01:00
projectne10/ne10,gh/2970665,3.4,10,0,0,0,5,10,-1,0,0,9,0,-1,-1,0,0,-1,-1,10,,2026-04-07T12:57:36+01:00
proptest-rs/proptest,gh/94702898,6.0,10,1,10,0,10,10,10,10,0,10,10,-1,0,0,0,-1,0,10,,2026-04-27T16:10:42+01:00
protocolbuffers/upb,gh/196334,3.8,10,6,0,0,7,10,-1,0,0,0,0,-1,-1,0,0,-1,-1,9,,2026-04-07T12:57:44+01:00
proxmark/proxmark3,gh/17812037,3.1,10,0,0,0,2,10,-1,0,0,10,0,-1,-1,0,0,-1,-1,10,,2026-04-06T17:36:48+01:00
ps2dev/ps2sdk,gh/891947,5.4,10,3,10,0,8,10,10,0,0,9,10,10,0,0,0,-1,0,10,,2026-04-07T16:55:44+01:00
pschatzmann/arduino-audio-tools,gh/362356367,4.5,10,3,0,0,3,10,10,0,0,10,10,-1,0,0,0,-1,0,10,,2026-04-06T20:36:58+01:00
psf/requests,gh/1362490,8.4,10,,10,0,5,10,10,10,10,10,10,10,6,10,10,0,10,10,,2026-05-03T23:31:31+01:00
psp-archive/ark-4,gh/328409372,2.0,0,0,0,0,0,10,10,0,0,0,10,-1,0,0,0,0,0,0,,2026-04-07T11:57:31+01:00
pspdev/pspsdk,gh/1255327,5.8,10,6,10,0,10,10,10,0,0,9,10,10,0,0,0,-1,0,10,,2026-04-07T16:58:51+01:00
psycopg/psycopg2,gh/7730829,4.9,10,0,7,0,1,10,10,10,10,9,6,-1,0,0,0,-1,0,5,,2026-04-06T17:35:51+01:00
ptt/pttbbs,gh/25675279,4.1,10,0,-1,0,0,10,-1,0,0,10,10,-1,-1,0,0,-1,-1,10,,2026-04-07T16:00:36+01:00
public-apis/public-apis,gh/54346799,3.1,10,0,0,0,1,10,-1,10,0,10,1,-1,-1,0,0,-1,-1,0,,2026-04-06T12:14:28+01:00
pufferai/pufferlib,gh/537666394,3.8,10,0,0,0,1,10,10,0,0,10,10,-1,0,0,0,0,0,10,,2026-04-06T15:37:20+01:00
pulp-platform/pulpino,gh/52028096,3.1,10,3,0,0,0,10,-1,0,0,9,0,-1,-1,0,0,-1,-1,10,,2026-04-07T18:03:13+01:00
pure-data/pure-data,gh/23065862,4.8,8,3,10,0,4,10,-1,0,0,9,10,-1,-1,0,0,-1,-1,10,,2026-04-07T10:53:19+01:00
pvorb/node-clone,gh/2317381,3.5,10,0,0,0,1,10,10,0,0,10,0,-1,3,0,0,-1,0,10,,2026-04-27T21:45:20+01:00
pwmt/zathura,gh/14088804,4.9,10,0,0,0,0,10,10,10,0,10,10,-1,0,0,0,-1,0,10,,2026-04-06T18:49:02+01:00
pwn20wndstuff/undecimus,gh/147667687,1.5,0,0,-1,0,0,6,-1,0,0,10,0,-1,-1,0,0,0,-1,10,,2026-04-06T14:37:40+01:00
py4j/py4j,gh/1045976,3.4,9,0,0,5,2,10,10,0,0,9,0,-1,0,0,0,-1,0,9,,2026-04-27T21:45:30+01:00
pyasn1/pyasn1,gh/512723255,6.3,10,8,3,0,5,10,10,0,0,10,4,10,0,0,10,-1,10,10,,2026-04-27T14:55:10+01:00
pyasn1/pyasn1-modules,gh/512723354,5.4,10,8,1,0,1,10,10,0,10,10,0,-1,0,0,0,-1,10,10,,2026-04-27T15:06:42+01:00
pyca/bcrypt,gh/9993757,6.8,10,,10,0,10,10,10,10,0,10,10,10,3,0,0,-1,0,10,,2026-05-03T23:31:42+01:00
pyca/cryptography,gh/11939484,8.4,10,8,10,0,10,10,10,10,10,9,10,-1,6,0,10,-1,9,6,,2026-04-27T14:55:12+01:00
pyca/pynacl,gh/8350032,7.8,10,6,10,0,10,10,10,10,10,10,9,10,0,0,0,-1,10,10,,2026-04-07T15:58:50+01:00
pyca/pyopenssl,gh/15778059,6.8,10,,10,0,10,10,10,10,0,10,10,10,2,0,0,-1,0,10,,2026-05-03T23:31:43+01:00
pydantic/pydantic,gh/90194616,6.8,10,4,10,0,10,10,10,10,10,10,10,10,8,0,10,0,0,3,,2026-04-27T15:07:55+01:00
pydantic/pydantic-core,gh/477896448,4.6,10,1,10,0,6,10,10,10,0,10,0,-1,0,0,10,0,0,4,,2026-04-27T16:07:05+01:00
pydantic/typing-inspection,gh/930576948,3.7,10,3,7,0,0,10,10,0,0,10,0,10,0,0,10,-1,0,0,,2026-04-27T21:45:46+01:00
pygame-community/pygame-ce,gh/599520499,5.5,10,2,10,0,8,10,-1,10,0,0,10,-1,-1,0,0,0,-1,10,,2026-04-07T13:56:01+01:00
pygments/pygments,gh/205564111,6.1,10,0,8,0,6,10,10,0,10,10,10,-1,0,0,0,-1,10,10,,2026-04-27T15:06:57+01:00
pypa/distlib,gh/436970140,3.5,0,0,4,0,1,10,10,0,10,9,0,-1,0,0,0,8,0,10,,2026-04-27T21:45:53+01:00
pypa/packaging,gh/19837758,8.5,4,3,10,0,8,10,10,10,10,9,10,10,10,10,9,-1,10,10,,2026-04-27T14:53:45+01:00
pypa/pip,gh/1446467,7.5,0,3,10,2,8,10,10,10,10,10,10,10,4,0,9,-1,10,10,,2026-04-27T15:07:24+01:00
pypa/setuptools,gh/54980593,5.8,2,0,10,0,3,10,10,10,10,10,10,-1,0,0,10,-1,0,10,,2026-04-27T14:56:18+01:00
pypa/virtualenv,gh/1446474,6.6,5,0,9,0,5,10,10,10,0,10,10,10,10,3,10,0,8,10,,2026-04-27T16:09:41+01:00
pypa/wheel,gh/98346885,5.5,10,0,10,0,4,10,10,0,10,10,10,10,0,2,0,-1,0,10,,2026-04-27T15:07:16+01:00
pyparsing/pyparsing,gh/91262163,5.3,10,,3,0,1,10,10,0,10,10,10,-1,0,0,10,0,0,10,,2026-05-03T23:31:52+01:00
pytest-dev/iniconfig,gh/66012563,4.4,10,3,10,0,2,10,10,0,10,10,2,10,0,0,0,0,0,8,,2026-04-27T15:53:33+01:00
pytest-dev/pluggy,gh/34739117,5.9,10,3,10,0,3,10,10,10,0,10,10,10,0,0,9,-1,0,5,,2026-04-27T21:46:09+01:00
pytest-dev/pytest,gh/37489525,6.7,10,4,10,0,8,10,10,10,0,10,10,10,4,0,0,0,9,10,,2026-04-27T14:56:07+01:00
python-attrs/attrs,gh/29918975,9.1,10,,10,5,3,10,10,10,10,10,10,10,10,10,10,-1,10,8,,2026-05-03T23:32:04+01:00
python-cffi/cffi,gh/696427398,5.2,9,3,9,0,10,10,10,0,0,9,10,-1,0,0,0,-1,0,10,,2026-04-27T14:52:37+01:00
python-greenlet/greenlet,gh/3003137,5.9,10,0,10,0,0,10,10,10,0,9,10,10,0,10,0,-1,0,10,,2026-04-27T16:05:19+01:00
python-hyper/brotlicffi,gh/43543393,5.4,10,,4,0,6,10,10,0,0,10,4,10,0,0,10,-1,0,10,,2026-05-03T23:32:08+01:00
python-hyper/h11,gh/57372073,4.4,10,,1,0,5,10,10,0,10,10,0,-1,0,0,0,-1,0,8,,2026-05-03T23:32:13+01:00
python-jsonschema/jsonschema,gh/3072629,7.5,10,3,10,0,0,10,10,10,10,10,10,10,8,10,10,0,9,8,,2026-04-27T16:06:36+01:00
python-jsonschema/referencing,gh/569027868,7.0,10,3,10,0,0,10,10,10,0,10,10,10,10,10,4,0,10,9,,2026-04-27T15:53:15+01:00
python-pillow/pillow,gh/5171600,8.6,10,3,10,0,10,10,10,10,10,9,10,10,3,6,10,-1,10,10,,2026-04-27T16:08:54+01:00
python-poetry/poetry,gh/123303402,3.6,0,,10,0,4,10,0,10,0,10,10,10,10,0,0,0,0,0,,2026-05-03T23:32:18+01:00
python-poetry/tomlkit,gh/140365570,4.4,10,0,10,0,2,10,10,10,0,10,10,-1,0,0,0,0,0,3,,2026-04-27T21:46:36+01:00
python-trio/sniffio,gh/142657210,4.7,10,,2,0,8,10,10,0,0,9,5,-1,0,0,0,-1,0,10,,2026-05-03T23:32:24+01:00
python/importlib_metadata,gh/306448340,5.7,8,0,6,0,0,10,10,0,10,0,10,-1,0,0,10,-1,10,10,,2026-04-27T14:55:53+01:00
python/importlib_resources,gh/306147182,5.3,10,0,5,0,0,10,10,0,0,0,10,-1,0,0,10,-1,10,10,,2026-04-27T21:46:45+01:00
python/mypy,gh/7053637,6.9,10,3,10,0,9,10,10,10,0,9,10,-1,0,0,10,-1,10,4,,2026-04-27T16:09:26+01:00
python/typeshed,gh/31696383,6.5,10,3,10,0,8,10,10,10,0,9,10,-1,0,0,10,-1,0,10,,2026-04-27T21:47:01+01:00
python/typing,gh/24604008,7.8,10,,10,0,9,10,10,10,0,9,10,-1,0,0,10,-1,10,10,,2026-05-03T23:32:32+01:00
python/typing_extensions,gh/494077289,8.4,10,6,10,0,10,10,10,10,10,9,8,10,4,0,10,-1,10,10,,2026-04-27T14:52:37+01:00
python/tzdata,gh/242158882,7.4,10,3,8,0,7,10,10,10,0,9,10,10,3,0,10,-1,9,10,,2026-04-27T15:05:50+01:00
pytorch/qnnpack,gh/154208543,2.9,10,3,0,0,1,0,-1,0,0,9,0,-1,-1,0,0,-1,-1,10,,2026-04-07T12:56:43+01:00
qemu/qemu,gh/5383731,3.9,0,0,-1,0,0,10,10,0,10,9,10,-1,0,0,0,-1,10,0,,2026-04-06T15:38:02+01:00
qihoo360/phptrace,gh/28617562,3.1,10,0,0,0,2,10,-1,0,0,10,0,-1,-1,0,0,-1,-1,10,,2026-04-07T11:55:50+01:00
qix-/color-convert,gh/1874305,3.7,10,3,2,0,2,10,10,0,0,10,0,-1,0,0,0,-1,0,10,,2026-04-27T14:56:46+01:00
qix-/node-error-ex,gh/41388258,3.0,10,0,0,0,1,10,-1,0,0,10,0,-1,-1,0,0,-1,-1,10,,2026-04-27T21:47:07+01:00
qix-/node-is-arrayish,gh/41376759,2.9,10,0,0,0,0,10,-1,0,0,10,0,-1,-1,0,0,-1,-1,10,,2026-04-27T21:47:15+01:00
qmk/qmk_firmware,gh/27737393,6.6,10,3,10,0,9,10,10,10,0,10,10,-1,0,0,10,-1,0,9,,2026-04-06T12:37:53+01:00
qt/qt5,gh/9880318,3.7,9,0,-1,0,0,10,-1,0,0,10,10,-1,0,0,0,-1,-1,10,,2026-04-27T21:47:18+01:00
quantumleaps/modern-embedded-programming-course,gh/292085252,2.4,5,0,-1,0,0,3,-1,0,0,10,2,-1,-1,0,0,-1,-1,10,,2026-04-07T15:01:02+01:00
quickjs-zh/quickjs,gh/196581189,2.7,10,0,0,0,2,0,-1,0,0,9,0,-1,-1,0,0,-1,-1,10,,2026-04-06T17:36:47+01:00
quiet/org.quietmodem.quiet,gh/71560427,1.5,0,0,0,0,0,3,-1,0,0,9,0,-1,-1,0,0,-1,-1,10,,2026-04-07T13:56:44+01:00
r4j0x00/exploits,gh/290568155,2.9,9,0,-1,0,0,10,-1,0,0,10,0,-1,-1,0,0,-1,-1,10,,2026-04-06T19:48:03+01:00
radareorg/radare2,gh/4869294,6.2,10,0,10,0,1,10,10,10,10,9,10,-1,0,7,10,0,0,10,,2026-04-06T12:37:00+01:00
radix-ui/primitives,gh/273499522,4.2,10,8,8,0,1,10,10,10,0,10,0,-1,0,0,0,-1,0,0,,2026-04-27T14:54:46+01:00
rainmeter/rainmeter,gh/3887375,3.8,6,3,10,0,0,10,10,0,0,10,7,-1,1,0,0,0,0,10,,2026-04-06T14:43:45+01:00
rakashazi/emu-ex-plus-alpha,gh/16972520,2.5,0,0,-1,0,0,0,10,0,0,10,5,-1,2,0,0,0,0,10,,2026-04-07T17:00:58+01:00
ralim/ironos,gh/68082730,6.3,7,8,10,0,7,10,10,10,10,10,10,-1,0,0,4,0,0,10,,2026-04-06T13:41:24+01:00
rapid7/metasploit-payloads,gh/18418533,5.8,2,0,10,0,5,10,10,10,0,9,10,-1,0,0,9,-1,10,5,,2026-04-07T10:51:46+01:00
raspberrypi/debugprobe,gh/315362480,3.1,10,3,0,0,2,3,-1,0,0,9,3,-1,-1,0,0,0,-1,10,,2026-04-07T16:58:21+01:00
raspberrypi/pico-examples,gh/331381105,4.6,10,6,9,0,8,10,10,0,0,10,0,-1,0,0,0,-1,0,10,,2026-04-06T17:34:54+01:00
raspberrypi/tools,gh/3329740,1.8,0,0,0,0,3,10,-1,0,0,0,0,-1,-1,0,0,-1,-1,10,,2026-04-07T10:56:11+01:00
raspberrypi/usbboot,gh/69877175,4.0,5,3,8,0,4,10,10,0,0,10,9,-1,0,0,0,0,0,10,,2026-04-07T15:03:46+01:00
raspberrypi/userland,gh/6367886,3.1,10,0,0,0,2,10,-1,0,0,10,0,-1,-1,0,0,-1,-1,10,,2026-04-07T10:49:00+01:00
raszi/node-tmp,gh/2313213,3.9,10,,1,0,2,10,10,10,0,10,0,-1,3,0,0,-1,0,0,,2026-05-03T23:32:37+01:00
rauc/rauc,gh/35332768,6.8,10,1,10,5,7,10,10,0,10,10,10,-1,0,10,10,8,0,10,,2026-04-07T16:56:57+01:00
ravachol/kew,gh/641756237,4.7,10,3,-1,0,0,3,10,0,0,10,10,-1,0,0,9,-1,0,10,,2026-04-06T19:47:42+01:00
ravenproject/ravencoin,gh/96713114,3.8,10,0,0,0,10,10,10,0,0,10,0,-1,0,0,0,1,0,10,,2026-04-07T16:56:45+01:00
raynos/for-each,gh/6006855,3.8,10,0,-1,0,0,10,10,0,0,10,0,-1,0,0,9,-1,0,10,,2026-04-27T21:47:32+01:00
raynos/function-bind,gh/10727014,4.6,10,0,0,0,1,10,10,0,0,10,0,-1,0,0,9,-1,10,10,,2026-04-27T14:53:58+01:00
raynos/xtend,gh/4419184,3.3,10,0,0,0,4,10,-1,0,0,10,0,-1,-1,0,0,-1,-1,10,,2026-04-27T21:47:32+01:00
rayon-rs/either,gh/42479602,4.2,10,,3,0,7,10,10,0,0,10,0,-1,0,0,0,-1,0,10,,2026-05-03T23:32:42+01:00
rayon-rs/rayon,gh/24725038,5.5,10,3,10,0,1,10,10,10,0,10,10,-1,0,0,0,-1,0,10,,2026-04-27T14:56:47+01:00
raysan5/raygui,gh/61231339,4.1,10,0,0,0,2,10,-1,0,0,10,10,-1,-1,0,0,-1,-1,10,,2026-04-06T15:42:25+01:00
raysan5/raylib,gh/13836499,4.6,9,0,6,0,2,10,10,0,0,10,10,-1,0,8,4,0,0,10,,2026-04-06T12:35:52+01:00
rbaron/b-parasite,gh/337864647,3.7,10,0,1,0,8,10,10,0,0,0,1,-1,0,0,0,-1,0,10,,2026-04-06T20:35:09+01:00
rbsec/sslscan,gh/9476542,3.5,10,0,0,0,4,10,10,0,0,10,3,-1,0,0,0,0,0,10,,2026-04-06T19:46:50+01:00
rdesktop/rdesktop,gh/38628224,2.5,8,0,0,0,1,10,-1,0,0,10,0,-1,-1,0,0,0,-1,10,,2026-04-07T13:59:15+01:00
reactivex/rxjs,gh/32247847,5.3,10,,0,0,4,10,10,10,0,10,0,-1,0,0,10,-1,9,0,,2026-05-03T23:32:48+01:00
reactos/reactos,gh/105627846,2.8,0,0,10,0,4,10,10,0,0,10,10,-1,0,0,0,0,0,0,,2026-04-06T12:38:33+01:00
realpython/pytest-mypy,gh/69576530,3.7,10,3,7,0,0,10,10,0,0,10,0,-1,0,0,0,-1,0,10,,2026-04-27T21:47:48+01:00
recp/cglm,gh/67952038,5.2,10,6,8,0,7,10,10,0,0,10,7,-1,0,2,0,-1,0,10,,2026-04-06T18:51:45+01:00
red-data-tools/pycall.rb,gh/70075851,4.5,10,0,4,0,4,10,10,10,0,10,0,-1,0,0,0,-1,0,10,,2026-04-07T16:57:06+01:00
redbeardlab/redisql,gh/74375185,2.0,9,0,0,0,0,3,10,0,0,9,0,-1,0,0,0,0,0,0,,2026-04-07T12:56:43+01:00
redcanaryco/atomic-red-team,gh/106586124,4.6,0,1,10,0,5,10,10,10,0,10,10,-1,0,0,0,-1,0,8,,2026-04-06T13:35:46+01:00
redis/hiredis,gh/673267,4.7,10,1,5,0,8,10,10,0,10,10,1,-1,0,0,0,-1,0,10,,2026-04-06T14:37:05+01:00
redisgraph/redisgraph,gh/84458512,3.2,10,8,0,0,2,10,0,0,0,9,0,-1,0,7,0,-1,0,9,,2026-04-07T10:49:40+01:00
redislabs/redis-cluster-proxy,gh/178462204,2.9,10,0,0,0,2,10,-1,0,0,10,0,-1,-1,0,0,-1,-1,8,,2026-04-07T17:59:02+01:00
remix-run/react-router,gh/19872456,5.4,10,,10,0,1,10,10,10,0,10,10,-1,0,0,10,-1,0,0,,2026-05-03T23:32:56+01:00
remusao/tldts,gh/97631656,4.6,10,3,10,0,0,10,10,10,0,10,10,-1,0,0,0,-1,0,0,,2026-04-27T15:52:59+01:00
remzi-arpacidusseau/ostep-code,gh/122993186,2.2,10,0,0,0,0,3,-1,0,0,0,0,-1,-1,0,0,-1,-1,10,,2026-04-06T16:36:34+01:00
remzi-arpacidusseau/ostep-projects,gh/117704656,2.3,10,0,-1,0,0,3,-1,0,0,0,0,-1,-1,0,0,-1,-1,10,,2026-04-06T15:35:03+01:00
reorg/pg_repack,gh/6633165,4.5,10,0,5,0,7,10,10,0,0,10,7,-1,0,0,0,-1,0,10,,2026-04-06T20:37:13+01:00
requests/requests-oauthlib,gh/6825724,4.2,10,,1,0,4,10,10,0,0,10,0,-1,0,0,10,-1,0,7,,2026-05-03T23:33:06+01:00
requests/toolbelt,gh/15515181,4.4,10,0,-1,0,0,10,10,0,10,9,0,-1,0,0,9,-1,0,10,,2026-04-27T21:48:01+01:00
research-virus/stuxnet,gh/36461547,2.2,10,0,-1,0,0,0,-1,0,0,0,0,-1,-1,0,0,-1,-1,10,,2026-04-07T15:58:30+01:00
retep998/winapi-rs,gh/23853482,2.7,0,3,0,0,0,10,10,0,0,10,0,-1,0,0,0,-1,0,10,,2026-04-27T16:10:10+01:00
retroplasma/earth-reverse-engineering,gh/165353666,2.2,10,0,0,0,0,3,-1,0,0,0,0,-1,-1,0,0,-1,-1,10,,2026-04-06T20:35:34+01:00
rfidresearchgroup/proxmark3,gh/144465372,5.6,9,0,10,0,7,10,10,0,0,10,10,-1,0,10,4,-1,0,10,,2026-04-06T15:36:34+01:00
rfjakob/earlyoom,gh/15850784,6.1,10,3,6,0,1,10,10,10,0,10,10,-1,6,8,0,-1,0,10,,2026-04-06T16:37:50+01:00
rhboot/shim,gh/3996476,5.5,7,6,9,0,7,10,10,0,10,9,10,-1,0,0,0,4,0,10,,2026-04-07T17:59:16+01:00
riba2534/tcp-ip-networknote,gh/165205332,2.7,10,0,0,0,7,3,-1,0,0,0,0,-1,-1,0,0,0,-1,10,,2026-04-06T19:48:19+01:00
rich-harris/estree-walker,gh/33668779,2.8,10,0,0,0,0,10,-1,0,0,10,0,-1,-1,0,0,-1,-1,9,,2026-04-27T21:48:05+01:00
rich-harris/magic-string,gh/26143240,3.2,10,0,7,0,1,10,-1,0,0,10,0,-1,-1,0,0,-1,-1,10,,2026-04-27T18:01:14+01:00
rincat/rtl88x2bu-linux-driver,gh/158873988,2.9,10,0,0,0,2,0,-1,0,0,10,2,-1,-1,0,0,-1,-1,10,,2026-04-07T13:00:41+01:00
riot-os/riot,gh/7370241,5.3,7,8,10,0,10,10,10,0,0,10,10,-1,0,0,10,-1,0,0,,2026-04-06T15:38:29+01:00
riscv-software-src/opensbi,gh/156304184,4.6,10,0,-1,0,0,10,10,0,0,9,10,-1,0,0,0,0,10,10,,2026-04-07T13:58:08+01:00
riscv-software-src/riscv-tests,gh/9642428,4.5,8,3,2,0,7,10,10,0,0,9,9,-1,0,0,0,-1,0,8,,2026-04-07T16:55:51+01:00
risinek/esp32-wifi-penetration-tool,gh/354963447,2.8,10,6,0,0,0,0,-1,0,0,10,0,-1,-1,0,0,0,-1,10,,2026-04-06T18:52:05+01:00
rizinorg/rizin,gh/299867499,7.0,10,4,10,0,10,10,10,10,0,10,10,10,0,10,10,0,0,10,,2026-04-06T17:37:13+01:00
rizonesoft/notepad3,gh/46102589,4.5,7,0,7,0,1,10,10,10,0,9,10,-1,0,0,0,0,0,10,,2026-04-06T14:40:04+01:00
rmtheis/tess-two,gh/2581357,2.6,9,0,0,0,2,6,-1,0,0,10,0,-1,0,0,0,-1,-1,10,,2026-04-06T17:34:53+01:00
rob--w/proxy-from-env,gh/52038793,3.6,10,0,5,0,0,10,10,0,0,10,10,-1,0,0,0,-1,0,3,,2026-04-27T21:48:12+01:00
robotmedia/rmstore,gh/11766695,2.4,7,0,0,0,1,3,-1,0,0,10,0,-1,-1,0,0,-1,-1,10,,2026-04-06T19:49:13+01:00
rockchip-linux/rknn-toolkit2,gh/373003136,0.6,0,0,-1,0,0,0,-1,0,0,10,0,-1,3,0,0,-1,-1,0,,2026-04-07T16:56:29+01:00
rockowitz/ddcutil,gh/48345012,5.1,10,0,0,0,0,0,10,0,0,10,10,-1,0,10,0,-1,9,10,,2026-04-07T15:00:11+01:00
rogdham/backports.zstd,gh/977687927,4.5,10,4,10,0,1,0,10,0,0,9,5,10,4,0,0,-1,0,10,,2026-04-27T21:48:18+01:00
roguemaster/awesome-flipperzero-withmodules,gh/509598134,4.1,10,0,-1,0,0,10,-1,0,0,10,10,-1,-1,0,0,-1,-1,10,,2026-04-07T10:56:08+01:00
rollup/plugins,gh/203607977,4.7,10,1,9,0,3,10,-1,0,0,10,10,-1,-1,0,0,-1,-1,10,,2026-04-27T18:01:28+01:00
rosehgal/binexp,gh/128914841,3.0,10,0,0,0,1,10,-1,0,0,10,0,-1,-1,0,0,-1,-1,10,,2026-04-07T13:59:31+01:00
rossumur/espflix,gh/270021240,2.2,10,0,-1,0,0,0,-1,0,0,0,0,-1,-1,0,0,-1,-1,10,,2026-04-07T18:03:44+01:00
royhills/arp-scan,gh/12132901,3.8,10,3,0,0,0,0,10,0,0,10,0,-1,0,7,10,0,0,10,,2026-04-07T15:55:49+01:00
rozniak/xfce-winxp-tc,gh/289344979,3.8,10,0,0,0,0,6,-1,0,0,9,10,-1,-1,0,0,-1,-1,10,,2026-04-07T10:48:35+01:00
rpisec/mbe,gh/37784277,2.4,5,0,0,0,4,6,-1,0,0,10,0,-1,-1,0,0,0,-1,10,,2026-04-06T14:42:36+01:00
rqng/wououi,gh/622430992,2.2,10,0,0,0,1,0,-1,0,0,0,0,-1,-1,0,0,-1,-1,10,,2026-04-07T15:57:54+01:00
rrze-hpc/likwid,gh/35045238,5.3,10,0,8,0,3,10,10,10,0,10,10,-1,0,0,0,-1,0,10,,2026-04-07T10:56:49+01:00
rsta2/circle,gh/25676773,3.9,8,0,0,0,2,10,-1,0,0,10,10,-1,-1,0,0,-1,-1,10,,2026-04-06T20:36:56+01:00
rswier/c4,gh/26181287,2.6,10,0,0,0,1,0,-1,0,0,10,0,-1,-1,0,0,-1,-1,10,,2026-04-06T13:37:26+01:00
rswinkle/portablegl,gh/294358513,3.6,10,0,0,0,0,0,-1,0,0,10,10,-1,-1,0,0,-1,-1,10,,2026-04-07T15:55:49+01:00
rsyncproject/rsync,gh/266877886,5.2,10,3,9,0,6,10,10,0,0,9,3,-1,0,0,10,8,0,10,,2026-04-06T16:36:03+01:00
rsyslog/rsyslog,gh/10458362,4.4,10,3,10,0,1,10,0,10,0,10,10,10,0,9,0,-1,0,1,,2026-04-06T20:36:00+01:00
rt-thread/rt-thread,gh/7408108,3.9,0,0,10,0,10,10,10,0,0,10,10,-1,0,0,4,0,0,6,,2026-04-06T13:35:23+01:00
rubinius/rubinius,gh/27,3.0,10,3,-1,0,0,10,-1,0,0,10,0,-1,-1,0,0,0,-1,10,,2026-04-06T18:39:46+01:00
rubymetric/chsrc,gh/686497147,5.0,10,3,7,0,1,10,10,10,0,10,10,-1,0,0,0,0,0,10,,2026-04-06T14:37:19+01:00
rui314/8cc,gh/3568543,3.3,10,0,0,0,4,10,-1,0,0,10,0,-1,-1,0,0,-1,-1,10,,2026-04-06T14:39:09+01:00
rui314/9cc,gh/143569178,3.0,10,0,-1,0,0,10,-1,0,0,10,0,-1,-1,0,0,-1,-1,10,,2026-04-07T10:55:16+01:00
rui314/chibicc,gh/200321698,3.0,10,0,-1,0,0,10,-1,0,0,10,0,-1,-1,0,0,-1,-1,10,,2026-04-06T13:36:57+01:00
rui314/minilisp,gh/3961510,2.6,10,0,-1,0,0,10,-1,0,0,0,0,-1,-1,0,0,-1,-1,10,,2026-04-07T12:56:40+01:00
rukenshia/pomodoro,gh/956984646,2.0,10,0,0,0,0,0,-1,0,0,0,0,-1,-1,0,0,-1,-1,9,,2026-04-07T17:59:17+01:00
rumpkernel/rumprun,gh/31077135,3.5,10,0,0,0,6,10,-1,0,0,9,0,-1,-1,0,0,-1,-1,10,,2026-04-07T16:00:07+01:00
rusefi/rusefi,gh/19047649,3.4,0,0,10,0,1,10,0,10,0,9,10,-1,0,7,0,0,0,10,,2026-04-07T18:01:16+01:00
rust-cli/anstyle,gh/493821282,7.0,10,,10,0,0,10,10,10,0,0,10,-1,10,10,0,-1,10,6,,2026-05-03T23:33:14+01:00
rust-cli/env_logger,gh/96382888,6.7,10,3,10,0,0,10,10,10,0,10,10,-1,0,10,0,-1,10,10,,2026-04-27T15:53:25+01:00
rust-embedded/critical-section,gh/365854323,4.4,10,,0,0,10,10,10,0,0,10,0,-1,0,0,0,-1,0,10,,2026-05-03T23:33:21+01:00
rust-fuzz/arbitrary,gh/90591032,4.4,10,0,6,0,5,10,10,0,10,10,1,-1,0,0,0,-1,0,10,,2026-04-27T21:48:29+01:00
rust-itertools/itertools,gh/22360263,6.5,10,,10,0,10,10,10,10,0,10,10,-1,0,0,0,-1,0,10,,2026-05-03T23:33:25+01:00
rust-lang-nursery/lazy-static.rs,gh/21157492,5.2,10,0,0,0,3,10,10,0,0,10,0,-1,6,0,10,-1,10,10,,2026-04-27T16:09:49+01:00
rust-lang/cc-rs,gh/26039547,7.9,10,3,10,0,8,10,10,10,0,10,10,-1,10,0,10,-1,10,10,,2026-04-27T21:48:39+01:00
rust-lang/cfg-if,gh/38723660,5.1,10,0,7,0,3,10,10,10,0,10,0,-1,2,0,10,-1,0,10,,2026-04-27T15:07:40+01:00
rust-lang/compiler-builtins,gh/65153793,6.8,10,3,10,0,4,10,10,10,0,9,10,-1,4,10,10,-1,0,8,,2026-04-27T21:48:43+01:00
rust-lang/flate2-rs,gh/21954009,6.6,10,5,10,0,10,10,10,0,10,10,10,-1,0,0,10,-1,0,10,,2026-04-27T15:07:57+01:00
rust-lang/futures-rs,gh/55077261,7.2,10,3,8,0,7,10,10,10,0,10,10,-1,0,0,10,-1,10,10,,2026-04-27T14:55:31+01:00
rust-lang/glob,gh/23241722,5.4,10,3,5,0,5,10,10,10,0,10,0,-1,0,0,10,-1,0,10,,2026-04-27T16:07:29+01:00
rust-lang/hashbrown,gh/155119796,5.8,10,3,10,0,8,10,10,0,0,10,10,-1,0,0,10,-1,0,10,,2026-04-27T21:48:56+01:00
rust-lang/libc,gh/29197565,6.6,10,3,10,0,8,10,10,10,0,10,10,-1,0,0,10,-1,0,10,,2026-04-27T14:56:22+01:00
rust-lang/libz-sys,gh/26042019,6.4,10,0,10,0,2,10,10,10,0,10,10,10,7,0,10,-1,0,10,,2026-04-27T21:49:05+01:00
rust-lang/log,gh/27974762,6.5,10,0,4,0,10,10,10,0,0,10,6,-1,10,0,10,-1,10,10,,2026-04-27T21:49:10+01:00
rust-lang/pkg-config-rs,gh/26042035,4.3,10,0,6,0,0,10,10,0,0,10,4,-1,0,0,10,-1,0,10,,2026-04-27T21:49:12+01:00
rust-lang/regex,gh/27890669,6.2,10,0,10,0,0,10,10,0,10,10,10,-1,0,0,10,-1,10,10,,2026-04-27T21:49:25+01:00
rust-lang/tempdir,gh/31728565,3.6,10,0,0,0,7,10,-1,0,0,10,0,-1,-1,0,0,-1,-1,10,,2026-04-27T21:49:34+01:00
rust-num/num-traits,gh/114705611,4.2,10,3,3,0,6,10,10,0,0,10,2,-1,0,0,0,-1,0,10,,2026-04-27T16:05:24+01:00
rust-phf/rust-phf,gh/15992970,6.6,10,3,10,0,6,10,10,10,0,10,10,-1,10,0,4,-1,0,10,,2026-04-27T18:06:05+01:00
rust-random/getrandom,gh/166545969,7.4,10,5,10,0,6,10,10,10,0,10,10,10,0,0,10,-1,9,10,,2026-04-27T21:49:41+01:00
rust-random/rand,gh/30227790,6.8,10,5,9,0,8,10,10,10,0,9,10,10,0,0,10,-1,0,10,,2026-04-27T14:55:11+01:00
rust-random/rand_core,gh/1086593277,7.0,10,5,9,0,7,10,10,10,0,10,10,10,0,0,0,-1,9,10,,2026-04-27T15:06:53+01:00
rust-random/rngs,gh/209510094,5.3,10,3,10,0,2,3,10,10,0,9,10,-1,0,0,0,-1,0,10,,2026-04-27T15:52:50+01:00
rustcrypto/formats,gh/406051759,6.1,10,0,10,0,1,10,10,10,10,0,10,10,0,0,10,-1,0,8,,2026-04-27T16:10:25+01:00
rustcrypto/hashes,gh/74106774,5.8,10,0,10,0,2,10,10,10,0,0,10,10,0,0,10,-1,0,10,,2026-04-27T21:49:49+01:00
rustcrypto/stream-ciphers,gh/83051505,6.0,10,0,9,0,5,10,10,10,0,0,10,10,0,0,10,-1,0,10,,2026-04-27T21:49:49+01:00
rustcrypto/traits,gh/85605821,6.3,10,,10,0,2,10,10,10,0,0,10,10,0,0,10,-1,0,10,,2026-05-03T23:33:42+01:00
rustcrypto/utils,gh/77307442,5.6,10,0,9,0,1,10,10,10,0,0,10,10,0,0,10,-1,0,9,,2026-04-27T14:57:03+01:00
rustyrussell/ccan,gh/2474121,2.9,8,0,0,0,0,10,-1,0,0,9,3,-1,-1,0,0,-1,-1,10,,2026-04-07T16:01:21+01:00
rvagg/bl,gh/10706095,5.4,10,0,7,0,1,10,10,10,0,9,10,10,0,0,0,-1,0,10,,2026-04-27T21:50:09+01:00
rvagg/prr,gh/9151864,3.0,10,0,0,0,1,10,-1,0,0,10,0,-1,-1,0,0,-1,-1,10,,2026-04-27T18:06:20+01:00
rvagg/through2,gh/11808187,3.2,10,0,0,0,0,10,10,0,0,10,0,-1,0,0,0,-1,0,10,,2026-04-27T21:50:19+01:00
rvaiya/keyd,gh/389238061,3.6,10,0,0,0,0,10,-1,0,0,10,7,-1,-1,0,0,-1,-1,10,,2026-04-06T15:39:27+01:00
rvaiya/warpd,gh/210099248,2.4,10,0,0,0,1,0,-1,0,0,10,0,-1,-1,0,0,0,-1,10,,2026-04-06T17:36:34+01:00
rxi/dyad,gh/22581432,2.6,10,0,0,0,1,0,-1,0,0,10,0,-1,-1,0,0,-1,-1,10,,2026-04-07T13:55:40+01:00
rxi/log.c,gh/84732118,2.6,10,0,-1,0,0,0,-1,0,0,10,0,-1,-1,0,0,-1,-1,10,,2026-04-06T17:37:29+01:00
rxi/microui,gh/149854705,2.6,10,0,0,0,1,0,-1,0,0,10,0,-1,-1,0,0,-1,-1,10,,2026-04-06T15:38:42+01:00
rxi/sj.h,gh/1060329454,2.6,10,0,-1,0,0,0,-1,0,0,10,0,-1,-1,0,0,-1,-1,10,,2026-04-07T12:58:06+01:00
ryanzim/universalify,gh/87651180,3.3,10,0,0,0,1,10,10,0,0,10,0,-1,0,0,0,-1,0,10,,2026-04-27T15:05:19+01:00
s-macke/sam,gh/10034826,2.4,10,0,0,0,1,3,-1,0,0,0,0,-1,-1,0,0,-1,-1,10,,2026-04-07T13:57:59+01:00
s-macke/voxelspace,gh/104589662,2.7,10,0,0,0,1,3,-1,0,0,10,0,-1,-1,0,0,-1,-1,10,,2026-04-06T14:36:58+01:00
s-march/smarchwatch_public,gh/135454008,2.0,4,0,0,0,1,0,-1,0,0,10,0,-1,-1,0,0,-1,-1,10,,2026-04-07T12:57:33+01:00
s-matyukevich/raspberry-pi-os,gh/95133665,3.7,10,0,0,0,10,10,-1,0,0,10,0,-1,0,0,0,-1,-1,10,,2026-04-06T12:41:06+01:00
s0lst1c3/eaphammer,gh/80882788,4.7,10,6,0,0,6,0,-1,0,10,10,0,-1,-1,0,3,-1,-1,10,,2026-04-06T19:48:26+01:00
sabrogden/ditto,gh/312430210,2.8,7,0,7,0,3,3,10,0,0,10,5,-1,0,0,0,0,0,2,,2026-04-06T14:41:21+01:00
saghul/pyuv,gh/2793921,3.1,10,0,0,0,2,10,-1,0,0,10,0,-1,-1,0,0,-1,-1,10,,2026-04-07T16:57:04+01:00
saghul/txiki.js,gh/198097850,3.7,0,0,10,0,0,10,10,10,0,10,10,-1,0,0,0,0,0,6,,2026-04-06T18:50:46+01:00
sahib/rmlint,gh/942931,5.8,10,6,9,0,10,10,10,10,0,10,3,-1,0,0,0,-1,0,10,,2026-04-06T20:35:43+01:00
salesforce/tough-cookie,gh/2606873,7.3,10,,10,0,10,10,10,10,0,10,10,10,3,0,9,-1,0,10,,2026-05-03T23:33:48+01:00
samhocevar/rinetd,gh/49382050,2.4,10,0,-1,0,0,3,-1,0,0,10,0,-1,-1,0,0,0,-1,10,,2026-04-07T17:01:33+01:00
saminiir/level-ip,gh/52612615,2.5,10,0,0,0,0,0,-1,0,0,10,0,-1,-1,0,0,-1,-1,10,,2026-04-06T18:40:06+01:00
sammycage/lunasvg,gh/249957284,4.0,10,0,10,0,1,6,10,0,0,10,6,-1,0,0,0,-1,0,10,,2026-04-07T16:56:14+01:00
samn/json-stable-stringify,gh/76598131,2.5,10,0,0,0,0,0,-1,0,0,9,0,-1,-1,0,0,-1,-1,10,,2026-04-27T21:50:27+01:00
samr7/vanitygen,gh/2014020,2.6,10,0,0,0,1,0,-1,0,0,10,0,-1,-1,0,0,-1,-1,10,,2026-04-07T15:02:08+01:00
samtools/samtools,gh/3666841,4.0,10,0,10,0,4,10,-1,0,0,9,10,-1,-1,0,0,0,-1,8,,2026-04-07T10:58:08+01:00
samverschueren/decode-uri-component,gh/91837954,3.7,10,0,-1,0,0,3,10,0,0,10,0,-1,0,0,10,-1,0,10,,2026-04-27T21:50:32+01:00
samypesse/how-to-make-a-computer-operating-system,gh/14807173,2.5,6,0,0,0,1,10,-1,0,0,10,0,-1,-1,0,0,-1,-1,10,,2026-04-06T12:37:09+01:00
sandboxie-plus/sandboxie,gh/254327261,5.6,9,0,8,0,2,10,10,10,0,10,10,-1,0,7,10,0,0,10,,2026-04-06T12:38:25+01:00
sandboxie/sandboxie,gh/255670798,3.1,10,0,0,0,6,0,-1,0,0,10,0,-1,-1,0,0,-1,-1,10,,2026-04-06T17:35:46+01:00
sandermertens/flecs,gh/146155284,4.4,10,1,9,0,0,10,10,0,0,9,10,-1,0,0,0,-1,0,10,,2026-04-06T13:41:22+01:00
sarah-walker-pcem/pcem,gh/273738561,3.6,10,0,6,0,1,6,10,0,0,10,7,-1,0,0,0,0,0,10,,2026-04-07T10:58:08+01:00
sbabic/swupdate,gh/14466698,4.3,10,0,-1,5,0,10,10,0,0,10,10,-1,0,0,0,-1,0,10,,2026-04-07T11:00:15+01:00
sboudrias/inquirer.js,gh/10114077,5.6,10,3,10,0,0,10,10,10,0,10,10,-1,0,10,10,-1,0,0,,2026-04-27T15:06:21+01:00
sbrin/lopaka,gh/649434687,4.6,10,6,10,0,0,0,10,0,0,10,10,-1,0,0,0,-1,9,2,,2026-04-07T15:57:54+01:00
scallyw4g/bonsai,gh/74796411,2.8,10,0,-1,0,0,0,10,0,0,10,0,-1,0,0,0,0,0,10,,2026-04-07T15:56:53+01:00
scanmem/scanmem,gh/32192995,3.6,10,3,0,0,1,10,10,0,0,10,1,-1,0,0,0,-1,0,10,,2026-04-07T10:58:45+01:00
scannet/scannet,gh/81673803,1.6,9,0,-1,0,0,10,-1,0,0,9,0,-1,0,0,0,-1,-1,0,,2026-04-06T20:36:28+01:00
sched-ext/scx,gh/724381950,5.5,10,8,10,0,10,10,10,0,0,10,10,-1,0,0,0,-1,0,6,,2026-04-07T10:57:24+01:00
schismtracker/schismtracker,gh/58543204,4.1,10,3,-1,0,0,10,10,0,0,10,10,-1,0,0,0,0,0,10,,2026-04-07T13:55:43+01:00
schreibfaul1/esp32-audioi2s,gh/155110539,5.2,10,6,0,0,0,6,10,0,0,10,10,-1,0,0,0,-1,9,10,,2026-04-07T12:56:13+01:00
schrodinger/pymol-open-source,gh/137930516,4.7,10,3,10,0,2,10,10,0,0,9,10,-1,0,0,0,-1,0,10,,2026-04-07T11:57:11+01:00
schwabe/ics-openvpn,gh/32519119,4.3,0,0,0,0,0,10,10,0,0,0,10,-1,0,7,10,0,9,10,,2026-04-06T16:38:08+01:00
schweikert/fping,gh/2951284,5.5,10,0,10,0,4,10,10,0,0,9,10,10,0,7,0,8,0,10,,2026-04-07T15:59:15+01:00
scikit-build/ninja-python-distributions,gh/75102202,5.5,10,,10,0,4,10,10,10,0,10,1,10,1,0,0,-1,0,10,,2026-05-03T23:33:51+01:00
scikit-learn/scikit-learn,gh/843222,9.6,10,,10,0,10,10,-1,10,10,10,10,-1,-1,10,10,-1,-1,10,,2026-05-03T23:33:58+01:00
scipy/scipy,gh/1460385,5.9,10,3,10,0,9,10,-1,0,10,10,10,-1,0,0,10,0,-1,10,,2026-04-27T16:05:30+01:00
sdlpal/sdlpal,gh/61485617,3.0,9,3,7,0,2,10,0,0,0,10,7,-1,0,0,0,0,0,10,,2026-04-07T10:57:30+01:00
sec-ant/readable-stream,gh/569980966,3.8,10,0,8,0,0,3,10,10,0,10,0,-1,10,0,0,-1,0,0,,2026-04-27T21:50:52+01:00
seclab-ucr/intang,gh/103710673,2.6,9,0,0,0,1,3,-1,0,0,10,0,-1,-1,0,0,-1,-1,10,,2026-04-06T18:51:57+01:00
secwiki/linux-kernel-exploits,gh/89318964,2.1,0,0,0,0,4,6,-1,0,0,10,0,-1,-1,0,0,-1,-1,10,,2026-04-06T15:35:11+01:00
secwiki/windows-kernel-exploits,gh/89315980,2.1,0,0,0,0,4,6,-1,0,0,10,0,-1,-1,0,0,-1,-1,10,,2026-04-06T13:40:31+01:00
seeflowerx/stackplz,gh/563689109,2.3,8,0,0,0,0,10,10,0,0,10,2,-1,0,0,0,0,0,1,,2026-04-07T13:58:56+01:00
sel4/sel4,gh/21977691,5.8,10,8,10,0,10,10,10,0,0,9,10,-1,0,0,10,0,0,10,,2026-04-06T15:36:22+01:00
selinuxproject/selinux,gh/20648799,5.5,10,0,-1,0,0,10,10,0,10,9,10,-1,0,0,10,8,0,10,,2026-04-07T12:56:19+01:00
sepfy/libpeer,gh/355422624,3.7,10,0,8,0,3,10,10,0,0,10,0,-1,0,0,0,-1,0,10,,2026-04-07T13:00:15+01:00
serde-rs/bytes,gh/87358441,4.6,10,,5,0,0,10,10,0,0,10,0,-1,0,0,0,-1,10,10,,2026-05-03T23:34:22+01:00
serde-rs/json,gh/35894511,5.6,10,3,10,0,1,10,10,0,10,10,5,-1,0,0,0,-1,10,10,,2026-04-27T14:55:50+01:00
serde-rs/serde,gh/14367737,5.6,10,3,10,0,3,10,10,0,0,10,10,-1,0,0,0,-1,10,10,,2026-04-27T14:52:37+01:00
serde-rs/test,gh/670894947,4.1,10,0,0,0,0,10,10,0,0,10,0,-1,0,0,0,-1,10,10,,2026-04-27T16:07:01+01:00
servo/rust-fnv,gh/33499190,4.0,10,,0,0,5,10,10,0,0,10,0,-1,0,0,0,-1,0,10,,2026-05-03T23:34:24+01:00
servo/rust-url,gh/14934771,7.1,10,8,8,0,9,10,10,10,10,10,4,-1,0,0,10,-1,0,10,,2026-04-27T16:06:10+01:00
session-replay-tools/cetus,gh/124016486,1.6,0,0,0,0,0,6,-1,0,0,10,0,-1,-1,0,0,-1,-1,10,,2026-04-07T15:03:26+01:00
shadow-1/yi-hack-v3,gh/86138605,2.3,10,0,0,0,0,0,-1,0,0,10,0,-1,-1,0,0,0,-1,10,,2026-04-07T15:58:43+01:00
shadowsocks/chinadns,gh/22201118,2.2,10,0,0,0,1,0,-1,0,0,10,0,-1,0,0,0,0,-1,10,,2026-04-06T17:35:51+01:00
shadowsocks/shadowsocks-libev,gh/7177269,5.0,10,0,3,0,6,10,10,10,0,10,10,-1,0,0,0,0,0,10,,2026-04-06T12:39:30+01:00
sharebrained/portapack-hackrf,gh/38651181,2.7,10,0,0,0,1,10,-1,0,0,10,0,-1,-1,0,0,0,-1,10,,2026-04-07T17:01:08+01:00
sheepdog/sheepdog,gh/1854060,3.6,10,0,0,0,9,10,-1,0,0,10,0,-1,0,0,0,-1,-1,10,,2026-04-07T18:02:26+01:00
shellinabox/shellinabox,gh/31564322,3.1,10,0,0,0,3,10,-1,0,0,9,0,-1,-1,0,0,-1,-1,10,,2026-04-06T18:45:20+01:00
shellphish/how2heap,gh/49995295,4.5,10,0,10,0,2,10,10,0,0,10,10,-1,0,0,0,-1,0,10,,2026-04-06T13:40:49+01:00
sheredom/subprocess.h,gh/114390537,3.5,10,0,0,0,3,10,10,0,0,10,0,-1,0,0,0,-1,0,10,,2026-04-07T14:55:43+01:00
sheredom/utf8.h,gh/38717130,3.8,10,3,0,0,4,10,10,0,0,10,0,-1,0,0,0,-1,0,10,,2026-04-07T10:55:27+01:00
sherlockgougou/bigimageviewpager,gh/134252514,2.8,9,0,0,0,0,0,-1,0,0,9,7,-1,-1,0,0,0,-1,10,,2026-04-06T20:36:28+01:00
shtylman/node-process,gh/7580644,3.0,10,0,0,0,1,10,-1,0,0,10,0,-1,-1,0,0,-1,-1,10,,2026-04-27T16:05:46+01:00
siduck/chadwm,gh/387449953,3.2,10,0,0,0,3,10,-1,0,0,10,0,-1,-1,0,0,-1,-1,10,,2026-04-06T18:50:52+01:00
siemens/jailhouse,gh/13720762,3.9,10,0,-1,0,0,10,10,0,0,9,0,-1,0,0,10,-1,0,10,,2026-04-07T10:56:01+01:00
signalapp/libsignal-protocol-c,gh/42948633,3.5,10,3,0,0,5,3,-1,0,0,10,0,-1,-1,0,0,-1,-1,10,,2026-04-07T13:57:47+01:00
simd-everywhere/simde,gh/86497800,5.8,10,3,10,0,4,10,10,10,0,10,10,-1,0,10,0,0,0,10,,2026-04-06T18:50:47+01:00
simh/simh,gh/1638129,3.4,6,3,0,0,0,10,-1,0,0,9,10,-1,-1,0,0,0,-1,10,,2026-04-07T10:58:26+01:00
simhacker/micropolis,gh/32254027,2.7,10,0,-1,0,0,3,-1,0,0,9,2,-1,0,0,0,-1,-1,10,,2026-04-07T18:01:13+01:00
simple64/simple64,gh/168172390,4.0,10,3,0,0,0,10,10,10,0,10,0,-1,0,0,0,0,0,10,,2026-04-07T16:01:01+01:00
sinakarvandi/hypervisor-from-scratch,gh/147253230,2.7,9,0,0,0,1,6,-1,0,0,10,0,-1,-1,0,0,-1,-1,10,,2026-04-06T19:47:56+01:00
sinclairzx81/sinclair-typebox,gh/1122129819,3.6,10,0,10,0,0,3,10,0,0,9,2,10,0,0,0,-1,0,7,,2026-04-27T21:51:11+01:00
sindresorhus/ansi-escapes,gh/40721875,4.0,10,0,2,0,1,10,10,0,0,10,1,-1,0,0,10,-1,0,10,,2026-04-27T16:09:10+01:00
sindresorhus/array-union,gh/21005682,3.8,10,0,0,0,0,10,10,0,0,10,0,-1,0,0,10,-1,0,10,,2026-04-27T18:06:42+01:00
sindresorhus/binary-extensions,gh/29771015,3.9,10,0,5,0,0,10,10,0,0,10,0,-1,0,0,10,-1,0,10,,2026-04-27T21:51:13+01:00
sindresorhus/callsites,gh/18938743,3.8,10,0,0,0,0,10,10,0,0,10,0,-1,0,0,10,-1,0,10,,2026-04-27T21:51:19+01:00
sindresorhus/camelcase,gh/25116836,4.0,10,0,0,0,3,10,10,0,0,10,0,-1,0,0,10,-1,0,10,,2026-04-27T15:07:00+01:00
sindresorhus/clean-stack,gh/62838930,3.9,10,0,5,0,0,10,10,0,0,10,0,-1,0,0,10,-1,0,10,,2026-04-27T21:51:19+01:00
sindresorhus/cli-cursor,gh/23512396,3.8,10,0,0,0,0,10,10,0,0,10,0,-1,0,0,10,-1,0,10,,2026-04-27T21:51:28+01:00
sindresorhus/crypto-random-string,gh/73665728,3.9,10,0,-1,0,0,10,10,0,0,10,0,-1,0,0,10,-1,0,10,,2026-04-27T21:51:29+01:00
sindresorhus/decamelize,gh/29773710,3.9,10,0,0,0,0,10,10,0,0,10,2,-1,0,0,10,-1,0,10,,2026-04-27T21:51:30+01:00
sindresorhus/detect-newline,gh/21304485,3.8,10,0,0,0,0,10,10,0,0,10,0,-1,0,0,10,-1,0,10,,2026-04-27T21:51:33+01:00
sindresorhus/environment,gh/793180075,3.9,10,0,-1,0,0,10,10,0,0,10,0,-1,0,0,10,-1,0,10,,2026-04-27T18:06:55+01:00
sindresorhus/escape-string-regexp,gh/21169121,3.9,10,0,0,0,2,10,10,0,0,10,0,-1,0,0,10,-1,0,10,,2026-04-27T14:57:28+01:00
sindresorhus/execa,gh/47475908,4.5,8,0,7,0,4,10,10,0,0,10,4,-1,0,0,10,-1,0,10,,2026-04-27T21:51:38+01:00
sindresorhus/figures,gh/21672939,3.9,10,0,0,0,1,10,10,0,0,10,0,-1,0,0,10,-1,0,10,,2026-04-27T18:06:59+01:00
sindresorhus/file-type,gh/19105307,4.0,0,0,10,0,0,10,10,0,0,10,10,-1,0,0,9,-1,0,10,,2026-04-27T21:51:38+01:00
sindresorhus/find-cache-dir,gh/48783244,3.9,10,0,-1,0,0,10,10,0,0,10,0,-1,0,0,10,-1,0,10,,2026-04-27T21:51:44+01:00
sindresorhus/find-up,gh/41723004,4.0,10,0,1,0,2,10,10,0,0,10,0,-1,0,0,10,-1,0,10,,2026-04-27T15:05:29+01:00
sindresorhus/find-up-simple,gh/714044439,3.9,10,0,0,0,2,10,10,0,0,10,0,-1,0,0,10,-1,0,10,,2026-04-27T15:08:30+01:00
sindresorhus/get-east-asian-width,gh/711160838,4.4,10,0,3,0,4,10,10,0,0,10,2,-1,0,0,10,-1,0,10,,2026-04-27T14:56:11+01:00
sindresorhus/get-stream,gh/44264225,4.0,10,0,0,0,3,10,10,0,0,10,0,-1,0,0,10,-1,0,10,,2026-04-27T21:51:47+01:00
sindresorhus/globals,gh/15186239,4.8,10,0,7,0,5,10,10,0,0,10,5,-1,0,0,10,-1,0,10,,2026-04-27T15:53:02+01:00
sindresorhus/globby,gh/21069494,4.2,10,0,-1,0,0,10,10,0,0,10,4,-1,0,0,10,-1,0,10,,2026-04-27T16:07:58+01:00
sindresorhus/has-flag,gh/38718671,3.9,10,0,0,0,1,10,10,0,0,10,0,-1,0,0,10,-1,0,10,,2026-04-27T14:56:41+01:00
sindresorhus/import-fresh,gh/22020904,3.9,10,0,0,0,0,10,10,0,0,10,1,-1,0,0,10,-1,0,10,,2026-04-27T16:09:15+01:00
sindresorhus/import-local,gh/90292430,3.9,10,0,-1,0,0,10,10,0,0,10,0,-1,0,0,10,-1,0,10,,2026-04-27T18:07:06+01:00
sindresorhus/indent-string,gh/20576837,3.9,10,0,0,0,1,10,10,0,0,10,0,-1,0,0,10,-1,0,10,,2026-04-27T16:09:14+01:00
sindresorhus/is-binary-path,gh/29771247,3.8,10,0,0,0,0,10,10,0,0,10,0,-1,0,0,10,-1,0,10,,2026-04-27T21:51:55+01:00
sindresorhus/is-docker,gh/33590534,3.9,10,0,-1,0,0,10,10,0,0,10,0,-1,0,0,10,-1,0,10,,2026-04-27T18:07:11+01:00
sindresorhus/is-fullwidth-code-point,gh/39222301,4.1,10,0,1,0,3,10,10,0,0,10,0,-1,0,0,10,-1,0,10,,2026-04-27T15:06:53+01:00
sindresorhus/is-inside-container,gh/601943060,3.6,10,0,-1,0,0,0,10,0,0,10,0,-1,0,0,10,-1,0,10,,2026-04-27T16:10:11+01:00
sindresorhus/is-path-inside,gh/21054113,3.9,10,0,-1,0,0,10,10,0,0,10,0,-1,0,0,10,-1,0,10,,2026-04-27T16:10:19+01:00
sindresorhus/is-plain-obj,gh/38923193,3.8,10,0,0,0,0,10,10,0,0,10,0,-1,0,0,10,-1,0,10,,2026-04-27T16:05:38+01:00
sindresorhus/is-stream,gh/29436825,3.9,10,0,0,0,2,10,10,0,0,10,0,-1,0,0,10,-1,0,10,,2026-04-27T15:06:11+01:00
sindresorhus/is-unicode-supported,gh/348660847,3.9,10,0,-1,0,0,10,10,0,0,10,0,-1,0,0,10,-1,0,10,,2026-04-27T21:52:00+01:00
sindresorhus/is-wsl,gh/88415331,4.1,10,0,-1,0,0,10,10,0,0,10,2,-1,0,0,10,-1,0,10,,2026-04-27T18:07:17+01:00
sindresorhus/leven,gh/22794601,3.9,10,0,2,0,1,10,10,0,0,10,0,-1,0,0,10,-1,0,10,,2026-04-27T18:07:19+01:00
sindresorhus/locate-path,gh/74266248,3.9,10,0,0,0,2,10,10,0,0,10,0,-1,0,0,10,-1,0,10,,2026-04-27T14:57:20+01:00
sindresorhus/log-symbols,gh/21673868,3.8,10,0,0,0,0,10,10,0,0,10,0,-1,0,0,10,-1,0,10,,2026-04-27T21:52:03+01:00
sindresorhus/lowercase-keys,gh/29769737,4.2,10,0,-1,0,0,10,10,0,0,10,4,-1,0,0,10,-1,0,10,,2026-04-27T18:07:22+01:00
sindresorhus/make-dir,gh/90776169,3.9,10,0,0,0,1,10,10,0,0,10,0,-1,0,0,10,-1,0,10,,2026-04-27T15:53:39+01:00
sindresorhus/map-obj,gh/25117742,3.9,10,0,-1,0,0,10,10,0,0,10,0,-1,0,0,10,-1,0,10,,2026-04-27T18:07:25+01:00
sindresorhus/meow,gh/25121561,4.8,10,0,0,0,2,10,10,0,0,10,10,-1,0,0,10,-1,0,10,,2026-04-27T21:52:03+01:00
sindresorhus/mimic-fn,gh/71381729,3.9,10,0,0,0,1,10,10,0,0,10,0,-1,0,0,10,-1,0,10,,2026-04-27T16:09:45+01:00
sindresorhus/mimic-function,gh/71381729,3.9,10,0,0,0,1,10,10,0,0,10,0,-1,0,0,10,-1,0,10,,2026-04-27T15:53:36+01:00
sindresorhus/mimic-response,gh/93189529,3.9,10,0,-1,0,0,10,10,0,0,10,0,-1,0,0,10,-1,0,10,,2026-04-27T16:08:53+01:00
sindresorhus/node-defaults,gh/7985040,3.8,10,0,0,0,0,10,10,0,0,10,0,-1,0,0,10,-1,0,10,,2026-04-27T18:07:31+01:00
sindresorhus/normalize-url,gh/29094022,4.2,10,0,0,0,0,10,10,0,0,10,5,-1,0,0,10,-1,0,10,,2026-04-27T21:52:03+01:00
sindresorhus/npm-run-path,gh/48707028,3.9,10,0,0,0,2,10,10,0,0,10,0,-1,0,0,10,-1,0,10,,2026-04-27T16:08:35+01:00
sindresorhus/object-assign,gh/16457190,3.9,10,0,0,0,2,10,10,0,0,10,0,-1,0,0,10,-1,0,10,,2026-04-27T16:07:01+01:00
sindresorhus/onetime,gh/14847357,4.1,10,0,-1,0,0,10,10,0,0,10,2,-1,0,0,10,-1,0,10,,2026-04-27T18:07:36+01:00
sindresorhus/open,gh/18469325,4.1,10,0,7,0,2,10,10,0,0,10,0,-1,0,0,10,-1,0,10,,2026-04-27T21:52:07+01:00
sindresorhus/p-limit,gh/71542716,4.7,10,0,4,0,1,10,10,0,0,10,9,-1,0,0,10,-1,0,10,,2026-04-27T14:54:55+01:00
sindresorhus/p-locate,gh/74265632,4.1,10,0,0,0,2,10,10,0,0,10,2,-1,0,0,10,-1,0,10,,2026-04-27T14:55:40+01:00
sindresorhus/p-map,gh/71526722,3.8,10,0,0,0,0,10,10,0,0,10,0,-1,0,0,10,-1,0,10,,2026-04-27T21:52:15+01:00
sindresorhus/p-try,gh/71534796,3.8,10,0,0,0,0,10,10,0,0,10,0,-1,0,0,10,-1,0,10,,2026-04-27T21:52:21+01:00
sindresorhus/parent-module,gh/50187748,3.9,10,0,-1,0,0,10,10,0,0,10,0,-1,0,0,10,-1,0,10,,2026-04-27T18:07:47+01:00
sindresorhus/parse-json,gh/41367145,4.2,10,0,2,0,4,10,10,0,0,10,0,-1,0,0,10,-1,0,10,,2026-04-27T15:53:12+01:00
sindresorhus/path-exists,gh/34965664,3.8,10,0,0,0,0,10,10,0,0,10,0,-1,0,0,10,-1,0,10,,2026-04-27T15:53:29+01:00
sindresorhus/path-is-absolute,gh/30900285,3.6,10,0,0,0,0,10,-1,0,0,10,0,-1,-1,0,10,-1,-1,10,,2026-04-27T18:07:52+01:00
sindresorhus/path-key,gh/48706449,3.9,10,0,0,0,2,10,10,0,0,10,0,-1,0,0,10,-1,0,10,,2026-04-27T15:06:43+01:00
sindresorhus/path-type,gh/41905436,3.8,10,0,0,0,0,10,10,0,0,10,0,-1,0,0,10,-1,0,10,,2026-04-27T15:53:02+01:00
sindresorhus/pify,gh/41585934,3.9,10,0,0,0,1,10,10,0,0,10,0,-1,0,0,10,-1,0,10,,2026-04-27T21:52:24+01:00
sindresorhus/pkg-dir,gh/41724281,4.0,10,0,-1,0,0,10,10,0,0,10,1,-1,0,0,10,-1,0,10,,2026-04-27T21:52:27+01:00
sindresorhus/quick-lru,gh/86679721,4.1,10,0,10,0,0,10,10,0,0,10,0,-1,0,0,10,-1,0,10,,2026-04-27T21:52:29+01:00
sindresorhus/read-pkg,gh/41790094,4.0,10,0,-1,0,0,10,10,0,0,10,1,-1,0,0,10,-1,0,10,,2026-04-27T18:08:00+01:00
sindresorhus/read-pkg-up,gh/41842429,3.9,10,0,-1,0,0,10,10,0,0,10,0,-1,0,0,10,-1,0,10,,2026-04-27T18:08:00+01:00
sindresorhus/resolve-cwd,gh/47504070,3.9,10,0,-1,0,0,10,10,0,0,10,0,-1,0,0,10,-1,0,10,,2026-04-27T21:52:29+01:00
sindresorhus/resolve-from,gh/22022707,3.9,10,0,0,0,2,10,10,0,0,10,0,-1,0,0,10,-1,0,10,,2026-04-27T15:06:54+01:00
sindresorhus/restore-cursor,gh/23512229,3.0,10,0,0,0,1,10,-1,0,0,10,0,-1,-1,0,0,-1,-1,10,,2026-04-27T16:03:26+01:00
sindresorhus/shebang-regex,gh/30903733,3.8,10,0,0,0,0,10,10,0,0,10,0,-1,0,0,10,-1,0,10,,2026-04-27T21:52:36+01:00
sindresorhus/slash,gh/11516031,3.9,10,0,0,0,1,10,10,0,0,10,0,-1,0,0,10,-1,0,10,,2026-04-27T15:07:58+01:00
sindresorhus/string-width,gh/39222730,4.8,10,0,3,0,3,10,10,0,0,10,8,-1,0,0,10,-1,0,10,,2026-04-27T14:55:17+01:00
sindresorhus/strip-bom,gh/18444852,3.9,10,0,-1,0,0,10,10,0,0,10,0,-1,0,0,10,-1,0,10,,2026-04-27T15:53:17+01:00
sindresorhus/strip-final-newline,gh/47453723,3.9,10,0,-1,0,0,10,10,0,0,10,0,-1,0,0,10,-1,0,10,,2026-04-27T21:52:36+01:00
sindresorhus/strip-indent,gh/18242629,3.9,10,0,3,0,1,10,10,0,0,10,0,-1,0,0,10,-1,0,10,,2026-04-27T18:08:05+01:00
sindresorhus/strip-json-comments,gh/14468669,3.8,10,0,0,0,0,10,10,0,0,10,0,-1,0,0,10,-1,0,10,,2026-04-27T16:06:47+01:00
sindresorhus/tagged-tag,gh/795552264,3.9,10,0,-1,0,0,10,10,0,0,10,0,-1,0,0,10,-1,0,10,,2026-04-27T14:56:18+01:00
sindresorhus/to-fast-properties,gh/31656998,3.8,10,0,0,0,0,10,10,0,0,10,0,-1,0,0,10,-1,0,10,,2026-04-27T21:52:38+01:00
sindresorhus/type-fest,gh/175398594,6.3,10,0,10,0,8,10,10,10,0,10,10,-1,0,0,10,-1,0,10,,2026-04-27T14:55:40+01:00
sindresorhus/unicorn-magic,gh/716660564,3.8,10,0,0,0,0,10,10,0,0,10,0,-1,0,0,10,-1,0,10,,2026-04-27T15:07:13+01:00
sindresorhus/yocto-queue,gh/315531538,3.9,10,0,3,0,1,10,10,0,0,10,0,-1,0,0,10,-1,0,10,,2026-04-27T14:55:04+01:00
sinonjs/commons,gh/143001748,3.6,10,3,0,0,0,10,10,10,0,10,0,-1,3,0,0,-1,0,0,,2026-04-27T16:08:55+01:00
sipeed/tinymaix,gh/522642478,3.8,10,0,0,0,7,10,10,0,0,10,0,-1,0,0,0,-1,0,10,,2026-04-07T18:00:14+01:00
skeeto/endlessh,gh/168906122,2.5,10,0,0,0,2,6,-1,0,0,10,0,-1,0,0,0,0,-1,10,,2026-04-06T13:40:52+01:00
skeeto/w64devkit,gh/262681272,4.6,10,0,7,0,1,0,10,0,0,10,10,10,0,0,0,8,0,10,,2026-04-06T16:35:40+01:00
skuep/aioc,gh/546064104,2.7,10,0,0,0,0,0,-1,0,0,10,5,-1,-1,0,0,0,-1,10,,2026-04-07T14:58:45+01:00
skyfloogle/red-viper,gh/655397742,3.1,4,0,-1,0,0,10,10,0,0,0,10,-1,0,0,0,0,0,10,,2026-04-07T18:03:56+01:00
skyjake/lagrange,gh/295608796,4.4,10,0,0,0,1,10,10,0,0,10,10,-1,0,0,0,8,0,10,,2026-04-07T13:57:07+01:00
skywind3000/kcp,gh/28515839,3.0,10,0,0,0,4,3,-1,0,0,10,0,-1,-1,0,0,-1,-1,10,,2026-04-06T12:39:17+01:00
skywind3000/mini3d,gh/40443465,2.4,10,0,0,0,1,0,-1,0,0,10,0,-1,-1,0,0,0,-1,10,,2026-04-06T20:35:23+01:00
slembcke/chipmunk2d,gh/2033079,2.9,10,0,0,0,3,3,-1,0,0,10,0,-1,-1,0,0,-1,-1,10,,2026-04-06T20:34:58+01:00
sluglab/cxlmemsim,gh/542811476,2.9,2,0,-1,0,0,6,10,0,0,0,10,-1,0,0,0,0,0,10,,2026-04-07T17:59:56+01:00
sm64pc/sm64ex,gh/262091731,1.8,0,0,0,0,4,10,-1,0,0,0,1,-1,0,0,0,-1,-1,10,,2026-04-07T10:59:49+01:00
smallpond/mit6.828_os,gh/195486932,2.6,9,0,-1,0,0,3,-1,0,0,10,0,-1,-1,0,0,-1,-1,10,,2026-04-07T16:55:49+01:00
smithy-lang/smithy-rs,gh/308027791,6.2,9,5,10,0,9,10,10,0,10,10,10,10,0,7,10,-1,0,0,,2026-05-03T17:25:59+01:00
smithy-lang/smithy-typescript,gh/208319207,6.6,9,6,10,0,8,10,10,10,0,10,10,10,0,9,10,-1,0,0,,2026-04-27T14:52:58+01:00
snaipe/criterion,gh/30111969,3.3,10,0,4,0,1,10,10,0,0,10,2,-1,0,0,0,0,0,10,,2026-04-06T20:36:36+01:00
snavely/bundler_sfm,gh/8680692,2.0,7,0,0,0,1,3,-1,0,0,0,0,-1,-1,0,0,-1,-1,10,,2026-04-07T12:56:03+01:00
snesrev/zelda3,gh/523544748,3.2,10,3,0,0,3,0,10,0,0,9,0,-1,0,0,0,0,0,10,,2026-04-06T16:34:52+01:00
snooda/net-speeder,gh/29599252,2.5,10,0,0,0,0,0,-1,0,0,10,0,-1,-1,0,0,-1,-1,10,,2026-04-06T20:38:00+01:00
snowflake-labs/pg_lake,gh/1089433316,4.2,10,1,10,0,10,3,10,0,0,10,10,-1,0,0,0,-1,0,0,,2026-04-07T13:55:41+01:00
snowflakedb/snowflake-connector-python,gh/62262074,6.0,0,5,7,0,9,10,10,10,0,10,10,-1,0,0,9,8,0,10,,2026-04-27T21:52:50+01:00
soedinglab/mmseqs2,gh/63755587,4.9,10,0,10,0,0,10,10,0,10,10,10,10,2,0,0,0,0,10,,2026-04-07T10:51:15+01:00
softethervpn/softethervpn,gh/15583310,5.0,0,3,10,0,7,10,10,10,0,10,10,10,0,0,10,0,0,3,,2026-04-06T12:41:34+01:00
softmotions/ejdb,gh/6427744,3.6,5,0,-1,0,0,10,-1,10,0,10,1,-1,-1,0,0,-1,-1,10,,2026-04-07T13:01:15+01:00
solo-io/bumblebee,gh/424577444,3.5,9,8,0,0,9,10,10,0,0,10,0,-1,1,0,0,0,0,0,,2026-04-07T15:00:05+01:00
solokeys/solo1,gh/148706208,3.3,10,0,0,0,3,10,-1,0,0,9,0,-1,0,0,10,0,-1,10,,2026-04-06T20:34:59+01:00
solosky/pixl.js,gh/566688128,3.8,7,6,4,0,6,10,10,0,0,10,10,-1,0,0,0,0,0,0,,2026-04-07T15:57:54+01:00
solusipse/fiche,gh/12633603,2.8,10,0,0,0,1,6,-1,0,0,10,0,-1,-1,0,0,-1,-1,10,,2026-04-07T12:57:38+01:00
sorah/envchain,gh/19921794,3.1,10,0,0,0,2,10,-1,0,0,10,0,-1,-1,0,0,-1,-1,10,,2026-04-07T15:01:53+01:00
soramimi/guitar,gh/77235283,3.5,0,0,0,0,0,10,10,0,10,10,10,-1,0,0,0,0,0,10,,2026-04-07T11:55:56+01:00
sp4cerat/fast-quadric-mesh-simplification,gh/39198475,2.0,0,0,0,0,3,3,-1,0,0,10,1,-1,-1,0,0,-1,-1,10,,2026-04-07T11:55:26+01:00
spacehuhntech/esp8266_deauther,gh/78281075,3.2,10,0,0,0,1,10,10,0,0,9,0,-1,-1,0,0,0,0,10,,2026-04-06T12:40:19+01:00
spacemeowx2/switch-lan-play,gh/113214875,3.2,10,0,0,0,4,6,10,0,0,10,0,-1,0,0,0,0,0,10,,2026-04-07T10:51:49+01:00
sparklemotion/nokogiri,gh/33945,6.3,0,3,10,5,0,10,10,10,10,10,10,10,1,10,10,-1,0,7,,2026-04-06T14:39:52+01:00
spdk/spdk,gh/39042157,6.8,10,3,-1,2,10,10,10,10,10,9,10,10,0,0,9,0,0,10,,2026-04-06T17:36:22+01:00
spencertipping/jit-tutorial,gh/84356596,2.2,10,0,0,0,1,0,-1,0,0,0,0,-1,-1,0,0,-1,-1,10,,2026-04-07T10:55:57+01:00
spooks4576/ghost_esp,gh/772586891,2.5,9,3,10,0,0,3,10,0,0,10,0,-1,0,0,0,0,0,0,,2026-04-07T16:55:53+01:00
sqfmi/watchy,gh/220497210,3.1,10,0,0,0,1,10,10,0,0,10,0,-1,0,0,0,0,0,10,,2026-04-06T19:39:17+01:00
sqlcipher/sqlcipher,gh/38617,4.8,10,0,-1,0,0,10,-1,0,10,10,10,-1,-1,0,0,-1,-1,10,,2026-04-06T14:35:54+01:00
sqlite/sqlite,gh/176278485,4.4,10,0,-1,0,0,0,-1,0,10,9,10,-1,-1,0,0,-1,-1,10,,2026-04-06T13:39:01+01:00
squeaky-pl/japronto,gh/72039072,2.6,10,0,0,0,3,0,-1,10,0,10,0,-1,0,0,0,-1,-1,0,,2026-04-06T13:40:35+01:00
srdja/collections-c,gh/23041948,3.5,10,0,6,0,1,10,10,0,0,10,0,-1,0,0,0,-1,0,10,,2026-04-06T18:50:43+01:00
srijs/rust-crc32fast,gh/157348282,3.8,10,0,10,0,0,0,10,0,10,10,0,-1,0,0,0,-1,0,10,,2026-04-27T21:53:29+01:00
srombauts/sqlitecpp,gh/4002222,5.0,10,0,9,0,4,10,10,10,0,10,5,-1,0,0,0,-1,0,10,,2026-04-06T19:40:42+01:00
starrtc/starrtc-server,gh/164585247,1.3,0,0,0,0,0,6,-1,0,0,0,0,-1,-1,0,0,-1,-1,10,,2026-04-06T18:43:25+01:00
statsite/statsite,gh/4196881,3.4,9,0,0,0,9,10,-1,0,0,9,0,-1,0,0,0,-1,-1,10,,2026-04-07T10:59:15+01:00
stebalien/tempfile,gh/33832372,6.6,10,6,9,0,2,10,10,10,0,10,10,-1,0,0,0,-1,10,10,,2026-04-27T18:08:23+01:00
stefanesser/dumpdecrypted,gh/2474718,2.2,10,0,0,0,1,0,-1,0,0,0,0,-1,-1,0,0,-1,-1,10,,2026-04-06T18:49:22+01:00
stefanpenner/get-caller-file,gh/48818175,1.9,10,0,-1,0,0,10,-1,0,0,10,0,-1,-1,0,0,-1,-1,0,,2026-04-27T16:10:21+01:00
steineggerlab/foldseek,gh/166769317,4.9,10,0,10,0,0,10,10,0,10,10,10,10,2,0,0,0,0,10,,2026-04-07T15:59:10+01:00
stephane-d/sgdk,gh/32350744,3.4,0,0,0,0,5,10,10,0,0,10,10,-1,0,0,0,0,0,10,,2026-04-07T10:49:05+01:00
stephenbradshaw/vulnserver,gh/20147614,2.4,8,0,-1,0,0,0,-1,0,0,10,0,-1,-1,0,0,-1,-1,10,,2026-04-07T16:58:17+01:00
stephenfewer/reflectivedllinjection,gh/2709176,2.0,4,0,0,0,0,3,-1,0,0,10,0,-1,-1,0,0,-1,-1,10,,2026-04-06T17:38:32+01:00
stichting-minix-research-foundation/minix,gh/24751147,0.7,0,0,-1,0,0,10,-1,0,0,9,0,-1,-1,0,0,-1,-1,0,,2026-04-06T17:37:27+01:00
stlink-org/stlink,gh/1253879,4.1,10,0,8,0,3,10,10,0,0,10,0,-1,0,9,4,0,0,10,,2026-04-06T15:39:54+01:00
storybookjs/storybook,gh/54173593,5.8,10,1,10,0,7,10,10,10,0,10,10,-1,6,0,10,-1,0,0,,2026-04-27T16:05:58+01:00
strazzere/android-unpacker,gh/22766694,2.9,10,0,0,0,0,10,-1,0,0,10,0,-1,-1,0,0,-1,-1,10,,2026-04-07T16:00:01+01:00
stream-utils/destroy,gh/15544623,3.3,10,0,-1,0,0,10,10,0,0,10,0,-1,0,0,0,-1,0,10,,2026-04-27T18:08:29+01:00
stream-utils/raw-body,gh/12823654,6.6,10,3,10,0,1,10,10,10,0,10,0,-1,2,9,10,-1,10,10,,2026-04-27T21:53:29+01:00
stream-utils/unpipe,gh/37428186,3.0,10,0,-1,0,0,10,-1,0,0,10,0,-1,-1,0,0,-1,-1,10,,2026-04-27T18:08:35+01:00
streamich/memfs,gh/37490572,5.2,10,0,10,0,0,10,10,10,0,10,10,-1,0,7,10,-1,0,0,,2026-04-27T18:08:36+01:00
streetpea/chiaki-ng,gh/526448037,3.9,7,3,5,0,0,10,10,0,0,10,10,-1,0,0,0,0,0,10,,2026-04-06T20:36:46+01:00
strongswan/strongswan,gh/1031235,6.3,9,3,-1,5,0,10,10,0,10,9,10,-1,0,10,10,8,0,10,,2026-04-06T18:52:10+01:00
strongtz/i915-sriov-dkms,gh/541144641,4.1,10,0,10,0,1,10,10,0,0,10,10,-1,0,0,0,0,0,10,,2026-04-06T20:36:17+01:00
stub42/pytz,gh/63155638,4.8,10,0,0,0,0,10,10,0,10,10,8,10,0,0,9,0,0,10,,2026-04-27T21:53:29+01:00
stuckatprototype/racer,gh/872769562,2.7,10,0,0,0,1,0,-1,0,0,10,4,-1,-1,0,0,0,-1,10,,2026-04-06T17:36:05+01:00
sudo-project/sudo,gh/57972154,5.8,10,3,0,0,1,10,10,0,10,9,10,-1,0,7,10,0,9,7,,2026-04-07T11:56:47+01:00
suguru03/neo-async,gh/27030361,2.8,10,0,-1,0,0,6,-1,10,0,9,0,-1,-1,0,0,-1,-1,0,,2026-04-27T18:08:43+01:00
sultim-t/xash-rt,gh/560182945,3.3,10,0,-1,0,0,10,10,0,10,0,0,-1,0,0,0,0,0,10,,2026-04-07T16:00:48+01:00
sumatrapdfreader/sumatrapdf,gh/6041301,5.6,0,0,-1,0,0,3,10,10,10,10,10,-1,0,10,10,-1,0,10,,2026-04-06T12:39:29+01:00
sunzxyong/tiny,gh/87151503,1.5,0,0,0,0,0,3,-1,0,0,10,0,-1,-1,0,0,-1,-1,10,,2026-04-06T19:43:46+01:00
superhouse/esp-open-rtos,gh/36720532,2.8,0,0,0,0,9,10,-1,0,0,10,0,-1,-1,0,0,-1,-1,10,,2026-04-07T12:56:07+01:00
surge-synthesizer/surge,gh/149678202,4.2,6,0,10,0,6,10,10,0,0,10,10,-1,0,0,0,0,0,10,,2026-04-06T17:34:55+01:00
susam/uncap,gh/42393652,2.4,10,0,0,0,1,0,-1,0,0,10,0,-1,-1,0,0,0,-1,10,,2026-04-07T16:01:31+01:00
sustrik/libdill,gh/49762853,3.4,10,0,0,0,5,10,-1,0,0,10,0,-1,-1,0,0,-1,-1,10,,2026-04-07T10:55:57+01:00
sustrik/libmill,gh/19267652,3.1,10,0,0,0,2,10,-1,0,0,10,0,-1,-1,0,0,-1,-1,10,,2026-04-06T18:37:46+01:00
sval-rs/sval,gh/157205610,4.9,10,0,10,0,0,10,10,0,0,10,10,-1,10,0,0,-1,0,10,,2026-04-27T15:05:49+01:00
svenstaro/rofi-calc,gh/133206372,3.9,10,0,8,0,2,10,10,0,0,10,4,-1,0,0,0,-1,0,10,,2026-04-07T15:59:02+01:00
swaywm/sway,gh/40217904,5.6,10,4,0,0,9,10,-1,0,0,10,10,-1,-1,0,0,8,-1,10,,2026-04-06T12:39:04+01:00
swaywm/swaylock,gh/165581769,4.8,10,3,0,0,7,10,-1,0,0,10,5,-1,-1,0,0,8,-1,10,,2026-04-07T16:56:17+01:00
swaywm/wlroots,gh/89377392,4.8,10,8,0,0,7,10,-1,0,0,10,0,-1,-1,0,0,8,-1,10,,2026-04-06T20:36:23+01:00
swc-project/swc,gh/115110181,5.3,10,4,10,0,4,10,10,10,10,10,10,10,0,0,0,0,0,0,,2026-04-27T21:53:32+01:00
swi-prolog/swipl-devel,gh/17516793,4.1,10,0,-1,0,0,10,10,0,0,9,10,-1,0,0,0,-1,0,10,,2026-04-07T15:56:55+01:00
switchbrew/libnx,gh/103794142,4.8,10,0,9,0,6,10,10,0,0,10,10,-1,0,0,0,-1,0,10,,2026-04-07T13:58:14+01:00
switchbrew/nx-hbmenu,gh/121178203,3.1,10,0,0,0,3,10,-1,0,0,10,2,-1,-1,0,0,0,-1,10,,2026-04-07T13:59:17+01:00
swow/swow,gh/295651066,3.2,10,1,-1,0,0,10,-1,0,0,10,4,-1,-1,0,0,0,-1,10,,2026-04-07T14:56:13+01:00
sybrenstuvel/python-rsa,gh/50107469,5.4,10,0,0,0,4,10,10,10,10,9,0,-1,0,0,10,-1,10,0,,2026-04-27T15:08:19+01:00
symisc/sod,gh/129008037,2.3,10,0,0,0,0,3,-1,0,0,9,0,-1,-1,0,0,0,-1,10,,2026-04-07T10:59:32+01:00
synocommunity/spksrc,gh/2565137,4.4,10,0,10,0,2,10,10,10,0,9,10,10,0,0,0,0,0,0,,2026-04-06T18:35:25+01:00
syntax-tree/unist-util-is,gh/41795086,3.9,10,0,-1,0,0,10,10,0,0,10,0,-1,0,0,10,-1,0,10,,2026-04-27T18:08:53+01:00
sypstraw/rpi4-osdev,gh/279028703,2.5,10,0,0,0,0,0,-1,0,0,10,0,-1,-1,0,0,-1,-1,10,,2026-04-06T17:35:00+01:00
sysstat/sysstat,gh/9670198,4.2,10,0,0,0,0,0,10,0,0,10,2,-1,0,7,0,-1,9,10,,2026-04-06T17:38:03+01:00
system76/firmware-open,gh/176309967,4.9,10,6,3,0,10,10,-1,0,0,9,6,-1,0,0,0,-1,-1,10,,2026-04-07T18:01:50+01:00
systemd/casync,gh/78859695,4.5,10,0,0,0,9,10,-1,0,10,9,0,-1,-1,0,0,-1,-1,10,,2026-04-07T12:56:04+01:00
systemd/systemd,gh/32873313,8.9,10,3,10,5,8,10,10,10,10,10,10,-1,7,10,10,-1,9,10,,2026-04-06T12:39:39+01:00
t6x/reaver-wps-fork-t6x,gh/33783491,2.5,10,0,0,0,3,10,-1,0,0,0,0,-1,-1,0,0,0,-1,10,,2026-04-07T10:55:48+01:00
ta-lib/ta-lib,gh/66132152,3.1,2,3,0,0,1,10,10,0,0,10,5,-1,0,0,0,0,0,10,,2026-04-07T13:00:30+01:00
taf2/curb,gh/34274,4.5,10,3,10,0,0,10,10,0,0,9,10,-1,0,0,0,-1,0,10,,2026-04-07T14:55:44+01:00
taiki-e/pin-project,gh/164668916,7.2,10,3,-1,0,0,10,10,10,0,10,10,-1,10,0,10,-1,10,10,,2026-04-27T18:08:53+01:00
taiki-e/pin-project-lite,gh/216847853,7.2,10,3,-1,0,0,10,10,10,0,10,10,-1,10,0,10,-1,10,10,,2026-04-27T21:53:42+01:00
taiki-e/portable-atomic,gh/448365131,7.8,10,3,10,0,0,10,10,10,0,10,10,-1,10,10,10,-1,10,10,,2026-04-27T15:07:02+01:00
taisei-project/taisei,gh/977986,4.8,10,1,-1,0,0,10,10,0,0,9,10,10,0,0,0,8,0,10,,2026-04-07T12:59:00+01:00
tanakh/cmdline,gh/346151,2.7,10,0,0,0,0,6,-1,0,0,10,0,-1,-1,0,0,-1,-1,10,,2026-04-07T13:57:10+01:00
tapjs/signal-exit,gh/35711072,3.0,10,0,0,0,0,10,10,0,0,10,0,-1,0,0,10,-1,0,0,,2026-04-27T14:57:26+01:00
tapjs/stack-utils,gh/48974178,3.1,10,0,-1,0,0,10,10,0,0,10,0,-1,0,0,10,-1,0,0,,2026-04-27T21:53:46+01:00
tartley/colorama,gh/18892209,4.2,10,0,2,0,4,10,10,0,0,10,0,-1,0,0,10,-1,0,10,,2026-04-27T14:54:50+01:00
tass-belgium/picotcp,gh/8309253,2.7,10,0,0,0,2,10,-1,0,0,9,0,-1,-1,0,0,0,-1,10,,2026-04-07T15:00:00+01:00
tats/w3m,gh/16247635,2.9,10,0,0,0,0,10,10,0,10,9,0,-1,0,0,0,-1,0,0,,2026-04-07T18:01:14+01:00
tavianator/bfs,gh/37432557,7.1,10,3,10,0,0,6,-1,10,0,10,10,-1,-1,10,10,8,-1,10,,2026-04-07T15:56:43+01:00
taviso/123elf,gh/494666336,3.2,10,0,0,0,0,10,-1,0,0,0,3,-1,-1,0,10,0,-1,10,,2026-04-07T15:04:29+01:00
taviso/ctftool,gh/190683905,2.3,10,0,0,0,0,0,-1,0,0,10,0,-1,-1,0,0,0,-1,10,,2026-04-07T11:56:04+01:00
taviso/ctypes.sh,gh/39756569,2.5,10,0,0,0,1,3,-1,0,0,10,0,-1,-1,0,0,0,-1,10,,2026-04-06T20:37:53+01:00
taviso/loadlibrary,gh/92219431,2.8,10,0,0,0,3,0,-1,0,0,10,0,-1,-1,0,0,-1,-1,10,,2026-04-06T16:34:58+01:00
tboox/tbox,gh/1595099,4.4,10,0,8,0,2,10,10,0,0,10,10,-1,0,0,0,-1,0,10,,2026-04-06T15:39:25+01:00
tcurdt/iproxy,gh/479545,2.6,10,0,0,0,0,3,-1,0,0,10,0,-1,-1,0,0,-1,-1,10,,2026-04-07T15:56:03+01:00
teaonly/android-eye,gh/5185037,1.4,0,0,-1,0,0,0,-1,0,0,9,0,-1,-1,0,0,-1,-1,10,,2026-04-07T17:00:17+01:00
techunrestricted/windiskwriter,gh/593748727,2.3,10,0,-1,0,0,0,-1,0,0,10,0,-1,-1,0,0,0,-1,10,,2026-04-06T16:38:01+01:00
teddriggs/darling,gh/89984100,4.0,10,0,10,0,5,10,10,0,0,10,1,-1,0,0,0,-1,0,10,,2026-04-27T21:53:52+01:00
tehshrike/deepmerge,gh/3276413,1.8,10,0,0,0,0,10,-1,0,0,10,0,-1,-1,0,0,-1,-1,0,,2026-04-27T21:53:57+01:00
telegrammessenger/mtproxy,gh/135348215,2.1,10,0,0,0,0,0,-1,0,0,0,0,-1,-1,0,0,-1,-1,10,,2026-04-06T14:41:03+01:00
telekom-security/tpotce,gh/27275442,4.7,10,3,0,0,1,10,10,10,0,10,8,-1,0,0,10,0,0,4,,2026-04-06T13:40:21+01:00
tencent/wcdb,gh/90961634,2.7,0,0,0,0,2,10,-1,0,0,9,10,-1,-1,0,0,0,-1,10,,2026-04-06T13:35:55+01:00
terkelg/sisteransi,gh/122441239,3.1,10,0,-1,0,0,0,10,0,0,10,0,-1,0,0,0,-1,0,10,,2026-04-27T18:09:05+01:00
termux/proot,gh/66195739,4.0,10,0,0,0,0,10,-1,0,0,9,5,-1,-1,0,9,-1,-1,10,,2026-04-07T18:02:54+01:00
termux/termux-x11,gh/204363144,5.1,10,3,0,0,0,6,10,10,0,10,10,-1,0,0,9,0,0,10,,2026-04-06T17:35:18+01:00
terser/terser,gh/29097127,5.9,10,0,10,0,0,10,10,10,0,9,10,-1,5,0,10,-1,10,0,,2026-04-27T18:09:07+01:00
textualize/rich,gh/220809393,6.8,10,6,8,0,1,10,10,10,10,10,10,-1,2,9,10,-1,0,3,,2026-04-27T16:07:41+01:00
tezc/sc,gh/311798324,4.2,10,6,0,0,1,10,10,0,0,10,0,-1,0,7,0,-1,0,10,,2026-04-06T19:47:17+01:00
the-tcpdump-group/libpcap,gh/9435887,4.6,10,3,8,0,0,10,-1,0,10,9,10,-1,-1,0,0,-1,-1,4,,2026-04-06T18:41:23+01:00
the-tcpdump-group/tcpdump,gh/9435882,4.5,10,3,8,0,0,10,-1,0,0,9,10,-1,-1,0,0,-1,-1,10,,2026-04-06T18:36:56+01:00
thealgorithms/python,gh/63476337,5.6,10,6,9,0,10,10,10,10,0,10,10,-1,0,0,0,-1,0,0,,2026-04-06T12:15:20+01:00
theofficialflow/adrenaline,gh/88371341,1.7,0,0,0,0,3,3,-1,0,0,10,0,-1,-1,0,0,0,-1,10,,2026-04-07T11:56:21+01:00
theofficialflow/h-encore,gh/139135252,2.5,10,0,0,0,1,3,-1,0,0,10,0,-1,-1,0,0,0,-1,10,,2026-04-07T16:58:20+01:00
theofficialflow/vitashell,gh/66739335,3.2,10,0,0,0,6,10,-1,0,0,10,0,-1,-1,0,0,0,-1,10,,2026-04-07T12:59:57+01:00
theskumar/python-dotenv,gh/23727790,5.9,10,0,10,0,4,10,10,10,0,10,8,10,0,0,10,-1,0,8,,2026-04-27T21:54:00+01:00
theziz/aha,gh/4260122,2.9,10,0,0,0,3,3,-1,0,0,9,0,-1,-1,0,0,-1,-1,10,,2026-04-07T17:58:49+01:00
thkukuk/rpcsvc-proto,gh/55140533,2.6,10,0,0,0,0,3,-1,0,0,9,0,-1,-1,0,0,-1,-1,10,,2026-04-27T18:09:15+01:00
thlorenz/convert-source-map,gh/8751561,3.9,10,0,1,0,1,10,10,0,0,10,0,-1,0,0,10,-1,0,10,,2026-04-27T18:09:16+01:00
thlorenz/deep-is,gh/9345558,2.5,10,0,0,0,0,0,-1,0,0,9,0,-1,-1,0,0,-1,-1,10,,2026-04-27T18:09:20+01:00
thomasdickey/ncurses-snapshots,gh/65149533,3.8,10,0,-1,0,0,3,-1,0,0,9,10,-1,-1,0,0,-1,-1,10,,2026-04-27T21:54:16+01:00
throwtheswitch/unity,gh/3276860,4.7,10,0,4,0,7,10,10,0,0,10,10,-1,0,0,0,-1,0,10,,2026-04-06T15:39:25+01:00
thundercls/xanalyzer,gh/73458530,1.6,0,0,3,0,1,3,-1,0,0,10,0,-1,-1,0,0,0,-1,10,,2026-04-07T15:57:50+01:00
tianocore/edk2,gh/1613176,7.4,7,8,10,0,10,10,10,10,10,9,10,-1,0,10,0,-1,0,10,,2026-04-06T14:42:42+01:00
tideways/php-xhprof-extension,gh/33001658,2.7,10,0,0,0,1,10,-1,0,0,10,0,-1,-1,0,0,0,-1,10,,2026-04-07T11:56:48+01:00
tidwall/hashmap.c,gh/277642792,3.3,10,0,0,0,4,10,-1,0,0,10,0,-1,-1,0,0,-1,-1,10,,2026-04-07T18:03:44+01:00
tidwall/neco,gh/783844253,3.3,10,0,0,0,1,10,10,0,0,10,0,-1,0,0,0,-1,0,10,,2026-04-07T14:55:49+01:00
tidwall/pogocache,gh/1023788092,4.8,10,3,8,0,3,10,10,10,0,10,8,-1,0,0,0,0,0,7,,2026-04-06T19:48:15+01:00
tiiffi/mcrcon,gh/10777685,2.7,10,0,0,0,1,10,-1,0,0,10,0,-1,-1,0,0,0,-1,10,,2026-04-07T18:03:29+01:00
tim-kos/node-retry,gh/1738798,3.3,10,0,0,0,1,10,10,0,0,9,0,-1,0,0,0,-1,0,10,,2026-04-27T21:54:17+01:00
timercrack/trader,gh/63857395,3.1,4,0,-1,0,0,3,-1,0,0,10,10,-1,-1,0,0,-1,-1,10,,2026-04-06T13:41:48+01:00
timescale/timescaledb,gh/84240850,6.6,10,3,10,5,9,10,10,10,0,9,10,-1,7,0,10,0,0,10,,2026-04-06T12:37:22+01:00
timschneeb/rootlessjamesdsp,gh/509083895,2.2,10,0,0,0,0,3,10,0,0,10,0,-1,0,0,0,-1,0,0,,2026-04-07T13:55:41+01:00
tinycc/tinycc,gh/55339682,4.2,10,0,-1,0,0,10,10,0,0,10,10,-1,0,0,0,-1,0,10,,2026-04-06T18:52:17+01:00
tinyproxy/tinyproxy,gh/47556049,4.4,10,1,4,0,3,10,10,0,0,10,7,-1,0,0,10,0,0,10,,2026-04-06T14:43:21+01:00
tio/tio,gh/24528317,4.6,10,0,9,0,4,10,10,0,0,9,1,-1,0,9,0,8,0,10,,2026-04-06T18:51:59+01:00
tj/commander.js,gh/2206953,6.7,10,0,10,0,6,10,10,10,0,10,10,-1,1,10,10,-1,9,0,,2026-04-27T21:54:24+01:00
tj/mon,gh/3998822,2.7,10,0,0,0,2,10,-1,0,0,0,0,-1,-1,0,0,-1,-1,10,,2026-04-07T17:00:45+01:00
tjguk/wmi,gh/23124645,2.4,10,0,-1,0,0,6,-1,0,0,0,0,-1,-1,0,0,-1,-1,10,,2026-04-27T21:54:35+01:00
tkem/cachetools,gh/18006791,7.5,10,3,10,0,0,10,10,10,10,10,10,-1,5,0,10,-1,10,10,,2026-04-27T16:08:14+01:00
tmate-io/tmate,gh/10651420,3.4,10,0,0,0,6,10,10,0,0,9,0,-1,0,0,0,0,0,10,,2026-04-06T14:41:51+01:00
tmewett/broguece,gh/205895782,4.1,10,0,0,0,5,10,10,0,0,10,10,-1,0,0,0,0,0,10,,2026-04-07T14:58:16+01:00
tmikolov/word2vec,gh/40596205,2.6,10,0,-1,0,0,0,-1,0,0,10,0,-1,-1,0,0,-1,-1,10,,2026-04-07T11:57:58+01:00
tmk/tmk_keyboard,gh/1030602,2.2,9,0,0,0,0,6,-1,0,0,0,0,-1,-1,0,0,-1,-1,10,,2026-04-06T16:36:48+01:00
tmm1/perftools.rb,gh/214378,2.8,10,0,0,0,3,10,-1,0,0,0,0,-1,-1,0,0,-1,-1,10,,2026-04-07T18:02:05+01:00
tmux/tmux,gh/36836475,5.1,10,0,-1,0,0,10,10,0,10,10,10,-1,0,0,0,0,10,10,,2026-04-06T12:35:06+01:00
toblum/mclighting,gh/58388929,3.0,10,3,0,0,1,3,-1,0,0,10,0,-1,-1,0,0,-1,-1,10,,2026-04-07T17:59:13+01:00
tokio-rs/bytes,gh/30062547,5.5,10,8,7,0,7,10,10,0,0,10,4,-1,0,0,9,-1,0,10,,2026-04-27T18:09:33+01:00
tokio-rs/prost,gh/94262864,6.9,10,3,10,0,3,10,10,10,10,10,9,-1,0,0,0,-1,10,10,,2026-04-27T18:09:33+01:00
tokio-rs/slab,gh/37093133,4.5,10,3,6,0,4,10,10,0,0,10,0,-1,0,0,9,-1,0,10,,2026-04-27T21:54:42+01:00
tokio-rs/tokio,gh/67836789,7.7,10,8,10,0,10,10,10,10,10,10,10,-1,0,0,10,-1,0,10,,2026-04-27T15:05:15+01:00
tomaspinho/rtl8821ce,gh/121500241,3.7,10,0,0,0,6,10,10,0,0,9,0,-1,0,0,0,-1,0,10,,2026-04-07T11:55:22+01:00
toml-rs/toml,gh/95902102,7.8,10,3,10,0,1,10,10,10,10,10,10,-1,10,10,0,-1,10,9,,2026-04-27T15:06:02+01:00
tomojitakasu/rtklib,gh/9743267,1.6,6,0,-1,0,0,0,-1,0,0,0,0,-1,-1,0,0,0,-1,10,,2026-04-06T18:50:53+01:00
tongsuo-project/tongsuo,gh/290136001,5.5,10,6,10,0,0,10,-1,0,10,10,10,-1,0,0,0,8,-1,10,,2026-04-07T13:57:07+01:00
tootallnate/proxy-agents,gh/11293703,4.2,10,3,5,0,1,10,10,10,0,0,10,-1,0,0,0,-1,0,0,,2026-04-27T14:55:03+01:00
tootallnate/util-deprecate,gh/19321056,3.1,10,0,0,0,2,10,-1,0,0,10,0,-1,-1,0,0,-1,-1,10,,2026-04-27T15:07:29+01:00
topotam/petitpotam,gh/387242135,2.1,9,0,0,0,1,0,-1,0,0,0,0,-1,-1,0,0,-1,-1,10,,2026-04-06T20:37:11+01:00
torch/torch7,gh/13677187,3.0,10,0,0,0,2,10,-1,0,0,9,0,-1,-1,0,0,-1,-1,10,,2026-04-06T13:39:12+01:00
torvalds/audionoise,gh/1130786764,2.7,10,0,-1,0,0,3,-1,0,0,10,0,-1,-1,0,0,-1,-1,10,,2026-04-06T16:35:57+01:00
torvalds/guitarpedal,gh/1058343058,2.7,10,0,-1,0,0,3,-1,0,0,10,0,-1,-1,0,0,-1,-1,10,,2026-04-07T10:59:27+01:00
torvalds/uemacs,gh/117900805,2.6,10,0,-1,0,0,10,-1,0,0,0,0,-1,-1,0,0,-1,-1,10,,2026-04-07T10:55:19+01:00
tostercx/gtao_booster_poc,gh/343079204,2.7,10,0,0,0,2,0,-1,0,0,10,0,-1,-1,0,0,-1,-1,10,,2026-04-06T18:51:41+01:00
tox-dev/filelock,gh/17098256,7.7,10,3,10,0,0,10,10,10,0,10,10,10,10,5,10,-1,10,10,,2026-04-27T21:55:05+01:00
tox-dev/platformdirs,gh/367032142,7.6,10,3,9,0,1,10,10,10,0,10,10,-1,10,6,10,-1,10,10,,2026-04-27T18:09:46+01:00
tqdm/tqdm,gh/36804486,5.8,10,3,5,5,3,10,-1,0,10,9,10,-1,-1,0,0,8,-1,10,,2026-04-27T16:10:26+01:00
traildb/traildb,gh/22868877,3.2,10,3,0,0,2,10,-1,0,0,10,0,-1,0,0,0,-1,-1,10,,2026-04-07T16:59:29+01:00
trailofbits/ctf,gh/19956920,4.4,3,0,0,0,3,10,10,10,0,10,0,-1,2,0,10,-1,0,10,,2026-04-07T13:57:48+01:00
tree-sitter/py-tree-sitter,gh/176665172,5.5,10,3,6,0,5,10,10,10,0,10,5,10,0,0,0,-1,0,10,,2026-04-07T13:58:57+01:00
trezor/trezor-firmware,gh/180590388,6.5,8,8,10,0,10,10,0,10,10,9,10,-1,9,0,10,-1,0,5,,2026-04-07T11:55:38+01:00
tronkko/dirent,gh/43087387,3.2,10,0,2,0,2,0,10,0,0,10,0,-1,0,0,0,-1,0,10,,2026-04-07T16:01:09+01:00
troygoode/node-require-directory,gh/3053807,2.9,10,0,0,0,2,6,-1,0,0,10,0,-1,-1,0,0,-1,-1,10,,2026-04-27T21:55:05+01:00
trungnguyen1909/qemu-t8030,gh/336719229,2.4,2,0,-1,0,0,10,10,0,10,9,0,-1,0,0,0,-1,0,0,,2026-04-06T20:37:15+01:00
trustedsec/cs-remote-ops-bof,gh/485449938,3.6,0,6,0,0,3,6,10,0,0,10,10,-1,0,0,0,0,0,10,,2026-04-07T16:56:19+01:00
trustedsec/cs-situational-awareness-bof,gh/279918558,3.7,0,6,0,0,3,10,10,0,0,10,10,-1,0,0,0,0,0,10,,2026-04-07T11:54:20+01:00
trustedsec/trevorc2,gh/108566111,2.9,10,0,0,0,5,3,-1,0,0,9,0,-1,0,0,0,-1,-1,10,,2026-04-07T14:58:26+01:00
trysound/postcss-value-parser,gh/40920306,2.3,10,0,0,0,5,10,-1,0,0,10,0,-1,-1,0,0,-1,-1,0,,2026-04-27T14:55:57+01:00
tsconfig/bases,gh/263697285,4.7,10,3,10,0,8,10,10,0,0,10,4,-1,0,0,0,-1,0,10,,2026-04-27T16:09:37+01:00
tsl0922/ttyd,gh/68063511,4.0,10,0,4,0,2,0,10,10,0,10,10,10,0,0,0,0,0,0,,2026-04-06T13:36:36+01:00
tsoding/musializer,gh/684322132,3.2,10,0,7,0,1,10,10,0,0,10,0,-1,0,0,0,0,0,10,,2026-04-07T14:56:09+01:00
tsoding/nob.h,gh/872697706,4.3,10,0,10,0,0,10,10,0,0,9,10,-1,0,0,0,-1,0,10,,2026-04-06T19:41:35+01:00
tsudakageyu/minhook,gh/9982112,3.2,10,0,0,0,5,3,10,0,0,9,0,-1,0,0,0,0,0,10,,2026-04-06T15:35:04+01:00
ttrftech/nanovna,gh/79353227,2.4,10,0,0,0,1,10,-1,0,0,0,0,-1,-1,0,0,0,-1,10,,2026-04-07T15:00:18+01:00
tuanpmt/esp_mqtt,gh/28503528,3.1,10,0,0,0,2,10,-1,0,0,10,0,-1,-1,0,0,-1,-1,10,,2026-04-07T16:00:33+01:00
tukaani-project/xz,gh/553665726,5.4,10,0,-1,0,0,10,-1,0,10,9,10,-1,-1,0,10,8,-1,6,,2026-04-07T13:58:53+01:00
turanszkij/wickedengine,gh/37770961,4.6,6,8,10,0,4,10,10,0,0,10,10,-1,0,0,0,0,0,10,,2026-04-06T14:36:09+01:00
tuya/tuyaopen,gh/735469449,3.5,0,0,10,0,9,6,10,0,10,9,10,-1,0,0,0,0,0,0,,2026-04-07T13:58:43+01:00
twitter/fatcache,gh/7412800,4.0,10,0,0,0,5,10,-1,0,0,10,0,-1,-1,0,9,-1,-1,10,,2026-04-07T14:59:48+01:00
twitter/ios-twitter-image-pipeline,gh/80138087,3.0,6,0,0,0,2,3,-1,0,0,10,0,-1,-1,0,9,-1,-1,10,,2026-04-07T10:58:18+01:00
twitter/pelikan,gh/42829191,5.5,10,6,0,0,9,10,10,10,10,10,0,-1,0,0,9,-1,0,0,,2026-04-07T10:52:36+01:00
tyilo/insert_dylib,gh/22401106,2.5,10,0,0,0,0,10,-1,0,0,0,0,-1,-1,0,0,-1,-1,10,,2026-04-07T10:49:45+01:00
typescript-eslint/typescript-eslint,gh/165536154,6.2,10,8,10,0,9,10,10,10,0,10,10,-1,0,0,10,-1,0,0,,2026-04-27T14:53:22+01:00
u-boot/u-boot,gh/26537135,3.4,10,0,-1,0,0,10,-1,0,10,9,10,-1,0,0,0,-1,-1,0,,2026-04-06T15:40:12+01:00
uber/h3,gh/114948816,5.8,10,1,10,0,10,10,10,10,10,10,10,-1,0,0,0,-1,0,0,,2026-04-06T14:41:24+01:00
uclouvain/openjpeg,gh/30830585,3.6,10,0,7,0,4,10,10,0,10,9,5,-1,0,0,0,0,0,0,,2026-04-07T17:01:02+01:00
ufrisk/memprocfs,gh/158113416,2.6,4,0,0,0,0,0,-1,0,0,10,10,-1,-1,0,0,0,-1,10,,2026-04-06T16:37:13+01:00
ufrisk/pcileech,gh/64324413,2.1,6,0,-1,0,0,0,-1,0,0,10,2,-1,-1,0,0,0,-1,10,,2026-04-06T13:42:35+01:00
unbit/uwsgi,gh/2541704,4.0,10,0,8,0,7,10,10,0,0,9,0,-1,0,0,0,-1,0,10,,2026-04-06T17:36:15+01:00
unclerus/esp-idf-lib,gh/126475029,4.6,10,1,5,0,7,10,10,10,0,0,0,-1,0,0,0,-1,0,10,,2026-04-07T11:57:26+01:00
unicode-org/icu4x,gh/243395141,6.4,9,5,10,0,9,10,10,10,10,9,10,-1,9,0,10,0,0,0,,2026-04-27T15:06:31+01:00
unicode-rs/unicode-xid,gh/34637906,3.5,10,0,6,0,1,10,10,0,0,9,0,-1,0,0,0,-1,0,10,,2026-04-27T18:10:04+01:00
universal-ctags/ctags,gh/578839,5.0,10,3,10,0,0,10,10,10,0,10,10,-1,0,0,0,0,0,10,,2026-04-06T14:35:29+01:00
unlir/xdrive,gh/296525319,2.6,10,0,-1,0,0,0,-1,0,0,10,0,-1,-1,0,0,-1,-1,10,,2026-04-07T13:00:34+01:00
unpaper/unpaper,gh/2207125,3.8,10,0,0,0,10,10,10,0,0,10,0,-1,0,0,0,0,0,10,,2026-04-07T16:01:12+01:00
unshiftio/requires-port,gh/26316179,3.2,10,0,0,0,0,10,10,0,0,10,0,-1,0,0,0,-1,0,10,,2026-04-27T21:55:20+01:00
uoaerg/wavemon,gh/11787822,3.1,10,0,0,0,2,3,-1,0,0,10,3,-1,-1,0,0,-1,-1,10,,2026-04-07T16:00:57+01:00
uqfoundation/dill,gh/11031844,4.1,10,0,2,0,0,10,-1,0,10,9,2,-1,-1,0,10,0,-1,10,,2026-04-27T18:10:07+01:00
urllib3/urllib3,gh/2410676,8.9,10,8,10,5,9,10,10,10,10,10,10,10,8,10,10,0,10,10,,2026-04-27T14:52:37+01:00
usbhost/mx_ffmpeg,gh/34973309,2.4,7,0,-1,0,0,0,-1,0,10,0,0,-1,-1,0,0,0,-1,10,,2026-04-06T20:37:20+01:00
util-linux/util-linux,gh/2339555,7.4,10,3,10,5,7,10,10,10,10,10,10,-1,0,9,0,-1,9,5,,2026-04-06T18:39:17+01:00
uuidjs/uuid,gh/1203139,6.8,10,8,9,0,2,10,10,10,0,10,10,10,6,8,3,-1,0,8,,2026-04-27T15:06:23+01:00
uzbl/uzbl,gh/182032,3.8,10,3,0,0,6,10,-1,0,0,10,0,-1,-1,0,0,-1,-1,10,,2026-04-07T17:59:18+01:00
v4l2loopback/v4l2loopback,gh/935735,4.1,10,0,7,0,0,10,-1,0,0,10,3,-1,-1,0,10,-1,-1,10,,2026-04-06T16:36:41+01:00
valdikss/goodbyedpi,gh/91493088,3.5,10,0,1,0,3,6,10,0,0,10,4,-1,0,0,0,0,0,10,,2026-04-06T12:36:18+01:00
valinet/explorerpatcher,gh/394318710,3.3,0,0,-1,0,0,3,10,0,0,10,8,-1,10,0,0,0,0,10,,2026-04-06T12:35:50+01:00
valinet/win11disableroundedcorners,gh/403121314,2.4,10,0,-1,0,0,3,-1,0,0,10,0,-1,-1,0,0,0,-1,10,,2026-04-07T18:03:44+01:00
valkey-io/valkey,gh/775743011,6.7,10,4,10,0,10,10,0,10,0,9,10,-1,10,9,10,-1,10,0,,2026-04-06T12:36:45+01:00
valvesoftware/wine,gh/114296710,2.1,10,0,-1,0,0,10,-1,0,0,9,3,-1,-1,0,0,-1,-1,0,,2026-04-07T10:58:18+01:00
vanhauser-thc/thc-hydra,gh/19112091,4.3,10,0,0,0,5,10,10,0,0,10,4,10,0,0,0,-1,0,10,,2026-04-06T13:35:37+01:00
vanhauser-thc/thc-ipv6,gh/32096132,3.2,10,0,0,0,3,10,-1,0,0,10,0,-1,-1,0,0,-1,-1,10,,2026-04-07T16:01:09+01:00
vanhoefm/fragattacks,gh/297789201,2.8,10,0,0,0,0,10,-1,0,10,9,0,-1,0,0,0,-1,-1,5,,2026-04-07T15:00:52+01:00
vanhoefm/krackattacks-scripts,gh/107408514,2.3,10,0,0,0,0,10,-1,0,0,9,0,-1,0,0,0,-1,-1,7,,2026-04-06T17:36:39+01:00
vanilla-wiiu/vanilla,gh/798408323,3.5,9,0,2,0,1,0,10,0,0,10,10,-1,0,0,0,0,0,10,,2026-04-07T10:58:13+01:00
varnish/hitch,gh/33190756,2.9,10,0,4,0,1,10,-1,0,0,9,0,-1,0,0,0,-1,-1,10,,2026-04-07T10:50:55+01:00
varnishcache/varnish-cache,gh/43681824,4.2,10,3,10,0,1,10,10,0,10,9,0,-1,0,0,0,-1,0,8,,2026-04-06T16:37:02+01:00
veandco/go-sdl2,gh/10509683,2.9,0,3,1,0,2,10,10,0,0,10,0,-1,0,0,0,-1,0,10,,2026-04-06T20:35:24+01:00
vedderb/bldc,gh/15768646,2.6,0,0,0,0,1,10,-1,0,0,0,10,-1,-1,0,0,-1,-1,10,,2026-04-06T18:50:43+01:00
ventoy/ventoy,gh/246335987,3.1,0,0,3,0,4,10,10,0,0,10,7,-1,0,0,0,0,0,10,,2026-04-06T12:34:48+01:00
veracrypt/veracrypt,gh/26376490,3.3,1,0,8,0,3,10,10,0,0,9,0,-1,0,0,0,8,0,10,,2026-04-06T13:38:39+01:00
vercel/ai,gh/644461337,6.3,10,8,10,0,10,10,10,10,0,9,10,-1,0,0,10,-1,0,0,,2026-04-27T21:55:20+01:00
vercel/ms,gh/3655872,5.3,10,6,8,0,10,10,10,10,0,10,0,-1,0,0,10,-1,0,0,,2026-04-27T14:53:05+01:00
vercel/next.js,gh/70107786,6.0,0,4,10,0,9,10,10,10,10,10,10,10,2,0,10,-1,0,0,,2026-04-27T21:55:33+01:00
vergoh/vnstat,gh/17148260,4.0,10,0,-1,0,0,6,10,0,0,10,5,-1,0,0,0,8,0,10,,2026-04-07T11:55:43+01:00
vgmstream/vgmstream,gh/5591410,3.8,0,3,8,0,3,10,10,0,0,9,10,-1,0,0,4,0,0,10,,2026-04-07T10:49:01+01:00
vial-kb/vial-qmk,gh/304185057,6.2,10,0,10,0,9,10,10,10,0,10,10,-1,0,0,0,-1,10,4,,2026-04-07T15:02:37+01:00
viest/php-ext-xlswriter,gh/111766797,3.3,10,0,0,0,4,10,10,0,0,10,0,-1,0,0,0,0,0,10,,2026-04-06T20:35:00+01:00
vinta/awesome-python,gh/21289110,6.3,10,4,1,0,4,10,10,10,0,9,10,-1,0,0,0,-1,10,10,,2026-04-06T12:14:57+01:00
virtio-win/kvm-guest-drivers-windows,gh/2524933,5.6,10,6,9,0,10,10,10,0,0,10,10,-1,0,0,0,-1,0,10,,2026-04-06T19:47:01+01:00
virtualbox/virtualbox,gh/984809295,4.9,0,6,-1,0,0,10,10,0,10,10,10,-1,0,0,10,-1,9,0,,2026-04-07T17:59:35+01:00
virustotal/yara,gh/7037996,3.9,0,1,5,0,4,10,10,0,10,10,2,-1,0,1,10,0,0,9,,2026-04-06T13:38:24+01:00
vision5/ngx_devel_kit,gh/492054,3.0,10,0,0,0,1,10,-1,0,0,10,0,-1,-1,0,0,-1,-1,10,,2026-04-07T18:01:54+01:00
visionmedia/bytes.js,gh/4626886,3.2,10,0,0,0,0,10,10,0,0,10,0,-1,0,0,0,-1,0,10,,2026-04-27T16:07:35+01:00
visionmedia/node-cookie-signature,gh/6229722,2.9,10,0,0,0,0,10,-1,0,0,10,0,-1,-1,0,0,-1,-1,10,,2026-04-27T21:55:35+01:00
visit1985/mdp,gh/24022333,3.5,10,0,0,0,5,3,10,0,0,10,0,-1,0,0,0,-1,0,10,,2026-04-06T15:37:12+01:00
vitest-dev/vitest,gh/434708679,5.9,7,6,5,0,7,10,10,10,0,10,10,-1,7,0,10,-1,0,0,,2026-04-27T18:10:20+01:00
vitoplantamura/bugchecker,gh/584477080,3.4,10,0,0,0,5,0,-1,0,10,10,0,-1,-1,0,0,0,-1,10,,2026-04-07T18:01:03+01:00
vivien/i3blocks,gh/16628673,2.7,10,0,-1,0,0,10,-1,0,0,10,0,-1,-1,0,0,0,-1,10,,2026-04-06T19:48:45+01:00
vk-com/kphp-kdb,gh/16957000,2.7,10,0,0,0,1,3,-1,0,0,10,0,-1,-1,0,0,-1,-1,10,,2026-04-06T14:41:20+01:00
vlfeat/vlfeat,gh/193263,2.9,10,0,0,0,0,10,-1,0,0,10,0,-1,-1,0,0,-1,-1,10,,2026-04-07T11:56:23+01:00
vlm/asn1c,gh/989603,3.5,10,0,0,0,3,10,-1,0,10,10,0,-1,-1,0,0,0,-1,10,,2026-04-07T16:55:48+01:00
vmware/open-vm-tools,gh/19161415,3.6,10,0,-1,0,0,6,-1,0,0,0,7,-1,-1,0,10,0,-1,10,,2026-04-06T19:46:41+01:00
vnmakarov/mir,gh/178932492,3.4,10,0,0,0,2,10,10,0,0,10,0,-1,0,0,0,-1,0,10,,2026-04-06T19:47:39+01:00
void-linux/xbps,gh/137503503,4.9,10,0,10,0,1,10,10,0,0,9,10,-1,0,10,0,-1,0,10,,2026-04-07T18:02:26+01:00
vorner/signal-hook,gh/137260008,4.4,10,0,10,0,1,10,10,10,0,10,3,-1,0,0,0,-1,0,7,,2026-04-27T21:55:47+01:00
vozlt/nginx-module-vts,gh/30759499,3.6,10,0,9,0,1,10,10,0,0,10,10,-1,0,0,0,-1,0,0,,2026-04-06T17:36:52+01:00
vstakhov/libucl,gh/13486798,4.7,10,0,5,0,3,10,10,0,10,10,10,-1,0,0,0,-1,0,7,,2026-04-07T11:54:41+01:00
vtereshkov/umka-lang,gh/256645086,3.8,10,0,-1,0,0,10,10,0,0,10,10,-1,0,0,0,0,0,10,,2026-04-07T10:51:21+01:00
vuejs/core,gh/137078487,5.6,10,3,9,0,3,10,10,10,0,10,10,10,0,0,10,-1,0,0,,2026-04-27T16:05:57+01:00
vurtun/lib,gh/46439308,2.5,10,0,0,0,3,0,-1,0,0,0,0,-1,-1,0,0,-1,-1,10,,2026-04-07T13:58:13+01:00
vurtun/nuklear,gh/32866454,2.8,10,0,0,0,3,10,-1,0,0,0,0,-1,-1,0,0,-1,-1,10,,2026-04-06T12:40:44+01:00
vvaltchev/tilck,gh/53845595,3.8,10,3,0,0,0,6,-1,0,0,10,10,-1,0,0,0,-1,-1,10,,2026-04-06T18:42:24+01:00
vxunderground/vxug-papers,gh/303049486,1.8,8,0,-1,0,0,0,-1,0,0,0,0,-1,-1,0,0,-1,-1,8,,2026-04-07T13:59:20+01:00
vysheng/tg,gh/13297858,3.2,9,0,0,0,4,10,-1,0,0,10,0,-1,-1,0,0,-1,-1,10,,2026-04-06T14:36:04+01:00
wandenberg/nginx-push-stream-module,gh/994615,1.5,10,0,0,0,0,3,-1,0,0,9,0,-1,-1,0,0,-1,-1,0,,2026-04-06T20:36:38+01:00
wang-cankun/open-acs,gh/1074575407,3.5,10,0,-1,0,0,0,10,0,0,10,5,-1,0,0,0,-1,0,10,,2026-04-07T12:56:38+01:00
warmcat/libwebsockets,gh/8046269,5.9,9,0,-1,0,0,10,10,0,0,9,10,-1,0,10,9,-1,9,10,,2026-04-06T15:37:05+01:00
wasm-bindgen/wasm-bindgen,gh/114685405,6.6,7,8,10,0,10,10,10,10,0,10,10,-1,0,0,0,0,10,10,,2026-04-27T14:56:32+01:00
wasm3/wasm3,gh/212152900,2.9,0,0,0,0,3,10,10,0,10,10,0,-1,0,0,0,0,0,9,,2026-04-06T13:41:50+01:00
watson/ci-info,gh/71475907,3.2,10,0,6,0,1,10,10,0,0,10,3,-1,1,0,0,-1,0,3,,2026-04-27T15:52:45+01:00
waujito/youtubeunblock,gh/831758478,4.0,10,3,10,0,0,3,10,0,0,10,10,-1,0,0,0,0,0,10,,2026-04-07T13:57:05+01:00
wavestone-cdt/edrsandblast,gh/423888812,2.4,10,0,0,0,2,0,-1,0,0,0,0,-1,-1,0,0,-1,-1,10,,2026-04-07T10:59:42+01:00
wazuh/wazuh,gh/40556106,4.7,7,6,10,0,8,10,0,0,10,9,10,10,0,0,10,-1,0,0,,2026-04-06T12:40:05+01:00
wbenny/injdrv,gh/107860962,2.6,10,0,-1,0,0,0,-1,0,0,10,0,-1,-1,0,0,-1,-1,10,,2026-04-07T15:02:32+01:00
wbond/asn1crypto,gh/36823669,4.5,10,0,0,0,1,10,10,0,10,10,1,-1,0,0,10,-1,0,10,,2026-04-27T16:09:12+01:00
webhdx/picoboot,gh/476035218,2.9,10,0,1,0,0,0,10,0,0,10,1,-1,0,0,0,0,0,10,,2026-04-07T11:56:35+01:00
webmproject/libwebp,gh/23368445,3.9,8,0,-1,0,0,10,-1,0,0,10,10,-1,-1,0,0,-1,-1,10,,2026-04-06T20:35:44+01:00
webpack/enhanced-resolve,gh/5400204,6.5,10,5,9,0,0,10,10,10,0,10,10,-1,8,0,10,-1,0,10,,2026-04-27T18:10:29+01:00
webpack/loader-utils,gh/6503675,5.0,10,5,0,0,1,10,10,10,0,10,0,-1,0,0,9,-1,10,0,,2026-04-27T16:06:43+01:00
webpack/schema-utils,gh/80306715,4.5,10,5,4,0,0,10,10,10,0,10,0,-1,3,0,10,-1,0,0,,2026-04-27T15:07:23+01:00
webpack/tapable,gh/7730086,6.3,10,5,8,0,1,10,10,10,0,10,10,-1,8,0,10,-1,0,7,,2026-04-27T16:09:01+01:00
webpack/terser-webpack-plugin,gh/143057914,6.6,10,5,8,0,1,10,10,10,0,10,10,-1,2,0,10,-1,10,5,,2026-04-27T21:55:54+01:00
webpack/watchpack,gh/24119524,6.5,10,5,10,0,0,10,10,10,0,10,10,-1,8,0,10,-1,0,10,,2026-04-27T21:56:02+01:00
webpack/webpack-sources,gh/48954523,6.4,10,5,9,0,0,10,10,10,0,10,10,-1,7,0,10,-1,0,9,,2026-04-27T21:56:11+01:00
webreflection/flatted,gh/131121620,5.6,10,0,10,0,0,10,10,10,0,10,10,-1,1,4,4,-1,0,10,,2026-04-27T21:56:21+01:00
webreflection/html-escaper,gh/33597730,3.0,10,0,-1,0,0,10,-1,0,0,10,0,-1,-1,0,0,-1,-1,10,,2026-04-27T18:10:45+01:00
webserver-llc/angie,gh/557753836,4.1,10,0,-1,0,0,10,-1,0,0,10,10,-1,-1,0,0,-1,-1,10,,2026-04-06T20:35:31+01:00
websocket-client/websocket-client,gh/1202362,4.0,10,0,8,0,0,10,10,0,10,10,0,-1,0,0,0,-1,0,10,,2026-04-27T21:56:25+01:00
websockets/ws,gh/2744972,5.5,10,0,7,0,1,10,10,0,0,10,8,-1,0,0,10,-1,10,10,,2026-04-27T15:53:08+01:00
webspiderutils/verification_code,gh/247605959,2.5,9,0,-1,0,0,0,-1,0,0,10,0,-1,-1,0,0,-1,-1,10,,2026-04-07T16:55:42+01:00
weechat/weechat,gh/17359210,5.5,10,3,5,0,0,10,-1,0,10,10,10,-1,-1,5,0,-1,-1,10,,2026-04-06T17:38:21+01:00
wesleytodd/setprototypeof,gh/30301031,3.6,10,0,0,0,1,10,-1,0,0,10,0,-1,-1,0,9,-1,-1,10,,2026-04-27T16:09:33+01:00
westes/flex,gh/14521001,7.1,10,0,3,0,9,10,10,10,10,9,5,-1,10,7,0,2,10,10,,2026-04-06T16:37:28+01:00
wg/wrk,gh/3774328,3.5,10,0,-1,0,0,0,10,0,0,9,0,-1,0,0,9,-1,0,10,,2026-04-06T12:35:17+01:00
whitecatboard/lua-rtos-esp32,gh/70908474,2.7,10,0,0,0,3,3,-1,0,0,9,0,-1,0,0,0,-1,-1,10,,2026-04-07T14:59:26+01:00
whitequark/ipaddr.js,gh/2110585,3.9,10,0,3,0,2,10,10,0,0,10,5,-1,0,0,0,-1,0,10,,2026-04-27T18:10:51+01:00
wiire-a/pixiewps,gh/33315835,2.5,10,0,0,0,0,10,-1,0,0,9,0,-1,-1,0,0,0,-1,10,,2026-04-07T11:55:27+01:00
wilix-team/iohook,gh/76130102,3.3,10,0,0,0,4,10,10,10,0,10,0,-1,0,0,0,0,0,0,,2026-04-07T15:02:33+01:00
winfsp/sshfs-win,gh/61451917,2.9,10,0,0,0,5,6,-1,0,0,9,0,-1,-1,0,0,0,-1,10,,2026-04-06T14:41:04+01:00
winfsp/winfsp,gh/59151203,3.3,1,0,0,0,3,10,10,0,0,9,10,-1,0,0,0,0,0,10,,2026-04-06T13:41:01+01:00
winsiderss/phnt,gh/144783940,3.8,10,6,0,0,4,6,-1,0,0,10,0,-1,-1,0,0,-1,-1,10,,2026-04-07T13:59:13+01:00
wiredtiger/wiredtiger,gh/2944302,5.2,9,7,10,0,10,10,10,0,10,9,10,-1,0,0,0,0,0,3,,2026-04-06T20:34:58+01:00
wireshark/wireshark,gh/21329550,4.7,10,0,-1,0,0,10,10,0,10,10,10,-1,0,0,0,-1,0,10,,2026-04-06T13:39:32+01:00
wiringpi/wiringpi,gh/4830334,5.2,10,6,10,0,10,10,10,0,0,10,10,-1,0,0,0,0,0,10,,2026-04-06T17:38:11+01:00
wiseman/py-webrtcvad,gh/56901410,2.9,10,0,0,0,2,6,-1,0,0,9,0,-1,-1,0,0,-1,-1,10,,2026-04-06T19:48:43+01:00
wishstudio/flinux,gh/21739472,2.4,10,0,0,0,1,0,-1,0,0,10,0,-1,-1,0,0,0,-1,10,,2026-04-06T17:36:02+01:00
withoutboats/heck,gh/86326466,3.4,10,0,5,0,0,10,10,0,0,10,0,-1,0,0,0,-1,0,10,,2026-04-27T21:56:35+01:00
wizteam/wizqtclient,gh/6682094,2.4,1,0,0,0,7,3,-1,0,0,9,0,-1,-1,0,0,-1,-1,10,,2026-04-06T19:40:48+01:00
wkl-sec/hiddendesktop,gh/643378604,2.4,10,0,-1,0,0,3,-1,0,0,10,0,-1,-1,0,0,0,-1,10,,2026-04-07T14:59:38+01:00
wmcbrine/pdcurses,gh/37628106,2.5,10,0,0,0,0,10,-1,0,0,0,0,-1,-1,0,0,-1,-1,10,,2026-04-07T15:56:02+01:00
woai3c/mit6.828,gh/235565361,2.2,10,0,-1,0,0,0,-1,0,0,0,0,-1,-1,0,0,-1,-1,10,,2026-04-07T10:56:17+01:00
wojciechmula/pyahocorasick,gh/10390556,3.4,10,0,7,0,3,10,10,0,0,10,0,-1,0,0,0,0,0,10,,2026-04-07T16:59:08+01:00
wolfcw/libfaketime,gh/1657215,4.9,10,0,0,0,10,10,10,0,0,10,10,-1,0,0,0,-1,0,10,,2026-04-06T18:47:40+01:00
wolkykim/qlibc,gh/17431133,4.4,10,6,1,0,8,10,10,0,0,9,0,-1,0,0,0,-1,0,10,,2026-04-07T18:03:10+01:00
woltapp/blurhash,gh/193885464,4.4,9,0,0,0,9,10,-1,10,0,10,0,-1,-1,0,9,-1,-1,0,,2026-04-06T12:38:33+01:00
wren6991/picodvi,gh/331532749,2.7,10,0,0,0,2,0,-1,0,0,10,0,-1,-1,0,0,-1,-1,10,,2026-04-07T13:55:49+01:00
wszqkzqk/deepin-wine-ubuntu,gh/139652405,1.5,0,0,0,0,3,6,-1,0,0,0,0,-1,-1,0,0,0,-1,10,,2026-04-06T14:42:10+01:00
wuxiaolie/knowledge-notes,gh/402253379,2.6,10,0,-1,0,0,0,-1,0,0,9,0,-1,-1,0,0,-1,-1,10,,2026-04-07T12:58:01+01:00
wuxx/nanodap,gh/150421605,1.3,0,0,0,0,0,0,-1,0,0,10,0,-1,0,0,0,-1,-1,10,,2026-04-07T15:01:57+01:00
wysaid/android-gpuimage-plus,gh/46547417,4.3,0,3,10,0,0,3,10,0,0,10,10,10,0,0,0,0,9,10,,2026-04-07T10:56:05+01:00
x11libre/xserver,gh/925684065,5.4,10,0,0,0,10,10,10,0,0,9,10,-1,0,0,10,-1,0,10,,2026-04-06T16:35:50+01:00
x64dbg/gleebug,gh/48104657,2.3,0,0,0,0,3,10,-1,0,0,10,4,-1,-1,0,0,0,-1,10,,2026-04-07T15:56:54+01:00
xairy/kernel-exploits,gh/51833023,2.2,10,0,-1,0,0,0,-1,0,0,0,0,-1,-1,0,0,-1,-1,10,,2026-04-07T12:56:08+01:00
xboxdev/extract-xiso,gh/41184715,3.4,10,0,0,0,9,0,10,0,0,9,0,-1,0,0,0,0,0,10,,2026-04-07T18:03:10+01:00
xcuri0/rebaruefi,gh/513040158,2.8,10,0,-1,0,0,0,10,0,0,10,0,-1,0,0,0,0,0,10,,2026-04-07T10:48:28+01:00
xdp-project/xdp-tutorial,gh/172523426,3.0,10,0,0,0,9,6,-1,0,0,0,0,-1,-1,0,0,0,-1,10,,2026-04-06T18:51:27+01:00
xerpi/vita2hos,gh/457052429,4.0,10,0,10,0,0,10,10,0,0,9,0,-1,0,0,0,0,10,10,,2026-04-07T15:55:39+01:00
xiaojieonly/ehviewer_cn_sxj,gh/311241324,3.2,4,0,3,0,1,0,10,0,0,9,10,-1,0,0,0,0,0,10,,2026-04-06T12:37:08+01:00
xilinx/vitis-tutorials,gh/211912254,3.6,8,0,-1,0,0,10,-1,0,0,10,10,-1,0,0,0,-1,-1,10,,2026-04-07T12:57:25+01:00
xinntao/real-esrgan-ncnn-vulkan,gh/391314147,3.0,10,0,0,0,0,10,10,0,0,9,0,-1,0,0,0,0,0,10,,2026-04-07T10:50:43+01:00
xinyuan-lilygo/t-display-s3,gh/502892801,3.6,9,0,7,0,3,10,10,0,0,10,10,-1,0,0,0,-1,0,0,,2026-04-07T17:00:43+01:00
xinyuan-lilygo/ttgo-t-display,gh/192898206,2.7,10,0,0,0,1,3,-1,0,0,10,0,-1,-1,0,0,-1,-1,10,,2026-04-07T16:00:15+01:00
xinyuan-lilygo/ttgo_twatch_library,gh/202286916,3.1,10,3,0,0,1,6,-1,0,0,10,0,-1,-1,0,0,-1,-1,10,,2026-04-07T17:59:56+01:00
xiotechnologies/fusion,gh/476009209,4.4,10,3,9,0,0,3,10,0,0,10,10,-1,0,0,0,-1,0,10,,2026-04-07T12:57:08+01:00
xiph/flac,gh/23097875,4.7,10,0,7,0,5,10,10,0,10,10,10,-1,0,0,0,0,0,9,,2026-04-06T20:36:07+01:00
xiph/lpcnet,gh/154748951,2.7,8,0,-1,0,0,10,-1,0,0,10,0,-1,-1,0,0,-1,-1,10,,2026-04-07T15:56:17+01:00
xiph/ogg,gh/33956205,3.3,10,0,-1,0,0,10,10,0,0,10,0,-1,0,0,0,-1,0,10,,2026-04-27T18:10:57+01:00
xiph/opus,gh/23097173,4.5,10,0,-1,0,0,10,10,10,10,9,10,-1,0,0,0,0,0,2,,2026-04-06T18:42:37+01:00
xiph/rnnoise,gh/99199151,2.7,10,0,-1,0,0,10,-1,0,0,10,0,-1,-1,0,0,0,-1,10,,2026-04-06T15:35:56+01:00
xitrix/moonlight-switch,gh/375381453,3.1,2,0,10,0,0,0,10,0,0,10,10,-1,0,0,0,0,0,10,,2026-04-07T13:56:14+01:00
xmasterx/all-the-plugins,gh/559048939,1.7,0,0,-1,0,0,10,-1,0,0,10,10,-1,-1,0,0,0,-1,0,,2026-04-07T13:57:29+01:00
xorg62/tty-clock,gh/23513,3.9,10,0,0,0,10,10,-1,0,0,10,0,-1,-1,0,0,-1,-1,10,,2026-04-07T16:59:00+01:00
xortroll/goldleaf,gh/139088736,3.6,10,0,2,0,1,3,10,0,0,10,10,-1,0,0,0,0,0,9,,2026-04-06T18:51:07+01:00
xorvoid/sectorc,gh/645052090,2.7,10,0,0,0,2,0,-1,0,0,10,0,-1,-1,0,0,-1,-1,10,,2026-04-07T10:58:58+01:00
xproger/openlara,gh/65638810,2.9,2,0,0,0,6,10,-1,0,0,10,5,-1,-1,0,0,0,-1,10,,2026-04-06T15:40:20+01:00
xtuc/webassemblyjs,gh/113006071,2.6,0,0,0,0,2,10,-1,10,0,10,0,-1,-1,0,9,-1,-1,0,,2026-04-27T14:53:19+01:00
xufuji456/ffmpegandroid,gh/118572426,2.9,3,3,-1,0,0,0,-1,0,0,0,10,-1,-1,0,0,-1,-1,10,,2026-04-06T14:43:35+01:00
xyb3rt/sxiv,gh/1263522,2.5,10,0,0,0,0,0,-1,0,0,10,0,-1,-1,0,0,-1,-1,10,,2026-04-07T10:57:33+01:00
y123456yz/reading-and-comprehense-linux-kernel-network-protocol-stack,gh/42760177,2.7,10,0,-1,0,0,3,-1,0,0,10,0,-1,-1,0,0,-1,-1,10,,2026-04-07T15:04:08+01:00
y123456yz/reading-code-of-nginx-1.9.2,gh/42766197,1.6,0,0,-1,0,0,3,-1,0,0,10,0,-1,-1,0,0,-1,-1,10,,2026-04-06T16:36:20+01:00
yaml/libyaml,gh/2699072,3.6,10,1,0,0,1,10,10,0,10,10,0,-1,0,0,0,0,0,9,,2026-04-27T21:56:41+01:00
yaml/pyyaml,gh/2700147,4.6,10,1,1,0,2,10,10,0,10,10,0,-1,0,0,10,-1,0,10,,2026-04-27T14:57:12+01:00
yandex/odyssey,gh/135175513,6.6,10,6,10,0,10,10,10,10,0,10,10,10,0,0,0,-1,0,10,,2026-04-06T17:36:47+01:00
yanfeizhang/coder-kung-fu,gh/330980599,2.6,10,0,-1,0,0,0,-1,0,0,10,0,-1,-1,0,0,-1,-1,10,,2026-04-06T14:36:42+01:00
yangyangwithgnu/bypass_disablefunc_via_ld_preload,gh/161904619,2.0,8,0,-1,0,0,0,-1,0,0,0,0,-1,-1,0,0,-1,-1,10,,2026-04-07T16:00:13+01:00
yargs/set-blocking,gh/58830287,2.8,10,0,0,0,3,0,-1,0,0,10,0,-1,-1,0,0,-1,-1,10,,2026-04-27T18:11:10+01:00
yargs/yargs,gh/14210523,5.7,10,1,8,0,4,10,10,10,0,10,3,-1,0,0,0,-1,10,10,,2026-04-27T18:11:20+01:00
yargs/yargs-parser,gh/50258379,5.4,10,8,2,0,8,10,10,10,0,10,0,-1,0,0,0,-1,0,10,,2026-04-27T15:07:49+01:00
yarrick/iodine,gh/3354902,4.4,10,0,5,0,2,10,10,0,0,10,0,-1,0,0,0,-1,10,10,,2026-04-06T13:42:11+01:00
yarrick/pingfs,gh/22738072,2.6,10,0,0,0,0,3,-1,0,0,10,0,-1,-1,0,0,-1,-1,10,,2026-04-06T17:36:46+01:00
yasm/yasm,gh/1416677,4.5,10,6,0,0,9,10,10,0,0,9,0,-1,0,0,9,0,0,10,,2026-04-07T13:56:07+01:00
yaxser/backstab,gh/377220157,1.9,9,0,0,0,1,0,-1,0,0,0,0,-1,-1,0,0,0,-1,10,,2026-04-07T12:58:51+01:00
yeeztech/yeez-privacy-computing,gh/350192996,3.4,10,6,0,0,0,6,-1,0,0,10,0,-1,-1,0,0,-1,-1,10,,2026-04-07T17:58:49+01:00
yhzhang0128/egos-2000,gh/482953099,3.4,10,0,0,0,1,3,-1,0,0,9,10,-1,-1,0,0,0,-1,10,,2026-04-06T19:47:57+01:00
yianwillis/vimcdoc,gh/12397441,3.3,10,0,0,0,1,0,-1,0,0,9,10,-1,-1,0,0,0,-1,10,,2026-04-06T20:38:08+01:00
yifengyou/learn-kvm,gh/138052940,2.3,10,0,-1,0,0,3,-1,0,0,0,0,-1,-1,0,0,-1,-1,10,,2026-04-07T14:59:11+01:00
yifengyou/the-design-and-implementation-of-a-64-bit-os,gh/135894165,2.0,7,0,-1,0,0,3,-1,0,0,0,0,-1,-1,0,0,-1,-1,10,,2026-04-07T15:56:43+01:00
yitter/idgenerator,gh/347427259,2.4,10,0,0,0,3,10,-1,0,0,10,0,-1,-1,0,0,0,-1,5,,2026-04-06T18:37:24+01:00
yoanbernabeu/grepai,gh/1131085323,4.8,10,3,10,0,7,10,10,10,0,10,0,10,1,0,10,0,0,0,,2026-04-07T13:56:42+01:00
yodaos-project/yodaos,gh/161603460,1.7,0,0,-1,0,0,10,10,0,0,10,0,-1,0,0,0,-1,0,0,,2026-04-07T15:56:10+01:00
yourtion/30daymakeos,gh/23693362,1.5,0,0,0,0,1,6,-1,0,0,9,0,-1,-1,0,0,0,-1,10,,2026-04-06T14:38:58+01:00
yrutschle/sslh,gh/11324991,5.0,9,0,0,0,0,10,10,0,0,10,10,10,0,0,0,-1,9,10,,2026-04-06T15:39:52+01:00
ysurac/openmptcprouter,gh/115103308,3.8,9,0,0,0,0,3,10,0,0,10,10,-1,0,0,0,-1,0,10,,2026-04-06T20:35:10+01:00
yuandaimaahao/androidframeworktutorial,gh/625454057,2.1,6,0,-1,0,0,0,-1,0,0,10,0,-1,-1,0,0,-1,-1,10,,2026-04-07T16:58:36+01:00
yugabyte/yugabyte-db,gh/105944401,5.3,4,3,10,0,9,10,10,10,10,9,10,-1,0,0,0,-1,0,0,,2026-04-06T13:38:02+01:00
yutaka-sawada/multipar,gh/239781275,1.8,0,0,-1,0,0,0,-1,0,0,0,8,-1,-1,0,0,0,-1,10,,2026-04-07T15:04:00+01:00
yuzujs/setimmediate,gh/1981208,3.0,10,0,0,0,1,10,-1,0,0,10,0,-1,-1,0,0,-1,-1,10,,2026-04-27T21:57:01+01:00
zaneham/barracuda,gh/1159122506,3.2,10,0,10,0,0,0,10,0,0,10,0,-1,0,0,0,-1,0,10,,2026-04-07T13:00:37+01:00
zardus/preeny,gh/32290157,3.7,10,0,0,0,8,10,-1,0,0,10,0,-1,-1,0,0,-1,-1,10,,2026-04-07T11:56:22+01:00
zauonlok/renderer,gh/85579630,2.8,6,0,0,0,0,0,10,0,0,10,0,-1,0,7,0,0,0,10,,2026-04-06T19:36:45+01:00
zavg/linux-0.01,gh/13304991,2.2,10,0,-1,0,0,0,-1,0,0,0,0,-1,-1,0,0,-1,-1,10,,2026-04-07T12:56:39+01:00
zbar/zbar,gh/5914933,2.6,10,0,-1,0,0,0,-1,0,0,10,0,-1,-1,0,0,-1,-1,10,,2026-04-06T19:47:43+01:00
zelda64recomp/zelda64recomp,gh/708994262,3.2,10,0,5,0,5,10,10,0,0,10,6,-1,0,0,0,0,0,0,,2026-04-06T14:36:15+01:00
zeldaret/oot,gh/247875738,4.0,0,3,10,0,10,10,-1,0,0,0,10,-1,0,0,0,-1,-1,10,,2026-04-06T15:36:47+01:00
zerbea/hcxdumptool,gh/122817843,4.5,10,0,-1,0,0,10,10,0,0,10,10,-1,0,0,0,8,0,10,,2026-04-07T10:48:32+01:00
zerbea/hcxtools,gh/87620707,4.6,10,0,10,0,0,10,10,0,0,10,10,-1,0,0,0,8,0,10,,2026-04-06T20:35:10+01:00
zeromq/czmq,gh/1510809,3.5,9,0,0,0,8,10,10,0,0,10,0,-1,0,0,0,0,0,10,,2026-04-07T15:02:40+01:00
zertosh/loose-envify,gh/41947687,3.0,10,0,0,0,1,10,-1,0,0,10,0,-1,-1,0,0,-1,-1,10,,2026-04-27T16:05:43+01:00
zetaloop/explorerpatcher,gh/432596002,3.0,10,0,-1,0,0,6,10,0,0,10,0,-1,0,0,0,0,0,10,,2026-04-07T10:50:47+01:00
zevv/bucklespring,gh/50997736,3.3,10,0,0,0,7,10,-1,0,0,10,0,-1,-1,0,0,0,-1,10,,2026-04-07T12:57:06+01:00
zhaojh329/rtty,gh/92715023,2.9,10,0,0,0,0,0,10,0,0,10,2,-1,0,0,0,0,0,10,,2026-04-06T16:37:25+01:00
zherczeg/sljit,gh/167513149,3.4,10,3,8,0,5,6,10,0,0,9,3,-1,0,0,0,-1,0,0,,2026-04-07T17:01:15+01:00
zigzap/zap,gh/588329504,3.4,9,0,10,0,0,10,10,0,0,10,0,-1,0,0,0,-1,0,10,,2026-04-06T17:38:14+01:00
zinggjm/gxepd2,gh/132256123,3.7,10,3,0,0,0,0,-1,0,0,10,8,-1,-1,0,0,-1,-1,10,,2026-04-07T13:59:28+01:00
ziutek/emgo,gh/21649110,2.6,10,0,-1,0,0,0,-1,0,0,10,0,-1,-1,0,0,-1,-1,10,,2026-04-07T16:58:32+01:00
zlgopen/awtk,gh/122325570,5.8,8,6,-1,0,0,10,10,10,0,10,10,-1,0,10,0,-1,9,0,,2026-04-06T17:38:09+01:00
zlib-ng/minizip-ng,gh/3235524,6.0,10,1,10,0,3,10,10,10,10,9,10,-1,0,10,0,0,0,10,,2026-04-07T13:56:21+01:00
zlib-ng/zlib-ng,gh/25165333,6.8,10,2,10,0,9,10,-1,10,10,10,10,-1,0,10,0,0,-1,10,,2026-04-07T10:53:15+01:00
zloirock/core-js,gh/11481338,4.0,10,1,-1,0,0,10,10,0,0,10,10,-1,0,0,10,-1,0,0,,2026-04-27T15:06:21+01:00
zmap/zmap,gh/7765403,4.4,10,1,5,0,8,10,10,0,0,10,0,10,0,0,0,-1,0,10,,2026-04-06T14:40:53+01:00
zmkfirmware/zmk,gh/270692521,6.0,10,6,9,0,10,10,10,10,0,10,10,-1,0,0,0,-1,0,5,,2026-04-06T16:37:56+01:00
zodiacon/windowsinternals,gh/73790510,2.5,10,0,0,0,2,3,-1,0,0,10,0,-1,-1,0,0,0,-1,10,,2026-04-06T19:37:17+01:00
zpl-c/zpl,gh/96797726,3.8,9,0,0,0,1,10,10,0,0,9,0,-1,0,7,9,0,0,10,,2026-04-07T17:58:47+01:00
zserge/jsmn,gh/43683082,3.2,10,0,0,0,7,0,-1,0,0,10,0,-1,-1,0,0,-1,-1,10,,2026-04-06T16:37:00+01:00
zsh-users/zsh,gh/2086459,4.0,10,0,-1,0,0,10,-1,0,0,9,10,-1,-1,0,0,-1,-1,10,,2026-04-06T16:36:44+01:00
zuoqing1988/zqcnn,gh/132091868,2.0,0,0,0,0,0,0,-1,0,0,10,5,-1,-1,0,0,-1,-1,10,,2026-04-06T20:36:50+01:00
zyantific/zydis,gh/25708163,4.9,10,1,5,0,10,10,10,0,10,10,0,-1,0,0,9,0,0,10,,2026-04-06T16:36:44+01:00
