repo,repo_id,gh_sponsors_enabled,gh_sponsorships_in,gh_sponsorships_out,gh_sponsorships,gh_sponsorships_p,gh_stars,gh_forks,has_funding_links,has_funding_yml,funding_link_platforms,has_funding_json,has_npm_funding,npm_funding_url,has_pypi_funding,pypi_funding_platforms,bf_maintainer_fundable,channels_count,oc_slug,oc_avg_funding,oc_avg_funding_p,host,host_type,owner,owner_type,host_score,score,intent,nonprofit
7rulnik/source-map-js,gh/330043541,True,2,0,2,40.5,102,13,False,False,,False,False,,False,,False,0,,0,100.0,,,,,1,74,True,True
acornjs/acorn,gh/5932749,False,0,0,0,100.0,11372,1021,False,False,,False,False,,False,,True,0,,0,100.0,,,,,1,100,True,True
acornjs/acorn-jsx,gh/22187098,False,0,0,0,100.0,670,76,False,False,,False,False,,False,,True,0,,0,100.0,,,,,1,100,True,True
adobe/react-spectrum,gh/208362715,False,0,0,0,100.0,15031,1415,False,False,,False,False,,False,,True,0,,0,100.0,,,adobe.com,company,0,1,True,False
agronholm/anyio,gh/145337588,False,0,0,0,100.0,2447,201,True,True,tidelift,False,False,,False,,False,1,,0,100.0,,,,,1,79,True,True
agronholm/exceptiongroup,gh/447694800,False,0,0,0,100.0,48,23,True,True,tidelift,False,False,,False,,False,1,,0,100.0,,,,,1,79,True,True
ai/nanoid,gh/99401299,True,23,2,25,19.21,26755,842,True,True,"github,tidelift",False,True,https://github.com/sponsors/ai,False,,True,3,,0,100.0,,,,,1,58,True,True
aio-libs-abandoned/async-timeout,gh/67703198,True,7,,7,31.88,572,58,False,True,,False,False,,False,,True,0,,0,100.0,,,,,1,68,True,True
aio-libs/aiobotocore,gh/36618494,True,7,0,7,31.88,1403,203,True,True,"github,open_collective,tidelift",False,False,,False,,True,3,aio-libs,1551.90,6.77,,,,,1,28,True,True
aio-libs/aiohttp,gh/13258039,True,7,0,7,31.88,16422,2260,True,True,"github,open_collective,tidelift,custom",False,False,,False,,True,4,,0,100.0,,,,,1,68,True,True
aio-libs/aiosignal,gh/205007356,True,7,0,7,31.88,163,21,True,True,"github,open_collective,tidelift,custom",False,False,,False,,True,4,aio-libs,1551.90,6.77,,,,,1,28,True,True
aio-libs/frozenlist,gh/204197530,True,7,0,7,31.88,121,36,True,True,"github,open_collective,tidelift,custom",False,False,,False,,True,4,aio-libs,1551.90,6.77,,,,,1,28,True,True
aio-libs/multidict,gh/51206425,True,7,0,7,31.88,490,122,True,True,"github,open_collective,tidelift,custom",False,False,,False,,True,4,,0,100.0,,,,,1,68,True,True
aio-libs/propcache,gh/866565706,True,7,0,7,31.88,33,18,True,True,"github,open_collective,tidelift,custom",False,False,,False,,False,4,aio-libs,1551.90,6.77,,,,,1,28,True,True
aio-libs/yarl,gh/64756820,True,7,0,7,31.88,1479,188,True,True,"github,open_collective,tidelift,custom",False,False,,False,,True,4,aio-libs,1551.90,6.77,,,,,1,28,True,True
ajv-validator/ajv,gh/35914020,False,0,0,0,100.0,14689,956,True,True,"github,tidelift,open_collective",False,True,https://github.com/sponsors/epoberezkin,False,,True,4,ajv,10393.16,4.04,,,,,1,34,True,True
ajv-validator/ajv-formats,gh/281084700,False,0,0,0,100.0,221,41,True,True,"github,open_collective",False,False,,False,,True,2,,0,100.0,,,,,1,100,True,True
ajv-validator/ajv-keywords,gh/60477053,False,0,0,0,100.0,257,50,True,True,"github,tidelift",False,False,,False,,True,2,,0,100.0,,,,,1,79,True,True
alexei/sprintf.js,gh/9175790,False,0,0,0,100.0,2141,283,False,False,,False,False,,False,,False,0,,0,100.0,,,,,1,100,False,True
alexeyraspopov/picocolors,gh/410740124,False,0,0,0,100.0,1702,49,False,False,,False,False,,False,,False,0,,0,100.0,,,,,1,100,False,True
alexhuszagh/rust-lexical,gh/155286170,False,0,1,1,42.79,356,40,False,False,,False,False,,False,,False,0,,0,100.0,,,,,1,75,False,True
alexindigo/asynckit,gh/59087459,False,0,0,0,100.0,25,11,False,False,,False,False,,False,,False,0,,0,100.0,,,,,1,100,False,True
amanieu/parking_lot,gh/58731560,False,0,0,0,100.0,3324,268,False,False,,False,False,,False,,False,0,,0,100.0,,,,,1,100,False,True
andialbrecht/sqlparse,gh/4067434,False,0,0,0,100.0,4004,722,False,False,,False,False,,False,,False,0,,0,100.0,,,,,1,100,False,True
andrewrk/node-pend,gh/11836813,True,27,0,27,19.0,15,6,False,False,,False,False,,False,,True,0,,0,100.0,,,,,1,57,True,True
andyperlitch/jsbn,gh/9710533,False,0,0,0,100.0,173,41,False,False,,False,False,,False,,False,0,,0,100.0,,,,,1,100,False,True
angular/angular-cli,gh/36891867,False,0,0,0,100.0,27040,11870,False,False,,False,False,,False,,False,0,,0,100.0,,,google.com,company,0,1,True,False
annotated-types/annotated-types,gh/487934134,False,0,0,0,100.0,598,27,False,False,,False,False,,False,,True,0,,0,100.0,,,,,1,100,True,True
antonk52/lilconfig,gh/238967485,True,2,1,3,39.19,186,10,False,False,,False,True,https://github.com/sponsors/antonk52,False,,True,1,,0,100.0,,,,,1,73,True,True
apache/airflow,gh/33884891,False,0,0,0,100.0,45212,16941,False,False,,False,False,,False,,True,0,,0,100.0,apache,nonprofit,,,0.5,79,True,True
apache/arrow,gh/51905353,False,0,0,0,100.0,16691,4087,False,False,,False,False,,False,,True,0,,0,100.0,apache,nonprofit,,,0.5,79,True,True
apache/arrow-rs,gh/358917250,False,0,0,0,100.0,3443,1158,False,False,,False,False,,False,,True,0,,0,100.0,apache,nonprofit,,,0.5,79,True,True
ardatan/graphql-tools,gh/54432168,True,3,0,3,39.19,5425,828,True,True,github,False,False,,False,,True,1,,0,100.0,,,,,1,73,True,True
ardatan/whatwg-node,gh/429511342,True,3,0,3,39.19,194,37,True,True,github,False,False,,False,,True,1,,0,100.0,,,,,1,73,True,True
assert-rs/snapbox,gh/424722460,False,0,0,0,100.0,174,26,False,False,,False,False,,False,,True,0,,0,100.0,,,,,1,100,True,True
astanin/python-tabulate,gh/205875548,False,0,0,0,100.0,2548,186,False,False,,False,False,,False,,False,0,,0,100.0,,,,,1,100,False,True
astral-sh/ruff,gh/523043277,False,0,38,38,17.79,47269,2030,False,False,,False,False,,False,,False,0,astral-sh,2000,6.0,,,astral.sh,company,0,1,True,False
auth0/node-jwa,gh/8116861,False,0,0,0,100.0,102,45,False,False,,False,False,,False,,False,0,,0,100.0,,,auth0.com,company,0,1,True,False
autotools-mirror/autoconf,gh/47662429,False,0,0,0,100.0,66,25,False,False,,False,False,,False,,False,0,,0,100.0,fsf/gnu,nonprofit,,,0.5,79,True,True
autotools-mirror/libtool,gh/47662711,False,0,0,0,100.0,51,28,False,False,,False,False,,False,,False,0,,0,100.0,fsf/gnu,nonprofit,,,0.5,79,True,True
autotools-mirror/m4,gh/66880383,False,0,0,0,100.0,28,4,False,False,,False,False,,False,,False,0,,0,100.0,fsf/gnu,nonprofit,,,0.5,79,True,True
aws/aws-cli,gh/6780767,False,0,1,1,42.79,16905,4526,False,False,,False,False,,False,,False,0,,0,100.0,,,amazon.com,company,0,1,True,False
aws/aws-sdk-js-crypto-helpers,gh/149673986,False,0,1,1,42.79,68,34,False,False,,False,False,,False,,False,0,,0,100.0,,,amazon.com,company,0,1,True,False
aws/aws-sdk-js-v3,gh/87228090,False,0,1,1,42.79,3610,677,False,False,,False,False,,False,,False,0,,0,100.0,,,amazon.com,company,0,1,True,False
axios/axios,gh/23088740,True,20,0,20,22.93,109033,11654,True,True,"github,open_collective",False,False,,False,,False,2,axios,32031.31,1.86,,,,,1,16,True,True
azure/azure-sdk-for-js,gh/108311273,False,0,0,0,100.0,2290,1362,False,False,,False,False,,False,,False,0,,0,100.0,,,microsoft.com,company,0,1,True,False
azure/azure-sdk-for-python,gh/4127088,False,0,0,0,100.0,5531,3289,False,False,,False,False,,False,,False,0,,0,100.0,,,microsoft.com,company,0,1,True,False
azure/msrest-for-python,gh/71186468,,,0,0,100.0,42,69,,,,False,False,,False,,False,0,,0,100.0,,,,,1,100,False,True
azuread/microsoft-authentication-library-for-python,gh/67243113,False,0,0,0,100.0,958,214,False,False,,False,False,,False,,False,0,,0,100.0,,,microsoft.com,company,0,1,True,False
babel/babel,gh/24560307,True,42,0,42,17.58,43896,5812,True,True,"github,open_collective",False,False,,False,,True,2,babel,65464.75,0.66,,,,,1,11,True,True
babel/babel-polyfills,gh/190579283,True,42,0,42,17.58,356,61,True,True,"github,open_collective",False,False,,False,,True,2,babel,65464.75,0.66,,,,,1,11,True,True
babel/minify,gh/55723051,True,42,0,42,17.58,4376,219,True,True,"github,open_collective",False,False,,False,,False,2,babel,65464.75,0.66,,,,,1,11,True,True
bdwgc/bdwgc,gh/2109456,False,0,0,0,100.0,3453,434,False,False,,False,False,,False,,False,0,,0,100.0,,,,,1,100,False,True
beatgammit/base64-js,gh/2853282,False,0,0,0,100.0,882,390,False,False,,False,True,https://github.com/sponsors/feross,False,,True,1,,0,100.0,,,,,1,79,True,True
benjaminp/six,gh/77868600,False,0,0,0,100.0,1019,273,False,False,,False,False,,False,,False,0,,0,100.0,,,,,1,100,False,True
besser82/libxcrypt,gh/35503965,False,0,0,0,100.0,235,62,False,False,,False,False,,False,,False,0,,0,100.0,,,,,1,100,False,True
bincode-org/bincode,gh/24130045,,,,0,100.0,3073,309,,,,False,False,,False,,False,0,,0,100.0,,,,,1,100,False,True
bitflags/bitflags,gh/29287955,False,0,0,0,100.0,1124,163,False,False,,False,False,,False,,False,0,,0,100.0,,,,,1,100,False,True
blakeembrey/array-flatten,gh/17789771,True,10,3,13,27.29,86,20,True,True,github,False,False,,False,,True,1,,0,100.0,,,,,1,65,True,True
blakeembrey/change-case,gh/9440238,True,10,3,13,27.29,2402,102,True,True,github,False,False,,False,,True,1,,0,100.0,,,,,1,65,True,True
bluss/bencher,gh/65987276,True,0,0,0,100.0,92,16,False,False,,False,False,,False,,True,0,,0,100.0,,,,,1,100,True,True
bminor/glibc,gh/13868694,False,0,0,0,100.0,1863,464,False,False,,False,False,,False,,False,0,,0,100.0,fsf/gnu,nonprofit,,,0.5,79,True,True
boto/boto3,gh/24774658,False,0,0,0,100.0,9775,1968,False,False,,False,False,,False,,False,0,,0,100.0,,,amazon.com,company,0,1,True,False
boto/botocore,gh/6670942,False,0,0,0,100.0,1613,1153,False,False,,False,False,,False,,False,0,,0,100.0,,,amazon.com,company,0,1,True,False
boto/s3transfer,gh/49535299,False,0,0,0,100.0,232,152,False,False,,False,False,,False,,False,0,,0,100.0,,,amazon.com,company,0,1,True,False
brianc/node-postgres,gh/991475,True,16,0,16,25.66,13114,1309,True,True,github,False,False,,False,,True,1,,0,100.0,,,,,1,64,True,True
broofa/mime,gh/534940,True,5,0,5,34.72,2355,322,True,True,github,False,True,https://github.com/sponsors/broofa,False,,True,2,,0,100.0,,,,,1,70,True,True
broofa/node-int64,gh/1208666,,,0,0,100.0,205,45,,,,False,False,,False,,False,0,,0,100.0,,,,,1,100,True,True
browserify/events,gh/1649251,False,0,0,0,100.0,1409,174,True,True,tidelift,False,False,,False,,False,1,,0,100.0,,,,,1,79,True,True
browserify/node-util,gh/14568009,False,0,0,0,100.0,254,92,True,True,tidelift,False,False,,False,,True,1,,0,100.0,,,,,1,79,True,True
browserify/randombytes,gh/29300004,False,0,0,0,100.0,102,47,False,False,,False,False,,False,,False,0,,0,100.0,,,,,1,100,True,True
browserify/resolve,gh/1915099,False,0,0,0,100.0,793,190,True,True,"github,tidelift",True,True,https://github.com/sponsors/ljharb,False,,True,4,,0,100.0,,,,,1,79,True,True
browserslist/browserslist,gh/27971466,False,0,0,0,100.0,13527,763,True,True,"github,open_collective,tidelift",False,True,https://opencollective.com/browserslist,False,,True,4,browserslist,4300.28,5.02,,,,,1,37,True,True
browserslist/caniuse-lite,gh/80221890,False,0,0,0,100.0,611,84,True,True,"github,open_collective,tidelift",False,True,https://opencollective.com/browserslist,False,,True,4,,0,100.0,,,,,1,79,True,True
browserslist/update-db,gh/505548145,False,0,0,0,100.0,766,210,True,True,"github,open_collective,tidelift",False,True,https://opencollective.com/browserslist,False,,True,4,,0,100.0,,,,,1,79,True,True
burntsushi/aho-corasick,gh/37290678,True,110,2,112,13.32,1233,114,True,True,github,False,False,,False,,True,1,,0,100.0,,,,,1,51,True,True
burntsushi/jiff,gh/759017108,True,110,2,112,13.32,2691,96,True,True,github,False,False,,False,,True,1,,0,100.0,,,,,1,51,True,True
burntsushi/memchr,gh/37290652,True,110,2,112,13.32,1431,140,True,True,github,False,False,,False,,True,1,,0,100.0,,,,,1,51,True,True
burntsushi/quickcheck,gh/17559913,True,110,2,112,13.32,2749,162,False,False,,False,False,,False,,True,0,,0,100.0,,,,,1,51,True,True
burntsushi/same-file,gh/78375612,True,110,2,112,13.32,120,24,True,True,github,False,False,,False,,True,1,,0,100.0,,,,,1,51,True,True
burntsushi/termcolor,gh/141345580,True,110,2,112,13.32,487,55,True,True,github,False,False,,False,,True,1,,0,100.0,,,,,1,51,True,True
burntsushi/ucd-generate,gh/123997498,True,110,2,112,13.32,117,26,True,True,github,False,False,,False,,True,1,,0,100.0,,,,,1,51,True,True
burntsushi/walkdir,gh/42685794,True,110,2,112,13.32,1497,125,True,True,github,False,False,,False,,True,1,,0,100.0,,,,,1,51,True,True
burntsushi/winapi-util,gh/146040682,True,110,2,112,13.32,75,20,True,True,github,False,False,,False,,True,1,,0,100.0,,,,,1,51,True,True
businho/pytest-ruff,gh/599731435,False,0,0,0,100.0,35,9,False,False,,False,False,,False,,False,0,,0,100.0,,,,,1,100,False,True
bytecodealliance/rustix,gh/295544240,False,0,0,0,100.0,1973,260,False,False,,False,False,,False,,False,0,,0,100.0,bytecodealliance.org,nonprofit,,,0.5,79,True,True
bytecodealliance/wasi-rs,gh/196445196,False,0,0,0,100.0,351,63,False,False,,False,False,,False,,False,0,,0,100.0,bytecodealliance.org,nonprofit,,,0.5,79,True,True
c-ares/c-ares,gh/571708,False,0,0,0,100.0,2132,658,False,False,,False,False,,False,,False,0,,0,100.0,,,,,1,100,False,True
calvinmetcalf/minimalistic-assert,gh/29144257,False,0,0,0,100.0,19,4,False,False,,False,False,,False,,False,0,,0,100.0,,,,,1,100,False,True
calvinmetcalf/process-nextick-args,gh/36039131,False,0,0,0,100.0,33,16,False,False,,False,False,,False,,False,0,,0,100.0,,,,,1,100,False,True
caolan/async,gh/698041,False,0,0,0,100.0,28173,2381,False,False,,False,False,,False,,False,0,,0,100.0,,,,,1,100,False,True
certbot/certbot,gh/26516210,False,0,0,0,100.0,33013,3495,True,True,custom,False,False,,False,,False,1,,0,100.0,eff.org,nonprofit,,,0.5,79,True,True
certifi/python-certifi,gh/3060959,False,0,0,0,100.0,966,288,False,False,,False,False,,False,,False,0,,0,100.0,,,,,1,100,False,True
chaijs/type-detect,gh/12107007,False,0,0,0,100.0,127,30,False,False,,False,False,,False,,True,0,chaijs,0,100.0,,,,,1,100,True,True
chalk/ansi-regex,gh/20451415,False,0,0,0,100.0,202,90,True,False,"github,tidelift",False,True,https://github.com/chalk/ansi-regex?sponsor=1,False,,True,3,,0,100.0,,,,,1,79,True,True
chalk/ansi-styles,gh/11803168,False,0,0,0,100.0,458,81,True,False,"github,tidelift",False,True,https://github.com/chalk/ansi-styles?sponsor=1,False,,True,3,,0,100.0,,,,,1,79,True,True
chalk/chalk,gh/11855195,False,0,0,0,100.0,23161,959,True,False,"github,open_collective,tidelift,custom",False,True,https://github.com/chalk/chalk?sponsor=1,False,,True,5,,0,100.0,,,,,1,79,True,True
chalk/slice-ansi,gh/43191689,False,0,0,0,100.0,51,18,True,False,"github,tidelift",False,True,https://github.com/chalk/slice-ansi?sponsor=1,False,,True,3,,0,100.0,,,,,1,79,True,True
chalk/strip-ansi,gh/15014856,False,0,0,0,100.0,504,44,True,False,"github,tidelift",False,True,https://github.com/chalk/strip-ansi?sponsor=1,False,,True,3,,0,100.0,,,,,1,79,True,True
chalk/supports-color,gh/11855007,False,0,0,0,100.0,367,90,True,False,github,False,True,https://github.com/chalk/supports-color?sponsor=1,False,,True,2,,0,100.0,,,,,1,79,True,True
chalk/wrap-ansi,gh/41053676,False,0,0,0,100.0,136,29,True,False,"github,tidelift",False,True,https://github.com/chalk/wrap-ansi?sponsor=1,False,,True,3,,0,100.0,,,,,1,79,True,True
chalker/safer-buffer,gh/125825141,False,0,0,0,100.0,27,24,False,False,,False,False,,False,,False,0,,0,100.0,,,,,1,100,False,True
chardet/chardet,gh/5196969,False,0,0,0,100.0,2612,297,False,False,,False,False,,False,,False,0,,0,100.0,,,,,1,100,False,True
cheeriojs/dom-serializer,gh/18991884,True,5,0,5,34.72,142,72,True,True,"github,open_collective",False,True,https://github.com/cheeriojs/dom-serializer?sponsor=1,False,,True,3,cheerio,13778.74,3.38,,,,,1,23,True,True
chicoxyzzy/node-releases,gh/73765596,False,0,0,0,100.0,38,10,False,False,,False,False,,False,,False,0,,0,100.0,,,,,1,100,False,True
chronotope/chrono,gh/18210201,False,0,0,0,100.0,3840,601,False,False,,False,False,,False,,False,0,,0,100.0,,,,,1,100,False,True
chronotope/humantime,gh/59320323,False,0,0,0,100.0,378,46,False,False,,False,False,,False,,False,0,,0,100.0,,,,,1,100,False,True
clap-rs/clap,gh/31315121,True,12,0,12,28.06,16338,1174,True,True,"github,open_collective",False,False,,False,,True,2,clap,2897.69,5.24,,,,,1,24,True,True
cloudflare/cloudflare-python,gh/753271547,False,0,0,0,100.0,435,115,False,False,,False,False,,False,,False,0,,0,100.0,,,cloudflare.com,company,0,1,True,False
colinhacks/zod,gh/245704608,True,56,0,56,16.7,42515,1919,True,True,github,False,False,,False,,True,1,,0,100.0,,,,,1,55,True,True
colorjs/color-name,gh/27038309,False,0,0,0,100.0,124,33,False,False,,False,False,,False,,True,0,,0,100.0,,,,,1,100,True,True
comex/rust-shlex,gh/37886228,False,0,1,1,42.79,144,20,False,False,,False,False,,False,,False,0,,0,100.0,,,,,1,75,False,True
component/escape-html,gh/5444800,False,0,0,0,100.0,488,65,False,False,,False,False,,False,,False,0,,0,100.0,,,,,1,100,False,True
component/toidentifier,gh/114743189,False,0,0,0,100.0,6,9,False,False,,False,False,,False,,False,0,,0,100.0,,,,,1,100,False,True
composefs/tar-rs,gh/21946092,False,0,,0,100.0,726,238,False,False,,False,False,,False,,False,0,,0,100.0,,,,,1,100,False,True
conventional-changelog/commitlint,gh/51575745,False,0,0,0,100.0,18484,964,False,False,,False,False,,False,,False,0,,0,100.0,,,,,1,100,False,True
conventional-changelog/conventional-changelog,gh/15639771,False,0,0,0,100.0,8431,736,False,False,,False,False,,False,,False,0,,0,100.0,,,,,1,100,False,True
cosmiconfig/cosmiconfig,gh/45750507,False,0,0,0,100.0,4145,141,True,True,"github,custom",False,True,https://github.com/sponsors/d-fischer,False,,True,3,,0,100.0,,,,,1,79,True,True
coveragepy/coveragepy,gh/138421996,False,0,0,0,100.0,3390,500,True,True,"github,tidelift",False,False,,True,tidelift,True,3,,0,100.0,,,,,1,79,True,True
cpburnz/python-pathspec,gh/14648551,False,0,1,1,42.79,220,51,False,False,,False,False,,False,,False,0,,0,100.0,,,,,1,75,False,True
crate-py/rpds,gh/608018848,False,0,0,0,100.0,63,27,False,False,,False,False,,True,"github,tidelift",True,1,,0,100.0,,,,,1,79,True,True
criterion-rs/criterion.rs,gh/1081104682,False,0,0,0,100.0,285,17,False,False,,False,False,,False,,False,0,,0,100.0,,,,,1,100,False,True
crossbeam-rs/crossbeam,gh/35566048,False,0,0,0,100.0,8421,544,False,False,,False,False,,False,,True,0,,0,100.0,,,,,1,100,True,True
css-modules/icss-utils,gh/42766912,False,0,0,0,100.0,22,16,False,False,,False,False,,False,,False,0,,0,100.0,,,,,1,100,False,True
cssnano/cssnano,gh/33943153,False,0,0,0,100.0,4961,326,True,True,open_collective,False,False,,False,,False,1,cssnano,617.92,7.64,,,,,1,42,True,True
csstools/postcss-plugins,gh/219192307,True,6,0,6,33.73,1043,85,True,True,"github,open_collective",False,True,https://github.com/sponsors/csstools,False,,True,3,csstools,1167.20,6.88,,,,,1,29,True,True
csstree/csstree,gh/67236461,False,0,0,0,100.0,2095,112,True,True,open_collective,False,False,,False,,False,1,csstree,278,16.48,,,,,1,55,True,True
curl/curl,gh/569041,True,67,0,67,16.48,41686,7157,True,True,"github,open_collective",False,False,,False,,True,2,curl,67058.81,0.33,,,,,1,8,True,True
cuviper/autocfg,gh/135481335,False,0,0,0,100.0,113,29,False,False,,False,False,,False,,False,0,,0,100.0,,,,,1,100,False,True
cyan4973/xxhash,gh/19330466,False,0,0,0,100.0,10994,893,False,False,,False,False,,False,,False,0,,0,100.0,,,,,1,100,False,True
daaku/nodejs-makeerror,gh/2097803,False,0,0,0,100.0,12,4,False,False,,False,False,,False,,False,0,,0,100.0,,,,,1,100,False,True
daaku/nodejs-tmpl,gh/2171213,False,0,0,0,100.0,20,24,False,False,,False,False,,False,,False,0,,0,100.0,,,,,1,100,False,True
dateutil/dateutil,gh/26876372,False,0,0,0,100.0,2613,543,False,False,,False,False,,False,,False,0,,0,100.0,,,,,1,100,False,True
davidhalter/parso,gh/90668463,True,4,0,4,37.23,672,116,False,False,,False,False,,False,,True,0,,0,100.0,,,,,1,72,True,True
davisjam/safe-regex,gh/90781457,False,0,0,0,100.0,192,11,False,False,,False,False,,False,,False,0,,0,100.0,,,,,1,100,False,True
dchest/tweetnacl-js,gh/15649752,False,0,0,0,100.0,1922,295,False,False,,False,False,,False,,False,0,,0,100.0,,,,,1,100,False,True
dcodeio/long.js,gh/8678904,True,1,0,1,42.79,921,207,True,True,github,False,False,,False,,True,1,,0,100.0,,,,,1,75,True,True
debug-js/debug,gh/2871998,False,0,0,0,100.0,11443,968,False,False,,False,False,,False,,True,0,debug,2266.72,5.68,,,,,1,38,True,True
definitelytyped/definitelytyped,gh/6093316,False,0,0,0,100.0,51205,30505,False,False,,False,False,,False,,True,0,,0,100.0,,,microsoft.com,company,0,1,True,False
defunctzombie/node-process,gh/7580644,False,0,0,0,100.0,129,67,False,False,,False,False,,False,,False,0,,0,100.0,,,,,1,100,False,True
django/asgiref,gh/48501860,True,145,0,145,9.83,1619,241,False,False,,False,False,,False,,True,0,,0,100.0,,,,,1,46,True,True
djc/rustc-version-rs,gh/41272773,True,27,0,27,19.0,64,23,True,True,"github,patreon",False,False,,False,,True,2,,0,100.0,,,,,1,57,True,True
dmitrysoshnikov/regexp-tree,gh/85459304,False,0,0,0,100.0,423,46,False,False,,False,False,,False,,False,0,,0,100.0,,,,,1,100,False,True
docutils/docutils,gh/44840244,False,0,0,0,100.0,67,31,False,False,,False,False,,False,,False,0,,0,100.0,,,,,1,100,False,True
dominictarr/through,gh/4885140,,,,0,100.0,670,55,,,,False,False,,False,,False,0,,0,100.0,,,,,1,100,False,True
doowb/ansi-colors,gh/47135420,True,5,0,5,34.72,453,35,True,False,github,False,False,,False,,True,1,,0,100.0,,,,,1,70,True,True
douglasdwyer/wasm_sync,gh/668034655,False,0,0,0,100.0,16,1,False,False,,False,False,,False,,False,0,,0,100.0,,,,,1,100,False,True
dougwilson/nodejs-depd,gh/20848667,False,0,0,0,100.0,329,40,False,False,,False,False,,False,,False,0,,0,100.0,,,,,1,100,False,True
dtolnay/anyhow,gh/212936374,True,126,0,126,11.68,6497,207,True,True,github,False,False,,False,,True,1,,0,100.0,,,,,1,49,True,True
dtolnay/automod,gh/173074854,True,126,0,126,11.68,182,27,True,True,github,False,False,,False,,True,1,,0,100.0,,,,,1,49,True,True
dtolnay/dissimilar,gh/229514821,True,126,0,126,11.68,238,16,True,True,github,False,False,,False,,True,1,,0,100.0,,,,,1,49,True,True
dtolnay/indoc,gh/54252316,True,126,0,126,11.68,778,24,True,True,github,False,False,,False,,True,1,,0,100.0,,,,,1,49,True,True
dtolnay/itoa,gh/61962375,True,126,0,126,11.68,368,44,True,True,github,False,False,,False,,True,1,,0,100.0,,,,,1,49,True,True
dtolnay/no-panic,gh/143469762,True,126,0,126,11.68,1190,18,True,True,github,False,False,,False,,True,1,,0,100.0,,,,,1,49,True,True
dtolnay/paste,gh/155652490,,,0,0,100.0,1086,70,,,,False,False,,False,,False,0,,0,100.0,,,,,1,100,True,True
dtolnay/proc-macro2,gh/91860126,True,126,0,126,11.68,917,136,True,True,github,False,False,,False,,True,1,,0,100.0,,,,,1,49,True,True
dtolnay/quote,gh/67273122,True,126,0,126,11.68,1537,112,True,True,github,False,False,,False,,True,1,,0,100.0,,,,,1,49,True,True
dtolnay/ref-cast,gh/106295902,True,126,0,126,11.68,219,20,True,True,github,False,False,,False,,True,1,,0,100.0,,,,,1,49,True,True
dtolnay/rustversion,gh/183990447,True,126,0,126,11.68,394,21,True,True,github,False,False,,False,,True,1,,0,100.0,,,,,1,49,True,True
dtolnay/ryu,gh/142720484,True,126,0,126,11.68,694,38,True,True,github,False,False,,False,,True,1,,0,100.0,,,,,1,49,True,True
dtolnay/semver,gh/22432442,True,126,0,126,11.68,663,141,True,True,github,False,False,,False,,True,1,,0,100.0,,,,,1,49,True,True
dtolnay/syn,gh/67305738,True,126,0,126,11.68,3310,371,True,True,github,False,False,,False,,True,1,,0,100.0,,,,,1,49,True,True
dtolnay/target-triple,gh/734167706,True,126,0,126,11.68,16,3,True,True,github,False,False,,False,,True,1,,0,100.0,,,,,1,49,True,True
dtolnay/thiserror,gh/213836768,True,126,0,126,11.68,5412,206,True,True,github,False,False,,False,,True,1,,0,100.0,,,,,1,49,True,True
dtolnay/trybuild,gh/184941159,True,126,0,126,11.68,965,77,True,True,github,False,False,,False,,True,1,,0,100.0,,,,,1,49,True,True
dtolnay/unicode-ident,gh/492639579,True,126,0,126,11.68,109,29,True,True,github,False,False,,False,,True,1,,0,100.0,,,,,1,49,True,True
eemeli/yaml,gh/119439276,True,4,0,4,37.23,1657,150,True,True,"github,tidelift",True,True,https://github.com/sponsors/eemeli,False,,True,5,,0,100.0,,,,,1,72,True,True
ehmicky/human-signals,gh/214467546,False,0,0,0,100.0,286,14,False,False,,False,False,,False,,False,0,,0,100.0,,,,,1,100,False,True
eliben/pycparser,gh/10589864,False,0,0,0,100.0,3537,642,False,False,,False,False,,False,,False,0,,0,100.0,,,,,1,100,False,True
emotion-js/emotion,gh/92570536,False,0,1,1,42.79,18010,1133,True,True,open_collective,False,False,,False,,True,1,emotion,14576.64,3.28,,,,,1,24,True,True
encode/httpcore,gh/237210639,True,32,0,32,18.67,540,164,False,False,,False,False,,False,,False,0,,0,100.0,,,,,1,57,True,True
encode/httpx,gh/179492861,True,32,0,32,18.67,15243,1133,True,True,github,False,False,,False,,False,1,,0,100.0,,,,,1,57,True,True
epoberezkin/fast-deep-equal,gh/94483360,True,14,0,14,26.75,2046,112,True,True,"github,tidelift",False,False,,False,,True,2,,0,100.0,,,,,1,64,True,True
epoberezkin/fast-json-stable-stringify,gh/108103016,True,14,0,14,26.75,321,37,True,True,"github,tidelift",False,False,,False,,True,2,,0,100.0,,,,,1,64,True,True
epoberezkin/json-schema-traverse,gh/93333933,True,14,0,14,26.75,103,20,True,True,"github,tidelift",False,False,,False,,True,2,,0,100.0,,,,,1,64,True,True
es-shims/array-includes,gh/28753032,False,0,0,0,100.0,43,13,True,True,"github,tidelift",False,False,,False,,True,2,,0,100.0,,,,,1,79,True,True
es-shims/dunder-proto,gh/898274312,False,0,0,0,100.0,1,1,True,True,"github,tidelift",False,False,,False,,True,2,,0,100.0,,,,,1,79,True,True
es-shims/es-object-atoms,gh/773229339,False,0,0,0,100.0,5,2,True,True,"github,tidelift",False,False,,False,,True,2,,0,100.0,,,,,1,79,True,True
es-shims/es-set-tostringtag,gh/580683868,False,0,0,0,100.0,2,2,True,True,"github,tidelift",False,False,,False,,True,2,,0,100.0,,,,,1,79,True,True
es-shims/math-intrinsics,gh/902014040,False,0,0,0,100.0,2,1,True,True,"github,tidelift",False,False,,False,,True,2,,0,100.0,,,,,1,79,True,True
es-shims/object.values,gh/41723335,False,0,0,0,100.0,72,7,True,True,"github,tidelift",False,False,,False,,True,2,,0,100.0,,,,,1,79,True,True
es-shims/regexp.prototype.flags,gh/26932422,False,0,0,0,100.0,8,10,True,True,"github,tidelift",False,True,https://github.com/sponsors/ljharb,False,,True,3,,0,100.0,,,,,1,79,True,True
es-shims/string.prototype.trimend,gh/114682758,False,0,0,0,100.0,5,5,True,True,"github,tidelift",False,True,https://github.com/sponsors/ljharb,False,,True,3,,0,100.0,,,,,1,79,True,True
es-shims/string.prototype.trimstart,gh/114682105,False,0,0,0,100.0,4,3,True,True,"github,tidelift",False,True,https://github.com/sponsors/ljharb,False,,True,3,,0,100.0,,,,,1,79,True,True
eslint-community/eslint-utils,gh/568240379,False,0,0,0,100.0,23,12,True,True,"github,open_collective,tidelift",False,True,https://opencollective.com/eslint,False,,True,4,,0,100.0,,,,,1,79,True,True
eslint/doctrine,gh/4286644,,,0,0,100.0,461,69,,,,False,False,,False,,False,0,eslint,43757.98,1.42,,,,,1,24,True,True
eslint/eslint,gh/11061773,True,68,0,68,16.38,27221,4974,True,True,"github,open_collective,tidelift",False,True,https://eslint.org/donate,False,,True,4,eslint,43757.98,1.42,lf/openjs,nonprofit,,,0.5,11,True,True
eslint/js,gh/27620277,True,68,0,68,16.38,2379,225,True,True,"github,open_collective,tidelift",False,True,https://opencollective.com/eslint,False,,True,4,eslint,43757.98,1.42,,,,,1,13,True,True
eslint/rewrite,gh/791446923,True,68,0,68,16.38,333,44,True,True,"github,open_collective,tidelift",False,False,,False,,True,3,eslint,43757.98,1.42,,,,,1,13,True,True
estools/escodegen,gh/3611422,False,0,0,0,100.0,2687,336,False,False,,False,False,,False,,False,0,,0,100.0,,,,,1,100,False,True
estools/esquery,gh/11412938,False,0,0,0,100.0,886,94,False,False,,False,False,,False,,False,0,,0,100.0,,,,,1,100,False,True
estools/esrecurse,gh/27429822,False,0,0,0,100.0,80,18,False,False,,False,False,,False,,False,0,,0,100.0,,,,,1,100,False,True
estools/estraverse,gh/6145439,False,0,0,0,100.0,967,134,False,False,,False,False,,False,,False,0,,0,100.0,,,,,1,100,False,True
estools/esutils,gh/14677293,False,0,0,0,100.0,123,28,False,False,,False,False,,False,,False,0,,0,100.0,,,,,1,100,False,True
ethers-io/ethers.js,gh/63465664,True,6,0,6,33.73,8659,2109,True,True,"github,custom",False,True,https://gitcoin.co/grants/13/ethersjs-complete-simple-and-tiny-2,False,,False,3,ethers,145,17.03,,,,,1,39,True,True
evanw/esbuild,gh/61137153,False,0,0,0,100.0,39865,1304,False,False,,False,False,,False,,False,0,,0,100.0,,,,,1,100,False,True
evanw/node-source-map-support,gh/7682781,False,0,0,0,100.0,2193,223,False,False,,False,False,,False,,True,0,,0,100.0,,,,,1,100,True,True
eventualbuddha/lines-and-columns,gh/47284288,False,0,1,1,42.79,27,6,False,False,,False,False,,False,,False,0,,0,100.0,,,,,1,75,False,True
executablebooks/markdown-it-py,gh/249956697,False,0,0,0,100.0,1291,100,False,False,,False,False,,False,,False,0,,0,100.0,,,,,1,100,False,True
executablebooks/mdurl,gh/387293763,False,0,0,0,100.0,14,11,False,False,,False,False,,False,,False,0,,0,100.0,,,,,1,100,False,True
exodusoss/bytes,gh/885154008,False,0,0,0,100.0,14,5,False,False,,False,False,,False,,False,0,,0,100.0,,,,,1,100,False,True
expressjs/body-parser,gh/15669006,False,0,0,0,100.0,5501,753,True,True,open_collective,False,True,https://opencollective.com/express,False,,False,2,,0,100.0,,,,,1,79,True,True
expressjs/serve-static,gh/17464338,False,0,0,0,100.0,1424,240,True,True,open_collective,False,True,https://opencollective.com/express,False,,False,2,,0,100.0,,,,,1,79,True,True
facebook/prop-types,gh/87597642,,,0,0,100.0,4455,348,,,,False,False,,False,,False,0,for-the-mage,0,100.0,,,,,1,100,True,True
facebook/regenerator,gh/13346571,,,0,0,100.0,3831,1140,,,,False,False,,False,,False,0,for-the-mage,0,100.0,,,,,1,100,True,True
facebook/watchman,gh/6930489,False,0,0,0,100.0,13570,1060,False,False,,False,False,,False,,True,0,,0,100.0,,,meta.com,company,0,1,True,False
facebook/zstd,gh/29759715,False,0,0,0,100.0,27026,2465,False,False,,False,False,,False,,False,0,,0,100.0,,,meta.com,company,0,1,True,False
facelessuser/soupsieve,gh/160789418,True,12,0,12,28.06,266,48,True,True,"github,custom",False,False,,False,,True,2,,0,100.0,,,,,1,65,True,True
fastify/fast-uri,gh/419317518,True,13,0,13,27.29,102,12,True,True,"github,open_collective",False,True,https://github.com/sponsors/fastify,False,,True,3,,0,100.0,,,,,1,65,True,True
faye/websocket-driver-node,gh/9733816,False,0,0,0,100.0,109,34,False,False,,False,False,,False,,False,0,,0,100.0,,,,,1,100,False,True
fb55/boolbase,gh/16864585,True,6,0,6,33.73,20,6,True,True,github,False,True,https://github.com/sponsors/fb55,False,,True,2,,0,100.0,,,,,1,70,True,True
fb55/css-select,gh/3411063,True,6,0,6,33.73,629,77,True,True,github,False,True,https://github.com/sponsors/fb55,False,,True,2,,0,100.0,,,,,1,70,True,True
fb55/css-what,gh/4460687,True,6,0,6,33.73,246,49,True,True,github,False,True,https://github.com/sponsors/fb55,False,,True,2,,0,100.0,,,,,1,70,True,True
fb55/domelementtype,gh/6627835,True,6,0,6,33.73,29,19,True,True,github,False,True,https://github.com/sponsors/fb55,False,,True,2,,0,100.0,,,,,1,70,True,True
fb55/domhandler,gh/5414232,True,6,0,6,33.73,364,67,True,True,github,False,True,https://github.com/fb55/domhandler?sponsor=1,False,,True,2,,0,100.0,,,,,1,70,True,True
fb55/domutils,gh/6627949,True,6,0,6,33.73,224,62,True,True,github,False,True,https://github.com/fb55/domutils?sponsor=1,False,,True,2,,0,100.0,,,,,1,70,True,True
fb55/entities,gh/3172629,True,6,0,6,33.73,378,73,True,True,github,False,True,https://github.com/fb55/entities?sponsor=1,False,,True,2,,0,100.0,,,,,1,70,True,True
fb55/htmlparser2,gh/2279062,True,6,0,6,33.73,4777,396,True,True,github,False,True,https://github.com/fb55/htmlparser2?sponsor=1,False,,True,2,,0,100.0,,,,,1,70,True,True
fb55/nth-check,gh/16864923,True,6,0,6,33.73,63,32,True,True,github,False,True,https://github.com/fb55/nth-check?sponsor=1,False,,True,2,,0,100.0,,,,,1,70,True,True
felixge/node-combined-stream,gh/1787452,False,0,0,0,100.0,144,34,False,False,,False,False,,False,,False,0,,0,100.0,,,,,1,100,False,True
felixge/node-delayed-stream,gh/1783893,False,0,0,0,100.0,55,15,False,False,,False,False,,False,,False,0,,0,100.0,,,,,1,100,False,True
feross/buffer,gh/14494363,True,8,0,8,30.9,1882,259,True,True,"github,tidelift",False,True,https://github.com/sponsors/feross,False,,True,3,,0,100.0,,,,,1,68,True,True
feross/ieee754,gh/15489525,True,8,0,8,30.9,122,39,True,True,"github,tidelift",False,True,https://github.com/sponsors/feross,False,,True,3,,0,100.0,,,,,1,68,True,True
feross/is-buffer,gh/25997846,True,8,0,8,30.9,93,33,True,True,"github,tidelift",False,True,https://github.com/sponsors/feross,False,,True,3,,0,100.0,,,,,1,68,True,True
feross/queue-microtask,gh/207021895,True,8,0,8,30.9,189,15,True,True,github,False,True,https://github.com/sponsors/feross,False,,True,2,,0,100.0,,,,,1,68,True,True
feross/run-parallel,gh/18700638,True,8,0,8,30.9,387,17,True,True,github,False,True,https://github.com/sponsors/feross,False,,True,2,,0,100.0,,,,,1,68,True,True
feross/safe-buffer,gh/49538897,True,8,0,8,30.9,351,41,True,True,"github,tidelift",False,True,https://github.com/sponsors/feross,False,,True,3,,0,100.0,,,,,1,68,True,True
ffmpeg/ffmpeg,gh/1614410,True,40,0,40,17.69,59336,13746,False,False,,False,False,,False,,False,0,,0,100.0,,,,,1,56,True,True
firebase/firebase-js-sdk,gh/89290483,False,0,0,0,100.0,5109,1009,False,False,,False,False,,False,,False,0,,0,100.0,,,google.com,company,0,1,True,False
fitzgen/glob-to-regexp,gh/11461122,,,,0,100.0,150,24,,,,False,False,,False,,False,0,,0,100.0,,,,,1,100,False,True
floatdrop/require-from-string,gh/39301848,,,,0,100.0,298,33,,,,False,False,,False,,False,0,,0,100.0,,,,,1,100,False,True
floating-ui/floating-ui,gh/54994103,True,1,0,1,42.79,32577,1679,True,True,"github,open_collective",False,False,,False,,False,2,floating-ui,10404.82,3.93,,,,,1,26,True,True
follow-redirects/follow-redirects,gh/6697086,False,0,0,0,100.0,581,180,True,True,github,False,True,https://github.com/sponsors/RubenVerborgh,False,,True,2,,0,100.0,,,,,1,79,True,True
form-data/form-data,gh/1755793,False,0,0,0,100.0,2347,390,False,False,,False,False,,False,,False,0,,0,100.0,,,,,1,100,False,True
formatjs/formatjs,gh/19117456,False,0,0,0,100.0,14707,1385,False,False,,False,False,,False,,False,0,formatjs,80,17.47,,,,,1,56,True,True
freedesktop-unofficial-mirror/cairo,gh/34372735,False,0,0,0,100.0,0,0,False,False,,False,False,,False,,False,0,,0,100.0,freedesktop.org,nonprofit,,,0.5,79,True,True
freetype/freetype,gh/187000659,False,0,0,0,100.0,816,402,False,False,,False,False,,False,,False,0,,0,100.0,,,,,1,100,False,True
frenic/csstype,gh/104001328,False,0,0,0,100.0,1815,75,False,False,,False,False,,False,,False,0,,0,100.0,,,,,1,100,False,True
frommi/miniz_oxide,gh/96124162,False,0,0,0,100.0,233,71,False,False,,False,False,,False,,False,0,,0,100.0,,,,,1,100,False,True
fsevents/fsevents,gh/1402936,False,0,0,0,100.0,568,119,False,False,,False,False,,False,,True,0,,0,100.0,,,,,1,100,True,True
fsspec/filesystem_spec,gh/130727736,False,0,0,0,100.0,1306,440,False,False,,False,False,,False,,True,0,,0,100.0,,,,,1,100,True,True
fsspec/s3fs,gh/53987953,False,0,0,0,100.0,1023,290,False,False,,False,False,,False,,True,0,,0,100.0,,,,,1,100,True,True
garycourt/uri-js,gh/989080,False,0,0,0,100.0,317,65,False,False,,False,False,,False,,False,0,,0,100.0,,,,,1,100,False,True
gcc-mirror/gcc,gh/22711503,False,0,0,0,100.0,10877,4745,False,False,,False,False,,False,,False,0,,0,100.0,fsf/gnu,nonprofit,,,0.5,79,True,True
getsentry/sentry-javascript,gh/3328572,False,0,0,0,100.0,8642,1767,True,True,custom,False,False,,False,,True,1,,0,100.0,,,sentry.io,company,0,1,True,False
giampaolo/psutil,gh/20101515,True,6,0,6,33.73,11150,1477,True,True,"github,tidelift,open_collective,custom",False,False,,False,,True,4,psutil,82.92,17.36,,,,,1,39,True,True
git/git,gh/36502,False,0,0,0,100.0,60617,27847,False,False,,False,False,,False,,False,0,,0,100.0,sfc,nonprofit,,,0.5,79,True,True
gitlab-freedesktop-mirrors/libxcb,gh/444023705,False,0,0,0,100.0,1,1,False,False,,False,False,,False,,False,0,,0,100.0,xorg,nonprofit,,,0.5,79,True,True
gitoxidelabs/gitoxide,gh/136510559,False,0,0,0,100.0,11239,455,True,True,"github,open_collective",False,False,,False,,True,2,,0,100.0,,,,,1,100,True,True
gitpython-developers/gitdb,gh/1126093,False,0,0,0,100.0,225,68,False,False,,False,False,,False,,True,0,,0,100.0,,,,,1,100,True,True
gitpython-developers/smmap,gh/1865144,False,0,0,0,100.0,74,31,False,False,,False,False,,False,,True,0,,0,100.0,,,,,1,100,True,True
gkz/levn,gh/13287279,False,0,0,0,100.0,86,8,False,False,,False,False,,False,,False,0,,0,100.0,,,,,1,100,False,True
gkz/optionator,gh/13435927,False,0,0,0,100.0,166,16,False,False,,False,False,,False,,False,0,,0,100.0,,,,,1,100,False,True
gkz/prelude-ls,gh/4457759,False,0,0,0,100.0,427,58,False,False,,False,False,,False,,False,0,,0,100.0,,,,,1,100,False,True
gkz/type-check,gh/13182168,False,0,0,0,100.0,211,16,False,False,,False,False,,False,,False,0,,0,100.0,,,,,1,100,False,True
gmp-mirror/gmp,gh/681340775,False,0,0,0,100.0,25,7,False,False,,False,False,,False,,False,0,,0,100.0,fsf/gnu,nonprofit,,,0.5,79,True,True
gnome/pango,gh/4537144,False,0,0,0,100.0,182,51,False,False,,False,False,,False,,False,0,,0,100.0,gnome,nonprofit,,,0.5,79,True,True
google/brotli,gh/24993138,False,0,0,0,100.0,14674,1337,False,False,,False,False,,False,,False,0,,0,100.0,,,google.com,company,0,1,True,False
google/zerocopy,gh/534354967,False,0,0,0,100.0,2279,151,False,False,,False,False,,False,,False,0,,0,100.0,,,google.com,company,0,1,True,False
googleapis/google-cloud-python,gh/16316451,False,0,0,0,100.0,5275,1683,False,False,,False,False,,False,,False,0,,0,100.0,,,google.com,company,0,1,True,False
googleapis/python-cloud-core,gh/226992462,,,0,0,100.0,34,19,,,,False,False,,False,,False,0,,0,100.0,,,,,1,100,False,True
googleapis/python-crc32c,gh/159736041,,,0,0,100.0,28,33,,,,False,False,,False,,False,0,,0,100.0,,,,,1,100,False,True
googlechrome/workbox,gh/55424670,False,0,0,0,100.0,12938,872,False,False,,False,False,,False,,False,0,,0,100.0,,,google.com,company,0,1,True,False
grahamdumpleton/wrapt,gh/10357291,True,0,0,0,100.0,2281,246,True,True,github,False,False,,False,,True,1,,0,100.0,,,,,1,100,True,True
grantjenks/python-sortedcontainers,gh/17144859,False,0,0,0,100.0,3933,228,False,False,,False,False,,False,,False,0,python-sortedcontainers,0,100.0,,,,,1,100,True,True
graydon/exhaustigen-rs,gh/432630522,False,0,0,0,100.0,66,7,False,False,,False,False,,False,,False,0,,0,100.0,,,,,1,100,False,True
gregberge/svgr,gh/102155012,True,2,0,2,40.5,11027,438,True,True,"github,open_collective",False,True,https://github.com/sponsors/gregberge,False,,True,3,,0,100.0,,,,,1,74,True,True
grncdr/merge-stream,gh/10579821,False,0,0,0,100.0,212,15,False,False,,False,False,,False,,False,0,,0,100.0,,,,,1,100,False,True
grpc/grpc,gh/27729880,False,0,0,0,100.0,44676,11138,False,False,,False,False,,False,,False,0,,0,100.0,lf/cncf,nonprofit,,,0.5,79,True,True
gsnedders/python-webencodings,gh/7043404,False,0,0,0,100.0,39,34,False,False,,False,False,,False,,False,0,,0,100.0,,,,,1,100,False,True
guillaumegomez/doc-comment,gh/127254922,True,11,0,11,28.38,102,5,True,True,"github,patreon",False,False,,False,,True,2,,0,100.0,,,,,1,66,True,True
gulpjs/glob-parent,gh/29154915,True,8,0,8,30.9,83,51,True,True,"github,tidelift,open_collective",False,False,,False,,True,3,gulpjs,11722.14,3.71,,,,,1,23,True,True
gweis/isodate,gh/6449370,False,0,0,0,100.0,174,63,False,False,,False,False,,False,,True,0,,0,100.0,,,,,1,100,True,True
gyscos/zstd-rs,gh/52115335,False,0,0,0,100.0,634,131,False,False,,False,False,,False,,False,0,,0,100.0,,,,,1,100,False,True
hapijs/hoek,gh/5831189,False,0,0,0,100.0,483,178,False,False,,False,False,,False,,True,0,hapijs,11518.81,3.82,,,,,1,34,True,True
harfbuzz/harfbuzz,gh/5050525,False,0,0,0,100.0,5584,728,False,False,,False,False,,False,,False,0,harfbuzz,0,100.0,,,,,1,100,True,True
hiddentao/fast-levenshtein,gh/9490451,False,0,0,0,100.0,611,50,False,False,,False,False,,False,,False,0,,0,100.0,,,,,1,100,False,True
httplib2/httplib2,gh/53002916,False,0,0,0,100.0,509,190,False,False,,False,False,,False,,False,0,,0,100.0,,,,,1,100,False,True
huggingface/huggingface_hub,gh/323591830,False,0,5,5,34.72,3552,1000,False,False,,False,False,,False,,False,0,,0,100.0,,,huggingface.co,company,0,1,True,False
hukkin/tomli,gh/370616797,False,0,0,0,100.0,560,55,False,False,,False,False,,False,,False,0,,0,100.0,,,,,1,100,False,True
hyperium/http,gh/84983058,False,0,0,0,100.0,1326,361,True,True,github,False,False,,False,,True,1,,0,100.0,,,,,1,100,True,True
hyperium/http-body,gh/183281612,False,0,0,0,100.0,162,67,True,True,github,False,False,,False,,True,1,,0,100.0,,,,,1,100,True,True
iarna/aproba,gh/31432421,False,0,0,0,100.0,133,15,False,False,,False,False,,False,,False,0,,0,100.0,,,,,1,100,False,True
import-js/eslint-plugin-import,gh/32238354,False,0,0,0,100.0,5906,1545,True,True,"github,open_collective,tidelift",False,False,,False,,True,3,eslint-plugin-import,1650.40,6.22,,,,,1,40,True,True
indexmap-rs/indexmap,gh/68294628,False,0,0,0,100.0,2349,187,False,False,,False,False,,False,,False,0,,0,100.0,,,,,1,100,False,True
indutny/bn.js,gh/19176350,True,6,2,8,30.9,1230,153,False,False,,False,False,,False,,True,0,,0,100.0,,,,,1,68,True,True
indygreg/python-zstandard,gh/67307930,True,8,0,8,30.9,628,114,True,True,github,False,False,,False,,True,1,,0,100.0,,,,,1,68,True,True
inikulin/parse5,gh/8862593,False,0,0,0,100.0,3886,251,True,True,"github,open_collective",False,True,https://github.com/inikulin/parse5?sponsor=1,False,,False,3,parse5,45,17.58,,,,,1,56,True,True
inspect-js/array-buffer-byte-length,gh/607836784,False,0,0,0,100.0,2,0,True,True,"github,tidelift",False,False,,False,,True,2,,0,100.0,,,,,1,79,True,True
inspect-js/available-typed-arrays,gh/235965505,False,0,0,0,100.0,3,3,True,True,"github,tidelift",False,True,https://github.com/sponsors/ljharb,False,,True,3,,0,100.0,,,,,1,79,True,True
inspect-js/functions-have-names,gh/198357138,False,0,0,0,100.0,9,1,True,True,"github,tidelift",False,False,,False,,True,2,,0,100.0,,,,,1,79,True,True
inspect-js/has-bigints,gh/201714166,False,0,0,0,100.0,8,5,True,True,"github,tidelift",False,True,https://github.com/sponsors/ljharb,False,,True,3,,0,100.0,,,,,1,79,True,True
inspect-js/has-property-descriptors,gh/481834578,False,0,0,0,100.0,3,1,True,True,"github,tidelift",False,True,https://github.com/sponsors/ljharb,False,,True,3,,0,100.0,,,,,1,79,True,True
inspect-js/has-proto,gh/577580747,False,0,0,0,100.0,6,3,True,True,"github,tidelift",False,True,https://github.com/sponsors/ljharb,False,,True,3,,0,100.0,,,,,1,79,True,True
inspect-js/has-symbols,gh/68573418,False,0,0,0,100.0,18,6,True,True,"github,tidelift",False,True,https://github.com/sponsors/ljharb,False,,True,3,,0,100.0,,,,,1,79,True,True
inspect-js/has-tostringtag,gh/392913710,False,0,0,0,100.0,5,3,True,True,"github,tidelift",False,True,https://github.com/sponsors/ljharb,False,,True,3,,0,100.0,,,,,1,79,True,True
inspect-js/hasown,gh/703350811,False,0,0,0,100.0,2,1,True,True,"github,tidelift",False,False,,False,,True,2,,0,100.0,,,,,1,79,True,True
inspect-js/is-accessor-descriptor,gh/41658954,False,0,0,0,100.0,15,4,True,True,"github,tidelift",False,False,,False,,True,2,,0,100.0,,,,,1,79,True,True
inspect-js/is-arguments,gh/15725461,False,0,0,0,100.0,17,7,True,True,"github,tidelift",False,False,,False,,True,2,,0,100.0,,,,,1,79,True,True
inspect-js/is-array-buffer,gh/45977026,False,0,0,0,100.0,13,5,True,True,"github,tidelift",False,True,https://github.com/sponsors/ljharb,False,,True,3,,0,100.0,,,,,1,79,True,True
inspect-js/is-bigint,gh/149682261,False,0,0,0,100.0,7,2,True,True,"github,tidelift",False,True,https://github.com/sponsors/ljharb,False,,True,3,,0,100.0,,,,,1,79,True,True
inspect-js/is-boolean-object,gh/34700259,False,0,0,0,100.0,8,2,True,True,"github,tidelift",False,True,https://github.com/sponsors/ljharb,False,,True,3,,0,100.0,,,,,1,79,True,True
inspect-js/is-callable,gh/30012910,False,0,0,0,100.0,42,9,True,True,"github,tidelift",False,True,https://github.com/sponsors/ljharb,False,,True,3,,0,100.0,,,,,1,79,True,True
inspect-js/is-core-module,gh/24578130,False,0,0,0,100.0,26,11,True,True,"github,tidelift",False,True,https://github.com/sponsors/ljharb,False,,True,3,,0,100.0,,,,,1,79,True,True
inspect-js/is-data-descriptor,gh/41659073,False,0,0,0,100.0,21,6,True,True,"github,tidelift",False,False,,False,,True,2,,0,100.0,,,,,1,79,True,True
inspect-js/is-data-view,gh/751048078,False,0,0,0,100.0,2,0,True,True,"github,tidelift",False,True,https://github.com/sponsors/ljharb,False,,True,3,,0,100.0,,,,,1,79,True,True
inspect-js/is-date-object,gh/29991041,False,0,0,0,100.0,16,5,True,True,"github,tidelift",False,True,https://github.com/sponsors/ljharb,False,,True,3,,0,100.0,,,,,1,79,True,True
inspect-js/is-descriptor,gh/41658845,False,0,0,0,100.0,12,4,True,True,"github,tidelift",False,False,,False,,True,2,,0,100.0,,,,,1,79,True,True
inspect-js/is-number-object,gh/29991666,False,0,0,0,100.0,8,3,True,True,"github,tidelift",False,True,https://github.com/sponsors/ljharb,False,,True,3,,0,100.0,,,,,1,79,True,True
inspect-js/is-regex,gh/15930063,False,0,0,0,100.0,24,11,True,True,"github,tidelift",False,True,https://github.com/sponsors/ljharb,False,,True,3,,0,100.0,,,,,1,79,True,True
inspect-js/is-string,gh/30010185,False,0,0,0,100.0,22,3,True,True,"github,tidelift",False,True,https://github.com/sponsors/ljharb,False,,True,3,,0,100.0,,,,,1,79,True,True
inspect-js/is-symbol,gh/29791606,False,0,0,0,100.0,19,5,True,True,"github,tidelift",False,True,https://github.com/sponsors/ljharb,False,,True,3,,0,100.0,,,,,1,79,True,True
inspect-js/is-typed-array,gh/43528820,False,0,0,0,100.0,12,7,True,True,"github,tidelift",False,True,https://github.com/sponsors/ljharb,False,,True,3,,0,100.0,,,,,1,79,True,True
inspect-js/node-supports-preserve-symlinks-flag,gh/443970899,False,0,0,0,100.0,1,3,True,True,"github,tidelift",False,True,https://github.com/sponsors/ljharb,False,,True,3,,0,100.0,,,,,1,79,True,True
inspect-js/object-inspect,gh/11683441,False,0,0,0,100.0,161,44,True,True,"github,tidelift",False,True,https://github.com/sponsors/ljharb,False,,True,3,,0,100.0,,,,,1,79,True,True
inspect-js/typed-array-buffer,gh/649850465,False,0,0,0,100.0,5,0,True,True,"github,tidelift",False,False,,False,,True,2,,0,100.0,,,,,1,79,True,True
inspect-js/which-boxed-primitive,gh/201685155,False,0,0,0,100.0,7,2,True,True,"github,tidelift",False,True,https://github.com/sponsors/ljharb,False,,True,3,,0,100.0,,,,,1,79,True,True
inspect-js/which-typed-array,gh/43708371,False,0,0,0,100.0,11,5,True,True,"github,tidelift",False,True,https://github.com/sponsors/ljharb,False,,True,3,,0,100.0,,,,,1,79,True,True
ipython/traitlets,gh/14993021,True,4,0,4,37.23,650,209,True,True,tidelift,False,False,,True,custom,True,2,,0,100.0,,,,,1,72,True,True
isaacs/chownr,gh/3858354,True,22,0,22,22.6,29,16,True,True,github,False,False,,False,,True,1,,0,100.0,,,,,1,61,True,True
isaacs/cliui,gh/634056857,True,22,0,22,22.6,2,2,True,True,github,False,False,,False,,True,1,,0,100.0,,,,,1,61,True,True
isaacs/core-util-is,gh/12391440,True,22,0,22,22.6,101,20,True,True,github,False,False,,False,,True,1,,0,100.0,,,,,1,61,True,True
isaacs/fs-minipass,gh/102982143,True,22,0,22,22.6,20,4,True,True,github,False,False,,False,,True,1,,0,100.0,,,,,1,61,True,True
isaacs/fs.realpath,gh/61231712,True,22,0,22,22.6,25,11,True,True,github,False,False,,False,,True,1,,0,100.0,,,,,1,61,True,True
isaacs/inflight-deprecated-do-not-use,gh/19442260,,,0,0,100.0,76,18,,,,False,False,,False,,False,0,,0,100.0,,,,,1,100,True,True
isaacs/inherits,gh/1580001,True,22,0,22,22.6,353,84,True,True,github,False,False,,False,,True,1,,0,100.0,,,,,1,61,True,True
isaacs/isexe,gh/49804297,True,22,0,22,22.6,52,20,True,True,github,False,False,,False,,True,1,,0,100.0,,,,,1,61,True,True
isaacs/minimatch,gh/2056549,True,22,0,22,22.6,3500,336,True,True,github,False,True,https://github.com/sponsors/isaacs,False,,True,2,,0,100.0,,,,,1,61,True,True
isaacs/minipass,gh/84886212,True,22,0,22,22.6,258,29,True,True,github,False,False,,False,,True,1,,0,100.0,,,,,1,61,True,True
isaacs/minizlib,gh/86429676,True,22,0,22,22.6,84,12,True,True,github,False,False,,False,,True,1,,0,100.0,,,,,1,61,True,True
isaacs/node-glob,gh/357681,True,22,0,22,22.6,8722,526,True,True,github,False,True,https://github.com/sponsors/isaacs,False,,True,2,,0,100.0,,,,,1,61,True,True
isaacs/node-graceful-fs,gh/2077020,True,22,0,22,22.6,1303,150,True,True,github,False,False,,False,,True,1,,0,100.0,,,,,1,61,True,True
isaacs/node-lru-cache,gh/679662,True,22,0,22,22.6,5870,366,True,True,github,False,False,,False,,True,1,,0,100.0,,,,,1,61,True,True
isaacs/node-mkdirp,gh/2718248,True,22,0,22,22.6,199,40,True,True,github,False,True,https://github.com/sponsors/isaacs,False,,True,2,,0,100.0,,,,,1,61,True,True
isaacs/node-tar,gh/1534331,True,22,0,22,22.6,912,256,True,True,github,False,False,,False,,True,1,,0,100.0,,,,,1,61,True,True
isaacs/once,gh/5409660,True,22,0,22,22.6,225,27,True,True,github,False,False,,False,,True,1,,0,100.0,,,,,1,61,True,True
isaacs/package-json-from-dist,gh/800543709,True,22,0,22,22.6,10,1,True,True,github,False,False,,False,,True,1,,0,100.0,,,,,1,61,True,True
isaacs/path-scurry,gh/591569499,True,22,0,22,22.6,45,7,True,True,github,False,True,https://github.com/sponsors/isaacs,False,,True,2,,0,100.0,,,,,1,61,True,True
isaacs/rimraf,gh/1341324,True,22,0,22,22.6,5842,264,True,True,github,False,True,https://github.com/sponsors/isaacs,False,,True,2,,0,100.0,,,,,1,61,True,True
isaacs/sax-js,gh/508894,True,22,0,22,22.6,1152,337,True,True,github,False,False,,False,,True,1,,0,100.0,,,,,1,61,True,True
isaacs/wrappy,gh/24208073,True,22,0,22,22.6,56,23,True,True,github,False,False,,False,,True,1,,0,100.0,,,,,1,61,True,True
isaacs/yallist,gh/48222381,True,22,0,22,22.6,216,31,True,True,github,False,False,,False,,True,1,,0,100.0,,,,,1,61,True,True
istanbuljs/istanbuljs,gh/81482340,False,0,0,0,100.0,1096,250,True,True,tidelift,False,False,,False,,False,1,,0,100.0,,,,,1,79,True,True
istanbuljs/schema,gh/211950686,False,0,0,0,100.0,3,12,True,True,tidelift,False,False,,False,,False,1,,0,100.0,,,,,1,79,True,True
istanbuljs/test-exclude,gh/60489570,False,0,0,0,100.0,10,17,True,True,tidelift,False,False,,False,,False,1,,0,100.0,,,,,1,79,True,True
jamesmunns/postcard,gh/179385478,False,0,0,0,100.0,1397,132,False,False,,False,False,,False,,False,0,,0,100.0,,,,,1,100,False,True
jaraco/jaraco.develop,gh/48289082,True,2,0,2,40.5,7,6,False,False,,False,False,,False,,True,0,,0,100.0,,,,,1,74,True,True
jaraco/pytest-perf,gh/372026120,True,2,0,2,40.5,5,2,False,False,,False,False,,False,,True,0,,0,100.0,,,,,1,74,True,True
jaraco/zipp,gh/157774633,True,2,0,2,40.5,67,61,True,True,tidelift,False,False,,False,,True,1,,0,100.0,,,,,1,74,True,True
jaredhanson/utils-merge,gh/11349896,True,9,0,9,29.69,69,18,False,False,,False,False,,False,,True,0,,0,100.0,,,,,1,67,True,True
jaredwray/cacheable,gh/9267870,False,0,3,3,39.19,1975,201,False,False,,False,False,,False,,False,0,,0,100.0,,,,,1,73,False,True
jaredwray/keyv,gh/96540810,False,0,3,3,39.19,3128,197,False,False,,False,False,,False,,False,0,,0,100.0,,,,,1,73,False,True
jawah/charset_normalizer,gh/200259335,False,0,0,0,100.0,768,63,True,True,"github,tidelift",False,False,,False,,True,2,,0,100.0,,,,,1,79,True,True
jbgutierrez/path-parse,gh/34113780,False,0,0,0,100.0,56,36,False,False,,False,False,,False,,False,0,,0,100.0,,,,,1,100,False,True
jd/tenacity,gh/65468547,True,2,0,2,40.5,8565,324,True,True,github,False,False,,False,,True,1,,0,100.0,,,,,1,74,True,True
jensyt/imurmurhash-js,gh/11802843,False,0,0,0,100.0,103,6,False,False,,False,False,,False,,False,0,,0,100.0,,,,,1,100,False,True
jestjs/jest,gh/15062869,False,0,0,0,100.0,45339,6644,True,True,open_collective,False,False,,False,,True,1,,0,100.0,lf/openjs,nonprofit,,,0.5,79,True,True
jimmywarting/node-domexception,gh/371470141,,,,0,100.0,12,3,,,,False,False,,False,,False,0,,0,100.0,,,,,1,100,False,True
jimp-dev/jimp,gh/24008065,False,0,0,0,100.0,14601,779,True,True,github,False,False,,False,,True,1,,0,100.0,,,,,1,100,True,True
jmespath/jmespath.py,gh/8300763,False,0,0,0,100.0,2432,197,False,False,,False,False,,False,,False,0,,0,100.0,,,,,1,100,False,True
joblib/joblib,gh/654608,False,0,0,0,100.0,4341,451,False,False,,False,False,,False,,False,0,,0,100.0,,,,,1,100,False,True
jonathanong/ee-first,gh/20707897,False,0,0,0,100.0,54,7,False,False,,False,False,,False,,False,0,,0,100.0,,,,,1,100,False,True
jonschlinkert/assign-symbols,gh/45661176,True,19,0,19,25.0,18,7,True,False,github,False,False,,False,,True,1,,0,100.0,,,,,1,63,True,True
jonschlinkert/define-property,gh/40633359,True,19,0,19,25.0,21,8,True,False,github,False,False,,False,,True,1,,0,100.0,,,,,1,63,True,True
jonschlinkert/extend-shallow,gh/25867410,True,19,0,19,25.0,33,9,True,False,github,False,False,,False,,True,1,,0,100.0,,,,,1,63,True,True
jonschlinkert/fill-range,gh/27113310,True,19,0,19,25.0,58,15,True,False,github,False,False,,False,,True,1,,0,100.0,,,,,1,63,True,True
jonschlinkert/get-value,gh/24911025,True,19,0,19,25.0,295,22,True,True,github,False,False,,False,,True,1,,0,100.0,,,,,1,63,True,True
jonschlinkert/global-prefix,gh/31455984,True,19,0,19,25.0,29,12,True,False,github,False,False,,False,,True,1,,0,100.0,,,,,1,63,True,True
jonschlinkert/has-value,gh/24310408,True,19,0,19,25.0,26,6,True,False,github,False,False,,False,,True,1,,0,100.0,,,,,1,63,True,True
jonschlinkert/has-values,gh/33009186,True,19,0,19,25.0,23,5,True,False,github,False,False,,False,,True,1,,0,100.0,,,,,1,63,True,True
jonschlinkert/is-extendable,gh/38225016,True,19,0,19,25.0,19,5,True,False,github,False,False,,False,,True,1,,0,100.0,,,,,1,63,True,True
jonschlinkert/is-number,gh/24313173,True,19,0,19,25.0,282,53,True,False,github,False,False,,False,,True,1,,0,100.0,,,,,1,63,True,True
jonschlinkert/is-plain-object,gh/24306940,True,19,0,19,25.0,157,33,True,False,github,False,False,,False,,True,1,,0,100.0,,,,,1,63,True,True
jonschlinkert/isobject,gh/21342886,True,19,0,19,25.0,107,19,True,True,github,False,False,,False,,True,1,,0,100.0,,,,,1,63,True,True
jonschlinkert/kind-of,gh/24491562,True,19,0,19,25.0,354,43,True,False,github,False,False,,False,,True,1,,0,100.0,,,,,1,63,True,True
jonschlinkert/map-cache,gh/32450614,True,19,0,19,25.0,20,7,True,False,github,False,False,,False,,True,1,,0,100.0,,,,,1,63,True,True
jonschlinkert/normalize-path,gh/21224182,True,19,0,19,25.0,112,12,True,False,github,False,False,,False,,True,1,,0,100.0,,,,,1,63,True,True
jonschlinkert/object-visit,gh/38545952,True,19,0,19,25.0,20,5,True,False,github,False,False,,False,,True,1,,0,100.0,,,,,1,63,True,True
jonschlinkert/word-wrap,gh/18260583,True,19,0,19,25.0,207,69,True,False,github,False,False,,False,,True,1,,0,100.0,,,,,1,63,True,True
jorgebucaran/colorette,gh/34648097,True,9,0,9,29.69,1628,56,False,False,,False,False,,False,,True,0,,0,100.0,,,,,1,67,True,True
joshuakgoldberg/ts-api-utils,gh/597893818,True,21,0,21,22.82,116,14,True,True,github,False,False,,False,,True,1,,0,100.0,,,,,1,61,True,True
jpadilla/pyjwt,gh/1408162,True,3,0,3,39.19,5646,751,True,True,github,False,False,,False,,True,1,,0,100.0,,,,,1,73,True,True
jprichardson/node-fs-extra,gh/2791348,False,0,0,0,100.0,9618,783,False,False,,False,False,,False,,False,0,,0,100.0,,,,,1,100,False,True
jprichardson/node-jsonfile,gh/5754307,False,0,0,0,100.0,1210,388,False,False,,False,False,,False,,False,0,,0,100.0,,,,,1,100,False,True
jquast/wcwidth,gh/18464187,True,1,8,9,29.69,453,66,True,True,github,False,False,,False,,True,1,,0,100.0,,,,,1,67,True,True
jquery/esprima,gh/2833537,False,0,0,0,100.0,7134,774,False,False,,False,False,,False,,True,0,jqueryorg,3652.54,5.13,lf/openjs,nonprofit,,,0.5,29,True,True
jridgewell/resolve-uri,gh/196878944,False,0,0,0,100.0,11,7,False,False,,False,False,,False,,False,0,,0,100.0,,,,,1,100,False,True
jridgewell/sourcemaps,gh/897142826,False,0,0,0,100.0,43,7,False,False,,False,False,,False,,False,0,,0,100.0,,,,,1,100,False,True
jsdom/tr46,gh/36964214,False,0,0,0,100.0,39,24,True,True,tidelift,False,False,,False,,False,1,,0,100.0,,,,,1,79,True,True
jsdom/webidl-conversions,gh/23000311,False,0,0,0,100.0,41,21,True,True,tidelift,False,False,,False,,False,1,,0,100.0,,,,,1,79,True,True
jsdom/whatwg-mimetype,gh/71014420,False,0,0,0,100.0,94,19,True,True,tidelift,False,False,,False,,False,1,,0,100.0,,,,,1,79,True,True
jsdom/whatwg-url,gh/34761352,False,0,0,0,100.0,413,104,True,True,tidelift,False,False,,False,,False,1,,0,100.0,,,,,1,79,True,True
jsdom/xml-name-validator,gh/28553202,False,0,0,0,100.0,15,11,True,True,tidelift,False,False,,False,,False,1,,0,100.0,,,,,1,79,True,True
jshttp/accepts,gh/15482433,False,0,0,0,100.0,265,49,True,True,open_collective,False,False,,False,,False,1,,0,100.0,,,,,1,100,True,True
jshttp/content-disposition,gh/24216676,False,0,0,0,100.0,241,47,True,True,open_collective,False,True,https://opencollective.com/express,False,,False,2,,0,100.0,,,,,1,79,True,True
jshttp/content-type,gh/30172150,False,0,0,0,100.0,142,37,True,True,open_collective,False,True,https://opencollective.com/express,False,,False,2,,0,100.0,,,,,1,79,True,True
jshttp/cookie,gh/4475810,False,0,0,0,100.0,1476,180,True,True,open_collective,False,True,https://opencollective.com/express,False,,False,2,,0,100.0,,,,,1,79,True,True
jshttp/etag,gh/22894570,False,0,0,0,100.0,266,41,True,True,open_collective,False,False,,False,,False,1,,0,100.0,,,,,1,100,True,True
jshttp/forwarded,gh/24300217,False,0,0,0,100.0,60,21,True,True,open_collective,False,False,,False,,False,1,,0,100.0,,,,,1,100,True,True
jshttp/fresh,gh/4617552,False,0,0,0,100.0,162,34,True,True,open_collective,False,False,,False,,False,1,,0,100.0,,,,,1,100,True,True
jshttp/http-errors,gh/23806086,False,0,0,0,100.0,1553,115,True,True,open_collective,False,True,https://opencollective.com/express,False,,False,2,,0,100.0,lf,nonprofit,,,0.5,79,True,True
jshttp/media-typer,gh/20814275,False,0,0,0,100.0,57,17,True,True,open_collective,False,True,https://opencollective.com/express,False,,False,2,,0,100.0,,,,,1,79,True,True
jshttp/methods,gh/8274071,False,0,0,0,100.0,180,37,True,True,open_collective,False,False,,False,,False,1,,0,100.0,,,,,1,100,True,True
jshttp/mime-db,gh/22970419,False,0,0,0,100.0,1234,283,True,True,open_collective,False,False,,False,,False,1,,0,100.0,,,,,1,100,True,True
jshttp/mime-types,gh/19380178,False,0,0,0,100.0,1461,146,True,True,open_collective,False,True,https://opencollective.com/express,False,,False,2,,0,100.0,,,,,1,79,True,True
jshttp/negotiator,gh/3275614,False,0,0,0,100.0,380,41,True,True,open_collective,False,False,,False,,False,1,,0,100.0,,,,,1,100,True,True
jshttp/on-finished,gh/15349765,False,0,0,0,100.0,404,50,True,True,open_collective,False,False,,False,,False,1,,0,100.0,,,,,1,100,True,True
jshttp/range-parser,gh/4627131,False,0,0,0,100.0,96,24,True,True,open_collective,False,True,https://opencollective.com/express,False,,False,2,,0,100.0,,,,,1,79,True,True
jshttp/statuses,gh/17690272,False,0,0,0,100.0,285,30,True,True,open_collective,False,False,,False,,False,1,,0,100.0,,,,,1,100,True,True
jshttp/type-is,gh/15484233,False,0,0,0,100.0,228,37,True,True,open_collective,False,True,https://opencollective.com/express,False,,False,2,,0,100.0,,,,,1,79,True,True
jshttp/vary,gh/20498698,False,0,0,0,100.0,64,15,True,True,open_collective,False,False,,False,,False,1,,0,100.0,,,,,1,100,True,True
jslicense/spdx-correct.js,gh/34817196,False,0,0,0,100.0,35,22,False,False,,False,False,,False,,False,0,,0,100.0,,,,,1,100,False,True
jslicense/spdx-exceptions.json,gh/40062896,False,0,0,0,100.0,16,11,False,False,,False,False,,False,,False,0,,0,100.0,,,,,1,100,False,True
jslicense/spdx-expression-parse.js,gh/40067336,False,0,0,0,100.0,45,25,False,False,,False,False,,False,,False,0,,0,100.0,,,,,1,100,False,True
jslicense/spdx-license-ids,gh/26001547,False,0,0,0,100.0,37,19,False,False,,False,False,,False,,False,0,,0,100.0,,,,,1,100,False,True
json5/json5,gh/4463453,False,0,0,0,100.0,7115,274,False,False,,False,False,,False,,False,0,,0,100.0,,,,,1,100,False,True
juliangruber/balanced-match,gh/13538817,True,6,0,6,33.73,129,44,True,True,"github,custom",False,False,,False,,True,2,,0,100.0,,,,,1,70,True,True
juliangruber/brace-expansion,gh/13539234,True,6,0,6,33.73,207,80,True,True,"github,custom",False,False,,False,,True,2,,0,100.0,,,,,1,70,True,True
juliangruber/isarray,gh/10227611,True,6,0,6,33.73,132,41,True,True,"tidelift,patreon",False,False,,False,,True,2,,0,100.0,,,,,1,70,True,True
justmoon/node-extend,gh/3967764,False,0,1,1,42.79,343,78,False,False,,False,False,,False,,True,0,,0,100.0,,,,,1,75,True,True
jviereck/regjsparser,gh/14087781,False,0,0,0,100.0,84,22,False,False,,False,False,,False,,True,0,,0,100.0,,,,,1,100,True,True
ka-weihe/fastest-levenshtein,gh/158960628,False,0,0,0,100.0,766,27,False,False,,False,False,,False,,False,0,,0,100.0,,,,,1,100,False,True
kaelzhang/node-ignore,gh/12519245,False,0,0,0,100.0,495,47,True,True,open_collective,False,False,,False,,False,1,node-ignore,38.88,17.69,,,,,1,56,True,True
kemitchell/validate-npm-package-license.js,gh/35000460,False,0,0,0,100.0,28,11,False,False,,False,False,,False,,False,0,,0,100.0,,,,,1,100,False,True
kevinbeaty/any-promise,gh/26247715,False,0,0,0,100.0,181,16,False,False,,False,False,,False,,False,0,,0,100.0,,,,,1,100,False,True
kevva/dir-glob,gh/49264969,False,0,0,0,100.0,44,10,True,False,tidelift,False,False,,False,,False,1,,0,100.0,,,,,1,79,True,True
kevva/shebang-command,gh/47402913,False,0,0,0,100.0,24,9,True,False,tidelift,False,False,,False,,False,1,,0,100.0,,,,,1,79,True,True
kilian/electron-to-chromium,gh/78972540,True,3,0,3,39.19,155,28,True,True,"github,ko_fi,tidelift",False,False,,False,,True,3,,0,100.0,,,,,1,73,True,True
kjd/idna,gh/10323585,False,0,0,0,100.0,277,116,False,False,,False,False,,False,,False,0,,0,100.0,,,,,1,100,False,True
knurling-rs/defmt,gh/282262730,True,20,1,21,22.82,1166,125,True,True,github,False,False,,False,,False,1,,0,100.0,,,,,1,61,True,True
kpdecker/jsdiff,gh/1542219,False,0,0,0,100.0,9131,536,False,False,,False,False,,False,,False,0,,0,100.0,,,,,1,100,False,True
krb5/krb5,gh/4307702,False,0,0,0,100.0,593,429,False,False,,False,False,,False,,True,0,,0,100.0,,,,,1,100,True,True
kriskowal/asap,gh/11295071,False,0,0,0,100.0,612,42,False,False,,False,False,,False,,False,0,,0,100.0,,,,,1,100,False,True
kriszyp/json-schema,gh/947175,False,0,0,0,100.0,528,171,False,False,,False,False,,False,,False,0,,0,100.0,,,,,1,100,False,True
langchain-ai/langchain,gh/552661142,False,0,0,0,100.0,135127,22347,False,False,,False,False,,False,,True,0,,0,100.0,,,langchain.com,company,0,1,True,False
laurent-laporte-pro/deprecated,gh/111412148,False,0,0,0,100.0,333,42,False,False,,False,False,,False,,False,0,,0,100.0,,,,,1,100,False,True
lddubeau/xmlchars,gh/139881982,,,,0,100.0,3,2,,,,False,False,,False,,False,0,,0,100.0,,,,,1,100,False,True
legrandin/pycryptodome,gh/19378935,False,0,0,0,100.0,3226,553,False,False,,False,False,,False,,False,0,,0,100.0,,,,,1,100,False,True
libexpat/libexpat,gh/80314213,False,0,0,0,100.0,1322,504,False,False,,False,False,,False,,True,0,,0,100.0,,,,,1,100,True,True
libffi/libffi,gh/321154,False,0,0,0,100.0,4233,807,False,False,,False,False,,False,,False,0,,0,100.0,sfc,nonprofit,,,0.5,79,True,True
libjpeg-turbo/libjpeg-turbo,gh/39760454,True,9,0,9,29.69,4295,1142,True,True,github,True,False,,False,,False,2,,0,100.0,,,,,1,67,True,True
libjxl/libjxl,gh/340219494,False,0,0,0,100.0,3460,357,False,False,,False,False,,False,,False,0,,0,100.0,,,google.com,company,0,1,True,False
libpixman/pixman,gh/81675971,False,0,0,0,100.0,38,3,False,False,,False,False,,False,,False,0,,0,100.0,xorg,nonprofit,,,0.5,79,True,True
libuv/libuv,gh/14812739,False,0,0,0,100.0,26792,3866,False,False,,False,False,,False,,False,0,,0,100.0,lf/openjs,nonprofit,,,0.5,79,True,True
linusu/buffer-from,gh/66025821,True,3,0,3,39.19,25,9,False,False,,False,False,,False,,True,0,,0,100.0,,,,,1,73,True,True
linux-audit/audit-userspace,gh/52464964,False,0,0,0,100.0,707,239,False,False,,False,False,,False,,False,0,,0,100.0,,,,,1,100,False,True
linux-pam/linux-pam,gh/76264690,False,0,0,0,100.0,768,345,False,False,,False,False,,False,,False,0,,0,100.0,,,,,1,100,False,True
litejs/natural-compare-lite,gh/9146732,True,1,0,1,42.79,114,9,True,True,github,False,False,,False,,True,1,,0,100.0,,,,,1,75,True,True
ljharb/call-bind,gh/308533760,True,67,23,90,16.05,12,7,True,True,"github,tidelift",False,True,https://github.com/sponsors/ljharb,False,,True,3,,0,100.0,,,,,1,54,True,True
ljharb/call-bind-apply-helpers,gh/898190951,True,67,23,90,16.05,5,3,True,True,"github,tidelift",False,False,,False,,True,2,,0,100.0,,,,,1,54,True,True
ljharb/call-bound,gh/898125972,True,67,23,90,16.05,5,2,True,True,"github,tidelift",False,True,https://github.com/sponsors/ljharb,False,,True,3,,0,100.0,,,,,1,54,True,True
ljharb/concat-map,gh/548993448,True,67,23,90,16.05,3,2,True,True,"github,tidelift",False,True,https://github.com/sponsors/ljharb,False,,True,3,,0,100.0,,,,,1,54,True,True
ljharb/define-data-property,gh/689109338,True,67,23,90,16.05,3,1,True,True,"github,tidelift",False,True,https://github.com/sponsors/ljharb,False,,True,3,,0,100.0,,,,,1,54,True,True
ljharb/define-properties,gh/28768789,True,67,23,90,16.05,21,9,True,True,"github,tidelift",False,True,https://github.com/sponsors/ljharb,False,,True,3,,0,100.0,,,,,1,54,True,True
ljharb/es-abstract,gh/28995155,True,67,23,90,16.05,123,31,True,True,"github,tidelift",False,True,https://github.com/sponsors/ljharb,False,,True,3,,0,100.0,,,,,1,54,True,True
ljharb/es-define-property,gh/756570458,True,67,23,90,16.05,4,1,True,True,"github,tidelift",False,False,,False,,True,2,,0,100.0,,,,,1,54,True,True
ljharb/es-errors,gh/752160492,True,67,23,90,16.05,10,4,True,True,"github,tidelift",False,False,,False,,True,2,,0,100.0,,,,,1,54,True,True
ljharb/es-shim-unscopables,gh/480458584,True,67,23,90,16.05,2,0,True,True,"github,tidelift",False,False,,False,,True,2,,0,100.0,,,,,1,54,True,True
ljharb/es-to-primitive,gh/32377814,True,67,23,90,16.05,22,8,True,True,"github,tidelift",False,False,,False,,True,2,,0,100.0,,,,,1,54,True,True
ljharb/get-intrinsic,gh/308516559,True,67,23,90,16.05,34,6,True,True,"github,tidelift",False,True,https://github.com/sponsors/ljharb,False,,True,3,,0,100.0,,,,,1,54,True,True
ljharb/get-proto,gh/911035271,True,67,23,90,16.05,3,2,True,True,"github,tidelift",False,False,,False,,True,2,,0,100.0,,,,,1,54,True,True
ljharb/gopd,gh/560708130,True,67,23,90,16.05,2,4,True,True,"github,tidelift",False,True,https://github.com/sponsors/ljharb,False,,True,3,,0,100.0,,,,,1,54,True,True
ljharb/internal-slot,gh/216159146,True,67,23,90,16.05,9,1,True,True,"github,tidelift",False,False,,False,,True,2,,0,100.0,,,,,1,54,True,True
ljharb/object-keys,gh/9103992,True,67,23,90,16.05,46,15,True,True,"github,tidelift",False,False,,False,,True,2,,0,100.0,,,,,1,54,True,True
ljharb/object.assign,gh/17755831,True,67,23,90,16.05,106,18,True,True,"github,tidelift",False,True,https://github.com/sponsors/ljharb,False,,True,3,,0,100.0,,,,,1,54,True,True
ljharb/possible-typed-array-names,gh/760136716,True,67,23,90,16.05,1,0,True,True,"github,tidelift",False,False,,False,,True,2,,0,100.0,,,,,1,54,True,True
ljharb/qs,gh/22266795,True,67,23,90,16.05,8927,880,True,True,"github,tidelift",False,True,https://github.com/sponsors/ljharb,False,,True,3,,0,100.0,,,,,1,54,True,True
ljharb/safe-regex-test,gh/540138887,True,67,23,90,16.05,8,2,True,True,"github,tidelift",False,True,https://github.com/sponsors/ljharb,False,,True,3,,0,100.0,,,,,1,54,True,True
ljharb/set-function-length,gh/704249795,True,67,23,90,16.05,4,1,True,True,"github,tidelift",False,False,,False,,True,2,,0,100.0,,,,,1,54,True,True
ljharb/side-channel,gh/225239081,True,67,23,90,16.05,18,10,True,True,"github,tidelift",False,True,https://github.com/sponsors/ljharb,False,,True,3,,0,100.0,,,,,1,54,True,True
ljharb/side-channel-list,gh/901451610,True,67,23,90,16.05,3,2,True,True,"github,tidelift",False,True,https://github.com/sponsors/ljharb,False,,True,3,,0,100.0,,,,,1,54,True,True
ljharb/side-channel-map,gh/901191461,True,67,23,90,16.05,1,3,True,True,"github,tidelift",False,True,https://github.com/sponsors/ljharb,False,,True,3,,0,100.0,,,,,1,54,True,True
ljharb/side-channel-weakmap,gh/901188921,True,67,23,90,16.05,1,2,True,True,"github,tidelift",False,True,https://github.com/sponsors/ljharb,False,,True,3,,0,100.0,,,,,1,54,True,True
lodash/lodash,gh/3955647,False,0,0,0,100.0,61260,7150,False,False,,False,False,,False,,False,0,lodash,0,100.0,lf/openjs,nonprofit,,,0.5,79,True,True
loganfsmyth/gensync,gh/132383032,False,0,0,0,100.0,94,15,False,False,,False,False,,False,,False,0,,0,100.0,,,,,1,100,False,True
lokathor/bytemuck,gh/209673558,True,10,0,10,28.49,988,106,True,True,github,False,False,,False,,True,1,,0,100.0,,,,,1,66,True,True
lukeed/dequal,gh/174421655,True,8,1,9,29.69,1466,33,True,True,github,False,False,,False,,True,1,,0,100.0,,,,,1,67,True,True
lukeed/escalade,gh/273568715,True,8,1,9,29.69,155,11,False,False,,False,False,,False,,True,0,,0,100.0,,,,,1,67,True,True
lukeed/kleur,gh/140393403,True,8,1,9,29.69,1694,50,True,True,github,False,False,,False,,True,1,,0,100.0,,,,,1,67,True,True
lxml/lxml,gh/1353927,False,0,0,0,100.0,3018,611,True,True,"github,tidelift",False,False,,False,,True,2,,0,100.0,,,,,1,79,True,True
lydell/js-tokens,gh/17552490,False,0,0,0,100.0,553,40,False,False,,False,False,,False,,False,0,,0,100.0,,,,,1,100,False,True
lz4/lz4,gh/18106269,False,0,0,0,100.0,11786,1535,False,False,,False,False,,False,,False,0,,0,100.0,,,,,1,100,False,True
madler/zlib,gh/2359378,False,0,0,0,100.0,6825,2749,False,False,,False,False,,False,,False,0,,0,100.0,,,,,1,100,False,True
mafintosh/end-of-stream,gh/14732255,True,3,0,3,39.19,150,30,True,True,github,False,False,,False,,True,1,,0,100.0,,,,,1,73,True,True
mafintosh/pump,gh/12118126,True,3,0,3,39.19,917,64,True,True,"github,tidelift",False,False,,False,,True,2,,0,100.0,,,,,1,73,True,True
mafintosh/tar-stream,gh/15340089,True,3,0,3,39.19,436,102,True,True,github,False,False,,False,,True,1,,0,100.0,,,,,1,73,True,True
marshallpierce/rust-base64,gh/47371310,False,0,0,0,100.0,718,135,False,False,,False,False,,False,,False,0,,0,100.0,,,,,1,100,False,True
mathiasbynens/cssesc,gh/12001360,True,4,0,4,37.23,175,19,False,False,,False,False,,False,,True,0,,0,100.0,,,,,1,72,True,True
mathiasbynens/emoji-regex,gh/24557614,True,4,0,4,37.23,1903,174,False,False,,False,False,,False,,True,0,,0,100.0,,,,,1,72,True,True
mathiasbynens/jsesc,gh/10498729,True,4,0,4,37.23,794,53,False,False,,False,False,,False,,True,0,,0,100.0,,,,,1,72,True,True
mathiasbynens/punycode.js,gh/2755924,True,4,0,4,37.23,1678,169,False,False,,False,False,,False,,True,0,,0,100.0,,,,,1,72,True,True
mathiasbynens/regenerate,gh/10182772,True,4,0,4,37.23,376,39,False,False,,False,False,,False,,True,0,,0,100.0,,,,,1,72,True,True
mathiasbynens/regexpu-core,gh/49437324,True,4,0,4,37.23,80,12,False,False,,False,False,,False,,True,0,,0,100.0,,,,,1,72,True,True
mathiasbynens/unicode-canonical-property-names-ecmascript,gh/88346537,True,4,0,4,37.23,13,4,False,False,,False,False,,False,,True,0,,0,100.0,,,,,1,72,True,True
mathiasbynens/unicode-property-aliases-ecmascript,gh/88333533,True,4,0,4,37.23,6,4,False,False,,False,False,,False,,True,0,,0,100.0,,,,,1,72,True,True
matklad/once_cell,gh/143220272,False,0,1,1,42.79,2080,123,False,False,,False,False,,False,,False,0,,0,100.0,,,,,1,75,False,True
matplotlib/matplotlib,gh/1385122,True,13,0,13,27.29,22739,8324,True,True,"github,custom",False,False,,True,custom,False,3,matplotlib,22126.20,2.95,numfocus,nonprofit,,,0.5,16,True,True
mcollina/fastq,gh/37368217,True,13,1,14,26.75,1128,60,True,False,github,False,False,,False,,True,1,,0,100.0,,,,,1,64,True,True
mcollina/reusify,gh/42106515,True,13,1,14,26.75,184,21,True,False,github,False,False,,False,,True,1,,0,100.0,,,,,1,64,True,True
mdn/data,gh/70901646,False,0,0,0,100.0,776,212,False,False,,False,False,,False,,False,0,,0,100.0,,,,,1,100,False,True
medikoo/d,gh/10817569,True,3,6,9,29.69,44,24,True,True,"github,tidelift",False,False,,False,,True,2,,0,100.0,,,,,1,67,True,True
medikoo/es5-ext,gh/1792941,True,3,6,9,29.69,179,102,True,True,"github,tidelift",False,False,,False,,True,2,,0,100.0,,,,,1,67,True,True
medikoo/es6-symbol,gh/14423385,True,3,6,9,29.69,178,17,True,True,"github,tidelift",False,False,,False,,True,2,,0,100.0,,,,,1,67,True,True
medikoo/type,gh/177198492,True,3,6,9,29.69,37,4,True,True,github,False,False,,False,,True,1,,0,100.0,,,,,1,67,True,True
meinersbur/isl,gh/37677854,False,0,0,0,100.0,76,28,False,False,,False,False,,False,,False,0,,0,100.0,,,,,1,100,False,True
mhammond/pywin32,gh/108187130,False,0,0,0,100.0,5551,851,False,False,,False,False,,False,,False,0,,0,100.0,,,,,1,100,False,True
micheles/decorator,gh/14656555,False,0,0,0,100.0,906,115,False,False,,False,False,,False,,False,0,,0,100.0,,,,,1,100,False,True
micromark/micromark,gh/157420458,False,0,0,0,100.0,2169,77,True,False,"github,open_collective,thanks_dev",False,True,https://github.com/sponsors/unifiedjs,False,,True,4,,0,100.0,,,,,1,79,True,True
micromatch/anymatch,gh/11458302,False,0,0,0,100.0,401,43,True,True,github,False,False,,False,,False,1,,0,100.0,,,,,1,100,True,True
micromatch/braces,gh/25475303,False,0,0,0,100.0,246,79,True,True,github,False,False,,False,,True,1,,0,100.0,,,,,1,100,True,True
micromatch/is-extglob,gh/31788841,False,0,0,0,100.0,23,5,True,True,"github,tidelift",False,False,,False,,True,2,,0,100.0,,,,,1,79,True,True
micromatch/is-glob,gh/28179425,False,0,0,0,100.0,96,13,True,True,github,False,False,,False,,True,1,,0,100.0,,,,,1,100,True,True
micromatch/micromatch,gh/27359938,False,0,0,0,100.0,3026,208,True,True,github,False,False,,False,,True,1,,0,100.0,,,,,1,100,True,True
micromatch/picomatch,gh/156211895,False,0,0,0,100.0,1250,101,True,True,github,False,True,https://github.com/sponsors/jonschlinkert,False,,True,2,,0,100.0,,,,,1,79,True,True
micromatch/to-regex-range,gh/40355891,False,0,0,0,100.0,172,23,True,True,github,False,False,,False,,True,1,,0,100.0,,,,,1,100,True,True
microsoft/tslib,gh/34414315,False,0,1,1,42.79,1336,145,False,False,,False,False,,False,,True,0,,0,100.0,,,microsoft.com,company,0,1,True,False
microsoft/typescript,gh/20929025,False,0,1,1,42.79,108681,13373,False,False,,False,False,,False,,True,0,,0,100.0,,,microsoft.com,company,0,1,True,False
microsoft/windows-rs,gh/208102250,False,0,1,1,42.79,12133,612,False,False,,False,False,,False,,False,0,,0,100.0,,,microsoft.com,company,0,1,True,False
minimistjs/minimist,gh/549230701,False,0,0,0,100.0,661,46,True,True,"github,tidelift",False,True,https://github.com/sponsors/ljharb,False,,True,3,,0,100.0,,,,,1,79,True,True
mirror/ncurses,gh/22324756,False,0,0,0,100.0,586,128,False,False,,False,False,,False,,False,0,,0,100.0,fsf/gnu,nonprofit,,,0.5,79,True,True
mitsuhiko/insta,gh/165561258,True,25,0,25,19.21,2833,148,True,True,github,False,False,,False,,True,1,,0,100.0,,,,,1,58,True,True
mm2/little-cms,gh/507969,False,0,0,0,100.0,716,213,False,False,,False,False,,False,,False,0,,0,100.0,,,,,1,100,False,True
moment/moment,gh/1424470,False,0,0,0,100.0,47987,7001,False,False,,False,False,,False,,False,0,,0,100.0,lf/openjs,nonprofit,,,0.5,79,True,True
more-itertools/more-itertools,gh/4144530,False,0,0,0,100.0,4057,316,False,False,,False,False,,False,,False,0,,0,100.0,,,,,1,100,False,True
motdotla/dotenv,gh/11205780,True,5,0,5,34.72,20402,935,True,True,"github,custom",False,True,https://dotenvx.com,False,,True,3,dotenv,142.25,17.14,,,,,1,39,True,True
moxystudio/node-cross-spawn,gh/21335844,False,0,0,0,100.0,1169,140,False,False,,False,False,,False,,False,0,,0,100.0,,,,,1,100,False,True
mozilla/source-map,gh/2014930,False,0,0,0,100.0,3720,370,False,False,,False,False,,False,,False,0,,0,100.0,mozilla.org,nonprofit,,,0.5,79,True,True
mrabarnett/mrab-regex,gh/309446978,False,0,0,0,100.0,583,71,False,False,,False,False,,False,,False,0,,0,100.0,,,,,1,100,False,True
mrmlnc/fast-glob,gh/77467076,False,0,0,0,100.0,2808,137,False,False,,False,False,,False,,False,0,,0,100.0,,,,,1,100,False,True
msgpack/msgpack-python,gh/2242705,False,0,0,0,100.0,2080,244,False,False,,False,False,,False,,True,0,,0,100.0,,,,,1,100,True,True
myrne/performance-now,gh/10219264,False,0,0,0,100.0,160,23,False,False,,False,False,,False,,False,0,,0,100.0,,,,,1,100,False,True
mysticatea/abort-controller,gh/105228556,True,6,2,8,30.9,308,37,True,True,github,False,False,,False,,True,1,,0,100.0,,,,,1,68,True,True
mysticatea/event-target-shim,gh/31137469,True,6,2,8,30.9,130,29,True,True,github,False,True,https://github.com/sponsors/mysticatea,False,,True,2,,0,100.0,,,,,1,68,True,True
netflix/vmaf,gh/51317975,False,0,0,0,100.0,5333,819,False,False,,False,False,,False,,False,0,,0,100.0,,,netflix.com,company,0,1,True,False
nghttp2/nghttp2,gh/11452676,False,0,0,0,100.0,4986,929,False,False,,False,False,,False,,True,0,,0,100.0,,,,,1,100,True,True
nicolo-ribaudo/babel-preset-current-node-syntax,gh/253327079,True,9,4,13,27.29,6,0,True,True,github,False,False,,False,,True,1,,0,100.0,,,,,1,65,True,True
nlnetlabs/unbound,gh/94195301,True,16,0,16,25.66,4471,437,True,True,"github,custom",False,False,,False,,False,2,,0,100.0,,,,,1,64,True,True
node-fetch/fetch-blob,gh/186960326,True,4,0,4,37.23,64,36,False,False,,False,True,https://github.com/sponsors/jimmywarting,False,,True,1,,0,100.0,,,,,1,72,True,True
node-fetch/node-fetch,gh/29849956,True,4,0,4,37.23,8857,1052,True,True,"github,open_collective",False,True,https://opencollective.com/node-fetch,False,,True,3,node-fetch,930.27,6.99,,,,,1,30,True,True
nodeca/argparse,gh/4325614,True,4,0,4,37.23,508,75,True,True,"open_collective,patreon,tidelift",False,False,,False,,False,3,nodeca,190.70,16.92,,,,,1,40,True,True
nodeca/js-yaml,gh/2504175,True,4,0,4,37.23,6564,807,True,True,github,True,True,https://github.com/sponsors/puzrin,False,,False,3,nodeca,190.70,16.92,,,,,1,40,True,True
nodeca/pako,gh/16231859,True,4,0,4,37.23,6065,802,True,True,github,False,True,https://github.com/sponsors/puzrin,False,,False,2,nodeca,190.70,16.92,,,,,1,40,True,True
nodejs/node,gh/27193779,True,55,0,55,17.14,116940,35445,True,True,"github,open_collective",False,False,,False,,True,2,,0,100.0,lf/openjs,nonprofit,,,0.5,44,True,True
nodejs/readable-stream,gh/5187096,True,55,0,55,17.14,1045,237,True,True,"github,open_collective",False,False,,False,,True,2,nodejs-google-summer-of-code,0,100.0,lf/openjs,nonprofit,,,0.5,44,True,True
nodejs/string_decoder,gh/95052330,True,55,0,55,17.14,35,23,True,True,"github,open_collective",False,False,,False,,True,2,nodejs-google-summer-of-code,0,100.0,,,,,1,56,True,True
nodejs/undici,gh/133092972,True,55,0,55,17.14,7532,756,True,True,"github,open_collective",False,False,,False,,True,2,nodejs-google-summer-of-code,0,100.0,,,,,1,56,True,True
nodelib/nodelib,gh/129310478,False,0,0,0,100.0,79,14,False,False,,False,False,,False,,False,0,,0,100.0,,,,,1,100,False,True
npm/abbrev-js,gh/554893,False,0,0,0,100.0,167,32,False,False,,False,False,,False,,True,0,,0,100.0,,,github.com,company,0,1,True,False
npm/cacache,gh/193812470,False,0,0,0,100.0,299,35,False,False,,False,False,,False,,True,0,,0,100.0,,,github.com,company,0,1,True,False
npm/hosted-git-info,gh/25002984,False,0,0,0,100.0,236,91,False,False,,False,False,,False,,True,0,,0,100.0,,,github.com,company,0,1,True,False
npm/ini,gh/2167680,False,0,0,0,100.0,814,210,False,False,,False,False,,False,,True,0,,0,100.0,,,github.com,company,0,1,True,False
npm/json-parse-even-better-errors,gh/211384370,False,0,0,0,100.0,27,4,False,False,,False,False,,False,,True,0,,0,100.0,,,github.com,company,0,1,True,False
npm/mute-stream,gh/5159166,False,0,0,0,100.0,55,15,False,False,,False,False,,False,,True,0,,0,100.0,,,github.com,company,0,1,True,False
npm/node-semver,gh/1357199,False,0,0,0,100.0,5422,573,False,False,,False,False,,False,,True,0,,0,100.0,,,github.com,company,0,1,True,False
npm/node-which,gh/2169708,False,0,0,0,100.0,352,53,False,False,,False,False,,False,,True,0,,0,100.0,,,github.com,company,0,1,True,False
npm/nopt,gh/1544436,False,0,0,0,100.0,542,46,False,False,,False,False,,False,,True,0,,0,100.0,,,github.com,company,0,1,True,False
npm/normalize-package-data,gh/9301720,False,0,0,0,100.0,205,48,False,False,,False,False,,False,,True,0,,0,100.0,,,github.com,company,0,1,True,False
npm/ssri,gh/193817839,False,0,0,0,100.0,58,28,False,False,,False,False,,False,,True,0,,0,100.0,,,github.com,company,0,1,True,False
npm/unique-slug,gh/35246620,False,0,0,0,100.0,36,8,False,False,,False,False,,False,,True,0,,0,100.0,,,github.com,company,0,1,True,False
npm/write-file-atomic,gh/23896209,False,0,0,0,100.0,249,49,False,False,,False,False,,False,,True,0,,0,100.0,,,github.com,company,0,1,True,False
numpy/numpy,gh/908607,False,0,0,0,100.0,31908,12318,True,True,"open_collective,tidelift,custom",False,False,,False,,True,3,numpy,35427.69,1.64,numfocus,nonprofit,,,0.5,20,True,True
nv/cssom,gh/1025209,False,0,1,1,42.79,758,101,False,False,,False,False,,False,,False,0,,0,100.0,,,,,1,75,False,True
nvzqz/static-assertions,gh/100129252,True,5,0,5,34.72,656,26,True,True,"github,patreon,custom",False,False,,False,,True,3,,0,100.0,,,,,1,70,True,True
oauthlib/oauthlib,gh/2811323,False,0,0,0,100.0,2965,507,True,True,"github,open_collective",False,False,,False,,True,2,oauthlib,0,100.0,,,,,1,100,True,True
octokit/openapi-types.ts,gh/304109193,False,0,0,0,100.0,54,16,False,False,,False,False,,False,,False,0,,0,100.0,,,github.com,company,0,1,True,False
octokit/types.ts,gh/216109757,False,0,0,0,100.0,152,33,False,False,,False,False,,False,,True,0,,0,100.0,,,github.com,company,0,1,True,False
oozcitak/xmlbuilder-js,gh/1042809,True,1,0,1,42.79,926,105,True,True,github,False,False,,False,,True,1,imagelistview,0,100.0,,,,,1,75,True,True
open-telemetry/opentelemetry-js,gh/185901023,False,0,0,0,100.0,3368,1031,False,False,,False,False,,False,,True,0,,0,100.0,lf/cncf,nonprofit,,,0.5,79,True,True
open-telemetry/opentelemetry-js-contrib,gh/255986659,False,0,0,0,100.0,903,653,False,False,,False,False,,False,,False,0,,0,100.0,lf/cncf,nonprofit,,,0.5,79,True,True
open-telemetry/opentelemetry-python,gh/185478926,False,0,0,0,100.0,2416,864,False,False,,False,False,,False,,False,0,,0,100.0,lf/cncf,nonprofit,,,0.5,79,True,True
open-telemetry/opentelemetry-python-contrib,gh/220524743,False,0,0,0,100.0,1035,936,False,False,,False,False,,False,,True,0,,0,100.0,lf/cncf,nonprofit,,,0.5,79,True,True
openssl/openssl,gh/7634677,True,31,0,31,18.78,30068,11228,True,True,github,True,False,,False,,False,2,,0,100.0,,,,,1,57,True,True
p11-glue/p11-kit,gh/12060420,False,0,0,0,100.0,185,113,False,False,,False,False,,False,,False,0,,0,100.0,,,,,1,100,False,True
pallets/click,gh/19103692,True,35,0,35,18.45,17436,1673,True,True,"github,custom,tidelift,thanks_dev",False,False,,True,custom,True,5,,0,100.0,,,,,1,57,True,True
pallets/flask,gh/596892,True,35,0,35,18.45,71454,16816,True,True,"github,custom,tidelift,thanks_dev",False,False,,True,custom,True,5,,0,100.0,,,,,1,57,True,True
pallets/itsdangerous,gh/1945034,True,35,0,35,18.45,3112,235,True,True,"github,custom,tidelift,thanks_dev",False,False,,True,custom,False,5,,0,100.0,,,,,1,57,True,True
pallets/jinja,gh/994551,True,35,0,35,18.45,11593,1728,True,True,"github,custom,tidelift,thanks_dev",False,False,,True,custom,True,5,,0,100.0,,,,,1,57,True,True
pallets/markupsafe,gh/734244,True,35,0,35,18.45,687,178,True,True,"github,custom,tidelift,thanks_dev",False,False,,True,custom,False,5,,0,100.0,,,,,1,57,True,True
pallets/werkzeug,gh/997338,True,35,0,35,18.45,6858,1772,True,True,"github,custom,tidelift,thanks_dev",False,False,,True,custom,True,5,,0,100.0,,,,,1,57,True,True
pandas-dev/pandas,gh/858127,False,0,0,0,100.0,48586,19880,True,True,"github,custom,tidelift",False,False,,False,,True,3,pandas,60837.56,0.76,numfocus,nonprofit,,,0.5,16,True,True
paramiko/paramiko,gh/119609,False,0,0,0,100.0,9738,2048,True,True,tidelift,False,False,,False,,True,1,,0,100.0,,,,,1,79,True,True
paulmillr/chokidar,gh/4090287,True,23,0,23,19.54,12078,621,True,False,github,False,True,https://paulmillr.com/funding/,False,,True,2,pm-code,0,100.0,,,,,1,58,True,True
paulmillr/readdirp,gh/4494405,True,23,0,23,19.54,418,59,True,False,github,False,True,https://paulmillr.com/funding/,False,,True,2,,0,100.0,,,,,1,58,True,True
pcre2project/pcre2,gh/398251321,False,0,0,0,100.0,1273,259,False,False,,False,False,,False,,False,0,,0,100.0,,,,,1,100,False,True
pest-parser/pest,gh/56964647,True,5,0,5,34.72,5331,291,True,True,"github,open_collective",False,False,,False,,False,2,pest,579.61,7.75,,,,,1,30,True,True
peternator7/strum,gh/80964373,False,0,0,0,100.0,2356,181,False,False,,False,False,,False,,False,0,,0,100.0,,,,,1,100,False,True
petkaantonov/bluebird,gh/12670444,False,0,0,0,100.0,20573,2320,False,False,,False,False,,False,,False,0,,0,100.0,,,,,1,100,False,True
pexpect/ptyprocess,gh/24727748,False,0,0,0,100.0,238,72,False,False,,False,False,,False,,False,0,,0,100.0,,,,,1,100,False,True
pillarjs/encodeurl,gh/60721766,False,0,0,0,100.0,37,23,True,True,open_collective,False,False,,False,,False,1,,0,100.0,,,,,1,100,True,True
pillarjs/finalhandler,gh/20547377,False,0,0,0,100.0,232,54,True,True,open_collective,False,True,https://opencollective.com/express,False,,False,2,,0,100.0,,,,,1,79,True,True
pillarjs/iconv-lite,gh/2743221,False,0,0,0,100.0,3166,295,True,True,open_collective,False,True,https://opencollective.com/express,False,,False,2,,0,100.0,,,,,1,79,True,True
pillarjs/parseurl,gh/17533192,False,0,0,0,100.0,189,34,True,True,open_collective,False,False,,False,,False,1,,0,100.0,,,,,1,100,True,True
pillarjs/path-to-regexp,gh/5265803,False,0,0,0,100.0,8583,465,True,True,open_collective,False,True,https://opencollective.com/express,False,,True,2,,0,100.0,lf,nonprofit,,,0.5,79,True,True
pillarjs/send,gh/4879977,False,0,0,0,100.0,812,197,True,True,open_collective,False,True,https://opencollective.com/express,False,,False,2,,0,100.0,,,,,1,79,True,True
pkgconf/pkgconf,gh/4180110,False,0,0,0,100.0,624,138,True,True,open_collective,False,False,,False,,True,1,pkgconf,0,100.0,,,,,1,100,True,True
pnggroup/libpng,gh/3768025,False,0,0,0,100.0,1576,778,False,False,,False,False,,False,,False,0,,0,100.0,,,,,1,100,False,True
postcss/postcss,gh/13078968,False,0,0,0,100.0,28975,1587,True,True,"github,open_collective,tidelift",False,True,https://opencollective.com/postcss/,False,,True,4,postcss,2536.76,5.57,,,,,1,38,True,True
postcss/postcss-selector-parser,gh/36500102,False,0,0,0,100.0,213,53,False,False,,False,False,,False,,False,0,postcss,2536.76,5.57,,,,,1,38,True,True
postcss/postcss-value-parser,gh/40920306,False,0,0,0,100.0,147,23,False,False,,False,False,,False,,False,0,postcss,2536.76,5.57,,,,,1,38,True,True
prettier/prettier,gh/75104123,True,46,0,46,17.25,51830,4708,True,False,"github,open_collective,thanks_dev,tidelift",False,True,https://github.com/prettier/prettier?sponsor=1,False,,True,5,prettier,47708.18,0.98,,,,,1,12,True,True
primus/eventemitter3,gh/13100677,False,0,0,0,100.0,3527,234,False,False,,False,False,,False,,True,0,,0,100.0,,,,,1,100,True,True
proptest-rs/proptest,gh/94702898,False,0,0,0,100.0,2113,211,False,False,,False,False,,False,,False,0,,0,100.0,,,,,1,100,False,True
protobufjs/protobuf.js,gh/8507859,False,0,0,0,100.0,10521,1661,True,True,github,False,False,,False,,True,1,,0,100.0,,,,,1,100,True,True
protocolbuffers/protobuf,gh/23357588,False,0,0,0,100.0,71160,16115,False,False,,False,False,,False,,False,0,,0,100.0,,,google.com,company,0,1,True,False
psf/requests,gh/1362490,True,19,0,19,25.0,53929,9877,True,True,custom,False,False,,False,,True,1,,0,100.0,,,,,1,63,True,True
psycopg/psycopg2,gh/7730829,True,0,0,0,100.0,3630,537,True,True,"github,custom",False,False,,False,,True,2,,0,100.0,,,,,1,79,True,True
pvorb/clone,gh/2317381,True,4,0,4,37.23,793,136,False,False,,False,False,,False,,True,0,,0,100.0,,,,,1,72,True,True
py4j/py4j,gh/1045976,False,0,0,0,100.0,1287,231,False,False,,False,False,,False,,False,0,,0,100.0,,,,,1,100,False,True
pyasn1/pyasn1,gh/512723255,False,0,0,0,100.0,50,29,True,True,custom,False,False,,False,,False,1,,0,100.0,,,,,1,79,True,True
pyasn1/pyasn1-modules,gh/512723354,False,0,0,0,100.0,9,9,True,True,custom,False,False,,False,,False,1,,0,100.0,,,,,1,79,True,True
pyca/bcrypt,gh/9993757,False,0,0,0,100.0,1470,213,False,False,,False,False,,False,,False,0,,0,100.0,,,,,1,100,False,True
pyca/cryptography,gh/11939484,False,0,0,0,100.0,7565,1739,False,False,,False,False,,False,,False,0,,0,100.0,,,,,1,100,False,True
pyca/pynacl,gh/8350032,False,0,0,0,100.0,1193,255,False,False,,False,False,,False,,False,0,,0,100.0,,,,,1,100,False,True
pyca/pyopenssl,gh/15778059,False,0,0,0,100.0,938,428,False,False,,False,False,,False,,True,0,,0,100.0,,,,,1,100,True,True
pydantic/pydantic,gh/90194616,True,14,0,14,26.75,27607,2570,True,True,github,False,False,,True,github,True,2,,0,100.0,,,pydantic.dev,company,0,1,True,False
pydantic/typing-inspection,gh/930576948,True,14,0,14,26.75,63,6,False,False,,False,False,,False,,False,0,,0,100.0,,,,,1,64,True,True
pygments/pygments,gh/205564111,False,0,0,0,100.0,2150,797,False,False,,False,False,,False,,False,0,,0,100.0,,,,,1,100,False,True
pypa/distlib,gh/436970140,True,22,0,22,22.6,63,52,False,False,,False,False,,False,,False,0,,0,100.0,psf,nonprofit,,,0.5,48,True,True
pypa/packaging,gh/19837758,True,22,0,22,22.6,725,293,False,False,,False,False,,False,,True,0,,0,100.0,psf,nonprofit,,,0.5,48,True,True
pypa/pip,gh/1446467,True,22,0,22,22.6,10180,3260,True,True,custom,False,False,,False,,False,1,,0,100.0,psf,nonprofit,,,0.5,48,True,True
pypa/setuptools,gh/54980593,True,22,0,22,22.6,2825,1375,True,True,tidelift,False,False,,False,,True,1,,0,100.0,psf,nonprofit,,,0.5,48,True,True
pypa/virtualenv,gh/1446474,True,22,0,22,22.6,5034,1089,True,False,tidelift,False,False,,False,,True,1,,0,100.0,psf,nonprofit,,,0.5,48,True,True
pypa/wheel,gh/98346885,True,22,0,22,22.6,558,181,False,False,,False,False,,False,,False,0,,0,100.0,psf,nonprofit,,,0.5,48,True,True
pyparsing/pyparsing,gh/91262163,False,0,0,0,100.0,2466,310,True,True,tidelift,False,False,,False,,False,1,pyparsing,133.77,17.25,,,,,1,56,True,True
pytest-dev/iniconfig,gh/66012563,True,12,0,12,28.06,59,35,False,False,,False,False,,False,,False,0,,0,100.0,,,,,1,65,True,True
pytest-dev/pluggy,gh/34739117,True,12,0,12,28.06,1611,147,True,True,"tidelift,open_collective",False,False,,False,,True,2,,0,100.0,,,,,1,65,True,True
pytest-dev/pytest,gh/37489525,True,12,0,12,28.06,13805,3104,True,True,"github,tidelift,open_collective,thanks_dev",False,False,,True,custom,True,5,pytest,13765.70,3.49,,,,,1,21,True,True
python-attrs/attrs,gh/29918975,False,0,0,0,100.0,5773,430,True,True,"github,tidelift,thanks_dev,custom",False,False,,True,"github,tidelift",True,5,,0,100.0,,,,,1,79,True,True
python-cffi/cffi,gh/696427398,False,0,0,0,100.0,256,80,False,False,,False,False,,False,,False,0,,0,100.0,,,,,1,100,False,True
python-greenlet/greenlet,gh/3003137,False,0,0,0,100.0,1826,265,False,False,,False,False,,False,,False,0,,0,100.0,,,,,1,100,False,True
python-hyper/brotlicffi,gh/43543393,False,0,0,0,100.0,153,31,False,False,,False,False,,False,,False,0,,0,100.0,,,,,1,100,False,True
python-hyper/h11,gh/57372073,False,0,0,0,100.0,554,91,False,False,,False,False,,False,,False,0,,0,100.0,,,,,1,100,False,True
python-jsonschema/jsonschema,gh/3072629,False,0,0,0,100.0,4947,616,True,True,"github,tidelift",False,False,,True,"github,tidelift",True,3,,0,100.0,,,,,1,79,True,True
python-jsonschema/jsonschema-specifications,gh/582755777,False,0,0,0,100.0,13,11,True,True,github,False,False,,True,"github,tidelift",False,2,,0,100.0,,,,,1,79,True,True
python-jsonschema/referencing,gh/569027868,False,0,0,0,100.0,53,20,True,True,github,False,False,,True,"github,tidelift",False,2,,0,100.0,,,,,1,79,True,True
python-pillow/pillow,gh/5171600,True,3,0,3,39.19,13535,2430,True,True,"github,tidelift",False,False,,True,tidelift,True,3,,0,100.0,,,,,1,73,True,True
python-poetry/tomlkit,gh/140365570,False,0,0,0,100.0,821,114,True,True,github,False,False,,False,,True,1,,0,100.0,,,,,1,100,True,True
python-trio/sniffio,gh/142657210,True,3,0,3,39.19,148,28,True,True,"github,open_collective",False,False,,False,,True,2,python-trio,1704.07,6.11,,,,,1,29,True,True
python/cpython,gh/81598961,True,173,0,173,9.72,72756,34663,True,True,"github,custom",True,False,,False,,False,2,,0,100.0,psf,nonprofit,,,0.5,36,True,True
python/importlib_metadata,gh/306448340,True,173,0,173,9.72,140,92,True,True,tidelift,False,False,,False,,True,1,,0,100.0,psf,nonprofit,,,0.5,36,True,True
python/importlib_resources,gh/306147182,True,173,0,173,9.72,71,48,True,True,tidelift,False,False,,False,,True,1,,0,100.0,psf,nonprofit,,,0.5,36,True,True
python/mypy,gh/7053637,True,173,0,173,9.72,20389,3175,True,True,"github,custom",False,False,,False,,False,2,,0,100.0,psf,nonprofit,,,0.5,36,True,True
python/mypy_extensions,gh/165752308,True,173,0,173,9.72,154,36,True,True,"github,custom",False,False,,False,,False,2,,0,100.0,psf,nonprofit,,,0.5,36,True,True
python/typing,gh/24604008,True,173,0,173,9.72,1750,294,True,True,"github,custom",False,False,,False,,True,2,,0,100.0,psf,nonprofit,,,0.5,36,True,True
python/typing_extensions,gh/494077289,True,173,0,173,9.72,562,136,True,True,"github,custom",False,False,,False,,True,2,,0,100.0,psf,nonprofit,,,0.5,36,True,True
python/tzdata,gh/242158882,True,173,0,173,9.72,102,28,True,True,"github,custom",False,False,,False,,False,2,,0,100.0,psf,nonprofit,,,0.5,36,True,True
qix-/color-convert,gh/1874305,True,16,0,16,25.66,819,101,False,False,,False,False,,False,,True,0,,0,100.0,,,,,1,64,True,True
qix-/node-error-ex,gh/41388258,True,16,0,16,25.66,66,13,False,False,,False,False,,False,,True,0,,0,100.0,,,,,1,64,True,True
qix-/node-is-arrayish,gh/41376759,True,16,0,16,25.66,17,9,False,False,,False,False,,False,,True,0,,0,100.0,,,,,1,64,True,True
radix-ui/primitives,gh/273499522,False,0,0,0,100.0,18822,1173,False,False,,False,False,,False,,True,0,,0,100.0,,,workos.com,company,0,1,True,False
raszi/node-tmp,gh/2313213,False,0,4,4,37.23,772,98,False,False,,False,False,,False,,False,0,,0,100.0,,,,,1,72,False,True
raynos/for-each,gh/6006855,False,0,0,0,100.0,24,6,True,True,"github,tidelift",False,True,https://github.com/sponsors/ljharb,False,,True,3,,0,100.0,,,,,1,79,True,True
raynos/function-bind,gh/10727014,False,0,0,0,100.0,139,26,True,True,"github,tidelift",False,True,https://github.com/sponsors/ljharb,False,,True,3,,0,100.0,,,,,1,79,True,True
raynos/xtend,gh/4419184,,,0,0,100.0,306,38,,,,False,False,,False,,False,0,,0,100.0,,,,,1,100,True,True
rayon-rs/either,gh/42479602,False,0,0,0,100.0,552,71,False,False,,False,False,,False,,True,0,,0,100.0,,,,,1,100,True,True
rayon-rs/rayon,gh/24725038,False,0,0,0,100.0,12930,586,False,False,,False,False,,False,,False,0,,0,100.0,,,,,1,100,False,True
react/create-react-app,gh/63537249,False,0,,0,100.0,103307,26974,True,True,open_collective,False,False,,False,,True,1,create-react-app,203.20,16.59,,,meta.com,company,0,1,True,False
react/metro,gh/76504246,False,0,,0,100.0,5608,684,False,False,,False,False,,False,,True,0,,0,100.0,,,meta.com,company,0,1,True,False
react/react,gh/10270250,False,0,,0,100.0,246249,51204,False,False,,False,False,,False,,False,0,,0,100.0,react.foundation,nonprofit,,,0.5,79,True,True
reactivex/rxjs,gh/32247847,False,0,0,0,100.0,31662,2988,False,False,,False,False,,False,,False,0,rxjs,10,17.79,,,,,1,56,True,True
realpython/pytest-mypy,gh/69576530,False,0,0,0,100.0,258,33,False,False,,False,False,,False,,False,0,,0,100.0,,,,,1,100,False,True
remix-run/react-router,gh/19872456,False,0,2,2,40.5,56374,10849,True,True,open_collective,False,False,,False,,True,1,,0,100.0,,,shopify.com,company,0,1,True,False
remusao/tldts,gh/97631656,False,0,0,0,100.0,739,26,False,False,,False,False,,False,,False,0,,0,100.0,,,,,1,100,False,True
requests/requests-oauthlib,gh/6825724,False,0,0,0,100.0,1771,426,True,True,tidelift,False,False,,False,,True,1,,0,100.0,,,,,1,79,True,True
requests/toolbelt,gh/15515181,False,0,0,0,100.0,1034,194,False,False,,False,False,,False,,False,0,,0,100.0,,,,,1,100,True,True
retep998/winapi-rs,gh/23853482,False,0,0,0,100.0,1926,389,True,True,patreon,False,False,,False,,False,1,,0,100.0,,,,,1,79,True,True
rich-harris/estree-walker,gh/33668779,False,0,0,0,100.0,419,37,False,False,,False,False,,False,,False,0,,0,100.0,,,,,1,100,False,True
rich-harris/magic-string,gh/26143240,False,0,0,0,100.0,2701,114,False,False,,False,False,,False,,False,0,,0,100.0,,,,,1,100,False,True
rob--w/proxy-from-env,gh/52038793,False,0,0,0,100.0,71,34,False,False,,False,False,,False,,False,0,,0,100.0,,,,,1,100,False,True
rogdham/backports.zstd,gh/977687927,False,0,0,0,100.0,26,5,False,False,,False,False,,False,,False,0,,0,100.0,,,,,1,100,False,True
rollup/plugins,gh/203607977,False,0,0,0,100.0,3753,627,True,True,open_collective,False,False,,False,,True,1,,0,100.0,,,,,1,100,True,True
ronaldoussoren/pyobjc,gh/243933900,False,0,0,0,100.0,781,65,False,False,,False,False,,False,,False,0,,0,100.0,,,,,1,100,False,True
rust-cli/anstyle,gh/493821282,False,0,0,0,100.0,160,42,True,True,github,False,False,,False,,True,1,,0,100.0,,,,,1,100,True,True
rust-cli/env_logger,gh/96382888,False,0,0,0,100.0,1046,146,True,True,github,False,False,,False,,True,1,,0,100.0,,,,,1,100,True,True
rust-embedded/critical-section,gh/365854323,False,0,0,0,100.0,162,27,False,False,,False,False,,False,,False,0,,0,100.0,,,,,1,100,False,True
rust-fuzz/arbitrary,gh/90591032,False,0,0,0,100.0,860,93,False,False,,False,False,,False,,True,0,,0,100.0,,,,,1,100,True,True
rust-itertools/itertools,gh/22360263,False,0,0,0,100.0,3115,345,False,False,,False,False,,False,,True,0,,0,100.0,,,,,1,100,True,True
rust-lang-deprecated/tempdir,gh/31728565,,,,0,100.0,141,24,,,,False,False,,False,,False,0,,0,100.0,,,,,1,100,False,True
rust-lang-nursery/lazy-static.rs,gh/21157492,False,0,0,0,100.0,2028,125,False,False,,False,False,,False,,False,0,,0,100.0,,,,,1,100,False,True
rust-lang/cc-rs,gh/26039547,False,0,0,0,100.0,2118,573,False,False,,False,False,,False,,True,0,,0,100.0,rustfoundation.org,nonprofit,,,0.5,79,True,True
rust-lang/cfg-if,gh/38723660,False,0,0,0,100.0,636,48,False,False,,False,False,,False,,True,0,,0,100.0,rustfoundation.org,nonprofit,,,0.5,79,True,True
rust-lang/compiler-builtins,gh/65153793,False,0,0,0,100.0,490,272,False,False,,False,False,,False,,False,0,,0,100.0,rustfoundation.org,nonprofit,,,0.5,79,True,True
rust-lang/flate2-rs,gh/21954009,False,0,0,0,100.0,1098,193,False,False,,False,False,,False,,True,0,,0,100.0,rustfoundation.org,nonprofit,,,0.5,79,True,True
rust-lang/futures-rs,gh/55077261,False,0,0,0,100.0,5848,681,False,False,,False,False,,False,,True,0,,0,100.0,rustfoundation.org,nonprofit,,,0.5,79,True,True
rust-lang/glob,gh/23241722,False,0,0,0,100.0,577,92,False,False,,False,False,,False,,True,0,,0,100.0,rustfoundation.org,nonprofit,,,0.5,79,True,True
rust-lang/hashbrown,gh/155119796,False,0,0,0,100.0,2912,345,False,False,,False,False,,False,,False,0,,0,100.0,rustfoundation.org,nonprofit,,,0.5,79,True,True
rust-lang/libc,gh/29197565,False,0,0,0,100.0,2528,1242,False,False,,False,False,,False,,True,0,,0,100.0,rustfoundation.org,nonprofit,,,0.5,79,True,True
rust-lang/libz-sys,gh/26042019,False,0,0,0,100.0,133,87,False,False,,False,False,,False,,True,0,,0,100.0,rustfoundation.org,nonprofit,,,0.5,79,True,True
rust-lang/log,gh/27974762,False,0,0,0,100.0,2507,286,False,False,,False,False,,False,,True,0,,0,100.0,rustfoundation.org,nonprofit,,,0.5,79,True,True
rust-lang/pkg-config-rs,gh/26042035,False,0,0,0,100.0,188,88,False,False,,False,False,,False,,False,0,,0,100.0,rustfoundation.org,nonprofit,,,0.5,79,True,True
rust-lang/regex,gh/27890669,False,0,0,0,100.0,3955,503,True,True,github,False,False,,False,,True,1,,0,100.0,rustfoundation.org,nonprofit,,,0.5,79,True,True
rust-lang/rust,gh/724712,False,0,0,0,100.0,112375,14823,True,True,"github,custom",False,False,,False,,True,2,,0,100.0,rustfoundation.org,nonprofit,,,0.5,79,True,True
rust-num/num-traits,gh/114705611,False,0,0,0,100.0,929,164,False,False,,False,False,,False,,False,0,,0,100.0,,,,,1,100,False,True
rust-phf/rust-phf,gh/15992970,False,0,0,0,100.0,2131,137,True,True,github,False,False,,False,,True,1,,0,100.0,,,,,1,100,True,True
rust-random/getrandom,gh/166545969,False,0,0,0,100.0,541,256,False,False,,False,False,,False,,False,0,,0,100.0,,,,,1,100,True,True
rust-random/rand,gh/30227790,False,0,0,0,100.0,2026,494,True,True,github,False,False,,False,,True,1,rust-random,0,100.0,,,,,1,100,True,True
rust-random/rand_core,gh/1086593277,False,0,0,0,100.0,9,4,True,True,github,False,False,,False,,True,1,,0,100.0,,,,,1,100,True,True
rust-random/rngs,gh/209510094,False,0,0,0,100.0,51,40,True,True,github,False,False,,False,,True,1,,0,100.0,,,,,1,100,True,True
rustcrypto/formats,gh/406051759,False,0,0,0,100.0,318,172,False,False,,False,False,,False,,True,0,rustcrypto,812.75,7.53,,,,,1,42,True,True
rustcrypto/hashes,gh/74106774,False,0,0,0,100.0,2209,315,False,False,,False,False,,False,,True,0,rustcrypto,812.75,7.53,,,,,1,42,True,True
rustcrypto/stream-ciphers,gh/83051505,False,0,0,0,100.0,318,69,False,False,,False,False,,False,,True,0,rustcrypto,812.75,7.53,,,,,1,42,True,True
rustcrypto/traits,gh/85605821,False,0,0,0,100.0,739,242,False,False,,False,False,,False,,True,0,rustcrypto,812.75,7.53,,,,,1,42,True,True
rustcrypto/utils,gh/77307442,False,0,0,0,100.0,616,158,False,False,,False,False,,False,,True,0,rustcrypto,812.75,7.53,,,,,1,42,True,True
rvagg/archived-prr,gh/9151864,,,0,0,100.0,26,5,,,,False,False,,False,,False,0,,0,100.0,,,,,1,100,False,True
rvagg/bl,gh/10706095,False,0,0,0,100.0,439,81,False,False,,False,False,,False,,True,0,,0,100.0,,,,,1,100,True,True
rvagg/through2,gh/11808187,False,0,0,0,100.0,1905,105,False,False,,False,False,,False,,False,0,,0,100.0,,,,,1,100,False,True
ryanzim/universalify,gh/87651180,False,0,0,0,100.0,112,15,False,False,,False,False,,False,,False,0,,0,100.0,,,,,1,100,False,True
salesforce/tough-cookie,gh/2606873,False,0,0,0,100.0,1055,295,False,False,,False,False,,False,,False,0,,0,100.0,,,salesforce.com,company,0,1,True,False
samn/json-stable-stringify,gh/76598131,False,0,0,0,100.0,13,3,False,False,,False,False,,False,,False,0,,0,100.0,,,,,1,100,False,True
samverschueren/decode-uri-component,gh/91837954,False,0,0,0,100.0,156,41,True,False,tidelift,False,False,,False,,False,1,,0,100.0,,,,,1,79,True,True
sboudrias/inquirer.js,gh/10114077,True,3,0,3,39.19,21519,1351,True,True,"github,thanks_dev,tidelift",False,False,,False,,True,3,,0,100.0,,,,,1,73,True,True
scikit-build/ninja-python-distributions,gh/75102202,False,0,0,0,100.0,87,21,False,False,,False,False,,False,,False,0,,0,100.0,,,,,1,100,False,True
scikit-learn/scikit-learn,gh/843222,True,11,0,11,28.38,65932,26974,True,True,custom,False,False,,False,,True,1,scikit-learn,16571.31,3.06,numfocus,nonprofit,,,0.5,16,True,True
scipy/scipy,gh/1460385,False,0,0,0,100.0,14643,5713,True,True,"github,tidelift,custom",False,False,,False,,True,3,scipy,35986.42,1.53,numfocus,nonprofit,,,0.5,20,True,True
seanmonstar/reqwest,gh/62350380,True,61,0,61,16.59,11568,1358,True,True,github,False,False,,False,,True,1,,0,100.0,,,,,1,55,True,True
sec-ant/readable-stream,gh/569980966,False,0,0,0,100.0,8,3,False,False,,False,False,,False,,False,0,,0,100.0,,,,,1,100,False,True
selinuxproject/selinux,gh/20648799,False,0,0,0,100.0,1573,397,False,False,,False,False,,False,,False,0,,0,100.0,,,,,1,100,False,True
serde-rs/bytes,gh/87358441,False,0,0,0,100.0,376,38,False,False,,False,False,,False,,True,0,,0,100.0,,,,,1,100,True,True
serde-rs/json,gh/35894511,False,0,0,0,100.0,5554,639,False,False,,False,False,,False,,True,0,,0,100.0,,,,,1,100,True,True
serde-rs/serde,gh/14367737,False,0,0,0,100.0,10564,904,True,True,github,False,False,,False,,True,1,,0,100.0,,,,,1,100,True,True
servo/rust-fnv,gh/33499190,True,261,0,261,0.33,358,32,False,False,,False,False,,False,,True,0,,0,100.0,,,,,1,15,True,True
servo/rust-smallvec,gh/33456236,True,261,0,261,0.33,1638,175,False,False,,False,False,,False,,False,0,,0,100.0,,,,,1,15,True,True
servo/rust-url,gh/14934771,True,261,0,261,0.33,1538,374,True,True,"github,open_collective",False,False,,False,,True,2,,0,100.0,,,,,1,15,True,True
sinclairzx81/typebox,gh/87454905,False,0,0,0,100.0,6700,202,False,False,,False,False,,False,,False,0,,0,100.0,,,,,1,100,False,True
sindresorhus/ansi-escapes,gh/40721875,True,186,12,198,8.84,547,53,True,False,"github,open_collective,buy_me_a_coffee,custom",False,True,https://github.com/sponsors/sindresorhus,False,,True,5,sindresorhus,297.51,16.38,,,,,1,24,True,True
sindresorhus/array-union,gh/21005682,True,186,12,198,8.84,78,14,True,False,"github,tidelift",False,True,https://github.com/sponsors/sindresorhus,False,,True,3,sindresorhus,297.51,16.38,,,,,1,24,True,True
sindresorhus/binary-extensions,gh/29771015,True,186,12,198,8.84,89,24,True,False,"github,open_collective,buy_me_a_coffee,custom",False,True,https://github.com/sponsors/sindresorhus,False,,True,5,sindresorhus,297.51,16.38,,,,,1,24,True,True
sindresorhus/callsites,gh/18938743,True,186,12,198,8.84,271,24,True,False,"github,open_collective,buy_me_a_coffee,custom",False,True,https://github.com/sponsors/sindresorhus,False,,True,5,sindresorhus,297.51,16.38,,,,,1,24,True,True
sindresorhus/camelcase,gh/25116836,True,186,12,198,8.84,699,100,True,False,"github,open_collective,buy_me_a_coffee,custom",False,True,https://github.com/sponsors/sindresorhus,False,,True,5,sindresorhus,297.51,16.38,,,,,1,24,True,True
sindresorhus/clean-stack,gh/62838930,True,186,12,198,8.84,346,23,True,False,"github,open_collective,buy_me_a_coffee,custom",False,True,https://github.com/sponsors/sindresorhus,False,,True,5,sindresorhus,297.51,16.38,,,,,1,24,True,True
sindresorhus/cli-cursor,gh/23512396,True,186,12,198,8.84,113,7,True,False,"github,open_collective,buy_me_a_coffee,custom",False,True,https://github.com/sponsors/sindresorhus,False,,True,5,sindresorhus,297.51,16.38,,,,,1,24,True,True
sindresorhus/crypto-random-string,gh/73665728,True,186,12,198,8.84,575,43,True,False,"github,tidelift",False,False,,False,,True,2,sindresorhus,297.51,16.38,,,,,1,24,True,True
sindresorhus/decamelize,gh/29773710,True,186,12,198,8.84,244,28,True,False,"github,open_collective,buy_me_a_coffee,custom",False,True,https://github.com/sponsors/sindresorhus,False,,True,5,sindresorhus,297.51,16.38,,,,,1,24,True,True
sindresorhus/detect-newline,gh/21304485,True,186,12,198,8.84,55,6,True,False,"github,open_collective,tidelift,custom",False,True,https://github.com/sponsors/sindresorhus,False,,True,5,sindresorhus,297.51,16.38,,,,,1,24,True,True
sindresorhus/environment,gh/793180075,True,186,12,198,8.84,167,1,True,False,"github,open_collective,buy_me_a_coffee,custom",False,True,https://github.com/sponsors/sindresorhus,False,,True,5,sindresorhus,297.51,16.38,,,,,1,24,True,True
sindresorhus/escape-string-regexp,gh/21169121,True,186,12,198,8.84,598,58,True,False,"github,open_collective,buy_me_a_coffee,custom",False,True,https://github.com/sponsors/sindresorhus,False,,True,5,sindresorhus,297.51,16.38,,,,,1,24,True,True
sindresorhus/execa,gh/47475908,True,186,12,198,8.84,7498,250,True,False,"github,open_collective,buy_me_a_coffee,custom",False,True,https://github.com/sindresorhus/execa?sponsor=1,False,,False,5,sindresorhus,297.51,16.38,,,,,1,24,True,True
sindresorhus/figures,gh/21672939,True,186,12,198,8.84,624,23,True,False,"github,open_collective,buy_me_a_coffee,custom",False,True,https://github.com/sponsors/sindresorhus,False,,True,5,sindresorhus,297.51,16.38,,,,,1,24,True,True
sindresorhus/file-type,gh/19105307,True,186,12,198,8.84,4270,395,True,False,github,False,False,,False,,True,1,sindresorhus,297.51,16.38,,,,,1,24,True,True
sindresorhus/find-cache-directory,gh/48783244,True,186,12,198,8.84,162,24,True,False,"github,open_collective,buy_me_a_coffee,custom",False,True,https://github.com/sponsors/sindresorhus,False,,True,5,sindresorhus,297.51,16.38,,,,,1,24,True,True
sindresorhus/find-up,gh/41723004,True,186,12,198,8.84,638,48,True,False,"github,open_collective,buy_me_a_coffee,custom",False,True,https://github.com/sponsors/sindresorhus,False,,True,5,sindresorhus,297.51,16.38,,,,,1,24,True,True
sindresorhus/find-up-simple,gh/714044439,True,186,12,198,8.84,84,4,True,False,"github,open_collective,buy_me_a_coffee,custom",False,True,https://github.com/sponsors/sindresorhus,False,,True,5,sindresorhus,297.51,16.38,,,,,1,24,True,True
sindresorhus/get-east-asian-width,gh/711160838,True,186,12,198,8.84,46,9,True,False,"github,open_collective,buy_me_a_coffee,custom",False,True,https://github.com/sponsors/sindresorhus,False,,True,5,sindresorhus,297.51,16.38,,,,,1,24,True,True
sindresorhus/get-stream,gh/44264225,True,186,12,198,8.84,359,31,True,False,"github,open_collective,buy_me_a_coffee,custom",False,True,https://github.com/sponsors/sindresorhus,False,,False,5,sindresorhus,297.51,16.38,,,,,1,24,True,True
sindresorhus/globals,gh/15186239,True,186,12,198,8.84,579,132,True,False,"github,open_collective,buy_me_a_coffee,custom",False,True,https://github.com/sponsors/sindresorhus,False,,True,5,sindresorhus,297.51,16.38,,,,,1,24,True,True
sindresorhus/globby,gh/21069494,True,186,12,198,8.84,2641,135,True,False,"github,open_collective,buy_me_a_coffee,custom",False,True,https://github.com/sponsors/sindresorhus,False,,True,5,sindresorhus,297.51,16.38,,,,,1,24,True,True
sindresorhus/has-flag,gh/38718671,True,186,12,198,8.84,96,21,True,False,"github,open_collective,tidelift,custom",False,True,https://github.com/sponsors/sindresorhus,False,,True,5,sindresorhus,297.51,16.38,,,,,1,24,True,True
sindresorhus/import-fresh,gh/22020904,True,186,12,198,8.84,285,26,True,False,"github,open_collective,buy_me_a_coffee,custom",False,True,https://github.com/sponsors/sindresorhus,False,,True,5,sindresorhus,297.51,16.38,,,,,1,24,True,True
sindresorhus/import-local,gh/90292430,True,186,12,198,8.84,153,13,True,False,"github,open_collective,buy_me_a_coffee,custom",False,True,https://github.com/sponsors/sindresorhus,False,,True,5,sindresorhus,297.51,16.38,,,,,1,24,True,True
sindresorhus/indent-string,gh/20576837,True,186,12,198,8.84,116,16,True,False,"github,open_collective,tidelift,custom",False,True,https://github.com/sponsors/sindresorhus,False,,True,5,sindresorhus,297.51,16.38,,,,,1,24,True,True
sindresorhus/is-binary-path,gh/29771247,True,186,12,198,8.84,49,9,True,False,"github,open_collective,buy_me_a_coffee,custom",False,True,https://github.com/sponsors/sindresorhus,False,,True,5,sindresorhus,297.51,16.38,,,,,1,24,True,True
sindresorhus/is-docker,gh/33590534,True,186,12,198,8.84,233,15,True,False,"github,open_collective,buy_me_a_coffee,custom",False,True,https://github.com/sponsors/sindresorhus,False,,True,5,sindresorhus,297.51,16.38,,,,,1,24,True,True
sindresorhus/is-fullwidth-code-point,gh/39222301,True,186,12,198,8.84,51,15,True,False,"github,open_collective,buy_me_a_coffee,custom",False,True,https://github.com/sponsors/sindresorhus,False,,True,5,sindresorhus,297.51,16.38,,,,,1,24,True,True
sindresorhus/is-inside-container,gh/601943060,True,186,12,198,8.84,76,2,True,False,"github,open_collective,buy_me_a_coffee,custom",False,True,https://github.com/sponsors/sindresorhus,False,,True,5,sindresorhus,297.51,16.38,,,,,1,24,True,True
sindresorhus/is-path-inside,gh/21054113,True,186,12,198,8.84,40,15,True,False,"github,open_collective,buy_me_a_coffee,custom",False,True,https://github.com/sponsors/sindresorhus,False,,True,5,sindresorhus,297.51,16.38,,,,,1,24,True,True
sindresorhus/is-plain-obj,gh/38923193,True,186,12,198,8.84,104,9,True,False,"github,open_collective,tidelift,custom",False,True,https://github.com/sponsors/sindresorhus,False,,True,5,sindresorhus,297.51,16.38,,,,,1,24,True,True
sindresorhus/is-stream,gh/29436825,True,186,12,198,8.84,116,22,True,False,"github,open_collective,buy_me_a_coffee,custom",False,True,https://github.com/sponsors/sindresorhus,False,,True,5,sindresorhus,297.51,16.38,,,,,1,24,True,True
sindresorhus/is-unicode-supported,gh/348660847,True,186,12,198,8.84,86,9,True,False,"github,open_collective,buy_me_a_coffee,custom",False,True,https://github.com/sponsors/sindresorhus,False,,True,5,sindresorhus,297.51,16.38,,,,,1,24,True,True
sindresorhus/is-wsl,gh/88415331,True,186,12,198,8.84,198,10,True,False,"github,open_collective,buy_me_a_coffee,custom",False,True,https://github.com/sponsors/sindresorhus,False,,True,5,sindresorhus,297.51,16.38,,,,,1,24,True,True
sindresorhus/leven,gh/22794601,True,186,12,198,8.84,733,31,True,False,"github,open_collective,buy_me_a_coffee,custom",False,True,https://github.com/sponsors/sindresorhus,False,,True,5,sindresorhus,297.51,16.38,,,,,1,24,True,True
sindresorhus/locate-path,gh/74266248,True,186,12,198,8.84,64,17,True,False,"github,open_collective,buy_me_a_coffee,custom",False,True,https://github.com/sponsors/sindresorhus,False,,True,5,sindresorhus,297.51,16.38,,,,,1,24,True,True
sindresorhus/log-symbols,gh/21673868,True,186,12,198,8.84,769,34,True,False,"github,open_collective,buy_me_a_coffee,custom",False,True,https://github.com/sponsors/sindresorhus,False,,True,5,sindresorhus,297.51,16.38,,,,,1,24,True,True
sindresorhus/lowercase-keys,gh/29769737,True,186,12,198,8.84,41,11,True,False,"github,open_collective,buy_me_a_coffee,custom",False,True,https://github.com/sponsors/sindresorhus,False,,True,5,sindresorhus,297.51,16.38,,,,,1,24,True,True
sindresorhus/make-dir,gh/90776169,True,186,12,198,8.84,479,24,True,False,"github,open_collective,buy_me_a_coffee,custom",False,True,https://github.com/sponsors/sindresorhus,False,,True,5,sindresorhus,297.51,16.38,,,,,1,24,True,True
sindresorhus/meow,gh/25121561,True,186,12,198,8.84,3709,153,True,False,"github,open_collective,buy_me_a_coffee,custom",False,False,,False,,True,4,sindresorhus,297.51,16.38,,,,,1,24,True,True
sindresorhus/mimic-function,gh/71381729,True,186,12,198,8.84,96,19,True,False,"github,open_collective,buy_me_a_coffee,custom",False,True,https://github.com/sponsors/sindresorhus,False,,True,5,sindresorhus,297.51,16.38,,,,,1,24,True,True
sindresorhus/mimic-response,gh/93189529,True,186,12,198,8.84,61,11,True,False,"github,tidelift",False,True,https://github.com/sponsors/sindresorhus,False,,True,3,sindresorhus,297.51,16.38,,,,,1,24,True,True
sindresorhus/node-defaults,gh/7985040,True,186,12,198,8.84,76,7,True,False,"github,open_collective,buy_me_a_coffee,custom",False,True,https://github.com/sponsors/sindresorhus,False,,True,5,sindresorhus,297.51,16.38,,,,,1,24,True,True
sindresorhus/normalize-url,gh/29094022,True,186,12,198,8.84,873,123,True,False,"github,open_collective,buy_me_a_coffee,custom",False,True,https://github.com/sponsors/sindresorhus,False,,True,5,sindresorhus,297.51,16.38,,,,,1,24,True,True
sindresorhus/npm-run-path,gh/48707028,True,186,12,198,8.84,108,10,True,False,"github,open_collective,buy_me_a_coffee,custom",False,True,https://github.com/sponsors/sindresorhus,False,,True,5,sindresorhus,297.51,16.38,,,,,1,24,True,True
sindresorhus/object-assign,gh/16457190,True,186,12,198,8.84,919,75,True,False,"github,open_collective,tidelift,custom",False,False,,False,,True,4,sindresorhus,297.51,16.38,,,,,1,24,True,True
sindresorhus/onetime,gh/14847357,True,186,12,198,8.84,166,15,True,False,"github,open_collective,buy_me_a_coffee,custom",False,True,https://github.com/sponsors/sindresorhus,False,,True,5,sindresorhus,297.51,16.38,,,,,1,24,True,True
sindresorhus/open,gh/18469325,True,186,12,198,8.84,3470,248,True,False,"github,open_collective,buy_me_a_coffee,custom",False,True,https://github.com/sponsors/sindresorhus,False,,True,5,sindresorhus,297.51,16.38,,,,,1,24,True,True
sindresorhus/p-limit,gh/71542716,True,186,12,198,8.84,2846,131,True,False,"github,open_collective,buy_me_a_coffee,custom",False,True,https://github.com/sponsors/sindresorhus,False,,True,5,sindresorhus,297.51,16.38,,,,,1,24,True,True
sindresorhus/p-locate,gh/74265632,True,186,12,198,8.84,79,9,True,False,"github,open_collective,buy_me_a_coffee,custom",False,True,https://github.com/sponsors/sindresorhus,False,,True,5,sindresorhus,297.51,16.38,,,,,1,24,True,True
sindresorhus/p-map,gh/71526722,True,186,12,198,8.84,1492,66,True,False,"github,open_collective,buy_me_a_coffee,custom",False,True,https://github.com/sponsors/sindresorhus,False,,True,5,sindresorhus,297.51,16.38,,,,,1,24,True,True
sindresorhus/p-try,gh/71534796,True,186,12,198,8.84,62,12,True,False,"github,open_collective,buy_me_a_coffee,custom",False,True,https://github.com/sponsors/sindresorhus,False,,True,5,sindresorhus,297.51,16.38,,,,,1,24,True,True
sindresorhus/package-directory,gh/41724281,True,186,12,198,8.84,251,21,True,False,"github,open_collective,buy_me_a_coffee,custom",False,True,https://github.com/sponsors/sindresorhus,False,,True,5,sindresorhus,297.51,16.38,,,,,1,24,True,True
sindresorhus/parent-module,gh/50187748,True,186,12,198,8.84,78,10,True,False,"github,open_collective,custom,tidelift",False,True,https://github.com/sponsors/sindresorhus,False,,True,5,sindresorhus,297.51,16.38,,,,,1,24,True,True
sindresorhus/parse-json,gh/41367145,True,186,12,198,8.84,371,38,True,False,"github,open_collective,buy_me_a_coffee,custom",False,True,https://github.com/sponsors/sindresorhus,False,,True,5,sindresorhus,297.51,16.38,,,,,1,24,True,True
sindresorhus/path-exists,gh/34965664,True,186,12,198,8.84,156,20,True,False,"github,open_collective,tidelift,custom",False,False,,False,,True,4,sindresorhus,297.51,16.38,,,,,1,24,True,True
sindresorhus/path-is-absolute,gh/30900285,,,12,12,28.06,43,10,,,,False,False,,False,,False,0,sindresorhus,297.51,16.38,,,,,1,36,True,True
sindresorhus/path-key,gh/48706449,True,186,12,198,8.84,46,14,True,False,"github,open_collective,buy_me_a_coffee,custom",False,True,https://github.com/sponsors/sindresorhus,False,,True,5,sindresorhus,297.51,16.38,,,,,1,24,True,True
sindresorhus/path-type,gh/41905436,True,186,12,198,8.84,80,15,True,False,"github,open_collective,buy_me_a_coffee,custom",False,True,https://github.com/sponsors/sindresorhus,False,,True,5,sindresorhus,297.51,16.38,,,,,1,24,True,True
sindresorhus/pify,gh/41585934,True,186,12,198,8.84,1510,71,True,False,"github,open_collective,tidelift,custom",False,True,https://github.com/sponsors/sindresorhus,False,,True,5,sindresorhus,297.51,16.38,,,,,1,24,True,True
sindresorhus/quick-lru,gh/86679721,True,186,12,198,8.84,757,59,True,False,"github,open_collective,buy_me_a_coffee,custom",False,True,https://github.com/sponsors/sindresorhus,False,,True,5,sindresorhus,297.51,16.38,,,,,1,24,True,True
sindresorhus/read-package-up,gh/41842429,True,186,12,198,8.84,268,22,True,False,"github,open_collective,buy_me_a_coffee,custom",False,True,https://github.com/sponsors/sindresorhus,False,,True,5,sindresorhus,297.51,16.38,,,,,1,24,True,True
sindresorhus/read-pkg,gh/41790094,True,186,12,198,8.84,175,26,True,False,"github,open_collective,buy_me_a_coffee,custom",False,True,https://github.com/sponsors/sindresorhus,False,,True,5,sindresorhus,297.51,16.38,,,,,1,24,True,True
sindresorhus/resolve-cwd,gh/47504070,True,186,12,198,8.84,70,9,True,False,"github,tidelift",False,False,,False,,True,2,sindresorhus,297.51,16.38,,,,,1,24,True,True
sindresorhus/resolve-from,gh/22022707,True,186,12,198,8.84,145,14,True,False,"github,open_collective,tidelift,custom",False,False,,False,,True,4,sindresorhus,297.51,16.38,,,,,1,24,True,True
sindresorhus/restore-cursor,gh/23512229,True,186,12,198,8.84,41,8,True,False,"github,open_collective,buy_me_a_coffee,custom",False,True,https://github.com/sponsors/sindresorhus,False,,True,5,sindresorhus,297.51,16.38,,,,,1,24,True,True
sindresorhus/shebang-regex,gh/30903733,True,186,12,198,8.84,48,11,True,False,"github,tidelift",False,True,https://github.com/sponsors/sindresorhus,False,,True,3,sindresorhus,297.51,16.38,,,,,1,24,True,True
sindresorhus/slash,gh/11516031,True,186,12,198,8.84,337,57,True,False,"github,open_collective,tidelift,custom",False,True,https://github.com/sponsors/sindresorhus,False,,True,5,sindresorhus,297.51,16.38,,,,,1,24,True,True
sindresorhus/string-width,gh/39222730,True,186,12,198,8.84,523,40,True,False,"github,open_collective,buy_me_a_coffee,custom",False,True,https://github.com/sponsors/sindresorhus,False,,True,5,sindresorhus,297.51,16.38,,,,,1,24,True,True
sindresorhus/strip-bom,gh/18444852,True,186,12,198,8.84,112,19,True,False,"github,open_collective,tidelift,custom",False,True,https://github.com/sponsors/sindresorhus,False,,True,5,sindresorhus,297.51,16.38,,,,,1,24,True,True
sindresorhus/strip-final-newline,gh/47453723,True,186,12,198,8.84,38,11,True,False,"github,open_collective,buy_me_a_coffee,custom",False,True,https://github.com/sponsors/sindresorhus,False,,True,5,sindresorhus,297.51,16.38,,,,,1,24,True,True
sindresorhus/strip-indent,gh/18242629,True,186,12,198,8.84,146,17,True,False,"github,open_collective,buy_me_a_coffee,custom",False,True,https://github.com/sponsors/sindresorhus,False,,True,5,sindresorhus,297.51,16.38,,,,,1,24,True,True
sindresorhus/strip-json-comments,gh/14468669,True,186,12,198,8.84,625,57,True,False,"github,open_collective,buy_me_a_coffee,custom",False,True,https://github.com/sponsors/sindresorhus,False,,True,5,sindresorhus,297.51,16.38,,,,,1,24,True,True
sindresorhus/tagged-tag,gh/795552264,True,186,12,198,8.84,21,0,True,False,"github,open_collective,buy_me_a_coffee,custom",False,True,https://github.com/sponsors/sindresorhus,False,,True,5,sindresorhus,297.51,16.38,,,,,1,24,True,True
sindresorhus/to-fast-properties,gh/31656998,True,186,12,198,8.84,244,17,True,False,"github,tidelift",False,True,https://github.com/sponsors/sindresorhus,False,,True,3,sindresorhus,297.51,16.38,,,,,1,24,True,True
sindresorhus/type-fest,gh/175398594,True,186,12,198,8.84,17092,687,True,False,github,False,True,https://github.com/sponsors/sindresorhus,False,,True,2,sindresorhus,297.51,16.38,,,,,1,24,True,True
sindresorhus/unicorn-magic,gh/716660564,True,186,12,198,8.84,50,9,True,False,"github,open_collective,buy_me_a_coffee,custom",False,True,https://github.com/sponsors/sindresorhus,False,,True,5,sindresorhus,297.51,16.38,,,,,1,24,True,True
sindresorhus/yocto-queue,gh/315531538,True,186,12,198,8.84,432,30,True,False,"github,open_collective,buy_me_a_coffee,custom",False,True,https://github.com/sponsors/sindresorhus,False,,True,5,sindresorhus,297.51,16.38,,,,,1,24,True,True
sinonjs/commons,gh/143001748,True,1,0,1,42.79,4,7,False,False,,False,False,,False,,True,0,sinon,2164.11,5.9,,,,,1,29,True,True
sinonjs/fake-timers,gh/16523712,True,1,0,1,42.79,859,118,False,False,,False,False,,False,,True,0,sinon,2164.11,5.9,,,,,1,29,True,True
smithy-lang/smithy-rs,gh/308027791,False,0,0,0,100.0,638,245,False,False,,False,False,,False,,False,0,,0,100.0,,,amazon.com,company,0,1,True,False
smithy-lang/smithy-typescript,gh/208319207,False,0,0,0,100.0,314,122,False,False,,False,False,,False,,False,0,,0,100.0,,,amazon.com,company,0,1,True,False
smol-rs/fastrand,gh/267368764,False,0,0,0,100.0,579,52,False,False,,False,False,,False,,True,0,,0,100.0,,,,,1,100,True,True
snowflakedb/snowflake-connector-python,gh/62262074,False,0,0,0,100.0,720,550,False,False,,False,False,,False,,False,0,,0,100.0,,,,,1,100,False,True
socketio/socket.io,gh/557980,False,0,0,0,100.0,63058,10144,False,False,,False,False,,False,,False,0,socketio,168515.22,0.11,,,,,1,10,True,True
sqlalchemy/sqlalchemy,gh/159271175,True,24,0,24,19.32,11798,1676,True,True,"github,patreon,tidelift",False,False,,False,,False,3,,0,100.0,,,,,1,58,True,True
sqlite/sqlite,gh/176278485,False,0,0,0,100.0,9457,1484,False,False,,False,False,,False,,False,0,,0,100.0,sqlite.org,,hwaci.com,company,0,1,True,False
srijs/rust-crc32fast,gh/157348282,False,0,2,2,40.5,323,39,False,False,,False,False,,False,,False,0,,0,100.0,,,,,1,74,False,True
stebalien/tempfile,gh/33832372,False,0,11,11,28.38,1425,146,False,False,,False,False,,False,,False,0,,0,100.0,,,,,1,66,False,True
stefanpenner/get-caller-file,gh/48818175,False,0,0,0,100.0,37,12,False,False,,False,False,,False,,False,0,,0,100.0,,,,,1,100,False,True
storybookjs/storybook,gh/54173593,False,0,0,0,100.0,89805,10032,True,True,open_collective,False,True,https://opencollective.com/storybook,False,,False,2,storybook,29580.35,1.97,,,chromatic.com,company,0,1,True,False
stream-utils/destroy,gh/15544623,False,0,0,0,100.0,53,9,False,False,,False,False,,False,,False,0,,0,100.0,,,,,1,100,False,True
stream-utils/raw-body,gh/12823654,False,0,0,0,100.0,400,75,False,False,,False,False,,False,,False,0,,0,100.0,,,,,1,100,False,True
stream-utils/unpipe,gh/37428186,False,0,0,0,100.0,22,6,False,False,,False,False,,False,,False,0,,0,100.0,,,,,1,100,False,True
streamich/memfs,gh/37490572,True,4,0,4,37.23,2055,146,True,True,github,False,True,https://github.com/sponsors/streamich,False,,True,2,,0,100.0,,,,,1,72,True,True
stub42/pytz,gh/63155638,False,0,0,0,100.0,388,103,True,True,tidelift,False,False,,False,,False,1,,0,100.0,,,,,1,79,True,True
suguru03/neo-async,gh/27030361,False,0,0,0,100.0,653,36,False,False,,False,False,,False,,False,0,,0,100.0,,,,,1,100,False,True
sval-rs/sval,gh/157205610,False,0,0,0,100.0,105,11,False,False,,False,False,,False,,False,0,,0,100.0,,,,,1,100,False,True
swc-project/swc,gh/115110181,True,6,0,6,33.73,33377,1388,True,True,"github,open_collective",False,False,,False,,True,2,swc,16133.95,3.17,,,,,1,22,True,True
sybrenstuvel/python-rsa,gh/50107469,,,,0,100.0,491,125,,,,False,False,,False,,False,0,,0,100.0,,,,,1,100,False,True
syntax-tree/unist-util-is,gh/41795086,False,0,0,0,100.0,44,8,True,False,"github,open_collective,thanks_dev",False,False,,False,,True,3,,0,100.0,,,,,1,79,True,True
systemd/systemd,gh/32873313,False,0,0,0,100.0,16246,4462,True,True,custom,False,False,,False,,False,1,,0,100.0,,,,,1,79,True,True
taiki-e/pin-project,gh/164668916,True,15,0,15,25.98,707,39,True,True,github,False,False,,False,,True,1,pin-project,0,100.0,,,,,1,64,True,True
taiki-e/pin-project-lite,gh/216847853,True,15,0,15,25.98,277,19,True,True,github,False,False,,False,,True,1,,0,100.0,,,,,1,64,True,True
taiki-e/portable-atomic,gh/448365131,True,15,0,15,25.98,233,23,True,True,github,False,False,,False,,True,1,,0,100.0,,,,,1,64,True,True
tapjs/signal-exit,gh/35711072,True,3,0,3,39.19,201,27,True,True,github,False,True,https://github.com/sponsors/isaacs,False,,True,2,,0,100.0,,,,,1,73,True,True
tapjs/stack-utils,gh/48974178,True,3,0,3,39.19,197,32,True,True,github,False,False,,False,,True,1,,0,100.0,,,,,1,73,True,True
tartley/colorama,gh/18892209,True,0,0,0,100.0,3778,272,True,True,"custom,tidelift",False,False,,False,,True,2,,0,100.0,,,,,1,79,True,True
teambition/merge2,gh/25396227,False,0,0,0,100.0,171,14,False,False,,False,False,,False,,True,0,,0,100.0,,,,,1,100,True,True
teddriggs/darling,gh/89984100,True,0,0,0,100.0,1242,89,True,True,github,False,False,,False,,True,1,,0,100.0,,,,,1,100,True,True
tehshrike/deepmerge,gh/3276413,False,0,0,0,100.0,2819,215,False,False,,False,False,,False,,False,0,,0,100.0,,,,,1,100,False,True
terkelg/sisteransi,gh/122441239,True,2,0,2,40.5,81,12,True,False,github,False,False,,False,,True,1,,0,100.0,,,,,1,74,True,True
terser/terser,gh/29097127,False,0,0,0,100.0,9278,447,True,True,open_collective,False,False,,False,,True,1,terser,5298.99,4.8,,,,,1,36,True,True
textualize/rich,gh/220809393,False,0,0,0,100.0,56211,2122,True,True,github,False,False,,False,,True,1,,0,100.0,,,,,1,100,True,True
theskumar/python-dotenv,gh/23727790,False,0,0,0,100.0,8743,522,False,False,,False,False,,False,,False,0,,0,100.0,,,,,1,100,False,True
thkukuk/rpcsvc-proto,gh/55140533,False,0,0,0,100.0,30,11,False,False,,False,False,,False,,False,0,,0,100.0,,,,,1,100,False,True
thlorenz/convert-source-map,gh/8751561,True,2,0,2,40.5,171,61,True,False,"github,custom",False,False,,False,,True,2,,0,100.0,,,,,1,74,True,True
thlorenz/deep-is,gh/9345558,True,2,0,2,40.5,21,5,True,False,"github,custom",False,False,,False,,True,2,,0,100.0,,,,,1,74,True,True
tim-kos/node-retry,gh/1738798,False,0,0,0,100.0,1259,84,False,False,,False,False,,False,,False,0,,0,100.0,,,,,1,100,False,True
time-rs/time,gh/26459635,False,0,0,0,100.0,1301,294,True,True,"github,liberapay,custom",False,False,,False,,True,3,,0,100.0,,,,,1,79,True,True
tj/commander.js,gh/2206953,True,5,0,5,34.72,28158,1745,True,True,"github,tidelift",False,False,,False,,True,2,,0,100.0,,,,,1,70,True,True
tj/node-cookie-signature,gh/6229722,True,5,0,5,34.72,192,37,False,False,,False,False,,False,,False,0,,0,100.0,,,,,1,70,True,True
tjguk/wmi,gh/23124645,False,0,0,0,100.0,125,33,False,False,,False,False,,False,,False,0,,0,100.0,,,,,1,100,False,True
tkem/cachetools,gh/18006791,True,2,0,2,40.5,2723,192,True,True,"github,custom",False,False,,False,,True,2,,0,100.0,,,,,1,74,True,True
tokio-rs/bytes,gh/30062547,True,114,0,114,12.34,2206,331,False,False,,False,False,,False,,True,0,tokio,9575.46,4.69,,,,,1,18,True,True
tokio-rs/loom,gh/161875917,True,114,0,114,12.34,2685,133,False,False,,False,False,,False,,True,0,tokio,9575.46,4.69,,,,,1,18,True,True
tokio-rs/prost,gh/94262864,True,114,0,114,12.34,4672,616,False,False,,False,False,,False,,False,0,tokio,9575.46,4.69,,,,,1,18,True,True
tokio-rs/slab,gh/37093133,True,114,0,114,12.34,889,104,False,False,,False,False,,False,,True,0,tokio,9575.46,4.69,,,,,1,18,True,True
tokio-rs/tokio,gh/67836789,True,114,0,114,12.34,31781,3019,True,True,github,False,False,,False,,True,1,tokio,9575.46,4.69,,,,,1,18,True,True
tokio-rs/tracing,gh/165289175,True,114,0,114,12.34,6653,885,False,False,,False,False,,False,,True,0,tokio,9575.46,4.69,,,,,1,18,True,True
toml-rs/toml,gh/95902102,False,0,0,0,100.0,1029,149,True,True,github,False,False,,False,,True,1,,0,100.0,,,,,1,100,True,True
tootallnate/proxy-agents,gh/11293703,False,0,0,0,100.0,1136,276,False,False,,False,False,,False,,False,0,,0,100.0,,,,,1,100,False,True
tootallnate/util-deprecate,gh/19321056,False,0,0,0,100.0,37,14,False,False,,False,False,,False,,False,0,,0,100.0,,,,,1,100,False,True
torvalds/linux,gh/2325298,False,0,0,0,100.0,233666,62374,False,False,,False,False,,False,,False,0,,0,100.0,lf,nonprofit,,,0.5,79,True,True
tower-rs/tower,gh/98244646,False,0,0,0,100.0,4171,328,False,False,,False,False,,False,,True,0,tokio,57452.74,0.87,,,,,1,21,True,True
tox-dev/filelock,gh/17098256,True,3,0,3,39.19,952,128,True,False,tidelift,False,False,,False,,True,1,,0,100.0,,,,,1,73,True,True
tox-dev/platformdirs,gh/367032142,True,3,0,3,39.19,933,80,True,False,tidelift,False,False,,False,,True,1,,0,100.0,,,,,1,73,True,True
tqdm/tqdm,gh/36804486,True,12,0,12,28.06,31135,1448,True,True,"github,tidelift,thanks_dev,custom",False,False,,False,,True,4,,0,100.0,,,,,1,65,True,True
tritondatacenter/node-assert-plus,gh/4767976,False,0,0,0,100.0,119,24,False,False,,False,False,,False,,False,0,,0,100.0,,,,,1,100,False,True
tritondatacenter/node-extsprintf,gh/4058064,False,0,0,0,100.0,36,12,False,False,,False,False,,False,,False,0,,0,100.0,,,,,1,100,False,True
troygoode/node-require-directory,gh/3053807,False,0,0,0,100.0,410,28,False,False,,False,False,,False,,False,0,,0,100.0,,,,,1,100,False,True
tsconfig/bases,gh/263697285,False,0,0,0,100.0,7758,284,False,False,,False,False,,False,,True,0,,0,100.0,,,,,1,100,True,True
tukaani-project/xz,gh/553665726,False,0,0,0,100.0,1526,229,True,True,liberapay,True,False,,False,,False,2,,0,100.0,,,,,1,79,True,True
typescript-eslint/typescript-eslint,gh/165536154,False,0,0,0,100.0,16222,2907,True,True,open_collective,False,True,https://opencollective.com/typescript-eslint,False,,True,2,typescript-eslint,25546.51,2.07,,,,,1,27,True,True
typeshed-internal/stub_uploader,gh/331669593,False,0,0,0,100.0,37,22,False,False,,False,False,,False,,False,0,,0,100.0,,,,,1,100,False,True
unicode-org/icu,gh/49244766,False,0,0,0,100.0,3475,879,True,True,custom,False,False,,False,,True,1,,0,100.0,,,,,1,79,True,True
unicode-org/icu4x,gh/243395141,False,0,0,0,100.0,1788,265,True,True,custom,False,False,,False,,False,1,,0,100.0,,,,,1,79,True,True
unicode-rs/unicode-xid,gh/34637906,False,0,0,0,100.0,53,33,False,False,,False,False,,False,,True,0,,0,100.0,,,,,1,100,True,True
unshiftio/requires-port,gh/26316179,False,0,0,0,100.0,11,5,False,False,,False,False,,False,,True,0,,0,100.0,,,,,1,100,True,True
uqfoundation/dill,gh/11031844,True,1,0,1,42.79,2440,189,True,True,"github,custom",False,False,,False,,False,2,,0,100.0,,,,,1,75,True,True
urllib3/urllib3,gh/2410676,True,19,0,19,25.0,4017,1321,True,True,"github,tidelift,open_collective",False,False,,False,,True,3,urllib3,12423.20,3.6,,,,,1,21,True,True
util-linux/util-linux,gh/2339555,False,0,0,0,100.0,3134,1339,False,False,,False,False,,False,,False,0,,0,100.0,,,,,1,100,False,True
uuidjs/uuid,gh/1203139,False,0,0,0,100.0,15262,953,True,True,github,False,True,https://github.com/sponsors/broofa,False,,True,2,,0,100.0,,,,,1,79,True,True
vercel/ai,gh/644461337,False,0,4,4,37.23,23822,4275,False,False,,False,False,,False,,True,0,,0,100.0,,,vercel.com,company,0,1,True,False
vercel/ms,gh/3655872,False,0,4,4,37.23,5521,315,False,False,,False,False,,False,,False,0,,0,100.0,,,vercel.com,company,0,1,True,False
visionmedia/bytes.js,gh/4626886,False,0,0,0,100.0,475,56,False,False,,False,False,,False,,False,0,,0,100.0,,,,,1,100,False,True
vitest-dev/vitest,gh/434708679,True,17,0,17,25.11,16422,1742,True,True,"github,open_collective",False,True,https://opencollective.com/vitest,False,,True,3,vitest,5111.62,4.91,,,,,1,23,True,True
vorner/signal-hook,gh/137260008,False,0,0,0,100.0,848,90,False,False,,False,False,,False,,False,0,,0,100.0,,,,,1,100,False,True
vuejs/core,gh/137078487,False,0,0,0,100.0,53546,9100,True,True,"github,open_collective",True,False,,False,,True,3,vuejs,132860.39,0.22,,,,,1,13,True,True
wasm-bindgen/wasm-bindgen,gh/114685405,False,0,0,0,100.0,8970,1208,True,False,github,False,False,,False,,True,1,,0,100.0,,,,,1,100,True,True
watson/ci-info,gh/71475907,False,0,0,0,100.0,364,56,True,True,github,False,True,https://github.com/sponsors/sibiraj-s,False,,True,2,,0,100.0,,,,,1,79,True,True
wbond/asn1crypto,gh/36823669,True,4,0,4,37.23,359,146,True,True,"github,tidelift",False,False,,False,,True,2,,0,100.0,,,,,1,72,True,True
webmproject/libwebp,gh/23368445,False,0,0,0,100.0,2309,598,False,False,,False,False,,False,,False,0,,0,100.0,,,google.com,company,0,1,True,False
webpack/enhanced-resolve,gh/5400204,False,0,0,0,100.0,982,203,True,True,open_collective,False,False,,False,,True,1,webpack,23866.86,2.84,,,,,1,31,True,True
webpack/loader-utils,gh/6503675,,,0,0,100.0,772,188,,,,False,False,,False,,False,0,webpack,23866.86,2.84,,,,,1,31,True,True
webpack/minimizer-webpack-plugin,gh/143057914,False,0,0,0,100.0,1961,166,True,True,open_collective,False,False,,False,,True,1,webpack,23866.86,2.84,,,,,1,31,True,True
webpack/schema-utils,gh/80306715,False,0,0,0,100.0,249,42,True,True,open_collective,False,True,https://opencollective.com/webpack,False,,True,2,webpack,23866.86,2.84,,,,,1,31,True,True
webpack/tapable,gh/7730086,False,0,0,0,100.0,3854,395,True,True,open_collective,False,True,https://opencollective.com/webpack,False,,True,2,webpack,23866.86,2.84,,,,,1,31,True,True
webpack/watchpack,gh/24119524,False,0,0,0,100.0,397,109,True,True,open_collective,False,False,,False,,True,1,webpack,23866.86,2.84,,,,,1,31,True,True
webpack/webpack-sources,gh/48954523,False,0,0,0,100.0,272,76,True,True,open_collective,False,False,,False,,True,1,webpack,23866.86,2.84,,,,,1,31,True,True
webreflection/flatted,gh/131121620,False,0,0,0,100.0,1140,84,True,True,custom,False,False,,False,,False,1,,0,100.0,,,,,1,79,True,True
webreflection/html-escaper,gh/33597730,False,0,0,0,100.0,110,6,False,False,,False,False,,False,,False,0,,0,100.0,,,,,1,100,True,True
websocket-client/websocket-client,gh/1202362,False,0,0,0,100.0,3701,780,False,False,,False,False,,False,,False,0,,0,100.0,,,,,1,100,False,True
websockets/ws,gh/2744972,False,0,0,0,100.0,22742,2514,True,True,github,False,False,,False,,True,1,,0,100.0,,,,,1,100,True,True
wesleytodd/setprototypeof,gh/30301031,True,1,3,4,37.23,53,12,True,True,github,False,False,,False,,True,1,,0,100.0,,,,,1,72,True,True
whitequark/ipaddr.js,gh/2110585,True,3,4,7,31.88,631,102,False,False,,False,False,,False,,True,0,,0,100.0,,,,,1,68,True,True
withoutboats/heck,gh/86326466,False,0,0,0,100.0,588,47,False,False,,False,False,,False,,True,0,,0,100.0,,,,,1,100,True,True
xiph/ogg,gh/33956205,False,0,0,0,100.0,418,201,False,False,,False,False,,False,,False,0,,0,100.0,xiph.org,nonprofit,,,0.5,79,True,True
xtuc/webassemblyjs,gh/113006071,False,0,0,0,100.0,831,96,False,False,,False,False,,False,,False,0,,0,100.0,,,,,1,100,False,True
yahoo/serialize-javascript,gh/24106944,False,0,0,0,100.0,2921,210,False,False,,False,False,,False,,True,0,,0,100.0,,,yahooinc.com,company,0,1,True,False
yaml/libyaml,gh/2699072,False,0,0,0,100.0,1124,356,False,False,,False,False,,False,,True,0,,0,100.0,,,,,1,100,True,True
yaml/pyyaml,gh/2700147,False,0,0,0,100.0,2885,577,False,False,,False,False,,False,,False,0,,0,100.0,,,,,1,100,False,True
yargs/cliui,gh/34287546,False,0,0,0,100.0,391,44,False,False,,False,False,,False,,True,0,,0,100.0,,,,,1,100,True,True
yargs/set-blocking,gh/58830287,False,0,0,0,100.0,39,11,False,False,,False,False,,False,,True,0,,0,100.0,,,,,1,100,True,True
yargs/y18n,gh/39720886,False,0,0,0,100.0,154,67,False,False,,False,False,,False,,True,0,,0,100.0,,,,,1,100,True,True
yargs/yargs,gh/14210523,False,0,0,0,100.0,11477,1017,False,False,,False,False,,False,,True,0,,0,100.0,,,,,1,100,True,True
yargs/yargs-parser,gh/50258379,False,0,0,0,100.0,517,121,False,False,,False,False,,False,,True,0,,0,100.0,,,,,1,100,True,True
yuzujs/setimmediate,gh/1981208,False,0,0,0,100.0,1301,106,False,False,,False,False,,False,,False,0,,0,100.0,,,,,1,100,False,True
zertosh/loose-envify,gh/41947687,False,0,0,0,100.0,283,28,False,False,,False,False,,False,,False,0,,0,100.0,,,,,1,100,False,True
zesterer/spin-rs,gh/21686666,True,5,1,6,33.73,587,106,False,False,,False,False,,False,,True,0,,0,100.0,,,,,1,70,True,True
zloirock/core-js,gh/11481338,True,0,0,0,100.0,25492,1698,True,True,"open_collective,patreon,custom",False,True,https://opencollective.com/core-js,False,,True,4,core-js,34529.89,1.75,,,,,1,26,True,True
