repo,language,platform,ecosystem,top_eco_pkg,top_eco_pct,pr_score,openssf_crit,eco_crit,value_score,concentration,complexity,security,workload,risk_score,score,oss,intent,nonprofit,active,eligible,priority,repo_id
evanw/esbuild,go,github,npm,esbuild,39.34,61.70,60.46,100,66.38,94.79,93.69,75.56,87.96,87.65,76.28,True,False,True,True,False,,gh/61137153
pyca/cryptography,python,github,pypi,cryptography,63.52,81.63,65.91,100,74.06,64.89,87.94,95.63,65.01,77.18,75.60,True,False,True,True,False,,gh/11939484
moment/moment,javascript,github,npm,moment,25.10,56.63,59.29,100,63.75,63.59,96.98,98.08,97.24,87.57,74.72,True,True,True,True,True,1,gh/1424470
websockets/ws,javascript,github,npm,ws,44.54,63.54,61.40,100,67.65,89.35,75.67,82.28,83.13,82.46,74.69,True,True,True,True,True,2,gh/2744972
takluyver/jeepney,python,gitlab,pypi,jeepney,26.37,67.13,,100,73.37,90.82,57.52,75.56,79.33,74.81,74.09,True,False,True,True,False,,gl/2780772
estools/escodegen,javascript,github,npm,escodegen,29.33,58.09,48.13,100,57.62,100.00,90.98,95.73,91.63,94.52,73.80,True,False,True,True,False,,gh/3611422
terser/terser,javascript,github,npm,terser,31.73,58.96,59.50,100,64.77,80.86,91.88,72.57,87.10,82.78,73.22,True,True,True,True,True,3,gh/29097127
serde-rs/serde,rust,github,crates,serde,88.92,92.68,62.29,100,75.53,75.86,82.02,50.00,79.19,70.45,72.95,True,True,True,True,True,4,gh/14367737
retep998/winapi-rs,rust,github,crates,winapi,37.65,71.78,46.74,100,58.99,100.00,72.63,97.33,91.99,89.80,72.78,True,True,True,True,True,5,gh/23853482
microsoft/windows-rs,rust,github,crates,windows-sys,83.03,84.75,52.27,100,68.14,81.87,85.28,72.57,68.99,76.89,72.38,True,True,False,True,False,,gh/208102250
xtuc/webassemblyjs,javascript,github,npm,@webassemblyjs/helper-wasm-bytecode,81.28,76.14,47.04,100,63.97,60.96,89.43,98.08,83.88,81.84,72.36,True,False,True,True,False,,gh/113006071
lxml/lxml,python,github,pypi,lxml,31.91,70.31,59.74,100,66.07,89.44,78.33,89.81,62.61,79.22,72.35,True,True,True,True,True,6,gh/1353927
dtolnay/syn,rust,github,crates,syn,71.36,83.13,57.44,100,69.91,96.47,85.43,50.00,75.56,74.70,72.27,True,True,True,True,True,7,gh/67305738
crossbeam-rs/crossbeam,rust,github,crates,crossbeam-utils,43.58,73.97,56.37,100,65.58,73.36,72.76,92.23,79.79,79.17,72.06,True,True,True,True,True,8,gh/35566048
paramiko/paramiko,python,github,pypi,paramiko,27.51,67.71,55.38,100,62.75,81.71,74.61,85.44,88.85,82.48,71.94,True,True,True,True,True,9,gh/119609
gnutls/gnutls,c,gitlab,cpp,gnutls,32.57,59.10,,100,72.92,59.46,92.60,50.00,85.65,69.68,71.28,True,False,True,True,False,,gl/179611
sqlalchemy/sqlalchemy,python,github,pypi,sqlalchemy,40.31,72.72,64.18,100,69.81,66.31,89.54,72.57,64.74,72.67,71.23,True,True,True,True,True,10,gh/159271175
toml-rs/toml,rust,github,crates,toml,54.69,76.48,59.65,100,68.91,93.88,83.45,50.00,73.51,73.25,71.05,True,True,True,True,True,11,gh/95902102
tqdm/tqdm,python,github,pypi,tqdm,33.19,70.78,55.90,100,63.94,86.71,69.61,82.28,77.26,78.70,70.94,True,True,True,True,True,12,gh/36804486
eemeli/yaml,typescript,github,npm,yaml,32.39,59.14,54.71,100,61.98,96.05,82.38,72.57,75.40,81.12,70.91,True,True,True,True,True,13,gh/119439276
ljharb/qs,javascript,github,npm,qs,47.85,64.21,59.50,100,66.91,81.58,68.88,82.28,66.84,74.56,70.63,True,True,True,True,True,14,gh/22266795
pallets/jinja,python,github,pypi,jinja2,47.08,75.12,57.09,100,66.47,69.98,74.69,91.99,64.13,74.52,70.38,True,True,True,True,True,15,gh/994551
yaml/libyaml,c,github,cpp,libyaml,25.66,55.14,50.44,100,58.34,86.90,82.61,79.51,90.63,84.81,70.34,True,True,True,True,True,16,gh/2699072
rust-lang/regex,rust,github,crates,regex,58.31,78.17,60.96,100,70.22,80.86,84.89,72.57,49.02,70.30,70.26,True,True,True,True,True,17,gh/27890669
bytecodealliance/rustix,rust,github,crates,rustix,32.62,70.24,54.69,100,63.10,84.47,84.62,72.57,71.09,77.93,70.12,True,True,True,True,True,18,gh/295544240
nodeca/js-yaml,typescript,github,npm,js-yaml,50.84,65.09,56.53,100,65.51,60.61,75.40,72.57,94.34,74.79,70.00,True,True,True,True,True,19,gh/2504175
aws/aws-sdk-js-v3,typescript,github,npm,@aws-sdk/types,80.08,75.70,64.52,100,74.29,78.25,96.32,50.00,50.02,65.89,69.96,True,True,False,True,False,,gh/87228090
vuejs/core,typescript,github,npm,@vue/shared,41.39,62.40,65.04,100,69.40,52.29,91.19,72.57,71.30,70.48,69.94,True,True,True,True,True,20,gh/137078487
prettier/prettier,javascript,github,npm,prettier,33.26,59.48,68.38,100,70.30,63.77,92.04,50.00,78.16,69.20,69.75,True,True,True,True,True,21,gh/75104123
zloirock/core-js,javascript,github,npm,core-js,54.17,66.28,61.35,100,68.85,95.33,93.07,65.10,42.71,70.48,69.66,True,True,True,True,True,22,gh/11481338
nodeca/argparse,javascript,github,npm,argparse,58.31,67.93,41.60,100,57.58,100.00,67.69,81.11,90.28,83.91,69.51,True,True,True,True,True,23,gh/4325614
rust-lang/futures-rs,rust,github,crates,futures,67.46,82.47,54.56,100,67.73,55.79,73.96,87.62,71.53,71.31,69.50,True,True,True,True,True,24,gh/55077261
time-rs/time,rust,github,crates,time,34.72,71.07,54.65,100,63.37,91.35,75.48,72.57,66.87,76.06,69.43,True,True,True,True,True,25,gh/26459635
lz4/lz4,c,github,cpp,lz4,45.72,67.36,56.41,100,65.15,64.37,84.48,85.44,63.73,73.77,69.33,True,False,True,True,False,,gh/18106269
facebook/regenerator,javascript,github,npm,regenerator-runtime,48.69,64.58,52.21,100,62.65,75.80,79.69,65.10,86.68,76.41,69.19,True,True,False,False,False,,gh/13346571
jonschlinkert/kind-of,javascript,github,npm,kind-of,66.61,70.94,44.17,100,60.26,100.00,52.18,92.74,82.27,79.43,69.18,True,True,True,True,True,26,gh/24491562
jridgewell/sourcemaps,typescript,github,npm,@jridgewell/sourcemap-codec,78.46,74.89,52.02,100,66.55,94.02,62.62,72.25,62.80,71.89,69.17,True,False,True,True,False,,gh/897142826
chardet/chardet,python,github,pypi,chardet,29.44,68.66,55.96,100,63.39,83.49,89.87,50.00,86.11,75.39,69.13,True,False,True,True,False,,gh/5196969
giampaolo/psutil,python,github,pypi,psutil,32.81,70.69,60.06,100,66.39,80.67,82.71,50.00,79.14,71.68,68.98,True,True,True,True,True,27,gh/20101515
libexpat/libexpat,c,github,cpp,expat,29.70,57.51,59.05,100,64.15,74.22,82.31,97.57,50.29,73.99,68.89,True,True,True,True,True,28,gh/80314213
pypa/setuptools,python,github,pypi,setuptools,58.21,80.48,62.15,100,71.16,36.30,92.15,87.62,66.24,66.38,68.73,True,True,True,True,True,29,gh/54980593
ajv-validator/ajv,typescript,github,npm,ajv,60.76,68.46,56.11,100,66.59,61.08,79.01,72.57,71.32,70.69,68.61,True,True,True,True,True,30,gh/35914020
gitoxidelabs/gitoxide,rust,github,crates,gix-path,31.99,69.88,55.26,,54.18,83.14,92.37,93.93,78.95,86.87,68.60,True,True,True,True,True,31,gh/136510559
libjpeg-turbo/libjpeg-turbo,c,github,cpp,libjpeg-turbo,37.76,64.04,54.75,,53.79,95.86,92.47,87.62,75.41,87.48,68.60,True,True,True,True,True,33,gh/39760454
medikoo/es5-ext,javascript,github,npm,es5-ext,45.48,63.69,44.54,100,57.64,93.63,68.82,75.56,91.25,81.64,68.60,True,True,True,True,True,32,gh/1792941
clap-rs/clap,rust,github,crates,clap,42.76,73.72,64.60,100,70.41,75.50,85.17,50.00,61.42,66.66,68.51,True,True,True,True,True,34,gh/31315121
cssnano/cssnano,css,github,npm,cssnano-utils,75.68,73.48,57.45,100,69.39,87.07,68.94,50.00,69.54,67.59,68.48,True,True,True,True,True,35,gh/33943153
json5/json5,javascript,github,npm,json5,51.07,65.12,52.03,100,62.84,74.69,56.83,92.74,76.40,74.05,68.22,True,False,True,True,False,,gh/4463453
grahamdumpleton/wrapt,python,github,pypi,wrapt,43.09,74.24,53.73,100,63.97,87.99,70.66,59.34,75.29,72.60,68.15,True,True,True,True,True,36,gh/10357291
mrmlnc/fast-glob,javascript,github,npm,fast-glob,39.48,61.72,47.85,100,58.83,88.46,70.75,84.42,73.47,78.93,68.14,True,False,True,True,False,,gh/77467076
boto/botocore,python,github,pypi,botocore,89.90,86.76,62.76,100,75.32,84.11,70.73,50.00,47.12,61.19,67.89,True,True,False,True,False,,gh/6670942
sinclairzx81/typebox,typescript,github,npm,@sinclair/typebox,47.96,64.23,53.84,100,63.52,91.04,91.69,50.00,66.14,72.48,67.85,True,False,True,True,False,,gh/87454905
rust-cli/anstyle,html,github,crates,anstyle,48.30,75.34,53.89,100,64.70,91.49,56.09,72.57,67.45,70.79,67.68,True,True,True,True,True,37,gh/493821282
csstree/csstree,javascript,github,npm,css-tree,36.66,60.80,45.22,100,56.88,89.41,79.18,72.25,81.99,80.47,67.65,True,True,True,True,True,38,gh/67236461
python-pillow/pillow,python,github,pypi,pillow,35.12,78.90,62.10,100,68.66,68.66,90.18,98.06,31.93,66.36,67.50,True,True,True,True,True,39,gh/5171600
coveragepy/coveragepy,python,github,pypi,coverage,29.17,68.49,60.44,100,66.03,94.36,77.91,50.00,61.51,68.96,67.48,True,True,True,True,True,40,gh/138421996
frenic/csstype,typescript,github,npm,csstype,41.16,62.23,44.55,100,57.07,91.79,64.38,81.11,83.83,79.62,67.41,True,False,True,True,False,,gh/104001328
util-linux/util-linux,c,github,cpp,util-linux,31.86,58.79,65.49,100,68.36,30.77,93.12,92.72,73.01,66.36,67.35,True,False,True,True,False,,gh/2339555
caolan/async,javascript,github,npm,async,41.24,62.24,58.59,100,65.50,53.95,78.43,72.57,74.72,69.21,67.33,True,False,True,True,False,,gh/698041
dtolnay/proc-macro2,rust,github,crates,proc-macro2,80.31,84.67,54.81,100,69.38,97.31,61.57,50.00,60.72,65.31,67.31,True,True,True,True,True,41,gh/91860126
httplib2/httplib2,python,github,pypi,httplib2,28.77,68.35,49.62,100,59.48,65.48,78.15,82.28,79.74,76.12,67.29,True,False,True,True,False,,gh/53002916
mrabarnett/mrab-regex,c,github,pypi,regex,28.25,68.14,46.97,100,57.82,90.53,91.46,50.00,90.54,78.25,67.26,True,False,True,True,False,,gh/309446978
floating-ui/floating-ui,typescript,github,npm,@floating-ui/utils,46.06,63.82,62.80,100,68.67,79.68,77.09,50.00,61.10,65.82,67.23,True,True,True,True,True,42,gh/54994103
isaacs/minipass,typescript,github,npm,minipass,71.36,72.56,44.89,100,61.33,91.31,56.13,92.74,61.40,73.50,67.14,True,True,True,True,True,43,gh/84886212
postcss/postcss,typescript,github,npm,postcss,48.48,64.43,63.48,100,69.38,57.71,74.16,85.44,48.03,64.74,67.02,True,True,True,True,True,44,gh/13078968
micromark/micromark,javascript,github,npm,micromark-util-symbol,63.28,69.59,48.25,100,62.24,91.21,69.45,65.10,65.64,72.13,67.00,True,True,True,True,True,45,gh/157420458
conventional-changelog/conventional-changelog,typescript,github,npm,conventional-commits-parser,37.47,61.06,56.70,100,63.87,63.70,68.68,72.57,76.63,70.23,66.97,True,False,True,True,False,,gh/15639771
petkaantonov/bluebird,javascript,github,npm,bluebird,25.23,56.70,55.73,100,61.63,39.12,80.79,98.83,89.42,72.70,66.94,True,False,True,True,False,,gh/12670444
follow-redirects/follow-redirects,javascript,github,npm,follow-redirects,38.39,61.35,54.16,100,62.47,82.91,55.29,87.62,65.72,71.68,66.92,True,True,True,True,True,46,gh/6697086
curl/curl,c,github,cpp,curl,28.96,56.88,69.92,100,70.54,35.60,94.82,99.51,48.27,63.46,66.91,True,True,True,True,True,47,gh/569041
legrandin/pycryptodome,c,github,pypi,pycryptodomex,25.51,66.78,52.18,100,60.54,81.46,76.57,72.57,65.63,73.83,66.86,True,False,True,True,False,,gh/19378935
browserslist/browserslist,javascript,github,npm,browserslist,54.31,66.30,61.50,100,68.96,78.43,70.53,72.57,43.78,64.75,66.82,True,True,True,True,True,48,gh/27971466
pallets/werkzeug,python,github,pypi,werkzeug,37.46,72.03,62.01,100,68.16,67.10,73.53,93.93,39.66,65.48,66.81,True,True,True,True,True,49,gh/997338
taiki-e/portable-atomic,rust,github,crates,portable-atomic,53.42,76.20,41.85,100,58.07,98.50,82.95,50.00,85.05,76.78,66.77,True,True,True,True,True,50,gh/448365131
suguru03/neo-async,javascript,github,npm,neo-async,30.46,58.59,42.21,100,54.23,100.00,72.06,96.48,65.65,82.19,66.76,True,False,True,True,False,,gh/27030361
grantjenks/python-sortedcontainers,python,github,pypi,sortedcontainers,25.30,66.73,48.31,100,58.19,87.12,57.56,81.11,84.10,76.48,66.71,True,True,True,True,True,51,gh/17144859
systemd/systemd,c,github,cpp,systemd,49.83,69.48,75.65,,71.65,20.78,97.81,96.60,75.10,61.97,66.63,True,True,True,True,True,52,gh/32873313
jridgewell/resolve-uri,javascript,github,npm,@jridgewell/resolve-uri,51.19,65.16,38.60,100,54.80,95.51,60.65,86.45,85.80,80.96,66.61,True,False,True,True,False,,gh/196878944
madler/zlib,c,github,cpp,zlib,55.14,73.65,53.92,100,65.23,40.68,87.63,91.02,65.84,67.99,66.60,True,False,True,True,False,,gh/2359378
pypa/distlib,python,github,pypi,distlib,30.57,69.46,48.49,100,59.10,82.51,75.64,81.11,62.54,75.01,66.58,True,True,True,True,True,53,gh/436970140
isaacs/node-tar,javascript,github,npm,tar,26.10,56.99,56.42,100,62.16,78.80,77.56,91.02,46.45,71.30,66.57,True,True,True,True,True,54,gh/1534331
stub42/pytz,c,github,pypi,pytz,46.05,74.69,47.88,100,60.80,82.29,77.72,50.00,88.04,72.84,66.55,True,True,True,True,True,55,gh/63155638
andialbrecht/sqlparse,python,github,pypi,sqlparse,26.26,67.13,52.10,100,60.60,72.58,63.34,85.44,72.42,73.03,66.53,True,False,True,True,False,,gh/4067434
harfbuzz/harfbuzz,c++,github,cpp,harfbuzz,34.42,60.41,63.52,100,67.59,72.81,94.49,85.44,31.10,65.39,66.48,True,True,True,True,True,56,gh/5050525
yaml/pyyaml,python,github,pypi,pyyaml,54.10,78.62,52.80,100,64.95,38.37,69.59,85.44,93.89,68.03,66.47,True,False,True,True,False,,gh/2700147
moxystudio/node-cross-spawn,javascript,github,npm,cross-spawn,46.35,63.87,52.85,100,62.73,85.31,37.67,97.33,78.26,70.34,66.43,True,False,True,True,False,,gh/21335844
kjd/idna,python,github,pypi,idna,68.57,82.84,54.12,100,67.61,70.21,68.54,72.57,51.76,65.20,66.39,True,False,True,True,False,,gh/10323585
pyparsing/pyparsing,python,github,pypi,pyparsing,45.38,74.58,53.35,100,64.01,85.29,81.25,50.00,64.76,68.83,66.38,True,True,True,True,True,57,gh/91262163
eliben/pycparser,python,github,pypi,pycparser,84.26,85.81,52.21,100,68.33,55.42,79.51,50.00,78.37,64.46,66.37,True,False,True,True,False,,gh/10589864
7rulnik/source-map-js,javascript,github,npm,source-map-js,44.36,63.51,49.40,100,60.43,65.83,63.92,92.74,71.56,72.69,66.28,True,True,True,True,True,58,gh/330043541
colinhacks/zod,typescript,github,npm,zod,25.43,56.75,61.83,100,65.32,62.91,87.63,72.57,50.63,67.09,66.20,True,True,True,True,True,59,gh/245704608
serde-rs/json,rust,github,crates,serde_json,66.01,81.08,59.89,100,70.64,76.50,52.23,50.00,73.41,61.88,66.12,True,True,True,True,True,60,gh/35894511
estools/estraverse,javascript,github,npm,estraverse,60.56,68.43,42.74,100,58.54,70.71,69.64,82.28,75.96,74.48,66.03,True,False,True,True,False,,gh/6145439
google/zerocopy,rust,github,crates,zerocopy,32.84,70.31,54.19,100,62.83,42.11,84.32,72.57,89.24,69.25,65.96,True,True,False,True,False,,gh/534354967
mpfr/mpfr,c,gitlab,cpp,mpfr,46.47,67.64,,,57.06,83.92,91.67,59.34,74.05,76.25,65.96,True,True,True,True,True,61,gl/inria-33626
besser82/libxcrypt,c,github,cpp,libxcrypt,65.97,78.79,46.36,100,62.29,75.95,80.55,53.68,72.27,69.80,65.94,True,False,True,True,False,,gh/35503965
alexhuszagh/rust-lexical,rust,github,crates,lexical-util,25.18,66.50,45.82,100,56.66,95.32,82.34,82.28,53.45,76.65,65.90,True,False,True,True,False,,gh/155286170
tootallnate/proxy-agents,typescript,github,npm,agent-base,71.00,72.46,51.86,100,65.46,65.80,61.41,82.28,57.62,66.16,65.81,True,False,True,True,False,,gh/11293703
rayon-rs/rayon,rust,github,crates,rayon,61.03,79.29,54.80,100,66.91,65.70,66.31,50.00,80.39,64.69,65.79,True,False,True,True,False,,gh/24725038
babel/babel,typescript,github,npm,@babel/helper-plugin-utils,92.24,92.68,71.53,100,81.41,24.37,93.91,82.28,42.34,53.14,65.77,True,True,True,True,True,62,gh/24560307
burntsushi/memchr,rust,github,crates,memchr,43.17,73.94,49.49,100,61.40,76.21,87.31,50.00,73.87,70.41,65.75,True,True,True,True,True,63,gh/37290652
burntsushi/walkdir,rust,github,crates,walkdir,36.81,71.58,49.06,100,60.27,68.72,49.30,95.73,81.15,71.63,65.70,True,True,True,True,True,64,gh/42685794
salesforce/tough-cookie,typescript,github,npm,tough-cookie,34.30,59.90,51.82,100,60.51,63.96,72.53,72.57,76.95,71.34,65.70,True,True,False,True,False,,gh/2606873
dtolnay/paste,rust,github,crates,paste,32.40,70.24,41.87,100,55.39,100.00,53.69,72.57,94.55,77.91,65.69,True,True,True,False,False,,gh/155652490
taiki-e/pin-project,rust,github,crates,pin-project,28.47,68.12,48.17,100,58.56,99.06,69.95,50.00,85.08,73.68,65.69,True,True,True,True,True,65,gh/164668916
babel/babel-polyfills,typescript,github,npm,@babel/helper-define-polyfill-provider,53.62,66.11,48.29,100,60.95,71.73,89.79,50.00,77.67,70.72,65.65,True,True,True,True,True,66,gh/190579283
dtolnay/anyhow,rust,github,crates,anyhow,40.84,73.32,51.51,100,62.32,95.95,63.32,50.00,74.17,68.90,65.53,True,True,True,True,True,67,gh/212936374
executablebooks/markdown-it-py,python,github,pypi,markdown-it-py,35.52,71.23,46.97,100,58.86,67.51,70.12,82.28,72.77,72.96,65.53,True,False,True,True,False,,gh/249956697
dtolnay/thiserror,rust,github,crates,thiserror,40.11,73.20,52.87,100,63.05,95.15,65.72,50.00,68.74,68.09,65.52,True,True,True,True,True,68,gh/213836768
swc-project/swc,rust,github,npm,@swc/helpers,27.58,85.55,62.89,100,69.05,37.04,99.68,50.00,80.42,62.07,65.47,True,True,True,True,True,69,gh/115110181
aws/aws-cli,python,github,pypi,awscli,42.19,92.26,63.57,100,71.59,81.44,82.87,50.00,37.82,59.77,65.41,True,True,False,True,False,,gh/6780767
form-data/form-data,javascript,github,npm,form-data,47.14,64.06,52.89,100,62.85,75.68,50.05,72.57,77.55,67.95,65.35,True,False,True,True,False,,gh/1755793
rustcrypto/utils,rust,github,crates,zeroize,60.06,78.77,52.96,100,65.66,72.41,53.40,82.28,55.98,64.96,65.31,True,True,True,True,True,70,gh/77307442
ardatan/graphql-tools,typescript,github,npm,@graphql-tools/utils,52.68,65.72,61.85,100,68.95,52.86,84.63,50.00,64.96,61.74,65.25,True,True,True,True,True,72,gh/54432168
grpc/grpc,c++,github,pypi,grpcio,70.88,91.61,70.16,100,78.34,11.25,96.78,93.93,85.29,54.35,65.25,True,True,True,True,True,71,gh/27729880
nodejs/string_decoder,javascript,github,npm,string_decoder,56.11,67.11,42.18,100,57.63,100.00,49.20,72.25,82.88,73.67,65.16,True,True,True,True,True,73,gh/95052330
md/tcp-wrappers,c,gitlab,cpp,tcp-wrappers,47.25,67.66,,,57.45,95.56,59.87,81.11,64.19,73.88,65.15,True,True,True,True,True,74,gl/debian-28852
nlnetlabs/unbound,c,github,cpp,unbound,28.11,56.47,51.99,,49.56,64.23,93.33,97.09,92.38,85.63,65.14,True,True,True,True,True,75,gh/94195301
bdwgc/bdwgc,c,github,cpp,boehm-gc,42.98,65.74,56.28,,55.80,93.02,89.08,50.00,80.54,76.00,65.12,True,False,True,True,False,,gh/2109456
csstools/postcss-plugins,css,github,npm,@csstools/utilities,73.65,73.06,55.04,100,67.69,75.71,91.39,50.00,43.95,62.44,65.01,True,True,True,True,True,76,gh/219192307
mathiasbynens/regenerate,javascript,github,npm,regenerate,34.68,60.08,37.34,100,51.88,100.00,55.13,92.74,85.31,81.27,64.93,True,True,True,True,True,77,gh/10182772
lodash/lodash,javascript,github,npm,lodash,82.54,76.47,61.59,100,72.85,63.16,93.69,82.28,22.86,57.76,64.87,True,True,True,True,True,78,gh/3955647
libffi/libffi,c,github,cpp,libffi,26.82,55.93,55.02,100,61.29,71.21,85.48,50.00,72.40,68.51,64.80,True,True,True,True,True,79,gh/321154
primus/eventemitter3,javascript,github,npm,eventemitter3,31.87,58.98,47.51,100,57.59,93.55,48.29,82.28,75.59,72.81,64.75,True,True,True,True,True,80,gh/13100677
nodejs/undici,javascript,github,npm,undici-types,76.53,74.07,65.66,100,74.46,16.44,94.16,95.39,68.01,56.29,64.74,True,True,True,True,True,81,gh/133092972
indutny/bn.js,javascript,github,npm,bn.js,40.27,61.92,50.58,100,60.57,62.19,57.19,81.11,79.12,69.12,64.70,True,True,True,True,True,82,gh/19176350
isaacs/sax-js,javascript,github,npm,sax,35.59,60.53,46.41,100,57.46,59.33,71.92,82.28,80.15,72.83,64.69,True,True,True,True,True,83,gh/508894
garycourt/uri-js,javascript,github,npm,uri-js,30.59,58.69,41.32,100,53.72,79.06,53.64,97.33,88.90,77.83,64.66,True,False,True,True,False,,gh/989080
uqfoundation/dill,python,github,pypi,dill,27.39,67.70,48.15,100,58.40,79.54,71.23,59.34,78.11,71.59,64.66,True,True,True,True,True,84,gh/11031844
fb55/css-what,typescript,github,npm,css-what,29.66,58.19,48.20,100,57.70,87.06,60.94,82.28,62.82,72.36,64.62,True,True,True,True,True,85,gh/4460687
minimistjs/minimist,javascript,github,npm,minimist,46.94,64.00,54.54,100,63.82,69.10,54.17,72.57,67.33,65.40,64.61,True,True,True,True,True,86,gh/549230701
pvorb/clone,javascript,github,npm,clone,26.84,57.35,43.11,100,54.29,100.00,51.32,81.11,83.56,76.80,64.57,True,True,True,True,True,87,gh/2317381
nv/cssom,javascript,github,npm,cssom,26.41,57.12,41.82,100,53.45,66.33,72.20,92.74,83.29,77.99,64.56,True,False,True,True,False,,gh/1025209
xorg/lib/libxdmcp,c,gitlab,cpp,libxdmcp,32.33,59.07,,100,72.85,95.56,34.95,52.29,61.07,57.15,64.52,True,True,True,True,True,88,gl/freedesktop-712
isaacs/minimatch,javascript,github,npm,minimatch,69.64,71.80,55.99,100,67.74,88.49,83.22,72.57,26.42,61.30,64.44,True,True,True,True,True,89,gh/2056549
ronaldoussoren/pyobjc,python,github,pypi,pyobjc-core,28.64,68.29,47.76,,47.94,99.34,95.87,65.10,90.43,86.53,64.41,True,True,True,True,True,90,gh/243933900
jquery/esprima,typescript,github,npm,esprima,38.72,61.46,46.09,100,57.67,37.68,87.60,88.15,90.24,71.58,64.25,True,True,True,True,True,91,gh/2833537
browserify/events,javascript,github,npm,events,43.99,63.38,41.03,100,55.36,100.00,48.98,72.25,87.23,74.54,64.24,True,True,True,True,True,92,gh/1649251
agronholm/anyio,python,github,pypi,anyio,41.08,73.14,53.38,100,63.45,78.80,64.85,50.00,68.58,64.70,64.07,True,True,True,True,True,93,gh/145337588
docutils/docutils,python,github,pypi,docutils,38.15,72.09,41.06,100,55.66,67.40,92.42,72.25,65.67,73.73,64.06,True,True,True,True,True,94,gh/44840244
python-attrs/attrs,python,github,pypi,attrs,51.81,77.70,53.51,100,65.06,79.92,73.80,50.00,53.55,63.04,64.04,True,True,True,True,True,95,gh/29918975
chaijs/type-detect,javascript,github,npm,type-detect,43.82,63.23,38.21,100,53.63,100.00,49.66,86.45,79.56,76.45,64.03,True,True,True,True,True,96,gh/12107007
import-js/eslint-plugin-import,javascript,github,npm,eslint-plugin-import,39.70,61.79,61.35,100,66.96,53.49,78.16,50.00,67.18,61.22,64.03,True,True,True,True,True,98,gh/32238354
wbond/asn1crypto,python,github,pypi,asn1crypto,34.72,71.05,45.58,100,57.93,76.52,75.46,50.00,86.88,70.77,64.03,True,True,True,True,True,97,gh/36823669
gnome/pango,c,github,cpp,pango,28.28,56.49,57.39,,53.64,78.16,92.42,75.56,61.48,76.11,63.89,True,True,True,True,True,99,gh/4537144
tapjs/signal-exit,typescript,github,npm,signal-exit,59.41,68.32,43.27,100,58.73,91.56,41.42,92.74,66.20,69.46,63.87,True,True,True,True,True,100,gh/35711072
nodeca/pako,javascript,github,npm,pako,31.27,58.86,45.31,100,56.20,69.22,87.86,50.00,89.48,72.22,63.71,True,True,True,True,True,101,gh/16231859
zertosh/loose-envify,javascript,github,npm,loose-envify,41.63,62.53,26.81,100,46.50,100.00,73.29,92.74,84.31,87.01,63.61,True,False,True,True,False,,gh/41947687
python-greenlet/greenlet,c++,github,pypi,greenlet,38.85,72.15,53.43,100,63.16,85.11,61.18,50.00,64.52,64.02,63.59,True,False,True,True,False,,gh/3003137
isaacs/path-scurry,typescript,github,npm,path-scurry,45.58,63.71,36.79,100,53.00,95.93,72.62,65.10,73.57,76.00,63.47,True,True,True,True,True,102,gh/591569499
azuread/microsoft-authentication-library-for-python,python,github,pypi,msal,31.56,70.29,47.87,100,58.91,89.25,67.44,50.00,72.47,68.34,63.45,True,True,False,True,False,,gh/67243113
cpburnz/python-pathspec,python,github,pypi,pathspec,31.73,70.30,50.32,100,60.40,87.54,70.38,50.00,64.06,66.65,63.45,True,False,True,True,False,,gh/14648551
protobufjs/protobuf.js,javascript,github,npm,protobufjs,58.67,67.96,59.09,100,68.12,20.40,81.96,82.28,87.50,58.90,63.34,True,True,True,True,True,103,gh/8507859
tokio-rs/tracing,rust,github,crates,tracing,49.93,75.67,60.63,100,68.94,23.67,79.49,82.28,73.87,58.15,63.32,True,True,True,True,True,105,gh/165289175
vitest-dev/vitest,typescript,github,npm,@vitest/pretty-format,44.82,63.59,67.51,100,71.35,29.33,83.81,72.57,55.91,56.20,63.32,True,True,True,True,True,104,gh/434708679
facebook/watchman,c++,github,npm,bser,40.86,62.08,64.31,100,68.88,40.99,88.41,50.00,62.92,58.11,63.27,True,True,False,True,False,,gh/6930489
inikulin/parse5,typescript,github,npm,parse5,42.03,62.72,48.54,100,59.60,72.18,80.53,50.00,69.67,67.08,63.23,True,True,True,True,True,106,gh/8862593
antonk52/lilconfig,javascript,github,npm,lilconfig,28.00,57.70,44.61,100,55.34,91.27,56.84,81.11,64.52,72.18,63.20,True,True,True,True,True,107,gh/238967485
burntsushi/aho-corasick,rust,github,crates,aho-corasick,27.63,67.39,48.38,100,58.53,89.04,71.27,50.00,68.13,68.19,63.18,True,True,True,True,True,108,gh/37290678
isaacs/node-graceful-fs,javascript,github,npm,graceful-fs,61.97,68.99,49.68,100,62.90,66.03,54.85,92.74,48.24,63.45,63.17,True,True,True,True,True,109,gh/2077020
estools/esutils,coffeescript,github,npm,esutils,50.26,64.95,32.53,100,51.04,100.00,53.16,88.15,79.38,78.10,63.14,True,False,True,True,False,,gh/14677293
dateutil/dateutil,python,github,pypi,python-dateutil,77.65,84.55,50.81,100,66.71,37.18,79.92,50.00,85.63,59.72,63.12,True,False,True,True,False,,gh/26876372
jonschlinkert/fill-range,javascript,github,npm,fill-range,57.43,67.65,37.79,100,55.18,100.00,44.66,77.37,78.37,72.14,63.09,True,True,True,True,True,110,gh/27113310
rustcrypto/formats,rust,github,crates,const-oid,37.36,71.78,52.80,100,62.59,61.11,76.77,50.00,69.40,63.52,63.05,True,True,True,True,True,111,gh/406051759
debug-js/debug,javascript,github,npm,debug,79.53,75.25,53.22,100,67.41,66.39,35.95,82.28,61.14,58.86,62.99,True,True,True,True,True,112,gh/2871998
aio-libs/aiohttp,python,github,pypi,aiohttp,48.60,76.03,65.33,100,71.66,30.81,86.18,95.39,36.51,55.14,62.86,True,True,True,True,True,113,gh/13258039
burntsushi/ucd-generate,rust,github,crates,ucd-trie,28.04,67.71,43.72,100,55.81,78.43,74.68,86.45,49.53,70.77,62.85,True,True,True,True,True,114,gh/123997498
facelessuser/soupsieve,python,github,pypi,soupsieve,36.57,71.73,46.45,100,58.70,88.68,71.95,50.00,63.24,67.02,62.72,True,True,True,True,True,115,gh/160789418
facebook/zstd,c,github,cpp,zstd,53.48,73.16,61.41,100,69.51,30.65,93.43,50.00,71.58,56.58,62.71,True,True,False,True,False,,gh/29759715
frommi/miniz_oxide,c,github,crates,miniz_oxide,26.61,67.04,47.61,100,57.93,73.71,83.22,50.00,68.76,67.77,62.66,True,False,True,True,False,,gh/96124162
andyperlitch/jsbn,javascript,github,npm,jsbn,34.19,59.88,30.95,100,47.98,100.00,52.47,98.83,86.18,81.76,62.63,True,False,True,True,False,,gh/9710533
react/react,javascript,github,npm,react-is,70.30,72.25,70.91,100,76.80,12.34,97.70,72.57,77.83,51.08,62.63,True,True,True,True,True,116,gh/10270250
benjaminp/six,python,github,pypi,six,87.93,86.46,50.14,100,67.52,72.11,49.20,56.35,56.92,58.08,62.62,True,False,True,True,False,,gh/77868600
dtolnay/quote,rust,github,crates,quote,77.92,83.91,50.75,100,66.63,93.38,40.05,50.00,64.15,58.85,62.62,True,True,True,True,True,117,gh/67273122
ljharb/es-abstract,javascript,github,npm,es-abstract,45.96,63.81,46.61,100,58.94,98.59,81.13,50.00,48.87,66.49,62.60,True,True,True,True,True,118,gh/28995155
gnome/libxml2,c,gitlab,cpp,libxml2,29.50,57.41,,,43.46,89.55,95.28,97.82,78.97,90.10,62.58,True,True,True,True,True,119,gl/gnome-1665
getsentry/sentry-javascript,typescript,github,npm,@sentry/core,51.31,65.19,70.45,100,73.92,14.40,88.46,85.44,72.07,52.92,62.54,True,True,False,True,False,,gh/3328572
xorg/lib/libxau,c,gitlab,cpp,libxau,33.32,59.68,,100,73.25,68.99,46.94,50.00,49.60,53.23,62.44,True,True,True,True,True,120,gl/freedesktop-706
isaacs/node-mkdirp,typescript,github,npm,mkdirp,45.01,63.60,45.62,100,58.23,87.82,43.78,88.15,58.75,66.80,62.37,True,True,True,True,True,122,gh/2718248
pallets/flask,python,github,pypi,flask,35.32,71.20,60.54,100,66.98,63.77,65.46,82.28,33.13,58.08,62.37,True,True,True,True,True,121,gh/596892
pkgconf/pkgconf,c,github,cpp,pkgconf,36.45,63.10,57.44,,55.52,72.82,78.53,72.57,57.52,69.90,62.30,True,True,True,True,True,123,gh/4180110
lydell/js-tokens,javascript,github,npm,js-tokens,59.22,68.19,35.49,100,54.03,94.11,56.07,81.11,61.99,71.77,62.27,True,False,True,True,False,,gh/17552490
socketio/socket.io,typescript,github,npm,engine.io-parser,26.45,57.19,63.44,100,66.43,84.24,89.37,89.81,17.02,58.24,62.20,True,True,True,True,True,124,gh/557980
fb55/entities,typescript,github,npm,entities,54.88,66.50,46.32,100,59.93,93.02,59.75,50.00,61.72,64.35,62.10,True,True,True,True,True,125,gh/3172629
evanw/node-source-map-support,javascript,github,npm,source-map-support,39.00,61.57,48.66,100,59.25,38.03,65.63,92.74,76.69,64.91,62.02,True,True,True,True,True,126,gh/7682781
webmproject/libwebp,c,github,cpp,libwebp,29.32,57.19,50.33,,48.56,64.31,91.04,96.36,69.38,79.10,61.98,True,True,False,True,False,,gh/23368445
kaelzhang/node-ignore,javascript,github,npm,ignore,43.38,63.12,47.85,100,59.36,87.26,40.98,88.15,55.41,64.65,61.95,True,True,True,True,True,127,gh/12519245
jawah/charset_normalizer,python,github,pypi,charset-normalizer,61.64,81.47,48.82,100,63.60,93.30,73.06,50.00,38.78,60.30,61.93,True,True,True,True,True,128,gh/200259335
pyca/pyopenssl,python,github,pypi,pyopenssl,30.89,69.72,51.93,100,61.22,55.19,59.57,72.57,64.17,62.55,61.88,True,True,True,True,True,129,gh/15778059
oauthlib/oauthlib,python,github,pypi,oauthlib,41.90,73.60,55.20,100,64.67,35.93,67.80,72.57,69.22,59.15,61.85,True,True,True,True,True,130,gh/2811323
protocolbuffers/protobuf,c++,github,pypi,protobuf,76.20,100.00,66.13,100,77.30,24.28,96.30,94.17,27.16,49.45,61.83,True,True,False,True,False,,gh/23357588
mysticatea/event-target-shim,typescript,github,npm,event-target-shim,39.77,61.80,29.30,100,47.74,100.00,47.25,97.33,89.05,80.00,61.80,True,True,True,True,True,131,gh/31137469
pillarjs/iconv-lite,javascript,github,npm,iconv-lite,53.89,66.19,45.42,100,59.26,68.84,67.86,50.00,73.73,64.42,61.79,True,True,True,True,True,132,gh/2743221
rich-harris/magic-string,javascript,github,npm,magic-string,29.21,58.04,50.09,100,58.78,58.88,62.89,86.45,55.51,64.93,61.78,True,False,True,True,False,,gh/26143240
storybookjs/storybook,typescript,github,npm,@storybook/client-logger,44.73,63.58,75.04,100,75.85,12.91,96.05,72.57,71.12,50.30,61.77,True,True,False,True,False,,gh/54173593
acornjs/acorn-jsx,javascript,github,npm,acorn-jsx,32.72,59.20,42.03,100,54.41,57.73,55.62,92.74,80.94,70.07,61.75,True,True,True,True,True,133,gh/22187098
dchest/tweetnacl-js,javascript,github,npm,tweetnacl,33.21,59.47,47.89,100,58.00,78.07,59.91,99.36,39.63,65.51,61.64,True,False,True,True,False,,gh/15649752
urllib3/urllib3,python,github,pypi,urllib3,86.04,86.21,61.39,100,74.06,18.90,73.28,94.66,52.86,51.31,61.64,True,True,True,True,True,134,gh/2410676
sybrenstuvel/python-rsa,python,github,pypi,rsa,46.74,74.82,49.47,100,61.84,63.50,46.64,85.44,56.18,61.40,61.62,True,False,True,False,False,,gh/50107469
expressjs/body-parser,javascript,github,npm,body-parser,27.92,57.67,54.45,100,61.23,61.82,48.87,82.28,59.37,61.98,61.60,True,True,True,True,True,135,gh/15669006
nodelib/nodelib,typescript,github,npm,@nodelib/fs.stat,58.85,67.98,37.92,100,55.44,69.11,59.12,82.28,65.13,68.40,61.58,True,False,True,True,False,,gh/129310478
astral-sh/ruff,rust,github,pypi,ruff,52.34,78.25,69.22,100,74.59,16.48,97.44,50.00,83.00,50.81,61.56,True,True,False,True,False,,gh/523043277
python-jsonschema/referencing,python,github,pypi,referencing,41.35,73.20,42.21,100,56.78,98.71,47.94,50.00,83.40,66.65,61.52,True,True,True,True,True,137,gh/569027868
tapjs/stack-utils,javascript,github,npm,stack-utils,25.36,56.72,40.50,100,52.51,80.34,49.21,88.15,77.41,72.07,61.52,True,True,True,True,True,136,gh/48974178
npm/node-semver,javascript,github,npm,semver,77.94,74.86,57.36,100,69.70,32.11,71.89,72.57,51.81,54.28,61.51,True,True,False,True,False,,gh/1357199
python-cffi/cffi,python,github,pypi,cffi,80.76,85.66,52.49,100,68.14,28.97,85.25,50.00,76.18,55.38,61.43,True,False,True,True,False,,gh/696427398
fb55/htmlparser2,typescript,github,npm,htmlparser2,27.88,57.67,51.04,100,59.18,86.48,56.47,50.00,67.61,63.74,61.42,True,True,True,True,True,138,gh/2279062
streamich/memfs,typescript,github,npm,memfs,28.15,57.73,55.04,100,61.61,71.16,67.22,50.00,58.45,61.15,61.38,True,True,True,True,True,139,gh/37490572
unicode-org/icu4x,rust,github,crates,zerofrom-derive,51.07,75.77,52.34,,55.11,31.16,94.11,82.28,90.29,68.32,61.36,True,True,True,True,True,140,gh/243395141
sqlite/sqlite,c,github,cpp,sqlite,37.31,63.56,50.59,,50.55,62.04,97.59,72.57,69.89,74.44,61.34,True,True,False,True,False,,gh/176278485
lokathor/bytemuck,rust,github,crates,bytemuck,31.80,69.59,58.86,100,65.45,59.91,50.69,65.10,54.75,57.36,61.27,True,True,True,True,True,141,gh/209673558
freetype/freetype,c,github,cpp,freetype,34.71,60.66,57.00,,54.67,38.22,94.92,91.02,67.11,68.61,61.24,True,False,True,True,False,,gh/187000659
pypa/virtualenv,python,github,pypi,virtualenv,33.95,80.67,60.21,100,67.59,54.30,67.29,82.28,31.53,55.49,61.24,True,True,True,True,True,142,gh/1446474
marshallpierce/rust-base64,rust,github,crates,base64,30.89,68.89,49.21,100,59.50,65.80,56.80,75.56,55.80,63.01,61.23,True,False,True,True,False,,gh/47371310
faye/websocket-driver-node,javascript,github,npm,websocket-driver,29.41,58.12,36.54,100,50.68,100.00,53.67,86.45,64.37,73.93,61.21,True,False,True,True,False,,gh/9733816
tj/commander.js,javascript,github,npm,commander,58.49,67.94,57.58,100,67.19,77.29,63.31,50.00,39.44,55.73,61.19,True,True,True,True,True,143,gh/2206953
openssl/openssl,c,github,cpp,openssl,48.84,69.38,71.85,100,74.93,9.27,98.08,98.79,69.12,49.92,61.16,True,True,True,True,True,144,gh/7634677
gkz/type-check,livescript,github,npm,type-check,42.44,62.82,30.74,100,48.97,100.00,43.61,95.73,81.44,76.36,61.15,True,False,True,True,False,,gh/13182168
pillarjs/path-to-regexp,typescript,github,npm,path-to-regexp,35.12,60.36,53.68,100,61.76,88.31,49.68,82.28,37.21,60.54,61.15,True,True,True,True,True,145,gh/5265803
google/brotli,typescript,github,pypi,brotli,55.32,97.95,55.97,0,48.91,65.57,90.14,82.28,70.04,76.40,61.13,True,True,False,True,False,,gh/24993138
rob--w/proxy-from-env,javascript,github,npm,proxy-from-env,30.64,58.69,40.56,100,53.27,100.00,37.20,79.51,81.33,70.03,61.08,True,False,True,True,False,,gh/52038793
jaredwray/cacheable,typescript,github,npm,flat-cache,56.27,67.12,58.16,100,67.23,84.59,66.11,50.00,33.75,55.43,61.05,True,False,True,True,False,,gh/9267870
postcss/postcss-value-parser,javascript,github,npm,postcss-value-parser,65.79,70.62,39.19,100,57.16,40.82,64.92,98.93,68.62,65.13,61.02,True,True,True,True,True,146,gh/40920306
mpc/mpc,c,gitlab,cpp,gnumpc,41.80,65.61,,,53.70,73.55,80.87,59.34,64.91,69.18,60.95,True,True,True,True,True,147,gl/inria-22470
aio-libs/multidict,python,github,pypi,multidict,44.39,74.47,52.17,100,63.19,59.29,68.10,50.00,58.68,58.67,60.89,True,True,True,True,True,148,gh/51206425
vercel/ms,typescript,github,npm,ms,83.20,76.99,46.74,100,64.06,59.89,54.84,72.57,46.66,57.75,60.82,True,True,False,True,False,,gh/3655872
browserify/resolve,javascript,github,npm,resolve,53.34,66.00,53.04,100,63.76,94.18,55.64,50.00,43.20,58.00,60.81,True,True,True,True,True,149,gh/1915099
teddriggs/darling,rust,github,crates,darling_core,29.73,68.55,51.02,100,60.44,75.60,69.26,65.10,40.70,61.03,60.73,True,True,True,True,True,150,gh/89984100
mysticatea/abort-controller,typescript,github,npm,abort-controller,37.99,61.27,33.46,100,50.00,100.00,37.99,92.74,83.81,73.72,60.71,True,True,True,True,True,151,gh/105228556
eslint/doctrine,javascript,github,npm,doctrine,36.84,60.84,39.91,100,53.71,100.00,68.38,50.00,64.83,68.61,60.70,True,True,True,False,False,,gh/4286644
meinersbur/isl,c,github,cpp,isl,42.39,65.70,40.78,,44.10,98.71,91.19,77.37,69.95,83.54,60.70,True,False,True,True,False,,gh/37677854
psycopg/psycopg2,c,github,pypi,psycopg2-binary,28.51,68.19,55.41,100,62.92,78.50,76.77,50.00,39.02,58.56,60.70,True,True,True,True,True,152,gh/7730829
justmoon/node-extend,javascript,github,npm,extend,33.06,59.40,47.15,100,57.54,93.13,42.35,77.37,54.91,63.98,60.67,True,True,True,True,True,153,gh/3967764
pnggroup/libpng,c,github,cpp,libpng,38.24,64.07,51.67,,51.54,70.60,89.18,50.00,81.85,71.25,60.60,True,False,True,True,False,,gh/3768025
rustcrypto/traits,rust,github,crates,digest,44.00,74.21,52.55,100,63.35,75.36,51.33,50.00,58.37,57.97,60.60,True,True,True,True,True,154,gh/85605821
pygments/pygments,python,github,pypi,pygments,49.01,84.57,60.26,100,69.51,13.05,94.14,93.93,67.44,52.82,60.59,True,False,True,True,False,,gh/205564111
micromatch/picomatch,javascript,github,npm,picomatch,60.37,68.41,53.30,100,64.86,31.28,79.81,50.00,82.15,56.59,60.58,True,True,True,True,True,155,gh/156211895
fb55/css-select,typescript,github,npm,css-select,30.03,58.35,45.12,100,55.91,93.06,51.31,50.00,77.62,65.61,60.57,True,True,True,True,True,156,gh/3411063
googleapis/google-cloud-python,python,github,pypi,google-auth,91.95,89.52,68.35,100,79.16,19.54,74.40,50.00,63.39,46.33,60.56,True,True,False,True,False,,gh/16316451
gkz/prelude-ls,livescript,github,npm,prelude-ls,55.48,66.86,35.93,100,53.79,100.00,36.36,92.74,63.95,68.14,60.54,True,False,True,True,False,,gh/4457759
micromatch/braces,javascript,github,npm,braces,50.49,64.99,50.97,100,62.13,33.33,63.12,82.28,69.90,58.98,60.53,True,True,True,True,True,157,gh/25475303
chronotope/chrono,rust,github,crates,chrono,27.11,67.22,56.97,100,63.62,54.60,76.75,50.00,52.32,57.54,60.50,True,False,True,True,False,,gh/18210201
hukkin/tomli,python,github,pypi,tomli,55.95,79.66,46.79,100,61.64,96.05,47.33,50.00,54.59,59.35,60.48,True,False,True,True,False,,gh/370616797
tkem/cachetools,python,github,pypi,cachetools,36.14,71.61,50.94,100,61.34,84.91,47.52,50.00,62.73,59.64,60.48,True,True,True,True,True,158,gh/18006791
msgpack/msgpack-python,python,github,pypi,msgpack,28.90,68.38,52.75,100,61.38,72.95,69.29,50.00,49.60,59.50,60.43,True,True,True,True,True,159,gh/2242705
pydantic/pydantic,python,github,pypi,pydantic,53.51,78.40,64.11,100,71.66,14.61,88.55,82.28,62.91,50.87,60.38,True,True,False,True,False,,gh/90194616
rust-cli/env_logger,rust,github,crates,env_logger,44.89,74.42,52.60,100,63.49,80.81,46.47,50.00,57.38,57.29,60.31,True,True,True,True,True,160,gh/96382888
micromatch/micromatch,javascript,github,npm,micromatch,46.25,63.86,52.10,100,62.27,31.97,55.88,72.57,89.41,58.35,60.28,True,True,True,True,True,161,gh/27359938
sindresorhus/execa,javascript,github,npm,execa,48.91,64.66,49.87,100,61.28,86.18,59.85,50.00,47.84,59.27,60.27,True,True,True,True,True,162,gh/47475908
dtolnay/unicode-ident,rust,github,crates,unicode-ident,54.04,76.45,41.77,100,58.11,96.75,50.47,50.00,61.92,62.36,60.20,True,True,True,True,True,163,gh/492639579
libidn/libidn2,c,gitlab,cpp,libidn2,31.41,58.62,,,45.01,90.77,72.02,77.37,82.98,80.49,60.19,True,False,True,True,False,,gl/2882658
beatgammit/base64-js,javascript,github,npm,base64-js,48.06,64.27,41.95,100,56.40,100.00,25.27,92.74,72.52,64.21,60.18,True,True,True,True,True,164,gh/2853282
ardatan/whatwg-node,typescript,github,npm,@whatwg-node/promise-helpers,29.01,57.98,48.86,100,58.01,71.50,67.11,50.00,63.06,62.37,60.15,True,True,True,True,True,165,gh/429511342
epoberezkin/fast-deep-equal,javascript,github,npm,fast-deep-equal,56.43,67.21,38.97,100,55.75,100.00,23.74,88.15,84.56,64.86,60.13,True,True,True,True,True,166,gh/94483360
remusao/tldts,typescript,github,npm,tldts,44.92,63.60,54.15,,54.18,73.80,65.90,50.00,81.43,66.71,60.12,True,False,True,True,False,,gh/97631656
rust-lang/compiler-builtins,rust,github,crates,libm,35.23,71.16,54.88,100,63.57,57.98,81.26,50.00,44.28,56.83,60.11,True,True,True,True,True,167,gh/65153793
blakeembrey/change-case,typescript,github,npm,no-case,68.37,71.52,46.31,100,61.77,83.72,48.95,65.10,43.65,58.42,60.07,True,True,True,True,True,168,gh/9440238
burntsushi/termcolor,rust,github,crates,termcolor,44.44,74.39,48.70,100,61.10,54.01,50.10,84.42,53.21,59.05,60.07,True,True,True,True,True,169,gh/141345580
selinuxproject/selinux,c,github,cpp,libselinux,35.66,62.28,61.00,,57.99,38.44,93.54,50.00,83.29,62.21,60.06,True,False,True,True,False,,gh/20648799
burntsushi/jiff,rust,github,crates,jiff,25.41,66.59,50.85,,49.64,89.46,80.07,50.00,77.47,72.58,60.02,True,True,True,True,True,171,gh/759017108
ethers-io/ethers.js,typescript,github,npm,@ethersproject/logger,29.37,58.12,39.06,,40.23,100.00,90.38,77.37,91.99,89.56,60.02,True,True,True,True,True,170,gh/63465664
dtolnay/trybuild,rust,github,crates,trybuild,85.80,85.46,49.66,,58.65,92.20,57.90,50.00,53.27,61.41,60.01,True,True,True,True,True,172,gh/184941159
remix-run/react-router,typescript,github,npm,react-router,27.54,57.56,69.80,100,70.39,16.94,88.51,82.28,55.52,51.16,60.01,True,True,False,True,False,,gh/19872456
rustcrypto/hashes,rust,github,crates,sha2,35.48,71.26,56.62,100,64.65,33.48,81.74,85.44,41.06,55.66,59.99,True,True,True,True,True,173,gh/74106774
gregberge/svgr,typescript,github,npm,@svgr/babel-preset,51.79,65.38,53.67,100,63.92,58.79,62.38,50.00,54.28,56.17,59.92,True,True,True,True,True,174,gh/102155012
requests/requests-oauthlib,python,github,pypi,requests-oauthlib,39.57,72.53,49.27,100,60.77,61.84,57.74,56.35,60.53,59.07,59.91,True,True,True,True,True,175,gh/6825724
chalker/safer-buffer,javascript,github,npm,safer-buffer,59.98,68.35,32.67,100,52.44,100.00,29.88,92.74,79.00,68.40,59.89,True,False,True,True,False,,gh/125825141
thkukuk/rpcsvc-proto,c,github,cpp,rpcsvc-proto,59.08,78.44,35.77,,44.02,77.06,70.85,98.08,82.02,81.41,59.86,True,False,True,True,False,,gh/55140533
jquast/wcwidth,python,github,pypi,wcwidth,34.14,70.88,49.55,100,60.23,60.37,57.06,50.00,72.67,59.48,59.85,True,True,True,True,True,176,gh/18464187
inspect-js/object-inspect,javascript,github,npm,object-inspect,50.37,64.96,40.74,100,55.98,96.65,47.97,52.29,69.05,63.96,59.84,True,True,True,True,True,177,gh/11683441
vercel/ai,typescript,github,npm,ai,26.07,56.97,64.88,,59.04,25.57,91.61,72.57,78.90,60.52,59.78,True,True,False,True,False,,gh/644461337
fb55/domhandler,typescript,github,npm,domhandler,45.20,63.66,45.09,100,57.94,100.00,35.21,50.00,81.68,61.58,59.73,True,True,True,True,True,178,gh/5414232
pypa/pip,python,github,pypi,pip,47.82,75.35,64.92,100,71.27,11.84,83.41,91.99,68.71,49.98,59.68,True,True,True,True,True,179,gh/1446467
pyasn1/pyasn1,python,github,pypi,pyasn1,64.47,81.65,48.22,100,63.54,29.41,81.25,50.00,82.50,56.03,59.67,True,True,True,True,True,180,gh/512723255
pyca/pynacl,c,github,pypi,pynacl,29.30,68.54,48.29,100,58.76,29.36,78.95,72.57,80.15,60.60,59.67,True,False,True,True,False,,gh/8350032
qix-/color-convert,javascript,github,npm,color-convert,61.77,68.74,43.13,100,58.93,66.81,40.50,77.37,63.47,60.38,59.65,True,True,True,True,True,181,gh/1874305
smithy-lang/smithy-typescript,typescript,github,npm,@smithy/types,85.47,82.51,54.63,100,69.58,19.98,91.50,50.00,74.76,51.13,59.65,True,True,False,True,False,,gh/208319207
kriskowal/asap,javascript,github,npm,asap,29.13,58.01,35.93,100,50.27,70.71,46.74,88.15,85.85,70.72,59.62,True,False,True,True,False,,gh/11295071
holmgren/nettle,c,gitlab,cpp,nettle,28.79,56.71,,,42.75,84.71,90.07,87.62,71.44,83.13,59.61,True,True,True,True,True,182,gl/debian-50952
acornjs/acorn,javascript,github,npm,acorn,64.48,70.02,59.82,100,69.34,36.01,88.13,50.00,43.42,51.23,59.60,True,True,True,True,True,183,gh/5932749
guillaumegomez/doc-comment,rust,github,crates,doc-comment,56.01,77.30,28.45,100,50.40,100.00,33.94,92.74,78.41,70.48,59.60,True,True,True,True,True,184,gh/127254922
istanbuljs/test-exclude,javascript,github,npm,test-exclude,25.76,56.85,40.31,100,52.45,100.00,35.39,72.25,81.82,67.63,59.56,True,True,True,True,True,185,gh/60489570
dtolnay/ryu,rust,github,crates,ryu,26.36,66.96,42.28,100,54.70,97.99,58.72,50.00,61.18,64.77,59.52,True,True,True,True,True,186,gh/142720484
eslint-community/eslint-utils,javascript,github,npm,@eslint-community/eslint-utils,30.95,58.77,44.90,100,55.91,55.57,72.67,50.00,79.46,63.29,59.49,True,True,True,True,True,187,gh/568240379
dougwilson/nodejs-depd,javascript,github,npm,depd,39.63,61.79,26.92,100,46.29,100.00,46.48,84.42,86.88,76.41,59.47,True,False,True,True,False,,gh/20848667
micheles/decorator,python,github,pypi,decorator,32.45,70.50,48.02,100,59.11,69.69,51.59,56.35,63.20,59.82,59.46,True,False,True,True,False,,gh/14656555
pillarjs/send,javascript,github,npm,send,30.77,58.72,51.07,100,59.59,61.84,49.30,72.57,55.95,59.32,59.45,True,True,True,True,True,188,gh/4879977
hiddentao/fast-levenshtein,javascript,github,npm,fast-levenshtein,32.05,59.05,36.29,100,50.88,100.00,35.60,88.15,73.79,69.37,59.41,True,False,True,True,False,,gh/9490451
doowb/ansi-colors,javascript,github,npm,ansi-colors,31.31,58.86,39.16,100,52.51,82.46,34.07,92.74,78.05,67.15,59.38,True,True,True,True,True,189,gh/47135420
jonschlinkert/get-value,javascript,github,npm,get-value,32.24,59.10,34.32,100,49.73,70.71,53.51,100.00,66.37,70.79,59.33,True,True,True,True,True,190,gh/24911025
gyscos/zstd-rs,rust,github,crates,zstd-sys,26.48,66.98,50.47,100,59.63,69.76,55.44,50.00,62.69,59.01,59.32,True,False,True,True,False,,gh/52115335
pypa/wheel,python,github,pypi,wheel,48.19,75.89,54.12,100,64.88,69.72,55.31,72.57,30.89,54.22,59.31,True,True,True,True,True,191,gh/98346885
rust-num/num-traits,rust,github,crates,num-traits,41.98,73.56,50.82,100,62.05,56.50,46.25,56.35,70.09,56.68,59.30,True,False,True,True,False,,gh/114705611
executablebooks/mdurl,python,github,pypi,mdurl,40.56,72.82,28.69,100,48.55,93.86,56.15,81.11,64.13,72.36,59.27,True,False,True,True,False,,gh/387293763
radix-ui/primitives,typescript,github,npm,@radix-ui/react-compose-refs,72.86,73.02,53.92,100,66.94,22.35,74.46,56.35,80.41,52.40,59.23,True,True,False,True,False,,gh/273499522
aio-libs/aiobotocore,python,github,pypi,aiobotocore,51.29,77.53,54.15,100,65.37,68.35,62.54,50.00,38.75,53.65,59.22,True,True,True,True,True,192,gh/36618494
sboudrias/inquirer.js,typescript,github,npm,inquirer,54.03,66.22,60.71,100,68.45,81.90,82.17,50.00,20.44,51.21,59.21,True,True,True,True,True,193,gh/10114077
boto/boto3,python,github,pypi,boto3,74.79,84.24,63.30,100,73.88,89.98,54.83,50.00,20.46,47.40,59.18,True,True,False,True,False,,gh/24774658
textualize/rich,python,github,pypi,rich,38.61,72.14,57.80,100,65.76,35.50,78.09,50.00,58.07,53.26,59.18,True,True,True,True,True,194,gh/220809393
pcre2project/pcre2,c,github,cpp,pcre,38.71,64.25,50.48,,50.73,34.45,93.07,88.35,79.27,68.84,59.10,True,False,True,True,False,,gh/398251321
gkz/optionator,livescript,github,npm,optionator,33.67,59.64,35.70,100,50.75,86.90,50.24,72.25,71.09,68.81,59.09,True,False,True,True,False,,gh/13435927
postcss/postcss-selector-parser,javascript,github,npm,postcss-selector-parser,57.78,67.75,48.93,100,61.91,30.00,72.19,72.25,64.68,56.40,59.09,True,True,True,True,True,195,gh/36500102
micromatch/to-regex-range,javascript,github,npm,to-regex-range,62.40,69.09,32.11,100,52.41,100.00,41.28,79.51,59.55,66.49,59.03,True,True,True,True,True,196,gh/40355891
sinonjs/fake-timers,javascript,github,npm,@sinonjs/fake-timers,29.17,58.02,54.57,100,61.46,56.92,70.42,50.00,51.43,56.66,59.01,True,True,True,True,True,197,gh/16523712
python/typing_extensions,python,github,pypi,typing-extensions,95.04,92.68,53.08,100,70.62,31.48,68.19,50.00,54.88,49.26,58.98,True,True,True,True,True,198,gh/494077289
kilian/electron-to-chromium,javascript,github,npm,electron-to-chromium,40.49,62.01,55.01,100,63.26,99.88,29.29,50.00,62.44,54.97,58.97,True,True,True,True,True,199,gh/78972540
ffmpeg/ffmpeg,c,github,cpp,ffmpeg,25.94,55.36,67.68,,60.92,15.71,97.97,99.76,69.02,57.06,58.96,True,True,True,True,True,200,gh/1614410
webpack/loader-utils,javascript,github,npm,loader-utils,40.71,62.06,53.91,100,62.62,68.86,53.46,85.44,30.21,55.52,58.96,True,True,True,False,False,,gh/6503675
taiki-e/pin-project-lite,rust,github,crates,pin-project-lite,34.24,70.80,41.72,100,55.54,89.39,50.25,50.00,67.92,62.50,58.92,True,True,True,True,True,201,gh/216847853
cuviper/autocfg,rust,github,crates,autocfg,38.82,72.21,41.10,100,55.76,80.25,33.22,79.51,70.78,62.24,58.91,True,False,True,True,False,,gh/135481335
epoberezkin/fast-json-stable-stringify,javascript,github,npm,fast-json-stable-stringify,35.76,60.54,35.45,100,50.90,100.00,32.68,95.73,69.01,68.16,58.90,True,True,True,True,True,202,gh/108103016
python-jsonschema/jsonschema,python,github,pypi,jsonschema,37.01,71.95,53.17,100,62.80,82.70,64.03,50.00,35.17,55.24,58.90,True,True,True,True,True,203,gh/3072629
tokio-rs/prost,rust,github,crates,prost,29.09,68.34,51.61,100,60.71,29.11,77.36,82.28,57.48,57.13,58.89,True,True,True,True,True,204,gh/94262864
eslint/js,javascript,github,npm,eslint-visitor-keys,69.96,71.96,59.10,100,69.65,20.37,91.75,50.00,65.48,49.74,58.86,True,True,True,True,True,205,gh/27620277
jsdom/tr46,javascript,github,npm,tr46,43.20,63.06,37.82,100,53.32,86.24,51.82,79.51,49.97,64.91,58.83,True,True,True,True,True,206,gh/36964214
rich-harris/estree-walker,javascript,github,npm,estree-walker,29.78,58.24,39.89,100,52.74,62.27,45.20,96.48,68.10,65.58,58.81,True,False,True,True,False,,gh/33668779
jonschlinkert/is-number,javascript,github,npm,is-number,65.52,70.56,32.83,100,53.31,100.00,24.62,92.74,77.46,64.85,58.80,True,True,True,True,True,207,gh/24313173
assert-rs/snapbox,rust,github,crates,snapbox,34.97,71.09,47.15,,48.62,95.13,67.18,50.00,79.95,71.09,58.79,True,True,True,True,True,208,gh/424722460
rvagg/through2,javascript,github,npm,through2,29.25,58.07,45.32,100,55.92,100.00,21.28,86.45,79.13,61.77,58.77,True,False,True,True,False,,gh/11808187
loganfsmyth/gensync,javascript,github,npm,gensync,27.24,57.45,29.43,100,46.13,100.00,40.57,99.57,77.58,74.82,58.75,True,False,True,True,False,,gh/132383032
juliangruber/brace-expansion,typescript,github,npm,brace-expansion,72.47,73.02,51.11,100,65.22,70.29,42.72,72.57,35.90,52.89,58.73,True,True,True,True,True,209,gh/13539234
facebook/prop-types,javascript,github,npm,prop-types,30.24,58.42,50.37,100,59.09,63.71,52.18,50.00,69.53,58.31,58.70,True,True,True,False,False,,gh/87597642
lddubeau/xmlchars,typescript,github,npm,xmlchars,28.11,57.73,31.10,100,47.24,96.08,48.52,84.42,71.74,72.89,58.68,True,False,True,False,False,,gh/139881982
smithy-lang/smithy-rs,rust,github,crates,aws-smithy-types,30.38,68.73,56.41,100,63.76,16.58,81.61,72.57,86.22,53.94,58.64,True,True,False,True,False,,gh/308027791
jaredwray/keyv,typescript,github,npm,keyv,41.55,62.48,55.14,100,63.49,89.44,63.44,50.00,30.19,54.10,58.61,True,False,True,True,False,,gh/96540810
epoberezkin/json-schema-traverse,javascript,github,npm,json-schema-traverse,52.81,65.89,31.00,100,50.47,100.00,34.23,82.28,75.62,67.93,58.55,True,True,True,True,True,211,gh/93333933
gweis/isodate,python,github,pypi,isodate,42.48,73.69,42.70,100,57.24,43.74,49.62,75.56,78.50,59.90,58.55,True,True,True,True,True,210,gh/6449370
krb5/krb5,c,github,cpp,krb5,29.89,57.99,56.45,0,42.66,65.60,93.78,96.12,70.01,80.21,58.50,True,True,True,True,True,212,gh/4307702
browserslist/caniuse-lite,javascript,github,npm,caniuse-lite,42.36,62.80,61.51,100,67.42,69.36,51.74,50.00,36.90,50.73,58.48,False,True,True,True,False,,gh/80221890
estools/esquery,javascript,github,npm,esquery,26.99,57.39,44.45,100,55.11,38.87,67.82,72.25,77.85,62.05,58.48,True,False,True,True,False,,gh/11412938
mitsuhiko/insta,rust,github,crates,insta,30.05,68.60,54.15,,52.94,64.59,76.68,50.00,70.27,64.59,58.48,True,True,True,True,True,213,gh/165561258
ljharb/get-intrinsic,javascript,github,npm,get-intrinsic,72.09,72.75,36.16,100,56.18,100.00,35.78,65.10,58.82,60.84,58.46,True,True,True,True,True,214,gh/308516559
fb55/nth-check,typescript,github,npm,nth-check,26.59,57.22,46.01,100,55.99,100.00,31.21,72.57,61.14,61.00,58.44,True,True,True,True,True,215,gh/16864923
mathiasbynens/cssesc,html,github,npm,cssesc,49.02,64.67,25.09,100,46.42,100.00,40.36,92.74,78.12,73.54,58.43,True,True,True,True,True,216,gh/12001360
feross/buffer,javascript,github,npm,buffer,52.04,65.56,52.80,100,63.44,22.31,64.02,72.25,81.15,53.79,58.42,True,True,True,True,True,217,gh/14494363
jshttp/cookie,typescript,github,npm,cookie,41.01,62.18,53.19,100,62.23,62.66,53.33,72.57,37.21,54.81,58.40,True,True,True,True,True,218,gh/4475810
medikoo/type,javascript,github,npm,type,40.42,61.96,25.75,100,45.69,91.65,52.56,75.56,84.80,74.54,58.36,True,True,True,True,True,219,gh/177198492
broofa/mime,typescript,github,npm,mime,39.20,61.64,48.87,100,59.41,93.03,45.02,72.25,35.58,57.28,58.34,True,True,True,True,True,220,gh/534940
defunctzombie/node-process,javascript,github,npm,process,41.71,62.55,36.09,100,52.08,100.00,25.88,92.74,75.83,65.32,58.33,True,False,True,True,False,,gh/7580644
fsevents/fsevents,c,github,npm,fsevents,26.27,57.07,51.22,100,59.07,64.03,32.39,84.42,62.74,57.57,58.32,True,True,True,True,True,221,gh/1402936
aio-libs/yarl,python,github,pypi,yarl,36.35,71.62,55.55,100,64.13,42.41,68.11,50.00,54.50,52.97,58.28,True,True,True,True,True,222,gh/64756820
yargs/y18n,javascript,github,npm,y18n,42.19,62.74,51.73,100,61.53,70.71,27.62,72.57,65.50,55.20,58.28,True,True,True,True,True,223,gh/39720886
cloudflare/cloudflare-python,python,github,pypi,cloudflare,27.75,67.84,43.93,,44.90,91.11,83.22,50.00,86.00,75.56,58.25,True,True,False,True,False,,gh/753271547
ipython/traitlets,python,github,pypi,traitlets,34.92,71.09,51.88,100,61.73,35.55,69.93,50.00,73.36,54.95,58.24,True,True,True,True,True,224,gh/14993021
p11-glue/p11-kit,c,github,cpp,p11-kit,25.26,54.70,50.89,,48.16,39.10,88.42,82.28,86.03,70.33,58.20,True,False,True,True,False,,gh/12060420
crate-py/rpds,rust,github,pypi,rpds-py,36.79,71.87,47.33,100,59.26,76.88,54.37,50.00,51.00,57.14,58.19,True,True,True,True,True,225,gh/608018848
jsdom/webidl-conversions,javascript,github,npm,webidl-conversions,49.91,64.91,38.11,100,54.35,91.72,45.02,59.34,61.29,62.25,58.17,True,True,True,True,True,226,gh/23000311
chalk/chalk,javascript,github,npm,chalk,76.10,73.49,52.02,100,66.17,63.15,53.22,72.57,27.82,51.04,58.11,True,True,True,True,True,227,gh/11855195
formatjs/formatjs,typescript,github,npm,@formatjs/fast-memoize,36.60,60.77,64.17,0,48.24,79.12,87.15,50.00,69.37,69.93,58.08,True,True,True,True,True,228,gh/19117456
burntsushi/same-file,rust,github,crates,same-file,25.64,66.65,39.53,100,52.95,84.98,26.60,92.74,77.94,63.58,58.02,True,True,True,True,True,229,gh/78375612
ajv-validator/ajv-keywords,typescript,github,npm,ajv-keywords,39.27,61.65,38.56,100,53.23,83.89,48.41,50.00,78.66,63.22,58.01,True,True,True,True,True,230,gh/60477053
mathiasbynens/punycode.js,javascript,github,npm,punycode,64.24,69.95,45.85,100,60.93,58.50,41.82,79.51,47.62,55.17,57.98,True,True,True,True,True,231,gh/2755924
gnutls/libtasn1,c,gitlab,cpp,libtasn1,26.08,55.38,,,40.73,86.69,81.26,79.51,82.51,82.45,57.95,True,False,True,True,False,,gl/919981
isaacs/node-lru-cache,javascript,github,npm,lru-cache,67.47,71.01,54.45,100,66.52,92.18,58.56,50.00,24.07,50.49,57.95,True,True,True,True,True,232,gh/679662
fitzgen/glob-to-regexp,javascript,github,npm,glob-to-regexp,26.77,57.32,29.38,100,46.04,100.00,42.06,95.73,70.14,72.90,57.93,True,False,True,False,False,,gh/11461122
numpy/numpy,python,github,pypi,numpy,67.48,94.40,71.33,100,78.99,5.82,95.72,91.99,63.33,42.44,57.90,True,True,True,True,True,233,gh/908607
fb55/domutils,typescript,github,npm,domutils,35.88,60.56,44.91,100,56.59,93.05,43.71,50.00,59.91,59.08,57.82,True,True,True,True,True,234,gh/6627949
dtolnay/indoc,rust,github,crates,indoc,31.61,69.53,42.48,100,55.60,98.44,41.56,50.00,63.45,60.02,57.77,True,True,True,True,True,235,gh/54252316
azure/msrest-for-python,python,github,pypi,msrest,29.03,68.45,44.94,100,56.71,32.47,67.34,65.10,84.15,58.83,57.76,True,False,True,False,False,,gh/71186468
ljharb/object.assign,javascript,github,npm,object.assign,37.16,60.91,39.30,100,53.39,100.00,39.93,65.10,58.26,62.38,57.71,True,True,True,True,True,237,gh/17755831
nvzqz/static-assertions,rust,github,crates,static_assertions,41.22,73.37,30.67,100,49.86,100.00,26.73,84.42,88.25,66.80,57.71,True,True,True,True,True,236,gh/100129252
jmespath/jmespath.py,python,github,pypi,jmespath,72.09,83.87,46.88,100,63.72,40.39,54.89,50.00,67.09,52.22,57.68,True,False,True,True,False,,gh/8300763
sval-rs/sval,rust,github,crates,sval,52.23,75.90,39.32,,45.51,97.68,78.87,50.00,73.37,72.91,57.60,True,False,True,True,False,,gh/157205610
nghttp2/nghttp2,c++,github,cpp,nghttp2,33.58,60.11,54.71,100,62.19,94.52,95.01,91.02,9.88,53.31,57.58,True,True,True,True,True,238,gh/11452676
joshuakgoldberg/ts-api-utils,typescript,github,npm,ts-api-utils,27.17,57.41,44.26,100,55.01,43.17,72.81,50.00,83.32,60.16,57.53,True,True,True,True,True,239,gh/597893818
open-telemetry/opentelemetry-js,typescript,github,npm,@opentelemetry/semantic-conventions,66.34,70.71,63.20,100,71.62,12.01,87.29,72.57,59.62,46.15,57.49,True,True,True,True,True,240,gh/185901023
felixge/node-combined-stream,javascript,github,npm,combined-stream,36.78,60.80,34.84,100,50.66,100.00,23.84,95.73,79.25,65.21,57.48,True,False,True,True,False,,gh/1787452
chalk/wrap-ansi,javascript,github,npm,wrap-ansi,55.79,67.05,39.06,100,55.72,74.41,42.69,72.57,53.43,59.24,57.45,True,True,True,True,True,241,gh/41053676
pallets/itsdangerous,python,github,pypi,itsdangerous,29.72,68.71,47.94,100,58.61,91.40,44.34,50.00,49.35,56.23,57.41,True,True,True,True,True,242,gh/1945034
oozcitak/xmlbuilder-js,coffeescript,github,npm,xmlbuilder,28.38,57.78,46.41,100,56.46,100.00,14.28,92.74,87.38,58.32,57.38,True,True,True,True,True,243,gh/1042809
c-ares/c-ares,c,github,cpp,c-ares,27.13,56.08,51.90,0,39.46,84.82,82.53,96.12,71.53,83.29,57.33,True,False,True,True,False,,gh/571708
azure/azure-sdk-for-python,python,github,pypi,azure-core,82.50,85.74,62.83,100,74.52,6.90,95.93,82.28,69.28,44.07,57.31,True,True,False,True,False,,gh/4127088
indexmap-rs/indexmap,rust,github,crates,indexmap,36.00,71.33,50.77,100,61.20,76.33,50.37,50.00,43.00,53.62,57.28,True,False,True,True,False,,gh/68294628
browserslist/update-db,javascript,github,npm,update-browserslist-db,36.42,60.69,46.61,100,57.68,83.71,37.59,86.45,38.28,56.81,57.24,True,True,True,True,True,244,gh/505548145
inspect-js/is-callable,javascript,github,npm,is-callable,45.77,63.72,41.05,100,55.58,100.00,29.52,56.35,72.57,58.94,57.24,True,True,True,True,True,245,gh/30012910
browserify/node-util,javascript,github,npm,util,29.95,58.26,42.88,100,54.55,39.28,58.91,79.51,70.65,60.04,57.23,True,True,True,True,True,246,gh/14568009
gsnedders/python-webencodings,python,github,pypi,webencodings,29.58,68.68,28.79,100,47.10,100.00,33.10,82.28,85.72,69.51,57.22,True,False,True,True,False,,gh/7043404
ljharb/define-data-property,javascript,github,npm,define-data-property,47.34,64.08,29.11,100,48.61,100.00,43.38,65.10,72.74,67.32,57.21,True,True,True,True,True,248,gh/689109338
unicode-org/icu,c++,github,cpp,icu,33.86,60.21,57.04,100,63.63,11.60,97.43,91.02,68.00,51.43,57.21,True,True,True,True,True,247,gh/49244766
stream-utils/raw-body,javascript,github,npm,raw-body,31.13,58.82,45.43,100,56.25,91.62,45.77,50.00,54.57,58.16,57.20,True,False,True,True,False,,gh/12823654
xorg/lib/libx11,c,gitlab,cpp,libx11,40.69,64.75,,,52.72,32.08,91.25,93.93,53.16,61.83,57.09,True,True,True,True,True,249,gl/freedesktop-701
angular/angular-cli,typescript,github,npm,@angular-devkit/core,25.07,56.63,67.95,100,68.94,31.63,88.27,50.00,35.65,47.23,57.06,True,True,False,True,False,,gh/36891867
boto/s3transfer,python,github,pypi,s3transfer,62.58,81.52,50.33,100,64.61,35.21,51.86,50.00,70.52,50.37,57.05,True,True,False,True,False,,gh/49535299
joblib/joblib,python,github,pypi,joblib,27.04,67.54,55.03,100,62.48,19.86,72.27,72.57,70.52,52.06,57.03,True,False,True,True,False,,gh/654608
firebase/firebase-js-sdk,typescript,github,npm,@firebase/util,52.55,65.70,58.79,,58.87,13.18,97.91,82.28,87.40,55.19,57.00,True,True,False,True,False,,gh/89290483
nodejs/node,javascript,github,cpp,nodejs,32.81,59.28,75.84,100,74.71,4.47,99.52,98.54,81.58,43.49,57.00,True,True,True,True,True,250,gh/27193779
isaacs/node-glob,typescript,github,npm,glob,63.05,69.29,56.08,100,66.88,92.02,61.39,72.57,13.54,48.54,56.98,True,True,True,True,True,251,gh/357681
mathiasbynens/jsesc,javascript,github,npm,jsesc,48.80,64.58,39.09,100,54.79,79.06,20.65,92.74,81.05,59.19,56.95,True,True,True,True,True,252,gh/10498729
tehshrike/deepmerge,javascript,github,npm,deepmerge,30.86,58.76,46.28,100,56.73,57.04,29.93,100.00,62.49,57.15,56.94,True,False,True,True,False,,gh/3276413
eslint/rewrite,javascript,github,npm,@eslint/core,45.67,63.72,51.95,,52.64,31.58,76.51,82.28,71.97,61.50,56.90,True,True,True,True,True,253,gh/791446923
webreflection/flatted,javascript,github,npm,flatted,35.94,60.58,48.28,100,58.62,92.92,37.83,50.00,52.61,55.14,56.85,True,True,True,True,True,254,gh/131121620
tox-dev/filelock,python,github,pypi,filelock,46.39,74.76,54.64,100,64.90,55.43,41.93,72.57,35.92,49.61,56.74,True,True,True,True,True,255,gh/17098256
python/mypy,python,github,pypi,mypy,34.53,70.95,65.58,100,69.90,12.27,90.87,50.00,80.61,46.04,56.73,True,True,True,True,True,256,gh/7053637
hapijs/hoek,javascript,github,npm,@hapi/hoek,33.93,59.81,52.47,100,60.86,24.43,66.92,75.56,63.21,52.86,56.72,True,True,True,True,True,257,gh/5831189
rust-phf/rust-phf,rust,github,crates,phf_shared,33.06,70.55,47.79,100,59.04,67.47,57.82,50.00,45.12,54.47,56.71,True,True,True,True,True,258,gh/15992970
la10736/rstest,rust,github,crates,rstest,25.07,66.41,49.53,,48.58,83.53,60.67,50.00,75.64,66.17,56.70,True,False,True,True,False,,gh/124802455
davisjam/safe-regex,javascript,github,npm,safe-regex,27.02,57.40,30.57,100,46.78,100.00,33.44,84.42,78.88,68.69,56.69,True,False,True,True,False,,gh/90781457
gkz/levn,livescript,github,npm,levn,36.97,60.89,26.78,100,45.85,100.00,34.53,95.73,72.86,70.05,56.67,True,False,True,True,False,,gh/13287279
typescript-eslint/typescript-eslint,typescript,github,npm,@typescript-eslint/types,80.67,75.93,68.98,100,77.05,11.09,89.66,50.00,60.71,41.68,56.67,True,True,True,True,True,259,gh/165536154
istanbuljs/istanbuljs,javascript,github,npm,istanbul-lib-coverage,62.61,69.19,50.98,100,63.77,21.35,63.02,65.10,73.02,50.29,56.63,True,True,True,True,True,260,gh/81482340
jslicense/spdx-expression-parse.js,javascript,github,npm,spdx-expression-parse,37.73,61.18,34.54,100,50.61,100.00,25.98,86.45,71.01,63.19,56.55,True,False,True,True,False,,gh/40067336
css-modules/icss-utils,javascript,github,npm,icss-utils,33.16,59.47,34.86,100,50.18,100.00,29.23,95.73,58.88,63.71,56.54,True,False,True,True,False,,gh/42766912
jonschlinkert/extend-shallow,javascript,github,npm,extend-shallow,46.64,63.97,25.75,100,46.51,100.00,30.78,95.73,75.51,68.68,56.52,True,True,True,True,True,261,gh/25867410
pytest-dev/pluggy,python,github,pypi,pluggy,45.72,74.66,52.06,100,63.27,35.25,57.95,50.00,63.57,50.48,56.51,True,True,True,True,True,262,gh/34739117
kriszyp/json-schema,javascript,github,npm,json-schema,27.73,57.64,44.85,100,55.45,88.39,47.01,79.51,33.27,57.58,56.50,True,False,True,True,False,,gh/947175
chalk/supports-color,javascript,github,npm,supports-color,69.32,71.72,46.08,100,61.75,61.66,48.36,72.57,32.86,51.64,56.47,True,True,True,True,True,264,gh/11855007
medikoo/es6-symbol,javascript,github,npm,es6-symbol,28.26,57.76,37.89,100,51.34,100.00,38.12,72.25,54.08,62.12,56.47,True,True,True,True,True,263,gh/14423385
scipy/scipy,python,github,pypi,scipy,38.38,72.11,67.94,100,71.81,7.12,96.36,85.44,66.27,44.40,56.47,True,True,True,True,True,265,gh/1460385
isaacs/minizlib,javascript,github,npm,minizlib,27.81,57.66,39.39,100,52.18,76.16,51.68,88.15,40.02,61.04,56.44,True,True,True,True,True,266,gh/86429676
pytest-dev/pytest,python,github,pypi,pytest,59.02,80.95,66.94,100,74.16,14.21,77.81,50.00,61.25,42.90,56.40,True,True,True,True,True,267,gh/37489525
tim-kos/node-retry,javascript,github,npm,retry,31.82,58.97,40.77,100,53.54,66.33,32.59,84.42,68.32,59.42,56.40,True,False,True,True,False,,gh/1738798
yargs/yargs-parser,javascript,github,npm,yargs-parser,50.96,65.11,52.48,100,63.09,33.14,52.75,50.00,73.92,50.42,56.40,True,True,True,True,True,268,gh/50258379
ai/nanoid,javascript,github,npm,nanoid,40.05,61.87,60.71,100,66.62,79.04,30.82,82.28,25.83,47.70,56.37,True,True,True,True,True,269,gh/99401299
apache/airflow,python,github,pypi,apache-airflow,43.40,74.45,75.02,100,76.80,4.84,92.67,99.03,65.94,41.37,56.37,True,True,True,True,True,270,gh/33884891
emotion-js/emotion,javascript,github,npm,@emotion/memoize,61.36,68.71,56.06,100,66.64,17.07,84.51,50.00,71.44,47.64,56.34,True,True,True,True,True,271,gh/92570536
microsoft/typescript,typescript,github,npm,typescript,34.73,60.08,65.00,100,68.48,11.76,98.56,50.00,79.67,46.35,56.34,True,True,False,True,False,,gh/20929025
rust-lang-deprecated/tempdir,rust,github,crates,tempdir,31.42,69.41,37.40,100,52.52,100.00,28.65,79.51,58.47,60.41,56.33,True,False,True,False,False,,gh/31728565
typeshed-internal/stub_uploader,python,github,pypi,types-python-dateutil,34.33,70.93,47.58,100,59.07,94.02,37.97,50.00,46.01,53.53,56.23,True,False,True,True,False,,gh/331669593
yahoo/serialize-javascript,javascript,github,npm,serialize-javascript,30.50,58.66,53.70,100,61.14,36.42,46.81,72.57,57.68,51.69,56.22,True,True,False,True,False,,gh/24106944
qix-/node-error-ex,coffeescript,github,npm,error-ex,27.13,57.41,37.28,100,50.82,100.00,28.47,92.74,56.54,62.16,56.20,True,True,True,True,True,272,gh/41388258
es-shims/regexp.prototype.flags,javascript,github,npm,regexp.prototype.flags,26.91,57.35,38.32,100,51.42,100.00,30.98,65.10,70.14,61.33,56.16,True,True,True,True,True,273,gh/26932422
isaacs/cliui,typescript,github,npm,@isaacs/cliui,29.87,58.24,43.90,100,55.15,75.51,39.65,65.10,54.46,57.08,56.11,True,True,True,True,True,274,gh/634056857
tritondatacenter/node-assert-plus,javascript,github,npm,assert-plus,44.18,63.44,29.05,100,48.19,100.00,27.19,82.28,80.73,65.19,56.05,True,False,True,True,False,,gh/4767976
jshttp/http-errors,javascript,github,npm,http-errors,42.28,62.77,46.29,100,58.28,68.27,47.34,50.00,52.07,53.86,56.03,True,True,True,True,True,275,gh/23806086
bytecodealliance/wasi-rs,rust,github,crates,wasi,26.73,67.11,44.80,100,56.26,34.34,71.89,50.00,78.20,55.74,56.00,True,True,True,True,True,277,gh/196445196
dtolnay/rustversion,rust,github,crates,rustversion,69.32,83.03,37.05,100,57.46,99.07,49.28,50.00,36.36,54.58,56.00,True,True,True,True,True,276,gh/183990447
dcodeio/long.js,javascript,github,npm,@xtuc/long,49.80,64.85,45.05,100,58.50,82.67,59.54,84.42,19.80,53.56,55.98,True,True,True,True,True,278,gh/8678904
autotools-mirror/m4,c,github,cpp,m4,34.14,60.23,40.79,,42.39,79.64,71.94,81.11,63.54,73.71,55.90,True,True,True,True,True,280,gh/66880383
git/git,c,github,cpp,git,28.61,56.61,73.35,,65.67,8.70,95.89,97.57,63.00,47.59,55.90,True,True,True,True,True,279,gh/36502
jsdom/whatwg-url,javascript,github,npm,whatwg-url,41.95,62.68,46.57,100,58.40,90.91,57.84,50.00,30.95,53.41,55.85,True,True,True,True,True,281,gh/34761352
sindresorhus/get-east-asian-width,javascript,github,npm,get-east-asian-width,64.73,70.23,35.11,100,54.56,70.71,54.78,52.29,52.27,57.04,55.79,True,True,True,True,True,282,gh/711160838
webpack/enhanced-resolve,javascript,github,npm,enhanced-resolve,28.07,57.73,54.12,100,61.05,31.55,69.79,50.00,61.09,50.93,55.76,True,True,True,True,True,283,gh/5400204
withoutboats/heck,rust,github,crates,heck,27.24,67.35,38.45,100,52.53,64.82,44.57,82.28,51.53,59.16,55.75,True,True,True,True,True,284,gh/86326466
feross/safe-buffer,javascript,github,npm,safe-buffer,76.98,74.22,39.01,100,58.53,100.00,15.62,79.51,63.94,53.08,55.74,True,True,True,True,True,285,gh/49538897
jaraco/zipp,python,github,pypi,zipp,52.92,78.36,50.63,100,63.51,85.01,34.10,72.57,27.14,48.88,55.72,True,True,True,True,True,286,gh/157774633
gmp-mirror/gmp,c,github,cpp,gmp,51.90,72.81,37.30,,43.56,42.28,92.61,92.74,70.96,71.25,55.71,True,True,True,True,True,287,gh/681340775
rollup/plugins,javascript,github,npm,@rollup/pluginutils,30.42,58.56,64.76,100,67.75,30.93,83.11,50.00,34.26,45.81,55.71,True,True,True,True,True,288,gh/203607977
bitflags/bitflags,rust,github,crates,bitflags,38.52,72.07,54.12,100,63.53,76.88,48.73,50.00,30.29,48.81,55.69,True,False,True,True,False,,gh/29287955
python/importlib_metadata,python,github,pypi,importlib-metadata,59.88,80.97,55.04,100,67.11,80.25,37.73,50.00,30.01,46.17,55.66,True,True,True,True,True,289,gh/306448340
rust-random/rand,rust,github,crates,rand,73.44,83.36,55.33,100,68.88,29.93,58.24,72.57,32.28,44.95,55.64,True,True,True,True,True,290,gh/30227790
laurent-laporte-pro/deprecated,python,github,pypi,deprecated,27.63,67.76,45.62,100,56.91,67.71,44.36,53.68,54.03,54.33,55.61,True,False,True,True,False,,gh/111412148
python-poetry/tomlkit,python,github,pypi,tomlkit,29.85,68.77,44.73,100,56.70,68.18,71.34,52.29,34.53,54.44,55.56,True,True,True,True,True,291,gh/140365570
sindresorhus/normalize-url,javascript,github,npm,normalize-url,27.35,57.49,52.73,100,60.12,76.43,44.70,72.57,27.99,51.33,55.55,True,True,True,True,True,292,gh/29094022
fsspec/s3fs,python,github,pypi,s3fs,44.06,74.46,53.41,100,63.90,30.21,66.48,50.00,53.96,48.25,55.53,True,True,True,True,True,293,gh/53987953
apache/arrow,c++,github,pypi,pyarrow,35.93,85.03,68.78,100,73.36,4.42,95.37,87.62,84.27,42.00,55.51,True,True,True,True,True,294,gh/51905353
ljharb/es-to-primitive,javascript,github,npm,es-to-primitive,25.73,56.84,33.72,100,48.49,100.00,36.76,59.34,74.73,63.54,55.51,True,True,True,True,True,295,gh/32377814
alexei/sprintf.js,javascript,github,npm,sprintf-js,33.56,59.62,39.77,100,53.18,74.54,21.24,100.00,70.36,57.77,55.43,True,False,True,True,False,,gh/9175790
azure/azure-sdk-for-js,typescript,github,npm,@azure/abort-controller,37.86,61.23,64.38,100,68.54,12.93,93.87,72.57,45.80,44.82,55.43,True,True,False,True,False,,gh/108311273
pallets/click,python,github,pypi,click,50.29,77.27,60.64,100,69.14,21.07,74.97,50.00,49.24,44.41,55.41,True,True,True,True,True,296,gh/19103692
expressjs/serve-static,javascript,github,npm,serve-static,26.70,57.27,50.27,100,58.56,58.12,36.10,72.57,49.57,52.41,55.40,True,True,True,True,True,297,gh/17464338
jestjs/jest,typescript,github,npm,@jest/types,87.12,84.55,65.86,100,76.68,30.43,84.70,50.00,19.90,40.02,55.40,True,True,True,True,True,298,gh/15062869
jshttp/on-finished,javascript,github,npm,on-finished,36.30,60.65,43.55,100,55.82,86.52,37.41,50.00,56.36,54.96,55.39,True,True,True,True,True,299,gh/15349765
ljharb/object-keys,javascript,github,npm,object-keys,47.44,64.13,34.89,100,52.09,100.00,40.36,52.29,56.52,58.77,55.33,True,True,True,True,True,300,gh/9103992
vorner/signal-hook,rust,github,crates,signal-hook-registry,27.90,67.68,49.88,100,59.49,58.60,39.54,52.29,57.77,51.44,55.32,True,False,True,True,False,,gh/137260008
webpack/webpack-sources,javascript,github,npm,webpack-sources,29.54,58.17,47.50,100,57.27,63.30,67.43,50.00,38.13,53.41,55.31,True,True,True,True,True,301,gh/48954523
indygreg/python-zstandard,c,github,pypi,zstandard,37.92,72.07,49.09,0,40.45,85.22,85.75,53.68,83.32,75.61,55.30,True,True,True,True,True,302,gh/67307930
exodusoss/bytes,javascript,github,npm,@exodus/bytes,32.53,59.16,39.59,,41.15,99.72,73.37,50.00,83.26,74.29,55.29,True,False,True,True,False,,gh/885154008
broofa/node-int64,javascript,github,npm,node-int64,37.28,60.97,31.48,100,48.71,100.00,29.22,95.73,55.21,62.69,55.26,True,True,True,False,False,,gh/1208666
srijs/rust-crc32fast,rust,github,crates,crc32fast,25.88,66.81,40.53,100,53.59,87.68,28.13,75.56,56.55,56.98,55.26,True,False,True,True,False,,gh/157348282
serde-rs/bytes,rust,github,crates,serde_bytes,26.86,67.12,42.80,100,55.08,88.64,31.16,50.00,68.03,55.36,55.22,True,True,True,True,True,303,gh/87358441
isaacs/chownr,javascript,github,npm,chownr,32.82,59.30,33.01,100,49.02,84.98,31.54,95.73,58.29,62.19,55.21,True,True,True,True,True,304,gh/3858354
more-itertools/more-itertools,python,github,pypi,more-itertools,37.24,72.01,55.57,100,64.27,29.35,66.23,50.00,51.80,47.37,55.18,True,False,True,True,False,,gh/4144530
rustcrypto/stream-ciphers,rust,github,crates,chacha20,32.20,69.91,47.69,100,58.82,37.67,45.78,72.57,56.55,51.58,55.08,True,True,True,True,True,305,gh/83051505
chalk/ansi-regex,javascript,github,npm,ansi-regex,78.98,75.18,53.25,100,67.37,59.30,21.06,82.28,39.92,45.00,55.06,True,True,True,True,True,306,gh/20451415
watson/ci-info,javascript,github,npm,ci-info,45.10,63.62,47.91,100,59.62,57.30,32.93,86.45,40.97,50.84,55.06,True,True,True,True,True,307,gh/71475907
debian/gdbm,c,gitlab,cpp,gdbm,27.61,56.26,,,41.94,83.20,84.08,59.34,65.29,72.15,55.01,True,True,True,True,True,308,gl/debian-32157
composefs/tar-rs,rust,github,crates,tar,47.79,75.12,46.92,100,60.44,15.84,69.37,82.28,69.19,50.01,54.98,True,False,True,True,False,,gh/21946092
encode/httpcore,python,github,pypi,httpcore,30.28,68.90,50.35,100,60.13,55.38,58.61,50.00,39.35,50.27,54.98,True,True,True,True,True,309,gh/237210639
es-shims/array-includes,javascript,github,npm,array-includes,25.30,56.71,38.19,100,51.11,100.00,28.59,65.10,65.61,59.11,54.96,True,True,True,True,True,310,gh/28753032
jonschlinkert/normalize-path,javascript,github,npm,normalize-path,48.37,64.36,29.04,100,48.70,100.00,29.85,95.73,51.82,62.03,54.96,True,True,True,True,True,311,gh/21224182
paulmillr/readdirp,javascript,github,npm,readdirp,50.60,65.02,43.00,100,57.36,86.79,43.85,81.11,24.92,52.66,54.96,True,True,True,True,True,312,gh/4494405
alexindigo/asynckit,javascript,github,npm,asynckit,36.12,60.62,24.52,100,44.39,74.54,38.79,97.33,75.17,67.82,54.87,True,False,True,True,False,,gh/59087459
yuzujs/setimmediate,javascript,github,npm,setimmediate,25.16,56.69,27.81,100,44.87,100.00,29.39,92.74,74.41,67.11,54.87,True,False,True,True,False,,gh/1981208
xorg/lib/libxext,c,gitlab,cpp,libxext,31.18,58.61,,,44.90,89.50,62.01,52.29,69.56,67.03,54.86,True,True,True,True,True,313,gl/freedesktop-714
octokit/types.ts,typescript,github,npm,@octokit/types,34.90,60.17,48.28,100,58.47,57.78,37.94,50.00,63.87,51.44,54.84,True,True,False,True,False,,gh/216109757
tokio-rs/tokio,rust,github,crates,tokio,59.18,78.20,66.04,100,73.36,6.78,81.31,88.35,57.97,40.99,54.84,True,True,True,True,True,314,gh/67836789
jsdom/whatwg-mimetype,javascript,github,npm,whatwg-mimetype,27.77,57.65,32.58,100,48.09,92.04,46.41,65.10,54.94,62.52,54.83,True,True,True,True,True,315,gh/71014420
brianc/node-postgres,javascript,github,npm,pg-protocol,26.14,57.01,61.16,100,65.01,18.70,74.87,50.00,65.23,46.23,54.82,True,True,True,True,True,316,gh/991475
agronholm/exceptiongroup,python,github,pypi,exceptiongroup,44.72,74.53,40.68,100,56.33,87.96,60.09,52.29,29.26,53.33,54.81,True,True,True,True,True,317,gh/447694800
libuv/libuv,c,github,cpp,libuv,29.14,56.97,61.73,100,65.65,15.80,87.94,50.00,62.82,45.71,54.78,True,True,True,True,True,318,gh/14812739
jprichardson/node-fs-extra,javascript,github,npm,fs-extra,46.84,63.99,52.87,100,62.81,65.66,51.74,50.00,30.62,47.76,54.77,True,False,True,True,False,,gh/2791348
jshttp/negotiator,javascript,github,npm,negotiator,36.91,60.88,44.58,100,56.53,64.55,42.69,50.00,57.52,53.06,54.77,True,True,True,True,True,320,gh/3275614
medikoo/d,javascript,github,npm,d,33.77,59.73,26.46,100,45.23,100.00,30.09,86.45,74.42,66.33,54.77,True,True,True,True,True,319,gh/10817569
webpack/watchpack,javascript,github,npm,watchpack,27.21,57.43,49.92,100,58.42,36.79,62.20,50.00,60.02,51.19,54.69,True,True,True,True,True,321,gh/24119524
encode/httpx,python,github,pypi,httpx,33.38,70.80,55.98,100,64.01,20.45,73.59,72.57,43.52,46.69,54.67,True,True,True,True,True,323,gh/179492861
fsspec/filesystem_spec,python,github,pypi,fsspec,49.86,76.31,57.06,100,66.85,18.31,75.01,50.00,58.17,44.71,54.67,True,True,True,True,True,322,gh/130727736
webpack/minimizer-webpack-plugin,javascript,github,npm,terser-webpack-plugin,25.63,56.78,48.87,100,57.56,36.37,69.35,50.00,57.55,51.90,54.66,True,True,True,True,True,324,gh/143057914
microsoft/tslib,typescript,github,npm,tslib,83.92,86.04,51.34,100,67.80,33.32,54.45,50.00,41.37,44.01,54.62,True,True,False,True,False,,gh/34414315
micromatch/anymatch,javascript,github,npm,anymatch,37.34,61.02,42.35,100,55.25,61.24,32.50,77.37,55.06,53.96,54.60,True,True,True,True,True,325,gh/11458302
reactivex/rxjs,typescript,github,npm,rxjs,36.72,60.80,59.60,100,65.51,32.02,86.92,50.00,30.63,45.44,54.56,True,True,True,True,True,326,gh/32247847
requests/toolbelt,python,github,pypi,requests-toolbelt,30.42,69.28,52.07,100,61.21,30.67,48.31,52.29,71.97,48.59,54.54,True,True,True,True,True,327,gh/15515181
mafintosh/end-of-stream,javascript,github,npm,end-of-stream,40.56,62.02,39.32,100,53.85,70.71,30.25,86.45,50.28,55.22,54.53,True,True,True,True,True,328,gh/14732255
uuidjs/uuid,typescript,github,npm,uuid,53.75,66.15,55.44,100,65.25,64.19,47.85,50.00,28.05,45.56,54.52,True,True,True,True,True,329,gh/1203139
stebalien/tempfile,rust,github,crates,tempfile,47.28,75.11,53.86,100,64.55,58.96,48.70,50.00,31.14,45.98,54.48,True,False,True,True,False,,gh/33832372
rust-random/rngs,rust,github,crates,rand_xorshift,36.27,71.40,39.33,100,54.36,56.37,51.54,50.00,61.10,54.58,54.47,True,True,True,True,True,330,gh/209510094
eslint/eslint,javascript,github,npm,eslint,39.91,61.83,70.96,100,72.75,12.80,87.87,50.00,49.08,40.76,54.45,True,True,True,True,True,331,gh/11061773
ljharb/set-function-length,javascript,github,npm,set-function-length,40.79,62.07,29.54,100,48.01,100.00,33.29,65.10,66.80,61.68,54.42,True,True,True,True,True,332,gh/704249795
node-fetch/node-fetch,javascript,github,npm,node-fetch,43.64,63.16,57.61,100,65.25,11.82,69.99,82.28,61.87,45.30,54.37,True,True,True,True,True,333,gh/29849956
pandas-dev/pandas,python,github,pypi,pandas,47.45,75.27,69.02,100,73.68,9.77,94.26,50.00,55.75,40.03,54.31,True,True,True,True,True,334,gh/858127
mirror/ncurses,c,github,cpp,ncurses,36.04,63.04,27.97,,33.36,100.00,90.12,94.66,71.60,88.40,54.30,True,True,True,True,True,335,gh/22324756
sindresorhus/type-fest,typescript,github,npm,type-fest,67.19,70.95,55.33,100,67.01,23.35,65.27,50.00,49.18,44.00,54.30,True,True,True,True,True,336,gh/175398594
snowflakedb/snowflake-connector-python,python,github,pypi,snowflake-connector-python,25.61,66.78,51.75,100,60.29,10.76,86.64,89.81,68.32,48.90,54.30,True,False,True,True,False,,gh/62262074
nodejs/readable-stream,javascript,github,npm,readable-stream,67.76,71.23,50.17,100,64.00,35.50,79.19,50.00,31.92,46.02,54.27,True,True,True,True,True,337,gh/5187096
pypa/packaging,python,github,pypi,packaging,73.43,84.02,58.69,100,70.96,16.32,64.96,50.00,55.78,41.47,54.25,True,True,True,True,True,338,gh/19837758
tartley/colorama,python,github,pypi,colorama,66.44,82.23,48.83,100,64.16,32.43,40.59,56.35,59.51,45.84,54.23,True,True,True,True,True,339,gh/18892209
pallets/markupsafe,python,github,pypi,markupsafe,60.75,81.21,49.52,100,63.91,87.81,29.85,50.00,34.00,45.94,54.19,True,True,True,True,True,340,gh/734244
mui/material-ui,javascript,github,npm,@mui/utils,25.03,56.61,69.31,100,69.75,9.24,88.41,50.00,76.67,42.07,54.17,True,True,False,True,False,,gh/23083156
hyperium/http,rust,github,crates,http,30.22,68.71,52.02,100,61.10,14.68,68.15,82.28,63.76,47.86,54.08,True,True,True,True,True,341,gh/84983058
jslicense/spdx-correct.js,javascript,github,npm,spdx-correct,30.55,58.66,38.72,100,52.15,89.58,23.30,84.42,55.97,56.04,54.06,True,False,True,True,False,,gh/34817196
linux-pam/linux-pam,c,github,cpp,pam,28.45,56.52,52.88,,50.28,21.76,84.78,89.81,68.87,58.12,54.06,True,False,True,True,False,,gh/76264690
sindresorhus/globals,javascript,github,npm,globals,44.45,63.52,56.96,100,64.97,39.74,43.25,50.00,47.24,44.89,54.00,True,True,True,True,True,342,gh/15186239
inspect-js/has-symbols,javascript,github,npm,has-symbols,64.99,70.41,31.28,100,52.31,100.00,30.49,65.10,48.14,55.60,53.93,True,True,True,True,True,344,gh/68573418
rvagg/bl,javascript,github,npm,bl,25.69,56.82,55.36,100,61.47,34.25,51.18,50.00,57.19,47.32,53.93,True,True,True,True,True,343,gh/10706095
isaacs/rimraf,typescript,github,npm,rimraf,47.55,64.14,55.22,100,64.30,85.65,55.26,50.00,17.57,45.16,53.89,True,True,True,True,True,346,gh/1341324
lukeed/dequal,javascript,github,npm,dequal,26.38,57.11,30.51,100,46.65,66.33,53.85,56.35,74.64,62.26,53.89,True,True,True,True,True,345,gh/174421655
wasm-bindgen/wasm-bindgen,rust,github,crates,wasm-bindgen,62.09,79.88,57.07,100,68.44,10.03,85.83,50.00,75.23,42.42,53.88,True,True,True,True,True,347,gh/114685405
fastify/fast-uri,javascript,github,npm,fast-uri,33.72,59.66,48.57,100,58.48,38.00,54.26,50.00,58.47,49.55,53.83,True,True,True,True,True,348,gh/419317518
sindresorhus/file-type,javascript,github,npm,file-type,25.86,56.92,54.30,100,60.86,34.03,71.31,72.57,29.14,47.60,53.82,True,True,True,True,True,349,gh/19105307
tukaani-project/xz,c,github,cpp,xz,50.83,69.92,50.63,0,42.45,73.82,84.36,50.00,69.47,68.20,53.81,True,True,True,True,True,350,gh/553665726
sindresorhus/p-map,javascript,github,npm,p-map,36.00,60.59,41.58,100,54.61,56.36,41.44,75.56,44.70,53.00,53.80,True,True,True,True,True,351,gh/71526722
sindresorhus/get-stream,javascript,github,npm,get-stream,49.69,64.81,41.85,100,56.56,82.46,40.02,65.10,31.87,51.15,53.79,True,True,True,True,True,352,gh/44264225
psf/requests,python,github,pypi,requests,79.13,85.24,63.03,100,74.25,14.18,60.40,89.81,29.88,38.94,53.77,True,True,True,True,True,353,gh/1362490
python-hyper/h11,python,github,pypi,h11,40.06,72.58,48.50,100,60.36,20.83,53.59,72.57,64.93,47.89,53.76,True,False,True,True,False,,gh/57372073
sindresorhus/find-up,javascript,github,npm,find-up,56.75,67.32,42.96,100,58.18,69.53,40.50,65.10,33.10,49.63,53.74,True,True,True,True,True,354,gh/41723004
chalk/slice-ansi,javascript,github,npm,slice-ansi,37.60,61.16,38.51,100,52.98,84.16,27.86,72.57,51.83,54.49,53.73,True,True,True,True,True,356,gh/43191689
ljharb/define-properties,javascript,github,npm,define-properties,56.92,67.37,30.88,100,50.96,100.00,22.58,72.25,63.15,56.65,53.73,True,True,True,True,True,355,gh/28768789
samn/json-stable-stringify,javascript,github,npm,json-stable-stringify-without-jsonify,26.03,56.97,26.45,100,44.17,100.00,34.37,98.40,53.80,65.31,53.71,True,False,True,True,False,,gh/76598131
estools/esrecurse,javascript,github,npm,esrecurse,34.79,60.09,39.89,100,53.42,79.06,36.32,92.74,31.66,53.89,53.65,True,False,True,True,False,,gh/27429822
lukeed/kleur,javascript,github,npm,kleur,28.46,57.82,41.26,100,53.38,57.73,30.04,84.42,57.69,53.91,53.64,True,True,True,True,True,357,gh/140393403
teambition/merge2,javascript,github,npm,merge2,32.43,59.14,40.02,100,53.17,70.71,29.13,82.28,50.21,54.01,53.59,True,True,True,True,True,358,gh/25396227
cosmiconfig/cosmiconfig,typescript,github,npm,cosmiconfig,40.13,61.92,44.42,100,56.86,38.87,51.50,50.00,64.92,50.49,53.58,True,True,True,True,True,359,gh/45750507
rust-lang/cc-rs,rust,github,crates,cc,45.34,74.69,59.44,100,67.67,12.21,78.21,72.57,46.56,42.38,53.55,True,True,True,True,True,360,gh/26039547
astanin/python-tabulate,python,github,pypi,tabulate,25.09,66.65,49.72,100,59.01,24.37,72.91,50.00,62.28,48.50,53.50,True,False,True,True,False,,gh/205875548
axios/axios,javascript,github,npm,axios,33.82,59.73,66.58,100,69.30,15.16,78.53,89.81,27.22,41.30,53.50,True,True,True,True,True,362,gh/23088740
python/importlib_resources,python,github,pypi,importlib-resources,31.39,70.02,51.04,100,60.76,81.10,41.36,50.00,29.38,47.11,53.50,True,True,True,True,True,361,gh/306147182
open-telemetry/opentelemetry-python,python,github,pypi,opentelemetry-api,56.66,80.20,60.27,100,69.85,11.51,71.41,50.00,68.01,40.89,53.44,True,True,True,True,True,363,gh/185478926
webpack/schema-utils,javascript,github,npm,schema-utils,51.67,65.35,44.80,100,58.58,42.01,65.32,50.00,41.10,48.73,53.43,True,True,True,True,True,364,gh/80306715
cyan4973/xxhash,c,github,cpp,xxhash,35.31,61.94,52.10,,51.23,37.09,81.88,50.00,62.81,55.57,53.36,True,False,True,True,False,,gh/19330466
servo/rust-smallvec,rust,github,crates,smallvec,31.24,69.08,51.41,100,60.88,18.53,51.36,88.35,56.09,46.60,53.26,True,True,True,True,True,366,gh/33456236
terkelg/sisteransi,javascript,github,npm,sisteransi,26.48,57.20,36.47,100,50.25,100.00,18.08,88.15,63.74,56.46,53.26,True,True,True,True,True,365,gh/122441239
tritondatacenter/node-extsprintf,javascript,github,npm,extsprintf,31.22,58.83,27.97,100,45.79,100.00,29.82,86.45,55.94,61.62,53.12,True,False,True,True,False,,gh/4058064
yargs/cliui,javascript,github,npm,cliui,47.75,64.17,41.97,100,56.37,44.03,39.10,50.00,72.72,50.02,53.10,True,True,True,True,True,367,gh/34287546
isaacs/core-util-is,javascript,github,npm,core-util-is,35.47,60.49,29.79,100,47.47,100.00,20.26,98.83,61.80,59.31,53.06,True,True,True,True,True,368,gh/12391440
feross/run-parallel,javascript,github,npm,run-parallel,36.24,60.64,34.20,100,50.21,100.00,18.71,77.37,67.81,55.97,53.01,True,True,True,True,True,369,gh/18700638
chronotope/humantime,rust,github,crates,humantime,26.00,66.85,43.94,100,55.65,60.47,39.03,50.00,54.49,50.36,52.94,True,False,True,True,False,,gh/59320323
rogdham/backports.zstd,python,github,pypi,backports-zstd,57.44,80.23,28.92,,38.90,98.38,70.98,50.00,77.01,72.01,52.93,True,False,True,True,False,,gh/977687927
stream-utils/destroy,javascript,github,npm,destroy,25.33,56.71,30.18,100,46.31,100.00,28.97,84.42,54.74,60.49,52.93,True,False,True,True,False,,gh/15544623
mcollina/fastq,javascript,github,npm,fastq,36.06,60.60,46.16,100,57.36,63.56,36.20,50.00,49.00,48.73,52.87,True,True,True,True,True,370,gh/37368217
sindresorhus/globby,javascript,github,npm,globby,39.84,61.80,54.97,100,63.15,65.76,48.18,56.35,21.49,44.26,52.87,True,True,True,True,True,371,gh/21069494
apache/arrow-rs,rust,github,crates,arrow-schema,26.24,66.89,63.70,,59.42,8.22,92.86,87.62,73.11,47.02,52.86,True,True,True,True,True,372,gh/358917250
raynos/function-bind,javascript,github,npm,function-bind,77.46,74.48,37.36,100,57.61,94.61,21.23,50.00,55.02,48.48,52.85,True,True,True,True,True,373,gh/10727014
websocket-client/websocket-client,python,github,pypi,websocket-client,28.38,68.19,52.07,100,60.90,78.94,62.07,65.10,13.79,45.80,52.81,True,False,True,True,False,,gh/1202362
freedesktop-unofficial-mirror/cairo,c,github,cpp,cairo-graphics-library,31.64,58.68,27.16,,31.66,100.00,92.78,98.08,65.98,88.03,52.79,True,True,True,True,True,374,gh/34372735
sindresorhus/p-limit,javascript,github,npm,p-limit,71.72,72.62,45.34,100,61.64,71.34,23.58,50.00,49.61,45.20,52.78,True,True,True,True,True,375,gh/71542716
pillarjs/parseurl,javascript,github,npm,parseurl,33.46,59.58,35.80,100,50.78,90.87,40.22,50.00,49.28,54.78,52.74,True,True,True,True,True,376,gh/17533192
kevinbeaty/any-promise,javascript,github,npm,any-promise,27.43,57.52,20.64,100,40.88,100.00,37.49,96.48,59.12,68.00,52.72,True,False,True,True,False,,gh/26247715
mm2/little-cms,c,github,cpp,lcms,30.96,58.54,52.56,0,40.49,80.59,84.20,50.00,65.45,68.65,52.72,True,False,True,True,False,,gh/507969
inspect-js/is-core-module,javascript,github,npm,is-core-module,45.86,63.77,39.28,100,54.53,97.66,27.58,59.34,42.02,50.91,52.69,True,True,True,True,True,377,gh/24578130
istanbuljs/schema,javascript,github,npm,@istanbuljs/schema,32.62,59.19,32.95,100,48.95,100.00,25.57,50.00,80.58,56.65,52.66,True,True,True,True,True,378,gh/211950686
troygoode/node-require-directory,javascript,github,npm,require-directory,29.91,58.25,25.19,100,43.93,100.00,31.37,95.73,52.68,63.07,52.64,True,False,True,True,False,,gh/3053807
auth0/node-jwa,javascript,github,npm,jwa,26.66,57.24,36.81,100,50.48,70.71,33.55,50.00,76.29,54.85,52.62,True,True,False,True,False,,gh/8116861
raszi/node-tmp,javascript,github,npm,tmp,33.31,59.48,51.52,100,60.19,42.87,56.59,72.57,25.45,46.01,52.62,True,False,True,True,False,,gh/2313213
juliangruber/balanced-match,typescript,github,npm,balanced-match,73.25,73.04,41.34,100,59.43,85.65,30.71,50.00,35.77,46.57,52.61,True,True,True,True,True,380,gh/13538817
sinonjs/commons,javascript,github,npm,@sinonjs/commons,38.59,61.46,41.86,100,55.12,97.19,29.44,79.51,27.96,50.22,52.61,True,True,True,True,True,379,gh/143001748
dtolnay/dissimilar,rust,github,crates,dissimilar,39.13,72.22,36.30,,41.14,96.08,54.15,50.00,78.65,67.26,52.60,True,True,True,True,True,381,gh/229514821
lukeed/escalade,javascript,github,npm,escalade,43.73,63.18,33.69,100,50.90,86.90,23.07,86.45,50.25,54.32,52.58,True,True,True,True,True,382,gh/273568715
syntax-tree/unist-util-is,javascript,github,npm,unist-util-is,25.46,56.75,38.56,100,51.36,91.04,38.87,72.25,32.85,53.83,52.58,True,True,True,True,True,383,gh/41795086
feross/ieee754,javascript,github,npm,ieee754,55.33,66.82,32.27,100,51.58,100.00,23.32,77.37,45.44,53.51,52.54,True,True,True,True,True,384,gh/15489525
rust-itertools/itertools,rust,github,crates,itertools,35.74,71.27,54.77,100,63.56,20.22,57.88,50.00,60.63,43.40,52.52,True,True,True,True,True,385,gh/22360263
yargs/yargs,javascript,github,npm,yargs,49.35,64.77,56.10,100,65.07,16.73,62.36,50.00,61.90,42.39,52.52,True,True,True,True,True,386,gh/14210523
autotools-mirror/libtool,shell,github,cpp,libtool,26.97,55.93,47.21,,45.77,53.99,69.75,82.28,42.48,60.23,52.50,True,True,True,True,True,387,gh/47662711
realpython/pytest-mypy,python,github,pypi,pytest-mypy,43.73,74.45,43.41,,47.33,97.90,42.44,77.37,35.79,58.24,52.50,True,False,True,True,False,,gh/69576530
react/create-react-app,javascript,github,npm,confusing-browser-globals,32.29,59.10,57.85,100,63.85,6.40,84.26,72.57,87.47,43.01,52.40,True,True,False,True,False,,gh/63537249
rust-random/rand_core,rust,github,crates,rand_core,55.34,76.66,43.11,100,59.07,55.44,30.26,82.28,33.68,46.43,52.37,True,True,True,True,True,388,gh/1086593277
sindresorhus/strip-json-comments,javascript,github,npm,strip-json-comments,40.64,62.04,39.81,100,54.15,76.03,35.94,75.56,30.98,50.29,52.18,True,True,True,True,True,389,gh/14468669
sindresorhus/camelcase,javascript,github,npm,camelcase,52.42,65.62,46.25,100,59.55,65.27,39.22,65.10,26.15,45.69,52.16,True,True,True,True,True,390,gh/25116836
jshttp/mime-types,javascript,github,npm,mime-types,51.55,65.32,47.03,100,59.91,76.27,34.25,50.00,32.50,45.39,52.15,True,True,True,True,True,392,gh/19380178
micromatch/is-glob,javascript,github,npm,is-glob,58.13,67.85,32.27,100,51.96,41.65,45.06,77.37,51.71,52.35,52.15,True,True,True,True,True,391,gh/28179425
matplotlib/matplotlib,python,github,pypi,matplotlib,26.15,67.08,68.52,100,70.43,12.06,92.76,50.00,39.68,38.60,52.14,True,True,True,True,True,393,gh/1385122
ajv-validator/ajv-formats,typescript,github,npm,ajv-formats,32.67,59.19,40.58,100,53.53,63.96,29.32,72.25,48.99,50.76,52.13,True,True,True,True,True,394,gh/281084700
pexpect/ptyprocess,python,github,pypi,ptyprocess,33.00,70.77,43.95,100,56.75,21.43,51.66,84.42,56.19,47.87,52.12,True,False,True,True,False,,gh/24727748
jamesmunns/postcard,rust,github,crates,postcard,42.36,73.71,47.68,,50.27,33.74,78.13,50.00,64.53,54.00,52.10,True,False,True,True,False,,gh/179385478
pyca/bcrypt,python,github,pypi,bcrypt,25.93,66.99,50.58,100,59.64,68.50,37.24,50.00,33.51,45.47,52.08,True,False,True,True,False,,gh/9993757
gitpython-developers/smmap,python,github,pypi,smmap,32.63,70.55,45.45,100,57.59,58.45,47.24,50.00,35.29,46.98,52.02,True,True,True,True,True,395,gh/1865144
jonschlinkert/is-plain-object,html,github,npm,is-plain-object,55.63,67.03,36.13,100,53.94,100.00,12.78,92.74,53.30,50.13,52.00,True,True,True,True,True,396,gh/24306940
debian/giflib,c,gitlab,cpp,giflib,27.78,56.35,,,42.06,35.54,76.58,91.99,68.06,64.25,51.98,True,True,True,True,True,397,gl/debian-12522
inspect-js/is-accessor-descriptor,javascript,github,npm,is-accessor-descriptor,38.12,61.28,32.18,100,49.25,100.00,31.52,59.34,48.10,54.77,51.94,True,True,True,True,True,398,gh/41658954
mhammond/pywin32,c++,github,pypi,pywin32,41.62,73.35,47.79,,50.21,38.69,97.06,72.57,30.51,53.70,51.93,True,False,True,True,False,,gh/108187130
pillarjs/finalhandler,javascript,github,npm,finalhandler,28.97,57.96,43.90,100,55.03,64.53,36.45,50.00,48.88,48.97,51.91,True,True,True,True,True,400,gh/20547377
rust-lang/log,rust,github,crates,log,56.76,77.37,55.99,100,67.01,31.53,49.15,50.00,33.78,40.22,51.91,True,True,True,True,True,399,gh/27974762
gitpython-developers/gitdb,python,github,pypi,gitdb,26.59,67.18,47.98,100,58.16,29.46,54.32,50.00,57.39,46.29,51.89,True,True,True,True,True,401,gh/1126093
kpdecker/jsdiff,javascript,github,npm,diff,31.77,58.97,51.96,100,60.25,87.01,64.03,50.00,14.21,44.60,51.84,True,False,True,True,False,,gh/1542219
xorg/proto/xorgproto,c,gitlab,cpp,xorgproto,36.87,63.55,,,50.21,30.83,77.27,50.00,68.92,53.53,51.84,True,True,True,True,True,402,gl/freedesktop-788
huggingface/huggingface_hub,python,github,pypi,huggingface-hub,25.19,66.71,58.18,100,64.10,13.15,78.69,50.00,59.58,41.90,51.82,True,True,False,True,False,,gh/323591830
sindresorhus/import-fresh,javascript,github,npm,import-fresh,38.52,61.45,40.05,100,54.03,82.46,21.13,72.25,48.38,49.68,51.81,True,True,True,True,True,403,gh/22020904
isaacs/package-json-from-dist,typescript,github,npm,package-json-from-dist,38.86,61.55,23.23,100,43.98,100.00,26.78,95.73,53.80,60.94,51.77,True,True,True,True,True,404,gh/800543709
mafintosh/tar-stream,javascript,github,npm,tar-stream,26.34,57.11,45.62,100,55.72,72.68,48.88,72.25,20.85,48.10,51.77,True,True,True,True,True,405,gh/15340089
davidhalter/parso,python,github,pypi,parso,26.04,67.01,50.65,100,59.69,16.14,77.49,50.00,64.88,44.88,51.76,True,True,True,True,True,406,gh/90668463
json-c/json-c,c,github,cpp,json-c,39.69,64.35,51.30,,51.48,25.93,81.54,82.28,42.10,52.02,51.75,True,False,True,True,False,,gh/1139119
jbgutierrez/path-parse,javascript,github,npm,path-parse,42.11,62.72,44.19,100,57.00,61.24,17.58,97.33,46.40,46.96,51.74,True,False,True,True,False,,gh/34113780
jprichardson/node-jsonfile,javascript,github,npm,jsonfile,43.47,63.13,41.00,100,55.26,66.33,31.18,75.56,35.27,48.45,51.74,True,False,True,True,False,,gh/5754307
sindresorhus/pify,javascript,github,npm,pify,47.04,64.01,39.99,100,55.10,68.47,33.40,72.25,33.56,48.53,51.71,True,True,True,True,True,407,gh/41585934
motdotla/dotenv,javascript,github,npm,dotenv,35.41,60.48,59.87,100,65.51,84.18,38.98,50.00,16.89,40.80,51.70,True,True,True,True,True,408,gh/11205780
burntsushi/quickcheck,rust,github,crates,quickcheck,57.52,77.59,49.21,100,63.04,29.42,33.94,50.00,64.52,42.36,51.68,True,True,True,True,True,409,gh/17559913
jonschlinkert/has-values,javascript,github,npm,has-values,33.41,59.56,22.27,100,42.66,100.00,28.31,92.74,58.44,62.59,51.67,True,True,True,True,True,410,gh/33009186
rust-lang/hashbrown,rust,github,crates,hashbrown,33.29,70.60,53.27,100,62.35,12.49,58.25,72.57,62.62,42.64,51.56,True,True,True,True,True,411,gh/155119796
lovell/detect-libc,javascript,github,npm,detect-libc,25.00,56.60,39.63,100,51.94,79.90,33.01,52.29,48.78,50.93,51.43,True,False,True,True,False,,gh/96149091
rust-lang/libc,rust,github,crates,libc,63.27,80.60,62.53,100,71.91,7.10,91.72,50.00,56.02,36.75,51.41,True,True,True,True,True,413,gh/29197565
sindresorhus/resolve-from,javascript,github,npm,resolve-from,52.94,65.93,36.46,100,53.76,100.00,16.27,72.25,49.68,49.16,51.41,True,True,True,True,True,412,gh/22022707
pyasn1/pyasn1-modules,python,github,pypi,pyasn1-modules,49.43,76.22,41.63,100,57.54,36.82,66.27,50.00,36.44,45.92,51.40,True,True,True,True,True,414,gh/512723354
comex/rust-shlex,rust,github,crates,shlex,27.37,67.35,39.22,100,53.00,36.21,40.58,72.57,57.78,49.82,51.39,True,False,True,True,False,,gh/37886228
aio-libs/frozenlist,python,github,pypi,frozenlist,39.81,72.55,45.24,100,58.38,66.83,28.70,50.00,43.60,45.22,51.38,True,True,True,True,True,415,gh/204197530
floatdrop/require-from-string,javascript,github,npm,require-from-string,39.55,61.77,28.92,100,47.48,100.00,18.73,95.73,53.21,55.58,51.37,True,False,True,False,False,,gh/39301848
inspect-js/which-typed-array,javascript,github,npm,which-typed-array,46.55,63.93,36.96,100,53.22,98.71,22.76,53.68,49.54,49.44,51.30,True,True,True,True,True,416,gh/43708371
jonschlinkert/word-wrap,javascript,github,npm,word-wrap,28.50,57.83,47.72,100,57.26,65.62,20.70,84.42,38.75,45.91,51.27,True,True,True,True,True,417,gh/18260583
inspect-js/is-regex,javascript,github,npm,is-regex,35.24,60.38,38.27,100,52.52,100.00,20.26,50.00,61.80,50.02,51.25,True,True,True,True,True,418,gh/15930063
servo/rust-url,rust,github,crates,percent-encoding,41.60,73.39,53.45,100,63.57,8.71,75.71,72.57,60.92,41.32,51.25,True,True,True,True,True,419,gh/14934771
chalk/ansi-styles,javascript,github,npm,ansi-styles,74.44,73.32,42.22,100,60.11,59.67,22.98,72.57,36.01,43.51,51.14,True,True,True,True,True,420,gh/11803168
sindresorhus/quick-lru,javascript,github,npm,quick-lru,28.58,57.84,42.76,100,54.30,75.58,33.00,59.34,36.34,48.16,51.14,True,True,True,True,True,421,gh/86679721
criterion-rs/criterion.rs,rust,github,crates,criterion,64.61,80.85,53.82,100,66.84,15.30,59.49,50.00,51.04,39.04,51.08,True,False,True,True,False,,gh/1081104682
jonschlinkert/global-prefix,javascript,github,npm,global-prefix,29.09,58.00,31.86,100,47.82,100.00,20.56,75.56,56.60,54.45,51.03,True,True,True,True,True,423,gh/31455984
tox-dev/platformdirs,python,github,pypi,platformdirs,45.05,74.54,54.26,100,64.51,31.42,43.76,50.00,38.64,40.37,51.03,True,True,True,True,True,422,gh/367032142
pixman/pixman,c,gitlab,cpp,pixman,25.52,54.76,,,40.14,28.99,85.21,87.62,81.78,64.86,51.02,True,True,True,True,True,424,gl/freedesktop-158
react/metro,javascript,github,npm,metro-source-map,30.16,58.38,52.62,,50.53,21.10,86.57,50.00,77.16,51.52,51.02,True,True,False,True,False,,gh/76504246
es-shims/string.prototype.trimend,javascript,github,npm,string.prototype.trimend,27.50,57.54,34.99,100,49.50,100.00,19.41,65.10,60.35,52.55,51.00,True,True,True,True,True,425,gh/114682758
proptest-rs/proptest,rust,github,crates,proptest,37.94,71.81,53.33,100,62.97,12.50,64.66,50.00,72.02,41.30,51.00,True,False,True,True,False,,gh/94702898
burntsushi/winapi-util,rust,github,crates,winapi-util,48.84,75.37,38.31,100,55.41,77.37,24.11,53.68,48.36,46.91,50.98,True,True,True,True,True,426,gh/146040682
isaacs/isexe,typescript,github,npm,isexe,57.95,67.77,27.43,100,49.03,91.36,25.63,50.00,66.82,52.89,50.92,True,True,True,True,True,427,gh/49804297
rust-random/getrandom,rust,github,crates,getrandom,49.37,75.66,52.60,100,64.06,38.06,39.20,50.00,36.01,40.48,50.92,True,True,True,True,True,428,gh/166545969
isaacs/yallist,typescript,github,npm,yallist,52.30,65.61,28.64,100,48.97,86.90,27.93,95.73,33.73,52.91,50.90,True,True,True,True,True,429,gh/48222381
gulpjs/glob-parent,javascript,github,npm,glob-parent,49.13,64.73,46.30,100,59.17,38.73,23.15,82.28,49.52,43.72,50.86,True,True,True,True,True,431,gh/29154915
sindresorhus/object-assign,javascript,github,npm,object-assign,40.34,61.96,38.43,100,53.29,70.71,24.25,72.25,44.84,48.55,50.86,True,True,True,True,True,430,gh/16457190
theskumar/python-dotenv,python,github,pypi,python-dotenv,28.12,68.06,54.19,100,62.13,32.12,42.56,50.00,42.96,41.40,50.72,True,False,True,True,False,,gh/23727790
iarna/aproba,javascript,github,npm,aproba,28.77,57.90,29.22,100,46.20,70.71,26.48,100.00,51.18,55.64,50.70,True,False,True,True,False,,gh/31432421
mathiasbynens/regexpu-core,javascript,github,npm,regexpu-core,33.87,59.77,39.68,100,53.17,40.27,65.15,79.51,26.17,48.34,50.70,True,True,True,True,True,433,gh/49437324
rayon-rs/either,rust,github,crates,either,36.54,71.47,45.28,100,57.97,57.34,26.86,56.35,44.56,44.35,50.70,True,True,True,True,True,432,gh/42479602
tjguk/wmi,python,github,pypi,wmi,27.15,67.59,23.71,,29.63,100.00,63.08,98.83,89.93,86.53,50.63,True,False,True,True,False,,gh/23124645
jonschlinkert/define-property,javascript,github,npm,define-property,49.46,64.78,26.98,100,47.61,100.00,19.03,95.73,46.07,53.82,50.62,True,True,True,True,True,435,gh/40633359
scikit-learn/scikit-learn,python,github,pypi,scikit-learn,25.72,66.92,69.87,100,71.19,4.16,88.79,85.44,53.22,36.00,50.62,True,True,True,True,True,434,gh/843222
jonathanong/ee-first,javascript,github,npm,ee-first,42.53,62.82,20.96,100,43.11,100.00,21.14,92.74,63.42,59.38,50.60,True,False,True,True,False,,gh/20707897
raynos/xtend,javascript,github,npm,xtend,29.29,58.08,39.20,100,52.26,100.00,14.99,84.42,45.24,48.92,50.56,True,True,True,False,False,,gh/4419184
gnome/gdk-pixbuf,c,gitlab,cpp,gdk-pixbuf,25.39,54.75,,,40.07,31.73,82.07,92.72,67.82,63.61,50.49,True,True,True,True,True,436,gl/gnome-1548
langchain-ai/langchain,python,github,pypi,langchain-core,27.87,67.99,68.73,100,70.82,4.72,91.08,96.84,40.31,35.99,50.49,True,True,False,True,False,,gh/552661142
zesterer/spin-rs,rust,github,crates,spin,29.57,68.55,40.00,100,53.81,28.84,41.61,82.28,50.83,47.33,50.47,True,True,True,True,True,437,gh/21686666
pydantic/typing-inspection,python,github,pypi,typing-inspection,30.00,68.78,30.14,,34.95,87.90,52.50,77.37,78.78,72.83,50.45,True,True,True,True,True,438,gh/930576948
es-shims/es-set-tostringtag,javascript,github,npm,es-set-tostringtag,31.36,58.88,29.29,100,46.60,100.00,22.23,72.25,55.28,54.59,50.44,True,True,True,True,True,439,gh/580683868
inspect-js/has-proto,javascript,github,npm,has-proto,28.89,57.93,29.96,100,46.66,100.00,20.57,72.25,59.32,54.49,50.42,True,True,True,True,True,440,gh/577580747
seanmonstar/reqwest,rust,github,crates,reqwest,29.89,68.56,60.27,100,66.01,10.22,79.64,50.00,53.87,38.48,50.40,True,True,True,True,True,441,gh/62350380
ljharb/internal-slot,javascript,github,npm,internal-slot,29.45,58.13,30.92,100,47.31,100.00,20.56,65.10,62.03,53.68,50.39,True,True,True,True,True,442,gh/216159146
amanieu/parking_lot,rust,github,crates,parking_lot_core,46.30,74.80,53.13,100,63.99,9.83,58.82,72.57,58.92,39.65,50.37,True,False,True,True,False,,gh/58731560
cpython-team/python3-defaults,python,gitlab,cpp,python3-defaults,30.52,58.44,,,44.48,66.23,47.96,77.37,43.04,57.03,50.37,True,True,True,True,True,443,gl/debian-27547
jshttp/fresh,javascript,github,npm,fresh,27.69,57.63,42.16,100,53.83,80.86,35.27,50.00,34.50,47.10,50.35,True,True,True,True,True,444,gh/4617552
pytest-dev/iniconfig,python,github,pypi,iniconfig,40.82,72.95,46.76,100,59.43,67.17,40.33,52.29,23.19,42.57,50.30,True,True,True,True,True,445,gh/66012563
tower-rs/tower,rust,github,crates,tower-service,29.40,68.54,52.30,100,61.17,14.17,68.90,50.00,59.62,41.30,50.26,True,True,True,True,True,446,gh/98244646
isaacs/fs.realpath,javascript,github,npm,fs.realpath,31.50,58.93,21.78,100,42.11,74.54,36.59,95.73,49.31,59.90,50.22,True,True,True,True,True,447,gh/61231712
libjxl/libjxl,c++,github,cpp,libjxl,26.23,55.38,52.98,,49.94,16.82,90.59,50.00,84.39,50.35,50.14,True,True,False,True,False,,gh/340219494
matklad/once_cell,rust,github,crates,once_cell,45.82,74.75,52.41,100,63.50,16.97,62.36,72.57,31.88,39.56,50.12,True,False,True,True,False,,gh/143220272
mozilla/source-map,javascript,github,npm,source-map,65.25,70.46,49.53,100,63.29,23.82,63.22,65.10,25.25,39.67,50.11,True,True,True,True,True,448,gh/2014930
dominictarr/through,javascript,github,npm,through,34.62,60.06,23.76,100,43.72,100.00,19.92,97.33,55.61,57.30,50.05,True,False,True,False,False,,gh/4885140
unicode-rs/unicode-xid,rust,github,crates,unicode-xid,31.06,69.00,43.64,100,56.19,28.46,37.54,81.11,45.55,44.57,50.04,True,True,True,True,True,449,gh/34637906
gcc-mirror/gcc,c++,github,cpp,gcc,69.56,82.86,68.29,,70.27,2.98,99.73,82.28,65.44,35.57,50.00,True,True,True,True,True,450,gh/22711503
pest-parser/pest,rust,github,crates,pest,30.55,68.78,53.46,100,62.01,18.41,67.88,50.00,42.14,40.28,49.98,True,True,True,True,True,451,gh/56964647
jshttp/mime-db,javascript,github,npm,mime-db,59.79,68.34,49.68,100,62.62,73.70,23.47,50.00,29.14,39.84,49.95,True,True,True,True,True,453,gh/22970419
webreflection/html-escaper,javascript,github,npm,html-escaper,28.81,57.91,23.80,100,42.95,100.00,17.92,92.74,68.52,58.09,49.95,True,True,True,True,True,452,gh/33597730
samverschueren/decode-uri-component,javascript,github,npm,decode-uri-component,28.23,57.74,41.20,100,53.32,84.16,16.46,77.37,44.63,46.77,49.94,True,True,True,True,True,454,gh/91837954
jshttp/type-is,javascript,github,npm,type-is,27.65,57.62,41.90,100,53.67,71.50,30.93,50.00,42.08,46.44,49.92,True,True,True,True,True,455,gh/15484233
isaacs/once,javascript,github,npm,once,57.09,67.56,34.13,100,52.94,79.06,13.56,95.73,47.78,47.06,49.91,True,True,True,True,True,456,gh/5409660
python-hyper/brotlicffi,python,github,pypi,brotlicffi,54.71,78.64,43.61,,49.38,53.02,43.94,50.00,55.50,50.42,49.90,True,False,True,True,False,,gh/43543393
jshttp/etag,javascript,github,npm,etag,27.10,57.40,34.65,100,49.24,62.36,41.95,50.00,49.85,50.53,49.88,True,True,True,True,True,457,gh/22894570
whitequark/ipaddr.js,javascript,github,npm,ipaddr.js,34.03,59.84,45.52,100,56.70,22.36,40.12,72.25,57.20,43.88,49.88,True,True,True,True,True,458,gh/2110585
es-shims/string.prototype.trimstart,javascript,github,npm,string.prototype.trimstart,26.73,57.30,34.16,100,48.90,100.00,19.48,56.35,60.41,50.75,49.82,True,True,True,True,True,459,gh/114682105
dtolnay/semver,rust,github,crates,semver,28.93,68.30,53.99,100,62.12,95.96,48.51,50.00,10.87,39.88,49.77,True,True,True,True,True,460,gh/22432442
jimp-dev/jimp,typescript,github,npm,@jimp/types,35.07,60.32,48.40,,48.22,82.43,66.38,53.68,23.43,51.22,49.70,True,True,True,True,True,461,gh/24008065
jshttp/range-parser,javascript,github,npm,range-parser,29.99,58.28,40.71,100,53.25,61.24,32.81,50.00,45.17,46.15,49.57,True,True,True,True,True,462,gh/4627131
ka-weihe/fastest-levenshtein,typescript,github,npm,fastest-levenshtein,33.62,59.63,36.52,100,51.24,60.07,26.31,98.08,33.98,47.91,49.55,True,False,True,True,False,,gh/158960628
unshiftio/requires-port,javascript,github,npm,requires-port,29.58,58.17,28.58,100,45.92,100.00,21.38,86.45,44.11,53.44,49.54,True,True,True,True,True,463,gh/26316179
sindresorhus/make-dir,javascript,github,npm,make-dir,43.55,63.15,39.73,100,54.51,79.54,30.36,72.25,23.51,45.00,49.53,True,True,True,True,True,464,gh/90776169
nicolo-ribaudo/babel-preset-current-node-syntax,javascript,github,npm,babel-preset-current-node-syntax,26.17,57.01,33.15,100,48.21,100.00,12.77,84.42,61.78,50.80,49.49,True,True,True,True,True,465,gh/253327079
autotools-mirror/autoconf,m4,github,cpp,autoconf,27.94,56.45,45.87,,44.95,63.83,50.73,59.34,45.14,54.27,49.39,True,True,True,True,True,466,gh/47662429
jshttp/content-type,typescript,github,npm,content-type,32.48,59.14,38.48,100,52.25,86.05,23.33,50.00,47.01,46.61,49.35,True,True,True,True,True,467,gh/30172150
jshttp/accepts,javascript,github,npm,accepts,29.05,57.99,42.06,100,53.94,68.10,28.60,50.00,42.61,45.13,49.34,True,True,True,True,True,468,gh/15482433
tokio-rs/bytes,rust,github,crates,bytes,34.48,70.83,52.35,100,61.94,14.71,58.65,50.00,55.19,39.28,49.33,True,True,True,True,True,469,gh/30062547
calvinmetcalf/process-nextick-args,javascript,github,npm,process-nextick-args,28.34,57.78,34.94,100,49.58,100.00,16.17,92.74,38.49,49.02,49.30,True,False,True,True,False,,gh/36039131
npm/cacache,javascript,github,npm,cacache,26.24,57.06,51.08,100,58.98,32.32,44.69,50.00,39.84,41.19,49.29,True,True,False,True,False,,gh/193812470
felixge/node-delayed-stream,javascript,github,npm,delayed-stream,45.39,63.69,21.80,100,43.99,100.00,18.54,95.73,52.35,55.21,49.28,True,False,True,True,False,,gh/1783893
raynos/for-each,javascript,github,npm,for-each,32.15,59.08,31.15,100,47.81,94.61,20.56,75.56,45.09,50.74,49.25,True,True,True,True,True,470,gh/6006855
jviereck/regjsparser,javascript,github,npm,regjsparser,25.93,56.93,41.99,100,53.48,35.38,58.12,52.29,39.29,45.34,49.24,True,True,True,True,True,471,gh/14087781
rust-lang/glob,rust,github,crates,glob,40.48,73.21,45.71,100,58.79,21.02,52.44,50.00,52.41,41.23,49.23,True,True,True,True,True,472,gh/23241722
xiph/ogg,c,github,cpp,libogg,25.13,54.67,40.49,,40.34,37.77,65.27,84.42,62.52,60.06,49.22,True,True,True,True,True,473,gh/33956205
python/tzdata,python,github,pypi,tzdata,50.79,77.33,42.02,100,58.02,72.66,37.36,50.00,22.21,41.67,49.17,True,True,True,True,True,474,gh/242158882
aio-libs/aiosignal,python,github,pypi,aiosignal,31.22,69.97,42.62,100,55.69,59.11,31.09,50.00,38.56,43.39,49.16,True,True,True,True,True,475,gh/205007356
sindresorhus/leven,javascript,github,npm,leven,26.31,57.07,35.95,100,49.91,79.35,39.58,72.25,24.14,48.38,49.14,True,True,True,True,True,476,gh/22794601
python/typing,python,github,pypi,typing,25.82,66.98,58.29,,55.32,20.17,61.64,50.00,58.35,43.64,49.13,True,True,True,True,True,477,gh/24604008
dtolnay/itoa,rust,github,crates,itoa,34.00,70.79,46.38,100,58.31,96.43,26.74,50.00,22.73,41.37,49.12,True,True,True,True,True,478,gh/61962375
browserify/randombytes,javascript,github,npm,randombytes,29.74,58.20,35.07,100,49.84,88.39,17.30,79.51,45.14,48.40,49.11,True,True,True,True,True,479,gh/29300004
webpack/tapable,javascript,github,npm,tapable,38.45,61.37,50.17,100,60.08,34.61,48.13,50.00,30.91,40.06,49.06,True,True,True,True,True,480,gh/7730086
es-shims/object.values,javascript,github,npm,object.values,25.90,56.93,34.86,100,49.20,100.00,13.99,65.10,62.76,48.90,49.05,True,True,True,True,True,481,gh/41723335
component/escape-html,javascript,github,npm,escape-html,34.35,59.91,39.02,100,52.84,100.00,8.67,92.74,53.23,45.48,49.02,True,False,True,True,False,,gh/5444800
grncdr/merge-stream,javascript,github,npm,merge-stream,32.20,59.09,36.85,100,51.24,100.00,12.11,88.15,45.04,46.83,48.99,True,False,True,True,False,,gh/10579821
ljharb/call-bind,javascript,github,npm,call-bind,61.16,68.70,32.19,100,52.30,100.00,12.98,56.35,59.68,45.71,48.89,True,True,True,True,True,482,gh/308533760
smol-rs/fastrand,rust,github,crates,fastrand,33.76,70.76,42.92,100,56.20,37.99,39.06,50.00,43.17,42.30,48.76,True,True,True,True,True,483,gh/267368764
alexeyraspopov/picocolors,javascript,github,npm,picocolors,60.96,68.63,40.69,100,57.37,63.06,14.76,79.51,39.73,41.41,48.74,True,False,True,True,False,,gh/410740124
knurling-rs/defmt,rust,github,crates,defmt,28.78,68.24,48.29,,48.34,24.96,76.58,50.00,61.05,49.15,48.74,True,True,True,True,True,484,gh/282262730
sindresorhus/string-width,javascript,github,npm,string-width,69.00,71.69,45.89,100,61.60,68.99,27.14,50.00,23.62,38.56,48.74,True,True,True,True,True,485,gh/39222730
sindresorhus/meow,javascript,github,npm,meow,25.39,56.72,52.40,100,59.65,39.65,49.14,50.00,25.66,39.76,48.70,True,True,True,True,True,486,gh/25121561
enarx/ciborium,rust,github,crates,ciborium,25.53,66.59,40.34,100,53.42,20.64,58.34,50.00,62.98,44.13,48.55,True,False,True,True,False,,gh/313759241
rust-lang/flate2-rs,rust,github,crates,flate2,50.50,75.75,52.10,100,63.88,12.26,61.95,50.00,48.75,36.89,48.54,True,True,True,True,True,487,gh/21954009
inspect-js/is-data-view,javascript,github,npm,is-data-view,32.34,59.13,27.14,100,45.43,100.00,19.01,72.25,52.43,51.80,48.51,True,True,True,True,True,488,gh/751048078
jpadilla/pyjwt,python,github,pypi,pyjwt,42.77,74.20,56.98,100,65.89,11.40,56.32,87.62,28.81,35.68,48.49,True,True,True,True,True,489,gh/1408162
peternator7/strum,rust,github,crates,strum_macros,27.50,67.38,52.66,100,61.08,15.91,65.10,50.00,42.01,38.41,48.44,True,False,True,True,False,,gh/80964373
inspect-js/is-symbol,javascript,github,npm,is-symbol,34.25,59.89,33.70,100,49.63,100.00,16.95,52.29,56.19,47.24,48.42,True,True,True,True,True,490,gh/29791606
mathiasbynens/emoji-regex,javascript,github,npm,emoji-regex,49.24,64.74,44.53,100,58.12,84.85,12.29,79.51,31.82,40.30,48.40,True,True,True,True,True,491,gh/24557614
conventional-changelog/commitlint,typescript,github,npm,@commitlint/types,37.41,61.05,62.76,,59.38,16.18,63.40,50.00,47.06,39.42,48.38,True,False,True,True,False,,gh/51575745
xorg/lib/libxrender,c,gitlab,cpp,libxrender,25.80,55.30,,,40.55,61.58,60.59,50.00,59.53,57.73,48.38,True,True,True,True,True,492,gl/freedesktop-730
python-jsonschema/jsonschema-specifications,python,github,pypi,jsonschema-specifications,30.14,68.90,35.42,100,51.16,95.81,24.54,50.00,37.13,45.71,48.36,True,True,True,True,True,493,gh/582755777
sindresorhus/clean-stack,javascript,github,npm,clean-stack,28.54,57.83,40.93,100,53.19,70.29,29.58,72.25,24.25,43.69,48.21,True,True,True,True,True,494,gh/62838930
dmitrysoshnikov/regexp-tree,javascript,github,npm,regexp-tree,27.06,57.40,45.45,0,35.72,36.11,62.52,92.74,84.88,64.93,48.16,True,False,True,True,False,,gh/85459304
googlechrome/workbox,javascript,github,npm,workbox-core,53.48,66.10,53.31,,54.93,33.93,68.90,50.00,27.11,42.19,48.14,True,True,False,True,False,,gh/55424670
sec-ant/readable-stream,typescript,github,npm,@sec-ant/readable-stream,33.01,59.37,31.28,,35.01,100.00,29.72,75.56,85.11,66.12,48.11,True,False,True,True,False,,gh/569980966
sindresorhus/decamelize,javascript,github,npm,decamelize,28.85,57.92,40.15,100,52.77,70.92,22.14,72.25,32.50,43.82,48.09,True,True,True,True,True,495,gh/29773710
jonschlinkert/assign-symbols,javascript,github,npm,assign-symbols,35.82,60.55,24.14,100,44.12,100.00,18.82,92.74,43.09,52.37,48.07,True,True,True,True,True,496,gh/45661176
sindresorhus/mimic-response,javascript,github,npm,mimic-response,38.79,61.48,31.85,100,49.14,79.06,19.77,72.25,42.92,46.92,48.02,True,True,True,True,True,497,gh/93189529
rust-lang/pkg-config-rs,rust,github,crates,pkg-config,25.30,66.57,47.76,100,57.84,20.20,51.33,53.68,45.31,39.85,48.01,True,True,True,True,True,498,gh/26042035
cheeriojs/dom-serializer,typescript,github,npm,dom-serializer,35.30,60.41,42.68,100,55.18,92.01,14.36,50.00,46.02,41.76,48.00,True,True,True,True,True,499,gh/18991884
stefanpenner/get-caller-file,typescript,github,npm,get-caller-file,37.03,60.91,29.07,100,47.24,100.00,11.98,99.57,47.47,48.78,48.00,True,False,True,True,False,,gh/48818175
stream-utils/unpipe,javascript,github,npm,unpipe,30.20,58.39,18.39,100,39.89,100.00,23.61,92.74,50.81,57.75,48.00,True,False,True,True,False,,gh/37428186
ehmicky/human-signals,javascript,github,npm,human-signals,35.53,60.52,27.57,100,46.15,99.59,13.78,88.15,51.24,49.90,47.99,True,False,True,True,False,,gh/214467546
python/cpython,python,github,cpp,python,39.20,64.26,72.39,,67.23,3.09,99.25,98.30,45.24,34.17,47.93,True,True,True,True,True,500,gh/81598961
sindresorhus/figures,javascript,github,npm,figures,32.58,59.17,40.74,100,53.62,79.76,16.00,72.25,36.30,42.77,47.89,True,True,True,True,True,501,gh/21672939
ljharb/es-shim-unscopables,javascript,github,npm,es-shim-unscopables,27.84,57.66,28.15,100,45.44,100.00,17.58,65.10,56.67,50.46,47.88,True,True,True,True,True,502,gh/480458584
jensyt/imurmurhash-js,javascript,github,npm,imurmurhash,41.32,62.27,11.46,100,37.23,100.00,25.28,97.33,58.25,61.53,47.86,True,False,True,True,False,,gh/11802843
open-telemetry/opentelemetry-python-contrib,python,github,pypi,opentelemetry-instrumentation,35.73,71.29,61.67,,59.63,5.10,81.94,72.57,71.38,38.36,47.83,True,True,True,True,True,503,gh/220524743
sindresorhus/open,javascript,github,npm,open,33.51,59.59,49.85,100,59.22,62.88,48.95,59.34,12.03,38.50,47.75,True,True,True,True,True,504,gh/18469325
inspect-js/is-arguments,javascript,github,npm,is-arguments,25.49,56.75,34.26,100,48.78,100.00,17.86,52.29,50.89,46.69,47.72,True,True,True,True,True,505,gh/15725461
sindresorhus/crypto-random-string,javascript,github,npm,crypto-random-string,25.59,56.78,34.61,100,49.00,63.73,35.83,72.25,28.30,46.48,47.72,True,True,True,True,True,506,gh/73665728
aio-libs-abandoned/async-timeout,python,github,pypi,async-timeout,39.08,72.39,39.96,100,55.12,68.92,24.98,50.00,33.70,41.27,47.69,True,True,True,False,False,,gh/67703198
mafintosh/pump,javascript,github,npm,pump,35.70,60.54,37.13,100,51.90,86.90,22.20,75.56,25.13,43.75,47.65,True,True,True,True,True,507,gh/12118126
torvalds/linux,c,github,cpp,linux,62.50,78.53,80.95,,78.34,1.00,99.30,100.00,69.44,28.82,47.52,True,True,True,True,True,508,gh/2325298
jaredhanson/utils-merge,javascript,github,npm,utils-merge,25.20,56.69,28.75,100,45.44,100.00,11.96,92.74,54.32,49.54,47.45,True,True,True,True,True,509,gh/11349896
paulmillr/chokidar,typescript,github,npm,chokidar,40.20,61.92,51.45,100,61.08,40.77,58.61,50.00,15.42,36.84,47.44,True,True,True,True,True,510,gh/4090287
rust-lang/rust,rust,github,crates,rustc-std-workspace-core,75.61,95.01,77.29,,79.29,1.63,99.52,50.00,79.00,28.29,47.36,True,True,True,True,True,511,gh/724712
jshttp/media-typer,javascript,github,npm,media-typer,30.33,58.48,37.93,100,51.64,75.36,26.75,50.00,35.17,43.39,47.34,True,True,True,True,True,512,gh/20814275
sindresorhus/read-pkg,javascript,github,npm,read-pkg,35.01,60.30,39.20,100,53.05,85.44,18.26,65.10,31.09,42.15,47.29,True,True,True,True,True,513,gh/41790094
jonschlinkert/object-visit,javascript,github,npm,object-visit,31.04,58.81,21.83,100,42.08,100.00,18.79,95.73,43.90,53.01,47.23,True,True,True,True,True,514,gh/38545952
inspect-js/is-boolean-object,javascript,github,npm,is-boolean-object,26.63,57.22,31.14,100,47.07,100.00,14.26,65.10,53.52,47.21,47.14,True,True,True,True,True,515,gh/34700259
inspect-js/is-descriptor,javascript,github,npm,is-descriptor,46.74,63.98,39.90,100,55.01,100.00,27.27,72.25,13.49,40.38,47.13,True,True,True,True,True,516,gh/41658845
tootallnate/util-deprecate,javascript,github,npm,util-deprecate,51.43,65.27,28.04,100,48.49,100.00,10.60,88.15,47.08,45.80,47.13,True,False,True,True,False,,gh/19321056
python-trio/sniffio,python,github,pypi,sniffio,32.26,70.48,43.24,100,56.22,36.43,29.40,50.00,44.92,39.38,47.05,True,True,True,True,True,517,gh/142657210
kevva/dir-glob,javascript,github,npm,dir-glob,27.28,57.48,24.49,100,43.17,100.00,20.44,77.37,43.53,51.22,47.02,True,True,True,True,True,518,gh/49264969
businho/pytest-ruff,python,github,pypi,pytest-ruff,65.43,81.98,38.48,,47.29,80.06,19.55,77.37,38.74,46.54,46.91,True,False,True,True,False,,gh/599731435
kemitchell/validate-npm-package-license.js,javascript,github,npm,validate-npm-package-license,29.49,58.13,27.44,100,45.23,100.00,16.56,86.45,39.10,48.64,46.90,True,False,True,True,False,,gh/35000460
gitlab-freedesktop-mirrors/libxcb,c,github,cpp,libxcb,33.06,59.54,22.26,,28.27,100.00,59.50,95.73,64.27,77.78,46.89,True,True,True,True,True,519,gh/444023705
sindresorhus/npm-run-path,javascript,github,npm,npm-run-path,39.13,61.61,34.62,100,50.85,68.19,19.20,72.25,36.91,43.23,46.89,True,True,True,True,True,520,gh/48707028
jorgebucaran/colorette,javascript,github,npm,colorette,25.26,56.71,44.42,100,54.85,91.86,13.27,92.74,22.75,40.05,46.87,True,True,True,True,True,521,gh/34648097
annotated-types/annotated-types,python,github,pypi,annotated-types,33.57,70.82,41.51,100,55.34,37.58,27.71,72.25,32.64,39.59,46.81,True,True,True,True,True,522,gh/487934134
hyperium/http-body,rust,github,crates,http-body,26.98,67.20,44.18,100,55.93,22.19,37.39,53.68,52.76,39.15,46.79,True,True,True,True,True,523,gh/183281612
sindresorhus/is-docker,javascript,github,npm,is-docker,42.78,62.91,40.37,100,54.79,93.13,16.71,72.25,22.62,39.93,46.77,True,True,True,True,True,524,gh/33590534
dtolnay/automod,rust,github,crates,automod,51.64,75.85,36.38,,43.22,96.13,29.35,53.68,43.14,50.56,46.75,True,True,True,True,True,525,gh/173074854
rust-lang/libz-sys,rust,github,crates,libz-sys,25.76,66.78,48.21,100,58.18,21.06,50.62,50.00,37.30,37.55,46.74,True,True,True,True,True,526,gh/26042019
open-telemetry/opentelemetry-js-contrib,typescript,github,npm,@opentelemetry/instrumentation-undici,32.87,59.30,60.48,,56.88,8.15,81.32,50.00,64.52,38.24,46.64,True,True,True,True,True,527,gh/255986659
sindresorhus/ansi-escapes,javascript,github,npm,ansi-escapes,38.25,61.34,43.82,100,56.25,73.07,25.63,65.10,18.33,38.66,46.63,True,True,True,True,True,528,gh/40721875
jshttp/forwarded,javascript,github,npm,forwarded,30.29,58.47,38.51,100,51.98,86.35,27.08,50.00,25.99,41.75,46.59,True,True,True,True,True,529,gh/24300217
sindresorhus/is-wsl,javascript,github,npm,is-wsl,35.35,60.43,34.76,100,50.43,82.46,17.03,59.34,40.82,42.95,46.54,True,True,True,True,True,530,gh/88415331
octokit/openapi-types.ts,javascript,github,npm,@octokit/openapi-types,35.65,60.53,43.82,100,55.91,64.93,26.08,50.00,26.57,38.73,46.53,True,True,False,True,False,,gh/304109193
mathiasbynens/unicode-property-aliases-ecmascript,javascript,github,npm,unicode-property-aliases-ecmascript,25.66,56.82,31.48,100,47.14,88.39,16.74,86.45,34.33,45.78,46.46,True,True,True,True,True,531,gh/88333533
inspect-js/which-boxed-primitive,javascript,github,npm,which-boxed-primitive,26.88,57.35,32.03,100,47.64,100.00,16.41,52.29,48.51,45.17,46.39,True,True,True,True,True,532,gh/201685155
daaku/nodejs-makeerror,javascript,github,npm,makeerror,31.09,58.82,25.62,100,44.36,100.00,29.88,98.40,18.51,48.30,46.29,True,False,True,True,False,,gh/2097803
dtolnay/ref-cast,rust,github,crates,ref-cast,39.44,72.66,37.55,,42.17,99.31,46.36,50.00,28.44,50.58,46.18,True,True,True,True,True,533,gh/106295902
inspect-js/is-data-descriptor,javascript,github,npm,is-data-descriptor,38.06,61.28,32.69,100,49.55,98.02,25.42,65.10,21.05,42.99,46.15,True,True,True,True,True,534,gh/41659073
jonschlinkert/has-value,javascript,github,npm,has-value,29.62,58.18,25.54,100,44.10,100.00,13.47,92.74,43.26,48.21,46.11,True,True,True,True,True,535,gh/24310408
tj/node-cookie-signature,javascript,github,npm,cookie-signature,26.52,57.21,36.64,100,50.36,79.74,13.54,95.73,30.56,42.16,46.08,True,True,True,True,True,536,gh/6229722
googleapis/python-crc32c,shell,github,pypi,google-crc32c,33.76,70.83,45.27,100,57.62,37.21,39.05,50.00,25.27,36.81,46.05,True,False,True,False,False,,gh/159736041
python/mypy_extensions,python,github,pypi,mypy-extensions,31.05,69.76,44.66,100,56.88,36.65,27.14,50.00,38.79,37.27,46.04,True,True,True,True,True,537,gh/165752308
aio-libs/propcache,python,github,pypi,propcache,30.73,69.72,41.95,,44.02,70.03,29.88,50.00,50.66,47.98,45.96,True,True,True,True,True,540,gh/866565706
es-shims/es-object-atoms,javascript,github,npm,es-object-atoms,60.18,68.35,29.50,100,50.55,100.00,10.14,65.10,46.18,41.78,45.96,True,True,True,True,True,541,gh/773229339
ljharb/side-channel,javascript,github,npm,side-channel,54.45,66.30,38.31,100,55.06,94.13,9.64,65.10,36.68,38.37,45.96,True,True,True,True,True,538,gh/225239081
sindresorhus/node-defaults,javascript,github,npm,defaults,27.32,57.49,29.22,100,46.01,92.04,25.65,75.56,24.90,45.91,45.96,True,True,True,True,True,539,gh/7985040
thlorenz/deep-is,javascript,github,npm,deep-is,31.00,58.78,28.81,100,46.26,100.00,25.69,98.40,17.00,45.53,45.89,True,True,True,True,True,542,gh/9345558
sindresorhus/locate-path,javascript,github,npm,locate-path,59.60,68.33,37.36,100,55.21,70.92,13.91,72.25,29.64,38.12,45.88,True,True,True,True,True,543,gh/74266248
sindresorhus/indent-string,javascript,github,npm,indent-string,38.19,61.30,37.82,100,52.64,66.33,18.38,72.25,28.93,39.95,45.86,True,True,True,True,True,545,gh/20576837
sindresorhus/parse-json,javascript,github,npm,parse-json,44.27,63.45,44.19,100,57.29,59.31,18.93,56.35,28.69,36.71,45.86,True,True,True,True,True,544,gh/41367145
sindresorhus/path-type,javascript,github,npm,path-type,44.64,63.55,33.05,100,50.65,70.71,15.31,75.56,36.20,41.48,45.84,True,True,True,True,True,546,gh/41905436
inspect-js/functions-have-names,javascript,github,npm,functions-have-names,25.53,56.76,31.70,100,47.25,100.00,15.07,50.00,51.87,44.46,45.83,True,True,True,True,True,547,gh/198357138
jaraco/jaraco.develop,python,github,pypi,jaraco-develop,26.81,67.36,39.56,,41.44,88.56,31.47,50.00,46.83,50.54,45.76,True,True,True,True,True,548,gh/48289082
sindresorhus/yocto-queue,javascript,github,npm,yocto-queue,70.65,72.32,32.03,100,53.51,80.83,13.19,72.25,30.22,39.06,45.72,True,True,True,True,True,549,gh/315531538
dtolnay/no-panic,rust,github,crates,no-panic,39.77,72.79,28.99,,35.81,96.32,37.67,50.00,63.28,58.21,45.66,True,True,True,True,True,550,gh/143469762
rust-fuzz/arbitrary,rust,github,crates,arbitrary,46.78,74.94,48.46,100,61.25,12.83,45.24,52.29,44.21,34.03,45.65,True,True,True,True,True,551,gh/90591032
jd/tenacity,python,github,pypi,tenacity,26.48,67.14,51.05,100,59.99,13.97,38.61,50.00,53.88,34.72,45.64,True,True,True,True,True,552,gh/65468547
certbot/certbot,python,github,pypi,acme,39.32,78.96,59.43,,59.36,30.72,71.22,50.00,13.67,34.97,45.56,True,True,True,True,True,553,gh/26516210
micromatch/is-extglob,javascript,github,npm,is-extglob,61.56,68.72,21.79,100,46.10,100.00,16.28,56.35,44.78,45.02,45.56,True,True,True,True,True,554,gh/31788841
inspect-js/is-string,javascript,github,npm,is-string,31.91,59.02,30.20,100,47.21,100.00,12.31,59.34,50.74,43.88,45.51,True,True,True,True,True,555,gh/30010185
sindresorhus/is-stream,javascript,github,npm,is-stream,54.74,66.49,30.91,100,50.67,70.71,26.15,72.25,20.89,40.87,45.51,True,True,True,True,True,556,gh/29436825
inspect-js/is-bigint,javascript,github,npm,is-bigint,26.20,57.04,32.35,100,47.73,97.10,19.01,50.00,38.04,43.29,45.46,True,True,True,True,True,557,gh/149682261
inspect-js/is-number-object,javascript,github,npm,is-number-object,26.55,57.22,31.03,100,47.00,100.00,11.98,65.10,47.47,43.86,45.40,True,True,True,True,True,558,gh/29991666
blakeembrey/array-flatten,javascript,github,npm,array-flatten,28.73,57.88,31.93,100,47.82,70.71,20.20,79.51,30.11,43.00,45.35,True,True,True,True,True,560,gh/17789771
yargs/set-blocking,javascript,github,npm,set-blocking,25.13,56.69,27.38,100,44.61,100.00,10.14,96.48,46.18,46.10,45.35,True,True,True,True,True,559,gh/58830287
isaacs/wrappy,javascript,github,npm,wrappy,62.83,69.24,28.29,100,50.18,100.00,11.26,65.10,38.28,40.93,45.32,True,True,True,True,True,561,gh/24208073
inspect-js/has-tostringtag,javascript,github,npm,has-tostringtag,55.95,67.06,28.07,100,49.14,100.00,10.72,50.00,56.83,41.78,45.31,True,True,True,True,True,562,gh/392913710
rvagg/archived-prr,javascript,github,npm,prr,28.65,57.85,16.34,100,38.45,100.00,17.56,92.74,49.76,53.35,45.29,True,False,True,False,False,,gh/9151864
isaacs/inherits,javascript,github,npm,inherits,63.51,69.82,33.74,100,53.58,68.47,9.35,95.73,34.31,38.08,45.17,True,True,True,True,True,563,gh/1580001
tokio-rs/loom,rust,github,crates,loom,33.52,70.70,46.02,,47.54,15.60,61.45,52.29,67.41,42.87,45.14,True,True,True,True,True,564,gh/161875917
sindresorhus/p-locate,javascript,github,npm,p-locate,66.90,70.95,35.24,100,54.93,70.71,13.53,59.34,33.15,37.04,45.11,True,True,True,True,True,565,gh/74265632
bluss/bencher,rust,github,crates,bencher,27.77,67.42,20.46,,27.24,100.00,41.23,88.15,84.38,74.42,45.02,True,True,True,True,True,566,gh/65987276
litejs/natural-compare-lite,javascript,github,npm,natural-compare,32.01,59.05,26.05,100,44.74,91.36,30.57,65.10,23.07,45.26,45.00,True,True,True,True,True,567,gh/9146732
mcollina/reusify,javascript,github,npm,reusify,43.12,63.06,37.37,100,53.04,82.46,10.71,50.00,47.78,38.11,44.96,True,True,True,True,True,568,gh/42106515
jslicense/spdx-license-ids,javascript,github,npm,spdx-license-ids,40.94,62.16,42.26,100,55.67,92.99,14.11,65.10,20.25,36.27,44.93,False,False,True,True,False,,gh/26001547
andrewrk/node-pend,javascript,github,npm,pend,28.69,57.87,13.83,100,36.95,100.00,20.03,92.74,47.79,54.58,44.91,True,True,True,True,True,569,gh/11836813
multimedia-team/aom,c,gitlab,cpp,aom,26.37,55.44,,,40.91,9.19,97.81,95.39,68.71,49.27,44.90,True,True,True,True,True,570,gl/debian-29534
django/asgiref,python,github,pypi,asgiref,25.40,66.75,52.54,100,60.74,11.14,50.61,52.29,40.75,33.11,44.85,True,True,True,True,True,571,gh/48501860
ryanzim/universalify,javascript,github,npm,universalify,57.60,67.67,32.41,100,51.97,66.33,11.03,84.42,36.22,38.67,44.83,True,False,True,True,False,,gh/87651180
scikit-build/ninja-python-distributions,python,github,pypi,ninja,26.70,67.19,39.78,,41.57,75.79,33.04,50.00,42.59,48.05,44.69,True,False,True,True,False,,gh/75102202
inspect-js/is-date-object,javascript,github,npm,is-date-object,31.18,58.83,30.83,100,47.50,100.00,10.29,65.10,46.49,42.01,44.67,True,True,True,True,True,572,gh/29991041
jslicense/spdx-exceptions.json,javascript,github,npm,spdx-exceptions,34.57,60.03,27.35,100,45.87,100.00,7.97,86.45,51.71,43.45,44.64,False,False,True,True,False,,gh/40062896
inspect-js/has-property-descriptors,javascript,github,npm,has-property-descriptors,48.16,64.28,27.92,100,48.00,100.00,9.18,65.10,49.06,41.38,44.57,True,True,True,True,True,573,gh/481834578
visionmedia/bytes.js,javascript,github,npm,bytes,39.98,61.85,41.87,100,55.31,100.00,9.30,86.45,20.55,35.85,44.53,True,False,True,True,False,,gh/4626886
jshttp/statuses,javascript,github,npm,statuses,41.79,62.56,42.22,100,55.77,38.47,21.09,50.00,39.23,35.52,44.51,True,True,True,True,True,574,gh/17690272
jonschlinkert/isobject,javascript,github,npm,isobject,57.26,67.62,32.68,100,52.10,100.00,6.10,88.15,38.39,37.90,44.44,True,True,True,True,True,575,gh/21342886
thlorenz/convert-source-map,javascript,github,npm,convert-source-map,42.69,62.90,43.02,100,56.37,36.43,24.05,72.25,23.75,35.02,44.43,True,True,True,True,True,576,gh/8751561
sindresorhus/import-local,javascript,github,npm,import-local,27.62,57.61,36.59,100,50.48,63.25,17.79,72.25,28.32,38.95,44.34,True,True,True,True,True,577,gh/90292430
sindresorhus/parent-module,javascript,github,npm,parent-module,26.81,57.33,32.27,100,47.78,81.24,17.59,72.25,27.65,41.10,44.31,True,True,True,True,True,578,gh/50187748
jshttp/content-disposition,typescript,github,npm,content-disposition,27.47,57.52,44.03,100,54.92,56.54,11.60,50.00,49.66,35.72,44.29,True,True,True,True,True,579,gh/24216676
qix-/node-is-arrayish,coffeescript,github,npm,is-arrayish,47.24,64.07,32.92,100,50.88,100.00,7.79,95.73,29.41,38.48,44.25,True,True,True,True,True,580,gh/41376759
feross/is-buffer,javascript,github,npm,is-buffer,30.37,58.54,36.82,100,50.98,100.00,7.39,81.11,36.07,38.35,44.22,True,True,True,True,True,581,gh/25997846
inspect-js/is-typed-array,javascript,github,npm,is-typed-array,38.66,61.46,34.35,100,50.62,98.43,8.59,65.10,39.58,38.42,44.10,True,True,True,True,True,582,gh/43528820
sindresorhus/unicorn-magic,javascript,github,npm,unicorn-magic,52.17,65.59,26.91,100,47.92,92.04,11.26,75.56,34.33,40.49,44.05,True,True,True,True,True,583,gh/716660564
myrne/performance-now,coffeescript,github,npm,performance-now,25.96,56.94,25.14,100,43.37,100.00,6.74,96.48,60.25,44.49,43.93,True,False,True,True,False,,gh/10219264
chalk/strip-ansi,javascript,github,npm,strip-ansi,75.26,73.46,43.80,100,61.15,90.55,5.03,72.57,29.83,31.51,43.90,True,True,True,True,True,584,gh/15014856
jsdom/xml-name-validator,javascript,github,npm,xml-name-validator,30.73,58.70,22.91,100,42.69,100.00,12.06,88.15,37.06,44.55,43.61,True,True,True,True,True,585,gh/28553202
sindresorhus/find-cache-directory,javascript,github,npm,find-cache-dir,30.12,58.36,36.18,100,50.56,76.37,18.49,50.00,27.52,37.34,43.45,True,True,True,True,True,586,gh/48783244
inspect-js/hasown,javascript,github,npm,hasown,68.06,71.46,34.36,100,54.57,100.00,5.09,53.68,48.51,33.93,43.03,True,True,True,True,True,587,gh/703350811
sindresorhus/strip-indent,javascript,github,npm,strip-indent,28.61,57.85,37.62,100,51.22,81.24,15.39,72.25,18.69,36.05,42.97,True,True,True,True,True,588,gh/18242629
ljharb/es-define-property,javascript,github,npm,es-define-property,63.75,69.90,26.40,100,49.21,100.00,8.49,50.00,46.49,37.48,42.95,True,True,True,True,True,589,gh/756570458
jshttp/vary,javascript,github,npm,vary,30.07,58.35,34.67,100,49.64,37.27,22.10,50.00,46.17,37.13,42.93,True,True,True,True,True,590,gh/20498698
aws/aws-sdk-js-crypto-helpers,typescript,github,npm,@aws-crypto/util,42.86,62.95,41.74,100,55.63,20.45,33.80,50.00,34.61,33.07,42.89,True,True,False,True,False,,gh/149673986
linusu/buffer-from,javascript,github,npm,buffer-from,41.09,62.20,27.77,100,46.99,100.00,12.94,95.73,18.97,39.15,42.89,True,True,True,True,True,592,gh/66025821
servo/rust-fnv,rust,github,crates,fnv,28.33,67.98,42.83,100,55.33,32.40,13.81,65.10,41.97,33.25,42.89,True,True,True,True,True,591,gh/33499190
sindresorhus/cli-cursor,javascript,github,npm,cli-cursor,32.91,59.35,31.84,100,48.33,82.46,10.25,75.56,31.91,37.78,42.73,True,True,True,True,True,593,gh/23512396
es-shims/math-intrinsics,javascript,github,npm,math-intrinsics,38.32,61.35,25.94,,31.91,100.00,20.46,72.25,69.82,56.68,42.53,True,True,True,True,True,594,gh/902014040
jonschlinkert/is-extendable,javascript,github,npm,is-extendable,48.27,64.29,25.89,100,46.79,100.00,7.40,95.73,31.20,38.56,42.48,True,True,True,True,True,595,gh/38225016
inspect-js/is-array-buffer,javascript,github,npm,is-array-buffer,28.19,57.73,32.86,100,48.31,92.63,13.47,50.00,30.77,37.22,42.40,True,True,True,True,True,596,gh/45977026
sindresorhus/path-is-absolute,javascript,github,npm,path-is-absolute,31.96,59.04,24.47,100,43.78,100.00,11.59,79.51,30.77,41.04,42.39,True,True,True,False,False,,gh/30900285
sindresorhus/is-plain-obj,javascript,github,npm,is-plain-obj,41.87,62.66,32.86,100,50.17,73.29,17.64,75.56,16.53,35.65,42.29,True,True,True,True,True,597,gh/38923193
feross/queue-microtask,javascript,github,npm,queue-microtask,43.03,62.99,31.73,100,49.64,100.00,7.17,75.56,30.44,35.84,42.18,True,True,True,True,True,598,gh/207021895
ljharb/call-bind-apply-helpers,javascript,github,npm,call-bind-apply-helpers,68.68,71.56,27.26,,37.98,100.00,12.86,65.10,57.28,46.80,42.16,True,True,True,True,True,599,gh/898190951
ljharb/concat-map,javascript,github,npm,concat-map,33.11,59.40,26.30,100,45.03,100.00,8.17,65.10,45.56,39.45,42.15,True,True,True,True,True,600,gh/548993448
djc/rustc-version-rs,rust,github,crates,rustc_version,26.12,66.86,39.34,100,52.90,92.41,15.35,56.35,15.58,33.41,42.04,True,True,True,True,True,602,gh/41272773
sindresorhus/onetime,javascript,github,npm,onetime,46.15,63.86,35.31,100,52.19,70.71,11.82,59.34,26.54,33.87,42.04,True,True,True,True,True,601,gh/14847357
component/toidentifier,javascript,github,npm,toidentifier,32.96,59.35,21.56,100,42.17,100.00,8.55,84.42,42.59,41.87,42.02,True,False,True,True,False,,gh/114743189
inspect-js/has-bigints,javascript,github,npm,has-bigints,37.66,61.17,32.15,100,49.17,95.92,9.49,59.34,30.55,35.84,41.98,True,True,True,True,True,603,gh/201714166
sindresorhus/is-path-inside,javascript,github,npm,is-path-inside,37.09,60.91,32.78,100,49.47,74.23,15.42,72.25,17.83,34.85,41.52,True,True,True,True,True,604,gh/21054113
fb55/domelementtype,typescript,github,npm,domelementtype,56.59,67.22,39.42,100,56.03,89.58,7.68,50.00,25.64,30.65,41.44,True,True,True,True,True,605,gh/6627835
douglasdwyer/wasm_sync,rust,github,crates,wasm_sync,30.72,68.86,17.65,,25.68,100.00,31.54,99.25,62.54,66.52,41.33,True,False,True,True,False,,gh/668034655
rust-lang-nursery/lazy-static.rs,rust,github,crates,lazy_static,37.08,71.72,49.49,100,60.57,20.11,17.69,50.00,35.29,28.15,41.29,True,False,True,True,False,,gh/21157492
jonschlinkert/map-cache,javascript,github,npm,map-cache,28.30,57.77,15.74,100,38.05,100.00,9.42,95.73,44.42,44.74,41.26,True,True,True,True,True,606,gh/32450614
sindresorhus/is-unicode-supported,javascript,github,npm,is-unicode-supported,42.95,62.98,28.21,100,47.52,76.16,14.40,72.25,20.70,35.79,41.24,True,True,True,True,True,607,gh/348660847
sindresorhus/strip-final-newline,javascript,github,npm,strip-final-newline,37.53,61.09,30.53,100,48.18,66.62,11.89,72.25,26.69,35.16,41.16,True,True,True,True,True,608,gh/47453723
rust-lang/cfg-if,rust,github,crates,cfg-if,52.81,76.09,44.40,100,59.53,31.48,14.34,50.00,28.54,28.33,41.07,True,True,True,True,True,609,gh/38723660
wesleytodd/setprototypeof,javascript,github,npm,setprototypeof,37.92,61.26,29.09,100,47.37,100.00,6.78,79.51,29.29,35.45,40.98,True,True,True,True,True,610,gh/30301031
ljharb/gopd,javascript,github,npm,gopd,66.06,70.71,29.49,100,51.37,100.00,4.37,59.34,43.99,32.68,40.97,True,True,True,True,True,611,gh/560708130
kevva/shebang-command,javascript,github,npm,shebang-command,45.29,63.67,20.26,100,43.05,100.00,7.91,77.37,37.21,38.85,40.90,True,True,True,True,True,612,gh/47402913
certifi/python-certifi,python,github,pypi,certifi,69.71,82.94,54.33,100,67.86,30.46,10.49,85.44,13.30,24.55,40.82,True,False,True,True,False,,gh/3060959
fontconfig/fontconfig,c,gitlab,cpp,fontconfig,32.09,58.98,,0,22.77,64.23,88.05,65.10,77.95,73.19,40.82,True,True,True,True,True,613,gl/freedesktop-890
jshttp/methods,javascript,github,npm,methods,25.83,56.86,37.20,100,50.59,70.71,13.44,50.00,24.63,32.89,40.79,True,True,True,True,True,614,gh/8274071
sindresorhus/mimic-function,javascript,github,npm,mimic-function,55.18,66.76,32.72,,39.78,43.45,24.77,72.25,37.93,41.44,40.60,True,True,True,True,True,615,gh/71381729
mathiasbynens/unicode-canonical-property-names-ecmascript,javascript,github,npm,unicode-canonical-property-names-ecmascript,25.56,56.78,27.57,100,44.78,100.00,5.39,84.42,39.03,36.51,40.43,True,True,True,True,True,616,gh/88346537
sindresorhus/path-key,javascript,github,npm,path-key,53.21,65.99,31.14,100,50.60,70.71,8.56,72.25,24.50,32.17,40.35,True,True,True,True,True,617,gh/48706449
ljharb/safe-regex-test,javascript,github,npm,safe-regex-test,33.36,59.54,33.84,100,49.59,96.73,6.29,59.34,31.25,32.59,40.20,True,True,True,True,True,618,gh/540138887
ljharb/possible-typed-array-names,javascript,github,npm,possible-typed-array-names,38.93,61.55,26.71,100,46.07,100.00,6.36,65.10,36.24,35.00,40.16,True,True,True,True,True,619,gh/760136716
node-fetch/fetch-blob,javascript,github,npm,fetch-blob,34.51,59.99,38.59,0,32.60,78.50,41.28,52.29,35.09,49.38,40.12,True,True,True,True,True,620,gh/186960326
ljharb/side-channel-list,javascript,github,npm,side-channel-list,31.54,58.93,27.96,,32.28,100.00,19.00,50.00,63.03,49.47,39.96,True,True,True,True,True,621,gh/901451610
jaraco/pytest-perf,python,github,pypi,pytest-perf,26.92,67.36,37.35,,39.80,83.07,20.08,52.29,29.65,40.10,39.95,True,True,True,True,True,622,gh/372026120
sindresorhus/read-package-up,javascript,github,npm,read-pkg-up,29.70,58.19,36.60,100,50.75,87.94,6.24,72.25,23.62,31.11,39.73,True,True,True,True,True,623,gh/41842429
npm/json-parse-even-better-errors,javascript,github,npm,json-parse-even-better-errors,30.68,58.69,36.62,100,50.91,77.67,11.23,50.00,20.95,30.92,39.68,True,True,False,True,False,,gh/211384370
npm/ssri,javascript,github,npm,ssri,27.39,57.50,51.78,100,59.56,34.89,12.76,72.57,15.11,26.43,39.68,True,True,False,True,False,,gh/193817839
sindresorhus/to-fast-properties,javascript,github,npm,to-fast-properties,28.42,57.79,33.26,100,48.58,62.27,10.14,75.56,23.06,32.39,39.67,True,True,True,True,True,624,gh/31656998
ljharb/call-bound,javascript,github,npm,call-bound,74.85,73.41,28.18,,39.67,100.00,7.35,65.10,51.50,39.62,39.64,True,True,True,True,True,625,gh/898125972
inspect-js/array-buffer-byte-length,javascript,github,npm,array-buffer-byte-length,25.79,56.86,27.60,100,44.83,100.00,6.94,56.35,38.28,34.98,39.60,True,True,True,True,True,626,gh/607836784
sindresorhus/detect-newline,javascript,github,npm,detect-newline,32.10,59.06,29.65,100,46.91,70.71,10.18,75.56,22.86,33.39,39.58,True,True,True,True,True,627,gh/21304485
sindresorhus/restore-cursor,javascript,github,npm,restore-cursor,42.61,62.87,31.89,100,49.68,77.06,5.29,92.74,25.64,31.38,39.48,True,True,True,True,True,628,gh/23512229
ljharb/es-errors,javascript,github,npm,es-errors,81.91,76.16,25.76,100,51.26,100.00,4.09,50.00,39.98,30.07,39.26,True,True,True,True,True,629,gh/752160492
es-shims/dunder-proto,javascript,github,npm,dunder-proto,50.03,64.92,25.96,,33.84,100.00,9.92,72.25,58.57,45.26,39.14,True,True,True,True,True,630,gh/898274312
npm/hosted-git-info,javascript,github,npm,hosted-git-info,39.41,61.71,55.60,100,63.47,36.10,14.24,72.57,9.00,24.07,39.09,True,True,False,True,False,,gh/25002984
graydon/exhaustigen-rs,rust,github,crates,exhaustigen,28.18,67.96,18.87,,26.17,100.00,17.05,99.25,63.03,57.15,38.67,True,False,True,True,False,,gh/432630522
daaku/nodejs-tmpl,javascript,github,npm,tmpl,36.48,60.72,42.43,100,55.18,100.00,2.02,98.08,27.12,27.07,38.65,True,False,True,True,False,,gh/2171213
definitelytyped/definitelytyped,typescript,github,npm,@types/node,89.38,86.11,70.19,100,79.66,1.00,85.71,50.00,28.83,18.75,38.65,True,True,False,True,False,,gh/6093316
npm/abbrev-js,javascript,github,npm,abbrev,34.84,60.15,38.26,100,52.46,61.20,12.42,50.00,17.32,28.48,38.65,True,True,False,True,False,,gh/554893
inspect-js/available-typed-arrays,javascript,github,npm,available-typed-arrays,29.82,58.24,33.98,100,49.19,94.81,6.10,59.34,24.62,30.32,38.62,True,True,True,True,True,631,gh/235965505
rust-embedded/critical-section,rust,github,crates,critical-section,28.62,68.23,37.60,,40.31,59.07,18.14,52.29,33.34,36.97,38.60,True,False,True,True,False,,gh/365854323
sindresorhus/log-symbols,javascript,github,npm,log-symbols,28.93,57.96,41.12,100,53.36,70.71,10.37,75.56,10.90,27.88,38.57,True,True,True,True,True,632,gh/21673868
libtiff/libtiff,c,gitlab,cpp,tiff,35.01,60.75,,0,23.94,32.49,92.52,99.27,49.59,62.02,38.53,True,False,True,True,False,,gl/4720790
sindresorhus/path-exists,javascript,github,npm,path-exists,43.90,63.30,34.80,100,51.60,74.54,5.03,75.56,23.43,28.54,38.38,True,True,True,True,True,633,gh/34965664
sindresorhus/package-directory,javascript,github,npm,pkg-dir,46.45,63.92,33.52,100,51.15,79.54,5.61,65.10,23.64,28.79,38.37,True,True,True,True,True,634,gh/41724281
sindresorhus/is-inside-container,javascript,github,npm,is-inside-container,37.22,60.95,17.84,100,40.52,100.00,7.09,79.51,30.11,36.09,38.24,True,True,True,True,True,635,gh/601943060
chicoxyzzy/node-releases,javascript,github,npm,node-releases,39.07,61.60,48.18,100,58.97,77.15,4.56,56.35,19.06,24.79,38.23,True,False,True,True,False,,gh/73765596
sindresorhus/find-up-simple,javascript,github,npm,find-up-simple,49.58,64.81,24.95,,33.01,76.93,13.60,72.25,50.58,44.22,38.21,True,True,True,True,True,636,gh/714044439
sindresorhus/has-flag,javascript,github,npm,has-flag,62.19,68.99,33.71,100,53.34,66.33,5.65,72.25,20.48,27.29,38.15,True,True,True,True,True,637,gh/38718671
ljharb/side-channel-weakmap,javascript,github,npm,side-channel-weakmap,31.59,58.94,20.99,,27.06,100.00,23.63,56.35,62.03,53.61,38.09,True,True,True,True,True,638,gh/901188921
colorjs/color-name,javascript,github,npm,color-name,74.04,73.08,38.14,100,57.60,42.26,2.99,86.45,36.12,25.06,37.99,True,True,True,True,True,640,gh/27038309
inspect-js/typed-array-buffer,javascript,github,npm,typed-array-buffer,26.00,56.96,28.37,100,45.32,100.00,5.42,50.00,37.97,31.85,37.99,True,True,True,True,True,641,gh/649850465
sindresorhus/strip-bom,javascript,github,npm,strip-bom,44.08,63.39,31.80,100,49.83,74.54,5.82,72.25,22.47,28.97,37.99,True,True,True,True,True,639,gh/18444852
isaacs/fs-minipass,javascript,github,npm,fs-minipass,31.45,58.89,38.17,100,51.94,73.14,7.75,50.00,19.72,27.34,37.68,True,True,True,True,True,642,gh/102982143
npm/node-which,javascript,github,npm,which,54.59,66.43,45.54,100,59.43,56.97,9.94,50.00,11.35,23.81,37.62,True,True,False,True,False,,gh/2169708
gnome/glib,c,gitlab,cpp,glib,48.03,67.96,,0,29.00,18.17,97.70,50.00,63.19,48.67,37.57,True,True,True,True,True,643,gl/gnome-658
debian/ca-certificates,python,gitlab,cpp,ca-certificates,43.58,66.70,,,55.14,66.33,3.24,72.57,26.46,25.35,37.39,True,True,True,True,True,644,gl/debian-2995
ljharb/get-proto,javascript,github,npm,get-proto,50.14,64.94,23.34,,31.89,100.00,10.46,65.10,53.29,43.65,37.31,True,True,True,True,True,645,gh/911035271
sindresorhus/escape-string-regexp,javascript,github,npm,escape-string-regexp,59.03,68.01,36.49,100,54.60,70.71,5.16,72.25,14.97,25.06,36.99,True,True,True,True,True,646,gh/21169121
npm/nopt,javascript,github,npm,nopt,26.95,57.38,45.02,100,55.45,62.23,13.94,50.00,8.15,24.38,36.77,True,True,False,True,False,,gh/1544436
npm/write-file-atomic,javascript,github,npm,write-file-atomic,34.14,59.87,44.04,100,55.82,61.04,14.04,50.00,7.92,24.14,36.71,True,True,False,True,False,,gh/23896209
inspect-js/node-supports-preserve-symlinks-flag,javascript,github,npm,supports-preserve-symlinks-flag,41.47,62.47,21.27,100,43.16,100.00,3.79,65.10,37.67,31.05,36.61,True,True,True,True,True,647,gh/443970899
eventualbuddha/lines-and-columns,typescript,github,npm,lines-and-columns,27.96,57.68,30.07,,33.26,90.55,7.41,98.08,39.43,40.14,36.54,True,False,True,True,False,,gh/47284288
ljharb/side-channel-map,javascript,github,npm,side-channel-map,34.46,59.97,20.99,,27.55,100.00,13.39,65.10,60.94,48.01,36.37,True,True,True,True,True,648,gh/901191461
sindresorhus/callsites,javascript,github,npm,callsites,47.65,64.16,34.36,100,51.80,77.06,4.49,75.56,16.13,25.48,36.33,True,True,True,True,True,649,gh/18938743
sindresorhus/is-fullwidth-code-point,javascript,github,npm,is-fullwidth-code-point,53.08,65.94,37.21,100,54.23,72.11,4.19,59.34,18.90,24.13,36.17,True,True,True,True,True,650,gh/39222301
sindresorhus/p-try,javascript,github,npm,p-try,34.41,59.93,31.17,100,48.14,79.06,3.70,75.56,23.81,26.93,36.01,True,True,True,True,True,651,gh/71534796
npm/mute-stream,javascript,github,npm,mute-stream,31.68,58.96,36.72,100,51.10,61.24,11.53,50.00,10.60,24.73,35.55,True,True,False,True,False,,gh/5159166
mdn/data,javascript,github,npm,mdn-data,34.95,60.29,55.34,100,62.73,24.00,13.47,50.00,9.72,19.91,35.34,False,False,True,True,False,,gh/70901646
pillarjs/encodeurl,javascript,github,npm,encodeurl,35.18,60.38,36.92,100,51.71,36.93,7.09,50.00,25.33,24.00,35.23,True,True,True,True,True,652,gh/60721766
juliangruber/isarray,javascript,github,npm,isarray,51.92,65.47,39.20,100,55.26,82.98,4.53,50.00,11.99,21.79,34.70,True,True,True,True,True,653,gh/10227611
calvinmetcalf/minimalistic-assert,javascript,github,npm,minimalistic-assert,36.54,60.73,22.39,100,43.16,100.00,2.33,96.48,21.62,26.40,33.76,True,False,True,True,False,,gh/29144257
sindresorhus/slash,javascript,github,npm,slash,50.72,65.08,32.84,100,51.28,66.18,3.09,72.25,16.24,22.13,33.69,True,True,True,True,True,654,gh/11516031
dtolnay/target-triple,rust,github,crates,target-triple,38.22,72.02,25.08,,32.59,100.00,6.91,56.35,36.61,34.55,33.56,True,True,True,True,True,655,gh/734167706
sindresorhus/resolve-cwd,javascript,github,npm,resolve-cwd,30.82,58.74,26.51,100,44.86,100.00,2.18,72.25,25.17,25.09,33.55,True,True,True,True,True,656,gh/47504070
npm/normalize-package-data,javascript,github,npm,normalize-package-data,33.98,59.82,46.21,100,57.11,34.62,12.76,50.00,6.55,19.50,33.37,True,True,False,True,False,,gh/9301720
npm/ini,javascript,github,npm,ini,48.58,64.51,47.58,100,59.86,36.28,13.72,50.00,4.80,18.59,33.36,True,True,False,True,False,,gh/2167680
npm/unique-slug,javascript,github,npm,unique-slug,28.03,57.72,37.74,100,51.22,67.07,4.60,50.00,11.53,20.54,32.44,True,True,False,True,False,,gh/35246620
sindresorhus/array-union,typescript,github,npm,array-union,30.91,58.76,31.92,100,48.12,66.33,1.93,75.56,19.16,20.75,31.60,True,True,True,True,True,657,gh/21005682
sindresorhus/is-binary-path,javascript,github,npm,is-binary-path,31.40,58.89,29.50,100,46.73,74.54,1.85,75.56,19.96,21.36,31.59,True,True,True,True,True,658,gh/29771247
sindresorhus/binary-extensions,javascript,github,npm,binary-extensions,43.29,63.07,41.32,100,55.43,63.25,1.65,72.25,13.47,17.85,31.46,True,True,True,True,True,659,gh/29771015
sindresorhus/shebang-regex,javascript,github,npm,shebang-regex,55.03,66.59,26.44,100,48.03,74.54,1.65,75.56,18.60,20.39,31.29,True,True,True,True,True,660,gh/30903733
sindresorhus/lowercase-keys,javascript,github,npm,lowercase-keys,32.77,59.25,27.82,100,45.89,82.46,1.75,56.35,23.22,20.85,30.93,True,True,True,True,True,661,gh/29769737
tsconfig/bases,typescript,github,npm,@tsconfig/node16,37.79,61.23,48.34,100,58.91,4.72,13.12,50.00,17.88,15.34,30.06,True,True,True,True,True,662,gh/263697285
jimmywarting/node-domexception,javascript,github,npm,node-domexception,34.09,59.84,19.96,100,41.37,93.96,1.66,96.48,12.25,20.72,29.28,True,True,True,False,False,,gh/371470141
fb55/boolbase,javascript,github,npm,boolbase,36.36,60.68,27.62,100,46.28,74.54,1.43,50.00,21.53,18.40,29.18,True,True,True,True,True,663,gh/16864585
sindresorhus/environment,javascript,github,npm,environment,36.18,60.62,17.24,,25.03,100.00,4.89,72.25,36.61,33.72,29.05,True,True,True,True,True,664,gh/793180075
sindresorhus/tagged-tag,,github,npm,tagged-tag,63.99,69.91,19.17,,31.12,100.00,1.00,72.25,14.54,18.00,23.67,True,True,True,True,True,665,gh/795552264
bincode-org/bincode,,github,crates,bincode,29.24,68.49,19.66,100,41.57,100.00,1.00,99.25,1.64,11.30,21.67,True,False,True,False,False,,gh/24130045
isaacs/inflight-deprecated-do-not-use,,github,npm,inflight,31.64,58.95,28.10,0,25.92,74.54,1.00,50.00,4.12,11.13,16.98,True,True,True,False,False,,gh/19442260
