"package","github_repo","avg_downloads","2021","2022","2023","2024","2025","top","pagerank","pagerank_dl"
"glibc","","53250","105967","42791","37870","33987","45637","False","0.02551494","0.06142893"
"pytest","pytest-dev/pytest","1257965673","345241830","516067149","835834690","1730213184","2862471512","True","0.00883473","0.01503357"
"sphinx","sphinx-doc/sphinx","254961427","49130794","86473796","127796266","268036807","743369474","True","0.0068932","0.00945549"
"gcc","","0","0","0","1","0","0","False","0.00524254","0.01011119"
"requests","","4710720306","1479249205","2512925315","3819051975","6092110312","9650264722","True","0.0045611","0.01150753"
"libstdcxx","","18","0","0","0","0","88","False","0.00395737","0.00616183"
"numpy","numpy/numpy","2791761790","942566850","1450310825","2026892885","3621105444","5917932947","True","0.00326269","0.00672289"
"pytest-cov","","454347196","126134769","173616789","317769646","690039497","964175278","True","0.00311958","0.00855068"
"flake8","pycqa/flake8","301660028","138279421","202658530","271664723","399164637","496532831","True","0.00294569","0.00303302"
"sphinx-rtd-theme","readthedocs/sphinx_rtd_theme","60637163","22619567","31072396","47128114","76445636","125920102","True","0.00290234","0.0034964"
"six","benjaminp/six","3353305511","1800532062","1960330694","2337382099","3938212049","6730070649","True","0.00289834","0.00751833"
"coverage","coveragepy/coveragepy","778493181","216618075","332674101","720940221","1094014967","1528218542","True","0.0028004","0.006965"
"setuptools","pypa/setuptools","4396526259","1590965128","2519353759","3416792952","5592485480","8863033977","True","0.00249322","0.01069787"
"typing-extensions","python/typing_extensions","4103679283","979594688","2275013355","3191711621","5227839356","8844237395","True","0.0024079","0.01174141"
"django","django/django","169367293","85551213","97622012","133834842","221840992","307987405","True","0.00223981","0.00117704"
"black","psf/black","388590056","90584761","176088117","283085202","523995765","869196436","True","0.00197665","0.00295714"
"mypy","python/mypy","308213675","79689621","144670001","192372959","374287077","750048719","True","0.00175272","0.00263731"
"wheel","pypa/wheel","2512298844","1017581748","1495282310","2491794079","4112603107","3444232975","True","0.00168792","0.00946358"
"docutils","","1202976876","686133389","819773620","987074989","1546114004","1975788376","True","0.00158828","0.00346628"
"tox","tox-dev/tox","155607065","47290968","63267240","170352594","217493427","279631095","True","0.00152452","0.00208583"
"packaging","pypa/packaging","3325191252","755774666","1337800800","2145941479","4736441473","7649997843","True","0.00152237","0.00721709"
"mock","testing-cabal/mock","208663086","150642594","129555483","158954004","309155565","295007782","True","0.00147666","0.00326988"
"twine","pypa/twine","93683739","23397184","38336745","46133592","124667484","235883689","True","0.00139107","0.00339874"
"pyyaml","yaml/pyyaml","3002941970","1278085925","1807648981","2397637802","3986560867","5544776276","True","0.00128822","0.00628094"
"importlib-metadata","python/importlib_metadata","2162029974","708576062","1262728100","1843365701","2939464445","4056015560","True","0.00125443","0.00495729"
"jinja2","pallets/jinja","1946778150","842206301","1421082517","1375586436","2299532680","3795482818","True","0.00118508","0.0044549"
"click","pallets/click","2205629807","833749528","1581745532","1728827377","2646174092","4237652506","True","0.00117599","0.00542031"
"flask","pallets/flask","1008855329","449951338","901995838","987657149","1134767744","1569904577","True","0.00116155","0.00207375"
"cython","cython/cython","464476878","213546593","307867898","397216694","556286404","847466801","True","0.00114385","0.00297149"
"pandas","pandas-dev/pandas","2161090814","732517067","1121075234","1515840670","2839484621","4596536480","True","0.00114019","0.00514784"
"python-dateutil","dateutil/dateutil","3603968739","1497090367","1942612109","2585722391","4619852763","7374566067","True","0.00109612","0.00738161"
"postgres","","1708018","655557","1323887","1359098","2883562","2317985","True","0.00107885","0.00047667"
"scipy","scipy/scipy","1018108220","353951981","507576189","703737203","1335961801","2189313927","True","0.00106822","0.00225434"
"isort","pycqa/isort","425263600","185590969","258933024","317753359","578107065","785933582","True","0.0009974","0.00149476"
"nose","","76747367","49863911","63332454","60496059","111423386","98621025","True","0.00099456","0.00032989"
"tomli","hukkin/tomli","1248457598","90240136","583609331","997273323","2027806648","2543358553","True","0.00097259","0.00307266"
"lxml","lxml/lxml","972178914","345890930","612327873","858622652","1129483407","1914569708","True","0.00085783","0.00214138"
"pytz","","1973381728","797238680","1254042237","1573226137","2451322665","3791078921","True","0.00083593","0.00418532"
"future","pythoncharmers/python-future","459697066","357532270","401772651","397494491","498377713","643308206","True","0.00082472","0.00093507"
"sphinxcontrib-spelling","sphinx-contrib/spelling","9536585","1239829","1103920","1428081","10316945","33594152","True","0.00080725","0.00028807"
"pytest-asyncio","pytest-dev/pytest-asyncio","197989651","25369625","47430069","82489379","206734670","627924513","True","0.00079705","0.00144185"
"pre-commit","pre-commit/pre-commit","241306756","38817381","69667495","141027781","308764357","648256764","True","0.00079563","0.00153298"
"aiohttp","aio-libs/aiohttp","1364411643","448183618","682709480","922685405","1742611041","3025868669","True","0.00078397","0.00274937"
"boto3","boto/boto3","9542726218","1865938335","4323548267","8395034985","16296381666","16832727837","True","0.00077061","0.01775169"
"pillow","python-pillow/pillow","1010238435","377564529","531922681","728821348","1276562061","2136321558","True","0.00076743","0.00209015"
"sphinx-prompt","sbrunner/sphinx-prompt","2801125","401624","774529","2188861","4601286","6039324","True","0.00075019","0.00064175"
"matplotlib","matplotlib/matplotlib","613910572","287166439","338862109","440971559","802194547","1200358205","True","0.00074982","0.00176742"
"furo","","8623110","780550","2426071","5338226","13648140","20922562","True","0.00074229","0.00113965"
"urllib3","urllib3/urllib3","5471411478","2181355078","2894368933","4470730977","6956084729","10854517673","True","0.00074133","0.01050419"
"sphinx-sitemap","jdillard/sphinx-sitemap","1748123","159923","676760","993196","4051066","2859671","True","0.00073874","4.47e-05"
"pylint","pylint-dev/pylint","229166159","117819556","137853235","188013139","317317560","384827306","True","0.00073652","0.00079919"
"pyobjc-core","","4811639","1517365","2041772","4887851","7459067","8152142","True","0.0007289","4.974e-05"
"sphinxcontrib-blockdiag","","500781","318478","291024","366693","596560","931149","False","0.00072753","4.194e-05"
"pyobjc-framework-coremedia","","2409856","478964","1053082","2889855","4627399","2999980","True","0.00071317","4.37e-05"
"pyobjc-framework-contacts","","1985975","444366","985200","2526236","3034843","2939232","True","0.00071317","4.292e-05"
"pyobjc-framework-accounts","","2350069","463058","1025344","2860247","4560522","2841174","True","0.00071317","4.359e-05"
"pyobjc-framework-avfoundation","","2392337","455487","1030088","2876417","4625282","2974411","True","0.00071317","4.366e-05"
"pyobjc-framework-coreaudio","","2067780","472384","1016064","2618925","3191611","3039914","True","0.00071317","4.307e-05"
"psutil","giampaolo/psutil","1155983200","349293522","658381833","893179663","1513605557","2365455426","True","0.00071032","0.0032265"
"pygments","pygments/pygments","1272635800","342938974","436467513","716169282","1563187381","3304415852","True","0.00068721","0.00293749"
"pyobjc-framework-quartz","ronaldoussoren/pyobjc","3295264","719568","1321853","3542629","5504055","5388216","True","0.00067742","4.106e-05"
"pyobjc-framework-coretext","ronaldoussoren/pyobjc","2273841","494473","1058711","2683522","3467560","3664940","True","0.00067285","3.91e-05"
"pyobjc-framework-coredata","ronaldoussoren/pyobjc","2047109","500845","1016072","2613040","3159112","2946477","True","0.00067285","3.871e-05"
"pyobjc-framework-corelocation","ronaldoussoren/pyobjc","2000686","453500","992840","2547433","3053647","2956011","True","0.00067285","3.863e-05"
"pyobjc-framework-metal","ronaldoussoren/pyobjc","1128734","435220","586275","755170","986182","2880823","True","0.00067285","3.712e-05"
"pyobjc-framework-cocoa","ronaldoussoren/pyobjc","3825530","1055360","1897538","3739783","5016308","7418661","True","0.00067285","4.177e-05"
"colorama","tartley/colorama","1803062374","891513570","1301213850","1446889411","2238852698","3136842340","True","0.00067278","0.00697047"
"pytest-mock","pytest-dev/pytest-mock","221932341","50888213","79990329","133694807","315972534","529115821","True","0.0006628","0.00109714"
"codecov","codecov/codecov-python","11310512","13411836","11454851","7058247","12740059","11887568","True","0.00064857","0.00051568"
"psycopg2-binary","psycopg/psycopg2","687046645","196319076","379081733","525947546","851082287","1482802582","True","0.00063779","0.00148052"
"ipython","ipython/ipython","450997971","241174546","220562418","311078828","571356698","910817363","True","0.00062688","0.00158983"
"pytest-xdist","pytest-dev/pytest-xdist","236766335","53172148","72611711","125793893","297966897","634287027","True","0.00060392","0.00108891"
"pluggy","","1406797111","316180044","519122850","884185711","1861190935","3453306015","True","0.00059936","0.00331729"
"build","pypa/build","422144600","5720561","40796594","237807728","687971213","1138426904","True","0.00058721","0.00340235"
"pyparsing","pyparsing/pyparsing","1336544702","713222103","1279204146","997565550","1507794688","2184937022","True","0.00057074","0.00256853"
"sphinx-copybutton","executablebooks/sphinx-copybutton","20148404","2257161","5211907","8069350","27654790","57548812","True","0.00056797","0.00072308"
"cryptography","pyca/cryptography","2625325884","671312867","1450576137","2216991617","3524519191","5263229610","True","0.0005562","0.00568401"
"re-assert","","199825","58717","52706","145960","235498","506243","False","0.00054816","0.00137412"
"attrs","","2164027857","801176349","1379422152","1503066727","2768261122","4368212935","True","0.00053842","0.00434128"
"pytest-django","pytest-dev/pytest-django","43442214","17275318","19634289","27260067","53253247","99788150","True","0.00052529","0.00067605"
"django-extensions","django-extensions/django-extensions","40681649","22547438","23362258","31474535","49236232","76787780","True","0.00052089","0.00027597"
"mysqlclient","","91305327","43654733","45659938","52890966","101222728","213098268","True","0.0005208","0.00037193"
"pytest-rerunfailures","pytest-dev/pytest-rerunfailures","81506959","21264192","24107106","41554943","95915227","224693328","True","0.00051377","0.00077446"
"pytest-sugar","teemu/pytest-sugar","18973102","6037887","9631581","11160449","25420734","42614861","True","0.00050942","0.00066956"
"flake8-bugbear","","25530721","10776243","17364370","24406142","36756611","38350239","True","0.00050415","0.00034546"
"coveralls","thekevjames/coveralls-python","9969508","5990456","6486934","6197720","16610572","14561860","True","0.00049339","0.00024643"
"termcolor","termcolor/termcolor","410922629","132105412","267081105","333850382","572650749","748925498","True","0.00049339","0.0009729"
"tqdm","tqdm/tqdm","1023857821","292573472","490757224","764646951","1257695871","2313615586","True","0.00049166","0.00196407"
"environs","sloria/environs","19197071","4726515","6888345","10002925","25156703","49210865","True","0.00049136","0.00023632"
"psycopg","psycopg/psycopg","71763658","88591","3043404","23067699","90574865","242043733","True","0.0004903","0.00033239"
"pytest-html","pytest-dev/pytest-html","68456644","19176929","27440514","43502852","110078481","142084443","True","0.00048517","0.00069192"
"beautifulsoup4","","981067694","245054977","537109081","759966649","1306677273","2056530491","True","0.00048137","0.00208753"
"sqlalchemy","","1194988539","385874142","632108418","1008091488","1620604189","2328264459","True","0.00047633","0.00230417"
"pallets-sphinx-themes","","349681","134154","144699","286224","531194","652134","False","0.00047551","0.00065222"
"sphinxcontrib-trio","","180625","83231","117797","127593","158228","416277","False","0.00046588","0.00099381"
"twisted","","50824451","23974244","32341797","38194560","66820329","92791323","True","0.00046446","0.00065416"
"anyio","","984409889","36314465","173387531","462175113","1096866995","3153305342","True","0.00046392","0.00255011"
"package-name","","147295","55496","73002","143145","224240","240593","False","0.00045774","0.00145336"
"torch","","260000791","54252619","97530477","136059940","348471624","663689296","True","0.00045129","0.00054532"
"pytest-flakes","","444498","422219","352443","372207","434058","641562","False","0.00044751","0.00056194"
"ipdb","gotcha/ipdb","46871527","19539296","34258152","28264195","44141706","108154286","True","0.00044527","0.00055802"
"sphinxcontrib-svg2pdfconverter","missinglinkelectronics/sphinxcontrib-svg2pdfconverter","2092744","1150529","1700555","1506058","2286981","3819596","True","0.00044312","0.00058772"
"pip","pypa/pip","2583276286","1092140658","1345627512","1971335688","3821158354","4686119217","True","0.00044262","0.00508519"
"protobuf","","2095199583","736470347","1101247511","1628408886","2564638849","4445232324","True","0.00044207","0.00398745"
"pytest-trio","","1391399","186041","367422","578803","2847573","2977154","True","0.00042954","0.00056172"
"platformdirs","tox-dev/platformdirs","1576167490","127077459","511958798","1070882861","2288236974","3882681357","True","0.00042947","0.0034275"
"pycodestyle","","444560109","194427706","296916692","367195459","600635672","763625018","True","0.00042822","0.00111507"
"flake8-pyi","","1142700","457087","946535","922357","2040488","1347032","True","0.00042806","0.00050549"
"pytest-xvfb","","763172","264595","278291","519730","866045","1887198","False","0.0004267","0.00055693"
"filelock","","1334509277","291075119","497492765","914935634","1799684939","3169357929","True","0.00042248","0.00313784"
"sphinx-removed-in","","65717","15962","32408","59460","97355","123400","False","0.00042236","0.00055544"
"pygments-pytest","","64680","19012","40942","41704","138072","83672","False","0.00042236","0.00055544"
"pytest-twisted","","523820","207344","245168","346947","551334","1268308","False","0.00042236","0.00055628"
"pytest-bdd","pytest-dev/pytest-bdd","9659667","2351083","5823134","8637262","15013721","16473135","True","0.00042236","0.00057299"
"virtualenv","pypa/virtualenv","1201769027","230320005","381470866","871274628","1686242100","2839537535","True","0.00041926","0.00274718"
"pyopenssl","pyca/pyopenssl","941519618","300738700","521774212","758629421","1222934462","1903521297","True","0.00041223","0.00212982"
"asn1crypto","wbond/asn1crypto","721031611","188180937","425459306","625325997","1003906430","1362285386","True","0.00040146","0.00171758"
"scikit-learn","scikit-learn/scikit-learn","676873250","271260844","385292894","471929921","832595634","1423286956","True","0.00039836","0.00131007"
"myst-parser","executablebooks/myst-parser","19966320","1980887","7809949","14744121","28719020","46577622","True","0.0003981","0.00019398"
"absl-py","abseil/abseil-py","283321300","235593052","235442992","262258190","299771041","383541223","True","0.00039506","0.00061708"
"tornado","tornadoweb/tornado","419595258","223244457","224056233","328168653","517837813","804669136","True","0.00038893","0.0009782"
"uritemplate","python-hyper/uritemplate","483052876","283504589","292280365","329782450","526386942","983310036","True","0.00038811","0.00099841"
"enum34","","89869838","108204374","84657297","83155263","88382281","84949975","True","0.00038736","0.00026276"
"numpydoc","numpy/numpydoc","7831249","2918888","5679311","5294888","10770445","14492714","True","0.00038729","0.00038789"
"std-uritemplate","std-uritemplate/std-uritemplate","17664152","0","0","353054","13152733","74814973","True","0.00038702","0.00014663"
"mkdocs-material","squidfunk/mkdocs-material","44940205","6305312","14729716","32350651","58985835","112329511","True","0.00038673","0.00046455"
"chardet","chardet/chardet","903669093","1052911763","720456960","657276653","848070471","1239629616","True","0.00038526","0.00201979"
"importlib-resources","python/importlib_resources","675177933","174910988","483420839","696138608","999831319","1021587912","True","0.00038089","0.00190563"
"httpx","encode/httpx","822442109","84023907","114478868","244422221","985251358","2684034191","True","0.00037616","0.00185246"
"mkdocs","mkdocs/mkdocs","37501433","7380495","11886126","23127446","47973983","97139113","True","0.00037395","0.00038259"
"sphinxcontrib-programoutput","","881138","666372","720384","673362","983388","1362185","False","0.00036951","0.00061398"
"readme-renderer","","100736038","24787226","40799062","58015356","130013064","250065483","True","0.0003691","0.00078812"
"docopt","","137559503","83923362","122800730","134993770","159071837","187007815","True","0.00036868","0.00034086"
"iconv","","4141","3391","1682","7809","5538","2287","False","0.00036232","0.00049236"
"pydantic","pydantic/pydantic","1826321825","115256729","346056251","1039639827","2700735836","4929920483","True","0.00036226","0.00370408"
"decorator","","929564938","434198117","575645493","742352236","1249253367","1646375479","True","0.00036029","0.00190236"
"hypothesis","hypothesisworks/hypothesis","99803450","22836469","36267430","64908869","162084228","212920256","True","0.00035933","0.00059642"
"doc8","pycqa/doc8","2608268","1290216","2087087","1897747","3103243","4663045","True","0.00035589","0.0006441"
"markdown","python-markdown/markdown","393464575","158374751","242816995","331121191","500154834","734855106","True","0.00035289","0.00079578"
"regex","mrabarnett/mrab-regex","642621876","256432517","274402995","398691719","775776899","1507805251","True","0.00035113","0.00135733"
"pytype","google/pytype","3765437","1366202","3120632","3595942","5806415","4937994","True","0.00034983","0.00019606"
"covdefaults","","1426835","85186","223603","741209","1871479","4212697","True","0.00034706","0.00068824"
"openblas","","23","0","0","107","7","1","False","0.00034191","0.00026369"
"pytest-timeout","pytest-dev/pytest-timeout","86104831","23887877","29511840","47159255","111225433","218739749","True","0.00033785","0.00047109"
"gssapi","pythongssapi/python-gssapi","12417394","1495126","4565752","5031396","8204131","42790563","True","0.00033738","0.00021117"
"pycln","","1419729","31428","864245","1431457","1489388","3282126","True","0.00033738","0.00019105"
"joblib","joblib/joblib","564291055","325413658","285144911","387039841","657124679","1166732188","True","0.0003346","0.00118288"
"typing","python/typing","100943542","95396938","112326950","102870489","108712773","85410559","True","0.000331","0.00042549"
"cffi","python-cffi/cffi","2254338896","862172157","1131492644","1483431279","3012994995","4781603407","True","0.00032963","0.00435036"
"types-requests","python/typeshed","331687102","8327101","48130074","104578959","465139295","1032260081","True","0.00032903","0.00101627"
"pygithub","pygithub/pygithub","246310231","50459853","92004703","138139307","409599327","541347963","True","0.00032747","0.00220881"
"ruff","astral-sh/ruff","230373714","0","244559","44964118","259417002","847242893","True","0.00032543","0.0007644"
"pyenchant","pyenchant/pyenchant","12203843","4511259","5435087","4654548","7318798","39099521","True","0.00032534","0.00011453"
"sphinx-autodoc-typehints","","21782170","3250352","6978630","17110073","33147684","48424111","True","0.00031853","0.00024047"
"python-dotenv","theskumar/python-dotenv","756533399","109204168","213066950","359467534","886573211","2214355133","True","0.00031707","0.0018901"
"charset-normalizer","jawah/charset_normalizer","4009336720","495735649","1967480047","3298620844","5271675667","9013171392","True","0.00031624","0.00780355"
"futures","agronholm/pythonfutures","137444731","270237025","171691921","116961783","77676800","50656124","True","0.00031595","0.0002945"
"openssl","","0","1","0","1","0","0","False","0.00031445","0.00014771"
"markupsafe","pallets/markupsafe","1993921077","873160949","1237512201","1509421230","2414304356","3935206648","True","0.00030917","0.00398796"
"package","","77868","54076","59640","106321","89696","79606","False","0.00030722","8.562e-05"
"toml","uiri/toml","527099963","423965588","451499334","387493409","543870015","828671470","True","0.00030449","0.00124124"
"gitpython","gitpython-developers/gitpython","665236910","233249610","333733235","489332101","886849558","1383020045","True","0.00030014","0.00141092"
"defusedxml","tiran/defusedxml","461419057","257759869","221796340","267496075","543625178","1016417821","True","0.00029408","0.00087685"
"mongo","","291467","220916","293817","352827","335161","254614","False","0.00029164","1.235e-05"
"gfortran","","27","123","7","1","2","0","False","0.00028915","0.00025616"
"sphinx-design","executablebooks/sphinx-design","18266127","38061","887489","7341675","25127351","57936060","True","0.00028886","0.00041451"
"werkzeug","pallets/werkzeug","1175233602","493169280","1019802133","1124661808","1414616512","1823918279","True","0.00028867","0.00225005"
"distlib","pypa/distlib","862617888","201225430","341705962","602007000","1150746598","2017404449","True","0.00028852","0.00216024"
"idna","kjd/idna","4206538302","1527504494","2459966905","2967668336","5273508102","8804043674","True","0.00028782","0.00818884"
"smmap","gitpython-developers/smmap","616318441","223862282","320367318","454201132","810231942","1272929529","True","0.0002847","0.00219824"
"contextlib2","","134572423","117718210","140703462","153366713","162760699","98313029","True","0.00028196","0.00054044"
"cachetools","tkem/cachetools","1469245308","489361468","791694685","1048327478","1801631610","3215211300","True","0.00028186","0.00301866"
"cached-property","pydanny/cached-property","170089212","132975408","181662977","148697780","187958917","199150979","True","0.00027974","0.00067633"
"thrift","","153309067","54998676","85024222","111552645","180462837","334506955","True","0.00027667","0.00038097"
"pbr","","239035898","157780824","210875126","232735674","277007423","316780443","True","0.00027373","0.0004735"
"dataclasses","ericvsmith/dataclasses","137168679","104559996","130648123","132199354","180465627","137970294","True","0.00027321","0.00040558"
"pyjwt","jpadilla/pyjwt","1593465211","546822308","1104224424","1400879036","2115489004","2799911283","True","0.00027315","0.00341141"
"bumpversion","peritus/bumpversion","7312554","3893716","4575585","6009827","12257159","9826482","True","0.00026894","0.00019086"
"ipykernel","ipython/ipykernel","285393978","182369993","143362169","193630470","364604174","543003084","True","0.00026681","0.00075663"
"simplejson","simplejson/simplejson","250434559","162115035","181164531","220055355","257155646","431682230","True","0.00026508","0.00053035"
"pywin32","mhammond/pywin32","96072283","27310697","38934914","59591610","123991552","230532642","True","0.0002647","0.00089643"
"threadloop","","4191604","3830166","5165010","6260144","3469574","2233126","True","0.000262","1.777e-05"
"djangorestframework","encode/django-rest-framework","88638016","44474695","52267306","73627043","115040645","157780393","True","0.00026088","0.00017686"
"pydata-sphinx-theme","pydata/pydata-sphinx-theme","9558857","1131666","2419231","5338216","15236984","23668187","True","0.00025852","0.0002144"
"mypy-extensions","python/mypy_extensions","741343693","239347513","395032311","499526868","942790620","1630021151","True","0.00025809","0.00150272"
"param","holoviz/param","6979368","2408219","4869692","5652081","9474198","12492648","True","0.00025546","2.647e-05"
"msgpack","msgpack/msgpack-python","696415711","163184653","257033860","459246406","948836570","1653777065","True","0.00025084","0.00159035"
"html5lib","html5lib/html5lib-python","173133613","67522818","132572146","175494500","207330609","282747993","True","0.00025043","0.00033451"
"wrapt","grahamdumpleton/wrapt","1308995152","376232320","744702774","967471139","1840693633","2615875894","True","0.00024811","0.00243044"
"jsonschema","python-jsonschema/jsonschema","1289216374","359320743","518743252","1015067554","1840323610","2712626712","True","0.00024607","0.00275013"
"pydocstyle","","40332929","21912334","27212545","40452352","61165771","50921644","True","0.0002451","0.0001586"
"mysql","valhallasw/virtual-mysql-pypi-package","3230757","1319670","1563600","3334379","6249328","3686810","True","0.00024506","0.00010038"
"graphviz","xflr6/graphviz","141161754","76556361","114977891","96087933","152595687","265590897","True","0.00024461","0.0002993"
"redis","redis/redis-py","479573433","191942168","299881793","354585589","550104641","1001352974","True","0.00024388","0.00091871"
"setuptools-scm","pypa/setuptools-scm","380303656","158470044","201501463","232980333","423666939","884899503","True","0.00024132","0.00076359"
"py","","529992142","379634447","511001192","407783773","687779886","663761413","True","0.00023964","0.00116751"
"atomicwrites","untitaker/python-atomicwrites","64488500","77198820","75088220","63866508","50707381","55581570","True","0.00023919","0.00323877"
"ujson","ultrajson/ultrajson","166150567","162937046","135352376","97005741","195234501","240223169","True","0.00023884","0.00038686"
"pyserial","","60652379","23252253","37792399","48362751","92427957","101426534","True","0.00023859","0.00012435"
"dnspython","rthalley/dnspython","506368199","154666087","206543854","358423795","609721173","1202486085","True","0.00023806","0.00104162"
"ninja","scikit-build/ninja-python-distributions","86842882","6943822","21410079","44374993","126019847","235465667","True","0.00023648","0.00039556"
"libpng","","12","46","4","5","5","0","False","0.00023575","0.00017981"
"towncrier","twisted/towncrier","12790277","862565","1190498","2297479","12968453","46632391","True","0.00023226","0.00075718"
"dask","dask/dask","110012378","57664026","81861800","92315590","122346617","195873859","True","0.00023196","0.0002726"
"awscrt","","30101282","918622","1421630","5324866","66270384","76570909","True","0.00023109","6.181e-05"
"freezegun","spulec/freezegun","120780407","40790482","60137642","79380439","159877140","263716331","True","0.00023025","0.00040988"
"pytest-flake8","coherent-oss/pytest-flake8","4733494","3713552","4723229","4657009","5806017","4767661","True","0.00023015","6.873e-05"
"mkdocstrings","mkdocstrings/mkdocstrings","13647340","697353","2279228","5646291","15748970","43864857","True","0.00023015","0.00021274"
"recommonmark","","9187345","8413895","9048988","8868134","9409194","10196515","True","0.00022799","0.00013665"
"eth-utils","ethereum/eth-utils","24141147","2856260","11635017","14040458","53917536","38256463","True","0.00022766","7.437e-05"
"pip-tools","jazzband/pip-tools","119730919","44833748","77996393","113399157","159311515","203113782","True","0.00022658","0.00067225"
"certifi","certifi/python-certifi","4348365957","1410689328","2085357758","3262446778","5493376240","9489959681","True","0.0002262","0.00807577"
"pyproject-api","tox-dev/pyproject-api","69580308","1227","3012480","53206637","120485781","171195414","True","0.00022594","0.00045209"
"rich","textualize/rich","882119609","23653535","123357512","332318309","1535438755","2395829935","True","0.00022579","0.00174953"
"botocore","","5144473449","1985684005","2781640538","3924053580","7008582704","10022406419","True","0.00022536","0.00947952"
"tabulate","astanin/python-tabulate","666732599","280202153","466380678","572194824","817548408","1197336930","True","0.00022516","0.00186355"
"argparse","thomaswaldmann/argparse","116600371","73528244","69855721","84578795","160601986","194437108","True","0.00022403","0.00023137"
"sphinx-autobuild","sphinx-doc/sphinx-autobuild","13930400","2034957","3415974","5320927","11860797","47019346","True","0.00022386","9.07e-05"
"pytest-env","pytest-dev/pytest-env","37101813","5887263","9780663","19763163","42698440","107379536","True","0.00022345","0.00029176"
"wcwidth","jquast/wcwidth","617489826","194991153","287575166","470432860","818736680","1315713272","True","0.00022291","0.00170001"
"pyarrow","apache/arrow","1208951834","349835231","701403984","887257670","1612444720","2493817566","True","0.00022289","0.00234853"
"arrow","arrow-py/arrow","253655738","51251752","86651465","177645816","372655270","580074387","True","0.00022249","0.00046971"
"flake8-docstrings","pycqa/flake8-docstrings","18114908","7326884","11924040","19423576","30578570","21321469","True","0.00022207","6.137e-05"
"molecule","","6514208","3175216","4452231","5745345","9393770","9804477","True","0.00022079","1.752e-05"
"pep8","","12043998","9440226","9635846","11852636","16375178","12916105","True","0.00021785","3.849e-05"
"openpyxl","","862634499","174465932","401877168","672904071","1102557611","1961367711","True","0.0002172","0.00158368"
"extra","","502","1199","1296","8","1","7","False","0.00021716","1.596e-05"
"sphinx-gallery","sphinx-gallery/sphinx-gallery","2683485","1035076","1228228","1991652","4016979","5145491","True","0.00021675","0.00024767"
"sphinxcontrib-serializinghtml","sphinx-doc/sphinxcontrib-serializinghtml","117907092","38409587","60734950","88681901","166487258","235221762","True","0.00021665","0.00034261"
"watchdog","gorakhargosh/watchdog","223605585","43287911","82977432","150153149","277345631","564263801","True","0.00021595","0.00044628"
"webencodings","","416559920","249932298","272371366","316264670","444666433","799564831","True","0.0002153","0.00111703"
"alabaster","sphinx-doc/alabaster","118008179","43702923","64414305","79329375","171659705","230934585","True","0.00021429","0.00035121"
"readthedocs-sphinx-search","","488424","456106","173777","274342","538107","999789","False","0.00021418","0.00012855"
"pytest-runner","pytest-dev/pytest-runner","192879807","114177183","101186527","168065972","351939569","229029786","True","0.00021161","0.00043811"
"astunparse","simonpercivall/astunparse","108956562","52920308","81891776","98156612","150301884","161512229","True","0.00020857","0.00021868"
"tzlocal","","481398468","177528257","276260215","450797110","579673980","922732778","True","0.00020709","0.0009157"
"avro","","72837998","17009514","40865834","66882576","98585214","140846853","True","0.00020702","0.00054473"
"apache-airflow","","166298325","29439748","98982077","165495885","324746461","212827456","True","0.00020687","0.00032553"
"breathe","breathe-doc/breathe","5466036","1420207","3267218","3638068","7990729","11013960","True","0.00020634","0.00017452"
"backoff","litl/backoff","490070095","43262792","163591686","366330433","770782705","1106382859","True","0.00020504","0.00109673"
"rsa","sybrenstuvel/python-rsa","2037122837","972247014","1290690125","1476636912","2504039736","3942000400","True","0.00020321","0.00377604"
"responses","getsentry/responses","184835289","52156131","99232128","134442657","267222208","371123319","True","0.00020277","0.000506"
"cloudpickle","cloudpipe/cloudpickle","568620338","199106008","306844344","350865972","665172490","1321112874","True","0.00020258","0.00106782"
"types-certifi","python/typeshed","22844212","632158","5093070","4787450","14616988","89091395","True","0.00020244","0.00027622"
"annotated-types","annotated-types/annotated-types","895001006","0","13482","188124967","1236386759","3050479822","True","0.00020171","0.00268573"
"pydantic-core","pydantic/pydantic-core","1098685620","0","28810","226504338","1570741646","3696153304","True","0.00020171","0.00305833"
"pyflakes","pycqa/pyflakes","319193134","144140176","204392457","271239815","429465988","546727236","True","0.00020106","0.00062507"
"prettytable","prettytable/prettytable","134516687","42037255","74535554","110659599","195651151","249699875","True","0.00020035","0.00025569"
"maxminddb","maxmind/maxmind-db-reader-python","65303998","30303246","57785320","46873139","74005732","117552554","True","0.00020019","0.00014508"
"nox","wntrblm/nox","21902329","4716652","14092353","12110106","27380829","51211707","True","0.00019964","0.00029908"
"avif","","36838","21250","15387","10926","89447","47182","False","0.00019958","0.00015618"
"types-python-dateutil","python/typeshed","223828237","4197157","22644809","81689825","367204327","643405069","True","0.00019861","0.00061988"
"pre-commit-hooks","pre-commit/pre-commit-hooks","4646610","612150","1233544","1937637","6771226","12678494","True","0.00019821","0.00014063"
"sasl","cloudera/python-sasl","23738058","19113048","35515995","27827918","15331263","20902064","True","0.00019803","0.00014875"
"agate","wireservice/agate","83769135","7563308","22412023","39714282","106431623","242724437","True","0.00019772","0.00019311"
"memory-profiler","pythonprofilers/memory_profiler","18740076","3983436","7411753","9458648","22580207","50266336","True","0.0001973","0.00011591"
"vcrpy","kevin1024/vcrpy","25129698","16093619","20098016","14805529","21639398","53011930","True","0.00019703","9.605e-05"
"pycryptodomex","legrandin/pycryptodome","350585505","131294031","288462149","374623460","450171325","508376562","True","0.00019686","0.00066763"
"nbsphinx","spatialaudio/nbsphinx","5950000","2316957","2699209","4360816","9831544","10541472","True","0.00019683","5.415e-05"
"dbt-core","dbt-labs/dbt-core","140539662","6213755","25537089","59759749","142476076","468711639","True","0.00019674","0.00030486"
"apispec","marshmallow-code/apispec","89574927","28669530","46485657","62410201","153050950","157258296","True","0.00019652","0.00017056"
"if","","3089","5046","5855","4250","281","15","False","0.00019623","3.09e-06"
"rdflib","rdflib/rdflib","31320910","5078939","8310035","17549181","47516942","78149451","True","0.00019607","6.207e-05"
"python-jose","mpdavis/python-jose","105507887","62935241","68850916","82487889","115763487","197501900","True","0.00019547","0.00022823"
"demolib","","3","9","3","1","4","0","False","0.00019513","1.335e-05"
"libjpeg-turbo","","54","0","0","0","0","272","False","0.00019469","0.00016401"
"meson-python","mesonbuild/meson-python","22542884","289","479060","3194074","23485613","85555383","True","0.00019448","0.00023137"
"pytest-benchmark","","20023301","4089856","5152396","8907137","32217418","49749696","True","0.00019413","6.014e-05"
"codespell","codespell-project/codespell","11182067","1382387","3074876","6194173","14440941","30817958","True","0.0001936","6.985e-05"
"unittest2","","11016896","12653044","11832186","10651071","10463104","9485077","True","0.00019344","6.544e-05"
"ddt","datadriventests/ddt","7506831","3283198","3201499","4721150","13093013","13235297","True","0.00019332","0.00017807"
"mccabe","pycqa/mccabe","439256437","211634266","276401695","345847060","607710556","754688610","True","0.000193","0.00087057"
"testtools","testing-cabal/testtools","7466811","6536447","5754627","5833180","8996887","10212913","True","0.00019285","2.833e-05"
"opencv-python","opencv/opencv-python","137756803","55939788","68501626","110151423","175562400","278628779","True","0.00019265","0.000263"
"bandit","pycqa/bandit","49915892","19349040","30289027","37977862","58377312","103586217","True","0.0001918","0.00012338"
"librosa","librosa/librosa","26024453","6285196","12365781","24797103","32256747","54417437","True","0.00019171","5.496e-05"
"azure-common","","418332693","281357742","392693495","399634648","449387738","568589842","True","0.00019161","0.00077355"
"grpcio","","1051904446","328360071","589849301","819996862","1297184181","2224131813","True","0.00019151","0.00199813"
"requests-toolbelt","requests/toolbelt","876371671","192428131","360867044","563407932","1271124811","1994030435","True","0.00019079","0.00166812"
"networkx","networkx/networkx","540769922","175870397","222264114","325900178","702411700","1277403222","True","0.00019046","0.00100442"
"dbt-common","dbt-labs/dbt-common","87983669","0","0","0","44924437","394993906","True","0.0001904","0.00020235"
"toolz","pytoolz/toolz","259725279","87761420","179449865","232498737","371015943","427900430","True","0.0001904","0.0005929"
"more-itertools","more-itertools/more-itertools","799838394","159415790","248429427","527445696","1186246742","1877654313","True","0.0001892","0.00150524"
"ply","","356164785","50155069","203172840","304342752","504739789","718413474","True","0.00018883","0.00066138"
"textparser","eerimoq/textparser","6535729","1060324","2678215","6538954","9831145","12570005","True","0.00018875","1.456e-05"
"ruamel-yaml","","502369704","144008809","204560886","354416094","703628208","1105234522","True","0.00018861","0.00094694"
"graphql-server","","584134","82068","170812","475185","987629","1204978","False","0.00018855","5.42e-06"
"commonmark","","77527001","30197063","95042242","60099837","109777922","92517939","True","0.00018843","0.00028515"
"pytest-coverage","","1417547","599865","576875","775765","1583360","3551868","True","0.00018766","0.00013637"
"flake8-builtins","gforcada/flake8-builtins","8237965","4353731","6285972","7690513","11856654","11002957","True","0.00018726","3.845e-05"
"pyaes","ricmoo/pyaes","21557080","15081746","26144989","18613798","20700980","27243888","True","0.00018708","4.695e-05"
"pyobjc","ronaldoussoren/pyobjc","2758630","960797","1301420","3187341","5073723","3269868","True","0.00018708","1.302e-05"
"types-typed-ast","","1448198","190256","771153","1609884","1994135","2675563","True","0.00018703","0.00013427"
"pytest-md-report","","849302","10047","26941","139142","917623","3152756","False","0.00018688","1.659e-05"
"semantic-version","rbarrois/python-semanticversion","126208205","36609347","48845879","97139523","186318692","262127585","True","0.00018618","0.00029436"
"blinker","pallets-eco/blinker","434373537","55672692","79639469","238262350","659799469","1138493707","True","0.00018576","0.00081241"
"pexpect","pexpect/pexpect","654085120","250681891","294136483","424073029","936428507","1365105690","True","0.00018545","0.00120886"
"vulture","","9708324","1751785","3826717","5773562","10572297","26617257","True","0.00018537","4.973e-05"
"httpretty","gabrielfalcao/httpretty","7296064","4688429","5547036","5567254","9775157","10902444","True","0.00018516","0.00033579"
"orderedmultidict","gruns/orderedmultidict","29264457","8545227","19531200","26612065","41826782","49807013","True","0.00018397","7.623e-05"
"uc-micro-py","","73276847","306372","18112893","54660204","107435728","185869038","True","0.00018345","0.00029495"
"zope-interface","","265245269","121259163","166630740","223572556","350419356","464344528","True","0.00018253","0.00049054"
"ptyprocess","pexpect/ptyprocess","648642493","252031584","295457542","415652775","911626034","1368444532","True","0.0001824","0.00170803"
"aiofiles","tinche/aiofiles","268926042","102116557","77805665","168120055","268606425","727981507","True","0.00018205","0.00050083"
"babel","python-babel/babel","409439491","174526524","183756947","263809682","547208239","877896065","True","0.00018163","0.00089576"
"pyct","holoviz-dev/pyct","3946660","2227192","4579804","4439667","3824434","4662205","True","0.00018148","1.618e-05"
"mashumaro","fatal1ty/mashumaro","90421484","3815597","20866638","41325546","129292309","256807332","True","0.00018124","0.00020469"
"xz","","0","0","2","0","0","0","False","0.00018029","0.00013438"
"aenum","ethanfurman/aenum","203206720","15235447","79703504","188768335","308441885","423884429","True","0.00018016","0.0003802"
"json-stream-rs-tokenizer","smheidrich/py-json-stream-rs-tokenizer","2388889","0","39371","423152","4523764","6958159","True","0.00017959","8.08e-06"
"get","","715","1923","981","278","217","178","False","0.00017959","1.76e-06"
"caio","mosquito/caio","11715257","828323","1286449","5552709","22812755","28096048","True","0.00017959","3.771e-05"
"php","","57933","33282","72095","68227","67671","48392","False","0.00017959","2.199e-05"
"oscrypto","wbond/oscrypto","244578423","101684016","221972597","285230160","316852940","297152400","True","0.00017959","0.00045367"
"opentracing","opentracing/opentracing-python","20894845","20740021","23725347","29232628","19611334","11164895","True","0.00017959","4.061e-05"
"kwonly-args","pasztorpisti/kwonly-args","1361906","216485","459223","1072841","4420667","640314","True","0.00017959","5.35e-06"
"html5tagger","sanic-org/html5tagger","4840613","438","426","1904923","10344614","11952665","True","0.00017959","1.647e-05"
"robotframework-seleniumlibrary","robotframework/seleniumlibrary","16859440","4806346","7633162","26220077","26112824","19524790","True","0.00017959","3.32e-05"
"typish","ramonhagenaars/typish","9740985","5114233","7331861","8742368","13307723","14208738","True","0.00017959","2.997e-05"
"flask-seasurf","","786295","580502","1030386","866820","733427","720338","False","0.00017959","1.396e-05"
"instant-api-client","falsedev/instant-api-client","1276186","4442217","1459182","474497","3600","1436","True","0.00017959","4.13e-06"
"unittest-parallel","","408850","62399","540454","439750","294593","707054","False","0.00017959","1.41e-05"
"urwid","","13148318","8203979","5759051","8411712","12593743","30773104","True","0.00017959","2.789e-05"
"python-json-logger","","281919718","40810843","81063561","210071018","402299200","675353969","True","0.00017959","0.0007158"
"sphinxcontrib-yt","","51524","61229","121559","64947","7465","2422","False","0.00017959","0.00018906"
"localstack-client","localstack/localstack-python-client","3605339","1126711","2406144","3081281","4400231","7012327","True","0.00017959","1.141e-05"
"check-manifest","mgedmin/check-manifest","3800845","2353992","2357897","2529668","4036878","7725791","True","0.00017952","0.00011034"
"elasticsearch","elastic/elasticsearch-py","259321741","120390391","186331398","179783016","343953918","466149982","True","0.00017941","0.00048257"
"traitlets","ipython/traitlets","427918078","207615006","217589462","324808653","548469872","841107399","True","0.00017888","0.00093156"
"pytest-randomly","pytest-dev/pytest-randomly","22937383","5291748","7104443","10934802","43414186","47941735","True","0.00017886","0.00037113"
"paver","","813583","448135","428037","625211","1230508","1336026","False","0.0001786","0.00016523"
"flask-sqlalchemy","pallets-eco/flask-sqlalchemy","98681190","37835138","49590656","64531973","145645921","195802263","True","0.0001784","0.00020351"
"libwebp","","22","0","93","11","4","4","False","0.00017827","0.00015515"
"sphinx-docstring-typing","","7600","3342","4510","5040","12650","12457","False","0.00017781","0.0011651"
"funcsigs","","58934583","47937150","40522122","36373969","112075570","57764102","True","0.00017778","0.00016321"
"azure-core","","835734268","343611938","582861984","736833123","1069607279","1445757018","True","0.00017724","0.00157023"
"ipywidgets","","191098273","151699731","102801101","119229914","236161046","345599571","True","0.00017718","0.00055409"
"pytest-capturelog","","40","141","18","13","20","8","False","0.00017654","0.00051419"
"pep8-naming","","20282903","11302304","16362243","21747649","26238111","25764208","True","0.00017651","5.899e-05"
"keyutils","","2930","2878","3056","2827","2508","3380","False","0.00017572","0.00011384"
"pyspark","","323875686","144905679","275948044","309911818","363654807","524958082","True","0.00017508","0.00065099"
"fire","","73519564","16680947","49144535","78455947","94626087","128690302","True","0.00017478","0.00014494"
"torchvision","pytorch/vision","115693720","24322429","58102223","87074906","157323819","251645221","True","0.00017465","0.00023794"
"freetype","","186","208","132","138","244","207","False","0.00017448","0.00012943"
"python-slugify","un33k/python-slugify","235326801","42849474","95106334","144531801","369667447","524478950","True","0.00017445","0.00046316"
"cuda","","6551","32693","38","15","9","2","False","0.00017425","3.179e-05"
"docker","docker/docker-py","508872160","311741977","348526160","391804782","577001456","915286425","True","0.00017399","0.00096332"
"dill","uqfoundation/dill","542967206","108848121","220450103","361735251","825853221","1197949334","True","0.00017352","0.00100685"
"tensorflow-probability","tensorflow/probability","16796354","18426685","10650100","14062398","28274802","12567784","True","0.00017311","3.386e-05"
"starlette","kludex/starlette","489439640","37508703","106737404","205660219","485131349","1612160525","True","0.00017236","0.00093998"
"flake8-comprehensions","adamchainz/flake8-comprehensions","11580575","6255733","9149632","11608131","15361033","15528344","True","0.00017219","4.749e-05"
"pymdown-extensions","facelessuser/pymdown-extensions","44619559","6065986","10324973","20472770","55613105","130620961","True","0.00017211","0.00016393"
"dbt-adapters","dbt-labs/dbt-adapters","93651371","0","0","0","44584836","423672017","True","0.00017193","0.00019231"
"websocket-client","websocket-client/websocket-client","811263367","384015132","485761112","653738574","957103713","1575698305","True","0.00017182","0.00161652"
"pymongo","mongodb/mongo-python-driver","339118063","152125207","248177521","253695563","382068742","659523283","True","0.00017129","0.0006658"
"nodeenv","ekalinin/nodeenv","266082896","40258209","71815067","148965549","342638436","726737221","True","0.00017122","0.00085259"
"paramiko","paramiko/paramiko","589663134","197123591","343455102","487326434","747639949","1172770592","True","0.00017118","0.00119675"
"mako","","419254317","206860200","258647781","320048330","507940866","802774409","True","0.00017095","0.000888"
"gmp","","4985","0","0","0","15195","9728","False","0.00017078","2.266e-05"
"bump2version","c4urself/bump2version","13534942","6700911","7285206","10470228","20093778","23124589","True","0.00017051","8.082e-05"
"exceptiongroup","","889076042","331","97435585","807359157","1540572638","2000012500","True","0.00017043","0.0017695"
"pcre2","","49215","0","1236","17261","61915","165661","False","0.00016908","6.56e-05"
"mo-future","klahnakoski/mo-future","1901019","436139","1451733","2237058","2596018","2784147","True","0.00016905","6.45e-06"
"prometheus-client","prometheus/client_python","419785633","272997286","232810665","259832612","464922301","868365301","True","0.00016902","0.00079626"
"ffmpeg","jiashaokun/ffmpeg","6252591","4846671","10480326","6761686","4773748","4400522","True","0.000169","4.655e-05"
"pep517","","77188221","42117977","88687299","88553115","81889064","84693648","True","0.00016893","0.00050449"
"base","","182678","213646","175820","170331","195390","158204","False","0.00016862","7.24e-06"
"robotframework","robotframework/robotframework","24656694","9167107","14690980","20465378","34239581","44720426","True","0.0001684","4.826e-05"
"sphinxcontrib-websupport","sphinx-doc/sphinxcontrib-websupport","8127989","7603761","6249072","6744283","7132533","12910295","True","0.00016804","3.758e-05"
"sphinxcontrib-qthelp","sphinx-doc/sphinxcontrib-qthelp","110669069","35412667","58248251","83181714","162256386","214246327","True","0.00016804","0.00031831"
"sphinxcontrib-devhelp","sphinx-doc/sphinxcontrib-devhelp","110416784","35417053","58263187","83185770","161296520","213921390","True","0.00016804","0.00031785"
"sphinxcontrib-applehelp","sphinx-doc/sphinxcontrib-applehelp","110981466","35427535","58269027","84629966","162370172","214210629","True","0.00016804","0.00031888"
"sphinxcontrib-jsmath","","103734427","35275088","58290859","70002307","149417669","205686211","True","0.00016804","0.00030562"
"sphinxcontrib-htmlhelp","sphinx-doc/sphinxcontrib-htmlhelp","111517257","35868194","58495735","84412371","163930159","214879827","True","0.00016804","0.00031986"
"transformers","huggingface/transformers","321703263","30351832","77375879","175903474","391326944","933558184","True","0.000168","0.00059412"
"pyperclip","asweigart/pyperclip","60098653","25671962","47436201","47508749","50038792","129837559","True","0.00016772","0.00034479"
"toposort","","33800451","9928519","19529953","26610848","47768881","65164055","True","0.00016768","0.00042134"
"pip-compile-multi","","989524","595454","677601","785593","1260491","1628479","False","0.00016768","0.00036131"
"identify","pre-commit/identify","241358971","40517099","73187178","148291734","299637500","645161346","True","0.00016739","0.00080123"
"cfgv","asottile/cfgv","235674427","39394116","70008768","141524627","290362223","637082401","True","0.00016739","0.00079083"
"h5py","h5py/h5py","200501504","119301667","149144595","168934987","243684743","321441528","True","0.00016698","0.00038236"
"google-api-core","","2236370926","567165009","1623981816","2342012496","2884891763","3763803545","True","0.00016644","0.00412835"
"zstd","sergey-dryabzhinsky/python-zstd","14030870","1257188","3029680","6812550","15009507","44045427","True","0.00016624","0.00016005"
"types-six","","23475933","2293072","15044046","21224703","32126360","46691483","True","0.00016616","4.751e-05"
"sphinxcontrib-napoleon","","2422353","1335411","1686020","1700146","2889070","4501119","True","0.00016598","9.18e-06"
"types-pkg-resources","","4245161","1065073","4216395","4873809","5753161","5317365","True","0.00016597","1.685e-05"
"maya","","1577611","693233","541492","626624","1570061","4456647","True","0.00016589","0.00012142"
"typing-inspect","ilevkivskyi/typing_inspect","328035348","136654718","192437929","244095676","404732811","662255608","True","0.0001657","0.00060516"
"mistune","lepture/mistune","261898594","171745126","141141398","183435990","296192066","516978388","True","0.00016568","0.00079127"
"selinux","pycontribs/selinux","4660430","3204137","4250595","3526864","6515602","5804951","True","0.00016551","7.27e-05"
"releases","","165954","106401","76890","168762","212171","265544","False","0.00016542","7.903e-05"
"sphinx-issues","","738603","210636","327326","430373","915430","1809249","False","0.00016539","9.053e-05"
"imagesize","shibukawa/imagesize_py","116763552","43695222","66784145","80396955","165872698","227068742","True","0.00016502","0.00031498"
"faker","joke2k/faker","165013020","51982102","74954007","105948967","219634673","372545350","True","0.00016501","0.00034807"
"zigpy","zigpy/zigpy","8187101","156592","7568686","11287042","13986851","7936332","True","0.00016487","1.967e-05"
"typed-ast","python/typed_ast","116291506","174323585","147673720","101349378","82596361","75514488","True","0.00016448","0.00023194"
"asv","","895488","244139","275156","523422","1227123","2207598","False","0.00016429","0.00023567"
"uvicorn","kludex/uvicorn","460062139","33467719","101583024","206360308","445773260","1513126385","True","0.0001638","0.00084892"
"parameterized","wolever/parameterized","75330862","25835133","38829150","46860194","115849672","149280161","True","0.00016374","0.00019025"
"selenium","","200793393","89707200","141421364","153638563","226654449","392545388","True","0.0001631","0.00037327"
"pyzmq","zeromq/pyzmq","441640640","189281214","166418077","261867206","470484655","1120152049","True","0.00016296","0.00096199"
"google-cloud-monitoring","","131765663","42334417","36813727","44257564","132417756","403004849","True","0.00016295","0.00028524"
"google-cloud-compute","","102323038","109340","7341425","28407858","97941442","377815124","True","0.0001627","0.0013516"
"brotli","google/brotli","133583130","20578701","79302723","89543188","145524473","332966567","True","0.00016246","0.00037415"
"openal","","8","23","4","5","6","0","False","0.00016182","9.375e-05"
"notebook","","264979543","162152597","131030306","173708516","301523018","556483279","True","0.00016154","0.00049442"
"cmake","scikit-build/cmake-python-distributions","68965219","8758609","16918409","70960496","96855534","151333046","True","0.00016114","0.00013028"
"tensorflow","","207186647","131348783","186531019","199046193","244481741","274525501","True","0.00016097","0.00044179"
"jax","jax-ml/jax","48480075","12267196","6195141","47770965","58700699","117466375","True","0.0001604","0.00010815"
"deprecated","laurent-laporte-pro/deprecated","718665817","96327516","327610163","519478867","1123584309","1526328229","True","0.00016007","0.00134347"
"nbformat","jupyter/nbformat","262367462","174590782","134730534","187035379","322433604","493047011","True","0.00016","0.00052295"
"libtiff","","108964","105021","206935","91529","78791","62542","False","0.00015991","0.00013694"
"distro","python-distro/distro","382229904","103377973","112746348","134141003","515666242","1045217953","True","0.00015985","0.0008819"
"avutil","","7172","2558","3305","2789","18763","8443","False","0.00015984","3.388e-05"
"hdf5","","33","152","4","5","6","0","False","0.00015927","9.032e-05"
"bs4","","186260819","77571139","109399824","166886411","349373083","228073640","True","0.00015899","0.00034253"
"jupyter-core","jupyter/jupyter_core","295025412","160562858","140592694","232793350","376246379","564931779","True","0.00015836","0.00068129"
"handsdown","","106725","8715","14030","16647","163823","330410","False","0.00015784","3.73e-06"
"prompt-toolkit","prompt-toolkit/python-prompt-toolkit","512712900","231427653","246808990","353090031","637898691","1094339136","True","0.00015771","0.00107477"
"autopep8","hhatto/autopep8","50588387","25674552","36546361","41743691","64443754","84533576","True","0.00015697","0.00011663"
"mo-logs","klahnakoski/mo-logs","1313947","296463","1105670","1623990","1781465","1762147","True","0.00015693","4.83e-06"
"imageio","imageio/imageio","223145851","106068801","156555387","197202730","293852804","362049535","True","0.00015669","0.00041551"
"autoflake","pycqa/autoflake","21505388","7229974","11639094","17468381","26797087","44392404","True","0.00015659","6.067e-05"
"gcp-releasetool","","27388","26517","15874","34810","34583","25157","False","0.00015644","0.00021689"
"gcp-docuploader","","107019","68465","118127","107717","109708","131077","False","0.00015644","0.00021704"
"tbb","","7400295","5172195","6029026","8282505","10541974","6975777","True","0.00015634","1.675e-05"
"sphinxcontrib-httpdomain","sphinx-contrib/httpdomain","8966473","1845844","1853164","2095871","8244593","30792891","True","0.00015596","8.73e-05"
"asgiref","django/asgiref","365761469","65966285","128808182","185002382","647177754","801852741","True","0.00015566","0.00070095"
"c","","36865","33143","45791","30265","32517","42611","False","0.00015557","5.358e-05"
"scikit-image","scikit-image/scikit-image","122214596","73954794","69900621","95301288","182493308","189422970","True","0.00015548","0.00031136"
"tox-gh-actions","ymyzk/tox-gh-actions","5381098","1705607","2543441","4401023","5739991","12515427","True","0.0001549","4.566e-05"
"terminaltables","","33007318","27086297","28691187","36533591","35072563","37652952","True","0.0001547","6.436e-05"
"itsdangerous","pallets/itsdangerous","769159230","446430321","677617517","610462257","873445160","1237840893","True","0.00015457","0.00143422"
"pyaml","","42278541","26096909","28255309","41731305","52330135","62979047","True","0.00015408","8.694e-05"
"pycryptodome","legrandin/pycryptodome","310616323","86188412","157839820","270168310","406876223","632008848","True","0.00015399","0.00057751"
"marshmallow","marshmallow-code/marshmallow","440049511","105861169","214564392","300472447","640727877","938621672","True","0.00015398","0.00081699"
"pymysql","","456651072","136958648","328251592","482931559","562582701","772530861","True","0.00015389","0.00085986"
"sphinx-book-theme","executablebooks/sphinx-book-theme","3970647","454952","1230556","2422804","6773205","8971717","True","0.00015389","1.153e-05"
"sphinxcontrib-asyncio","","96755","85940","118102","64123","56439","159169","False","0.00015336","0.00026325"
"lz4","python-lz4/python-lz4","184759457","15947405","22534012","76664175","245553904","563097788","True","0.00015333","0.00044325"
"meson","mesonbuild/meson","29778002","2877802","4476097","8409422","31608355","101518336","True","0.00015314","0.00014659"
"threadpoolctl","joblib/threadpoolctl","523216639","144429007","210884844","327715926","691373959","1241679460","True","0.00015313","0.0011004"
"requests-mock","jamielennox/requests-mock","83264184","28544627","34886885","49319912","105928066","197641431","True","0.0001531","0.00017005"
"apache-beam","","152112771","36318572","117370056","82123352","146751234","378000642","True","0.00015304","0.00032204"
"google-auth","googleapis/google-auth-library-python","1474790885","512088596","853010053","1113940414","1784097137","3110818224","True","0.00015294","0.00273985"
"xarray","pydata/xarray","49936860","9514030","19348795","35056543","68330143","117434788","True","0.00015283","0.00010409"
"trustme","","1786848","192065","534502","1040842","2272600","4894231","True","0.00015189","0.00026278"
"pyserial-asyncio","pyserial/pyserial-asyncio","6243866","416449","6327700","6975496","10928617","6571068","True","0.00015178","1.521e-05"
"jeepney","","474476790","126057592","211017779","266847708","631106252","1137354621","True","0.00015112","0.00124583"
"stack-data","alexmojaki/stack_data","261624588","140175","69106349","152581797","392618685","693675933","True","0.00015099","0.00060551"
"google-cloud-trace","","17346746","6349504","22096607","13816988","13278438","31192195","True","0.00015095","5.372e-05"
"seaborn","mwaskom/seaborn","171715949","94473032","98344034","123042239","214798302","327922137","True","0.00015074","0.00033598"
"user-agents","selwin/python-user-agents","38245490","21107588","31929497","32504383","38125390","67560592","True","0.00015016","7.427e-05"
"scrapy","scrapy/scrapy","17450961","15047467","13580118","13779033","17408272","27439915","True","0.00015016","3.514e-05"
"sphinx-argparse","sphinx-doc/sphinx-argparse","12506065","1085457","1668623","4384741","13705384","41686119","True","0.00014986","3.684e-05"
"invocations","","109766","48235","49646","115351","139780","195819","False","0.00014963","7.801e-05"
"nltk","nltk/nltk","211516796","121818583","141314125","136092626","240334512","418024135","True","0.00014956","0.00039356"
"cssselect","scrapy/cssselect","73923537","36159251","43008368","59122403","90421359","140906304","True","0.00014931","0.00015182"
"flake8-quotes","zheller/flake8-quotes","8181754","6475456","7370514","8667252","9722825","8672723","True","0.0001489","1.85e-05"
"istub","","11011","0","1630","3206","8727","41494","False","0.00014869","2.7e-06"
"types-s3transfer","youtype/types-s3transfer","88636208","0","3851980","37716259","96568427","305044373","True","0.00014869","0.00016482"
"types-urllib3","python/typeshed","85546540","0","39244263","83375612","96043344","209069481","True","0.00014869","0.00015917"
"types-awscrt","youtype/types-awscrt","93790726","0","5959743","44094742","103521012","315378131","True","0.00014869","0.00017425"
"botocore-stubs","youtype/botocore-stubs","101982138","1972047","21360077","53673311","113538696","319366560","True","0.00014869","0.00018924"
"mdformat","hukkin/mdformat","4108098","76256","1246647","1554044","4549064","13114478","True","0.00014869","1.019e-05"
"boto3-stubs","","104126643","6047082","27520199","57599560","118258607","311207769","True","0.00014869","0.00019316"
"newversion","","65978","2007","31782","10191","202371","83538","False","0.00014869","2.8e-06"
"harfbuzz","","31","0","0","0","0","154","False","0.00014843","0.00012807"
"jupyter","","79711742","108797907","42639286","40288602","79805077","127027836","True","0.00014841","0.00015549"
"bottle","bottlepy/bottle","39445667","19559398","20494223","25464606","53916492","77793617","True","0.00014826","8.877e-05"
"testpath","jupyter/testpath","57323777","165729299","61918826","18256301","20109324","20605136","True","0.00014822","0.00023005"
"clickclick","","47186060","15086553","22540727","25478916","84646513","88177590","True","0.00014815","0.00010491"
"lcms","","848","494","403","489","855","1998","False","0.00014811","0.00012732"
"numba","","176448344","58850822","106435013","157962396","216907137","342086353","True","0.0001479","0.00033378"
"sz","","109","333","202","6","3","1","False","0.00014782","8.577e-05"
"aec","","1100","522","384","911","2707","974","False","0.00014782","8.577e-05"
"backports-functools-lru-cache","","27147860","35090537","26265388","29084648","25070051","20228675","True","0.00014767","5.477e-05"
"docrepr","","259293","4775","10489","87551","928280","265369","False","0.00014747","0.00012305"
"remove","","1","1","2","4","0","0","False","0.00014735","1.795e-05"
"snowballstemmer","snowballstem/snowball","150770145","63193857","87319274","112927431","216971081","273439081","True","0.00014716","0.00036297"
"django-configurations","jazzband/django-configurations","2263672","860497","1055176","1616206","4120579","3665904","True","0.00014688","6.879e-05"
"pyramid","","23818002","12472429","16768855","32940805","30400867","26507052","True","0.00014685","6.566e-05"
"sqlite","","1","0","2","2","0","0","False","0.00014656","1.008e-05"
"markdown-it-py","executablebooks/markdown-it-py","639556068","3260462","31508027","305572144","875458178","1981981530","True","0.00014631","0.00119632"
"ssh","","191393","113350","404308","329242","69856","40210","False","0.00014628","2.57e-06"
"wasabi","","80421978","29568356","47405606","54513801","111566831","159055298","True","0.00014618","0.00018293"
"vpx","","1875","0","0","0","4759","4615","False","0.00014611","3.028e-05"
"flaky","box/flaky","20360412","8600568","8837232","12632403","27089601","44642257","True","0.00014593","0.00010502"
"extras","testing-cabal/extras","5805874","6413804","5461292","3474210","6873328","6806734","True","0.00014586","1.396e-05"
"curl","","5016","24337","322","122","82","215","False","0.00014537","2.223e-05"
"xlrd","","253434115","120998150","205460576","237560342","287291573","415859935","True","0.00014516","0.00046611"
"mvec","","255","144","187","155","407","380","False","0.00014503","3.086e-05"
"flake8-import-order","pycqa/flake8-import-order","6622383","4174722","4209216","4645722","8577367","11504888","True","0.00014485","3.379e-05"
"googleapis-common-protos","","1366930366","347876970","684067014","1149548307","1824675788","2828483750","True","0.00014475","0.00257692"
"webtest","","11069082","8802891","6607382","8533717","17216451","14184970","True","0.00014473","2.223e-05"
"pathspec","cpburnz/python-pathspec","832709670","165386521","278484844","478638950","1067291632","2173746405","True","0.00014456","0.00154676"
"trio-typing","","446955","129199","151421","328511","621967","1003676","False","0.00014441","0.0002251"
"mkautodoc","","128905","146794","114096","102565","133421","147647","False","0.00014441","0.00022452"
"types-chardet","python/typeshed","6619033","1057870","7384175","5207252","7514971","11930896","True","0.00014441","0.00023639"
"repoze-sphinx-autointerface","","139006","150414","121701","106447","182279","134189","False","0.0001444","4.26e-06"
"azure-identity","","533951976","125425149","233287953","343718875","636468729","1330859176","True","0.00014419","0.00099839"
"antlr4-python3-runtime","","144647494","27800026","63669469","107340035","189371222","335056720","True","0.00014416","0.0002733"
"psycopg2","psycopg/psycopg2","206945059","136571903","192232951","176215391","195227457","334477593","True","0.00014415","0.00039232"
"flake8-mutable","ebeweber/flake8-mutable","2154404","1575208","2485456","2466668","2146039","2098647","True","0.00014406","2.102e-05"
"locket","","64648695","24350126","52658268","53362639","75400430","117472012","True","0.000144","0.00017844"
"factory-boy","factoryboy/factory_boy","49700293","20335069","25374784","34822745","58614827","109354041","True","0.00014362","0.00013697"
"flake8-bandit","tylerwince/flake8-bandit","5811053","3459998","6547023","6081512","6243376","6723356","True","0.00014348","4.287e-05"
"contrib","","27851","15925","16618","16704","23817","66193","False","0.0001431","2.124e-05"
"context","","5419","4397","4771","6864","7255","3810","False","0.0001431","2.12e-05"
"mysql-connector","","19780708","11578734","18327737","21781509","24585622","22629939","True","0.0001431","5.737e-05"
"opencensus-proto","","958258","134641","300945","811393","1575549","1968764","False","0.0001431","2.294e-05"
"typepy","thombashi/typepy","13780092","1641677","4100484","9625424","19769696","33763179","True","0.00014235","3.029e-05"
"httplib2","httplib2/httplib2","519161834","255134615","402482554","382398343","562784867","993008790","True","0.00014235","0.0009576"
"autograd","hips/autograd","22394887","14052640","13715818","13622971","27084001","43499005","True","0.0001422","4.767e-05"
"sphinxcontrib-log-cabinet","","219633","71748","53947","105969","412772","453731","False","0.00014209","8.592e-05"
"sphinxcontrib-bibtex","mcmtroffaes/sphinxcontrib-bibtex","4094165","1178594","1579195","2519793","6286303","8906939","True","0.00014208","9.412e-05"
"slack-sdk","slackapi/python-slack-sdk","217222393","13728920","74003138","145220992","300705540","552453374","True","0.00014207","0.00045475"
"python-coveralls","","739200","455634","333656","333472","1505535","1067704","False","0.00014207","6.24e-06"
"blessings","erikrose/blessings","14100159","21986806","16756448","11410380","11717127","8630035","True","0.00014197","2.679e-05"
"sniffio","python-trio/sniffio","972620622","104601531","259884843","462935735","1105747458","2929933541","True","0.0001419","0.00199129"
"pytablewriter","thombashi/pytablewriter","8205102","504225","1640695","5027849","11052353","22800387","True","0.00014189","4.283e-05"
"etils","google/etils","15654359","193","3815385","14509583","27041917","32904719","True","0.00014182","3.386e-05"
"pyhamcrest","hamcrest/pyhamcrest","21128407","14047260","17151989","16425967","25933618","32083200","True","0.00014151","4.541e-05"
"sphinx-paramlinks","","289635","255351","201320","253272","352066","386164","False","0.00014146","0.00012506"
"invoke","pyinvoke/invoke","114298771","20314558","39566985","66712569","124633263","320266481","True","0.00014144","0.00023932"
"sortedcontainers","","588723102","149167591","192083513","279736588","829418729","1493209091","True","0.00014134","0.00110659"
"pyasn1","pyasn1/pyasn1","1989688118","954257295","1257929271","1523783078","2542304903","3670166042","True","0.00014029","0.00364638"
"lxml-html-clean","fedora-python/lxml_html_clean","15874684","0","0","0","21850525","57522897","True","0.00014018","3.429e-05"
"onnx","onnx/onnx","50374199","16730456","18464475","38261813","65946754","112467496","True","0.00013982","9.725e-05"
"tensorflow-hub","tensorflow/hub","34721971","33574339","46435712","35172085","36625050","21802670","True","0.00013954","6.451e-05"
"xmltodict","martinblech/xmltodict","448977656","129898943","213030251","319358706","627157190","955443191","True","0.00013942","0.00083403"
"sphinx-tabs","executablebooks/sphinx-tabs","6407861","1438819","4242703","4535518","9281812","12540453","True","0.00013914","4.98e-05"
"retry","invl/retry","202770592","73465240","87617101","140878662","361763141","350128817","True","0.00013909","0.00037448"
"monotonic","atdt/monotonic","100568592","31204789","44896259","61450150","198518230","166773530","True","0.00013893","0.00020037"
"sphinxcontrib-jquery","","33324740","0","17643","20438682","53141757","93025620","True","0.00013885","7.683e-05"
"graphql-core","graphql-python/graphql-core","144973076","22900370","42130797","55736443","187029104","417068666","True","0.00013849","0.00026903"
"moto","getmoto/moto","115161816","31403544","67432022","98224384","144387349","234361779","True","0.00013848","0.00022301"
"jupyter-client","jupyter/jupyter_client","297881066","168285464","159388989","249026494","366401278","546303105","True","0.00013847","0.00060856"
"referencing","python-jsonschema/referencing","656172941","0","2779","271613586","971125862","2038122476","True","0.00013839","0.00171158"
"autodoc","","97756","49608","72140","70708","103811","192513","False","0.00013839","1.023e-05"
"azure-storage-file-datalake","","166140482","34294906","69550304","129816413","227128874","369911911","True","0.00013839","0.00030484"
"pycel","stephenrauch/pycel","1847358","3573460","1610772","338499","708678","3005380","True","0.00013839","4.66e-06"
"python-docx","python-openxml/python-docx","60258121","10313096","30126214","39714407","70724917","150411971","True","0.00013839","0.00011294"
"azure-eventhub","","67325050","55858309","60766277","70202850","66063093","83734723","True","0.00013839","0.00012418"
"yajl","","9908","7311","5494","3583","4977","28173","False","0.00013839","9.091e-05"
"pytest-metadata","","90384208","17727528","29729930","54964808","136461634","213037139","True","0.00013839","0.00018186"
"backports-entry-points-selectable","","25723036","95309250","12233862","6542541","9101554","5427973","True","0.00013839","4.991e-05"
"tensorflow-macos","","686569","49275","231969","820446","1200228","1130928","False","0.00013839","4.84e-06"
"cloudaux","","53280","42575","16985","35939","74382","96521","False","0.00013839","4.29e-06"
"colored","","6662647","2763316","3318960","4401917","10515019","12314022","True","0.00013839","2.12e-05"
"structlog","","164750850","24331596","45280835","86587394","253448196","414106229","True","0.00013839","0.00030608"
"pyudorandom","","3805165","6460109","3578027","3420975","3146436","2420277","True","0.00013839","1.031e-05"
"pyscard","","552063","75242","134315","156696","815888","1578173","False","0.00013839","4.08e-06"
"plaster","","23153586","11900072","16282052","32055381","29403062","26127362","True","0.00013839","6.036e-05"
"pastedeploy","","27418101","15330895","18844098","34763522","37862145","30289845","True","0.00013839","6.816e-05"
"rdkafka","","3","10","2","1","1","0","False","0.00013839","0.00012511"
"miniful","","1110400","1205","303998","3352701","1432849","461246","True","0.00013839","2.91e-06"
"node","","231733","71435","436196","114734","199111","337188","False","0.00013839","3.12e-06"
"accumulation-tree","tkluck/accumulation_tree","3919893","6498151","3591963","3436949","3318781","2753621","True","0.00013839","1.052e-05"
"trino","trinodb/trino-python-client","39628610","1767288","9048741","21305028","52080208","113941784","True","0.00013839","7.568e-05"
"ansible-core","","47704162","11703129","25752095","33208391","70588863","97268333","True","0.00013839","8.926e-05"
"mupdf","","123488","3409","8409","9468","16005","580149","False","0.00013839","3.522e-05"
"opencensus-ext-dbapi","census-instrumentation/opencensus-python","9678","2906","14811","12819","10734","7121","False","0.00013836","2.051e-05"
"opencensus","census-instrumentation/opencensus-python","105471984","35529047","87068221","106760247","133639971","164362435","True","0.00013836","0.00020708"
"opencensus-context","census-instrumentation/opencensus-python","101586926","35869614","86544576","99700485","125697917","160122038","True","0.00013836","0.00020021"
"shibuya","","171633","0","0","15125","108179","734861","False","0.00013806","0.00017833"
"pooch","","28427862","4760022","8636266","16940628","37803972","73998423","True","0.00013795","0.0001184"
"scikit-build","scikit-build/scikit-build","7960172","4043298","5359949","9177636","10543283","10676695","True","0.00013793","4.666e-05"
"openssh","","1","0","1","2","0","0","False","0.00013749","1.69e-06"
"distributed","dask/distributed","57340939","50434628","57424159","58137055","56414562","64294289","True","0.00013746","0.00020801"
"eventlet","eventlet/eventlet","39904313","10768846","12443821","16985096","36035205","123288596","True","0.00013739","0.00015078"
"appdirs","activestate/appdirs","236167530","224255443","147546800","188414158","303484851","317136397","True","0.00013734","0.00044087"
"coreapi","","19606100","15714114","20130719","22595530","22015850","17574288","True","0.00013723","4.5e-05"
"jaxlib","jax-ml/jax","36108346","11979539","4383106","22690863","41921898","99566325","True","0.0001372","7.482e-05"
"onnxruntime","microsoft/onnxruntime","77202514","18564535","20687383","39264979","93583259","213912415","True","0.00013709","0.0001438"
"pytest-pep8","","665620","854688","565617","609490","505528","792778","False","0.00013708","3.76e-06"
"zipp","jaraco/zipp","1955753029","669034231","1244686026","1733825640","2681068994","3450150254","True","0.00013695","0.00359701"
"tablib","","20996751","10953623","15139812","20180162","24314894","34395263","True","0.0001368","4.805e-05"
"ghp-import","c-w/ghp-import","33335396","2772451","9820450","18720073","42292529","93071477","True","0.00013678","8.455e-05"
"voluptuous","","30015156","15778798","21620337","30895927","38250215","43530505","True","0.00013661","5.706e-05"
"deprecation","briancurtin/deprecation","132162814","18979967","37802178","92782667","162873638","348375618","True","0.00013655","0.00024542"
"mpfr","","2271","0","0","437","2810","8106","False","0.00013639","1.797e-05"
"mpc","","11515","1863","1782","4772","42632","6527","False","0.00013639","1.799e-05"
"sphinxcontrib-apidoc","","1115269","349239","596806","844271","1538654","2247374","True","0.00013638","2.321e-05"
"google-auth-httplib2","","458242711","265898363","247223001","317343684","511654786","949093722","True","0.00013617","0.00091944"
"shapely","shapely/shapely","252942114","56520776","92369144","152974663","329062140","633783849","True","0.00013616","0.00048281"
"mergedeep","clarketm/mergedeep","75932446","4295761","17916976","37638189","85461996","234349307","True","0.00013597","0.00016887"
"sphinx-notfound-page","readthedocs/sphinx-notfound-page","2895227","509099","1560583","1885524","3800568","6720363","True","0.00013579","3.24e-05"
"parquet","","1050581","372385","351974","586582","1317660","2624306","True","0.00013565","0.00040077"
"async-timeout","aio-libs/async-timeout","937824072","337954332","593622456","921594690","1294960997","1540987885","True","0.00013564","0.00174582"
"nosexcover","cmheisel/nose-xcover","1023010","1046646","661413","896937","1415838","1094215","True","0.00013559","1.238e-05"
"libcst","","157655511","106997453","146078753","97705614","150962421","286533316","True","0.00013522","0.00029848"
"zstandard","indygreg/python-zstandard","236351641","7309044","20756949","49982862","159000868","944708481","True","0.00013513","0.00051718"
"mbstrdecoder","thombashi/mbstrdecoder","13867818","1431209","4022949","9606517","20130082","34148331","True","0.00013509","3.272e-05"
"github-pages","","167","139","180","132","198","184","False","0.00013484","1.108e-05"
"typeguard","","197108873","74641939","64730227","114838680","279112791","452220726","True","0.00013483","0.00036433"
"pytest-order","pytest-dev/pytest-order","15482370","666585","2661359","9068798","28704759","36310348","True","0.00013481","9.603e-05"
"blessed","jquast/blessed","36470137","9500962","18274226","30692713","46914148","76968634","True","0.00013427","7.101e-05"
"pyperf","","805180","172754","296051","583954","1112427","1860712","False","0.00013427","1.27e-05"
"types-dataclasses","python/typeshed","22231252","5282276","11265383","10920393","21941204","61747004","True","0.00013413","0.00016228"
"sphinx-last-updated-by-git","","525837","125721","138603","208601","496783","1659478","False","0.0001341","9.8e-06"
"sphinx-autoapi","readthedocs/sphinx-autoapi","12763860","1430120","1383753","2330422","19075189","39599818","True","0.00013399","3.951e-05"
"jedi","davidhalter/jedi","399299739","197381096","194034638","284811152","494730078","825541733","True","0.00013391","0.00075287"
"fastapi","fastapi/fastapi","494225593","30663899","93995351","225695499","601866147","1518907070","True","0.00013369","0.00090929"
"gmpy2","gmpy2/gmpy2","1942772","358865","520108","953313","4585593","3295983","True","0.00013362","7.988e-05"
"google-cloud-testutils","","217148","166230","237562","193208","193924","294816","False","0.00013353","7.059e-05"
"flake8-black","peterjc/flake8-black","7781837","2313592","6529601","10465110","10764862","8836020","True","0.00013338","3.901e-05"
"statsmodels","statsmodels/statsmodels","147907041","64904978","106345379","128548817","193447097","246288932","True","0.00013324","0.00028822"
"types-setuptools","","80208962","2830962","23338489","42183135","107750706","224941519","True","0.00013318","0.0001514"
"fastavro","fastavro/fastavro","162114740","45853300","108496993","113234208","218465322","324523876","True","0.00013309","0.00029906"
"opentelemetry-sdk","","491571614","7335759","36259767","107288008","736750179","1570224357","True","0.000133","0.00095568"
"opentelemetry-api","open-telemetry/opentelemetry-python","453500961","7548082","35745458","123771009","597453010","1502987244","True","0.000133","0.00088603"
"sphinx-better-theme","","29035","32549","38402","26553","23084","24585","False","0.00013289","5.564e-05"
"mpmath","mpmath/mpmath","212391619","20932228","29444395","93078340","272655855","645847275","True","0.00013271","0.0004668"
"pypandoc","","42122224","47924280","46889933","37818830","35880138","42097939","True","0.00013263","0.00021084"
"flit","pypa/flit","20683331","1729482","1930907","2932195","9116674","87707398","True","0.00013256","0.0002278"
"sphinx-click","click-contrib/sphinx-click","2567231","812369","1360800","2485473","3307413","4870100","True","0.00013233","2.847e-05"
"requests-oauthlib","requests/requests-oauthlib","1259441144","578064990","901563901","906441446","1507266017","2403869364","True","0.00013193","0.00232696"
"jsmin","tikitu/jsmin","7840146","8114320","9073626","6685008","6263837","9063937","True","0.00013154","2.003e-05"
"django-js-asset","","10653805","4852957","6019499","8542013","13258983","20595573","True","0.00013152","2.313e-05"
"discord-py","","201399169","254105633","535761054","175220357","15885663","26023137","True","0.00013152","0.00036937"
"flake8-typing-imports","","1077981","205364","1080155","1282135","1510497","1311752","True","0.00013151","0.00011223"
"guzzle-sphinx-theme","","410731","282241","349205","592208","367162","462839","False","0.00013149","5.46e-06"
"setuptools-rust","pyo3/setuptools-rust","35496827","12845876","15958502","25956515","64580462","58142782","True","0.00013145","6.64e-05"
"types-deprecated","python/typeshed","29920520","106241","3622259","7030166","21363846","117480088","True","0.00013139","0.00025976"
"myst-nb","executablebooks/myst-nb","3692689","418615","1459982","2933466","5460998","8190382","True","0.00013125","1.3e-05"
"dateparser","scrapinghub/dateparser","85030623","29733442","57347082","54859745","92783284","190429560","True","0.00013085","0.00018828"
"pybind11","pybind/pybind11","97146589","20462364","42082784","66571835","133723835","222892128","True","0.00013064","0.00021299"
"pathlib","","43328951","21323207","31029160","35628531","59452161","69211696","True","0.00013063","9.485e-05"
"note","","4596","2040","2911","3788","8248","5994","False","0.00013059","1.833e-05"
"spacy","explosion/spacy","93932296","33801797","56187122","67951397","127455587","184265575","True","0.0001304","0.00020432"
"gevent","gevent/gevent","152212548","83276382","85446948","90265832","159314862","342758717","True","0.00013029","0.00029232"
"mecab","","94118","65800","72265","64863","64863","202800","False","0.00013029","3.14e-06"
"alembic","sqlalchemy/alembic","496765671","181895395","244535643","329203499","646196166","1081997652","True","0.00013027","0.00091844"
"sphinx-hoverxref","","280550","73337","101788","162674","324601","740348","False","0.00013021","1.789e-05"
"pysoundfile","bastibe/python-soundfile","482892","819489","478330","327673","340733","448234","False","0.00013015","2.56e-06"
"sphinxcontrib-fulltoc","","503294","452538","408820","422068","472532","760512","False","0.00013015","1.86e-05"
"sh","amoffat/sh","65711914","22434797","36334354","54487203","104381024","110922193","True","0.00013006","0.0002436"
"gensim","","71468740","127401811","67315225","48801930","54912895","58911841","True","0.00013005","0.00015302"
"jmespath","","2026053896","1055139928","1233684690","1531480037","2451144923","3858819900","True","0.00012992","0.00372204"
"ordered-set","","165844134","38219001","58754072","108765166","242871966","380610464","True","0.00012976","0.00030945"
"reno","","1605723","1484805","1022226","936141","1747751","2837692","True","0.00012972","1.546e-05"
"mariadb","mariadb-corporation/mariadb-connector-python","3174189","612408","1002361","2998561","3133372","8124241","True","0.00012958","1.244e-05"
"google-api-python-client","googleapis/google-api-python-client","605347729","329851079","351967331","515126221","607268176","1222525839","True","0.00012951","0.00111367"
"qrcode","lincolnloop/python-qrcode","34920503","10489282","14467532","23770141","44455289","81420273","True","0.0001295","6.989e-05"
"types-jwt","","871120","305265","1023055","774800","699221","1553258","False","0.00012933","0.00020657"
"diskcache","grantjenks/python-diskcache","63916096","9002943","16056358","38616475","77946626","177958080","True","0.00012923","0.00013249"
"attr","denis-ryzhkov/attr","4368991","1940401","4576862","6121259","4229713","4976719","True","0.00012913","1.437e-05"
"pytest-forked","pytest-dev/pytest-forked","59365715","51421126","67290178","49692062","60542117","67883092","True","0.00012886","0.00012156"
"sphinx2rst","","51920","69146","34620","51245","54641","49948","False","0.00012882","6.682e-05"
"libpq","","82","0","0","0","0","410","False","0.0001288","4.852e-05"
"frozendict","marco-sulla/python-frozendict","61649949","30038635","28911885","29960588","82377610","136961028","True","0.00012865","0.00011661"
"contextvars","magicstack/contextvars","14745899","18486862","16695323","13341610","12545479","12660220","True","0.00012865","0.00045186"
"pylint-plugin-utils","","17790940","7319746","10443969","21761782","21342724","28086478","True","0.00012864","3.961e-05"
"types-psutil","","11613748","73468","836958","4503033","12393625","40261656","True","0.00012847","8.505e-05"
"spin","","325410","0","241","227290","511908","887610","False","0.00012847","6.44e-05"
"pycutest","","5294","2004","1411","2790","9037","11230","False","0.00012847","6.381e-05"
"array-api-strict","","196808","0","0","0","371171","612869","False","0.00012847","6.416e-05"
"cython-lint","","811577","0","2877","145984","519275","3389748","False","0.00012847","6.529e-05"
"support","","8499","4618","3238","2947","3180","28514","False","0.0001284","1.22e-06"
"mlflow","mlflow/mlflow","166931845","116350109","142216609","149319898","181289603","245483007","True","0.00012809","0.00030601"
"aiocontextvars","fantix/aiocontextvars","2875428","3399306","4376763","2840554","2363044","1397474","True","0.00012789","0.0001036"
"pydoc-markdown","","1472550","457135","719515","1237207","1981245","2967646","True","0.00012788","6.182e-05"
"funcparserlib","vlasovskikh/funcparserlib","1821758","1217206","1218085","1271814","3130573","2271113","True","0.00012783","6.52e-06"
"greenlet","python-greenlet/greenlet","1032820259","268119142","515663578","806165917","1366714368","2207438292","True","0.00012769","0.00191453"
"graphene","","78319486","13069550","17007089","22715188","103892778","234912825","True","0.00012766","0.00014511"
"databricks-cli","databricks/databricks-cli","181250856","137499234","189641047","216968356","189305225","172840417","True","0.00012764","0.00034764"
"termstyle","","1176292","1800846","1749645","1042479","688487","600002","True","0.00012759","2.91e-06"
"pycparser","eliben/pycparser","2056716588","661768180","975360746","1297570866","2825433742","4523449406","True","0.00012753","0.00377397"
"jellyfish","","44383430","16849120","26815792","26446319","55311325","96494592","True","0.0001275","8.585e-05"
"types-pycurl","","1668666","62664","387723","918559","2129426","4844960","True","0.00012749","7.854e-05"
"aiopg","","4046484","1985815","2752241","3371392","5456509","6666462","True","0.00012749","8.289e-05"
"configparser","jaraco/configparser","134091341","142860920","139926557","123225137","133434945","131009145","True","0.00012749","0.00037423"
"bleach","mozilla/bleach","271987413","203929714","172043259","183746817","295962108","504255167","True","0.00012745","0.00050784"
"mkdocs-redirects","mkdocs/mkdocs-redirects","3718673","286371","760316","1212103","3375531","12959043","True","0.00012745","6.805e-05"
"markdown-include","","1216917","666677","657839","760050","1410559","2589460","True","0.0001274","4.29e-06"
"pyright","robertcraigie/pyright-python","41842460","64331","1302478","8289841","58602295","140953357","True","0.00012737","0.00010597"
"yarl","aio-libs/yarl","1241134165","434103208","912786823","894867902","1449948010","2513964884","True","0.00012726","0.00227652"
"limits","","69645671","2957671","5354873","32800186","99312641","207802982","True","0.00012701","0.0001312"
"ldap","","749643","47869","69804","922808","1761511","946221","False","0.000127","4.792e-05"
"pytest-subtests","pytest-dev/pytest-subtests","12472363","2323332","4026759","6257762","13928479","35825485","True","0.00012691","3.443e-05"
"nbconvert","","274415903","171062714","159250744","227072530","337031128","477662401","True","0.00012666","0.00050919"
"persistent","zopefoundation/persistent","4211557","2113988","3412846","2375115","9888398","3267438","True","0.00012665","8.73e-06"
"sphinx-inline-tabs","","842383","75641","286959","428865","1365743","2054705","False","0.00012633","8.23e-06"
"ncurses","","28","113","12","6","9","1","False","0.00012618","2.41e-06"
"tinfo","","940","2212","1264","167","560","497","False","0.00012618","2.41e-06"
"cudnn","","74","354","10","3","3","0","False","0.00012607","3.69e-06"
"datasets","huggingface/datasets","113800468","3341666","15089987","53504645","144793220","352272823","True","0.00012589","0.00023828"
"tld","barseghyanartur/tld","26880939","30362514","30353700","20007892","21188033","32492556","True","0.00012585","5.208e-05"
"langcodes","georgkrause/langcodes","63992478","5124646","21846465","38157178","96693423","158140680","True","0.00012585","0.00011997"
"google-auth-oauthlib","","529468547","179886098","328597460","445042278","631687756","1062129141","True","0.00012579","0.00099999"
"extensionclass","zopefoundation/extensionclass","1743591","371970","313154","596813","5800098","1635921","True","0.0001255","4.08e-06"
"inflection","jpvanhal/inflection","164150933","56740723","80600449","105627952","219746997","358038546","True","0.00012546","0.00033662"
"restructuredtext-lint","","16907807","2978563","4764257","5798272","6593592","64404349","True","0.00012539","3.671e-05"
"msrest","azure/msrest-for-python","467788777","358681186","514779599","417592505","456762271","591128322","True","0.00012535","0.00088538"
"nest-asyncio","erdewit/nest_asyncio","422833630","171976566","194575614","319195052","572758754","855662166","True","0.0001252","0.0008289"
"azure-monitor-opentelemetry","","17009044","0","0","1157077","17581761","66306383","True","0.00012515","8.675e-05"
"cachecontrol","psf/cachecontrol","362665901","66217617","118277754","262621563","515604730","850607841","True","0.00012511","0.00067347"
"gitdb","gitpython-developers/gitdb","605505450","216144300","314022239","436613911","806355752","1254391047","True","0.0001251","0.001223"
"pydot","pydot/pydot","80004398","27680405","68731074","56239137","86189489","161181884","True","0.00012508","0.00016425"
"reportlab","","58867700","17468089","20675448","38859278","63200640","154135044","True","0.00012495","0.00011337"
"libxml2","","19","91","2","1","1","0","False","0.00012494","3.42e-06"
"isodate","gweis/isodate","993618223","396047279","625593269","841741361","1320083804","1784625400","True","0.00012488","0.00183838"
"django-filter","carltongibson/django-filter","49553040","24371574","29883817","38799183","63495877","91214748","True","0.00012476","9.244e-05"
"str","","65408","149573","110278","37272","17108","12807","False","0.00012472","1.052e-05"
"aioxmpp","","12223594","44579124","5576370","10762997","114513","84966","True","0.00012465","3.249e-05"
"slicerator","soft-matter/slicerator","1427612","142160","290884","2949451","2142882","1612681","True","0.00012465","3.22e-06"
"win32-setctime","delgan/win32-setctime","8591159","983732","2506708","3072207","6334816","30058330","True","0.00012465","0.00011394"
"skyfield","","3082030","1961986","1622968","1893695","5358175","4573328","True","0.00012465","8.95e-06"
"plumbum","tomerfiliba/plumbum","23224270","13196418","17967040","19573323","33971428","31413139","True","0.00012465","4.58e-05"
"timestring","","175794","200130","174182","141117","176774","186769","False","0.00012465","2.76e-06"
"django-extra-views","","905813","638936","658500","782215","943319","1506097","False","0.00012465","4.59e-06"
"authlib","authlib/authlib","140174957","30262219","63453613","79782271","146264619","381112065","True","0.00012465","0.00026104"
"pytest-nunit","pytest-dev/pytest-nunit","3419323","110116","1775702","3472863","5404178","6333757","True","0.00012465","8.72e-06"
"eth-keys","ethereum/eth-keys","14591653","2058786","6516774","9824601","25539784","29018321","True","0.00012465","3.376e-05"
"app","","276530","365668","383824","187005","165252","280901","False","0.00012465","1.16e-06"
"cassandra-driver","","28204445","15796911","14818613","16684957","29010180","64711566","True","0.00012465","5.308e-05"
"ephem","brandon-rhodes/pyephem","26508642","28104004","36435766","28987674","20588551","18427217","True","0.00012465","5.836e-05"
"python-ldap","python-ldap/python-ldap","19686337","8181475","11929510","13942162","21486399","42892139","True","0.00012465","3.791e-05"
"diff-match-patch","","17957099","6292377","7842384","15724143","31336581","28590011","True","0.00012465","3.882e-05"
"debug","","32122","31559","38504","19657","39657","31231","False","0.00012465","3.2e-06"
"insipid-sphinx-theme","","21268","12579","17095","21266","26718","28680","False","0.00012465","6.36e-06"
"solr","","3","0","9","6","0","0","False","0.00012465","7.3e-07"
"ldap3","","38865722","14195671","16110717","23744391","57696901","82580928","True","0.00012465","7.264e-05"
"opentelemetry-instrumentation-logging","","28541750","200014","2338958","9115140","27154745","103899895","True","0.00012465","5.648e-05"
"pyjsparser","piotrdabkowski/pyjsparser","7630027","2313104","4167897","3911765","8094429","19662939","True","0.00012465","1.923e-05"
"mockito","","5395587","1248720","1813783","3037113","10086062","10792257","True","0.00012465","1.4e-05"
"pylogbeat","eht16/pylogbeat","1922144","706794","904161","1439003","2650780","3909982","True","0.00012465","4.45e-06"
"braceexpand","trendels/braceexpand","11975925","3741186","7611337","6402499","15260433","26864170","True","0.00012465","2.599e-05"
"google-cloud-aiplatform","googleapis/python-aiplatform","161449347","6108717","20338515","60982195","222905181","496912128","True","0.00012465","0.0002986"
"sphinxcontrib-django","","567114","159607","230515","272756","1508690","664000","False","0.00012465","3.97e-06"
"webob","","46520054","29276638","32948093","50183781","60947235","59244521","True","0.00012465","8.596e-05"
"aioconsole","","32751130","47883817","26782017","80676457","2259585","6153776","True","0.00012465","7.004e-05"
"jquery","","10377","14883","11300","12270","7678","5756","False","0.00012465","1.87e-06"
"skyfield-data","brunobord/skyfield-data","1411640","1689929","1370138","1333323","1269406","1395403","True","0.00012465","5.9e-06"
"dockertest","","839","645","549","343","1407","1250","False","0.00012465","2.47e-06"
"pyspnego","jborean93/pyspnego","58644671","2315783","10369303","45023596","86582175","148932500","True","0.00012465","0.00011419"
"pygal","","2442153","1323799","1388627","1943740","3724659","3829939","True","0.00012465","6.23e-06"
"backports-shutil-get-terminal-size","","7359109","9594747","6468193","7274198","7803982","5654426","True","0.00012465","1.447e-05"
"oauthlib","oauthlib/oauthlib","1231001916","598591637","983618970","999470595","1452735597","2120592779","True","0.00012443","0.00227423"
"grpcio-tools","","727365700","51261351","64489579","352973795","724464899","2443638877","True","0.00012434","0.00136667"
"sympy","sympy/sympy","231853066","19613369","28387116","94663130","299626787","716974926","True","0.00012425","0.00042535"
"libsodium","","10993","0","775","8987","28768","16437","False","0.00012425","0.00016307"
"zmq","zeromq/pyzmq","2188991","1343966","3299923","1907123","2024229","2369712","True","0.00012425","0.00016705"
"flake8-print","jbkahn/flake8-print","7662507","4980993","6021522","6573965","9591787","11144267","True","0.00012422","2.962e-05"
"gprof2dot","","14272361","4209864","5904329","8769480","16557104","35921026","True","0.0001242","2.896e-05"
"execnet","","226944572","53083649","71394495","129465218","283177069","597602429","True","0.0001242","0.00042194"
"pandoc","","2424202","1048334","1411515","2353023","2858262","4449876","True","0.00012417","1.13e-05"
"pendulum","","292343744","56784548","99881596","154870703","472271656","677910215","True","0.00012415","0.00054374"
"dj-database-url","","18470899","8684097","10702461","14902919","21931155","36133863","True","0.00012412","3.552e-05"
"typer","fastapi/typer","309004382","28288908","85055627","143591160","390188040","897898174","True","0.00012402","0.00060869"
"pytest-icdiff","hjwp/pytest-icdiff","15513515","652746","3109227","5334948","12469567","56001089","True","0.00012393","0.00013809"
"uuid","","24947095","6588881","13997252","28288076","37943060","37918208","True","0.0001239","4.806e-05"
"plotly","","170793525","94129622","92043369","115390323","200985298","351419014","True","0.00012385","0.0003281"
"keyring","jaraco/keyring","540673102","92964451","263644860","360730197","737844007","1248181993","True","0.00012378","0.00100877"
"blosc","blosc/python-blosc","1577890","784717","1113047","1235318","2421003","2335363","True","0.00012372","1.021e-05"
"csscompressor","sprymix/csscompressor","2309320","447946","991019","1947501","2551149","5608987","True","0.0001237","7.39e-06"
"green","","185413","184207","173824","166289","182008","220735","False","0.0001237","1.87e-06"
"jupyterlab","","176220522","18576755","25360161","78117173","274446457","484602063","True","0.00012357","0.00032683"
"iniconfig","pytest-dev/iniconfig","1091583981","215784681","409419454","664195716","1496933987","2671586065","True","0.00012351","0.00201342"
"changelog","","177348","13791","151780","110867","256615","353685","False","0.00012339","0.00011366"
"easyprocess","ponty/easyprocess","10100099","13710026","10692297","9030669","9327487","7740017","True","0.00012327","2.176e-05"
"k5test","","296483","13039","15540","18840","96887","1338109","False","0.00012312","1.506e-05"
"types-decorator","python/typeshed","6033438","764070","1749385","4931828","9939062","12782846","True","0.00012312","2.555e-05"
"huggingface-hub","huggingface/huggingface_hub","390325777","13171966","59888549","175224675","463772380","1239571313","True","0.00012306","0.00072547"
"lark-parser","lark-parser/lark","15942962","15589740","15218943","10042478","20592036","18271614","True","0.00012296","3.507e-05"
"pytest-mpl","","1309982","399460","644606","790769","1749929","2965146","True","0.00012294","5.98e-06"
"pysmi-lextudio","lextudio/pysmi","717839","0","504","164336","979453","2444900","False","0.00012287","3.07e-06"
"pytest-codecov","","219223","6436","9359","58142","397755","624424","False","0.00012287","2.16e-06"
"pytest-virtualenv","man-group/pytest-plugins","321367","85422","460384","468635","215867","376527","False","0.00012286","3.145e-05"
"pygame","pygame/pygame","16554962","12390554","7978536","11527203","25705291","25173225","True","0.00012272","3.323e-05"
"tomlkit","","795943981","44827706","139504015","445176705","1205621487","2144589990","True","0.00012271","0.00145879"
"colour","","20435198","17699236","13794683","6620916","26613003","37448151","True","0.00012269","3.927e-05"
"oslotest","","532163","279364","258006","186320","1473268","463859","False","0.00012261","6.533e-05"
"gin-config","google/gin-config","4849664","7477086","4550635","3497237","3705527","5017837","True","0.00012253","9.67e-06"
"nose-exclude","kgrandis/nose-exclude","951067","1571673","1059922","1153453","569599","400686","False","0.0001225","5.32e-06"
"pyupgrade","asottile/pyupgrade","6312911","1405272","3879279","5082906","8656490","12540606","True","0.00012249","2.455e-05"
"python3-xlib","","3736324","2433197","2893486","2321821","3610197","7422919","True","0.00012246","1.065e-05"
"asynctest","martiusweb/asynctest","183090094","41969213","231445953","208927908","248237862","184869535","True","0.00012231","0.00033753"
"sphinx-material","","447487","200076","347235","461956","505601","722566","False","0.00012227","7.98e-06"
"behave","behave/behave","19183831","6860207","10080469","13629190","24175886","41173401","True","0.00012224","4.046e-05"
"pq","","167598","81497","103609","139168","244461","269256","False","0.00012215","4.609e-05"
"matplotlib-inline","ipython/matplotlib-inline","340142402","100699363","154571867","216222217","455782744","773435817","True","0.00012212","0.00069136"
"mkdocs-include-markdown-plugin","mondeja/mkdocs-include-markdown-plugin","1827083","117722","377024","1350185","3074420","4216062","True","0.00012203","0.00012713"
"frosted","","222835","169338","394908","224778","257348","67805","False","0.00012203","2.69e-06"
"a","","127530","137180","203814","123912","67087","105659","False","0.00012185","2.855e-05"
"b","","163041","94308","114578","146784","236314","223223","False","0.00012185","2.862e-05"
"pyproject-metadata","pypa/pyproject-metadata","23578074","79","490634","8394153","28057740","80947764","True","0.00012185","7.145e-05"
"sphinxcontrib-shellcheck","","98484","1644","3339","5646","20023","461767","False","0.00012174","9.444e-05"
"tcolorpy","thombashi/tcolorpy","8268797","456483","1590661","4951696","11751661","22593482","True","0.00012161","2.026e-05"
"requests-file","","229154572","64225951","118443077","154224570","305650608","503228656","True","0.00012149","0.00046142"
"fonttools","fonttools/fonttools","447022854","22813967","171554216","319917937","612970893","1107857259","True","0.00012139","0.00084486"
"trio","python-trio/trio","138276948","8797537","70553087","94982936","183644829","333406353","True","0.00012139","0.00030779"
"odbc","","1455","7231","26","10","7","0","False","0.00012137","0.00010187"
"flake8-type-checking","","346657","16868","104524","415019","655416","541457","False","0.00012127","0.00010985"
"sphinxcontrib-autoprogram","","210512","194930","143781","144732","277840","291279","False","0.00012121","2.32e-06"
"pyee","","69338132","15478650","22325980","28998407","67339972","212547649","True","0.00012105","0.00013049"
"mkdocs-minify-plugin","byrnereese/mkdocs-minify-plugin","2749689","1716475","1507289","1801722","2400974","6321987","True","0.000121","1.458e-05"
"flake8-copyright","","777485","761190","599560","722649","923735","880291","False","0.00012099","1.454e-05"
"fixtures","testing-cabal/fixtures","6385723","6154905","5620247","6424986","7105685","6622791","True","0.00012083","2.16e-05"
"livereload","lepture/python-livereload","8261703","7527540","6065202","7302386","12052695","8360690","True","0.00012075","1.6e-05"
"sphinx-py3doc-enhanced-theme","","47080","27019","23624","25922","51565","107269","False","0.00012073","1.69e-06"
"ansicon","rockhopper-technologies/ansicon","1776599","543641","1138931","1817433","2350113","3032877","True","0.00012072","5.27e-06"
"backports-zoneinfo","","135445577","37714896","175274469","196428358","163808646","104001516","True","0.00012062","0.00025468"
"expat","","320","0","0","0","0","1602","False","0.0001206","2.63e-06"
"devpi-server","","580614","116733","234496","604713","804388","1142742","False","0.00012045","3.37e-06"
"path","jaraco/path","12188596","3767669","8858996","14909259","18339403","15067651","True","0.00012045","2.461e-05"
"devpi-client","","1330098","381059","619671","1204970","1425318","3019474","True","0.00012045","4.74e-06"
"pytest-lazy-fixture","tvorog/pytest-lazy-fixture","6322096","2125755","4182355","5493687","6924799","12883882","True","0.00012042","2.326e-05"
"textx","","1086624","276589","1787551","1584997","750283","1033699","True","0.00012034","3.75e-06"
"parsy","","4837139","985120","3914793","2412859","5296381","11576544","True","0.00012034","1.061e-05"
"parsimonious","","25151017","3462475","11254176","12928577","55227559","42882298","True","0.00012034","4.777e-05"
"parsita","","66519","3366","5929","84092","84798","154412","False","0.00012034","1.88e-06"
"hyperlink","","69535939","19232022","28236637","34953511","82892413","182365111","True","0.00012022","0.00012867"
"mkdocstrings-python","mkdocstrings/python","22062712","111","673241","5305492","20597830","83736886","True","0.00012009","6.264e-05"
"m2r","miyakogi/m2r","1253750","1555895","1972651","968002","851025","921179","True","0.00011999","3.38e-06"
"tinycss2","kozea/tinycss2","218974371","13067286","81163404","156743430","286561846","557335891","True","0.00011997","0.00040531"
"auditwheel","pypa/auditwheel","1994425","857368","955395","1014779","2393139","4751443","True","0.0001199","9.932e-05"
"py-cpuinfo","workhorsy/py-cpuinfo","58808718","10021120","13940845","27211904","84244543","158625180","True","0.00011967","0.00011075"
"gl","","828","2435","1602","74","16","15","False","0.00011961","1.628e-05"
"types-pyyaml","","150931162","5777491","39937885","118227818","188859986","401852628","True","0.00011952","0.00031614"
"pdbpp","bretello/pdbpp","5090053","2783736","3729273","3653070","6311731","8972456","True","0.00011943","1.157e-05"
"flake8-isort","gforcada/flake8-isort","11806708","5113784","8397973","12734012","16713025","16074747","True","0.00011928","2.944e-05"
"olefile","","24504161","9247034","9766330","12901004","27911663","62694775","True","0.00011925","4.72e-05"
"iso8601","micktwomey/pyiso8601","62998410","37466195","49649094","57135182","81097750","89643830","True","0.00011923","0.00011669"
"fastrlock","scoder/fastrlock","6884106","598763","879881","1411541","5158011","26372335","True","0.0001192","1.364e-05"
"zope-publisher","","1861311","547182","408119","648188","5860040","1843027","True","0.00011916","4.05e-06"
"zope-security","","1982107","652194","518259","720229","6034123","1985731","True","0.00011916","4.28e-06"
"cssselect2","kozea/cssselect2","54906136","12173739","16491273","34414556","48360281","163090832","True","0.00011906","0.00010498"
"jupytext","mwouts/jupytext","7913119","1683370","3787992","6120400","10852039","17121794","True","0.00011885","1.797e-05"
"mdx-include","","585042","102777","97885","127238","440453","2156856","False","0.00011884","5.623e-05"
"aioresponses","","31209520","3040437","2746250","5450275","37849000","106961639","True","0.00011882","7.201e-05"
"opencv-python-headless","opencv/opencv-python","69847266","27468724","34221036","50182164","71601530","165762878","True","0.00011875","0.00013182"
"evaluate","huggingface/evaluate","15668599","3041","685931","9768581","29413667","38471776","True","0.00011871","5.702e-05"
"plac","ialbert/plac","16906642","16404010","21910165","11133504","18918895","16166636","True","0.00011871","3.478e-05"
"mo-imports","klahnakoski/mo-imports","1719091","287381","1325230","2054303","2319041","2609500","True","0.00011861","4.05e-06"
"mo-testing","","48333","5694","16908","6998","169782","42283","False","0.00011861","9.9e-07"
"mo-threads","","65252","6611","24484","14524","63384","217255","False","0.00011861","1.02e-06"
"mo-json","","34763","6220","20761","13725","61464","71643","False","0.00011861","9.7e-07"
"mkdocs-git-revision-date-localized-plugin","timvink/mkdocs-git-revision-date-localized-plugin","4603972","706159","1351041","2172715","5914751","12875192","True","0.00011847","1.719e-05"
"output","","16293","6869","12246","6976","19087","36287","False","0.00011826","5.31e-06"
"scratch","","10746","6923","28196","14244","2413","1954","False","0.00011826","5.3e-06"
"ordereddict","","12673628","30042774","9011155","5934167","4768063","13611983","True","0.00011822","4.346e-05"
"ward","","34600","13418","24739","27027","47925","59890","False","0.00011821","1.69e-06"
"pprintpp","wolever/pprintpp","25604600","4438210","9076836","11817962","24990620","77699373","True","0.00011821","4.847e-05"
"adal","azuread/azure-activedirectory-library-for-python","267394286","180259604","266202245","269810128","290594037","330105417","True","0.00011797","0.00053867"
"pippy","","609","321","370","453","990","913","False","0.00011796","2.574e-05"
"clp","","492","674","307","386","620","471","False","0.00011789","3.89e-06"
"for","","5687","9127","19283","14","2","11","False","0.00011788","7.57e-06"
"backports-datetime-fromisoformat","","12013939","1029470","1488490","2419793","7947100","47184844","True","0.00011788","3.067e-05"
"numexpr","pydata/numexpr","49185572","16846239","29559036","57809584","54583599","87129401","True","0.00011782","9.52e-05"
"htmlmin","mankyd/htmlmin","15413104","9234689","16640333","20892832","17122610","13175058","True","0.00011781","3.063e-05"
"nvidia-ml-py","","24051279","780579","4177918","18027712","29960999","67309186","True","0.00011778","4.756e-05"
"requirements","","5","12","4","7","1","1","False","0.00011778","1.29e-06"
"pytest-flake8dir","","4452","3177","1169","842","2850","14221","False","0.00011778","4.9e-07"
"unicodecsv","jdunck/python-unicodecsv","70272146","53141216","59548872","76017886","90518296","72134458","True","0.00011778","0.00013008"
"incremental","twisted/incremental","56831917","29532698","35623167","33866136","73257733","111879850","True","0.00011778","0.00010468"
"sagemaker","aws/sagemaker-python-sdk","228481793","13342783","102147908","378736289","341208255","306973732","True","0.00011778","0.00042023"
"typescript","","31269","4338","5768","13267","20040","112931","False","0.00011778","7.2e-07"
"mock-django","","203030","215748","219207","262112","143731","174352","False","0.00011778","2.88e-06"
"axios","","69132","0","1102","33029","82311","229217","False","0.00011778","7.9e-07"
"proxy-py","","1430521","215393","1030885","1441703","1891136","2573488","True","0.00011778","3.04e-06"
"antiorm","","1164184","1180257","2551400","1254582","366179","468503","True","0.00011778","2.54e-06"
"robotframework-excellib","peterservice-rnd/robotframework-excellib","2034625","734650","1635279","1832183","2789464","3181550","True","0.00011778","4.67e-06"
"singer-python","","9810869","1170955","3168410","10020846","12116002","22578132","True","0.00011778","1.857e-05"
"pyvisa","pyvisa/pyvisa","3141736","658735","1055224","1921895","6079747","5993081","True","0.00011778","6.46e-06"
"fusepy","fusepy/fusepy","10158444","14297788","12842698","10239860","9230939","4180936","True","0.00011778","1.913e-05"
"pamqp","gmr/pamqp","15793951","5237271","6308820","12972876","18816773","35634017","True","0.00011778","3.381e-05"
"pytest-dependency","rkrahl/pytest-dependency","7764683","2169067","5028034","6700233","9400222","15525857","True","0.00011778","5.601e-05"
"rapidfuzz","rapidfuzz/rapidfuzz","393155138","3457634","23803996","228181381","616803812","1093528869","True","0.00011778","0.0007435"
"fugue","fugue-project/fugue","6134488","30593","573615","4343891","10409164","15315175","True","0.00011778","1.412e-05"
"pydoe","pydoe/pydoe","3637529","2119143","5248672","4302012","2716061","3801756","True","0.00011778","7.95e-06"
"goslate","","1673316","2852615","3953134","881767","555858","123208","True","0.00011778","3.59e-06"
"channels","","13312522","4265119","5964435","8127837","16536988","31668230","True","0.00011778","2.797e-05"
"bitarray","","75236655","12828433","22606153","45876288","114495429","180376974","True","0.00011778","0.00014905"
"kt-legacy","haifeng-jin/kt-legacy","4177824","742671","4793471","2731383","2622581","9999014","True","0.00011778","1.031e-05"
"thrift-sasl","cloudera/thrift_sasl","38046180","13695124","19853550","23906756","26316703","106458769","True","0.00011778","8.102e-05"
"eth-typing","ethereum/eth-typing","22438327","2745144","10687743","11723732","51650086","35384929","True","0.00011778","4.224e-05"
"keras-core","","570665","0","0","720163","1397619","735543","False","0.00011778","3.71e-06"
"pytest-flake8-path","","15493","669","3479","3091","6634","63592","False","0.00011778","5.1e-07"
"pybtex","","5819651","1330726","1907987","3100771","10591352","12167418","True","0.00011762","2.384e-05"
"gdal","osgeo/gdal","2887426","2216268","2638010","2739588","2933499","3909763","True","0.00011762","1.177e-05"
"pybtex-docutils","mcmtroffaes/pybtex-docutils","3792653","1142316","1530102","2643086","5869831","7777931","True","0.00011762","2.013e-05"
"grpcio-status","","2647854552","10408703","285579667","1581322214","3699558895","7662403279","True","0.00011751","0.00486183"
"proto-plus","googleapis/proto-plus-python","738103791","168465168","350377448","477393072","998062849","1696220416","True","0.00011751","0.00136831"
"pyyaml-env-tag","waylan/pyyaml-env-tag","32927910","2550404","9510674","18401484","41366955","92810033","True","0.00011735","8.163e-05"
"emoji","carpedm20/emoji","66314559","34333891","73161225","25963406","55008462","143105811","True","0.00011729","0.00012239"
"orjson","ijl/orjson","289574091","16652834","56139835","145611561","381592642","847873585","True","0.00011726","0.0005571"
"netaddr","","60329757","34749229","41368352","53036741","78417354","94077107","True","0.00011726","0.00011161"
"flatbuffers","google/flatbuffers","173121857","54357341","92150317","139206448","224210952","355684228","True","0.00011724","0.00031844"
"safety","pyupio/safety","16792171","7043354","11981581","12180222","18626544","34129153","True","0.00011713","3.522e-05"
"prospector","prospector-dev/prospector","6437309","4534604","4595508","9068224","9145290","4842920","True","0.00011701","1.318e-05"
"ciso8601","closeio/ciso8601","43694626","11352480","23274534","22406115","45846095","115593904","True","0.00011696","8.899e-05"
"cattrs","python-attrs/cattrs","221505107","38385314","102210052","189162325","292073726","485694119","True","0.00011696","0.00041264"
"appnope","minrk/appnope","38312436","12943135","25866656","20623754","33888106","98240530","True","0.00011685","0.00012092"
"azure-storage-blob","","577804759","336804026","451521068","484416661","689984744","926297294","True","0.00011685","0.00105881"
"fsspec","fsspec/filesystem_spec","2163350501","271169237","560201671","1380110791","3481716484","5123554324","True","0.00011682","0.00397009"
"boto","boto/boto","103667677","104837660","112105601","101126646","106709497","93558982","True","0.00011679","0.0001912"
"kazoo","","30171521","19868861","22281349","21187445","30377944","57142004","True","0.00011672","6.368e-05"
"python-multipart","kludex/python-multipart","234387821","9328034","27041828","71323552","214060868","850184825","True","0.00011664","0.00045493"
"elf","","4173","711","890","934","2071","16259","False","0.0001166","4.17e-06"
"sycl","","403","0","0","475","800","739","False","0.00011645","2.7e-06"
"svml","","152","0","0","0","0","758","False","0.00011645","2.7e-06"
"imf","","534","227","238","261","505","1437","False","0.00011645","2.7e-06"
"rq","rq/rq","15278515","5734566","7549359","11973447","18784721","32350483","True","0.00011645","2.877e-05"
"poethepoet","nat-n/poethepoet","7713934","239750","1092464","4999313","13088242","19149901","True","0.00011636","1.906e-05"
"pytest-check","","12256719","3950127","5421180","8866795","17969079","25076412","True","0.00011636","2.737e-05"
"sphinxcontrib-plantuml","sphinx-contrib/plantuml","2572554","939511","2020749","2171287","3396281","4334940","True","0.00011635","6.2e-06"
"testscenarios","","2164250","1114063","1507644","2515651","2585710","3098181","True","0.00011627","6.725e-05"
"cachelib","pallets-eco/cachelib","74620383","5674233","30129634","53994877","136652302","146650867","True","0.00011623","0.00014885"
"pyscss","","622437","459592","727054","572119","642454","710968","False","0.00011616","1.87e-06"
"pykwalify","grokzen/pykwalify","13992407","6176066","10194369","8215059","16868507","28508034","True","0.00011602","2.758e-05"
"flake8-tidy-imports","adamchainz/flake8-tidy-imports","3735189","1737282","3161477","4090386","5752347","3934453","True","0.00011597","1.497e-05"
"sgmllib3k","","25438515","6867513","26616705","26572400","26839216","40296743","True","0.00011573","6.034e-05"
"scriv","","85798","2110","16399","95128","110937","204414","False","0.00011573","1.396e-05"
"pycrypto","","81614462","45767985","67889101","83454326","107739863","103221033","True","0.00011566","0.00015486"
"cycler","matplotlib/cycler","499628787","220208055","280303432","348282324","659537104","989813018","True","0.00011559","0.00094329"
"pytest-fixture-config","man-group/pytest-plugins","911970","125449","515512","773163","1136043","2009682","False","0.00011553","3.85e-06"
"pytest-server-fixtures","man-group/pytest-plugins","111045","26063","28325","183031","138828","178979","False","0.00011553","2.44e-06"
"pytest-shutil","man-group/pytest-plugins","1363810","465140","1062331","1709112","1535425","2047043","True","0.00011553","4.64e-06"
"yt-dlp","yt-dlp/yt-dlp","33500171","5385135","51356130","28184951","27384040","55190601","True","0.0001155","6.262e-05"
"nose2","nose-devs/nose2","7737105","4400183","5978088","7100837","13224746","7981673","True","0.0001155","1.525e-05"
"smart-open","piskvorky/smart_open","281716030","162178638","137745074","175457628","325935243","607263566","True","0.00011532","0.00051799"
"chex","google-deepmind/chex","25985439","9953990","2915484","37398126","59066316","20593278","True","0.0001153","5.141e-05"
"optax","","16742623","10471409","3126930","8394592","43085402","18634781","True","0.0001153","3.45e-05"
"debugpy","microsoft/debugpy","275641454","84880145","121824958","173109356","381575271","616817538","True","0.00011526","0.00055476"
"pandas-stubs","","74366478","866564","7631522","18632710","53816261","290885335","True","0.00011525","0.00013792"
"sqlalchemy-stubs","dropbox/sqlalchemy-stubs","8882257","3865058","7039353","7633055","7414144","18459677","True","0.00011524","1.837e-05"
"pathmagic","matthewgdv/pathmagic","3015531","124526","695026","1753433","4912376","7592292","True","0.00011513","6.62e-06"
"maybe-else","matthewgdv/maybe","3022339","123914","694752","1754703","4924613","7613715","True","0.00011513","6.63e-06"
"pysubtypes","matthewgdv/subtypes","3017442","124414","695359","1752613","4913714","7601111","True","0.00011513","6.62e-06"
"pymiscutils","matthewgdv/miscutils","3023352","124174","694167","1751890","4919716","7626811","True","0.00011513","6.63e-06"
"mkdocs-literate-nav","","3199449","37915","308514","1145212","2764568","11741034","True","0.00011508","1.962e-05"
"pydantic-settings","pydantic/pydantic-settings","180825807","5240","13940","10451759","149722056","743936040","True","0.00011504","0.00037942"
"cairosvg","kozea/cairosvg","21644678","11370324","10292064","24893719","16465059","45202225","True","0.00011504","8.823e-05"
"flake8-debugger","","5139293","2822824","4542089","5947676","7573540","4810336","True","0.00011499","1.032e-05"
"rubicon-objc","","612588","207910","178047","312644","687864","1676475","False","0.00011497","3.72e-06"
"xlib","python-xlib/python-xlib","236198","119846","116214","214363","296199","434368","False","0.00011497","3.04e-06"
"logical-unification","pythological/unification","1967680","5574","482285","1984533","2617109","4748897","True","0.00011486","4.28e-06"
"versioneer","python-versioneer/python-versioneer","8201794","492916","1001489","4635423","10405647","24473493","True","0.00011486","1.569e-05"
"diff-cover","","33250075","3988718","9591303","20745536","40892221","91032595","True","0.00011486","6.151e-05"
"astroid","pylint-dev/astroid","239356326","122266439","144299552","192246959","335055485","402913193","True","0.00011484","0.00045549"
"s3transfer","boto/s3transfer","3492350922","1562442358","2214330821","2874612685","4307284730","6503084016","True","0.00011475","0.00639157"
"flake8-pytest-style","m-burst/flake8-pytest-style","2106935","1060290","1988403","2533490","2241685","2710808","True","0.00011469","9.38e-06"
"types-pygments","","10555357","553982","3364635","7217779","14871735","26768655","True","0.00011469","3.034e-05"
"transifex-client","","552664","1208546","915129","338521","154840","146283","False","0.00011466","2.75e-06"
"importlab","google/importlab","5264160","1457672","4124854","4935121","9958033","5845119","True","0.00011461","1.827e-05"
"mongoengine","mongoengine/mongoengine","13480434","10006188","9960587","12632564","15826192","18976639","True","0.0001146","2.539e-05"
"griffe","","31373979","561","1186428","6798334","27102901","121781670","True","0.0001146","7.852e-05"
"mkdocs-autorefs","mkdocstrings/autorefs","12746038","455302","1973033","5478153","14386705","41436998","True","0.0001146","4.444e-05"
"dm-haiku","","1968859","417788","1261072","2044862","3052979","3067592","True","0.00011455","4.86e-06"
"pkginfo","","419765240","103314441","206801019","255689236","648450530","884570974","True","0.00011448","0.00077587"
"resampy","bmcfee/resampy","18446268","8008254","20002816","30410997","16223314","17585959","True","0.00011441","3.688e-05"
"xgboost","dmlc/xgboost","179168555","76668653","101737146","118779114","251120924","347536938","True","0.0001144","0.00032888"
"comm","ipython/comm","185612593","1057","3022677","104135257","303357698","517546278","True","0.00011436","0.00038987"
"django-allauth","","11099020","5558011","6632607","8913803","16184485","18206195","True","0.00011435","2.119e-05"
"memcached","","4","14","2","1","1","0","False","0.00011435","4.94e-06"
"python-subunit","testing-cabal/subunit","3719830","3212216","2741846","2478399","4456511","5710180","True","0.00011435","7.88e-06"
"pytimeparse","","93450292","16133690","39840344","54819768","115034723","241422933","True","0.00011433","0.00018734"
"leather","","68719811","7333053","21856362","34483981","85431360","194494301","True","0.00011433","0.0001421"
"parsedatetime","bear/parsedatetime","93365815","15180590","49597345","87102365","104663236","210285537","True","0.00011433","0.00018718"
"pysnmp-lextudio","lextudio/pysnmp","691516","0","392","208653","913691","2334844","False","0.00011421","2.6e-06"
"esbonio","","405282","3241","118110","445167","586094","873799","False","0.00011421","2.08e-06"
"argopt","","94617","136385","124121","20760","63443","128374","False","0.00011414","5.605e-05"
"nbval","computationalmodelling/nbval","2051706","826833","1196414","1496991","2147026","4591266","True","0.00011414","5.963e-05"
"sentencepiece","google/sentencepiece","158051990","29792109","72654270","119829667","241273124","326710782","True","0.00011412","0.00029269"
"django-environ","joke2k/django-environ","23053562","9538810","11793394","18426706","30956849","44552051","True","0.0001141","4.346e-05"
"pytest-pythonpath","","4061710","3132154","4069726","4710341","5149338","3246989","True","0.00011408","8.64e-06"
"tldextract","john-kurkowski/tldextract","108094279","47314710","69033579","74323777","135252571","214546758","True","0.00011407","0.00019861"
"pyhanko-certvalidator","matthiasvalvekens/pyhanko","8459531","13161","1541702","6102466","10254421","24385905","True","0.00011401","1.93e-05"
"tbump","","740844","60060","183378","559334","960664","1940784","False","0.00011393","4.06e-06"
"django-htmlmin","","1043807","499247","452282","738951","604392","2924161","True","0.00011384","1.925e-05"
"graphene-django","graphql-python/graphene-django","5813288","3774223","4532453","4924270","7050058","8785435","True","0.00011382","1.112e-05"
"setoptconf-tmp","carlio/setoptconf-tmp","2283664","240552","1614350","3144307","3050533","3368580","True","0.00011379","6.04e-06"
"requirements-detector","","3948488","1628049","2485982","5589083","5136761","4902566","True","0.00011379","9.09e-06"
"dodgy","","3795914","1911925","2835853","5190358","4053677","4987759","True","0.00011379","8.81e-06"
"pylint-celery","","4110949","2454300","3694312","5532674","4516765","4356695","True","0.00011379","9.38e-06"
"pylint-flask","jschaf/pylint-flask","3819904","2155801","3344135","8140343","2962210","2497031","True","0.00011379","8.85e-06"
"multidict","aio-libs/multidict","1254437923","487701310","953014781","885761650","1432730952","2512980921","True","0.00011378","0.0025717"
"unittest-xml-reporting","xmlrunner/unittest-xml-reporting","35941918","15197354","20837583","47875613","41223701","54575337","True","0.00011376","7.324e-05"
"oauth2client","","221985485","149200415","214729664","185671411","223763644","336562292","True","0.00011376","0.00040763"
"apache-airflow-providers-http","","61539101","5932492","25373184","46029528","106238827","124121472","True","0.00011366","0.00011374"
"stups-tokens","zalando-stups/python-tokens","2968931","3819920","3859608","2806828","2866959","1491342","True","0.00011366","6.28e-06"
"agate-excel","","1954684","540758","1185591","1926180","2580291","3540601","True","0.00011366","4.17e-06"
"aiosqlite","","67116329","5939290","16161271","25965469","55997060","231518554","True","0.00011366","0.00012528"
"zeep","mvantellingen/python-zeep","131723116","30335525","63919481","99785488","171550582","293024504","True","0.00011366","0.00027515"
"yamllint","adrienverge/yamllint","89232502","27501438","32887120","51605563","96329394","237838996","True","0.00011366","0.00016469"
"pyodbc","mkleehammer/pyodbc","261271912","129042818","238307296","289285896","307811622","341911930","True","0.00011366","0.00047924"
"globre","metagriffin/globre","1181246","893835","1383517","1588613","1251586","788681","True","0.00011366","2.48e-06"
"aadict","metagriffin/aadict","989213","578780","1249384","1472256","1043791","601855","False","0.00011366","2.12e-06"
"agate-sql","","2115799","552301","1474297","2227370","2691611","3633418","True","0.00011366","4.46e-06"
"beartype","","29072745","205995","1130652","7590700","31632198","104804181","True","0.00011366","5.516e-05"
"mysql-connector-python","mysql/mysql-connector-python","227167326","49745735","131790420","144880013","292685170","516735293","True","0.00011366","0.00041685"
"nbdev","","894765","527411","973877","630196","876353","1465988","False","0.00011366","3.18e-06"
"ws","","970","0","0","0","0","4849","False","0.00011366","2.5e-06"
"docstring","","7928","12264","7793","7163","7020","5399","False","0.00011366","2.96e-06"
"python-memcached","linsomniac/python-memcached","8663882","7752380","7688559","9433613","9286024","9158835","True","0.00011366","1.679e-05"
"easyrelease","","1234","985","553","367","1544","2722","False","0.00011366","1.54e-06"
"nokogiri","","1678","541","1532","1024","2636","2657","False","0.00011366","1.54e-06"
"distribute","","11021157","18101242","15860112","10335846","8865378","1943205","True","0.00011366","2.126e-05"
"y-py","y-crdt/ypy","7173846","537","298712","9154190","11173879","15241911","True","0.00011366","1.562e-05"
"coloredlogs","","137758510","20412109","45595946","97797861","198513812","326472822","True","0.00011366","0.00025275"
"wsgiref","","556581","452001","453344","637902","543083","696574","False","0.00011366","2.12e-06"
"sparsesvd","","13829","33285","19892","4475","6075","5420","False","0.00011366","4.6e-07"
"dlib","davisking/dlib","2215749","1321770","1421896","1929725","4130281","2275074","True","0.00011366","7.57e-06"
"xonsh","","549568","160660","98955","109818","591382","1787024","False","0.00011366","2.082e-05"
"python-docs-theme","","642523","227225","257881","609075","873266","1245167","False","0.00011366","1.61e-06"
"pyfume","carofuchs/pyfume","1501678","4086","311020","3368058","2880840","944385","True","0.00011366","3.18e-06"
"agate-dbf","","1856655","537390","1180601","1687684","2360746","3516852","True","0.00011366","3.99e-06"
"apache-airflow-providers-cncf-kubernetes","","73505210","1649921","29413475","24977334","87003053","224482269","True","0.00011366","0.00013563"
"prefixed","rockhopper-technologies/prefixed","2596388","407984","860419","1197243","4164773","6351523","True","0.00011366","5.48e-06"
"python-stdnum","","11726648","4174961","5730129","10488638","17249354","20990156","True","0.00011366","2.273e-05"
"y-websocket","","40","0","183","11","4","0","False","0.00011366","2.5e-06"
"suds-jurko","","8755487","10623485","11832778","11717983","7796908","1806281","True","0.00011366","1.712e-05"
"stups-cli-support","zalando-stups/stups-cli-support","2736989","3603601","3789120","2712145","2581156","998924","True","0.00011366","5.86e-06"
"pyactiveresource","shopify/pyactiveresource","4672479","3224894","2259054","3281455","6622953","7974040","True","0.00011366","1.003e-05"
"retype","","11536","14829","11122","6639","8816","16273","False","0.00011366","4.8e-07"
"django-storages","","36682139","17864739","23235225","28710602","44562535","69037593","True","0.00011366","6.809e-05"
"tzdata","python/tzdata","980671259","24894266","249741375","400468275","1347409545","2880842832","True","0.00011366","0.0017963"
"equinox","","1819297","743","44760","244580","2205916","6600484","True","0.00011366","5.31e-06"
"sphinx-toolbox","sphinx-toolbox/sphinx-toolbox","1882023","207553","565436","1335806","3196768","4104550","True","0.0001135","2.362e-05"
"sphinx-markdown-tables","ryanfox/sphinx-markdown-tables","1626355","1052662","1731896","1506585","1788268","2052363","True","0.00011343","2.249e-05"
"django-appconf","django-compressor/django-appconf","15176161","8423063","9761772","11655212","17974692","28066068","True","0.00011337","2.883e-05"
"m2r2","crossnox/m2r2","1983624","713098","1604402","2121030","2450599","3028993","True","0.00011328","1.751e-05"
"pytest-mypy","realpython/pytest-mypy","5810935","3781790","9197173","3650475","6900358","5524880","True","0.00011314","1.227e-05"
"django-redis","jazzband/django-redis","31174506","14265172","17103967","23000161","37339148","64164083","True","0.00011312","6.301e-05"
"sphinxcontrib-images","","376029","132392","258233","328843","558173","602505","False","0.00011311","1.95e-06"
"darglint","","5537210","2073610","4181382","5370059","7783235","8277764","True","0.00011299","1.082e-05"
"cairo","","51","237","5","6","6","0","False","0.00011293","1.03e-06"
"pixman","","120","0","422","99","18","61","False","0.00011293","1.03e-06"
"rasterio","rasterio/rasterio","20413528","7198522","10737174","18206365","35110174","30815406","True","0.00011291","4.236e-05"
"sphinx-pypi-upload","","39650","26902","36801","67305","50424","16817","False","0.00011291","5.2e-07"
"pylama","klen/pylama","2099087","1143462","1439818","2101118","2839739","2971300","True","0.00011291","4.88e-06"
"ice","","2773","2045","1978","3059","3850","2932","False","0.00011274","1.596e-05"
"xkbcommon","","26728","16083","22546","24355","26029","44627","False","0.00011274","1.601e-05"
"sm","","3906","2529","2901","3460","5125","5515","False","0.00011274","1.596e-05"
"ipython-genutils","","122205713","193739313","132076202","114252870","84316993","86643189","True","0.0001127","0.00022733"
"rstcheck","rstcheck/rstcheck","3014491","732874","994039","1820332","3587198","7938010","True","0.00011254","1.36e-05"
"flake8-pep3101","gforcada/flake8-pep3101","1344680","638606","769588","1163315","2530044","1621845","True","0.00011254","3.44e-06"
"multipledispatch","mrocklin/multipledispatch","20867325","9839912","13143272","17070950","29087763","35194727","True","0.00011245","3.892e-05"
"collective-checkdocs","","177476","85944","104418","69665","359700","267653","False","0.0001124","1.5e-06"
"testrepository","","324279","595053","267871","159173","261981","337319","False","0.00011224","1.036e-05"
"sdl2","","2","5","2","1","1","0","False","0.00011224","1.47e-06"
"pyfakefs","","16683350","4744136","6855989","8666724","23594969","39554931","True","0.00011213","5.461e-05"
"scip","","10440","0","2868","9078","16739","23516","False","0.000112","3.69e-06"
"python-lsp-jsonrpc","python-lsp/python-lsp-jsonrpc","8191544","255778","4735022","10360603","10912636","14693679","True","0.000112","1.593e-05"
"docstring-to-markdown","python-lsp/docstring-to-markdown","3251366","73073","324905","1654115","3846884","10357855","True","0.000112","6.9e-06"
"lxml-stubs","lxml/lxml-stubs","4635349","166821","687587","1499501","4902509","15920328","True","0.000112","1.671e-05"
"openai","openai/openai-python","304796855","1435547","2769356","82869169","375879677","1061030527","True","0.000112","0.00056715"
"pytest-mypy-plugins","","614082","113155","171727","314168","636995","1834367","False","0.0001119","2.18e-06"
"flake8-string-format","xzise/flake8-string-format","2961481","1510991","2601199","3751039","3703745","3240429","True","0.00011174","6.22e-06"
"semver","","204550333","34479286","73073775","131460787","251164240","532573576","True","0.0001117","0.00037608"
"tokenizers","huggingface/tokenizers","269746004","35583418","79643025","143046478","318857921","771599177","True","0.00011166","0.00049744"
"uvloop","","219939068","105479471","112490779","116382289","215297384","550045416","True","0.00011155","0.00043233"
"sphinxcontrib-seqdiag","","422326","321390","328123","355289","440571","666257","False","0.00011154","2.51e-06"
"cutensor","","1850","0","3772","1138","2416","1922","False","0.00011154","9.6e-07"
"pycocotools","ppwwyyxx/cocoapi","17981967","4304353","7977846","15366215","29482590","32778829","True","0.00011153","3.352e-05"
"wrapt-timeout-decorator","bitranox/wrapt_timeout_decorator","5041903","288246","760940","2493331","2489073","19177925","True","0.00011151","1.013e-05"
"apscheduler","","81537176","26214701","56410643","71683214","99911454","153465869","True","0.00011143","0.00015245"
"sphinx-codeautolink","","181353","2772","45636","101987","166217","590152","False","0.00011129","7.55e-06"
"sphinxext-opengraph","","1794140","261410","615064","1119243","2664424","4310558","True","0.00011125","7.02e-06"
"natsort","sethmmorton/natsort","59925098","26235357","39233303","42732961","64284124","127139746","True","0.00011122","0.00011062"
"parso","davidhalter/parso","378931175","197688267","188764193","236390218","460059277","811753921","True","0.00011113","0.00070161"
"gunicorn","","464643431","245578728","295222909","352396601","624586127","805432791","True","0.00011108","0.00085138"
"flake8-blind-except","elijahandrews/flake8-blind-except","1855953","1735707","2119182","1954701","1973865","1496310","True","0.00011104","3.8e-06"
"promise","","40348018","42296504","51061511","44585910","37015990","26780176","True","0.00011102","7.516e-05"
"rope","python-rope/rope","9584794","4979437","7760009","8613717","11102247","15468560","True","0.00011101","1.966e-05"
"pyspelling","","674869","52586","101806","358544","1323145","1538264","False","0.00011101","7.32e-06"
"alpine","","3688","3506","2445","2010","7262","3216","False","0.00011101","5.3e-07"
"btrees","zopefoundation/btrees","4039625","2002694","3356652","2050372","9882639","2905768","True","0.00011101","7.95e-06"
"transaction","zopefoundation/transaction","5264137","2408705","2264371","2990860","11893935","6762815","True","0.00011101","1.019e-05"
"fido","","121265","66164","84202","84131","114245","257581","False","0.000111","5.085e-05"
"scandir","benhoyt/scandir","43586382","45892509","57005025","51021694","37526839","26485842","True","0.00011099","8.428e-05"
"flask-script","smurfix/flask-script","4624673","5317358","4509753","4182594","4659626","4454036","True","0.00011092","8.93e-06"
"pytest-plus","","845206","152249","146630","48512","63700","3814941","False","0.00011092","3.29e-06"
"base58","","17372656","9525169","14449451","10715516","17080674","35092472","True","0.00011092","3.284e-05"
"pyerfa","liberfa/pyerfa","13285270","3610960","6253327","5003216","23458727","28100120","True","0.00011092","2.835e-05"
"ntgcalls","","338809","0","0","97170","1114066","482807","False","0.00011092","1.59e-06"
"webassets","miracle2k/webassets","2729173","1597412","2200485","3017868","3961030","2869072","True","0.00011092","5.47e-06"
"django-jinja","","1172027","1105341","740301","878350","1286590","1849555","True","0.00011092","3.65e-06"
"tox-bitbucket-status","","492","271","178","557","842","611","False","0.00011092","3.9e-07"
"lark","lark-parser/lark","91463798","665532","10467340","37760170","88271174","320154775","True","0.00011092","0.00017004"
"scikit-base","sktime/skbase","4877468","0","0","2536241","7523854","14327245","True","0.00011092","1.078e-05"
"astropy-iers-data","astropy/astropy-iers-data","8312331","0","0","411548","17761426","23388680","True","0.00011092","1.925e-05"
"tfds-nightly","tensorflow/datasets","6640090","570448","1239915","8054930","15489512","7845643","True","0.00011092","1.295e-05"
"py-multicodec","","555038","32677","207013","312212","515473","1707817","False","0.00011092","2.07e-06"
"av","pyav-org/pyav","29014172","2858038","7561969","10015498","27574079","97061275","True","0.00011092","5.445e-05"
"contexttimer","","1069556","407114","942140","1361283","1392297","1244945","True","0.00011092","2.4e-06"
"screeninfo","rr-/screeninfo","4087335","294961","2000472","1366158","3839571","12935515","True","0.00011092","8.44e-06"
"rake","","3361","3318","3697","3636","3492","2662","False","0.00011092","4.7e-07"
"ctranslate2","opennmt/ctranslate2","6863340","80827","196670","1882090","8275639","23881475","True","0.00011092","1.393e-05"
"openwisp-utils","","48961","28775","27024","21342","51465","116201","False","0.00011092","5.3e-07"
"sphinx-press-theme","","305940","96457","203163","207929","408591","613560","False","0.00011092","9.2e-07"
"bytestring","","954","779","793","813","1021","1366","False","0.00011092","4.6e-07"
"detox","","18598","20954","11775","18918","21621","19724","False","0.00011092","4.3e-07"
"plantuml","","1127960","525579","887114","1157689","999967","2069452","True","0.00011092","2.96e-06"
"bundler","","1749","1","1121","1413","3309","2901","False","0.00011092","4.6e-07"
"dataproperty","thombashi/dataproperty","8796705","842614","2158754","5662131","11804094","23515932","True","0.00011092","1.826e-05"
"pylint-django","pylint-dev/pylint-django","13428075","7293729","8937993","17967370","15282259","17659024","True","0.00011092","2.493e-05"
"py-cid","","431854","20951","115355","172005","393340","1457618","False","0.00011092","1.85e-06"
"varint","fmoo/python-varint","4213661","1873993","5678279","5505735","4237907","3772393","True","0.00011092","8.77e-06"
"mkdocs-git-authors-plugin","","814805","78555","134193","404356","1132251","2324669","False","0.00011092","2.74e-06"
"tensorflow-text","tensorflow/text","51221075","12797318","32640649","44517903","83048489","83101016","True","0.00011092","9.451e-05"
"langchain-core","","171620539","0","0","1822953","184168975","672110769","True","0.00011092","0.00031711"
"kiwisolver","nucleic/kiwi","536991818","243612862","307528369","376461338","691510264","1065846256","True","0.00011075","0.00101111"
"pytest-aiohttp","aio-libs/pytest-aiohttp","9152707","2182314","4527792","6972511","12642061","19438859","True","0.00011061","1.814e-05"
"pytest-random-order","","26534097","6162761","9291230","12646789","26770834","77798873","True","0.00011057","4.927e-05"
"triad","fugue-project/triad","6059278","28878","487333","4343415","10123762","15313004","True","0.00011048","1.236e-05"
"numpy-financial","numpy/numpy-financial","8157481","890070","3666955","6697483","9505695","20027200","True","0.00011043","1.544e-05"
"pyqt6","","5441730","259247","744149","2110186","5215886","18879182","True","0.00011042","4.534e-05"
"curio","","351176","107173","203172","176983","1022615","245939","False","0.00011041","4.51e-05"
"semantic-release","","16647","5506","13988","6583","10936","46221","False","0.00011036","3.04e-06"
"docfly","","5349","1948","2219","3512","8798","10270","False","0.00011036","1.98e-06"
"rstobj","","4142","996","1430","2332","4830","11121","False","0.00011036","1.97e-06"
"sphinx-jinja","tardyp/sphinx-jinja","6524734","365220","509085","383119","5248572","26117675","True","0.00011036","1.39e-05"
"types-docutils","","30302416","737827","4635101","12341078","31343717","102454355","True","0.00011035","6.606e-05"
"pathlib2","jazzband/pathlib2","76362728","64267960","78286905","82216895","101628778","55413103","True","0.00011034","0.00014364"
"types-freezegun","python/typeshed","9794470","744264","5766775","6925480","11440259","24095571","True","0.00011024","2.137e-05"
"python-http-client","sendgrid/python-http-client","103008146","53040345","84657381","82233440","97544091","197565472","True","0.00011023","0.00020381"
"memray","bloomberg/memray","17346251","0","468929","2353237","16914164","66994924","True","0.00011021","4.44e-05"
"yapf","","66322426","17631293","24337404","49357840","95785400","144500192","True","0.00011015","0.00012327"
"databases","","5879035","1337079","2804114","4406301","9104076","11743606","True","0.00011011","3.7e-05"
"bindepend","","17223","6159","3600","6997","29304","40055","False","0.00011009","1.248e-05"
"machomachomangler","","38368","24061","42945","22977","48886","52973","False","0.00011009","1.252e-05"
"pyinstaller","pyinstaller/pyinstaller","23157419","6779877","9843770","16649072","32990057","49524317","True","0.00011008","5.224e-05"
"flake8-tuple","ar4s/flake8_tuple","1201017","606852","1242766","1474915","1708698","971855","True","0.00011008","3.8e-06"
"sphinx-reredirects","","1768884","102005","223711","630948","2117091","5770663","True","0.00010996","1.858e-05"
"doit","pydoit/doit","5988705","2132768","3647097","5082630","9648783","9432246","True","0.00010996","1.131e-05"
"sqlparse","andialbrecht/sqlparse","522460507","211570405","309939230","408696180","705913881","976182840","True","0.00010995","0.00096063"
"cap","","7978","3368","3763","6320","9624","16817","False","0.00010995","1.44e-06"
"dw","","747","332","1169","985","758","492","False","0.00010995","1.43e-06"
"xyzservices","","26215439","149365","2826010","18368227","45553923","64179671","True","0.00010993","5.097e-05"
"geopy","geopy/geopy","63797805","56784787","49317223","49954592","66326911","96605510","True","0.00010993","0.00011972"
"humanize","python-humanize/humanize","104724942","25060949","44428275","58631707","122748091","272755688","True","0.00010992","0.0001932"
"jinxed","rockhopper-technologies/jinxed","1579641","498792","1047592","1615942","2153969","2581908","True","0.00010992","9.59e-06"
"sphinxcontrib-manpage","","7985","9415","6503","2598","5770","15640","False","0.00010992","6.71e-06"
"entrypoint2","ponty/entrypoint2","3747463","2026546","2439067","4715993","4764223","4791486","True","0.0001099","9.05e-06"
"cibuildwheel","pypa/cibuildwheel","4748917","505061","791510","2257286","9138856","11051874","True","0.00010982","1.017e-05"
"expecttest","","3756080","812728","2328557","2066111","5019014","8553988","True","0.00010981","1.465e-05"
"pypng","","19592323","7168337","2764478","14978468","34421886","38628448","True","0.00010974","3.893e-05"
"timm","huggingface/pytorch-image-models","45854920","2049937","17635431","37765526","63722730","108100975","True","0.0001097","8.704e-05"
"omegaconf","omry/omegaconf","98066908","6532594","24124413","53392310","121688168","284597056","True","0.0001097","0.00018255"
"pytest-golden","","139454","8054","41000","41219","122993","484002","False","0.00010964","9.7e-07"
"mdx-gh-links","","69257","26116","35218","47002","93116","144834","False","0.00010959","1.274e-05"
"markdown-callouts","","324081","2211","21307","108887","418205","1069793","False","0.00010959","1.32e-05"
"mkdocs-click","","1600337","81239","204488","362588","542732","6810636","True","0.00010959","1.554e-05"
"mkdocs-get-deps","mkdocs/get-deps","20264168","0","0","10307","22261563","79048972","True","0.00010959","4.968e-05"
"pycurl","","22502539","20166978","26576485","13894653","17780461","34094119","True","0.00010957","5.457e-05"
"segtok","fnl/segtok","3049483","1475154","2880321","2678956","3770939","4442044","True","0.00010954","5.96e-06"
"fudge","","595194","2480476","194950","138119","96064","66359","False","0.00010954","1.56e-06"
"python-xlib","python-xlib/python-xlib","8134328","1450478","3096347","3085608","12662916","20376289","True","0.00010952","1.631e-05"
"genshi","edgewall/genshi","1544587","868797","1072323","1252354","2392426","2137033","True","0.00010949","4.21e-06"
"google-cloud-storage","googleapis/python-storage","846144111","368800701","532484652","592619411","958944578","1777871214","True","0.00010944","0.00155261"
"pathvalidate","","26563711","4340920","6379462","16807067","29232937","76058171","True","0.00010934","5.227e-05"
"sqliteschema","","196560","67459","143301","78251","239114","454676","False","0.00010934","4.03e-06"
"pytablereader","","208842","60608","158349","146192","337111","341949","False","0.00010934","4.05e-06"
"mo-dots","klahnakoski/mo-dots","1742868","300795","1342876","2064933","2350017","2655718","True","0.0001093","3.73e-06"
"jx-python","","18203","4220","5319","2755","30955","47768","False","0.0001093","5.8e-07"
"texttable","foutaise/texttable","85233561","36105359","43335725","65879972","106507196","174339552","True","0.0001093","0.00015742"
"graypy","severb/graypy","5239371","1784177","4203933","6805855","6861580","6541310","True","0.0001093","1.013e-05"
"mo-kwargs","","1305673","291181","1099317","1616011","1774008","1747847","True","0.0001093","2.93e-06"
"cssmin","","1028539","919135","948803","1021618","1241991","1011146","True","0.00010929","2.31e-06"
"yuicompressor","","2038","447","55","4209","4490","989","False","0.00010929","4.3e-07"
"google-cloud-bigquery","googleapis/python-bigquery","577259562","186716252","593181536","426433458","618344075","1061622487","True","0.00010927","0.00106298"
"grpc-stubs","shabbyrobe/grpc-stubs","7330587","1671253","2429621","3511838","9528312","19511910","True","0.00010919","2.027e-05"
"types-protobuf","","103663793","2942018","18131664","32508879","114295258","350441147","True","0.00010919","0.0001965"
"dm-tree","","25273020","15891014","11520004","22740697","42167802","34045582","True","0.00010908","5.725e-05"
"coverage-pyver-pragma","","175255","227543","110212","70658","269053","198807","False","0.00010905","1.29e-06"
"coincidence","","158644","188835","99788","56729","259303","188564","False","0.00010905","1.26e-06"
"mozilla-sphinx-theme","","2111","694","676","712","1565","6909","False","0.00010895","3.5e-07"
"nose-parameterized","wolever/parameterized","984877","2654695","387167","325355","1181575","375595","False","0.00010895","3.07e-06"
"pcodedmp","bontchev/pcodedmp","3161678","1009422","1248002","1486142","3111411","8953411","True","0.00010895","6.53e-06"
"magic-filter","aiogram/magic-filter","3619493","4191","151662","2008672","4650150","11282792","True","0.00010895","8.11e-06"
"javasphinx","","16423","13234","20410","20310","16829","11331","False","0.00010895","3.9e-07"
"polars","","69470352","112723","1146392","16872346","88294509","240925791","True","0.00010895","0.00012759"
"codeclimate-test-reporter","","82726","109039","37104","41068","131776","94642","False","0.00010895","4e-07"
"redis-sentinel-url","","1401286","39376","77557","123264","2668712","4097522","True","0.00010895","2.94e-06"
"readthedocs-sphinx-ext","readthedocs/readthedocs-sphinx-ext","3484715","2923070","3335064","5117472","5438330","609637","True","0.00010895","1.576e-05"
"pyxtension","","90005","12532","14596","91029","210797","121071","False","0.00010895","5.5e-07"
"eg","","2673","2046","2255","2101","3154","3808","False","0.00010895","4.7e-07"
"django-rosetta","","1095823","514103","620557","878362","1406962","2059132","True","0.00010895","3e-06"
"tempman","","1075","730","747","728","1746","1425","False","0.00010895","1.27e-06"
"webapp2","","3118932","2897499","3563212","3189840","3284727","2659383","True","0.00010895","6.48e-06"
"pipenv","pypa/pipenv","125415534","41325957","64793577","102359804","152363708","266234623","True","0.00010895","0.00023285"
"pyiotools","matthewgdv/iotools","3021095","124129","694212","1751978","4915432","7619726","True","0.00010895","6.27e-06"
"cobble","mwilliamson/python-cobble","5670211","218751","485306","467502","5323473","21856021","True","0.00010895","1.164e-05"
"need","","1707","2376","3820","560","699","1078","False","0.00010895","2.903e-05"
"gaenv","","5985","7613","11413","4477","3881","2542","False","0.00010895","7.9e-07"
"o365","","14864437","1935649","4581732","9570627","22101160","36133019","True","0.00010895","2.794e-05"
"injector","","16719202","1400902","3272195","22813703","28033853","28075355","True","0.00010895","3.308e-05"
"testutils","","41929","6194","5348","12536","154355","31211","False","0.00010895","1.32e-06"
"murmurhash","explosion/murmurhash","80727155","30838284","48239430","52859916","109487204","162210940","True","0.00010895","0.00016541"
"ua-parser","ua-parser/uap-python","66035152","34790958","53947131","50656967","63950239","126830467","True","0.00010895","0.00012258"
"as","","8369","41333","127","92","170","125","False","0.00010895","7.2e-07"
"microsofttranslator","","95507","118713","105229","97431","56193","99967","False","0.00010895","1.17e-06"
"polib","izimobil/polib","12204762","4988117","5502450","8265306","15778808","26489127","True","0.00010895","2.332e-05"
"ntlm-auth","jborean93/ntlm-auth","16878063","14549618","27682752","15959948","14979475","11218522","True","0.00010895","4.154e-05"
"so","","8877","11544","6083","4595","9768","12397","False","0.00010895","7.6e-07"
"easygui","robertlugg/easygui","4311255","1496755","2159304","2545932","4396805","10957480","True","0.00010895","8.63e-06"
"dpkt","kbandla/dpkt","5705614","3267540","3727628","3392623","8887884","9252395","True","0.00010895","1.095e-05"
"ip3country","","8913449","7761","232876","1797422","10901225","31627963","True","0.00010895","1.808e-05"
"precisely","","73829","29808","38220","97737","96491","106890","False","0.00010895","1.4e-06"
"msoffcrypto-tool","nolze/msoffcrypto-tool","9042715","1545785","3075171","4942134","10890120","24760365","True","0.00010895","1.729e-05"
"testcontainers","","21833504","2526002","5177392","11003250","22163572","68297302","True","0.00010895","4.034e-05"
"gevent-websocket","","5194320","3602855","3607548","4648648","8188349","5924200","True","0.00010895","9.85e-06"
"python-language-server","palantir/python-language-server","1175860","1513933","1035471","988369","950455","1391072","True","0.00010895","2.52e-06"
"funk","","7708","1428","2759","9241","8370","16742","False","0.00010895","1.28e-06"
"django-nose","jazzband/django-nose","3264182","3930738","2947292","3242931","3340569","2859382","True","0.00010895","6.23e-06"
"colorclass","matthewdeanmartin/colorclass","10375134","7838919","8578143","6758736","12207297","16492577","True","0.00010895","1.972e-05"
"cymem","explosion/cymem","80550364","30806427","47633163","52594376","110058526","161659328","True","0.00010895","0.00016509"
"svgwrite","mozman/svgwrite","13876874","1556076","9273999","3595365","22569471","32389457","True","0.00010895","2.694e-05"
"pyrfc3339","kurtraschke/pyrfc3339","36352027","12529869","21569958","26645145","48297380","72717782","True","0.00010895","6.686e-05"
"give","","2","2","4","3","1","0","False","0.00010895","7e-07"
"pywavelets","pywavelets/pywt","100191547","83401606","80431974","78843339","148973070","109307745","True","0.00010895","0.00018371"
"enum-compat","jstasiak/enum-compat","24727682","4888271","12326331","22661326","35751175","48011309","True","0.00010893","4.638e-05"
"feedparser","kurtmckee/feedparser","37339797","11778711","29896350","29267574","43091199","72665153","True","0.00010892","8.144e-05"
"flake8-polyfill","","13608187","13160959","15308707","13865120","13470392","12235757","True","0.00010889","2.963e-05"
"pygraphviz","","8907077","1326214","2855985","3618991","4961710","31772484","True","0.00010885","1.761e-05"
"flake8-rst-docstrings","","3039991","1468335","2661637","3782580","3829764","3457637","True","0.00010881","7.13e-06"
"flake8-deprecated","gforcada/flake8-deprecated","1774521","1394487","1802358","1771037","2708620","1196104","True","0.0001088","4.95e-06"
"tensorflow-datasets","tensorflow/datasets","21532224","22827945","14542174","19259259","30880935","20150808","True","0.0001088","4.283e-05"
"mkdocs-macros-plugin","","4589726","333641","970304","1868211","4881539","14894937","True","0.0001087","3.202e-05"
"markdown-include-variants","","163296","0","0","0","97730","718751","False","0.0001087","2.392e-05"
"griffe-typingdoc","","166153","0","0","6093","263106","561564","False","0.0001087","2.393e-05"
"smokeshow","","94790","1664","3484","33335","113132","322335","False","0.0001087","2.38e-05"
"griffe-warnings-deprecated","","70073","0","0","0","1914","348450","False","0.0001087","2.375e-05"
"shellingham","sarugaku/shellingham","531784701","37102344","100111239","250447988","718823880","1552438053","True","0.0001087","0.00099642"
"types-ujson","python/typeshed","8755019","1010062","3526298","5674044","12475646","21089046","True","0.00010867","4.21e-05"
"pyroma","regebro/pyroma","1308176","703311","963258","996507","1578673","2299131","True","0.00010867","3.5e-06"
"netcdf","","17184","41976","8947","9801","17553","7643","False","0.00010866","4.36e-06"
"h2","python-hyper/h2","133255860","38595288","45342824","64473025","118074969","399793195","True","0.00010855","0.00028854"
"c-compiler","","6","18","3","4","6","0","False","0.00010849","2.605e-05"
"contourpy","contourpy/contourpy","318020513","2391","26678773","203891048","463656681","895873673","True","0.00010849","0.00060781"
"mpl-sphinx-theme","","129762","2871","10162","21355","306495","307926","False","0.00010849","2.629e-05"
"colorspacious","","472612","63386","171669","226915","774858","1126231","False","0.00010849","2.691e-05"
"pystemmer","","1190637","352618","261587","250819","1287127","3801033","True","0.00010849","2.823e-05"
"pygobject","","20163350","30923716","37235338","13824271","11336196","7497228","True","0.00010849","6.293e-05"
"sphinxcontrib-video","","384933","0","8956","131127","290357","1494226","False","0.00010849","2.675e-05"
"sphinx-tags","","88371","0","4230","61941","110094","265588","False","0.00010849","2.621e-05"
"wxpython","wxwidgets/phoenix","1326022","945153","988310","1162557","1676377","1857715","True","0.00010849","2.848e-05"
"pikepdf","pikepdf/pikepdf","15779358","1907816","3595323","7777743","22343794","43272115","True","0.00010849","5.492e-05"
"cairocffi","","21641268","12303517","10801936","26080057","16871797","42149032","True","0.00010849","6.564e-05"
"pkg-config","","24","107","7","6","1","0","False","0.00010849","2.605e-05"
"prettier","","73958","0","4429","41695","109847","213821","False","0.00010849","2.619e-05"
"goose3","","397068","160032","222513","330490","526087","746216","False","0.00010847","2.85e-06"
"news-please","","164348","47377","70284","344441","95154","264484","False","0.00010847","2.43e-06"
"newspaper3k","codelucas/newspaper","4370717","1698183","1623064","2393238","6050516","10088583","True","0.00010847","1.012e-05"
"mdit-py-plugins","executablebooks/mdit-py-plugins","148180643","3302935","28454243","187023730","252854377","269267932","True","0.00010843","0.00029296"
"cherrypy","","11998661","5524167","23938047","14902050","10884558","4744484","True","0.00010842","2.427e-05"
"cohere","cohere-ai/cohere-python","26760643","3672","49284","1747976","41444294","90557991","True","0.00010842","5.836e-05"
"snapshottest","syrusakbary/snapshottest","4846940","3184691","3835819","4467522","4089515","8657151","True","0.00010831","3.085e-05"
"rcssmin","","7573522","3298565","4325158","5461152","7825294","16957442","True","0.00010831","1.484e-05"
"rjsmin","","7713539","4117976","4601299","6262048","8644095","14942277","True","0.00010831","1.509e-05"
"slimit","","798132","643018","605676","820976","1385483","535505","False","0.00010831","2.44e-06"
"yanc","","132874","299346","85839","98077","90232","90878","False","0.0001083","9.7e-07"
"tiktoken","openai/tiktoken","154774781","0","2711","29004767","176073192","568793233","True","0.00010826","0.00029105"
"cliff","","17286064","13293543","27006015","15936145","15242275","14952341","True","0.00010823","3.456e-05"
"snappy","","240145","127543","202004","152224","341224","377729","False","0.00010797","1.96e-06"
"cupy-cuda90","cupy/cupy","24043","38766","15228","7709","36234","22277","False","0.00010796","1.2e-06"
"pyopencl","","759605","163581","611955","886796","872584","1263111","False","0.00010796","2.55e-06"
"cssutils","jaraco/cssutils","22619242","7768462","11877775","16832570","27222939","49394466","True","0.00010792","4.186e-05"
"flake8-broken-line","wemake-services/flake8-broken-line","5138575","2189980","4347761","7027778","6084162","6043194","True","0.00010787","9.76e-06"
"pydoctor","","489015","39934","65054","332350","531553","1476183","False","0.00010786","2.09e-06"
"sphinxbootstrap4theme","","10047","7348","3927","11928","11192","15839","False","0.00010786","1.22e-06"
"pynacl","pyca/pynacl","753356334","213404842","424183593","522801624","1024002731","1582388880","True","0.00010784","0.00137867"
"cons","pythological/python-cons","2067336","5791","483472","1986191","2622155","5239071","True","0.0001078","4.19e-06"
"tblib","","124980628","33108163","54477582","85927835","164033660","287355898","True","0.00010776","0.00023748"
"mercantile","mapbox/mercantile","8811639","7377334","6022467","6146587","15202768","9309037","True","0.00010773","1.674e-05"
"rfc3986","","188406529","116174563","148816017","155671718","196212208","325158137","True","0.00010769","0.00035201"
"colorlog","borntyping/python-colorlog","181638609","54998158","91085636","89328325","240681211","432099717","True","0.00010763","0.00033283"
"sphinxext-rediraffe","","572762","162964","211487","223798","570723","1694840","False","0.00010762","1.69e-06"
"aiohttp-theme","","69296","33651","42211","56156","73141","141323","False","0.0001076","0.00018532"
"setuptools-git","msabramo/setuptools-git","22725885","19852053","33822694","22219977","16850046","20884657","True","0.0001076","0.00022676"
"cherry-picker","","34125","15506","18515","32077","26822","77705","False","0.0001076","0.00018525"
"moban","","11222","9210","6172","3578","12518","24633","False","0.00010755","8.8e-07"
"pyexcel","pyexcel/pyexcel","4436089","1440686","1801729","2309873","3607423","13020732","True","0.00010755","8.98e-06"
"junit-xml","kyrus/python-junit-xml","59918632","34293074","50260888","50170783","70732714","94135702","True","0.00010748","0.00011033"
"ffmpeg-python","kkroening/ffmpeg-python","23052267","4028185","10074356","13689391","26542384","60927020","True","0.00010748","4.282e-05"
"pyotp","","58937481","26960356","26646905","53713012","70090114","117277016","True","0.00010748","0.00010808"
"jwt","gehirninc/python-jwt","13457473","2291781","2703177","5346366","20218974","36727065","True","0.00010748","2.852e-05"
"phi","","8034","836","1106","932","8051","29245","False","0.00010748","5.8e-07"
"jupyter-server","jupyter-server/jupyter_server","206961464","17743769","48847657","189436807","327613722","451165365","True","0.00010748","0.00040913"
"repoze-lru","","28078659","17860704","22954478","35578312","33218838","30780963","True","0.00010748","5.206e-05"
"easy-thumbnails","smileychris/easy-thumbnails","2610008","1946455","2311979","2213902","2839888","3737817","True","0.00010748","5.46e-06"
"jsontest","","14289","937","2072","2791","36504","29141","False","0.00010748","5.8e-07"
"databricks-api","crflynn/databricks-api","30632676","14260326","37286727","34621203","30148585","36846541","True","0.00010748","5.676e-05"
"edgegrid-python","akamai/akamaiopen-edgegrid-python","9224459","1505053","4911047","6069154","28117176","5519865","True","0.00010748","1.768e-05"
"json5","dpranke/pyjson5","151778708","17192272","24745709","82721529","241942458","392291571","True","0.00010748","0.00030818"
"rye","","4169","867","868","1091","8824","9193","False","0.00010748","1.94e-06"
"more-executors","rohanpm/more-executors","5000909","214264","1860773","1462253","20909558","557696","True","0.00010748","9.96e-06"
"pyphen","kozea/pyphen","36433429","7737751","9751548","14274915","30980701","119422228","True","0.00010748","6.735e-05"
"sorl-thumbnail","jazzband/sorl-thumbnail","2618120","1542101","1652847","2107602","3496342","4291710","True","0.00010748","5.48e-06"
"colorlover","","2840118","3437711","5115449","2336444","1541212","1769772","True","0.00010748","5.55e-06"
"djangorestframework-jwt","","4857400","4530209","4291402","5960398","5565077","3939912","True","0.00010748","9.42e-06"
"arb","","469","0","0","0","1192","1152","False","0.00010748","6.2e-07"
"hjson","hjson/hjson-py","14882020","2506537","5327135","7930435","19780441","38865550","True","0.00010748","2.772e-05"
"python-afl","","32206","36008","24338","30758","24748","45177","False","0.00010748","3.91e-06"
"maturin","pyo3/maturin","17018947","1467341","3323142","6139300","20555195","53609758","True","0.00010748","3.154e-05"
"django-rest-swagger","marcgibbons/django-rest-swagger","4080603","3833787","3782676","3888879","4296504","4601171","True","0.00010748","8e-06"
"dictdiffer","inveniosoftware/dictdiffer","25331961","8249474","12431763","20195949","23974682","61807938","True","0.00010748","4.69e-05"
"line","","22072","16245","34765","20849","21965","16534","False","0.00010748","9.1e-07"
"pilkit","matthewwithanm/pilkit","1868470","1084869","1665872","1450810","2125693","3015107","True","0.00010748","3.76e-06"
"pytest-docker","avast/pytest-docker","3267216","411002","982976","1561945","4338853","9041306","True","0.00010748","6.51e-06"
"camelot-py","camelot-dev/camelot","2263719","423517","779672","2030959","3739563","4344884","True","0.00010748","5.07e-06"
"common","","320095","137762","161607","293486","488652","518970","False","0.00010748","1.15e-06"
"xirr","","16307","7080","7852","17551","21768","27284","False","0.00010748","4.4e-07"
"minio","minio/minio-py","29066773","7507469","14858128","15975087","35253612","71739571","True","0.00010748","5.565e-05"
"papermill","nteract/papermill","22745538","4590616","8993956","12887337","28385611","58870171","True","0.00010748","4.223e-05"
"flask-graphql","graphql-python/flask-graphql","2622483","2920996","2527193","2012029","1881883","3770316","True","0.00010748","5.13e-06"
"wmi","","5484189","1499104","1556421","3336830","8905814","12122776","True","0.00010747","5.436e-05"
"eradicate","pycqa/eradicate","6997570","2645932","4780282","7156073","9037550","11368011","True","0.00010746","1.352e-05"
"dirty-equals","","4116588","0","104293","556649","3826499","16095497","True","0.00010733","3.906e-05"
"pytest-relaxed","","21514","8804","8485","18414","31245","40624","False","0.00010733","1.696e-05"
"argcomplete","kislyuk/argcomplete","341492326","117056128","169397046","241405147","519950144","659653165","True","0.00010729","0.00063452"
"sphinx-autodoc-annotation","","83435","69784","66335","96643","75363","109049","False","0.00010729","1.22e-06"
"rednose","jbkahn/rednose","1236416","1900971","1823332","1108168","726419","623190","True","0.00010728","2.68e-06"
"flake8-html","","1209355","541220","738839","1126335","1732711","1907672","True","0.00010725","1.008e-05"
"naming","","38623","24548","22122","46192","48438","51813","False","0.00010725","7.94e-06"
"furl","gruns/furl","24725493","5595079","13206228","21782444","33985730","49057985","True","0.00010725","4.558e-05"
"genbadge","","879849","9747","422444","744382","1453111","1769559","False","0.00010725","9.47e-06"
"pytest-spark","malexer/pytest-spark","2611477","1593415","1673366","2843806","3174150","3772648","True","0.00010713","5.54e-06"
"gpgme","","135","0","0","0","0","673","False","0.00010713","4.88e-06"
"webargs","marshmallow-code/webargs","14570602","4892111","7551618","11391233","22102258","26915791","True","0.0001071","2.724e-05"
"einops","arogozhnikov/einops","57413713","8191878","18706189","47222400","75339680","137608420","True","0.00010709","0.00010816"
"astpretty","asottile/astpretty","2541816","272921","1200988","1848959","4801442","4584771","True","0.00010702","5.25e-06"
"filterpy","rlabbe/filterpy","17615336","5505102","10450145","24669043","27583808","19868582","True","0.000107","3.391e-05"
"pytest-base-url","pytest-dev/pytest-base-url","15654422","1622115","2871533","7754391","23878556","42145517","True","0.00010699","3.046e-05"
"atheris","","161286","30744","53464","57382","139788","525052","False","0.00010697","9.6e-07"
"micawber","","374537","158200","308171","372359","287624","746329","False","0.00010695","6.12e-06"
"types-pytz","python/typeshed","93787478","3977701","25854320","50450673","112263198","276391498","True","0.00010692","0.00018015"
"cx-freeze","marcelotduarte/cx_freeze","1365790","527930","602784","1262881","2156160","2279197","True","0.00010691","2.79e-06"
"django-crispy-forms","django-crispy-forms/django-crispy-forms","12302799","6364075","7561133","9687431","16274035","21627321","True","0.00010689","2.965e-05"
"domdf-python-tools","domdfcoding/domdf_python_tools","3922858","451283","1268304","2464025","6799274","8631406","True","0.00010678","7.97e-06"
"pyasn1-modules","pyasn1/pyasn1-modules","1257766185","444627615","730815667","805762970","1511577714","2796046957","True","0.00010654","0.00230177"
"safetensors","huggingface/safetensors","145292827","0","595331","77558586","206246411","442063809","True","0.00010652","0.00027318"
"mo-times","","36836","6413","12951","37230","47132","80456","False","0.00010649","4.3e-07"
"mo-math","","35762","10575","18020","27608","48889","73717","False","0.00010649","4.2e-07"
"pylibrary","","7377","7630","4127","2427","8450","14249","False","0.00010649","3.7e-07"
"jx-elasticsearch","","632","692","781","360","746","581","False","0.00010649","3.6e-07"
"dunamai","","18447870","1175052","2752400","7791241","24665937","55854719","True","0.00010634","3.71e-05"
"iopath","","12987977","1562185","6512786","14964857","22323168","19576889","True","0.00010634","2.49e-05"
"google-cloud-happybase","","224451","251206","295831","213523","233854","127843","False","0.00010634","2.231e-05"
"databricks-sdk","","139167406","0","0","39345347","146330419","510161262","True","0.00010634","0.0002567"
"xlsxwriter","jmcnamara/xlsxwriter","218719111","83735768","116537676","150774181","264818159","477729769","True","0.00010634","0.00040051"
"texext","","61517","23082","45423","25246","105278","108554","False","0.00010634","5.7e-07"
"crc32c","","8800983","1153359","1682635","5064869","8917325","27186729","True","0.00010634","0.00010817"
"pip-api","","10942928","2297922","3588391","4611929","8545761","35670639","True","0.00010634","2.119e-05"
"google-cloud-core","googleapis/python-cloud-core","745637193","389439078","525792949","570846683","855673247","1386434007","True","0.00010634","0.0013859"
"delocate","matthew-brett/delocate","6938404","365984","633961","1027874","3140930","29523272","True","0.00010634","0.00010476"
"python-can","hardbyte/python-can","10282063","1750482","3926994","9397018","14032333","22303486","True","0.00010634","1.951e-05"
"pip-requirements-parser","","10227033","0","779484","4623001","10084471","35648208","True","0.00010634","1.989e-05"
"dm-env","","3573240","162219","501629","2809258","11163013","3230081","True","0.00010634","7.03e-06"
"tox-venv","","106345","203883","152675","47895","51084","76190","False","0.00010634","5.32e-06"
"uamqp","azure/azure-uamqp-python","68863255","68587196","88369953","81384779","56925557","49048788","True","0.00010634","0.0001263"
"pytest-testdox","","302818","178129","194901","260229","259174","621656","False","0.00010634","8.8e-07"
"torch-c-dlpack-ext","","75382","0","0","0","0","376910","False","0.00010634","6.5e-07"
"nvidia-cutlass-dsl","","773374","0","0","0","0","3866870","False","0.00010634","1.93e-06"
"crccheck","martinscharrer/crccheck","8559545","283826","6911511","12019812","12699251","10883325","True","0.00010634","1.636e-05"
"cramjam","","69653042","3847883","17474895","35943692","94539754","196458986","True","0.00010634","0.00013782"
"distrax","google-deepmind/distrax","5130394","5756","142474","4131298","19714608","1657832","True","0.00010634","9.88e-06"
"yacs","rbgirshick/yacs","14260284","4083827","8620181","19262943","19631321","19703147","True","0.00010634","2.723e-05"
"apache-tvm-ffi","","506128","0","0","0","0","2530639","False","0.00010634","1.44e-06"
"dbt-spark","dbt-labs/dbt-adapters","12618709","195506","2018378","7164935","13748823","39965902","True","0.00010634","2.52e-05"
"usb","","81270","31900","74348","83231","93500","123373","False","0.00010634","6e-07"
"udatetime","freach/udatetime","1532723","2173844","2276250","2610868","289834","312817","True","0.00010634","3.52e-06"
"pyzbar","naturalhistorymuseum/pyzbar","4020527","1813063","2399332","2341743","4616438","8932061","True","0.00010634","7.76e-06"
"imgcompare","","108668","119072","214273","142981","31574","35442","False","0.00010634","1.05e-06"
"delorean","myusuf3/delorean","1224991","1312052","1158921","1014223","1607809","1031951","True","0.00010634","2.95e-06"
"atlassian-httptest","","5330","9689","970","616","2701","12673","False","0.00010634","1.59e-06"
"oauth2-client","antechrestos/oauth2client","1648953","948226","1352948","1491352","1925971","2526270","True","0.00010634","3.25e-06"
"typing-utils","bojiang/typing_utils","8166116","1445816","16385753","5079249","7080768","10838996","True","0.00010634","4.349e-05"
"bitstruct","eerimoq/bitstruct","10032371","2155577","3237614","7949416","17306193","19513057","True","0.00010634","1.906e-05"
"scramp","","345568974","79270949","218226001","337989327","493187009","599171586","True","0.00010634","0.00068201"
"cyclonedx-python-lib","cyclonedx/cyclonedx-python-lib","19351548","261833","4363284","10915065","21977363","59240194","True","0.00010634","3.658e-05"
"polling2","","6223469","1181873","3373517","4976385","9235339","12350231","True","0.00010634","1.162e-05"
"databricks-sql-connector","databricks/databricks-sql-python","163317788","340425","22906067","71016444","203502815","518823187","True","0.00010634","0.00030088"
"argparse-addons","eerimoq/argparse_addons","6891068","977844","2746737","6753756","10580182","13396819","True","0.00010634","1.331e-05"
"jupyterlab-pygments","jupyterlab/jupyterlab_pygments","204442676","157272495","108759133","108795685","235806508","411579561","True","0.00010633","0.00037895"
"types-click","python/typeshed","7100363","1320899","4681760","5480135","9775933","14243088","True","0.00010618","4.994e-05"
"flake8-use-fstring","","3071216","733564","2628230","4661332","4302867","3030088","True","0.00010615","1.297e-05"
"berkeleydb","","50331","14219","16035","33708","82245","105448","False","0.00010605","2.86e-06"
"doctest-ignore-unicode","","9722","7388","9562","5965","7699","17995","False","0.00010605","2.79e-06"
"sphinxcontrib-kroki","","93888","7595","32396","32567","138192","258689","False","0.00010605","2.94e-06"
"flakeheaven","","411181","652","253547","457965","952954","390789","False","0.00010605","3.52e-06"
"xmlsec","","27653855","9532605","12132789","15364077","22925890","78313912","True","0.00010602","5.491e-05"
"geoalchemy2","geoalchemy/geoalchemy2","10404010","3654145","6409817","7107772","13813348","21034969","True","0.00010598","2.791e-05"
"port-for","fizyk/port-for","9647387","1862515","2697050","4975877","10381212","28320280","True","0.00010597","1.873e-05"
"passlib","","58479818","23245031","27459369","34345489","61911541","145437659","True","0.00010596","0.00013274"
"dataclasses-json","lidatong/dataclasses-json","194263172","23936781","71807627","112602276","251874968","511094207","True","0.00010592","0.00035765"
"sphinxcontrib-katex","","658675","268735","461353","589273","973585","1000427","False","0.00010579","5.47e-06"
"h11","python-hyper/h11","995948721","120523671","257198499","361266016","1025597250","3215158169","True","0.00010575","0.00185757"
"doit-py","","9240","1145","834","507","8000","35716","False","0.00010573","8.9e-07"
"types-pyopenssl","python/typeshed","34640620","167664","5736473","18996636","40717817","107584512","True","0.00010563","7.967e-05"
"unify","","1021171","598183","1019088","1180518","734709","1573358","True","0.0001056","3.09e-06"
"pytest-deadfixtures","jllorencetti/pytest-deadfixtures","3441708","318083","2426108","3182748","6043070","5238531","True","0.0001056","7.51e-06"
"flake8-awesome","","60783","29848","41666","63145","75515","93740","False","0.0001056","1.33e-06"
"gdown","wkentaro/gdown","13658323","1989239","4971792","15035064","19139875","27155643","True","0.00010558","2.521e-05"
"coverage-conditional-plugin","","490516","26110","110433","138036","429569","1748434","False","0.00010554","3.378e-05"
"flake8-2020","","1126589","622032","1430467","1385577","1033215","1161654","True","0.00010546","6.37e-06"
"pyrsistent","tobgu/pyrsistent","479345163","350259173","453936430","537920023","511922569","542687622","True","0.00010543","0.00088016"
"pyproject-hooks","pypa/pyproject-hooks","388819353","89","57098","152668962","631859726","1159510892","True","0.00010543","0.00071777"
"ipython-sql","catherinedevlin/ipython-sql","1618557","702139","1259037","1395390","1887321","2848898","True","0.00010542","3.47e-06"
"phmdoctest","","174742","29313","100337","182231","304248","257582","False","0.00010542","2e-06"
"deepdiff","seperman/deepdiff","167143228","41160867","77759551","127761166","167538923","421495631","True","0.00010542","0.00030594"
"unidecode","","141576720","63038115","116337481","133391142","157181102","237935760","True","0.00010542","0.00025927"
"altair-viewer","altair-viz/altair_viewer","2310548","1485301","7821385","1370131","370396","505528","True","0.00010542","4.58e-06"
"altair","vega/altair","185933725","25680743","89831170","154355311","270272085","389529314","True","0.00010542","0.00034048"
"pkgconfig","matze/pkgconfig","26466012","15555256","17828210","24748670","27302466","46895458","True","0.00010542","4.865e-05"
"django-modeltranslation","deschler/django-modeltranslation","3548202","1439943","2167145","2883316","4501299","6749309","True","0.00010542","6.77e-06"
"setupextras","","334176","823681","409408","297409","120315","20065","False","0.00010542","8e-07"
"saneyaml","","333561","60046","138025","197859","379481","892395","False","0.00010542","3.64e-06"
"duckdb","duckdb/duckdb-python","59951990","683407","4158905","16200283","59541127","219176229","True","0.00010542","0.00011017"
"bleak-winrt","","108456","8454","55862","84052","196872","197039","False","0.00010542","6.4e-07"
"pyobjc-framework-libdispatch","","2120095","450821","1051024","2612441","3220749","3265442","True","0.00010542","4.32e-06"
"fig","","5426","4361","4811","5942","6522","5494","False","0.00010542","8.5e-07"
"altair-data-server","altair-viz/altair_data_server","2319947","1492123","7826155","1385886","372305","523268","True","0.00010542","4.59e-06"
"log-symbols","manrajgrover/py-log-symbols","8175759","1885329","6547615","8302628","10207153","13936069","True","0.00010542","1.595e-05"
"onnxconverter-common","","8382649","2148127","6234905","8801151","13226229","11502833","True","0.00010542","1.817e-05"
"unittest-data-provider","","347640","139042","111786","211161","934086","342127","False","0.00010542","8.8e-07"
"pytils","last-partizan/pytils","1308008","909328","1711802","1598539","1171848","1148522","True","0.00010542","2.68e-06"
"dbus-fast","bluetooth-devices/dbus-fast","3857254","0","428486","1254539","8550658","9052585","True","0.00010542","7.5e-06"
"logfury","","1851492","447079","520997","892519","2644914","4751952","True","0.00010542","3.71e-06"
"spinners","manrajgrover/py-spinners","7904809","1586480","5618706","8121838","10210433","13986587","True","0.00010542","1.545e-05"
"pyobjc-framework-corebluetooth","ronaldoussoren/pyobjc","2230212","586770","1337050","2696646","3216646","3313946","True","0.00010542","4.52e-06"
"pypdf2","","82235658","25360269","39866440","51033914","104477458","190440210","True","0.00010542","0.00015078"
"commoncode","","320084","53719","134184","200273","333284","878959","False","0.00010542","3.61e-06"
"pytest-httpbin","","509689","147440","155918","172176","1532428","540482","False","0.00010542","1.15e-06"
"sphinx-multiversion","","381920","79526","159025","202128","315009","1153910","False","0.00010542","9.3e-07"
"colour-runner","meshy/colour-runner","1187764","1091015","1157238","1530345","1602027","558196","True","0.00010542","2.36e-06"
"sadisplay","","381802","165505","315350","422298","399867","605988","False","0.00010542","1.02e-06"
"purl","","915075","521865","504207","670139","1862029","1017135","False","0.00010537","1.069e-05"
"requests-futures","ross/requests-futures","18171519","11567804","13954746","16398812","21728906","27207328","True","0.00010537","4.226e-05"
"proj","","90829","86971","101488","64206","96550","104932","False","0.00010536","8.61e-06"
"funcy","","19346761","6529762","13023837","19033313","19151744","38995148","True","0.00010534","3.601e-05"
"jupyter-sphinx","","1165756","731434","1446758","1134698","931834","1584054","True","0.00010533","3.12e-06"
"sparse","pydata/sparse","4168904","955412","2092051","2730442","6754580","8312034","True","0.00010531","9.75e-06"
"imagehash","johannesbuchner/imagehash","19178984","10551440","15557714","15922944","18249287","35613533","True","0.00010527","3.722e-05"
"fastprogress","answerdotai/fastprogress","9622809","5738221","7401106","10050684","12799175","12124861","True","0.0001052","1.84e-05"
"starkbank-ecdsa","","56549857","24528652","44942021","59449034","72849723","80979855","True","0.00010508","0.00011867"
"types-pillow","python/typeshed","11596355","143024","1226104","5389131","20224934","30998584","True","0.00010506","2.319e-05"
"vncdotool","","423648","35370","123876","102970","639665","1216358","False","0.00010506","2.75e-06"
"opentelemetry-util-http","","184737099","3097069","12761790","25210321","110041944","772574371","True","0.00010503","0.00033875"
"enum-tools","","1088561","69119","192362","524755","1543184","3113383","True","0.00010503","5.22e-06"
"opentelemetry-instrumentation-wsgi","","42727291","2754817","7423254","11413648","45948980","146095754","True","0.00010503","7.897e-05"
"python-base","","13","0","42","22","1","0","False","0.00010503","8.1e-07"
"google-cloud-pubsub","googleapis/python-pubsub","261296329","59159027","180672772","223759839","320211554","522678453","True","0.00010503","0.0004788"
"waitress","pylons/waitress","50025226","23245155","30815878","55700552","64507957","75856589","True","0.00010503","9.232e-05"
"opentelemetry-instrumentation","open-telemetry/opentelemetry-python","218888742","4177916","14871627","34797282","138308624","902288260","True","0.00010503","0.00040122"
"opentelemetry-instrumentation-requests","","157306307","2843167","8145646","11645657","72916044","690981021","True","0.00010503","0.00028857"
"opentelemetry-semantic-conventions","open-telemetry/opentelemetry-python","416330130","4284178","20491658","83750237","418168322","1554956257","True","0.00010503","0.0007624"
"opentelemetry-instrumentation-flask","","35041604","2579660","6054745","6874756","38413032","121285827","True","0.00010503","6.491e-05"
"mkdocs-material-extensions","facelessuser/mkdocs-material-extensions","30687817","4048849","8585708","17043017","37767254","85994258","True","0.00010494","6.492e-05"
"rabbitmq","","141145","83636","104902","119328","175686","222171","False","0.00010492","1.885e-05"
"flake8-eradicate","wemake-services/flake8-eradicate","6421541","2446776","4658313","6746443","8943678","9312494","True","0.00010482","1.199e-05"
"requests-cache","requests-cache/requests-cache","15966353","4254916","7489177","10983048","23380025","33724599","True","0.00010481","2.975e-05"
"flake8-commas","pycqa/flake8-commas","4514015","3090810","3913038","5301388","5360284","4904555","True","0.00010475","8.83e-06"
"twython","ryanmcgrath/twython","1604086","1228850","1964381","1895856","1700510","1230833","True","0.00010472","2.261e-05"
"mdit-plain","","203191","83","187","9938","124535","881210","False","0.00010472","2.005e-05"
"gitchangelog","","451992","210173","248503","444951","529052","827281","False","0.0001047","1.31e-06"
"tox-docker","","509699","153356","365640","571299","582397","875801","False","0.00010469","2.88e-05"
"flynt","","671432","212978","489653","629921","932997","1091610","False","0.00010469","2.91e-05"
"python-lsp-server","python-lsp/python-lsp-server","3333937","310476","1165626","2014602","3462465","9716516","True","0.00010467","6.72e-06"
"python-socks","romis2012/python-socks","10831585","1761892","4171412","3941159","4569195","39714267","True","0.00010467","2.292e-05"
"google-reauth","google/google-reauth-python","6418707","2928560","6107451","7457911","9842401","5757212","True","0.00010467","1.276e-05"
"gptcache","","1823261","0","0","1240686","2065839","5809782","True","0.00010467","1.107e-05"
"rq-scheduler","rq/rq-scheduler","2191037","1307318","1394951","2327888","3032955","2892071","True","0.00010467","4.45e-06"
"pytest-datadir","gabrielcnr/pytest-datadir","3452055","1186199","1669170","2322145","4339247","7743516","True","0.00010467","7.63e-06"
"retry-decorator","pnpnpn/retry-decorator","6167658","3102817","6297523","7562203","8678983","5196762","True","0.00010467","1.23e-05"
"llvmlite","numba/llvmlite","168805577","52551941","98141225","153660928","213228475","326445315","True","0.00010467","0.00031094"
"mslex","","886570","340788","203546","343007","837851","2707659","False","0.00010467","2.24e-06"
"pylama-dmypy","","1491","0","1575","3531","1704","644","False","0.00010467","6.2e-07"
"baseten","","59295","1855","8643","57903","184399","43674","False","0.00010467","7.85e-06"
"camd","","3792","1918","2629","1389","8628","4397","False","0.00010467","6.3e-07"
"rfc3987","dgerber/rfc3987","13940113","11250400","10425903","10221635","14034260","23768369","True","0.00010467","4.371e-05"
"python-string-utils","daveoncode/python-string-utils","5533238","3639040","5677127","4532408","7930002","5887614","True","0.00010467","1.082e-05"
"gsl","","6261","2660","2434","3452","6951","15807","False","0.00010467","6.3e-07"
"requests-aws4auth","tedder/requests-aws4auth","372314365","55313130","154902677","248200262","428736169","974419586","True","0.00010467","0.00068141"
"pytweening","asweigart/pytweening","8171148","4828929","6022649","6825202","8792012","14386947","True","0.00010467","1.616e-05"
"python-lsp-black","","491310","122304","380397","451955","688665","813230","False","0.00010467","1.52e-06"
"mouseinfo","asweigart/mouseinfo","7723427","4522521","5553483","6194971","8339350","14006812","True","0.00010467","1.534e-05"
"satlas","","1770","994","1257","1202","3029","2370","False","0.00010467","6.2e-07"
"pytest-black","coherent-oss/pytest-black","1955647","992055","1592664","1696952","1650071","3846493","True","0.00010467","4.89e-06"
"pysocks","anorov/pysocks","208221088","30674239","127286628","163238056","287504871","432401645","True","0.00010467","0.000384"
"pyls-isort","","67431","54422","72189","89770","76672","44104","False","0.00010467","7.4e-07"
"tensorflow-gpu","","6327392","9659228","8253371","5637531","4500640","3586190","True","0.00010467","1.186e-05"
"replicate","","2267727","4179","57061","744566","3370040","7162787","True","0.00010467","1.189e-05"
"ropwr","guillermo-navas-palencia/ropwr","3105536","1543326","3616944","1707930","3411020","5248460","True","0.00010467","6.2e-06"
"pylsp-mypy","","824145","21582","65371","162688","514527","3356559","False","0.00010467","2.13e-06"
"dsdp","","527","0","0","0","1604","1031","False","0.00010467","6.2e-07"
"fauxquests","","16027","193","196","174","59221","20350","False","0.00010467","3.7e-07"
"zodbpickle","zopefoundation/zodbpickle","2485905","714175","667996","909687","8535163","1602502","True","0.00010467","4.89e-06"
"pyfiglet","pwaller/pyfiglet","17634299","8005467","13537436","12599513","23490195","30538882","True","0.00010467","3.241e-05"
"pyscreeze","asweigart/pyscreeze","8922423","5542755","6650047","7460597","9732543","15226172","True","0.00010467","1.753e-05"
"kubernetes","kubernetes-client/python","318011310","61191510","125659109","182897082","421117490","799191357","True","0.00010467","0.00058244"
"neovim","","541778","306599","269944","212941","1457675","461733","False","0.00010467","1.61e-06"
"leveldb","","288182","204006","619966","326790","128935","161215","False","0.00010467","1.83e-06"
"fftw","","8","26","4","4","5","0","False","0.00010467","6.2e-07"
"confuse","beetbox/confuse","7867810","4847922","5495762","5132293","6507107","17355967","True","0.00010467","1.476e-05"
"pymsgbox","asweigart/pymsgbox","8629674","4835808","6003589","6432407","8320772","17555792","True","0.00010467","1.7e-05"
"anthropic","anthropics/anthropic-sdk-python","52898459","0","0","1876835","28933042","233682418","True","0.00010467","0.00010451"
"glpk","","996207","23345","44417","846754","1832668","2233851","False","0.00010467","2.44e-06"
"ortools","google/or-tools","13902655","4299655","9423303","8960652","18798619","28031048","True","0.00010467","2.595e-05"
"framework-reproducibility","","21364","0","0","3923","41039","61856","False","0.00010467","3.2e-07"
"rauth","litl/rauth","3522325","1593625","2972392","4409031","3805361","4831215","True","0.00010467","6.81e-06"
"hachoir","vstinner/hachoir","2891818","3479653","2614656","1552076","2497332","4315375","True","0.00010467","8.39e-06"
"mox","","174355","432922","109430","146798","90293","92330","False","0.00010467","1.33e-06"
"cryptg","cher-nov/cryptg","1428147","4035716","1323259","513333","531336","737090","True","0.00010467","5.72e-06"
"multitasking","","13728672","2571697","4203101","6615668","19354908","35897986","True","0.00010467","2.806e-05"
"hatch","pypa/hatch","28462572","26597","633376","5117631","29054625","107480631","True","0.00010467","5.268e-05"
"flake8-requirements","","697079","172991","249488","444897","1026215","1591802","False","0.00010467","1.933e-05"
"smartypants","","1238404","863653","1112300","905440","1560786","1749843","True","0.00010467","2.43e-06"
"pygetwindow","asweigart/pygetwindow","7952986","4696991","5697268","6362282","8667082","14341306","True","0.00010467","1.576e-05"
"intuit-oauth","intuit/oauth-pythonclient","3870778","515830","1928149","2531707","4121318","10256886","True","0.00010467","7.44e-06"
"blacken-docs","","1099933","94478","390733","1475039","1543717","1995699","True","0.00010467","2.42e-06"
"google-cloud-kms","","120502447","9215063","20309392","44719881","132520447","395747450","True","0.00010467","0.00022064"
"tox-travis","","562734","675798","769114","565267","425636","377853","False","0.00010467","1.37e-06"
"zconfig","zopefoundation/zconfig","2418829","669595","634660","811368","8441498","1537023","True","0.00010467","4.77e-06"
"wsproto","python-hyper/wsproto","158477215","19927315","78499611","95290748","190754900","407913503","True","0.00010466","0.00032514"
"pyperform","","95400","16811","914","339","428850","30085","False","0.00010465","6.254e-05"
"interrogate","econchick/interrogate","1873510","923874","1319947","1419089","1819962","3884678","True","0.00010461","3.68e-06"
"elementpath","sissaschool/elementpath","30704456","9320638","17181184","21884637","39198503","65937317","True","0.00010459","6.014e-05"
"xmlschema","sissaschool/xmlschema","28366889","8697551","15504592","20124847","35756827","61750630","True","0.00010459","5.615e-05"
"r6","","1","0","2","1","0","0","False","0.00010455","1.244e-05"
"outcome","python-trio/outcome","130517415","8921275","73498454","88985097","173418955","307763296","True","0.00010455","0.0002547"
"ensure","","1026280","116411","131860","156598","438248","4288285","True","0.00010455","6.72e-06"
"matrix","","245332","38578","22451","9425","868154","288053","False","0.00010455","1.289e-05"
"jsonlite","","6861","0","0","0","8776","25528","False","0.00010455","1.246e-05"
"r","","351","1622","52","26","32","22","False","0.00010455","1.244e-05"
"utils","haaksmash/pyutils","4781904","4196031","7510027","5678656","3152650","3372156","True","0.00010455","2.119e-05"
"parallel","","12446","14976","14034","12304","11242","9675","False","0.00010455","1.247e-05"
"python-daemon","","114211328","38257078","41815328","74427302","179917289","236639643","True","0.00010445","0.00021006"
"articledateextractor","","29720","35657","7309","36828","21093","47711","False","0.00010435","1.7e-06"
"fairseq","","1838712","346094","662149","4156693","2898881","1129745","True","0.00010435","4.1e-06"
"sqlitedict","piskvorky/sqlitedict","4471165","1896580","2078203","3341849","6067925","8971268","True","0.00010426","1.334e-05"
"pytest-watch","joeyespo/pytest-watch","4819640","2709564","3363672","5008990","5520091","7495882","True","0.00010419","9.33e-06"
"autodocsumm","chilipp/autodocsumm","2302736","314890","727232","1214352","3994451","5262753","True","0.00010413","1.801e-05"
"jsonpath-rw","kennknowles/python-jsonpath-rw","13147561","5908972","9697995","15054400","14963362","20113074","True","0.00010405","2.481e-05"
"u-msgpack-python","vsergeev/u-msgpack-python","1676407","958201","1324323","1347385","2070653","2681474","True","0.00010405","3.55e-06"
"robotframework-stacktrace","marketsquare/robotframework-stacktrace","3839330","300251","2255841","3984129","5110012","7546415","True","0.00010405","7.65e-06"
"hacking","","2242347","3496044","2934145","1480487","1882631","1418428","True","0.00010405","4.86e-06"
"less","","15981","1828","2543","2994","18734","53807","False","0.00010405","2e-07"
"livescript","","222","173","177","107","335","318","False","0.00010405","1.7e-07"
"cogapp","","712952","96794","194440","548156","1391828","1333541","False","0.00010405","1.58e-06"
"facexlib","xinntao/facexlib","9403618","88759","2368974","15746387","11832229","16981740","True","0.00010405","1.786e-05"
"pathlib-mate","machu-gwu/pathlib_mate-project","10880031","1869732","5200370","6627793","9870269","30831993","True","0.00010405","2.062e-05"
"python3-saml","saml-toolkits/python3-saml","26780906","8464838","11186468","14906768","33021355","66325101","True","0.00010405","5.088e-05"
"django-cors-headers","adamchainz/django-cors-headers","60370018","25353139","32447568","48554421","75538942","119956018","True","0.00010405","0.00011078"
"sphinxcontrib-nwdiag","","571888","518348","521397","487500","571501","760694","False","0.00010405","1.36e-06"
"farama-notifications","farama-foundation/farama-notifications","7973125","0","0","1958216","7243460","30663948","True","0.00010405","1.58e-05"
"deflate","","182952","20459","33984","85940","404459","369918","False","0.00010405","1.89e-06"
"lmdb","jnwatson/py-lmdb","15740663","3748515","6506936","19900223","18649904","29897737","True","0.00010405","2.946e-05"
"lerc","","625246","456046","520264","842756","860143","447022","False","0.00010405","2.7e-06"
"bravado-core","yelp/bravado-core","3673469","1743027","3581581","3735825","4580283","4726631","True","0.00010405","7.2e-06"
"pyrestcli","danicarrion/pyrestcli","4883437","567892","1344429","15685004","6540315","279545","True","0.00010405","9.57e-06"
"djangorestframework-simplejwt","jazzband/djangorestframework-simplejwt","22615918","6229836","9947398","17554172","30381905","48966279","True","0.00010405","4.172e-05"
"catboost","","32765613","28727702","33266354","26691306","30830314","44312390","True","0.00010405","6.023e-05"
"oslosphinx","","66945","65514","45099","51878","101613","70619","False","0.00010405","8.8e-07"
"stylus","","136506","9815","5410","18680","286938","361685","False","0.00010405","4.2e-07"
"drf-yasg","axnsan12/drf-yasg","19803574","10044609","13338270","19079172","24789976","31765844","True","0.00010405","3.657e-05"
"giflib","","7","21","5","4","6","0","False","0.00010405","1.55e-06"
"lightgbm","microsoft/lightgbm","95838498","86374141","84506814","76040453","105057440","127213643","True","0.00010405","0.00017561"
"tb-nightly","tensorflow/tensorboard","189703898","4168734","9103370","185688658","364780167","384778562","True","0.00010405","0.00034769"
"react","","92122","62766","65641","100160","117609","114433","False","0.00010405","5.2e-07"
"sse-starlette","sysid/sse-starlette","55162456","285906","630537","3248162","12831129","258816548","True","0.00010405","0.00011143"
"basicsr","","5834929","263108","3285405","15757934","6774907","3093292","True","0.00010405","1.133e-05"
"escapism","jupyterhub/escapism","3785515","575653","6239733","2852805","4657257","4602128","True","0.00010405","7.12e-06"
"jupyterhub","jupyterhub/jupyterhub","3356809","1675110","7014850","2007079","2716939","3370066","True","0.00010405","6.33e-06"
"moviepy","","26718186","22790791","31311406","19313950","15282875","44891907","True","0.00010405","5.009e-05"
"configargparse","bw2/configargparse","51592353","15478749","26154699","35793071","63375021","117160225","True","0.00010405","9.532e-05"
"sphinxcontrib-actdiag","","166763","166907","159951","173300","198990","134667","False","0.00010405","6.2e-07"
"babel-cli","","2825","521","525","592","2286","10199","False","0.00010405","1.8e-07"
"coffeescript","","152651","21315","18469","42195","299976","381300","False","0.00010405","4.5e-07"
"python3-openid","necaris/python3-openid","36360193","22433206","28766024","31269284","41258681","58073771","True","0.00010405","6.84e-05"
"siphon","","618387","37878","76873","54819","934894","1987469","False","0.00010405","1.77e-06"
"discover","","157577","244566","116684","82695","83466","260473","False","0.00010405","1.04e-06"
"azure-kusto-ingest","azure/azure-kusto-python","35678221","19390221","27986357","27526789","43970140","59517600","True","0.00010398","7.331e-05"
"azure-kusto-data","azure/azure-kusto-python","64595236","28029480","38636622","40036235","84111529","132162314","True","0.00010398","0.00012295"
"pytest-localserver","pytest-dev/pytest-localserver","23085827","5968352","11470675","18086782","19904723","59998605","True","0.00010395","4.648e-05"
"google-cloud-firestore","googleapis/python-firestore","100461489","19131222","38618693","89162897","142604320","212790314","True","0.00010395","0.00018802"
"asyncpg","","76102556","7375142","15437959","28689088","82742614","246267979","True","0.00010395","0.00014074"
"portpicker","google/python_portpicker","17987233","6990034","17859501","13608649","28211368","23266612","True","0.0001039","4.162e-05"
"google","","40820849","19562535","37311694","31429589","46624054","69176372","True","0.0001039","8.339e-05"
"tf-nightly-cpu","","241167","108187","329826","234993","345855","186976","False","0.0001039","9.16e-06"
"tensorboard-plugin-profile","openxla/xprof","5735367","1507355","1474156","5719586","14292370","5683367","True","0.0001039","1.921e-05"
"namex","","22755776","236","31","767682","34727945","78282987","True","0.0001039","5.035e-05"
"tf-nightly","","4692492","973957","1271505","2824096","3145312","15247590","True","0.0001039","1.73e-05"
"flake8-logging-format","globality-corp/flake8-logging-format","2834822","1770086","3313237","3181342","2734876","3174569","True","0.00010386","5.38e-06"
"sphinx-celery","","60446","38324","38460","43539","80475","101433","False","0.00010386","8.47e-06"
"pyglet","","6563105","7773967","2865220","3435105","8896228","9845003","True","0.00010385","1.229e-05"
"unwind","","517","117","507","284","569","1108","False","0.00010383","2.74e-06"
"types-tabulate","python/typeshed","30865263","1413933","6789798","8388600","28083510","109650475","True","0.00010382","5.67e-05"
"sphinx-panels","","1109928","856794","1508650","960269","1034716","1189213","True","0.0001038","2.78e-06"
"jieba3k","fxsjy/jieba","3209220","1838629","1735585","2422735","4122273","5926879","True","0.00010377","6.48e-06"
"pythainlp","pythainlp/pythainlp","2942620","559858","825119","3935015","2911180","6481929","True","0.00010377","5.99e-06"
"and","","43884","8452","5117","32539","140319","32991","False","0.00010377","6.57e-06"
"tinysegmenter","","4281823","1871189","1983952","3358416","6436910","7758650","True","0.00010377","8.44e-06"
"google-cloud-bigquery-storage","","200751728","89917923","151980240","216088095","226532998","319239382","True","0.00010377","0.00037372"
"feedfinder2","dfm/feedfinder2","3206987","1860313","1734310","2444329","4134524","5861458","True","0.00010377","6.48e-06"
"until","","4044","3363","7598","3583","3004","2672","False","0.00010377","6.5e-06"
"asyncmock","","1202832","298296","1037052","1016141","1275352","2387319","True","0.00010376","2.78e-06"
"playwright","microsoft/playwright-python","55178279","1091778","6607727","17056457","50730239","200405193","True","0.00010374","0.00010264"
"mkdocs-simple-hooks","","348498","34927","101108","229462","472494","904498","False","0.00010373","7.43e-06"
"pandavro","ynqa/pandavro","3464398","1759735","5676908","4194490","3144401","2546455","True","0.0001037","6.88e-06"
"qpd","","2940050","28585","657401","5788730","4733127","3492406","True","0.0001037","5.92e-06"
"adagio","fugue-project/adagio","5784672","26604","473993","3793275","9580659","15048829","True","0.0001037","1.113e-05"
"sacremoses","hplt-project/sacremoses","33875626","34104993","54017626","28750088","26945836","25559585","True","0.00010368","6.511e-05"
"vine","celery/vine","120612060","50751739","62669148","77636012","141901854","270101547","True","0.00010367","0.00023672"
"radon","rubik/radon","8500996","3914649","4444392","4860756","9045502","20239679","True","0.00010359","1.583e-05"
"pylama-quotes","","12281","615","691","640","1308","58149","False","0.00010359","3e-07"
"a2wsgi","abersheeran/a2wsgi","14172464","41329","380614","1505004","7104341","61831033","True","0.00010356","5.873e-05"
"websockets","python-websockets/websockets","407735899","131902790","175707923","230071257","425878789","1075118737","True","0.00010356","0.00077868"
"watchgod","samuelcolvin/watchfiles","12875923","7980565","20493465","13221171","12065846","10618568","True","0.00010356","5.636e-05"
"peewee","coleifer/peewee","31368547","5770142","14027729","15286699","39299813","82458353","True","0.00010352","5.755e-05"
"sphinx-fortran","","9950","3587","3469","5007","9571","28117","False","0.00010352","2.2e-07"
"eigen","","11335","0","2461","4590","11933","37689","False","0.00010352","1e-06"
"pytest-random","","159642","156843","136155","165730","162487","176993","False","0.00010352","4.97e-06"
"pgpdump","","36874","19877","12587","20256","66335","65317","False","0.00010352","3.97e-06"
"typer-cli","fastapi/typer","980160","114893","264105","283246","3452658","785899","False","0.00010352","2.68e-05"
"nunit","","5609","962","771","775","10141","15398","False","0.00010352","2.1e-07"
"mendeleev","","489429","53544","66644","117241","1111806","1097909","False","0.00010352","1.05e-06"
"zexceptions","zopefoundation/zexceptions","1559003","331490","263409","454324","5545125","1200666","True","0.00010352","3.06e-06"
"pytest-watcher","","1952912","2363","145035","501819","1692146","7423198","True","0.00010352","3.93e-06"
"datetime","zopefoundation/datetime","78668327","25866486","48881366","63637143","124699545","130257093","True","0.00010352","0.00014412"
"scp","","61148171","22062209","36027448","49871352","86417300","111362547","True","0.00010352","0.00011204"
"persistence","zopefoundation/persistence","1628523","349022","294732","515687","5648465","1334711","True","0.00010352","3.19e-06"
"firebase-admin","firebase/firebase-admin-python","35302929","11753472","12031213","23310747","44272850","85146361","True","0.00010352","6.494e-05"
"googletest","","13","0","0","0","0","65","False","0.00010352","9.8e-07"
"bracex","","54598855","4955209","14605007","26361929","67780438","159291691","True","0.00010352","0.00010541"
"restrictedpython","zopefoundation/restrictedpython","6682682","1147631","1369772","6073364","12082751","12739894","True","0.00010352","1.244e-05"
"devtools","samuelcolvin/python-devtools","4524784","534219","1466980","2236761","6597412","11788549","True","0.00010352","1.016e-05"
"dockerfile","","1770450","106568","815546","1353610","2872199","3704325","True","0.00010352","2.825e-05"
"mkdocs-markdownextradata-plugin","","470428","112103","188645","415576","553800","1082015","False","0.00010352","2.587e-05"
"quantities","","1177821","346276","459577","790334","2561092","1731824","True","0.00010352","2.31e-06"
"authencoding","zopefoundation/authencoding","1524096","317655","250377","384339","5474757","1193354","True","0.00010352","3e-06"
"wheeltools","","1365","1065","1548","1374","781","2055","False","0.00010352","1.5e-07"
"types-orjson","","2863210","1042266","2122174","2092510","3259401","5799700","True","0.00010352","3.024e-05"
"ssh2-python","parallelssh/ssh2-python","3242060","3473333","4895204","3398767","1905169","2537829","True","0.00010352","6.29e-06"
"acquisition","zopefoundation/acquisition","1797452","379359","336214","531288","6228487","1511913","True","0.00010352","3.5e-06"
"appscript","","145288","54091","51607","100992","178408","341342","False","0.00010352","7.4e-07"
"ssh-python","parallelssh/ssh-python","2492946","2887944","3685900","2568865","1524848","1797171","True","0.00010352","4.92e-06"
"yamlordereddictloader","fmenabe/python-yamlordereddictloader","3096539","2138114","2517977","2807250","4292060","3727295","True","0.00010352","5.85e-06"
"pony","ponyorm/pony","1833843","627667","645380","1126760","4608987","2160420","True","0.00010352","3.52e-06"
"jieba","fxsjy/jieba","9338690","4863873","6855725","7190146","13697687","14086020","True","0.00010352","4.209e-05"
"dbt-postgres","dbt-labs/dbt-adapters","25771535","5451298","14302474","24212274","35135529","49756102","True","0.00010352","5.352e-05"
"transitions","pytransitions/transitions","6938350","2621573","3362117","5208276","8126851","15372932","True","0.00010352","1.288e-05"
"simpletransformers","","560696","476158","539941","479299","569100","738984","False","0.00010352","1.2e-06"
"swig","","3546568","44","136617","736935","2941780","13917462","True","0.00010352","1.039e-05"
"platforms","","3269","0","0","0","5853","10491","False","0.00010352","9.9e-07"
"django-tastypie","","858440","906944","810099","790147","845686","939326","False","0.00010352","1.93e-06"
"ncclient","ncclient/ncclient","2968159","1877314","1908119","2732469","3845906","4476989","True","0.00010352","5.62e-06"
"pyinstrument","","18116765","2157079","4524564","6723067","21748174","55430940","True","0.00010352","3.332e-05"
"bidict","jab/bidict","36667418","6710897","9335971","18163565","48029799","101096858","True","0.00010352","6.723e-05"
"email-validator","joshdata/python-email-validator","222524111","32161008","64634810","88121781","272265983","655436974","True","0.00010352","0.00043207"
"pypiwin32","","17576630","10224275","10264094","14342447","25108289","27944045","True","0.00010348","3.238e-05"
"gnutls","","6","18","4","4","5","0","False","0.00010347","3.08e-06"
"nettle","","74","0","0","322","35","14","False","0.00010347","3.09e-06"
"speex","","2061","2673","2727","2371","1690","846","False","0.00010347","3.09e-06"
"opencore","","644","410","427","401","1060","921","False","0.00010347","3.09e-06"
"vpl","","365","199","247","220","565","596","False","0.00010347","3.09e-06"
"immutables","","19721776","20182193","18190222","14763136","23005671","22467658","True","0.00010347","5.158e-05"
"asttokens","gristlabs/asttokens","276597330","2887106","74277058","166166055","406110612","733545817","True","0.00010345","0.00051059"
"executing","alexmojaki/executing","276592689","1709763","73915909","158033755","400770192","748533826","True","0.00010345","0.00051058"
"types-redis","","48133640","1913943","11181744","25134095","63223850","139214570","True","0.00010338","9.238e-05"
"logbook","getlogbook/logbook","42076646","7573336","22488287","36072336","65669707","78579562","True","0.00010336","7.733e-05"
"pyside6","","4445111","240746","747549","1987746","5783849","13465665","True","0.00010336","8.49e-06"
"cursor","gijstimmers/cursor","3228411","666113","1497522","2653889","5465671","5858862","True","0.00010336","6.26e-06"
"readchar","magmax/python-readchar","25384696","4694109","7644810","15312582","33424925","65847055","True","0.00010336","4.679e-05"
"fontconfig","","3425","2362","2375","5191","3418","3778","False","0.0001033","8.1e-07"
"aeppl","","853857","4427","387086","960281","749870","2167621","False","0.00010329","2e-06"
"arviz","arviz-devs/arviz","15068794","3516570","7357359","15359444","21208113","27902483","True","0.00010329","2.8e-05"
"aesara","","1001212","40231","454820","1232162","933719","2345126","True","0.00010329","2.27e-06"
"polyagamma","","37160","23248","29747","21609","45564","65632","False","0.00010329","5e-07"
"watermark","","528807","871222","387272","319031","450200","616312","False","0.00010329","1.4e-06"
"sphinx-remove-toctrees","","300518","1338","33784","217952","408808","840710","False","0.00010329","9.8e-07"
"flask-restful","flask-restful/flask-restful","24329389","14910852","16663276","18649617","32168686","39254514","True","0.00010328","4.777e-05"
"stevedore","","98449012","50800282","77095871","89864325","109828993","164655588","True","0.00010324","0.0001844"
"termtables","","270865","103038","266095","364381","296887","323922","False","0.00010322","7.18e-06"
"dacite","konradhalas/dacite","77322220","11667658","24323748","39453326","91392659","219773709","True","0.00010322","0.00014813"
"types-backports","python/typeshed","2878032","171872","3122203","4013711","3827932","3254442","True","0.00010322","1.195e-05"
"pyproj","pyproj4/pyproj","85349171","35751313","56699978","81831619","106159957","146302988","True","0.00010317","0.00015888"
"bokeh","bokeh/bokeh","42823924","20153438","42278027","44590449","52551618","54546086","True","0.00010315","7.897e-05"
"lazy-object-proxy","","248424614","139800515","165507010","202859489","353309370","380646687","True","0.00010313","0.00045779"
"glfw","florianrhiem/pyglfw","3679768","821741","2077380","1978592","3906745","9614384","True","0.00010308","9.51e-06"
"couchdb","djc/couchdb-python","904232","582953","563527","425766","820766","2128147","False","0.00010307","2.21e-06"
"ipopt","","27804","25724","37006","26041","17997","32254","False","0.00010307","2.6e-07"
"jupyter-nbextensions-configurator","jupyter-contrib/jupyter_nbextensions_configurator","4742637","2799857","3957448","5172769","6222907","5560202","True","0.00010307","9.12e-06"
"python-bidi","","16093665","2770839","5353595","7541165","18872985","45929743","True","0.00010307","3.058e-05"
"calmjs","","25454","6776","5243","8063","63431","43757","False","0.00010307","7.7e-07"
"nulltype","","5876678","700860","2261615","4439927","8908264","13072725","True","0.00010307","1.142e-05"
"jupyter-contrib-core","","4067803","2760654","3941948","4956875","4936899","3742640","True","0.00010307","7.89e-06"
"knitro","","1829","0","0","0","0","9144","False","0.00010307","2.2e-07"
"cov-core","","689366","641334","636906","717467","775379","675743","False","0.00010307","1.93e-06"
"sqlobject","","283481","294118","300656","308982","354339","159311","False","0.00010307","1.66e-06"
"google-cloud-logging","googleapis/python-logging","184989485","119798185","88696414","82340538","201970262","432142025","True","0.00010307","0.00034921"
"arabic-reshaper","mpcabd/python-arabic-reshaper","9907552","2007105","4005244","6291532","12449503","24784376","True","0.00010307","1.927e-05"
"hsl","","708","441","585","463","1091","961","False","0.00010307","2.2e-07"
"turbogears","","20611","27287","16781","9631","19331","30027","False","0.00010307","1.18e-06"
"backtrace","","29006","27719","29975","21933","31054","34347","False","0.00010307","2e-07"
"osqp","","21342182","4680235","27348424","18495829","25340475","30845945","True","0.00010307","3.926e-05"
"error404","","2235","4225","1631","540","2572","2207","False","0.00010307","1.39e-06"
"pyhanko","matthiasvalvekens/pyhanko","13177947","10633","1622288","5674468","16820716","41761632","True","0.00010307","2.525e-05"
"daqp","","223161","0","0","88722","146554","880529","False","0.00010307","6.2e-07"
"grpc","","170502","272307","223206","139417","117966","99615","False","0.00010307","1.112e-05"
"rand","","10165","3807","4807","15969","10466","15776","False","0.00010307","1.6e-07"
"reproducer","","135","0","99","93","220","263","False","0.00010307","4.5e-07"
"ut","","1862","3820","1388","1967","1190","946","False","0.00010307","2.2e-07"
"fastai","","4544794","3110223","3456283","4258037","4887092","7012334","True","0.00010307","8.53e-06"
"django-sekizai","django-cms/django-sekizai","1589160","985704","1097746","1292056","2007891","2562404","True","0.00010307","3.63e-06"
"have","","110","0","0","469","73","10","False","0.00010307","1.081e-05"
"library","","43146","21683","23919","38942","66634","64553","False","0.00010307","1.088e-05"
"eng","","11027","595","1639","4492","14306","34103","False","0.00010307","2.3e-07"
"mex","","2320","1380","1525","850","4656","3188","False","0.00010307","2.2e-07"
"sklearn","","58706659","65435424","67587094","60203826","65198588","35108365","True","0.00010307","0.00010784"
"svglib","deeplook/svglib","11075498","824327","3848238","13404862","12784925","24515137","True","0.00010307","2.14e-05"
"pypdf","py-pdf/pypdf","59620031","644559","764170","16672791","72749481","207269153","True","0.00010307","0.0001102"
"ibm-cloud-sdk-core","ibm/python-sdk-core","18593246","1354623","2205092","4591830","11361158","73453526","True","0.00010307","3.457e-05"
"backcall","takluyver/backcall","192838602","191004357","186078677","218423710","184470056","184216212","True","0.00010304","0.00036003"
"pickleshare","","195862200","196112247","186650279","219443210","188809706","188295558","True","0.00010304","0.00036556"
"pyexcel-xlsxw","","38239","30262","26488","25946","42258","66241","False","0.00010295","6.8e-07"
"pyexcel-xls","pyexcel/pyexcel-xls","2735575","731223","1122083","1115046","1465171","9244350","True","0.00010295","5.61e-06"
"lml","python-lml/lml","5712869","1692782","2216967","4178514","5185835","15290245","True","0.00010295","1.106e-05"
"secretstorage","mitya57/secretstorage","476581580","126428409","215211045","268427880","633804109","1139036456","True","0.00010286","0.00087649"
"flake8-functions","","1504376","368689","1008634","1426536","2031098","2686925","True","0.00010284","2.92e-06"
"flake8-variables-names","best-doctor/flake8-variables-names","2751399","594771","1482118","2595206","4564678","4520221","True","0.00010284","5.2e-06"
"flake8-if-statements","","68430","13882","16108","125304","159143","27712","False","0.00010284","2.9e-07"
"flake8-fixme","","1290203","652417","1231085","1035613","1328252","2203650","True","0.00010284","2.53e-06"
"dlint","dlint-py/dlint","1393455","639022","1767840","1757357","1564416","1238640","True","0.00010284","2.71e-06"
"flake8-class-attributes-order","","1339147","107924","622710","1361257","2235616","2368229","True","0.00010284","2.61e-06"
"flake8-annotations-coverage","","354575","60298","498518","560156","422663","231242","False","0.00010284","8.1e-07"
"dask-sphinx-theme","","46561","16557","21635","46327","65633","82655","False","0.0001028","8.49e-06"
"zict","","27900717","19957558","29826432","27035604","30137665","32546325","True","0.0001028","5.944e-05"
"sphinxcontrib-github-ribbon","","654","1642","339","188","503","600","False","0.0001028","2.1e-07"
"speaklater","mitsuhiko/speaklater","1207962","1358645","1335926","1389251","986805","969182","True","0.00010268","2.44e-06"
"azureml-sdk","","12763221","12249483","19288690","12687322","6054355","13536257","True","0.00010268","2.348e-05"
"mirakuru","dbfixtures/mirakuru","8323184","1150292","2112917","3825273","9336384","25191052","True","0.00010268","1.594e-05"
"python-status","avinassh/status","1673558","717887","985214","1339418","2549242","2776028","True","0.00010268","3.2e-06"
"mkdocs-coverage","","233068","26971","79531","203454","245310","610072","False","0.00010268","1.59e-06"
"premailer","","14177871","5815208","8756198","10275295","14737763","31304889","True","0.00010268","2.616e-05"
"pytest-github-actions-annotate-failures","pytest-dev/pytest-github-actions-annotate-failures","4684905","1188615","1447132","2485705","5072173","13230900","True","0.00010268","1.687e-05"
"python-termstyle","","291305","250696","328553","444204","256051","177023","False","0.00010268","7e-07"
"pytest-vcr","ktosiek/pytest-vcr","4572692","2830472","2648577","2439622","3236335","11708456","True","0.00010268","9.53e-06"
"mkdocs-section-index","","2688917","75443","256331","1161765","2514847","9436197","True","0.00010268","6.08e-06"
"azure-functions","","15968028","3535458","5864914","10876827","23405367","36157575","True","0.00010268","2.935e-05"
"mkdocs-gen-files","oprypin/mkdocs-gen-files","2595529","27377","376406","1247679","3730124","7596060","True","0.00010268","5.91e-06"
"django-classy-tags","django-cms/django-classy-tags","1986950","1166739","1426452","1871338","2439743","3030477","True","0.00010265","3.83e-06"
"sphinxcontrib-inlinesyntaxhighlight","","18697","12891","33752","31244","9020","6576","False","0.00010265","2.3e-07"
"sacrebleu","mjpost/sacrebleu","15099090","3568899","6896382","12360518","23623202","29046447","True","0.00010265","3.083e-05"
"aws-cdk-lib","","16267359","62734","3193471","11229136","24127355","42724097","True","0.00010265","3.684e-05"
"slimmer","","5092","3473","8560","4141","4134","5154","False","0.00010242","2.7e-07"
"clevercss","","449","440","283","344","578","599","False","0.00010242","2.6e-07"
"closure","","41230","42148","78825","31866","27345","25965","False","0.00010242","3.3e-07"
"libsass","","7022148","3925934","3735538","5306112","8707900","13435258","True","0.00010242","1.31e-05"
"glob2","miracle2k/python-glob2","10378328","5290319","8898069","12340036","14031198","11332020","True","0.00010242","1.924e-05"
"types-cffi","","25565643","0","7553","1008889","23899055","102912718","True","0.00010237","5.984e-05"
"flake8-pyproject","john-hen/flake8-pyproject","5482530","0","318031","3135258","9581792","14377569","True","0.00010237","2.31e-05"
"cartopy","scitools/cartopy","2912059","851957","1556549","1112371","3337487","7701929","True","0.00010236","9.72e-06"
"ipdbplugin","","224700","169130","270765","394721","210085","78799","False","0.00010233","7e-07"
"aiomcache","","447522","124569","129406","280154","766077","937402","False","0.00010233","1.9e-06"
"modin","modin-project/modin","10157715","1625339","2713063","10719892","16568081","19162201","True","0.00010233","1.963e-05"
"pysdl2","","301795","111701","164169","206262","231015","795827","False","0.00010233","7.1e-07"
"nassl","","782382","322742","514924","748513","1190090","1135643","False","0.00010233","1.54e-06"
"perfplot","","62553","10401","12537","31621","75018","183188","False","0.00010233","1.16e-06"
"bson","py-bson/bson","7455640","3490624","4815577","6610614","9429297","12932088","True","0.00010233","2.616e-05"
"sendgrid","sendgrid/sendgrid-python","107550194","47760100","75549359","74025302","99876922","240539285","True","0.00010233","0.0001969"
"pymunk","","903693","438844","389401","440985","1293019","1956215","False","0.00010233","1.82e-06"
"pyqt5","","18971367","7495265","10793985","12378071","31752050","32437464","True","0.00010233","3.487e-05"
"flatdict","gmr/flatdict","8281388","1737646","4926322","7836434","9917622","16988914","True","0.00010233","1.578e-05"
"tableauhyperapi","","13083990","3024904","10877640","16529892","19461227","15526285","True","0.00010233","2.429e-05"
"marshmallow-enum","","78807986","42096875","119151061","99825196","66496010","66470786","True","0.00010233","0.00014626"
"pure-pcapy3","","2593077","37543","2128644","5179591","3757136","1862472","True","0.00010233","5.11e-06"
"pywavefront","","102253","40156","75950","68075","124069","203016","False","0.00010233","3.5e-07"
"lodash","","1304","911","583","855","1312","2861","False","0.00010233","6.3e-07"
"sphinxprettysearchresults","","10525","19565","10035","6413","8284","8330","False","0.00010233","3.7e-07"
"tls-parser","","539474","293715","492883","594552","617123","699098","False","0.00010233","1.1e-06"
"pyside2","","2124491","1478999","1734260","1572744","3490668","2345786","True","0.00010233","4.05e-06"
"delvewheel","","387446","16715","41794","161978","631568","1085176","False","0.00010233","8.9e-07"
"ecdsa","tlsfuzzer/python-ecdsa","129286109","59365879","66160900","86267693","142150285","292485786","True","0.00010233","0.00024903"
"glcontext","moderngl/glcontext","1629870","518354","1275091","410569","1837300","4108035","True","0.00010233","3.14e-06"
"pyiced","","6943","2363","6019","2714","13168","10449","False","0.00010233","3.6e-07"
"jsonpath-python","sean2077/jsonpath-python","14323421","26559","481460","774911","13930514","56403662","True","0.00010233","2.83e-05"
"gnureadline","ludwigschwardt/python-gnureadline","4490922","1951069","1097525","2770011","9027370","7608637","True","0.00010233","8.51e-06"
"pydash","dgilland/pydash","39646633","9100923","15297320","28064553","61744286","84026085","True","0.00010233","7.316e-05"
"click-log","click-contrib/click-log","11722177","2730005","6698731","12291707","18621152","18269292","True","0.00010233","2.181e-05"
"pytest-recording","kiwicom/pytest-recording","5013725","252753","1265452","1813468","4232633","17504321","True","0.00010233","9.8e-06"
"advbumpversion","","5268","6101","5526","6186","6085","2440","False","0.00010233","2.7e-07"
"slugs","","2440","1471","541","1353","1762","7073","False","0.00010233","5.9e-07"
"netcdf4","unidata/netcdf4-python","19794929","8088327","12870922","20314941","31170690","26529767","True","0.0001022","3.877e-05"
"blue","","411504","13927","181177","358676","571312","932428","False","0.0001022","5.86e-06"
"zarr","zarr-developers/zarr-python","8276773","883601","1666566","3419793","12287512","23126394","True","0.0001022","1.77e-05"
"pylibmc","lericson/pylibmc","2997971","1798925","1992222","2348780","4966231","3883695","True","0.0001022","1.059e-05"
"pickledb","","329487","228583","384764","273203","393022","367864","False","0.0001022","5.71e-06"
"python-semantic-release","python-semantic-release/python-semantic-release","3883107","809198","1902019","3562837","5078965","8062517","True","0.0001021","3.541e-05"
"nitpick","","277716","112327","119288","671726","301452","183787","False","0.0001021","7.2e-07"
"sphinxcontrib-mermaid","mgaitan/sphinxcontrib-mermaid","9642074","531777","2598701","6812560","13928236","24339094","True","0.0001021","1.785e-05"
"etuples","pythological/etuples","2063437","4866","484000","1987616","2616102","5224602","True","0.00010203","3.96e-06"
"model-index","paperswithcode/model-index","1705488","42476","554760","2067997","2618583","3243626","True","0.00010203","3.28e-06"
"pytest-spec","","481629","179675","297182","375296","691296","864695","False","0.00010203","1.41e-06"
"pyhcl","","45929508","2360229","13461481","68572271","67925929","77327631","True","0.00010203","9.739e-05"
"rdkit-pypi","kuelumbus/rdkit-pypi","1207938","117069","939213","1764194","2034636","1184578","True","0.00010203","2.32e-06"
"python-ldap-test","","127537","7653","123793","171898","164786","169557","False","0.00010203","1.361e-05"
"hypercorn","","12190050","8337011","4716715","6539342","13322492","28034692","True","0.00010203","2.305e-05"
"poetry","python-poetry/poetry","310550169","34470451","91480688","205530026","468663162","752606516","True","0.00010203","0.00057035"
"ptpython","","7841654","1892977","4119388","4546528","11560207","17089168","True","0.00010203","1.466e-05"
"pyvirtualdisplay","ponty/pyvirtualdisplay","13871306","10912496","10649051","11095069","13931592","22768323","True","0.00010203","2.559e-05"
"psl","","13061","2422","5177","6753","25054","25898","False","0.00010203","7.9e-07"
"importanize","","56427","56407","56703","54476","70339","44210","False","0.00010203","4.2e-07"
"python-jwt","davedoesdev/python-jwt","2771716","2003221","2530517","2393466","2762705","4168673","True","0.00010203","1.844e-05"
"umap-learn","lmcinnes/umap","14266813","9581243","9598998","10268736","15899272","25985816","True","0.00010203","2.662e-05"
"ogb","","428629","81123","297645","383800","636516","744059","False","0.00010203","8.9e-07"
"mss","bobotig/python-mss","8577494","4405197","3120799","5590327","11210883","18560263","True","0.00010203","1.591e-05"
"pyobjc-framework-launchservices","","2404383","477999","1018795","2922763","4685912","2916445","True","0.00010203","4.62e-06"
"h3","","39657845","5838070","18803793","31118367","55113522","87415473","True","0.00010203","7.481e-05"
"quart-schema","","227498","3869","49703","127495","263979","692442","False","0.00010203","1.17e-06"
"opennmt-tf","","32244","41423","21283","24366","45352","28797","False","0.0001019","6.5e-07"
"opennmt-py","","126912","55730","125140","54839","123774","275075","False","0.0001019","8.2e-07"
"gputil","anderskm/gputil","5302578","2521518","5220712","5068044","5593625","8108989","True","0.0001019","1.029e-05"
"soupsieve","facelessuser/soupsieve","996642816","242588440","549333849","810952303","1352048056","2028291432","True","0.00010184","0.00182784"
"pyexcel-io","pyexcel/pyexcel-io","5737432","1838734","2160304","4153271","5160699","15374153","True","0.00010179","1.075e-05"
"xlwt","","43508472","20892909","48843828","50074307","46126775","51604539","True","0.00010179","7.984e-05"
"moban-jinja2-github","","4770","3737","2156","1042","2959","13956","False","0.00010179","2.6e-07"
"pyexcel-ods3","","226946","66327","111567","131468","236475","588895","False","0.00010179","6.7e-07"
"nose-cov","","274391","328819","303260","342269","231888","165719","False","0.00010179","7.5e-07"
"astor","berkerpeksag/astor","83958867","46715681","62590383","70722470","97075013","142690789","True","0.00010178","0.00015781"
"ifaddr","","20450105","8209791","28093594","12853309","19939440","33154392","True","0.00010176","3.778e-05"
"mpi","","7658","4505","5042","7314","10313","11116","False","0.00010176","3.5e-07"
"assertpy","assertpy/assertpy","4779350","1638980","3945355","5227565","6145128","6939723","True","0.00010176","9.62e-06"
"flake8-assertive","","887471","590696","1261239","1100522","934375","550522","False","0.00010176","1.96e-06"
"pystache","pennydreadfulmtg/pystache","22697362","18470949","18097229","17574894","25602109","33741628","True","0.00010176","4.189e-05"
"scikit-build-core","scikit-build/scikit-build-core","19212697","0","12941","6521405","34448322","55080819","True","0.00010176","3.548e-05"
"reformat","","10509","1886","3841","4370","2081","40369","False","0.00010176","2.2e-07"
"pyhocon","chimpler/pyhocon","27808435","6971660","25273945","28646596","34405397","43744575","True","0.00010176","5.108e-05"
"pcpp","","984350","39329","143073","279622","2668836","1790890","False","0.00010176","1.98e-06"
"pychromecast","","4581560","2474921","18800425","460512","476104","695837","True","0.00010176","8.75e-06"
"bpemb","","1201678","958490","1261615","1193751","1638851","955682","True","0.00010169","2.4e-06"
"awslogs","","1138727","637455","393609","535621","1205389","2921562","True","0.00010164","1.164e-05"
"pyvis","westhealth/pyvis","6041333","796978","1575963","2495774","7970463","17367487","True","0.00010164","2.061e-05"
"stopit","","3340313","1476751","1707857","4486027","5671225","3359703","True","0.00010164","1.567e-05"
"fake-requirement-for-unit-tests","","9","38","4","3","2","0","False","0.00010164","9.56e-06"
"fabric","fabric/fabric","54111608","11939581","23632641","47077843","90238665","97669310","True","0.00010164","0.00010855"
"schema","keleshev/schema","134324139","12397464","41636746","71084556","226851996","319649931","True","0.00010164","0.00025528"
"sagemaker-experiments","","790903","331915","687764","599023","1054250","1281562","False","0.00010164","1.101e-05"
"apache-airflow-providers-amazon","","36522641","2604069","25753944","37317822","61532552","55404817","True","0.00010164","7.637e-05"
"constructs","","52061615","8572452","49044961","79161967","56302446","67226251","True","0.00010157","0.00010225"
"surer","","86907","0","0","337727","5066","91742","False","0.00010157","7.17e-06"
"minitest","","1999","1647","1842","797","2900","2807","False","0.00010157","7.02e-06"
"pytest-regressions","","1322380","541174","595556","797571","1418322","3259276","True","0.00010155","3.02e-06"
"sphinx-pyproject","","211377","9586","21052","60743","163119","802387","False","0.00010155","9.8e-07"
"sphinx-licenseinfo","","8790","2102","7503","5776","16856","11711","False","0.00010155","6.1e-07"
"sphinx-autofixture","","8085","6551","3797","4182","11512","14385","False","0.00010155","6.1e-07"
"html-section","","8023","0","7281","4916","16382","11538","False","0.00010155","6.1e-07"
"sphinx-debuginfo","","10726","13828","7518","5180","15750","11352","False","0.00010155","6.2e-07"
"seed-intersphinx-mapping","","21961","32286","12013","10978","37463","17064","False","0.00010155","6.4e-07"
"default-values","","20718","31082","14977","11726","25535","20271","False","0.00010155","6.4e-07"
"extras-require","","18157","28028","10965","10952","22953","17885","False","0.00010155","6.3e-07"
"toctree-plus","","14430","28011","8865","5140","16681","13452","False","0.00010155","6.2e-07"
"domdf-sphinx-theme","","10208","15661","6771","5442","13919","9246","False","0.00010155","6.2e-07"
"sphinxemoji","","914701","223580","555468","613915","1015656","2164886","False","0.00010155","2.27e-06"
"sphinx-favicon","","636577","549","24890","167674","1603906","1385865","False","0.00010152","1.38e-06"
"msedge-selenium-tools","","964866","864889","826810","1151433","1018733","962464","False","0.00010152","1.89e-06"
"onnxruntime-gpu","microsoft/onnxruntime","13143918","279551","1826285","9241513","19900918","34471322","True","0.00010152","2.451e-05"
"types-tzlocal","","4777819","93393","5258557","3549327","6180796","8807024","True","0.00010152","9.15e-06"
"ratelim","themiurgo/ratelim","8538632","5144255","6341168","5490103","8326809","17390824","True","0.00010152","1.659e-05"
"sphinx-qt-documentation","","33205","18884","24109","13323","13103","96608","False","0.00010152","2.7e-07"
"asyncer","","6238231","0","300113","850457","2849024","27191560","True","0.00010152","1.188e-05"
"pyopengl","mcfletch/pyopengl","6134895","1512998","3578360","3709447","7857461","14016208","True","0.00010152","1.143e-05"
"pymatting","pymatting/pymatting","5707058","48632","145438","2566519","8103521","17671179","True","0.00010152","1.091e-05"
"flake8-multiline-containers","","333092","124425","244146","345636","432543","518711","False","0.00010152","7.4e-07"
"notedown","","63375","55799","47216","85601","61125","67132","False","0.00010152","5.2e-07"
"simplejpeg","","975714","74950","190506","396935","1738626","2477552","False","0.00010152","2e-06"
"zope-testbrowser","","1537809","464854","373979","402456","5520815","926939","True","0.00010152","2.94e-06"
"filetype","","43839539","3302725","16035543","13758537","41487386","144613505","True","0.00010152","8.067e-05"
"linkify-it-py","tsutsu3/linkify-it-py","95728785","313465","19069624","57251772","162734365","239274697","True","0.00010142","0.00018958"
"pytest-doctestplus","scientific-python/pytest-doctestplus","2318769","539029","768848","2206719","3476102","4603146","True","0.00010142","1.871e-05"
"pytest-split","jerry-git/pytest-split","29555049","863567","2540412","7069251","51288878","86013138","True","0.00010142","6.853e-05"
"sphinx-math-dollar","","177702","46285","66894","96089","221845","457398","False","0.00010142","1.479e-05"
"gym","psf/black","57685260","11141368","8564191","7556800","33987377","227176564","True","0.00010135","0.00010571"
"tf-slim","google-research/tf-slim","3391553","8381248","2914191","1871118","2195476","1595732","True","0.00010135","6.39e-06"
"sphinx-togglebutton","executablebooks/sphinx-togglebutton","2340214","425580","1616563","1938117","2753481","4967327","True","0.0001013","7.29e-06"
"readability-lxml","buriy/python-readability","3256075","1302299","1811601","2076623","3064541","8025310","True","0.0001013","6.44e-06"
"jsonpatch","stefankoegl/python-json-patch","255795688","47221832","104828900","172379585","345846246","608701878","True","0.0001013","0.0004687"
"cfn-flip","awslabs/aws-cfn-template-flip","36851926","14928074","19331250","25196977","38758082","86045247","True","0.0001013","6.818e-05"
"readabilipy","","5575301","60363","6262","85277","339283","27385320","True","0.0001013","1.068e-05"
"scikit-misc","","628096","138092","207302","255056","521943","2018087","False","0.0001013","2.49e-06"
"aiodns","","42373203","20317607","21589797","26077881","47241875","96638854","True","0.0001013","7.796e-05"
"inscriptis","","1720641","53923","83964","490532","1964806","6009980","True","0.0001013","3.63e-06"
"geopandas","geopandas/geopandas","59164443","15506090","32263768","58714915","79879893","109457550","True","0.0001013","0.00010957"
"html2text","alir3z4/html2text","34889381","10780152","15699675","17544848","29498551","100923678","True","0.0001013","6.431e-05"
"html-text","zytedata/html-text","6498297","882664","1657189","3750029","10356287","15845316","True","0.0001013","1.237e-05"
"htmldate","adbar/htmldate","12411310","863483","2046481","5798183","15416502","37931901","True","0.0001013","2.319e-05"
"awacs","cloudtools/awacs","5951065","2956681","3901557","6116447","6930529","9850111","True","0.0001013","1.166e-05"
"mizani","has2k1/mizani","16680766","2398702","3797927","14296793","33252858","29657549","True","0.0001013","3.185e-05"
"courlan","adbar/courlan","5347665","103756","646811","2520929","7516802","15950025","True","0.0001013","1.027e-05"
"boilerpy3","","1363554","31130","386296","955578","2730010","2714754","True","0.0001013","2.98e-06"
"justext","miso-belica/justext","6111059","1238718","1448890","2759723","8064307","17043659","True","0.0001013","1.166e-05"
"adjusttext","phlya/adjusttext","2334562","344101","759323","870052","3695762","6003572","True","0.0001013","5.61e-06"
"plotnine-examples","","602","505","380","264","976","884","False","0.0001013","1.34e-06"
"callee","","1093296","615092","723390","1223126","1561487","1343385","True","0.0001013","2.91e-06"
"sphinxcontrib-mockautodoc","","101352","88957","71069","120635","123666","102435","False","0.0001013","3.19e-06"
"fs","pyfilesystem/pyfilesystem2","29945928","4306262","6576429","18742564","43885823","76218563","True","0.00010127","5.524e-05"
"pydevd","","8500576","4323473","6514493","12207976","13564201","5892737","True","0.00010124","2.23e-05"
"types-mock","python/typeshed","13403090","1248371","8070237","10979004","17689025","29028813","True","0.00010111","2.57e-05"
"sqlalchemy-pytds","","1387905","49295","333189","830794","1659345","4066902","True","0.00010111","3.72e-06"
"types-pymysql","python/typeshed","22687237","272671","4117633","5078402","19951210","84016269","True","0.00010111","4.269e-05"
"python-tds","denisenkom/pytds","4198902","643148","1365249","2659675","3078690","13247749","True","0.00010111","8.87e-06"
"hvplot","holoviz/hvplot","1958951","602588","1727675","1715198","2444418","3304875","True","0.00010111","3.66e-06"
"pyamg","","582155","140250","506997","486579","761415","1015535","False","0.00010111","1.14e-06"
"holoviews","holoviz/holoviews","5149669","1855577","4419315","4397482","6114257","8961714","True","0.00010111","9.5e-06"
"pg8000","","275600092","49286374","187146476","320458323","394393731","426715556","True","0.00010111","0.00050534"
"flake8-annotations","sco1/flake8-annotations","3326583","755830","2209521","3469701","4092848","6105016","True","0.00010111","7.27e-06"
"wordcloud","amueller/word_cloud","14227154","6255737","8965481","12857533","20483827","22573194","True","0.00010111","2.61e-05"
"textblob","sloria/textblob","11889321","7216094","11221847","8908406","15051589","17048669","True","0.00010111","2.183e-05"
"panel","holoviz/panel","8981441","2247235","5084524","5852623","11354022","20368803","True","0.00010111","1.651e-05"
"flake8-super-call","","25190","15468","21496","24961","14481","49545","False","0.00010106","4.9e-07"
"types-toml","","43647070","1403707","23731106","33960088","40021436","119119015","True","0.00010106","8.042e-05"
"pytest-pretty","","1361944","0","6383","613388","1564067","4625882","True","0.00010098","9.02e-06"
"cyclic","","592021","103164","103256","135271","442327","2176086","False","0.00010098","7.61e-06"
"rcslice","","591924","102912","102808","134735","441840","2177326","False","0.00010098","7.61e-06"
"pyshp","geospatialpython/pyshp","7082553","3294879","4439963","5411719","8549201","13717003","True","0.00010097","1.331e-05"
"pykdtree","","441043","113423","162269","191175","682012","1056338","False","0.00010097","1.16e-06"
"owslib","","1183173","307933","532077","951442","1508425","2615990","True","0.00010097","2.52e-06"
"django-formtools","","6099154","2616041","3160463","4377484","7519089","12822692","True","0.00010093","1.139e-05"
"colpali-engine","","168664","0","0","0","203370","639950","False","0.00010093","1.98e-06"
"django-user-sessions","","448651","302095","263578","345354","553507","778723","False","0.00010093","1.05e-06"
"sanic","","28040588","84325105","10999856","10029599","16810368","18038012","True","0.00010093","5.22e-05"
"falcon","falconry/falcon","9288086","7011291","8071908","7958312","14847051","8551866","True","0.00010093","1.789e-05"
"memunit","","16355","2523","7198","9783","15175","47094","False","0.00010093","7.9e-07"
"endesive","","451684","107720","161200","469871","865341","654290","False","0.00010093","1.59e-06"
"django-phonenumber-field","","12781696","5083328","6480708","9163834","15059402","28121209","True","0.00010093","2.361e-05"
"webdriver-manager","sergeypirogov/webdriver_manager","39211043","6457825","13750247","26543548","51538797","97764798","True","0.00010093","7.196e-05"
"rdkit","kuelumbus/rdkit-pypi","6386600","0","385949","2072435","14733689","14740929","True","0.00010093","1.335e-05"
"gulp","","2623","1174","1812","5542","2975","1612","False","0.00010093","5.5e-07"
"django-otp","django-otp/django-otp","7918732","2928703","3381344","5813506","10309740","17160368","True","0.00010093","1.472e-05"
"implicit","benfred/implicit","2455298","1468633","1846634","1873211","2504527","4583484","True","0.00010093","6.16e-06"
"agithub","","107214","131981","108952","56687","92630","145822","False","0.00010093","9.6e-07"
"apispec-webframeworks","marshmallow-code/apispec-webframeworks","3462188","1031176","2681701","4947273","4513809","4136979","True","0.00010093","6.73e-06"
"mknotebooks","","230324","124277","244099","234752","270674","277820","False","0.00010093","1.18e-06"
"dotenv","pedroburon/dotenv","10822943","663814","780940","1125338","4519398","47025227","True","0.00010093","2.07e-05"
"pdoc3","pdoc3/pdoc","3043930","1712291","4014906","3189355","2528800","3774298","True","0.00010093","6.33e-06"
"django-bootstrap-form","","1028465","923948","576400","734999","1620151","1286829","True","0.00010093","2.11e-06"
"ollama","ollama/ollama-python","10553429","0","0","1114","5142469","47623560","True","0.00010093","2.097e-05"
"django-debug-toolbar","django-commons/django-debug-toolbar","29588920","14514744","17425818","23291247","35449782","57263011","True","0.00010093","5.436e-05"
"flex","pipermerriam/flex","1649058","2806216","1434490","1418723","1408212","1177651","True","0.00010093","3.42e-06"
"sentence-transformers","","53055285","7259763","20744555","28634945","59650902","148986260","True","0.00010093","9.872e-05"
"flask-jwt","","830726","401135","629581","1920793","871784","330337","False","0.00010093","1.92e-06"
"mkdocs-with-pdf","","464826","75229","173852","304162","579211","1191677","False","0.00010093","1.61e-06"
"phonenumberslite","daviddrysdale/python-phonenumbers","8876740","4937829","3967283","6495853","9610120","19372616","True","0.00010093","1.647e-05"
"twilio","twilio/twilio-python","46686308","19058248","29509571","34175008","50959779","99728933","True","0.00010093","8.563e-05"
"this","","1","0","2","1","0","0","False","0.00010093","7e-08"
"uwsgi","","18504518","17178184","18442589","18557234","19178770","19165811","True","0.00010093","3.475e-05"
"colbert-ai","","557219","0","0","0","417649","2368447","False","0.00010093","2.69e-06"
"google-cloud-datastore","googleapis/python-datastore","56772553","45897134","81223078","43302701","37038148","76401705","True","0.00010093","0.00010476"
"scikit-surprise","nicolashug/surprise","1345438","714668","1501989","1429948","1409335","1671249","True","0.00010093","4.13e-06"
"version","","76128","112217","63862","56070","61262","87229","False","0.00010093","9e-07"
"aiohttp-devtools","","251405","137331","146114","229065","373234","371279","False","0.00010093","1.36e-06"
"mdurl","executablebooks/mdurl","592313100","66586","26535488","242725931","793578645","1898658851","True","0.00010089","0.00108573"
"mpg","","507","410","366","560","620","581","False","0.00010079","9.7e-07"
"pulse","","1387","1402","2501","740","971","1320","False","0.00010079","9.7e-07"
"flac","","7","22","3","3","5","0","False","0.00010079","9.7e-07"
"systemd","","238813","81784","287594","243910","294075","286703","False","0.00010079","1.41e-06"
"dbus","","29","128","4","5","6","1","False","0.00010079","9.7e-07"
"fluidsynth","","14456","4542","6228","12262","12231","37018","False","0.00010079","1e-06"
"portmidi","","8","25","4","5","6","0","False","0.00010079","9.7e-07"
"sndfile","","15397","15650","36017","12467","7619","5234","False","0.00010079","1e-06"
"geomstats","","40970","5120","9688","26390","45116","118536","False","0.00010077","5.3e-07"
"pytest-dotenv","quiqua/pytest-dotenv","10027836","1686490","2977226","6192321","11783407","27499734","True","0.00010077","1.853e-05"
"sphinxcontrib-redoc","","4819106","428260","464378","671476","1123992","21407426","True","0.00010077","9.05e-06"
"scikit-lego","","303732","148591","232480","357401","318692","461495","False","0.00010077","1.01e-06"
"betamax-serializers","","95008","73653","81941","72266","132152","115026","False","0.00010077","3.4e-07"
"keras","keras-team/keras","134500236","54440948","111105235","134658393","185581469","186715133","True","0.00010077","0.00024649"
"gspread","burnash/gspread","126197487","42391278","100483076","95530085","129497030","263085964","True","0.00010077","0.00023102"
"wikipedia","goldsmith/wikipedia","5516544","5182159","6447406","3944969","3512234","8495950","True","0.00010077","1.027e-05"
"suod","","372805","519481","388085","552566","251487","152406","False","0.00010077","1.13e-06"
"combo","","485129","642709","479617","685476","357526","260319","False","0.00010077","1.34e-06"
"pythresh","","22108","0","2154","14008","29278","65100","False","0.00010077","4.9e-07"
"langchain","","212745210","0","10458","33116093","160462654","870136847","True","0.00010077","0.00038936"
"vellum-ai","","119733","0","0","82571","82138","433957","False","0.00010077","4e-07"
"betamax","","486580","275346","156845","151397","1415871","433439","False","0.00010077","1.06e-06"
"sphinxcontrib-openapi","","870534","407583","361188","568474","970092","2045331","False","0.00010077","1.83e-06"
"jsonpath-ng","h2non/jsonpath-ng","281308484","18033835","156189518","253107856","399381361","579829852","True","0.00010077","0.00051478"
"tenacity","jd/tenacity","649281138","180725101","250988249","354899182","895965763","1563827393","True","0.00010077","0.00118791"
"nbclient","jupyter/nbclient","231706282","161032920","121042349","136312832","281796065","458347242","True","0.00010075","0.00042704"
"jansson","","6","15","4","4","5","0","False","0.00010075","1.33e-06"
"pure-eval","alexmojaki/pure_eval","253413783","348960","66451829","136073566","373039376","691155186","True","0.00010071","0.00046791"
"fugue-sql-antlr","fugue-project/fugue","2184912","0","256663","3702109","3935118","3030668","True","0.00010064","4.41e-06"
"shap","shap/shap","71236014","36485500","53042127","78407620","86435963","101808860","True","0.00010062","0.00013039"
"pytest-celery","celery/pytest-celery","4362442","602666","1551052","2464739","5907559","11286196","True","0.00010062","1.623e-05"
"skl2onnx","onnx/sklearn-onnx","7971190","1868525","6006438","8818183","12272759","10890045","True","0.00010062","1.48e-05"
"pytest-click","","284635","64656","108143","302534","516904","430937","False","0.00010062","8.77e-06"
"mleap","combust/mleap","7642297","5319459","2317508","2283276","9214296","19076945","True","0.00010062","1.42e-05"
"azureml-automl-dnn-vision","","44791","1190","72720","46021","71916","32109","False","0.00010062","1.6e-07"
"fakeredis","","33140804","8964432","12819386","22537884","33015685","88366631","True","0.00010062","6.106e-05"
"redis-py-cluster","grokzen/redis-py-cluster","26519776","20430911","28887901","24031660","24895017","34353390","True","0.00010062","4.895e-05"
"click-didyoumean","click-contrib/click-didyoumean","95133135","14400479","35320431","53446548","111824830","260673386","True","0.00010062","0.00018228"
"schedule","dbader/schedule","34062129","16451642","21709915","26214438","37225354","68709297","True","0.00010062","6.274e-05"
"tensorstore","google/tensorstore","25236604","59815","678058","11051955","84721976","29671217","True","0.00010062","4.814e-05"
"sphinx-testing","","48771","30463","35035","23816","58551","95991","False","0.00010062","8.34e-06"
"libsvm","","101048","90476","100676","90893","127450","95747","False","0.00010062","4e-07"
"nox-poetry","cjolowicz/nox-poetry","2891086","1026308","2630370","2812651","3061888","4924212","True","0.00010062","5.72e-06"
"click-repl","","94772485","13909944","34414997","61619766","116019661","247898055","True","0.00010062","0.00018162"
"logzero","metachris/logzero","7072326","2638242","4463590","5307017","12055142","10897637","True","0.00010062","1.337e-05"
"raiutils","","886670","0","511442","973534","1619229","1329144","False","0.00010062","1.7e-06"
"azureml-automl-core","","8332709","11738529","10462475","8475938","7117352","3869249","True","0.00010062","1.532e-05"
"flake8-breakpoint","","898587","326774","1094999","1103176","1085717","882269","False","0.00010062","1.72e-06"
"randomize","","329904","139247","135627","267514","350476","756656","False","0.0001006","1.965e-05"
"ipaddress","phihag/ipaddress","62110588","79314881","59166124","54604082","57078978","60388873","True","0.0001006","0.00013267"
"lzokay","","39939","4274","13458","29275","56363","96327","False","0.00010048","2.9e-07"
"lzfse","","548189","0","0","0","166698","2574247","False","0.00010048","1.22e-06"
"argh","","7636750","7914888","6390456","6219183","8352548","9306677","True","0.00010048","1.433e-05"
"pympler","pympler/pympler","19601348","4989543","16073915","18907115","21705475","36330691","True","0.00010048","3.6e-05"
"torchdata","","5487354","3286","213999","4362055","6032223","16825209","True","0.00010048","1.042e-05"
"holidays","vacanza/holidays","85558586","30992877","53576040","67986927","92394798","182842287","True","0.00010048","0.00015665"
"zopfli","fonttools/py-zopfli","25249755","810376","3376809","7609492","18774192","95677907","True","0.00010048","4.641e-05"
"composeml","","118903","156107","164822","90382","93880","89324","False","0.00010048","3.6e-07"
"woodwork","alteryx/woodwork","1617956","3173110","2463982","790551","778862","883275","True","0.00010048","3.1e-06"
"colorful","timofurrer/colorful","28466592","4361819","8709238","14346014","28453029","86462860","True","0.00010048","5.221e-05"
"zfp","","1268","454","622","1178","2476","1608","False","0.00010048","2.2e-07"
"meshoptimizer","","1081","0","0","0","0","5407","False","0.00010048","2.2e-07"
"pathtools","gorakhargosh/pathtools","22258724","16365305","30007859","46830631","11425049","6664777","True","0.00010048","4.108e-05"
"objgraph","mgedmin/objgraph","6489294","2663520","3871277","4725430","9858490","11327755","True","0.00010045","1.51e-05"
"autobahn","crossbario/autobahn-python","15255918","6809635","10368345","12608263","17151195","29342153","True","0.00010045","3.114e-05"
"pytest-repeat","","24088185","4972970","8593378","16112793","34557789","56203997","True","0.00010045","4.73e-05"
"pixelmatch","","1224116","359606","277808","423288","1680981","3378899","True","0.00010045","5.47e-06"
"pytest-playwright","microsoft/playwright-pytest","12527979","161219","1333955","5919274","17913450","37311997","True","0.00010045","2.615e-05"
"flake8-mock","","252304","325005","331440","166051","250857","188168","False","0.00010043","5.8e-07"
"pytest-openfiles","","704435","469769","568792","859174","1223072","401368","False","0.00010043","1.4e-06"
"flake8-builtins-unleashed","","34859","36504","31788","36944","40801","28259","False","0.00010043","1.8e-07"
"pytest-aiofiles","","16794","8528","9873","11758","5978","47832","False","0.00010043","1.5e-07"
"asyncio-ipython-magic","","2757","2495","1886","3671","3890","1841","False","0.00010043","1.2e-07"
"shortuuid","","42096242","11957897","46183401","41572605","43386035","67381274","True","0.00010035","7.983e-05"
"mkdocs-jupyter","","1236618","98655","257662","930736","1710483","3185554","True","0.00010035","5.09e-06"
"ipytest","","475208","153729","324151","255353","482745","1160061","False","0.00010035","3.7e-06"
"pytest-cases","smarie/python-pytest-cases","3734656","614929","1128921","1919936","5840598","9168896","True","0.00010035","9.66e-06"
"mike","jimporter/mike","2752056","176299","609448","1224562","4163735","7586234","True","0.00010035","7.86e-06"
"bcrypt","pyca/bcrypt","627989864","199464941","351897306","467285452","811572823","1309728800","True","0.00010034","0.00114913"
"py-mini-racer","sqreen/pyminiracer","1413289","883771","871866","846241","1441118","3023448","True","0.00010023","2.7e-06"
"amqp","celery/py-amqp","127283174","58536548","69898079","82029643","153672769","272278830","True","0.00010023","0.00024067"
"commitizen","commitizen-tools/commitizen","5746724","987479","2310948","4271413","7224563","13939217","True","0.00010023","1.063e-05"
"qpid-python","","12283","14043","9886","13285","13299","10900","False","0.00010023","7.86e-06"
"jsonpath","","3820936","1220388","2051430","2683075","5404950","7744838","True","0.00010023","7.1e-06"
"pytest-freezegun","ktosiek/pytest-freezegun","6860653","2267036","3702336","4971257","8771503","14591132","True","0.00010023","2.038e-05"
"setproctitle","dvarrazzo/py-setproctitle","183311555","23597722","66002741","111784283","295280776","419892255","True","0.00010023","0.00033543"
"cfscrape","anorov/cloudflare-scrape","1623226","1739193","2146812","2251054","1448679","530393","True","0.00010023","3.08e-06"
"qpid-tools","","5123","2335","2274","8503","7887","4618","False","0.00010023","7.84e-06"
"ipyparallel","","3022773","818955","1226394","2509428","5260066","5299021","True","0.00010023","5.62e-06"
"globus-sdk","globus/globus-sdk-python","2276249","452516","1207590","4830447","1718608","3172083","True","0.00010023","4.26e-06"
"pypinyin","mozillazg/python-pinyin","3954180","486476","1150044","2318894","5549775","10265712","True","0.00010023","7.35e-06"
"pyro4","","1892248","1962143","1407558","1516583","2083199","2491758","True","0.00010023","1.13e-05"
"nc-time-axis","","505098","62012","101987","352533","992548","1016410","False","0.00010016","2.93e-06"
"h5netcdf","h5netcdf/h5netcdf","6846032","465543","930674","3755754","8485156","20593031","True","0.00010016","1.453e-05"
"flox","","606815","316","40196","432747","1134973","1425841","False","0.00010016","3.12e-06"
"cftime","","18745618","6139745","12588245","19285720","30164205","25550177","True","0.00010016","3.63e-05"
"numbagg","","668394","89244","86396","380761","1213665","1571904","False","0.00010016","3.23e-06"
"bottleneck","pydata/bottleneck","14523438","5962863","5721063","6925566","13542128","40465569","True","0.00010016","2.858e-05"
"cfgrib","","1500328","202271","629198","904286","2051157","3714730","True","0.00010016","4.75e-06"
"dask-core","dask/dask","15","55","16","2","3","0","False","0.00010016","2.01e-06"
"iris","","26891","9447","13707","13742","22578","74982","False","0.00010016","2.06e-06"
"aiobotocore","aio-libs/aiobotocore","2956990331","139136284","628875971","1590753894","4253928672","8172256834","True","0.00010016","0.00541124"
"pint","hgrecco/pint","17291355","7288482","9417915","10806089","25295726","33648565","True","0.00010016","3.364e-05"
"pydap","","480671","61320","107956","512012","878483","843583","False","0.00010016","2.89e-06"
"schedula","vinci1it2000/schedula","2110462","240106","1490067","2911678","4176844","1733615","True","0.00010013","3.97e-06"
"wemake-python-styleguide","wemake-services/wemake-python-styleguide","2136780","923087","2114215","2693905","2198871","2753822","True","0.00010013","4.04e-06"
"multiprocess","uqfoundation/multiprocess","241720386","18146714","59236322","151094045","386564162","593560685","True","0.00010013","0.00044229"
"sphinxcontrib-restbuilder","","244377","24717","36397","430182","577407","153180","False","0.00010013","5.6e-07"
"sphinx-typlog-theme","","41299","15171","8474","64935","59750","58165","False","0.00010013","2e-07"
"slotscheck","","250385","82","74101","151264","266982","759495","False","0.00010013","5.9e-07"
"lockfile","","173095966","83967681","133635872","174199750","212180290","261496239","True","0.00010003","0.00031969"
"tortoise-orm","","1653272","397979","821723","1126261","2178125","3742270","True","0.00010002","3.36e-06"
"ormar","","573302","66037","149239","367547","897357","1386331","False","0.00010002","1.39e-06"
"fontawesome-markdown","","752949","217927","410617","378640","888456","1869107","False","0.00010002","1.72e-06"
"gino","","315240","320144","295829","337246","293296","329687","False","0.00010002","9.2e-07"
"motor","mongodb/motor","36199528","22604936","44610690","14168403","25361513","74252096","True","0.00010002","6.656e-05"
"orm","","61697","31474","53363","47719","67052","108875","False","0.00010002","4.5e-07"
"typesystem","","336688","306440","242631","184612","659795","289964","False","0.00010002","9.6e-07"
"asgi-lifespan","florimondmanca/asgi-lifespan","10548228","298443","1245860","3651340","10767759","36777739","True","0.00010002","1.964e-05"
"pandas-profiling","","13135181","30843054","12919776","10950265","6729384","4233427","True","0.00010002","2.433e-05"
"todo","","5085","3926","6856","4889","5639","4115","False","0.00010002","3.1e-07"
"piccolo","","278001","37916","83175","184846","518669","565400","False","0.00010002","8.5e-07"
"flake8-annotations-complexity","best-doctor/flake8-annotations-complexity","1404140","197365","893492","2238331","1604781","2086733","True","0.00010001","2.66e-06"
"flake8-expression-complexity","best-doctor/flake8-expression-complexity","1687945","243777","1060706","1594580","2492650","3048012","True","0.00010001","3.16e-06"
"conllu","emilstenstrom/conllu","2330152","870725","1926495","2381542","3074385","3397611","True","9.999e-05","6.93e-06"
"portalocker","wolph/portalocker","392830793","136088768","281443962","397353177","681846706","467421353","True","9.998e-05","0.00071909"
"mmh3","hajimes/mmh3","66710254","19449726","27591790","28517853","71245425","186746477","True","9.993e-05","0.00012215"
"fcache","tsroten/fcache","2462170","315921","997552","1568593","2739052","6689730","True","9.993e-05","4.62e-06"
"mkdocs-exclude","","1323065","216119","706005","1262714","1863470","2567019","True","9.993e-05","2.69e-06"
"mimesis","lk-geimfari/mimesis","3721255","1160816","1812142","1470829","5674351","8488135","True","9.993e-05","6.93e-06"
"ansi2html","pycontribs/ansi2html","10426667","1819707","3376910","12872356","14803576","19260788","True","9.993e-05","1.934e-05"
"pur","","446184","200247","366006","367559","548788","748318","False","9.993e-05","9.3e-07"
"autograd-gamma","camdavidsonpilon/autograd-gamma","7714798","2730583","4506166","4385129","9369801","17582311","True","9.984e-05","1.461e-05"
"tensorflow-gan","tensorflow/gan","1243929","5457007","216111","180436","158699","207390","True","9.984e-05","2.34e-06"
"tensorflow-addons","","25777185","62029314","27418124","12490946","12510764","14436776","True","9.984e-05","4.722e-05"
"kfac","tensorflow/kfac","3025529","13905194","536037","312145","134811","239456","True","9.984e-05","5.6e-06"
"d3","","1927","990","1012","1492","2682","3461","False","9.984e-05","7e-08"
"check-wheel-contents","","1382733","356101","339371","1056621","2464577","2696997","True","9.984e-05","3.03e-06"
"pytest-travis-fold","","96733","195830","148233","81461","15389","42751","False","9.984e-05","6.8e-07"
"gutenberg","","17776","16277","28193","11254","18514","14644","False","9.984e-05","1e-07"
"polymer","","6081","2726","4776","3432","10546","8925","False","9.984e-05","7e-08"
"dopamine-rl","google/dopamine","4507118","18961984","1276817","1317420","369227","610140","True","9.984e-05","8.31e-06"
"formulaic","matthewwardrop/formulaic","13231137","2009901","5145113","6083759","20137127","32779787","True","9.984e-05","2.47e-05"
"sybil","","465903","322183","92274","135639","650762","1128658","False","9.984e-05","1.35e-06"
"bz2file","nvawda/bz2file","9773810","13978527","9861353","9439920","10890708","4698542","True","9.984e-05","1.794e-05"
"mesh-tensorflow","tensorflow/mesh","1545237","5633727","316544","587428","540015","648472","True","9.984e-05","2.89e-06"
"tokenize-rt","","26499901","4332240","10499217","25549482","42097718","50020850","True","9.98e-05","5.262e-05"
"flake8-datetimez","","283451","62624","166146","309571","440257","438658","False","9.98e-05","4.66e-06"
"flake8-return","afonasev/flake8-return","2345440","744162","1711999","2192107","2992852","4086082","True","9.98e-05","8.43e-06"
"flake8-noqa","plinss/flake8-noqa","2806305","108361","1032870","1713021","2899558","8277713","True","9.98e-05","9.28e-06"
"shed","","223938","16910","484325","142395","101563","374496","False","9.98e-05","4.55e-06"
"rspec","","440","192","249","251","578","928","False","9.98e-05","4.14e-06"
"flake8-plugin-utils","afonasev/flake8-plugin-utils","5135703","1976091","4022590","5341993","5883635","8454206","True","9.98e-05","1.354e-05"
"sphinx-selective-exclude","","102342","21465","34364","87482","146221","222177","False","9.98e-05","4.33e-06"
"flake8-helper","","650694","29745","481267","737893","1250780","753785","False","9.98e-05","5.33e-06"
"com2ann","","208005","15424","375529","187304","194062","267705","False","9.98e-05","4.52e-06"
"flake8-simplify","martinthoma/flake8-simplify","3113140","761773","2922754","3550693","4477119","3853359","True","9.98e-05","9.84e-06"
"flake8-pie","sbdchd/flake8-pie","1284434","498224","1668932","1731447","1622980","900589","True","9.98e-05","6.49e-06"
"flake8-strftime","","17692","22412","32754","6582","15274","11439","False","9.98e-05","4.18e-06"
"xdoctest","erotemic/xdoctest","3676890","953541","1418366","1398239","6469678","8144625","True","9.976e-05","6.81e-06"
"mmcv-full","","601284","401245","544150","644209","625961","790855","False","9.976e-05","1.18e-06"
"ubelt","","546728","315608","350676","221657","1279487","566213","False","9.976e-05","1.08e-06"
"imagecorruptions","","275298","290264","296335","222998","227144","339750","False","9.976e-05","5.9e-07"
"kwarray","","206108","266333","274482","130982","133358","225386","False","9.976e-05","4.6e-07"
"cityscapesscripts","","308516","274318","285249","183643","372120","427248","False","9.976e-05","6.5e-07"
"mmcv","","903204","318318","666556","865675","1121277","1544196","False","9.976e-05","1.74e-06"
"albumentations","","24547904","1980858","5847679","9918020","37130104","67862861","True","9.976e-05","4.499e-05"
"wunsen","","3754","0","3041","7223","5702","2802","False","9.963e-05","1.5e-07"
"nlpo3","","20662","4922","16359","12764","30110","39157","False","9.963e-05","1.8e-07"
"pyicu","","3202041","3334554","2177282","4086370","3011787","3400211","True","9.963e-05","6e-06"
"spacy-thai","","33330","32937","11899","21820","45311","54681","False","9.963e-05","2e-07"
"symspellpy","mammothb/symspellpy","1811287","1014692","1353755","1153873","3087234","2446879","True","9.963e-05","3.46e-06"
"oskut","","5388","1174","8029","7801","4912","5024","False","9.963e-05","1.5e-07"
"khanaa","","58267","0","2563","6789","245598","36384","False","9.963e-05","2.5e-07"
"epitran","","358350","28423","116877","150724","676612","819116","False","9.963e-05","8e-07"
"ssg","","35070","32378","26104","32316","39452","45099","False","9.963e-05","2.1e-07"
"esupar","","13242","829","8033","10778","28850","17721","False","9.963e-05","1.7e-07"
"tltk","","18586","4877","14286","12628","14315","46822","False","9.963e-05","1.8e-07"
"ufal-chu-liu-edmonds","","12790","5345","8694","10103","22825","16982","False","9.963e-05","1.7e-07"
"python-crfsuite","scrapinghub/python-crfsuite","18344583","8785476","14730790","15352416","17719523","35134710","True","9.963e-05","3.37e-05"
"sefr-cut","","10188","9944","13329","13445","6835","7386","False","9.963e-05","1.6e-07"
"attacut","","38176","31673","25306","38721","48035","47145","False","9.963e-05","2.1e-07"
"phunspell","","13729","2059","7467","9298","7075","42748","False","9.963e-05","1.7e-07"
"deepcut","","152536","156510","211666","179343","79897","135264","False","9.963e-05","4.2e-07"
"thai-nner","","3788","0","3745","7937","4408","2852","False","9.963e-05","1.5e-07"
"spylls","","54694","3648","38650","64116","62965","104092","False","9.963e-05","2.4e-07"
"txaio","","14163610","5933182","7686010","9319447","18251459","29627953","True","9.962e-05","2.666e-05"
"awscli","","2023743595","1095235514","1555891132","2180787119","2245456670","3041347538","True","9.962e-05","0.00370279"
"qualname","","1132645","1178800","448368","373596","821603","2840857","True","9.962e-05","2.83e-06"
"azure-datalake-store","azure/azure-data-lake-store-python","120267670","38182511","66243297","96436778","177526462","222949303","True","9.959e-05","0.00022095"
"nteract-scrapbook","nteract/scrapbook","390910","796236","661444","262338","150940","83594","False","9.959e-05","1.66e-06"
"gcsfs","fsspec/gcsfs","188504163","111759902","78350501","105006816","204042724","443360872","True","9.959e-05","0.00034578"
"google-compute-engine","googlecloudplatform/compute-image-packages","2893285","2663749","3036253","2826288","3037819","2902315","True","9.959e-05","6.24e-06"
"allure-pytest","allure-framework/allure-python","17894108","4674117","8272880","11174262","22900326","42448953","True","9.954e-05","3.283e-05"
"flask-restx","python-restx/flask-restx","16189678","19854310","7838699","8279582","19864515","25111282","True","9.954e-05","3.248e-05"
"hiro","","58213","32171","53543","64936","60834","79579","False","9.954e-05","2.97e-06"
"autoflake8","","167627","4936","177493","213044","207937","234726","False","9.954e-05","3.17e-06"
"openapi-codec","core-api/python-openapi-codec","3915813","4147429","4161035","4325245","3743384","3201971","True","9.954e-05","7.26e-06"
"lovely-pytest-docker","","298594","355870","464781","223394","295181","153745","False","9.954e-05","3.41e-06"
"python-box","cdgriffith/box","27699048","9828171","15737796","23152579","39530081","50246615","True","9.954e-05","5.077e-05"
"paho-mqtt","","23924762","11577684","12935029","18718222","32207224","44185649","True","9.954e-05","4.387e-05"
"pymemcache","pinterest/pymemcache","15944416","7060999","10425363","13315054","21133936","27786727","True","9.954e-05","3.203e-05"
"openapi-core","python-openapi/openapi-core","9951267","2286921","1548524","2111886","4755183","39053819","True","9.954e-05","1.83e-05"
"sphinx-highlights","","2165","2163","1816","1167","2754","2925","False","9.945e-05","1.7e-07"
"consolekit","","574165","350233","223793","261445","967688","1067664","False","9.945e-05","1.22e-06"
"tensorboard","tensorflow/tensorboard","232919476","121324813","181893475","234830598","297425640","329122853","True","9.944e-05","0.00042882"
"opt-einsum","","126907857","65769294","98595546","112518521","156797842","200858080","True","9.944e-05","0.0002349"
"tensorboard-plugin-wit","","69193535","59300344","99782582","88019687","61244294","37620769","True","9.944e-05","0.00012932"
"flax","google/flax","16950864","10599894","2720755","23610554","25576941","22246174","True","9.944e-05","3.375e-05"
"mapclassify","pysal/mapclassify","2361477","294444","780195","1229382","2592141","6911225","True","9.939e-05","6.71e-06"
"folium","","14530744","6263294","10424476","9152611","15715847","31097492","True","9.939e-05","2.897e-05"
"libpysal","","896983","278744","580756","685791","1217957","1721665","False","9.939e-05","4.03e-06"
"matplotlib-scalebar","","400684","49751","201273","380737","452887","918772","False","9.939e-05","3.12e-06"
"pyogrio","geopandas/pyogrio","15295386","73","37641","294494","14340802","61803921","True","9.939e-05","3.037e-05"
"contextily","geopandas/contextily","1935004","437115","802306","1315031","3440351","3680218","True","9.939e-05","5.93e-06"
"fiona","","48423175","19044541","34967792","62001062","67878696","58223784","True","9.939e-05","9.097e-05"
"geos","","312370","315590","532928","169068","254302","289961","False","9.939e-05","2.96e-06"
"pyepsg","","530217","365057","934034","491246","527388","333360","False","9.939e-05","3.36e-06"
"doc2dash","","40406","35602","26231","27600","52452","60145","False","9.939e-05","2.46e-06"
"jupyter-server-proxy","jupyterhub/jupyter-server-proxy","3026217","573914","6142923","1900404","3066857","3446986","True","9.935e-05","5.65e-06"
"sphinxcontrib-asciinema","","38530","12315","21207","32420","47362","79347","False","9.935e-05","1.9e-07"
"trame-vuetify","","507414","0","7334","115657","587510","1826569","False","9.935e-05","1.05e-06"
"rtree","toblerity/rtree","16995083","5997773","12771213","11837513","20166261","34202656","True","9.935e-05","3.121e-05"
"pyembree","","51167","0","9433","43827","63886","138690","False","9.935e-05","2.1e-07"
"vtk","","4943932","1161641","1464811","2379842","6925555","12787812","True","9.935e-05","9.16e-06"
"trame","","668133","3925","26194","185141","855264","2270140","False","9.935e-05","1.34e-06"
"colorcet","holoviz/colorcet","5698943","1902026","4277806","4537388","7575897","10201596","True","9.935e-05","1.054e-05"
"meshio","nschloe/meshio","1910270","641468","639604","934059","3182893","4153325","True","9.935e-05","3.61e-06"
"imageio-ffmpeg","imageio/imageio-ffmpeg","33802437","25131817","37441045","25428249","26556053","54455020","True","9.935e-05","6.195e-05"
"pytest-memprof","","79686","72833","83243","58000","119457","64896","False","9.935e-05","2.6e-07"
"trame-vtk","","557653","0","10388","162815","647248","1967814","False","9.935e-05","1.14e-06"
"trimesh","mikedh/trimesh","13515189","1556037","2656833","6207255","22650964","34504855","True","9.935e-05","2.484e-05"
"cmocean","","394130","97556","96456","227314","538211","1011111","False","9.935e-05","8.4e-07"
"pytest-sphinx","","218831","56209","90167","110637","354293","482849","False","9.935e-05","5.2e-07"
"osmnx","","1841568","465552","924249","1076393","2070799","4670846","True","9.935e-05","3.49e-06"
"scooby","banesullivan/scooby","3110268","283670","745484","1738947","4197457","8585782","True","9.935e-05","5.81e-06"
"pprint36","","40756","27509","42572","42787","55636","35274","False","9.928e-05","5e-07"
"sphinx-jinja2-compat","","1518595","0","255456","675415","2948038","3714067","True","9.928e-05","3.21e-06"
"dict2css","","1657542","150868","492802","960832","2974853","3708354","True","9.928e-05","3.46e-06"
"sphobjinv","","375608","105616","87841","133502","383763","1167319","False","9.928e-05","1.11e-06"
"flake8-dunder-all","","151592","27545","27918","29651","254272","418574","False","9.928e-05","7e-07"
"apeye","domdfcoding/apeye","2625550","322090","711743","1845546","4547138","5701232","True","9.928e-05","5.23e-06"
"pptree","","780400","57864","560542","1072071","1149052","1062471","False","9.924e-05","1.48e-06"
"langdetect","mimino666/langdetect","43026418","28318613","25581732","23230836","47571612","90429296","True","9.924e-05","7.876e-05"
"hyperopt","","23518021","13323485","23017703","22082218","27861801","31304896","True","9.924e-05","4.308e-05"
"wikipedia-api","","1284787","289806","1032037","1440497","1838625","1822970","True","9.924e-05","2.4e-06"
"pytest-isort","stephrdev/pytest-isort","1248546","732794","1100585","1186515","1704508","1518329","True","9.924e-05","2.34e-06"
"mpld3","","3828540","2515055","2862496","3570958","5243416","4950776","True","9.924e-05","7.06e-06"
"ftfy","rspeer/python-ftfy","48119977","10552366","24795547","44934814","61050971","99266188","True","9.924e-05","8.808e-05"
"konoha","","983167","834720","1273173","682922","690136","1434885","False","9.924e-05","1.85e-06"
"janome","mocobeta/janome","1980263","1097649","1802833","1886657","2532717","2581461","True","9.924e-05","3.68e-06"
"xarray-einstats","arviz-devs/xarray-einstats","7701805","0","2788033","6968963","11620706","17131322","True","9.922e-05","1.464e-05"
"pyjags","","13190","21830","15864","9041","8057","11159","False","9.922e-05","5.8e-07"
"madforhooks","","5986","5963","5486","2414","4884","11185","False","9.922e-05","5.6e-07"
"pyro-ppl","pyro-ppl/pyro","3893762","618748","3369133","4994344","3646481","6840105","True","9.922e-05","7.68e-06"
"numpyro","","1780736","183464","553270","2001954","2024791","4140200","True","9.922e-05","3.81e-06"
"emcee","dfm/emcee","2087580","821872","1131028","1275808","4762454","2446736","True","9.922e-05","4.37e-06"
"cmdstanpy","stan-dev/cmdstanpy","37307449","12933958","30028501","31632697","36659292","75282795","True","9.922e-05","6.88e-05"
"absolufy-imports","","929259","15272","110101","156098","292455","4072371","False","9.922e-05","2.25e-06"
"pystan","","18869705","16947966","30329941","22456165","16222006","8392446","True","9.922e-05","3.507e-05"
"astpath","","190263","124554","74863","121858","225973","404065","False","9.916e-05","4.3e-07"
"added-value","","14391","8651","6284","4334","36436","16250","False","9.916e-05","1.1e-07"
"hypothesmith","","311589","36594","462193","441315","247616","370227","False","9.916e-05","6.5e-07"
"nbqa","","1791608","119304","377578","987967","2483440","4989751","True","9.916e-05","3.36e-06"
"import-linter","","5269853","1007084","1169863","2394996","8280563","13496757","True","9.916e-05","9.72e-06"
"types-jinja2","python/typeshed","8852313","1195940","7499991","7520471","11060558","16984603","True","9.914e-05","1.641e-05"
"types-simplejson","","12939292","1132629","8898163","10425453","15516716","28723498","True","9.914e-05","2.389e-05"
"pytest-clarity","darrenburns/pytest-clarity","4075831","594665","3276676","4965145","6300609","5242062","True","9.914e-05","7.67e-06"
"anyconfig-bson-backend","","1729","897","655","1402","4105","1588","False","9.914e-05","2.2e-07"
"anyconfig-msgpack-backend","","1270","784","497","486","3361","1220","False","9.914e-05","2.2e-07"
"flake8-length","","112789","26916","164753","96039","112007","164229","False","9.914e-05","4.3e-07"
"anyconfig-cbor-backend","","1673","911","638","1255","3948","1612","False","9.914e-05","2.2e-07"
"flake8-implicit-str-concat","","591725","92496","364785","507756","1088402","905185","False","9.914e-05","1.3e-06"
"types-jmespath","","1357902","10552","64992","570247","1366231","4777487","True","9.914e-05","2.7e-06"
"types-jsonschema","","14635032","29751","1143261","6661609","17411692","47928849","True","9.914e-05","2.699e-05"
"anyconfig-cbor2-backend","","2281","1029","695","1412","5929","2342","False","9.914e-05","2.2e-07"
"mypy-protobuf","nipunn1313/mypy-protobuf","30699759","8817017","12091073","17855310","44085797","70649599","True","9.91e-05","5.652e-05"
"pytest-markdown-docs","","555010","0","25339","20076","788122","1941511","False","9.91e-05","1.37e-06"
"types-croniter","python/typeshed","24272000","234999","5423619","5137016","21280426","89283941","True","9.91e-05","4.476e-05"
"blueberry","","385","235","210","296","611","574","False","9.91e-05","3.6e-07"
"grpclib","vmagamedov/grpclib","19851600","1085759","2872676","20803685","14846266","59649616","True","9.91e-05","3.667e-05"
"synchronicity","","9122040","24974","220716","747667","3571817","41045028","True","9.91e-05","1.705e-05"
"banana","","5232","2608","2931","2159","12216","6244","False","9.91e-05","3.7e-07"
"aiostream","vxgmichel/aiostream","6849227","1131085","1625058","3126009","10199400","18164585","True","9.91e-05","1.289e-05"
"sentry-sdk","getsentry/sentry-python","356279159","104615610","199021095","249678312","462391505","765689271","True","9.91e-05","0.0006521"
"ddtrace","datadog/dd-trace-py","89502374","30533808","40152693","61907285","121913589","193004495","True","9.91e-05","0.00016409"
"flask-wtf","pallets-eco/flask-wtf","107177826","33826746","47139074","69282881","193704112","191936319","True","9.906e-05","0.00019616"
"wtforms","pallets-eco/wtforms","77833699","25935497","33614714","48876226","126816540","153925519","True","9.906e-05","0.00014248"
"azure-nspkg","","116648104","83708361","118769412","122986229","136343696","121432823","True","9.89e-05","0.00021343"
"knack","microsoft/knack","62896220","23842542","76628295","62443002","82291201","69276062","True","9.89e-05","0.0001151"
"flake8-class-newline","","441303","631217","433968","359607","389622","392100","False","9.89e-05","8.6e-07"
"azure-mgmt-nspkg","","57686978","30617321","47477073","55891869","82050786","72397843","True","9.89e-05","0.00010557"
"azure-cli-core","","49876357","21111850","35944958","49486221","79946427","62892330","True","9.89e-05","9.128e-05"
"pyreadline","","4315163","4162944","5002396","4774900","3734402","3901175","True","9.89e-05","7.94e-06"
"humanfriendly","","222409078","52339120","127469078","176438363","315947946","439850884","True","9.89e-05","0.0004069"
"vsts","","1955120","4513480","2593327","1421205","621769","625821","True","9.89e-05","3.62e-06"
"azure-cli-nspkg","","9148679","15264602","16928232","8691997","2797073","2061489","True","9.89e-05","1.678e-05"
"azure-cli-telemetry","","40835106","19190449","31489851","38331259","63093921","52070050","True","9.89e-05","7.474e-05"
"applicationinsights","microsoft/applicationinsights-python","107281267","108636596","122759948","94411731","112801116","97796946","True","9.89e-05","0.0001963"
"azure-mgmt-resource","","145838532","98046074","123617158","112886404","196870941","197772083","True","9.89e-05","0.00026683"
"msrestazure","azure/msrestazure-for-python","174683189","135823418","170403481","168670029","190028150","208490867","True","9.89e-05","0.00031959"
"qtpy","spyder-ide/qtpy","60926524","107629863","45711862","46555823","58277082","46457988","True","9.883e-05","0.00011427"
"qtconsole","","60690440","108683161","45399317","48562429","58855309","41951983","True","9.883e-05","0.00011384"
"send2trash","arsenetar/send2trash","202689816","158314857","120549952","134100333","244825502","355658434","True","9.883e-05","0.0003736"
"pandocfilters","jgm/pandocfilters","208796231","166151394","114954297","111916858","237524063","413434541","True","9.883e-05","0.00038477"
"terminado","jupyter/terminado","185757127","159224508","108921923","106852660","216418314","337368228","True","9.883e-05","0.00034262"
"widgetsnbextension","","190496838","151044764","102476023","119462272","234950663","344550467","True","9.883e-05","0.00035129"
"argon2-cffi","","215773216","159280511","110295407","123602821","256866598","428820741","True","9.883e-05","0.00039753"
"jupyter-console","","84931043","111238375","50314481","53984760","80457203","128660397","True","9.883e-05","0.00015818"
"entrypoints","takluyver/entrypoints","210389726","199530088","193515888","178845236","212905388","267152030","True","9.883e-05","0.00038768"
"flake8-mypy","","549404","490937","531967","492119","583672","648324","False","9.877e-05","1.32e-06"
"restview","","118269","63754","70506","134448","125377","197261","False","9.874e-05","2.9e-07"
"croniter","","214513371","42156762","83880016","137336362","367542579","441651134","True","9.871e-05","0.00039247"
"tensorflow-estimator","tensorflow/estimator","156142957","114349346","149589238","169306051","184693399","162776753","True","9.87e-05","0.00028576"
"keras-preprocessing","keras-team/keras-preprocessing","70559037","79877500","104320330","73736775","55111037","39749541","True","9.87e-05","0.0001292"
"atari-py","openai/atari-py","886790","3426513","373397","193306","226527","214209","False","9.87e-05","1.75e-06"
"google-pasta","google/pasta","210076592","70597088","123766322","152893154","317097770","386028624","True","9.87e-05","0.00038442"
"gast","serge-sans-paille/gast","174117593","103355442","152938965","160682941","213756146","239854469","True","9.87e-05","0.00031864"
"ratelimiter","razerm/ratelimiter","6553615","2556106","6147706","8663785","7273847","8126633","True","9.863e-05","1.229e-05"
"yandexcloud","yandex-cloud/python-sdk","309199503","138638","287833","813260","23127129","1521630653","True","9.863e-05","0.00056592"
"pylint-protobuf","","580339","473221","435326","519318","636007","837823","False","9.863e-05","1.36e-06"
"quantile-estimator","","22648","0","0","2788","20284","90170","False","9.863e-05","3.4e-07"
"pytest-docker-compose","","418223","773948","724996","275326","176339","140508","False","9.863e-05","1.07e-06"
"docker-compose","","20287168","21845654","21621544","19598417","21439596","16930631","True","9.863e-05","3.741e-05"
"dockerpty","d11wtq/dockerpty","16963694","20185712","19200428","17800964","15016482","12614882","True","9.863e-05","3.133e-05"
"paginate","","20829724","196764","268194","3907727","23752608","76023329","True","9.839e-05","4.009e-05"
"pypandoc-binary","","26035812","0","2228","293816","1459965","128423050","True","9.839e-05","4.962e-05"
"pytest-pylint","carsongee/pytest-pylint","3376698","1944450","2157724","2693640","3669779","6417896","True","9.831e-05","6.51e-06"
"pytest-cache","","1387147","1321236","958476","1176400","1271223","2208398","True","9.831e-05","2.87e-06"
"microsoft-kiota-abstractions","microsoft/kiota-python","26807510","0","4235","805535","20356618","112871164","True","9.827e-05","4.948e-05"
"microsoft-kiota-authentication-azure","microsoft/kiota-python","30236453","0","1152","743723","17819576","132617813","True","9.827e-05","5.575e-05"
"msal-extensions","","466710206","125291904","261781218","346718323","628320525","971439061","True","9.827e-05","0.0008542"
"looseversion","effigies/looseversion","4339907","0","528163","4261458","7718407","9191508","True","9.827e-05","8.38e-06"
"hpack","python-hyper/hpack","134238552","39624331","47109094","66652032","118689716","399117589","True","9.827e-05","0.00024601"
"inquirer","magmax/python-inquirer","16191890","4167248","6508047","11702197","19860627","38721333","True","9.827e-05","2.968e-05"
"hyperframe","python-hyper/hyperframe","133027461","39536290","45969063","65062117","116576895","397992942","True","9.827e-05","0.00024379"
"msal","azuread/microsoft-authentication-library-for-python","623378946","135616334","287291241","454113120","853556976","1386317058","True","9.827e-05","0.00114079"
"frozenlist","aio-libs/frozenlist","1002532321","60801113","507238490","784987573","1340852842","2318781585","True","9.827e-05","0.00183438"
"bumpver","","867501","36728","141996","418134","1337411","2403235","False","9.827e-05","2.03e-06"
"aiosignal","aio-libs/aiosignal","952219184","53791495","470176634","707055981","1264575660","2265496151","True","9.827e-05","0.00174234"
"microsoft-kiota-http","microsoft/kiota-python","33751789","0","1788","778156","23680364","144298637","True","9.827e-05","6.218e-05"
"lexid","","805965","35444","136169","344807","1215585","2297818","False","9.827e-05","1.92e-06"
"httpcore","encode/httpcore","792186638","83136433","114999077","250906085","930382946","2581508651","True","9.827e-05","0.00144959"
"argon2-cffi-bindings","","177298628","9082559","101948472","106668555","244917116","423876437","True","9.809e-05","0.00032453"
"jupyterlab-widgets","","182421668","142470228","91989390","109186036","228905668","339557016","True","9.809e-05","0.0003339"
"fastjsonschema","horejsek/python-fastjsonschema","420266374","7400985","93682299","214443130","638280427","1147525029","True","9.809e-05","0.00076899"
"flask-compress","colour-science/flask-compress","16628841","10674088","21546145","15046421","14127511","21750040","True","9.793e-05","3.304e-05"
"ipaddr","google/ipaddr-py","4259885","3771588","4721430","5108795","3625173","4072438","True","9.793e-05","1.041e-05"
"soundfile","bastibe/python-soundfile","34306570","8908570","12513714","16134936","42137400","91838230","True","9.793e-05","6.537e-05"
"py7zr","miurahr/py7zr","17253380","2414007","6858997","13410792","21410367","42172738","True","9.793e-05","3.418e-05"
"ltp","","56572","22034","31295","46284","79283","103966","False","9.793e-05","2.72e-06"
"poyo","","8324684","12029992","13833454","7102143","5532347","3125484","True","9.793e-05","1.785e-05"
"accelerate","huggingface/accelerate","64798061","287448","9274948","56119102","94581724","163727085","True","9.793e-05","0.00012115"
"icecream","gruns/icecream","5891157","821962","2225673","3171276","8295741","14941132","True","9.793e-05","1.339e-05"
"fugashi","polm/fugashi","2149875","254597","716181","1439986","3199943","5138668","True","9.793e-05","6.55e-06"
"seqeval","chakki-works/seqeval","5073546","3925228","5471571","5570188","5122833","5277911","True","9.793e-05","1.19e-05"
"segments","","1894333","67014","308230","710948","3633369","4752103","True","9.793e-05","6.08e-06"
"pytorch-lightning","","54507562","6342936","30089803","48665468","69791600","117648002","True","9.793e-05","0.00010233"
"clldutils","clld/clldutils","1366816","87142","341052","946478","4073667","1385743","True","9.793e-05","5.12e-06"
"audioread","beetbox/audioread","21173758","6204958","12072257","17587701","23892143","46111729","True","9.793e-05","4.135e-05"
"codecarbon","","495517","22016","113455","537406","632039","1172669","False","9.793e-05","3.52e-06"
"ray","ray-project/ray","66690566","6092627","18011111","29266361","54247580","225835153","True","9.793e-05","0.00012461"
"dash-bootstrap-components","dbc-team/dash-bootstrap-components","9150080","2100487","4588769","7129161","12923748","19008237","True","9.793e-05","1.936e-05"
"dlinfo","","1756996","14207","217854","619817","3300577","4632524","True","9.793e-05","5.83e-06"
"tensorboardx","lanpa/tensorboardx","25212557","10145477","18436161","22420245","32327613","42733290","True","9.793e-05","4.874e-05"
"phonemizer","","1536052","55335","304570","714637","3408679","3197040","True","9.793e-05","5.43e-06"
"tf2onnx","onnx/tensorflow-onnx","3526445","790192","3127633","4074654","4355255","5284490","True","9.793e-05","9.07e-06"
"gym-notices","","103672366","0","3344252","4164467","62732716","448120393","True","9.793e-05","0.00019227"
"pyctcdecode","","450592","10092","222105","394083","856006","770672","False","9.793e-05","3.44e-06"
"rouge-score","google-research/google-research","7574691","767625","3115253","5043448","12147872","16799258","True","9.793e-05","1.647e-05"
"timeout-decorator","pnpnpn/timeout-decorator","19563140","10635354","20670726","22265113","19761078","24483427","True","9.793e-05","3.84e-05"
"streamlit","streamlit/streamlit","55119360","4937227","11048901","24215763","66347177","169047731","True","9.793e-05","0.00010345"
"retrying","groodt/retrying","143581294","88652434","94907791","106015664","167702400","260628179","True","9.793e-05","0.00026527"
"pynvml","gpuopenanalytics/pynvml","13683584","994961","8039610","8585522","19374597","31423232","True","9.793e-05","2.765e-05"
"pytoml","avakar/pytoml","3992144","5304545","4822473","4743224","2254736","2835741","True","9.793e-05","9.92e-06"
"taming-transformers","","385730","213143","185410","63170","512484","954444","False","9.793e-05","3.32e-06"
"autopage","","13290642","4091320","20659039","14731613","13579142","13392094","True","9.793e-05","2.693e-05"
"jinja2-time","hackebrot/jinja2-time","15721097","12405359","22433229","21477040","13045498","9244360","True","9.793e-05","3.138e-05"
"git-python","pynickle/git-python","2373528","964634","539006","1127087","2657699","6579214","True","9.793e-05","6.96e-06"
"gradio","","50650132","365634","4705870","38467794","78996010","130715352","True","9.793e-05","9.527e-05"
"cmaes","cyberagentailab/cmaes","13811115","7237039","21429471","19660551","11919266","8809250","True","9.793e-05","2.788e-05"
"csvw","cldf/csvw","2056203","96457","357021","852692","4043341","4931503","True","9.793e-05","6.38e-06"
"xxhash","ifduyue/python-xxhash","122419876","9001022","19651734","68783093","169416817","345246716","True","9.793e-05","0.00022656"
"pygtrie","mina86/pygtrie","13365275","2662955","5949081","10326740","12720000","35167601","True","9.793e-05","2.707e-05"
"pudb","","5535977","5772652","2731344","2652766","4012274","12510850","True","9.793e-05","1.274e-05"
"sigopt","","262225","275721","286945","397581","231400","119479","False","9.793e-05","3.1e-06"
"lang-trans","","36084","6331","80693","42705","28867","21823","False","9.793e-05","2.68e-06"
"ipadic","","1209169","252828","718038","1699328","1648322","1727331","True","9.793e-05","4.83e-06"
"mujoco-py","","468408","245104","420427","584088","441598","650825","False","9.793e-05","3.47e-06"
"progress","verigak/progress","8260855","3378551","6091834","6804813","8845208","16183870","True","9.793e-05","1.773e-05"
"wget","","22146275","16840798","27850385","15799049","23835712","26405432","True","9.793e-05","4.313e-05"
"lpips","richzhang/perceptualsimilarity","6786078","201875","4419640","14794060","6587127","7927688","True","9.793e-05","1.503e-05"
"unidic","polm/unidic-py","1766093","528722","672763","1582545","2197968","3848468","True","9.793e-05","5.85e-06"
"cmd2","","18064222","13482938","27523615","16523405","16295663","16495489","True","9.793e-05","3.566e-05"
"binaryornot","","38797615","12981179","22140594","28130697","47869837","82865770","True","9.793e-05","7.359e-05"
"jsonlines","wbolster/jsonlines","35860765","10576326","14954086","21151940","49049924","83571547","True","9.793e-05","6.822e-05"
"optuna","optuna/optuna","31020278","7344586","22942237","21339244","34758887","68716438","True","9.793e-05","5.936e-05"
"wandb","wandb/wandb","97914044","5467163","20055983","54189262","177531042","232326768","True","9.793e-05","0.00018173"
"faiss-cpu","","41080453","13992067","14860459","16222416","55044418","105282906","True","9.793e-05","7.777e-05"
"py-rouge","","398320","301871","705669","345237","269245","369580","False","9.793e-05","3.35e-06"
"torchaudio","","42656800","3049833","6658408","15106633","60304109","128165018","True","9.793e-05","8.065e-05"
"jiwer","","5968305","272968","1022439","3724767","9621025","15200324","True","9.793e-05","1.353e-05"
"datasketch","ekzhu/datasketch","19892701","3592551","7728921","13560034","31370792","43211205","True","9.793e-05","3.901e-05"
"unidic-lite","polm/unidic-lite","1739240","392195","967360","1633466","2077829","3625348","True","9.793e-05","5.8e-06"
"sqlalchemy-migrate","","2938795","2874488","2650026","2736666","4109705","2323088","True","9.718e-05","5.38e-06"
"robotframework-datadriver","","1388759","181841","436526","939308","2061024","3325098","True","9.718e-05","2.54e-06"
"azure-cognitiveservices-vision-computervision","","1223183","235441","396368","824101","2130506","2529501","True","9.718e-05","2.24e-06"
"google-analytics-admin","","93390787","6118","56585","162029","35345470","431383733","True","9.718e-05","0.00017084"
"google-api-python-client-stubs","","3102861","123604","544078","1372799","2577826","10895996","True","9.718e-05","5.68e-06"
"google-apitools","google/apitools","30370627","14256403","24977650","23804535","28994364","59820185","True","9.718e-05","5.556e-05"
"property-manager","","7088292","2108118","4541910","7393957","13225684","8171789","True","9.718e-05","1.297e-05"
"flask-principal","","2035006","1551069","1744965","2132680","2274685","2471633","True","9.718e-05","3.72e-06"
"types-frozendict","python/typeshed","1090460","775087","1433183","1151906","1261212","830913","True","9.718e-05","1.99e-06"
"scs","","13070992","3524928","10105788","6990983","18779894","25953365","True","9.718e-05","2.391e-05"
"mypy-boto3-chime-sdk-media-pipelines","","1685352","0","6535","229805","2195417","5995004","True","9.718e-05","3.08e-06"
"mypy-boto3-auditmanager","","1743097","30998","52140","251185","2235794","6145367","True","9.718e-05","3.19e-06"
"aws-cdk-aws-autoscaling-common","","3360240","2776569","4381547","4063735","3205872","2373475","True","9.718e-05","6.15e-06"
"ghostscript","","1536700","195151","544567","1571849","2644990","2726942","True","9.718e-05","2.81e-06"
"azure-ai-inference","","3778576","0","0","0","541800","18351079","True","9.718e-05","6.91e-06"
"azure-mgmt-redhatopenshift","","30098183","3719648","12030522","27817707","58819472","48103566","True","9.718e-05","5.506e-05"
"opentelemetry-propagator-ot-trace","","1405833","9415","15054","224646","2458981","4321070","True","9.718e-05","2.57e-06"
"ccxt","","12362396","4538522","20311258","8353336","7892692","20716174","True","9.718e-05","2.261e-05"
"opentelemetry-instrumentation-google-generativeai","","2696465","0","0","0","153897","13328426","True","9.718e-05","4.93e-06"
"bpython","","1609406","850123","954411","1327857","1894392","3020248","True","9.718e-05","2.94e-06"
"missingno","residentmario/missingno","5437158","5588426","10629458","5103035","3304423","2560449","True","9.718e-05","9.95e-06"
"flask-pydantic","","1459681","156757","570189","1309570","2028304","3233583","True","9.718e-05","2.67e-06"
"geonamescache","","1346555","276150","767732","963544","1209139","3516211","True","9.718e-05","2.46e-06"
"buildkite-test-collector","buildkite/test-collector-python","4618107","0","782158","3509355","8146367","10652653","True","9.718e-05","8.45e-06"
"cloudformation-cli-java-plugin","","19146077","4632177","6654451","12018396","16685221","55740142","True","9.718e-05","3.502e-05"
"pyobjc-framework-videotoolbox","ronaldoussoren/pyobjc","1973753","459689","997283","2523531","3016862","2871401","True","9.718e-05","3.61e-06"
"flytekit","flyteorg/flytekit","2456256","204106","386787","1583211","4466577","5640600","True","9.718e-05","4.49e-06"
"mux-python","","1434943","70706","252801","617036","693686","5540484","True","9.718e-05","2.62e-06"
"ibis-framework","ibis-project/ibis","3990273","4675207","3717021","1191123","2986139","7381875","True","9.718e-05","7.3e-06"
"google-cloud-discoveryengine","","6246186","0","260","98321","10170023","20962326","True","9.718e-05","1.143e-05"
"deepmerge","","23151857","12291495","11483244","12281494","27205490","52497562","True","9.718e-05","4.235e-05"
"nose-timer","mahmoudimus/nose-timer","1830503","1858351","1560493","2804061","2036455","893155","True","9.718e-05","3.35e-06"
"httpx-aiohttp","","1874118","0","0","0","0","9370590","True","9.718e-05","3.43e-06"
"sanic-testing","","1055711","103435","726559","1251582","1759511","1437467","True","9.718e-05","1.93e-06"
"west","zephyrproject-rtos/west","6052494","1765607","4620325","3763319","6385486","13727731","True","9.718e-05","1.107e-05"
"opentelemetry-distro","","27045053","89028","1251597","8571263","24769368","100544011","True","9.718e-05","4.947e-05"
"compressed-tensors","","6691404","0","0","0","1105360","32351659","True","9.718e-05","1.224e-05"
"aws-cdk-aws-cloudwatch","","4105852","3236428","5190521","5422741","3632515","3047054","True","9.718e-05","7.51e-06"
"scan-build","rizsotto/scan-build","1322205","1013166","3027560","913911","523369","1133021","True","9.718e-05","2.42e-06"
"docker-py","docker/docker-py","3532747","2930239","2726831","2202778","4051792","5752096","True","9.718e-05","6.46e-06"
"profilehooks","","1094362","2053449","1323112","972390","519111","603750","True","9.718e-05","2e-06"
"anywidget","","1685133","0","471","49663","1791831","6583698","True","9.718e-05","3.08e-06"
"firecrawl-py","","2550754","0","0","0","686891","12066881","True","9.718e-05","4.67e-06"
"kubernetes-asyncio","","43705070","1140597","3220452","8689922","59282899","146191480","True","9.718e-05","7.995e-05"
"dash","plotly/dash","28497779","7402083","11623729","21294490","38491924","63676671","True","9.718e-05","5.213e-05"
"xattr","xattr/xattr","6869380","601222","1365982","3888384","10569338","17921975","True","9.718e-05","1.257e-05"
"sparkpost","","1025783","629956","659294","961408","1204033","1674224","True","9.718e-05","1.88e-06"
"setupmeta","codrsquad/setupmeta","1950497","588119","2091759","3488388","935045","2649175","True","9.718e-05","3.57e-06"
"eyes-selenium","","3770214","188774","1340313","1801808","7318522","8201652","True","9.718e-05","6.9e-06"
"ansible-lint","ansible/ansible-lint","20728804","5437440","8310399","13512618","19574582","56808980","True","9.718e-05","3.792e-05"
"langchain-cohere","","2633489","0","0","0","2799493","10367952","True","9.718e-05","4.82e-06"
"javalang","c2nes/javalang","1750034","1371440","470730","1261135","2332844","3314022","True","9.718e-05","3.2e-06"
"pysbd","","4667292","372532","618087","1596114","8458895","12290832","True","9.718e-05","8.54e-06"
"zope-traversing","","1663189","519424","374615","493074","5660433","1268400","True","9.718e-05","3.04e-06"
"mypy-boto3-ivschat","","1684571","0","7056","228668","2208440","5978689","True","9.718e-05","3.08e-06"
"pyobjc-framework-fileproviderui","ronaldoussoren/pyobjc","1058591","335416","541335","711065","929268","2775871","True","9.718e-05","1.94e-06"
"nvitop","","1034039","11588","46942","265380","1065773","3780511","True","9.718e-05","1.89e-06"
"macholib","ronaldoussoren/macholib","10253716","1793636","2376860","3093076","6501502","37503506","True","9.718e-05","1.876e-05"
"uncertainties","lmfit/uncertainties","7414004","1658348","2299890","2901133","15374204","14836443","True","9.718e-05","1.356e-05"
"django-libsass","","1530943","611915","693323","852880","965962","4530633","True","9.718e-05","2.8e-06"
"mmtf-python","","1655048","97624","160427","194839","766566","7055784","True","9.718e-05","3.03e-06"
"pycnite","","1471421","0","0","303055","2982936","4071116","True","9.718e-05","2.69e-06"
"mypy-boto3-workdocs","","1743975","47470","70401","260325","2266729","6074950","True","9.718e-05","3.19e-06"
"mlflow-skinny","mlflow/mlflow","73599490","1248223","11368256","23217419","97318051","234845500","True","9.718e-05","0.00013464"
"google-cloud-asset","","2403030","497700","381045","689128","3741046","6706233","True","9.718e-05","4.4e-06"
"bio","","2183282","83539","228929","332266","3042073","7229602","True","9.718e-05","3.99e-06"
"pytorch","","1700946","482753","616458","1997072","2875849","2532596","True","9.718e-05","3.11e-06"
"pyrepl","bretello/pyrepl","4389374","2654908","3217493","3521367","5132879","7420225","True","9.718e-05","8.03e-06"
"mypy-boto3-osis","","1675131","0","0","205349","2190554","5979752","True","9.718e-05","3.06e-06"
"terraform-compliance","","1251356","294116","333549","645407","2320313","2663396","True","9.718e-05","2.29e-06"
"python-barcode","whynothugo/python-barcode","4416514","1478140","1944530","3285000","6160048","9214854","True","9.718e-05","8.08e-06"
"pyannote-metrics","","3317055","131656","305969","1112260","4744524","10290865","True","9.718e-05","6.07e-06"
"prometheus-async","","1343391","454128","686086","840919","1794863","2940960","True","9.718e-05","2.46e-06"
"wiki-fetch","d3z-the-dev/wiki-fetch","1638496","0","45121","2260947","3469844","2416567","True","9.718e-05","3e-06"
"pytest-structlog","","1203802","108829","497866","803101","1610693","2998519","True","9.718e-05","2.2e-06"
"microsoft-security-utilities-secret-masker","","9952108","0","0","0","2973648","46786891","True","9.718e-05","1.821e-05"
"donfig","","1752105","19743","31147","97253","586096","8026285","True","9.718e-05","3.21e-06"
"lakefs-client","","1087363","11842","90738","194847","556092","4583296","True","9.718e-05","1.99e-06"
"bibtexparser","sciunto-org/python-bibtexparser","1985695","241410","308709","653071","4713820","4011464","True","9.718e-05","3.63e-06"
"mypy-boto3-braket","","1740240","37074","57040","249658","2257038","6100388","True","9.718e-05","3.18e-06"
"jax-cuda12-plugin","jax-ml/jax","1315409","0","0","613","983914","5592518","True","9.718e-05","2.41e-06"
"types-aiobotocore-cloudformation","","2856303","0","74169","3395731","3643107","7168509","True","9.718e-05","5.23e-06"
"langid","","5092519","5989067","4514665","3928767","4655930","6374164","True","9.718e-05","9.32e-06"
"pytest-describe","","1420869","744350","1343969","694454","1394612","2926958","True","9.718e-05","2.6e-06"
"pybigquery","googleapis/python-bigquery-sqlalchemy","2357467","2986625","4011699","2082973","1492593","1213445","True","9.718e-05","4.31e-06"
"flake8-alfred","","1506787","519991","5697850","317218","401030","597845","True","9.718e-05","2.76e-06"
"slackweb","satoshi03/slack-python-webhook","1421831","1622044","1358557","843885","1018677","2265994","True","9.718e-05","2.6e-06"
"apache-airflow-providers-standard","","3024762","0","0","0","174546","14949265","True","9.718e-05","5.53e-06"
"python-swiftclient","","16502930","16194077","31869013","24363955","4428835","5658771","True","9.718e-05","3.019e-05"
"sphinx-airflow-theme","apache/airflow-site","2859453","123978","174049","232142","4325787","9441307","True","9.718e-05","5.23e-06"
"pact-python","pact-foundation/pact-python","2498610","685897","1200097","2398216","4293296","3915543","True","9.718e-05","4.57e-06"
"pandas-gbq","googleapis/python-bigquery-pandas","172813669","114574420","98705319","90934681","207755938","352097986","True","9.718e-05","0.00031613"
"mypy-boto3-redshift","","1989651","79457","123186","400871","2559495","6785244","True","9.718e-05","3.64e-06"
"mypy-boto3-qldb-session","","1589385","46026","74309","253854","2263182","5309552","True","9.718e-05","2.91e-06"
"acachecontrol","mastersergius/acachecontrol","1611324","84295","1417269","1442849","2184738","2927470","True","9.718e-05","2.95e-06"
"opentelemetry-instrumentation-asgi","","66636620","763326","5493354","16593115","70583696","239749608","True","9.718e-05","0.0001219"
"easydict","makinacorpus/easydict","7763359","2130672","2745443","4452709","11754942","17733027","True","9.718e-05","1.42e-05"
"betacal","","1084147","459085","1026770","920841","1117899","1896138","True","9.718e-05","1.98e-06"
"toml-sort","","1635358","99298","330326","936537","2685853","4124777","True","9.718e-05","2.99e-06"
"tgcrypto","pyrogram/tgcrypto","7301213","8318460","16832638","3100244","4298808","3955913","True","9.718e-05","1.336e-05"
"imgkit","jarrekk/imgkit","2443727","1007813","1367403","1206404","4441272","4195744","True","9.718e-05","4.47e-06"
"tbats","intive-datascience/tbats","4657566","600954","2033321","4563680","7359611","8730266","True","9.718e-05","8.52e-06"
"pydes","","1123182","993631","1015923","732136","1237382","1636836","True","9.718e-05","2.05e-06"
"pyobjc-framework-corespotlight","ronaldoussoren/pyobjc","1961682","408334","976993","2519834","3021911","2881340","True","9.718e-05","3.59e-06"
"aws-cdk-aws-kinesis","","2670309","2044131","3557822","2901753","2863493","1984345","True","9.718e-05","4.88e-06"
"maxminddb-geolite2","rr2do2/maxminddb-geolite2","1232396","2273659","1175007","754543","872591","1086178","True","9.718e-05","2.25e-06"
"tensorflow-decision-forests","","1669510","46990","228930","863556","2483493","4724583","True","9.718e-05","3.05e-06"
"tqdm-loggable","","1103873","0","1925","146956","1382791","3987694","True","9.718e-05","2.02e-06"
"envier","datadog/envier","63342472","0","3718023","35332046","98155174","179507116","True","9.718e-05","0.00011587"
"virtualenvwrapper","","3435099","5486940","3767749","2401316","2459105","3060384","True","9.718e-05","6.28e-06"
"annotated-doc","","55578406","0","0","236","954","277890841","True","9.718e-05","0.00010167"
"smartlingapisdk","","1477900","150861","685481","3437760","1796744","1318655","True","9.718e-05","2.7e-06"
"jsonref","gazpachoking/jsonref","40964385","5328352","9102395","17976371","45486075","126928733","True","9.718e-05","7.494e-05"
"prefect-gcp","prefecthq/prefect","3953176","0","6536","816037","7751676","11191631","True","9.718e-05","7.23e-06"
"dhooks","","1325363","1663687","3463031","1299037","97722","103340","True","9.718e-05","2.42e-06"
"certbot","","8239802","2439044","3041888","8706384","15774012","11237682","True","9.718e-05","1.507e-05"
"pgeocode","","4558330","1727265","3430550","4134310","4826942","8672585","True","9.718e-05","8.34e-06"
"strenum","irgeek/strenum","35294074","156274","1018860","10121984","66923097","98250153","True","9.718e-05","6.456e-05"
"aws-cdk-aws-lambda-event-sources","","1285843","1386237","1651804","1638041","1247560","505573","True","9.718e-05","2.35e-06"
"signxml","","6490169","567687","1574853","3332415","9938656","17037232","True","9.718e-05","1.187e-05"
"weasel","explosion/weasel","30194795","54","120","6740448","48474722","95758633","True","9.718e-05","5.524e-05"
"htmlmin2","mankyd/htmlmin","2021860","0","0","689205","2029687","7390407","True","9.718e-05","3.7e-06"
"databricks-agents","","3394198","0","0","0","282106","16688885","True","9.718e-05","6.21e-06"
"livekit","","2017806","0","0","11869","865058","9212105","True","9.718e-05","3.69e-06"
"token-bucket","","1445335","69435","276707","261014","1395142","5224377","True","9.718e-05","2.64e-06"
"swifter","jmcarpenter2/swifter","10759483","1162691","2949796","4789311","9135902","35759714","True","9.718e-05","1.968e-05"
"verspec","jimporter/verspec","2809683","156327","598956","1418611","4110876","7763647","True","9.718e-05","5.14e-06"
"django-braces","","2907744","2365932","2139419","2405775","4283485","3344108","True","9.718e-05","5.32e-06"
"azure-mgmt-storage","","117158053","76674840","91514540","83832410","162916004","170852472","True","9.718e-05","0.00021432"
"jsonargparse","","7510496","480425","1164383","4579949","8482640","22845083","True","9.718e-05","1.374e-05"
"google-cloud-automl","","84505814","2410946","8732444","23286742","107338472","280760465","True","9.718e-05","0.00015459"
"pyusb","pyusb/pyusb","15875093","6567343","8573968","12859337","23810214","27564605","True","9.718e-05","2.904e-05"
"nvidia-nvshmem-cu12","","9110788","0","0","0","952","45552988","True","9.718e-05","1.667e-05"
"python-levenshtein-wheels","","1890314","646088","1840271","2971347","2323511","1670354","True","9.718e-05","3.46e-06"
"mypy-boto3-iottwinmaker","","1683505","579","16290","230894","2187952","5981810","True","9.718e-05","3.08e-06"
"opentelemetry-instrumentation-openai","","4218368","0","0","13746","2324296","18753800","True","9.718e-05","7.72e-06"
"pid","","1231336","568736","857721","836115","1863853","2030253","True","9.718e-05","2.25e-06"
"paypal-checkout-serversdk","","1343613","292170","376859","488770","419516","5140752","True","9.718e-05","2.46e-06"
"ff3","","1272345","3505","42798","795749","1508860","4010813","True","9.718e-05","2.33e-06"
"j2cli","kolypto/j2cli","12577656","5244178","8422331","11857558","16397165","20967050","True","9.718e-05","2.301e-05"
"pyflux","","1223056","458526","909455","623793","1601856","2521652","True","9.718e-05","2.24e-06"
"wsgiproxy2","gawel/wsgiproxy2","1667121","593504","479013","535766","5613253","1114068","True","9.718e-05","3.05e-06"
"sounddevice","spatialaudio/python-sounddevice","12188976","825700","1333942","9552360","16540878","32691998","True","9.718e-05","2.23e-05"
"aioice","","2822162","458481","565260","369743","1489248","11228080","True","9.718e-05","5.16e-06"
"ebooklib","","1255334","757883","900330","932823","1109223","2576409","True","9.718e-05","2.3e-06"
"langgraph-checkpoint-postgres","langchain-ai/langgraph","2173650","0","0","0","489404","10378847","True","9.718e-05","3.98e-06"
"zope-filerepresentation","","1607241","502720","364164","453117","5605273","1110929","True","9.718e-05","2.94e-06"
"flask-restplus","noirbizarre/flask-restplus","3348715","6006404","4361814","2633719","2167736","1573901","True","9.718e-05","6.13e-06"
"lupa","","11514349","1083738","2026018","4845163","8323975","41292853","True","9.718e-05","2.106e-05"
"gpy","sheffieldml/gpy","1167881","1118537","1085513","979845","1053146","1602362","True","9.718e-05","2.14e-06"
"telnetlib3","","1774639","134630","69246","266433","906429","7496455","True","9.718e-05","3.25e-06"
"test-results-parser","","1176013","0","0","0","754636","5125428","True","9.718e-05","2.15e-06"
"apache-airflow-providers-dbt-cloud","","6363518","0","708854","4841153","12368513","13899071","True","9.718e-05","1.164e-05"
"pybreaker","","3986552","748839","1585957","1816527","2575143","13206293","True","9.718e-05","7.29e-06"
"aws-cdk-aws-lambda","","4120177","3097662","5897507","5121336","3539611","2944769","True","9.718e-05","7.54e-06"
"dtaidistance","","1078444","623638","483646","972743","1353233","1958958","True","9.718e-05","1.97e-06"
"google-cloud-error-reporting","googleapis/python-error-reporting","7704381","8404174","8811243","4382885","7656097","9267505","True","9.718e-05","1.409e-05"
"mypy-boto3-drs","youtype/mypy_boto3_builder","1685824","700","16215","233380","2190455","5988371","True","9.718e-05","3.08e-06"
"fastdownload","fastai/fastdownload","2337653","1194357","1577045","2126575","2854995","3935295","True","9.718e-05","4.28e-06"
"akinator-py","","1991519","325347","935851","7944031","710011","42354","True","9.718e-05","3.64e-06"
"hbutils","","1805951","1883","60338","173718","1371389","7422429","True","9.718e-05","3.3e-06"
"pytest-explicit","","1059541","396","5698","29667","486428","4775516","True","9.718e-05","1.94e-06"
"aws-cdk-aws-s3-assets","","3801827","3054129","4817181","4817936","3458757","2861132","True","9.718e-05","6.95e-06"
"statsig","statsig-io/python-sdk","7996997","8507","239564","1835731","9867345","28033840","True","9.718e-05","1.463e-05"
"torch-fidelity","toshas/torch-fidelity","1991338","37400","1245699","1418431","2592137","4663021","True","9.718e-05","3.64e-06"
"hive-metastore-client","","1039611","240823","580867","1102311","1385285","1888767","True","9.718e-05","1.9e-06"
"opentelemetry-instrumentation-replicate","","1931406","0","0","197","318987","9337848","True","9.718e-05","3.53e-06"
"case-conversion","alejandrofrias/case-conversion","2919596","212239","782173","1796624","5049079","6757866","True","9.718e-05","5.34e-06"
"prisma","robertcraigie/prisma-client-py","2107735","1293","43057","419862","4804557","5269905","True","9.718e-05","3.86e-06"
"manhole","","1624398","345283","212412","211568","477825","6874900","True","9.718e-05","2.97e-06"
"starlark-pyo3","","1348326","0","690","596112","2555520","3589307","True","9.718e-05","2.47e-06"
"azure-mgmt-core","","162246738","62317078","98297256","128318307","217349122","304951929","True","9.718e-05","0.0002968"
"optype","","1668200","0","0","0","101024","8239978","True","9.718e-05","3.05e-06"
"flake8-literal","","1026070","7005","467534","853606","1896456","1905748","True","9.718e-05","1.88e-06"
"azure-monitor-ingestion","","4013671","0","1432","613629","4582449","14870844","True","9.718e-05","7.34e-06"
"mypy-boto3-docdb-elastic","","1678229","0","434","222918","2188376","5979416","True","9.718e-05","3.07e-06"
"chalice","aws/chalice","3131307","1769104","2362305","2961214","4120503","4443408","True","9.718e-05","5.73e-06"
"blobfile","blobfile/blobfile","23360860","3163183","3501291","5517599","33293971","71328256","True","9.718e-05","4.273e-05"
"fuzzytm","erijck/fuzzytm","1394129","115","305807","3388876","2564459","711386","True","9.718e-05","2.55e-06"
"pydriller","ishepard/pydriller","2552714","694896","678921","5456094","3656632","2277028","True","9.718e-05","4.67e-06"
"apache-airflow-providers-sendgrid","","2225699","176708","874048","1815389","3274227","4988121","True","9.718e-05","4.07e-06"
"torchlibrosa","qiuqiangkong/torchlibrosa","2096545","49711","1065109","1326310","2594714","5446883","True","9.718e-05","3.84e-06"
"sqllineage","reata/sqllineage","4623959","57945","1455644","2579540","8296499","10730165","True","9.718e-05","8.46e-06"
"js2py","piotrdabkowski/js2py","10169923","2427732","6920438","3926869","16001602","21572975","True","9.718e-05","1.86e-05"
"azure-mgmt-consumption","","33478817","15277229","28099818","41230939","61421212","21364887","True","9.718e-05","6.124e-05"
"aiojobs","aio-libs/aiojobs","2117618","824928","2576765","3318906","1703797","2163696","True","9.718e-05","3.87e-06"
"github-heatmap","malinkang/githubposter","7014920","0","0","5125","13417244","21652230","True","9.718e-05","1.283e-05"
"poppler-utils","","1019597","276665","400507","561144","1072987","2786683","True","9.718e-05","1.87e-06"
"google-cloud-secret-manager","","273951531","31637842","136523224","161845420","317083409","722667762","True","9.718e-05","0.00050114"
"mongo-tooling-metrics","","2129307","0","279","1715988","4950807","3979461","True","9.718e-05","3.9e-06"
"django-pgactivity","","1692268","0","4126","180941","1775886","6500386","True","9.718e-05","3.1e-06"
"google-cloud-access-context-manager","googleapis/python-access-context-manager","2378016","371873","232609","819760","3921518","6544322","True","9.718e-05","4.35e-06"
"safety-schemas","","6209290","0","0","0","8776163","22270288","True","9.718e-05","1.136e-05"
"connectorx","sfu-db/connector-x","4748407","32177","474623","1103809","4787766","17343660","True","9.718e-05","8.69e-06"
"scantree","","2854815","213418","362420","452748","999235","12246255","True","9.718e-05","5.22e-06"
"e2b-code-interpreter","","1200152","0","0","0","577873","5422888","True","9.718e-05","2.2e-06"
"rlpycairo","","2671932","1170","1509","1833298","1179653","10344028","True","9.718e-05","4.89e-06"
"azure-ai-textanalytics","","1837771","509296","913821","1808883","1886759","4070095","True","9.718e-05","3.36e-06"
"tabledata","thombashi/tabledata","8362485","603011","1831445","5142000","11245550","22990420","True","9.718e-05","1.53e-05"
"azure-synapse-spark","","38996585","3402245","12170408","27298119","64306166","87805987","True","9.718e-05","7.134e-05"
"uritools","","29176225","16888017","30253597","12088077","26918528","59732906","True","9.718e-05","5.337e-05"
"snscrape","","1049043","49970","173617","3506272","419098","1096260","True","9.718e-05","1.92e-06"
"opentelemetry-instrumentation-kafka-python","","3947283","0","1994867","1685325","4955088","11101136","True","9.718e-05","7.22e-06"
"opentelemetry-instrumentation-celery","","8115407","2359448","5724076","2872552","7167350","22453607","True","9.718e-05","1.485e-05"
"httpx-oauth","","1316668","48248","144025","368147","1564259","4458659","True","9.718e-05","2.41e-06"
"connexion","spec-first/connexion","84858429","9507367","48981944","55804554","173625682","136372599","True","9.718e-05","0.00015523"
"wmd","src-d/wmd-relax","1088248","1265684","4148369","13823","6757","6609","True","9.718e-05","1.99e-06"
"chroma-hnswlib","chroma-core/hnswlib","19592343","0","0","4129903","37231010","56600800","True","9.718e-05","3.584e-05"
"mypy-boto3-securitylake","","1705262","0","466","223145","2183056","6119641","True","9.718e-05","3.12e-06"
"mcp-server-fetch","","4871165","0","0","0","14668","24341159","True","9.718e-05","8.91e-06"
"django-hijack","","3088968","1105190","1191241","1686220","2953093","8509096","True","9.718e-05","5.65e-06"
"sqlglotrs","tobymao/sqlglot","9854512","0","0","4650","11147402","38120508","True","9.718e-05","1.803e-05"
"tensorflow-transform","","39057960","114569524","49702791","20286177","7957748","2773558","True","9.718e-05","7.145e-05"
"google-resumable-media","googleapis/google-resumable-media-python","659974576","279961610","463312974","504436529","814896492","1237265273","True","9.718e-05","0.00120729"
"jupyterlab-git","jupyterlab/jupyterlab-git","1506290","1049008","1426656","1368725","1633504","2053555","True","9.718e-05","2.76e-06"
"dask-glm","dask/dask-glm","1182591","549511","648383","1736269","1951928","1026864","True","9.718e-05","2.16e-06"
"aws-cdk-aws-elasticloadbalancing","","2677174","2394146","3415095","2863149","2572108","2141372","True","9.718e-05","4.9e-06"
"plpygis","","1285225","17155","56681","152123","412333","5787835","True","9.718e-05","2.35e-06"
"pdf2image","belval/pdf2image","23453169","4401296","5550532","10003858","24601280","72708878","True","9.718e-05","4.29e-05"
"google-api","","1725854","87664","273750","788596","3400189","4079070","True","9.718e-05","3.16e-06"
"mypy-boto3-transfer","","2199851","50281","95907","348110","2531873","7973083","True","9.718e-05","4.02e-06"
"pysnmpcrypto","","1291915","6305","3942","165521","1497470","4786339","True","9.718e-05","2.36e-06"
"keep-alive","","9721898","588525","36396001","11522941","91293","10729","True","9.718e-05","1.778e-05"
"mypy-boto3-inspector","","1750321","50292","87830","271980","2292505","6049000","True","9.718e-05","3.2e-06"
"pep562","facelessuser/pep562","3907014","4252240","8423951","3605614","2249184","1004082","True","9.718e-05","7.15e-06"
"pyobjc-framework-safariservices","","1978623","460881","991890","2528002","3039278","2873064","True","9.718e-05","3.62e-06"
"mypy-boto3-marketplace-agreement","","1655338","0","0","70111","2172754","6033823","True","9.718e-05","3.03e-06"
"google-cloud-datacatalog","","78320504","1650925","10544108","32040518","119411894","227955076","True","9.718e-05","0.00014327"
"pytest-sftpserver","","1562547","460898","687015","635420","1885142","4144258","True","9.718e-05","2.86e-06"
"undetected-chromedriver","ultrafunkamsterdam/undetected-chromedriver","9303200","1672442","7344061","4382124","12731712","20385659","True","9.718e-05","1.702e-05"
"pyvista","pyvista/pyvista","2898377","321048","816591","1527152","3529396","8297699","True","9.718e-05","5.3e-06"
"apache-airflow-providers-mongo","","6782036","1002489","2153362","3935127","9616111","17203089","True","9.718e-05","1.241e-05"
"jupyter-server-terminals","jupyter-server/jupyter_server_terminals","120491457","0","4055027","88140612","201587822","308673825","True","9.718e-05","0.00022042"
"notifiers","liiight/notifiers","7377049","3447734","4197498","5711833","15161686","8366495","True","9.718e-05","1.349e-05"
"wasmtime","","1470733","276326","74291","352676","2900797","3749574","True","9.718e-05","2.69e-06"
"onecache","","1230834","30976","76763","137294","458795","5450341","True","9.718e-05","2.25e-06"
"mypy-boto3-timestream-write","","1838529","45359","72686","301823","2363113","6409664","True","9.718e-05","3.36e-06"
"python-schema-registry-client","","2603714","901362","1252700","3403439","3724503","3736565","True","9.718e-05","4.76e-06"
"gspread-pandas","aiguofer/gspread-pandas","2482948","2422661","2373520","2163708","2616699","2838150","True","9.718e-05","4.54e-06"
"mypy-boto3-amplifyuibuilder","","1690372","586","16286","231644","2193247","6010097","True","9.718e-05","3.09e-06"
"hstspreload","sethmlarson/hstspreload","11789088","16528611","19115990","9011384","8440786","5848669","True","9.718e-05","2.157e-05"
"imbalanced-learn","scikit-learn-contrib/imbalanced-learn","89035859","21654791","36134481","51220780","153791642","182377600","True","9.718e-05","0.00016287"
"concurrent-log-handler","preston-landers/concurrent-log-handler","18977973","6802823","14601937","15497540","28365356","29622210","True","9.718e-05","3.472e-05"
"tritonclient","","19752679","152649","2670798","7324106","17783620","70832222","True","9.718e-05","3.613e-05"
"daytona-sdk","","1308636","0","0","0","287","6542891","True","9.718e-05","2.39e-06"
"pyhacrf-datamade","","1276300","1102773","2583886","978519","976403","739920","True","9.718e-05","2.33e-06"
"oci","","16378583","3085110","7426914","6847112","12999435","51534346","True","9.718e-05","2.996e-05"
"unearth","frostming/unearth","16485613","0","374096","4223533","18537561","59292875","True","9.718e-05","3.016e-05"
"www-authenticate","","1818118","556318","1104612","1351123","1680181","4398354","True","9.718e-05","3.33e-06"
"cmsis-pack-manager","","2275989","484329","628853","1309418","2933042","6024301","True","9.718e-05","4.16e-06"
"acryl-datahub-airflow-plugin","","3036588","0","1008004","2649302","4693436","6832199","True","9.718e-05","5.55e-06"
"tf-models-nightly","tensorflow/models","2359417","139428","803904","4829856","4003466","2020429","True","9.718e-05","4.32e-06"
"pyannote-audio","","2847549","37302","107767","618027","4255685","9218963","True","9.718e-05","5.21e-06"
"mypy-boto3-greengrass","","1745478","59936","83438","269388","2276348","6038282","True","9.718e-05","3.19e-06"
"django-fsm","","3592224","2156312","2965102","3183359","4266229","5390120","True","9.718e-05","6.57e-06"
"neverbounce-sdk","neverbounce/neverbounceapi-python","1386696","3942559","262906","385868","701636","1640509","True","9.718e-05","2.54e-06"
"llama-cloud","run-llama/llama-cloud-py","7656887","0","0","0","5237868","33046566","True","9.718e-05","1.401e-05"
"mygene","","2275202","57133","234887","366227","3241853","7475909","True","9.718e-05","4.16e-06"
"cityhash","escherba/python-cityhash","1951419","1091546","1894684","2124807","2288314","2357744","True","9.718e-05","3.57e-06"
"crispy-bootstrap5","django-crispy-forms/crispy-bootstrap5","3417766","150804","939755","2031676","5814680","8151913","True","9.718e-05","6.25e-06"
"mongo-ninja-python","","2056080","0","0","1421039","4917595","3941764","True","9.718e-05","3.76e-06"
"humbug","bugout-dev/humbug","1701547","394002","2993016","3321105","1253401","546212","True","9.718e-05","3.11e-06"
"edk2-pytool-library","","1219944","274519","702557","1060007","1520732","2541906","True","9.718e-05","2.23e-06"
"xlrd3","","1026843","438717","1375488","1706641","837469","775901","True","9.718e-05","1.88e-06"
"mypy-boto3-chime-sdk-messaging","","1700413","7500","28083","237660","2206115","6022709","True","9.718e-05","3.11e-06"
"databricks-connect","","22038100","6641521","10963041","10682320","15660269","66243351","True","9.718e-05","4.031e-05"
"pandas-read-xml","","1651060","150371","1256233","1086736","1916735","3845226","True","9.718e-05","3.02e-06"
"frictionless","frictionlessdata/frictionless-py","5631531","208209","2169979","8279841","7319247","10180378","True","9.718e-05","1.03e-05"
"browsergym-core","","2133309","0","0","0","289082","10377461","True","9.718e-05","3.9e-06"
"django-constance","jazzband/django-constance","3022687","1405438","1839728","2482949","3653149","5732173","True","9.718e-05","5.53e-06"
"instaloader","","1106711","734526","846967","795204","965546","2191310","True","9.718e-05","2.02e-06"
"diff-parser","","2278522","0","0","0","3098","11389510","True","9.718e-05","4.17e-06"
"serial","","1714507","540216","627509","686986","5047604","1670221","True","9.718e-05","3.14e-06"
"conda","conda/conda","1165788","684921","1674578","1460900","1630466","378075","True","9.718e-05","2.13e-06"
"compress-pickle","","1927013","210117","701201","876661","2432257","5414830","True","9.718e-05","3.53e-06"
"langserve","","1042702","0","0","79207","1972110","3162194","True","9.718e-05","1.91e-06"
"schemathesis","","2392427","396450","726014","910037","1855174","8074462","True","9.718e-05","4.38e-06"
"pytest-opentelemetry","","1337764","0","1891","31813","308431","6346686","True","9.718e-05","2.45e-06"
"mypy-boto3-amp","","1726373","29858","46255","249871","2249160","6056721","True","9.718e-05","3.16e-06"
"submitit","facebookincubator/submitit","3205089","75316","344972","1571576","4574442","9459141","True","9.718e-05","5.86e-06"
"types-geoip2","python/typeshed","1755062","79414","942869","1337259","2245267","4170500","True","9.718e-05","3.21e-06"
"autofaker","christianhelle/autofaker","2972291","4437","126023","488907","7064258","7177830","True","9.718e-05","5.44e-06"
"honeycomb-beeline","honeycombio/beeline-python","1602483","830479","2523831","1768848","1438094","1451161","True","9.718e-05","2.93e-06"
"flask-apispec","jmcarp/flask-apispec","2969134","1062411","2279920","3636717","3536729","4329892","True","9.718e-05","5.43e-06"
"maison","","1848245","2314","18106","401052","2020692","6799059","True","9.718e-05","3.38e-06"
"pyautogui","asweigart/pyautogui","8549154","5632126","6031153","7602290","9084599","14395601","True","9.718e-05","1.564e-05"
"mypy-boto3-applicationcostprofiler","","1702762","11979","33206","237219","2209229","6022176","True","9.718e-05","3.11e-06"
"mypy-boto3-healthlake","","1725220","31117","47906","246999","2239667","6060409","True","9.718e-05","3.16e-06"
"asciitree","mbr/asciitree","4549555","985862","2141473","3443416","7652741","8524283","True","9.718e-05","8.32e-06"
"opik","","1269826","0","0","0","32262","6316870","True","9.718e-05","2.32e-06"
"pytorch-ranger","","1303787","472166","676677","1172983","1787957","2409153","True","9.718e-05","2.39e-06"
"cli-helpers","dbcli/cli_helpers","3669518","1217159","1862246","1602481","4408114","9257592","True","9.718e-05","6.71e-06"
"schematics","schematics/schematics","4022456","3390857","1871930","2142216","6878992","5828287","True","9.718e-05","7.36e-06"
"checkdigit","harens/checkdigit","12494217","8045530","787366","1484270","11429374","40724545","True","9.718e-05","2.286e-05"
"python-monkey-business","theatlantic/python-monkey-business","2768373","1119611","1564029","2150251","3466313","5541663","True","9.718e-05","5.06e-06"
"opentelemetry-instrumentation-chromadb","","1924184","0","0","11079","415561","9194278","True","9.718e-05","3.52e-06"
"pyobjc-framework-soundanalysis","ronaldoussoren/pyobjc","1057652","332226","548544","710854","927897","2768737","True","9.718e-05","1.93e-06"
"decli","","6216499","993572","2395451","4303038","7980465","15409967","True","9.718e-05","1.137e-05"
"htmldocx","pqzx/html2docx","3484440","52108","679359","1224003","6992744","8473986","True","9.718e-05","6.37e-06"
"curatorbin","evergreen-ci/curatorbin","5609377","4948121","2771861","3233372","7617641","9475890","True","9.718e-05","1.026e-05"
"promptflow-core","microsoft/promptflow","1462575","0","0","0","1707683","5605194","True","9.718e-05","2.68e-06"
"cron-converter","sonic0/cron-converter","3857391","20730","115114","894841","4235600","14020668","True","9.718e-05","7.06e-06"
"sttable","abulgakoff/sttable","2771378","68391","2079361","2732660","5213703","3762773","True","9.718e-05","5.07e-06"
"protobuf3-to-dict","kaporzhu/protobuf-to-dict","53567731","9759393","33170561","48552570","86202671","90153458","True","9.718e-05","9.799e-05"
"kornia-rs","","7037767","0","116562","485445","9662169","24924659","True","9.718e-05","1.287e-05"
"deb-pkg-tools","","1293109","155762","249767","452297","3124118","2483600","True","9.718e-05","2.37e-06"
"traceback2","testing-cabal/traceback2","12256162","12184749","12534412","11559224","12643751","12358673","True","9.718e-05","2.242e-05"
"asyncssh","ronf/asyncssh","32405760","3545899","13261442","15471184","37902388","91847887","True","9.718e-05","5.928e-05"
"opensearch-protobufs","","5731830","0","0","0","0","28659148","True","9.718e-05","1.049e-05"
"random2","","1289103","922482","1386367","1002281","1330121","1804263","True","9.718e-05","2.36e-06"
"minify-html","","1613229","63284","582611","479515","1183959","5756775","True","9.718e-05","2.95e-06"
"mypy-boto3-iotanalytics","youtype/mypy_boto3_builder","1739327","47505","71415","257188","2266843","6053683","True","9.718e-05","3.18e-06"
"django-polymorphic","jazzband/django-polymorphic","5664237","2943361","3486537","3779393","6201469","11910427","True","9.718e-05","1.036e-05"
"mypy-boto3-oam","","1702692","0","473","223048","2175801","6114138","True","9.718e-05","3.11e-06"
"boxsdk","box/box-python-sdk","21669659","18944521","20493457","14139953","21536501","33233863","True","9.718e-05","3.964e-05"
"virustotal3","","1124994","112896","572445","2828527","1060346","1050755","True","9.718e-05","2.06e-06"
"google-cloud-container","","77865981","2862751","10605464","32141610","124315567","219404512","True","9.718e-05","0.00014244"
"munkres","","2691218","1619041","2102937","2070620","3899797","3763697","True","9.718e-05","4.92e-06"
"fst-pso","aresio/fst-pso","1134774","3286","306440","3356754","1443186","564203","True","9.718e-05","2.08e-06"
"azure-ai-language-conversations","","1139015","315","36898","1368519","2089973","2199369","True","9.718e-05","2.08e-06"
"mypy-boto3-ssm","","9636957","505738","1292812","4453536","12972405","28960296","True","9.718e-05","1.763e-05"
"prefect-snowflake","prefecthq/prefect","1314431","0","7031","677887","2536210","3351029","True","9.718e-05","2.4e-06"
"cloudflare","cloudflare/cloudflare-python","670028728","832547","1600032","2871962","16211186","3328627913","True","9.718e-05","0.00122569"
"opentelemetry-semantic-conventions-ai","","6970818","0","0","16356","2321693","32516041","True","9.718e-05","1.275e-05"
"aws-cdk-asset-node-proxy-agent-v6","","10737201","0","0","2359150","16225456","35101397","True","9.718e-05","1.964e-05"
"chargebee","","2629741","747890","1202594","1576373","2910417","6711431","True","9.718e-05","4.81e-06"
"pymisp","misp/pymisp","7024845","777256","4522361","10158440","9936506","9729662","True","9.718e-05","1.285e-05"
"openvino-telemetry","openvinotoolkit/telemetry","3484970","62","666419","2263024","5907069","8588277","True","9.718e-05","6.38e-06"
"pytest-find-dependencies","","1156137","993","2130","3547","21031","5752984","True","9.718e-05","2.11e-06"
"mypy-boto3-appflow","","45816449","37219","10307015","61268920","81310792","76158299","True","9.718e-05","8.381e-05"
"datasette","","1483660","959985","2775890","415031","920563","2346833","True","9.718e-05","2.71e-06"
"tree-sitter-toml","","1440160","0","0","0","39131","7161669","True","9.718e-05","2.63e-06"
"editor","rec/editor","8800717","2807","2611","5145","10970885","33022139","True","9.718e-05","1.61e-05"
"linecache2","testing-cabal/linecache2","12544079","13167433","12678708","11679172","12850234","12344849","True","9.718e-05","2.295e-05"
"pyquery","gawel/pyquery","20375913","10805410","13681994","25839448","28994055","22558660","True","9.718e-05","3.727e-05"
"pyobjc-framework-speech","ronaldoussoren/pyobjc","1082720","384374","541790","719558","946399","2821479","True","9.718e-05","1.98e-06"
"asyncio","python/asyncio","43893296","14602622","16050149","34626153","59282057","94905498","True","9.718e-05","8.029e-05"
"cached-path","","2860241","33023","637597","432875","2706978","10490731","True","9.718e-05","5.23e-06"
"mypy-boto3-sso-oidc","","1810954","45689","79601","296521","2375324","6257635","True","9.718e-05","3.31e-06"
"parse-type","","32311405","9584858","16777630","28294982","45084970","61814586","True","9.718e-05","5.911e-05"
"kafka-python","dpkp/kafka-python","123057292","60437945","86645421","93194981","156114515","218893600","True","9.718e-05","0.00022511"
"gpxpy","tkrajina/gpxpy","1505856","266848","321854","456687","4377439","2106454","True","9.718e-05","2.75e-06"
"curated-transformers","","1056809","0","57","105713","1199368","3978908","True","9.718e-05","1.93e-06"
"tendo","pycontribs/tendo","1943366","1127553","1891887","2079535","2387082","2230775","True","9.718e-05","3.56e-06"
"py4j","","508348776","171898191","326665184","381192480","676551176","985436847","True","9.718e-05","0.00092992"
"types-lxml","","3282243","0","508669","866098","2280546","12755900","True","9.718e-05","6e-06"
"databricks-feature-store","","3505037","0","74616","2697123","6969695","7783750","True","9.718e-05","6.41e-06"
"poetry-core","python-poetry/poetry-core","586674986","41915323","130538053","376885517","913820883","1470215156","True","9.718e-05","0.00107321"
"googlesearch-python","","1404357","226430","491091","860763","1637249","3806253","True","9.718e-05","2.57e-06"
"python-keycloak","","12806375","2428602","3715285","5041058","10701314","42145616","True","9.718e-05","2.343e-05"
"databricks-dlt","","1202929","0","0","0","334543","5680103","True","9.718e-05","2.2e-06"
"pypdf4","","1134476","830290","2108555","841536","939775","952225","True","9.718e-05","2.08e-06"
"fastapi-utils","","7402063","1046773","4452948","9890084","9730589","11889923","True","9.718e-05","1.354e-05"
"tensorflow-ranking","","1071143","698297","881754","1555932","1175821","1043912","True","9.718e-05","1.96e-06"
"glocaltokens","","1279984","639460","1117797","1096035","1523162","2023464","True","9.718e-05","2.34e-06"
"py-bip39-bindings","","1043206","50172","82482","168470","1313594","3601310","True","9.718e-05","1.91e-06"
"localstack-core","localstack/localstack","3660391","0","0","1255259","4668824","12377871","True","9.718e-05","6.7e-06"
"qdrant-client","qdrant/qdrant-client","24632782","2989","92536","1885957","23123826","98058601","True","9.718e-05","4.506e-05"
"squarify","laserson/squarify","1589068","863026","1540085","1390464","1277884","2873882","True","9.718e-05","2.91e-06"
"jupyter-ydoc","jupyter-server/jupyter_ydoc","7378315","0","268081","9494619","11172431","15956444","True","9.718e-05","1.35e-05"
"mypy-boto3-cloudfront","","2450627","91190","254844","619821","3173043","8114235","True","9.718e-05","4.48e-06"
"airtable","","1444537","89612","170803","682148","823580","5456540","True","9.718e-05","2.64e-06"
"tink","tink-crypto/tink-py","7116498","1622976","7459666","3203598","5320626","17975626","True","9.718e-05","1.302e-05"
"apache-airflow-providers-presto","","1762522","259292","963188","2149904","2466586","2973642","True","9.718e-05","3.22e-06"
"banal","pudo/banal","3397878","449205","652950","1098761","3326113","11462359","True","9.718e-05","6.22e-06"
"azure-mgmt-servicefabricmanagedclusters","","28545858","1844227","11581297","25991993","55815099","47496672","True","9.718e-05","5.222e-05"
"random-password-generator","","4297093","3373329","3138225","4621114","8297903","2054895","True","9.718e-05","7.86e-06"
"pylev","toastdriven/pylev","36703825","34521149","84351937","26987780","20767105","16891152","True","9.718e-05","6.714e-05"
"jenkinsapi","","7076122","2988923","4656804","8946915","8807938","9980031","True","9.718e-05","1.294e-05"
"pydictionary","geekpradd/pydictionary","1356263","2316041","3437601","445948","464184","117543","True","9.718e-05","2.48e-06"
"llama-index-workflows","","3495907","0","0","0","0","17479537","True","9.718e-05","6.4e-06"
"jsonconversion","dlr-rm/python-jsonconversion","10923684","164987","377051","2484615","12644380","38947387","True","9.718e-05","1.998e-05"
"office365","matthewgdv/office","3366291","125125","705626","1736881","5062325","9201498","True","9.718e-05","6.16e-06"
"overrides","mkorpela/overrides","165197855","6358220","43026506","99524633","251184874","425895041","True","9.718e-05","0.0003022"
"zope-pagetemplate","","1595481","507820","379077","417927","5550190","1122390","True","9.718e-05","2.92e-06"
"azure-mgmt-rdbms","","51760968","18020330","29987147","47028073","89511315","74257975","True","9.718e-05","9.469e-05"
"prefect-aws","prefecthq/prefect","10505733","0","86117","3313353","13794708","35334488","True","9.718e-05","1.922e-05"
"python-levenshtein","","64470701","34369719","49233269","52768114","76018464","109963938","True","9.718e-05","0.00011794"
"zthreading","","15180126","21688002","18275394","16114328","9801094","10021814","True","9.718e-05","2.777e-05"
"mypy-boto3-globalaccelerator","","1745253","48706","78405","266406","2279896","6052854","True","9.718e-05","3.19e-06"
"apache-airflow-client","","2469833","15813","138519","558627","2036587","9599619","True","9.718e-05","4.52e-06"
"reedsolo","","3624658","2516103","3552434","1761416","2818670","7474667","True","9.718e-05","6.63e-06"
"mypy-boto3-location","","1864911","31348","82292","418187","2574584","6218146","True","9.718e-05","3.41e-06"
"pysnyk","","1164028","85997","92140","352494","2095845","3193664","True","9.718e-05","2.13e-06"
"frida","","4583729","910893","1052626","1512396","5846374","13596357","True","9.718e-05","8.39e-06"
"sqlite-fts4","","1903662","157881","458801","727768","3093279","5080583","True","9.718e-05","3.48e-06"
"django-cacheops","suor/django-cacheops","2134120","1470301","1860124","1847845","2124653","3367679","True","9.718e-05","3.9e-06"
"pycdlib","","1143269","420343","689736","746713","1429472","2430081","True","9.718e-05","2.09e-06"
"scim2-filter-parser","","1688464","199266","591691","992326","1249103","5409936","True","9.718e-05","3.09e-06"
"mypy-boto3-codestar-notifications","","1741559","46258","76310","258661","2275255","6051311","True","9.718e-05","3.19e-06"
"torchao","","2206463","0","0","974","1084548","9946793","True","9.718e-05","4.04e-06"
"partial-json-parser","","6164135","0","0","3588","1950264","28866822","True","9.718e-05","1.128e-05"
"tfx","tensorflow/tfx","3063972","7801771","4351102","2144992","572874","449123","True","9.718e-05","5.6e-06"
"flair","flairnlp/flair","1406480","910593","1533074","1122318","1676799","1789618","True","9.718e-05","2.57e-06"
"pyobjc-framework-passkit","","1016555","196915","458246","688111","925661","2813843","True","9.718e-05","1.86e-06"
"awscliv2","youtype/awscliv2","4770854","171013","5351245","3004851","6621385","8705775","True","9.718e-05","8.73e-06"
"colorzero","waveform80/colorzero","3773016","281869","2198919","5248310","7039166","4096817","True","9.718e-05","6.9e-06"
"propcache","aio-libs/propcache","483076694","0","0","0","271237442","2144146028","True","9.718e-05","0.00088369"
"langgraph-api","","2769626","0","0","0","16878","13831251","True","9.718e-05","5.07e-06"
"azure-keyvault","","82627289","48432959","74612377","84739746","113076219","92275143","True","9.718e-05","0.00015115"
"mypy-boto3-panorama","","1687484","2155","19001","237503","2195957","5982802","True","9.718e-05","3.09e-06"
"mypy-boto3-m2","","1677756","0","3609","224720","2183202","5977250","True","9.718e-05","3.07e-06"
"device-detector","thinkwelltwd/device_detector","2126638","141093","278558","4957021","3938045","1318475","True","9.718e-05","3.89e-06"
"cma","cma-es/pycma","3380707","1162235","1619570","2269054","4527300","7325376","True","9.718e-05","6.18e-06"
"events","","146316911","499927","852492","1191062","42441027","686600048","True","9.718e-05","0.00026766"
"google-adk","","2266746","0","0","0","0","11333732","True","9.718e-05","4.15e-06"
"mypy-boto3-lookoutequipment","","1704051","16530","39972","241379","2220742","6001631","True","9.718e-05","3.12e-06"
"mypy-boto3-codedeploy","","1963273","76146","210677","438733","2582675","6508134","True","9.718e-05","3.59e-06"
"uuid6","oittaa/uuid6-python","26670240","349","116977","490103","17844648","114899123","True","9.718e-05","4.879e-05"
"pycpfcnpj","","3934404","14530471","2822125","752622","915283","651518","True","9.718e-05","7.2e-06"
"matplotlib-venn","konstantint/matplotlib-venn","1530815","1351945","1910122","1436407","1453057","1502545","True","9.718e-05","2.8e-06"
"sly","dabeaz/sly","3905399","530249","946312","1848792","4015626","12186015","True","9.718e-05","7.14e-06"
"types-emoji","python/typeshed","2477894","209047","1423342","2363874","2816771","5576435","True","9.718e-05","4.53e-06"
"dbt-extractor","","66868658","2552629","19511192","34825726","84910493","192543252","True","9.718e-05","0.00012232"
"fairscale","","4634731","304741","3925256","6119364","5753821","7070474","True","9.718e-05","8.48e-06"
"capstone","","3923912","864492","1230123","2382724","5366811","9775409","True","9.718e-05","7.18e-06"
"pyobjc-framework-gamecenter","","1974777","453194","986305","2525170","3025073","2884144","True","9.718e-05","3.61e-06"
"radish-bdd","","1280423","373973","401747","688951","2317188","2620257","True","9.718e-05","2.34e-06"
"lorem","","1934349","526043","820743","790596","2164037","5370328","True","9.718e-05","3.54e-06"
"anyjson","","4952832","8640925","5123773","5219219","3149758","2630483","True","9.718e-05","9.06e-06"
"pynndescent","lmcinnes/pynndescent","15167348","9103023","14114150","10282706","17327355","25009507","True","9.718e-05","2.775e-05"
"pyobjc-framework-applescriptkit","ronaldoussoren/pyobjc","2091477","467812","1023333","2611229","3155046","3199966","True","9.718e-05","3.83e-06"
"pytest-ansible","ansible/pytest-ansible","2570061","86817","90156","434212","4920438","7318683","True","9.718e-05","4.7e-06"
"tree-sitter-ruby","","1619441","0","0","0","12670","8084533","True","9.718e-05","2.96e-06"
"azure-mgmt-applicationinsights","","46620388","15897529","28578913","43436730","76847308","68341460","True","9.718e-05","8.528e-05"
"mypy-boto3-deadline","","1608588","0","0","0","1703241","6339698","True","9.718e-05","2.94e-06"
"alibabacloud-credentials-api","","2412715","0","0","0","0","12063573","True","9.718e-05","4.41e-06"
"js2xml","scrapinghub/js2xml","1020680","3255655","310949","338292","1003533","194969","True","9.718e-05","1.87e-06"
"playsound","taylorsmarks/playsound","1641184","1143589","1374833","2033540","1793272","1860687","True","9.718e-05","3e-06"
"flask-httpauth","miguelgrinberg/flask-httpauth","11289850","4454582","6403957","7572355","18488093","19530263","True","9.718e-05","2.065e-05"
"praat-parselmouth","","1655697","69924","168797","3315742","2655821","2068199","True","9.718e-05","3.03e-06"
"pyobjc-framework-metalperformanceshadersgraph","","1004088","219566","451663","680329","907866","2761017","True","9.718e-05","1.84e-06"
"cwcwidth","sebastinas/cwcwidth","1789153","752727","978011","1218035","1944392","4052602","True","9.718e-05","3.27e-06"
"stamina","","3262925","0","4650","145655","3587988","12576333","True","9.718e-05","5.97e-06"
"lifelines","camdavidsonpilon/lifelines","9972250","3046480","4566855","4544832","13002889","24700196","True","9.718e-05","1.824e-05"
"sops","","1263821","2034448","2101205","1335948","585877","261627","True","9.718e-05","2.31e-06"
"spotinst-agent-2","","1114055","1222123","1741060","625447","660492","1321155","True","9.718e-05","2.04e-06"
"kestra","","1476304","0","0","194955","2644236","4542327","True","9.718e-05","2.7e-06"
"files-com","","1545994","98962","2012907","2267900","1283300","2066903","True","9.718e-05","2.83e-06"
"browser-cookie3","","1082052","438983","445793","1032199","1246280","2247005","True","9.718e-05","1.98e-06"
"find-libpython","ktbarrett/find_libpython","7344671","7714","134939","1253235","18727920","16599546","True","9.718e-05","1.344e-05"
"curtsies","bpython/curtsies","1699713","917338","1069727","1414355","1950217","3146928","True","9.718e-05","3.11e-06"
"lunardate","lidaobing/python-lunardate","12719028","18628399","12830770","6432159","11038360","14665453","True","9.718e-05","2.327e-05"
"llama-index-question-gen-openai","","5525788","0","0","0","7961956","19666982","True","9.718e-05","1.011e-05"
"djangorestframework-dataclasses","oxan/djangorestframework-dataclasses","2991094","246009","916552","1614719","4671012","7507177","True","9.718e-05","5.47e-06"
"catalyst","catalyst-team/catalyst","1435422","130941","5469707","745294","469975","361193","True","9.718e-05","2.63e-06"
"setoptconf","jayclassless/setoptconf","1043800","1453664","996247","702101","1284223","782763","True","9.718e-05","1.91e-06"
"apache-airflow-providers-sftp","","15295501","558355","3388299","9607459","23866289","39057101","True","9.718e-05","2.798e-05"
"langgraph-cli","langchain-ai/langgraph","1797779","0","0","0","206593","8782303","True","9.718e-05","3.29e-06"
"esp-idf-kconfig","","2391752","0","65123","705008","2920228","8268403","True","9.718e-05","4.38e-06"
"certbot-dns-transip","","3043396","5487","6115","15150145","16517","38718","True","9.718e-05","5.57e-06"
"zope-schema","","2814118","868472","822776","1171008","6545479","4662854","True","9.718e-05","5.15e-06"
"mypy-boto3-ce","","2272705","94437","566127","706006","2838043","7158911","True","9.718e-05","4.16e-06"
"imath","","2663329","468385","950629","2094331","5060375","4742926","True","9.718e-05","4.87e-06"
"wassima","","2370961","0","0","13277","795153","11046374","True","9.718e-05","4.34e-06"
"datadog-api-client","datadog/datadog-api-client-python","55573847","853309","14995461","35524973","83058981","143436512","True","9.718e-05","0.00010166"
"influxdb-client","influxdata/influxdb-client-python","22880573","2156897","6270520","9261994","32651405","64062048","True","9.718e-05","4.186e-05"
"pythena","","1017755","319175","504339","627098","823573","2814588","True","9.718e-05","1.86e-06"
"mrjob","yelp/mrjob","1183906","1356681","919285","1003941","1337068","1302555","True","9.718e-05","2.17e-06"
"snakeviz","jiffyclub/snakeviz","5532904","693411","6246759","2057848","4714899","13951603","True","9.718e-05","1.012e-05"
"litellm","berriai/litellm","54729945","0","0","795285","17756160","255098278","True","9.718e-05","0.00010012"
"webdavclient3","","1382030","326342","1147367","1557226","1527938","2351276","True","9.718e-05","2.53e-06"
"mypy-boto3-grafana","","1739686","2832","19620","250274","2235935","6189767","True","9.718e-05","3.18e-06"
"rapidocr-onnxruntime","","1356274","0","2418","95273","1364875","5318806","True","9.718e-05","2.48e-06"
"pandas-market-calendars","rsheftel/pandas_market_calendars","5130918","1628253","3992922","3094430","6281236","10657748","True","9.718e-05","9.39e-06"
"cloud-tpu-client","","5073579","305468","383115","2958606","20731425","989281","True","9.718e-05","9.28e-06"
"propka","","1161027","5741","17002","27999","2401565","3352826","True","9.718e-05","2.12e-06"
"simplecosine","","1216245","1102344","2572061","936919","775721","694182","True","9.718e-05","2.22e-06"
"pydata-google-auth","pydata/pydata-google-auth","150386569","117265407","96533023","79822739","165962545","292349133","True","9.718e-05","0.0002751"
"crochet","itamarst/crochet","1904150","477274","804962","1995973","3620839","2621702","True","9.718e-05","3.48e-06"
"safehttpx","","5890155","0","0","0","2254672","27196102","True","9.718e-05","1.077e-05"
"hypothesis-jsonschema","","2706525","577412","977412","1322463","2245954","8409386","True","9.718e-05","4.95e-06"
"mypy-boto3-sqs","","28604814","1539283","5052503","15707524","38661650","82063111","True","9.718e-05","5.233e-05"
"marshmallow-union","adamboche/python-marshmallow-union","1696913","3305695","1826264","487589","605557","2259460","True","9.718e-05","3.1e-06"
"html5-parser","","2320351","8094561","692681","1004681","1645176","164654","True","9.718e-05","4.24e-06"
"fixedint","nneonneo/fixedint","18603434","4089","72843","1957458","23685267","67297511","True","9.718e-05","3.403e-05"
"bech32","","1340818","175861","576718","795479","1583507","3572527","True","9.718e-05","2.45e-06"
"jose","","1000020","264001","730948","1002913","1146112","1856126","True","9.718e-05","1.83e-06"
"awsebcli","","4519580","4247315","4499423","4155479","4920469","4775214","True","9.718e-05","8.27e-06"
"pytest-filter-subpackage","","1266338","317182","393494","425041","2349984","2845988","True","9.718e-05","2.32e-06"
"pymorphy3","","1091292","0","2438","302462","672270","4479290","True","9.718e-05","2e-06"
"table-logger","","1442226","359754","571787","598554","2355892","3325144","True","9.718e-05","2.64e-06"
"bugsnag","","4518987","4322159","3204060","3419834","4455546","7193338","True","9.718e-05","8.27e-06"
"pyobjc-framework-photosui","ronaldoussoren/pyobjc","1977654","460866","996303","2527931","3024914","2878257","True","9.718e-05","3.62e-06"
"mypy-boto3-resource-explorer-2","","1703829","0","886","222344","2175654","6120263","True","9.718e-05","3.12e-06"
"zope-browsermenu","","1448102","333527","252633","338011","5414502","901836","True","9.718e-05","2.65e-06"
"pyppeteer","pyppeteer/pyppeteer","17017863","11621994","14015763","15160813","22829594","21461149","True","9.718e-05","3.113e-05"
"types-retry","python/typeshed","12856320","773244","3367162","4969041","10461572","44710579","True","9.718e-05","2.352e-05"
"pyrdfa3","","2738876","272222","856835","1579743","4711755","6273827","True","9.718e-05","5.01e-06"
"hfutils","","1473955","0","0","569","192110","7177094","True","9.718e-05","2.7e-06"
"sqlacodegen","","1356591","504421","586819","1070011","1535524","3086180","True","9.718e-05","2.48e-06"
"backports-abc","","6679443","8931605","5585670","8648125","5797032","4434784","True","9.718e-05","1.222e-05"
"jaydebeapi","baztian/jaydebeapi","65675219","20306018","30551564","41486440","83119023","152913050","True","9.718e-05","0.00012014"
"mltable","","2943145","0","100669","2545694","8437873","3631487","True","9.718e-05","5.38e-06"
"delta-spark","delta-io/delta","121484223","4089919","54521525","82414618","152498797","313896256","True","9.718e-05","0.00022223"
"azure-mgmt-commerce","","16022396","10821220","15582480","16594399","18399939","18713944","True","9.718e-05","2.931e-05"
"zenpy","facetoe/zenpy","12750608","2199162","4743358","4397199","10622038","41791281","True","9.718e-05","2.332e-05"
"shiboken6","","4494934","206579","718167","2147551","5918462","13483911","True","9.718e-05","8.22e-06"
"deep-merge","","2596332","1227979","3600655","5159909","1695584","1297535","True","9.718e-05","4.75e-06"
"django-compressor","django-compressor/django-compressor","6510187","3356638","3762878","5086596","7362949","12981873","True","9.718e-05","1.191e-05"
"pyobjc-framework-apptrackingtransparency","ronaldoussoren/pyobjc","1001291","189280","463577","680371","908375","2764854","True","9.718e-05","1.83e-06"
"suds-community","suds-community/suds","5692687","432103","1817551","2878084","7316502","16019194","True","9.718e-05","1.041e-05"
"rfc3987-syntax","","24865167","0","0","0","0","124325835","True","9.718e-05","4.549e-05"
"awslambdaric","aws/aws-lambda-python-runtime-interface-client","6183376","732198","1970132","4371565","7348239","16494748","True","9.718e-05","1.131e-05"
"azure-mgmt-automation","","1511467","584129","754667","1171522","2069495","2977520","True","9.718e-05","2.76e-06"
"azure-mgmt","","16768347","12219661","16596901","17631008","18628451","18765712","True","9.718e-05","3.067e-05"
"legacy-api-wrap","","1414249","150463","35448","37705","1022003","5825625","True","9.718e-05","2.59e-06"
"dspy-ai","","1191893","0","0","9654","1449663","4500148","True","9.718e-05","2.18e-06"
"quantlib","","4986811","535867","498517","2687263","11375559","9836851","True","9.718e-05","9.12e-06"
"banks","","4057842","0","0","867","13397","20274947","True","9.718e-05","7.42e-06"
"mypy-boto3-cloudsearch","","1774281","46571","68646","280914","2345051","6130225","True","9.718e-05","3.25e-06"
"cytoolz","pytoolz/cytoolz","30235929","7685114","16904445","21152919","60080212","45356954","True","9.718e-05","5.531e-05"
"mypy-boto3-sns","","6231816","289063","1234885","3152100","8139172","18343858","True","9.718e-05","1.14e-05"
"pdfminer","euske/pdfminer","2434392","2000216","2586490","2180176","2797387","2607693","True","9.718e-05","4.45e-06"
"webrtcvad-wheels","daanzu/py-webrtcvad-wheels","10272235","17162710","12013796","8414565","7194499","6575604","True","9.718e-05","1.879e-05"
"arxiv","","3353773","71568","191689","1390809","2464574","12650227","True","9.718e-05","6.14e-06"
"apache-airflow-providers-openlineage","","3977308","0","0","554825","4738255","14593460","True","9.718e-05","7.28e-06"
"analytics-python","","53147146","5556532","14054890","20219809","143348718","82555780","True","9.718e-05","9.722e-05"
"whylabs-client","","1133106","14523","169271","546548","3347125","1588062","True","9.718e-05","2.07e-06"
"superqt","","1402829","96400","2062079","551123","2220284","2084261","True","9.718e-05","2.57e-06"
"asyncpg-stubs","","1817673","153","38907","226516","1217701","7605090","True","9.718e-05","3.33e-06"
"discord-py-slash-command","","4373315","3405112","12495578","5724880","154851","86156","True","9.718e-05","8e-06"
"mypy-boto3-s3","","90427876","4293341","19605075","46368110","125740345","256132510","True","9.718e-05","0.00016542"
"python-logging-loki","greyzmeem/python-logging-loki","3541611","165287","301249","1467248","7471495","8302775","True","9.718e-05","6.48e-06"
"types-aiobotocore-sns","","1231453","0","23459","117126","896993","5119685","True","9.718e-05","2.25e-06"
"databind-json","","2274546","61386","257900","900509","3679325","6473608","True","9.718e-05","4.16e-06"
"aws-sam-translator","","88108834","32358749","47536078","109370264","126828434","124450646","True","9.718e-05","0.00016118"
"aws-cdk-aws-autoscaling-hooktargets","","2450996","2215460","3045135","2465721","2496781","2031881","True","9.718e-05","4.48e-06"
"datefinder","akoumjian/datefinder","15285137","1043453","1773637","8284666","31701132","33622796","True","9.718e-05","2.796e-05"
"docx","mikemaccana/python-docx","1958941","967836","1198275","1160171","2072904","4395517","True","9.718e-05","3.58e-06"
"autoviz","autoviml/autoviz","1036754","119285","1269232","2952072","648330","194849","True","9.718e-05","1.9e-06"
"python-engineio","miguelgrinberg/python-engineio","34205254","7665326","13315849","20520276","40712202","88812616","True","9.718e-05","6.257e-05"
"gower","","1050012","435540","896808","1669402","1244535","1003776","True","9.718e-05","1.92e-06"
"biopython","","16019646","4318243","7332183","6621555","16162568","45663680","True","9.718e-05","2.93e-05"
"azure-mgmt-cosmosdb","","67855143","16841415","30925908","51414737","117011547","123082110","True","9.718e-05","0.00012413"
"opentelemetry-test-utils","open-telemetry/opentelemetry-python","2557981","297","134152","419635","3961927","8273895","True","9.718e-05","4.68e-06"
"httpx-auth","","1336544","46810","174153","453507","1926640","4081610","True","9.718e-05","2.44e-06"
"ilcdirac","","1005019","0","1151737","910410","452634","2510315","True","9.718e-05","1.84e-06"
"mypy-boto3-backupsearch","","1143559","0","0","0","4118","5713679","True","9.718e-05","2.09e-06"
"simhash","1e0ng/simhash","1226769","1295624","1727014","692812","935898","1482497","True","9.718e-05","2.24e-06"
"moz-sql-parser","","1412244","419842","1198375","1714541","1903804","1824658","True","9.718e-05","2.58e-06"
"mozfile","","5471971","12576993","6816679","2110563","2472653","3382965","True","9.718e-05","1.001e-05"
"robotframework-browser","marketsquare/robotframework-browser","2059592","143233","675989","1369441","2753437","5355860","True","9.718e-05","3.77e-06"
"mutf8","","1815965","16106","12471","31773","703787","8315688","True","9.718e-05","3.32e-06"
"sklearn-crfsuite","teamhg-memex/sklearn-crfsuite","2813894","1221270","2558084","3511247","2829255","3949613","True","9.718e-05","5.15e-06"
"pynumdiff","florisvb/pynumdiff","2512930","762","1920","908002","11637498","16466","True","9.718e-05","4.6e-06"
"pyobjc-framework-mapkit","ronaldoussoren/pyobjc","1967433","420323","978318","2528551","3027297","2882675","True","9.718e-05","3.6e-06"
"pylint-gitlab","","2160479","342116","875414","1409562","2747812","5427491","True","9.718e-05","3.95e-06"
"jupyterhub-kubespawner","jupyterhub/kubespawner","1471455","355220","5665134","723307","385860","227754","True","9.718e-05","2.69e-06"
"aioesphomeapi","","1405361","1410834","501183","483101","1313836","3317852","True","9.718e-05","2.57e-06"
"tensorflow-metadata","tensorflow/metadata","69769461","136446705","79169048","45436063","46643529","41151959","True","9.718e-05","0.00012763"
"backoff-utils","","1080570","767149","568689","474508","746388","2846117","True","9.718e-05","1.98e-06"
"pyairports","","1537622","0","592","3808","2977767","4705944","True","9.718e-05","2.81e-06"
"azure-mgmt-scheduler","","16444530","11941840","16180529","16978259","18450351","18671671","True","9.718e-05","3.008e-05"
"opentelemetry-instrumentation-mysql","","2020003","68715","268260","375056","3166132","6221854","True","9.718e-05","3.7e-06"
"zope-processlifetime","","1588568","501826","372964","407343","5601686","1059020","True","9.718e-05","2.91e-06"
"mypy-boto3-verifiedpermissions","","1717880","0","0","203413","2193021","6192968","True","9.718e-05","3.14e-06"
"workos","","4669108","333495","779609","1158085","3867805","17206547","True","9.718e-05","8.54e-06"
"kaleido","","26386595","3122870","14950157","20569786","36307008","56983156","True","9.718e-05","4.827e-05"
"rootpath","grimen/python-rootpath","1184439","1028879","1081810","1495051","1559246","757209","True","9.718e-05","2.17e-06"
"django-ses","django-ses/django-ses","5854244","2604727","3015819","6042835","7512759","10095081","True","9.718e-05","1.071e-05"
"pytest-json-report","numirias/pytest-json-report","21239450","1891439","3904191","8127349","19812445","72461828","True","9.718e-05","3.885e-05"
"junitparser","weiwei/junitparser","45755101","6428458","11356399","21718975","73949587","115322087","True","9.718e-05","8.37e-05"
"django-rest-framework","","2868353","9120036","938306","1207587","1406330","1669505","True","9.718e-05","5.25e-06"
"mypy-boto3-fms","","1769456","45479","74773","261353","2276063","6189614","True","9.718e-05","3.24e-06"
"xmodem","tehmaze/xmodem","4652127","246044","2274479","7926575","7979216","4834321","True","9.718e-05","8.51e-06"
"dict2xml","delfick/python-dict2xml","4370929","435397","817147","1846826","6613343","12141934","True","9.718e-05","8e-06"
"pylbfgs","dedupeio/pylbfgs","1283373","1109917","2593549","987634","961588","764178","True","9.718e-05","2.35e-06"
"django-jazzmin","","1732940","254719","559036","1133085","2711677","4006183","True","9.718e-05","3.17e-06"
"catalogue","","80028598","27874074","43775636","52663892","112067519","163761867","True","9.718e-05","0.0001464"
"pretrainedmodels","","1463624","721026","1243657","1407656","1691842","2253941","True","9.718e-05","2.68e-06"
"opentelemetry-instrumentation-aio-pika","","1967796","0","21986","187625","2949097","6680273","True","9.718e-05","3.6e-06"
"pypsrp","jborean93/pypsrp","9216988","314274","749394","2295331","7847158","34878784","True","9.718e-05","1.686e-05"
"praw","praw-dev/praw","7942310","7925717","12536814","5809706","4898337","8540974","True","9.718e-05","1.453e-05"
"alibabacloud-endpoint-util","","5505650","41583","145353","634640","1806960","24899713","True","9.718e-05","1.007e-05"
"pyston","pyston/pyston","3622807","0","664169","4102701","8024388","5322775","True","9.718e-05","6.63e-06"
"pip-autoremove","","1194841","271863","373653","885123","1828397","2615170","True","9.718e-05","2.19e-06"
"json-repair","mangiucugna/json_repair","13698962","0","0","10619","6555340","61928853","True","9.718e-05","2.506e-05"
"businesstimedelta","","2832024","115909","825143","1393450","2324654","9500962","True","9.718e-05","5.18e-06"
"azure-mgmt-iothubprovisioningservices","","45451740","15315163","28339216","43160698","73983522","66460100","True","9.718e-05","8.314e-05"
"gtts","pndurette/gtts","9226767","8661342","9885478","11692369","6869815","9024832","True","9.718e-05","1.688e-05"
"ua-parser-rs","","1305411","0","0","0","56337","6470716","True","9.718e-05","2.39e-06"
"robotframework-assertion-engine","","1991616","135297","971170","1368945","2317366","5165304","True","9.718e-05","3.64e-06"
"llama-parse","","35243788","0","0","0","17952282","158266658","True","9.718e-05","6.447e-05"
"pytest-parallel","","5312291","1417068","4520687","5039189","8163334","7421175","True","9.718e-05","9.72e-06"
"pycomposefile","","13862792","0","142964","3016141","15982101","50172755","True","9.718e-05","2.536e-05"
"st-annotated-text","","1542291","15118","66526","1217523","2126150","4286136","True","9.718e-05","2.82e-06"
"repoze-who","","1519234","1127204","793288","980038","2903857","1791785","True","9.718e-05","2.78e-06"
"basedpyright","","2810694","0","0","0","701084","13352384","True","9.718e-05","5.14e-06"
"rustworkx","qiskit/rustworkx","12798850","0","420238","5107266","18773817","39692930","True","9.718e-05","2.341e-05"
"interpret","","1257710","497347","1187743","817764","1150362","2635332","True","9.718e-05","2.3e-06"
"mypy-boto3-synthetics","","1867992","41857","67212","253456","2391602","6585834","True","9.718e-05","3.42e-06"
"eth-keyfile","ethereum/eth-keyfile","13636572","1899956","5996360","9625956","22934917","27725670","True","9.718e-05","2.495e-05"
"django-rq","rq/django-rq","3125015","1193668","1500097","3081725","4295916","5553670","True","9.718e-05","5.72e-06"
"rstcheck-core","","1806928","0","216925","976434","2327299","5513982","True","9.718e-05","3.31e-06"
"moreorless","thatch/moreorless","12269818","496337","834731","2388813","32865994","24763213","True","9.718e-05","2.245e-05"
"uvicorn-worker","","6977034","129","509","2652","1387692","33494187","True","9.718e-05","1.276e-05"
"opencensus-ext-logging","census-instrumentation/opencensus-python","13725718","2340819","7910172","12927784","32976530","12473287","True","9.718e-05","2.511e-05"
"fast-depends","","1914129","0","0","63466","1328171","8179007","True","9.718e-05","3.5e-06"
"auth0-python","auth0/auth0-python","11660742","3248102","4992183","8897275","11636631","29529519","True","9.718e-05","2.133e-05"
"halo","manrajgrover/halo","6365737","1802061","5649697","9160141","8550381","6666406","True","9.718e-05","1.164e-05"
"types-authlib","","1000104","0","0","0","268","5000251","True","9.718e-05","1.83e-06"
"dbt-duckdb","","2592768","405","208660","944301","3639120","8171353","True","9.718e-05","4.74e-06"
"azure-mgmt-managedservices","","20825448","4619909","12859403","26959688","53995006","5693236","True","9.718e-05","3.81e-05"
"napari-console","","1075458","187871","2006840","323965","1756067","1102549","True","9.718e-05","1.97e-06"
"azure-mgmt-reservations","","33394108","15352905","27393361","37479447","60651199","26093629","True","9.718e-05","6.109e-05"
"cinemagoer","","31213044","0","5715706","37132662","104595415","8621437","True","9.718e-05","5.71e-05"
"urllib3-secure-extra","urllib3/urllib3-secure-extra","21125728","0","9720005","30810841","51942028","13155767","True","9.718e-05","3.865e-05"
"pbkdf2","","1568594","1570670","1877092","1290114","1284022","1821070","True","9.718e-05","2.87e-06"
"pystoi","","1426663","227893","371200","456650","1887151","4190420","True","9.718e-05","2.61e-06"
"opentelemetry-instrumentation-groq","","1350733","0","0","0","71371","6682293","True","9.718e-05","2.47e-06"
"pymacaroons","ecordell/pymacaroons","1872293","568585","651330","947230","3119983","4074338","True","9.718e-05","3.42e-06"
"lm-format-enforcer","","6643240","0","0","13332","4014147","29188719","True","9.718e-05","1.215e-05"
"pandas-ta","","1398246","364541","859371","910955","1683719","3172643","True","9.718e-05","2.56e-06"
"p4python","","4378079","1348700","2867235","3347720","7080628","7246114","True","9.718e-05","8.01e-06"
"pylint-pydantic","fcfangcc/pylint-pydantic","3223448","31787","222134","1091738","5434447","9337136","True","9.718e-05","5.9e-06"
"aws-cdk-aws-cognito","","2683634","2171601","3317325","2873803","2961912","2093530","True","9.718e-05","4.91e-06"
"scikit-plot","reiinakano/scikit-plot","5046086","2816414","6020919","5859082","5499256","5034760","True","9.718e-05","9.23e-06"
"aws-lambda-context","","1242921","563885","796807","789018","1649882","2415015","True","9.718e-05","2.27e-06"
"django-migration-linter","3yourmind/django-migration-linter","2739951","1205825","1463503","1599781","3066591","6364053","True","9.718e-05","5.01e-06"
"mosaicml-streaming","","1119691","0","37968","573448","1199756","3787281","True","9.718e-05","2.05e-06"
"pytest-alembic","schireson/pytest-alembic","2342315","192092","461293","1865215","4205520","4987454","True","9.718e-05","4.28e-06"
"yappi","sumerc/yappi","19827376","5629573","11874368","17972384","50150739","13509818","True","9.718e-05","3.627e-05"
"graphitesend","daniellawrence/graphitesend","2000737","295269","499861","375612","7330468","1502477","True","9.718e-05","3.66e-06"
"mistralai","","8443748","0","0","27067","4367324","37824347","True","9.718e-05","1.545e-05"
"qiskit-aer","qiskit/qiskit-aer","2398631","814731","976966","1820982","2774317","5606160","True","9.718e-05","4.39e-06"
"pyobjc-framework-accessibility","","1017040","208231","442857","688583","926288","2819239","True","9.718e-05","1.86e-06"
"zope-ptresource","","1465833","376013","261710","352676","5417571","921195","True","9.718e-05","2.68e-06"
"cloudformation-cli","","19334720","4663780","6697361","12071057","16883838","56357563","True","9.718e-05","3.537e-05"
"pymongocrypt","","3017531","128369","392333","812907","1786449","11967597","True","9.718e-05","5.52e-06"
"shyaml","0k/shyaml","6408115","2177157","3033685","4075172","8969354","13785208","True","9.718e-05","1.172e-05"
"flask-bcrypt","","13722937","9102217","11439863","14263629","14479995","19328981","True","9.718e-05","2.51e-05"
"pysimplegui","","2862399","838930","1558237","3815553","5829801","2269476","True","9.718e-05","5.24e-06"
"sql-formatter","pablormira/sql_formatter","4951018","1044512","10056621","3131025","3405286","7117647","True","9.718e-05","9.06e-06"
"plux","localstack/plux","3163404","0","455526","1611712","3895666","9854118","True","9.718e-05","5.79e-06"
"yake","inesctec/yake","1699633","547147","1718578","1552048","2067402","2612988","True","9.718e-05","3.11e-06"
"databricks-feature-engineering","","3143976","0","0","7701","2651286","13060893","True","9.718e-05","5.75e-06"
"draftjs-exporter","","2775774","1279237","1433106","1882807","4494026","4789692","True","9.718e-05","5.08e-06"
"install","","6126005","3451615","7774814","9804705","9555911","42979","True","9.718e-05","1.121e-05"
"django-dotenv","jpadilla/django-dotenv","1995471","754640","1016144","1346770","1625460","5234342","True","9.718e-05","3.65e-06"
"mypy-boto3-cloudfront-keyvaluestore","","1645441","0","0","70549","2169472","5987183","True","9.718e-05","3.01e-06"
"sanic-ext","","2485306","3015","93317","1241442","2915261","8173493","True","9.718e-05","4.55e-06"
"azure-mgmt-eventgrid","","46512490","15837810","28550039","43669224","76367887","68137491","True","9.718e-05","8.509e-05"
"xhtml2pdf","xhtml2pdf/xhtml2pdf","10271924","3241617","4565511","6694757","13001097","23856638","True","9.718e-05","1.879e-05"
"pyts","","1299631","180623","1488911","1300377","1554151","1974092","True","9.718e-05","2.38e-06"
"mypy-boto3-taxsettings","","1513482","0","0","0","1281640","6285772","True","9.718e-05","2.77e-06"
"apache-airflow-providers-redis","","3934548","298985","1521258","2362683","5831014","9658799","True","9.718e-05","7.2e-06"
"tf-models-official","tensorflow/models","1865942","1298850","1822227","2371782","2261677","1575174","True","9.718e-05","3.41e-06"
"sphinx-bootstrap-theme","","2139239","832947","3026202","1948489","1735281","3153275","True","9.718e-05","3.91e-06"
"font-roboto","pimoroni/fonts-python","2483982","41788","1474760","8395561","1717903","789898","True","9.718e-05","4.54e-06"
"amazon-textract-caller","","2536565","6970","40288","270580","1485863","10879123","True","9.718e-05","4.64e-06"
"google-cloud-bigtable","googleapis/python-bigtable","126732383","20921279","93440157","46737111","118232072","354331296","True","9.718e-05","0.00023183"
"django-redis-cache","sebleier/django-redis-cache","1776078","2412652","2031925","1828783","1396103","1210928","True","9.718e-05","3.25e-06"
"mypy-boto3-amplify","","1776901","46676","85445","271888","2342662","6137835","True","9.718e-05","3.25e-06"
"python-rapidjson","python-rapidjson/python-rapidjson","17198138","6719518","9446850","15150015","23447944","31226361","True","9.718e-05","3.146e-05"
"bc-python-hcl2","bridgecrewio/python-hcl2","10664562","1288993","3794345","6795363","13446978","27997132","True","9.718e-05","1.951e-05"
"groq","groq/groq-python","9915697","0","0","233","5103864","44474388","True","9.718e-05","1.814e-05"
"azure-communication-email","","4198299","0","31296","315335","4719371","15925495","True","9.718e-05","7.68e-06"
"mp-api","","1352200","4235","84703","596070","687894","5388098","True","9.718e-05","2.47e-06"
"great-expectations-experimental","great-expectations/great_expectations","2208213","7759","42933","1738250","3436723","5815402","True","9.718e-05","4.04e-06"
"flask-breadcrumbs","inveniosoftware/flask-breadcrumbs","3213379","13430143","1993603","365607","138091","139451","True","9.718e-05","5.88e-06"
"opentelemetry-exporter-zipkin-json","open-telemetry/opentelemetry-python","3220268","214603","759242","638451","813737","13675309","True","9.718e-05","5.89e-06"
"mypy-boto3-route53-recovery-cluster","","1690534","8228","28745","234860","2193600","5987237","True","9.718e-05","3.09e-06"
"pyobjc-framework-coreaudiokit","ronaldoussoren/pyobjc","2022191","445992","1004631","2589637","3140087","2930607","True","9.718e-05","3.7e-06"
"jsonschema-spec","","8974798","0","1406144","15199230","15529062","12739553","True","9.718e-05","1.642e-05"
"neotime","","3151466","1822578","4217859","3637642","2263959","3815293","True","9.718e-05","5.76e-06"
"sgqlc","","7814372","748504","3292719","5620641","12496811","16913185","True","9.718e-05","1.429e-05"
"opentelemetry-resourcedetector-process","","1378020","0","3927","38356","329324","6518494","True","9.718e-05","2.52e-06"
"flyteidl","flyteorg/flyte","2662833","194187","394392","1710501","4514400","6500687","True","9.718e-05","4.87e-06"
"pymupdfb","pymupdf/pymupdf","14042135","0","0","16142022","25861079","28207573","True","9.718e-05","2.569e-05"
"click-aliases","","1874000","255808","827185","870126","2038357","5378525","True","9.718e-05","3.43e-06"
"pylatexenc","phfaist/pylatexenc","6059078","1150222","1017291","2064088","5306658","20757129","True","9.718e-05","1.108e-05"
"graphql-server-core","","2884471","3236658","2796684","2247747","2034670","4106594","True","9.718e-05","5.28e-06"
"python-redis-lock","ionelmc/python-redis-lock","5143438","2576244","4302034","4568094","5347930","8922886","True","9.718e-05","9.41e-06"
"python-frontmatter","eyeseast/python-frontmatter","6223047","467732","1647152","2055241","5526694","21418418","True","9.718e-05","1.138e-05"
"hatch-requirements-txt","repo-helper/hatch-requirements-txt","4743832","0","20624","590941","7592493","15515104","True","9.718e-05","8.68e-06"
"mypy-boto3-appconfigdata","","1754399","718","18721","246327","2253774","6252455","True","9.718e-05","3.21e-06"
"asteroid-filterbanks","asteroid-team/asteroid-filterbanks","2815607","37568","107115","906771","4331725","8694858","True","9.718e-05","5.15e-06"
"google-cloud-os-login","","97321073","1556762","7874610","18815559","104448911","353909524","True","9.718e-05","0.00017803"
"cvdupdate","cisco-talos/cvdupdate","3122429","33669","226919","3210082","6470614","5670862","True","9.718e-05","5.71e-06"
"azure-mgmt-relay","","33004384","15189010","28050066","40895315","60727728","20159800","True","9.718e-05","6.038e-05"
"pyobjc-framework-callkit","","1008594","197790","459742","680262","908430","2796746","True","9.718e-05","1.85e-06"
"tree-sitter-languages","","17942815","0","10338","302401","2778227","86623111","True","9.718e-05","3.282e-05"
"jaraco-functools","","230514562","6247444","25230653","23118573","191667230","906308910","True","9.718e-05","0.00042168"
"mypy-boto3-sagemaker-geospatial","","1674012","0","449","223328","2176525","5969758","True","9.718e-05","3.06e-06"
"tableauserverclient","tableau/server-client-python","93135333","18191396","34106625","31272703","63273736","318832203","True","9.718e-05","0.00017037"
"llama-index-legacy","run-llama/llama_index","2975902","0","0","0","7829765","7049743","True","9.718e-05","5.44e-06"
"poetry-dynamic-versioning","","13502665","379956","1386359","5455484","19524693","40766832","True","9.718e-05","2.47e-05"
"pycountry-convert","","2510447","2366260","3324072","1807567","1803675","3250662","True","9.718e-05","4.59e-06"
"titlecase","ppannuto/python-titlecase","2769453","1512975","2710366","3255078","3359303","3009541","True","9.718e-05","5.07e-06"
"faust-cchardet","","1690007","0","5639","876301","3289852","4278241","True","9.718e-05","3.09e-06"
"opentelemetry-instrumentation-sagemaker","","1719884","0","0","0","36074","8563344","True","9.718e-05","3.15e-06"
"unstructured","unstructured-io/unstructured","11605929","0","1265","3974342","16763521","37290515","True","9.718e-05","2.123e-05"
"zxcvbn","dwolfhub/zxcvbn-python","3230488","1025361","1653400","2677968","3154771","7640941","True","9.718e-05","5.91e-06"
"lancedb","","4227763","0","0","228930","4554906","16354977","True","9.718e-05","7.73e-06"
"pytest-factoryboy","","5669140","2285783","2858148","4453491","6122792","12625487","True","9.718e-05","1.037e-05"
"b2sdk","backblaze/b2-sdk-python","2049398","583878","709045","1036424","2801341","5116303","True","9.718e-05","3.75e-06"
"deepface","","1903985","237955","455175","899839","1765322","6161633","True","9.718e-05","3.48e-06"
"mypy-boto3-mediastore","","1746968","45987","72126","265721","2299616","6051388","True","9.718e-05","3.2e-06"
"tensorflow-io-gcs-filesystem","tensorflow/io","79050793","4499714","53344050","100997770","132432948","103979483","True","9.718e-05","0.00014461"
"mypy-boto3-redshift-data","","35667297","41838","12113958","40049082","60816132","65315475","True","9.718e-05","6.525e-05"
"sqlfluff-templater-dbt","","8032843","24211","1570998","4895744","11933525","21739737","True","9.718e-05","1.469e-05"
"azure-functions-devops-build","azure/azure-functions-devops-build","1391908","4089161","1419749","657692","421304","371635","True","9.718e-05","2.55e-06"
"lakefs","","2835862","22","3","1131","122005","14056149","True","9.718e-05","5.19e-06"
"cognite-model-hosting","","2054633","7083433","3178401","1135","6540","3656","True","9.718e-05","3.76e-06"
"pyclean","","1123640","174840","425284","823972","1520460","2673646","True","9.718e-05","2.06e-06"
"aws-cdk-aws-dynamodb","","2287013","2098668","2379633","2520607","2431033","2005124","True","9.718e-05","4.18e-06"
"corner","","1291958","512260","640733","673760","2902706","1730332","True","9.718e-05","2.36e-06"
"google-cloud-build","","72453152","2419201","8864566","26702356","112263674","212015965","True","9.718e-05","0.00013254"
"opentelemetry-instrumentation-jinja2","","7507237","2208945","5580071","3006411","8448861","18291895","True","9.718e-05","1.373e-05"
"nvidia-cusolver-cu11","","13388792","132","6069","28682790","21676678","16578289","True","9.718e-05","2.449e-05"
"modelscope","","3465100","0","943","376925","2561517","14386113","True","9.718e-05","6.34e-06"
"mypy-boto3-resiliencehub","","1683047","837","16136","231715","2189326","5977220","True","9.718e-05","3.08e-06"
"that-depends","modern-python/that-depends","4086060","0","0","0","20228951","201349","True","9.718e-05","7.47e-06"
"livy","acroz/pylivy","4612027","117649","392521","2276892","9139998","11133075","True","9.718e-05","8.44e-06"
"llamaindex-py-client","","1158981","0","0","3596","3525079","2266232","True","9.718e-05","2.12e-06"
"prison","betodealmeida/python-rison","49198442","14399056","32294662","29549919","77692259","92056314","True","9.718e-05","9e-05"
"asynch","long2ice/asynch","6180887","4299","11321","2317484","6191648","22379683","True","9.718e-05","1.131e-05"
"spark-expectations","","1443665","0","0","112342","1770174","5335808","True","9.718e-05","2.64e-06"
"reverse-geocoder","","3348947","3508663","3264489","2799423","3903438","3268724","True","9.718e-05","6.13e-06"
"clvm-tools-rs","","1796514","0","636807","1177706","4433026","2735029","True","9.718e-05","3.29e-06"
"cloudevents","","34406589","3481980","9831967","29912747","46562677","82243576","True","9.718e-05","6.294e-05"
"pyairtable","gtalarico/pyairtable","7211416","29121","1747019","3960583","9160467","21159890","True","9.718e-05","1.319e-05"
"cdk-ecr-deployment","","1033847","4054","106608","304545","1500007","3254021","True","9.718e-05","1.89e-06"
"pyobjc-framework-linkpresentation","ronaldoussoren/pyobjc","1058295","332824","543769","710940","929210","2774730","True","9.718e-05","1.94e-06"
"django-celery-beat","celery/django-celery-beat","17459210","6419475","9214206","13405070","20318926","37938371","True","9.718e-05","3.194e-05"
"neuralprophet","","1041737","282291","862151","1593841","1479463","990941","True","9.718e-05","1.91e-06"
"binary","","1148881","391200","458106","793434","1343313","2758351","True","9.718e-05","2.1e-06"
"text-unidecode","kmike/text-unidecode","226380821","88437110","126544297","150814544","280678067","485430087","True","9.718e-05","0.00041412"
"sailthru-client","sailthru/sailthru-python-client","1005344","1267465","1196112","814107","691289","1057748","True","9.718e-05","1.84e-06"
"dify-plugin","","1958603","0","0","0","9734","9783279","True","9.718e-05","3.58e-06"
"pkgutil-resolve-name","graingert/pkgutil-resolve-name","202428447","26858","82426287","262704384","359219942","307764766","True","9.718e-05","0.0003703"
"distro-info","","1159923","1012131","888013","663117","1930686","1305668","True","9.718e-05","2.12e-06"
"cbor","","3960265","1085034","4136642","2903693","5082058","6593897","True","9.718e-05","7.24e-06"
"tabula-py","chezou/tabula-py","3678122","868567","1557079","2827186","4295456","8842323","True","9.718e-05","6.73e-06"
"googletrans","ssut/py-googletrans","11590531","16223454","18009272","8976794","7067220","7675915","True","9.718e-05","2.12e-05"
"dvc-task","","3228916","0","431355","2862495","4333193","8517535","True","9.718e-05","5.91e-06"
"flake8-formatter-junit-xml","","1265403","770823","1021609","1048541","1569296","1916745","True","9.718e-05","2.31e-06"
"ipyvuetify","widgetti/ipyvuetify","1689057","380211","882522","1409596","2882800","2890157","True","9.718e-05","3.09e-06"
"progressbar","","3855030","1883824","1978863","4540369","5852090","5020004","True","9.718e-05","7.05e-06"
"stanza","stanfordnlp/stanza","3333144","876372","4200173","1823536","3254032","6511609","True","9.718e-05","6.1e-06"
"pylibftdi","codedstructure/pylibftdi","1835037","2345071","1546614","3420340","1269981","593178","True","9.718e-05","3.36e-06"
"timezonefinder","jannikmi/timezonefinder","24717472","7838393","18072307","23238046","28677051","45761562","True","9.718e-05","4.522e-05"
"aiodataloader","syrusakbary/aiodataloader","5392565","1066445","4274430","4810603","4867621","11943725","True","9.718e-05","9.86e-06"
"apache-airflow-providers-mysql","","65972240","1227157","17878452","18840415","91102695","200812483","True","9.718e-05","0.00012068"
"rotary-embedding-torch","","1457743","10328","149008","1043448","2353245","3732684","True","9.718e-05","2.67e-06"
"ast-grep-cli","","1391653","0","0","9859","767349","6181057","True","9.718e-05","2.55e-06"
"snowflake-ingest","","2381645","137274","2101322","6903662","2200642","565324","True","9.718e-05","4.36e-06"
"fortnitepy","terbau/fortnitepy","19532824","70699335","11799620","14737963","156793","270408","True","9.718e-05","3.573e-05"
"domain2idna","pyfunceble/domain2idna","1429320","968680","899313","962576","2340125","1975906","True","9.718e-05","2.61e-06"
"librt","","5970371","0","0","0","0","29851855","True","9.718e-05","1.092e-05"
"linearmodels","","1219910","967474","984047","788393","1039176","2320462","True","9.718e-05","2.23e-06"
"pymeta3","wbond/pymeta3","2872994","480544","1054591","1812055","3726205","7291574","True","9.718e-05","5.26e-06"
"cloudinary","cloudinary/pycloudinary","3506492","1516413","2604940","3471298","4385804","5554004","True","9.718e-05","6.41e-06"
"dataset","pudo/dataset","3131474","978176","820938","1066749","2661496","10130013","True","9.718e-05","5.73e-06"
"pip-audit","pypa/pip-audit","6809296","12279","745579","3618531","7009590","22660502","True","9.718e-05","1.246e-05"
"eth-account","ethereum/eth-account","22982570","1936742","6022030","10555078","48055087","48343915","True","9.718e-05","4.204e-05"
"beniget","serge-sans-paille/beniget","3591313","851965","4885033","2501446","3921613","5796506","True","9.718e-05","6.57e-06"
"psycopg-c","psycopg/psycopg","1812275","4756","96025","957162","2970349","5033081","True","9.718e-05","3.32e-06"
"pyod","yzhao062/pyod","6672895","3197237","5877326","7318031","7998022","8973859","True","9.718e-05","1.221e-05"
"sagemaker-data-insights","","2102298","0","546","48665","1559190","8903091","True","9.718e-05","3.85e-06"
"aqtinstall","miurahr/aqtinstall","1662005","696372","966789","1348971","1984323","3313571","True","9.718e-05","3.04e-06"
"trufflehog","","1397182","887980","1437039","1194110","2032360","1434423","True","9.718e-05","2.56e-06"
"geojson-pydantic","","1972358","75584","328968","912296","2533836","6011104","True","9.718e-05","3.61e-06"
"drf-writable-nested","beda-software/drf-writable-nested","2214629","1034284","1390539","1905972","2980058","3762293","True","9.718e-05","4.05e-06"
"awslimitchecker","","1439941","188270","152246","560279","2950163","3348746","True","9.718e-05","2.63e-06"
"ipfshttpclient","","3777508","1743030","5155524","4908374","4052647","3027963","True","9.718e-05","6.91e-06"
"stop-words","alir3z4/python-stop-words","2108739","2735290","3540306","1264855","1395500","1607742","True","9.718e-05","3.86e-06"
"weread2notionpro","","3633762","0","0","0","1761748","16407061","True","9.718e-05","6.65e-06"
"dropbox","dropbox/dropbox-sdk-python","14308345","6950358","10692753","12741505","20880424","20276685","True","9.718e-05","2.617e-05"
"treelite","dmlc/treelite","1838897","60155","207220","2510909","2748523","3667678","True","9.718e-05","3.36e-06"
"hdbcli","","11234689","2954087","7536845","10490334","15275841","19916336","True","9.718e-05","2.055e-05"
"mypy-boto3-redshift-serverless","","1730722","0","3461","248636","2241909","6159606","True","9.718e-05","3.17e-06"
"django-oauth-toolkit","django-oauth/django-oauth-toolkit","9092697","3426272","4511647","5527188","11672765","20325612","True","9.718e-05","1.663e-05"
"pmdarima","alkaline-ml/pmdarima","26759688","8303544","15762578","20156438","29241011","60334869","True","9.718e-05","4.895e-05"
"asyncio-atexit","","1228943","0","4773","259968","2208854","3671118","True","9.718e-05","2.25e-06"
"thop","","9594489","3537411","5449421","8149189","16339460","14496962","True","9.718e-05","1.755e-05"
"atpublic","","16334471","1687246","7670663","10815506","19032000","42466939","True","9.718e-05","2.988e-05"
"hf-xet","","88665009","0","0","0","0","443325044","True","9.718e-05","0.0001622"
"pyuwsgi","","1416061","249422","350130","967029","1275402","4238324","True","9.718e-05","2.59e-06"
"jsons","ramonhagenaars/jsons","7808964","3266989","5690285","6871906","10519544","12696098","True","9.718e-05","1.428e-05"
"pylint-junit","","1272688","347990","706525","1068986","1772117","2467823","True","9.718e-05","2.33e-06"
"mypy-boto3-servicecatalog","","2039655","47110","106256","324057","3377658","6343196","True","9.718e-05","3.73e-06"
"canopen","","2146322","356277","529472","1125032","2572000","6148828","True","9.718e-05","3.93e-06"
"cdifflib","mduggan/cdifflib","2358864","110176","2464347","2953020","4303003","1963776","True","9.718e-05","4.32e-06"
"chromedriver-autoinstaller","yeongbin-jo/python-chromedriver-autoinstaller","3437409","651390","1705343","3026718","4050425","7753171","True","9.718e-05","6.29e-06"
"apache-airflow-providers-apache-hive","","2936509","399816","2625287","2977118","3445218","5235106","True","9.718e-05","5.37e-06"
"purecloudplatformclientv2","","19747996","355000","887832","1365280","1727051","94404815","True","9.718e-05","3.613e-05"
"pygam","","3767594","3066758","3504637","3749709","4551049","3965819","True","9.718e-05","6.89e-06"
"asciitable","","1027786","71216","2399574","2465339","185316","17483","True","9.718e-05","1.88e-06"
"fuzzyset2","","1178740","92978","247064","331960","2038377","3183319","True","9.718e-05","2.16e-06"
"littleutils","alexmojaki/littleutils","1868074","1347627","1566852","1992482","2685770","1747637","True","9.718e-05","3.42e-06"
"heroku3","","3708317","6159181","7537773","2225483","1441283","1177863","True","9.718e-05","6.78e-06"
"aiounittest","","1417781","468216","608716","929451","1920325","3162196","True","9.718e-05","2.59e-06"
"aws-sam-cli","aws/aws-sam-cli","11233379","5662286","11003694","10294615","13494923","15711379","True","9.718e-05","2.055e-05"
"pgspecial","","2013337","420380","456137","703790","2209569","6276811","True","9.718e-05","3.68e-06"
"strawberry-graphql-django","","1644179","17142","156031","546434","1159370","6341918","True","9.718e-05","3.01e-06"
"vcam","","1637336","6228432","1931607","8988","14036","3619","True","9.718e-05","3e-06"
"sqlfluff","","20808342","1565807","5591327","12843286","26065906","57975386","True","9.718e-05","3.806e-05"
"tensorrt","","1116644","22097","49701","1530576","1620455","2360389","True","9.718e-05","2.04e-06"
"cmreshandler","","1236350","570308","844702","1012452","1366047","2388240","True","9.718e-05","2.26e-06"
"singleton-decorator","kemaweyan/singleton_decorator","6230666","1537521","5100733","4436430","10577931","9500717","True","9.718e-05","1.14e-05"
"motmetrics","","1069029","347309","680141","788373","1513640","2015683","True","9.718e-05","1.96e-06"
"azure-keyvault-keys","","77358953","14908718","52083370","65803985","119170412","134828280","True","9.718e-05","0.00014151"
"magika","","3109624","0","0","169","1357626","14190327","True","9.718e-05","5.69e-06"
"jsonrpclib","","1144881","173644","285950","379813","3082760","1802236","True","9.718e-05","2.09e-06"
"tree-sitter","tree-sitter/py-tree-sitter","36549714","2120729","550614","1088426","15731190","163257613","True","9.718e-05","6.686e-05"
"kconfiglib","ulfalizer/kconfiglib","5987428","2205571","4380818","2240007","6547543","14563199","True","9.718e-05","1.095e-05"
"opentelemetry-instrumentation-remoulade","","1613632","0","20006","93693","2722236","5232224","True","9.718e-05","2.95e-06"
"supermercado","mapbox/supermercado","1479378","1639010","1611909","1207781","2183021","755169","True","9.718e-05","2.71e-06"
"opentelemetry-instrumentation-grpc","","19637176","2505071","7220323","8428459","21609880","58422145","True","9.718e-05","3.592e-05"
"flask-dance","","2305465","429148","592174","744565","1855208","7906229","True","9.718e-05","4.22e-06"
"textsearch","kootenpv/textsearch","2451132","1523980","2232355","2767900","2747190","2984233","True","9.718e-05","4.48e-06"
"mypy-boto3-athena","","10594584","103385","3214828","6753396","15947345","26953966","True","9.718e-05","1.938e-05"
"pyicu-binary","","2051542","468687","569775","1537681","3531088","4150480","True","9.718e-05","3.75e-06"
"python-geohash","","7132257","4577220","3999458","4917805","6606289","15560512","True","9.718e-05","1.305e-05"
"shellcheck-py","","4151145","708653","1098014","2049222","5080096","11819738","True","9.718e-05","7.59e-06"
"fastecdsa","","1007442","581064","808542","671531","945818","2030256","True","9.718e-05","1.84e-06"
"nvidia-cuda-nvcc-cu12","","2962792","0","228","180533","2644644","11988554","True","9.718e-05","5.42e-06"
"channels-redis","django/channels_redis","9304791","2864509","4159426","5779910","11393521","22326590","True","9.718e-05","1.702e-05"
"apache-airflow-providers-snowflake","","80579846","2932626","16902267","36947477","118684361","227432499","True","9.718e-05","0.0001474"
"duckduckgo-search","","4849932","2227","56022","2059784","5130947","17000682","True","9.718e-05","8.87e-06"
"hishel","","14270788","0","0","11584","12429471","58912884","True","9.718e-05","2.611e-05"
"deap","","2454302","1710836","2143777","2180041","3037519","3199337","True","9.718e-05","4.49e-06"
"mypy-boto3-mediapackage-vod","","1740957","47457","75782","257864","2282489","6041194","True","9.718e-05","3.18e-06"
"mypy-boto3-cost-optimization-hub","","1672888","0","0","70705","2180410","6113324","True","9.718e-05","3.06e-06"
"cognitojwt","borisrozumnuk/cognitojwt","1657601","736200","941355","1446841","2707815","2455793","True","9.718e-05","3.03e-06"
"crispy-bootstrap4","","1138983","0","105","538559","1956486","3199766","True","9.718e-05","2.08e-06"
"ws4py","lawouach/websocket-for-python","10060957","5709359","11148775","11623352","17971892","3851409","True","9.718e-05","1.84e-05"
"pytest-timestamper","","1388998","21527","428909","881748","2942172","2670634","True","9.718e-05","2.54e-06"
"scrapbook","nteract/scrapbook","9339168","365988","1447778","2535841","5011745","37334487","True","9.718e-05","1.708e-05"
"depyf","","4426935","0","0","1482","135955","21997237","True","9.718e-05","8.1e-06"
"django-ninja","vitalik/django-ninja","3457786","100040","550310","1655477","4556024","10427077","True","9.718e-05","6.33e-06"
"secure","","2075857","191056","372482","901795","3186063","5727890","True","9.718e-05","3.8e-06"
"pynput-robocorp-fork","robocorp/pynput","2906048","201570","752499","1026126","6165149","6384895","True","9.718e-05","5.32e-06"
"nagisa","taishi-i/nagisa","1375479","69968","197620","1312718","3430790","1866301","True","9.718e-05","2.52e-06"
"optuna-integration","","1357501","0","0","16743","1247036","5523727","True","9.718e-05","2.48e-06"
"cachey","","1138343","261964","2027891","318253","1891979","1191627","True","9.718e-05","2.08e-06"
"google-cloud-functions","","2196853","135986","337828","1286102","2737071","6487277","True","9.718e-05","4.02e-06"
"gurobipy","","2707375","274348","965754","2278114","3800979","6217678","True","9.718e-05","4.95e-06"
"twirp","","1234191","64719","805688","361979","429413","4509154","True","9.718e-05","2.26e-06"
"azure-mgmt-media","","45720923","15614533","28320199","43340946","74850015","66478924","True","9.718e-05","8.364e-05"
"ecos","embotech/ecos","9816156","3634126","10777177","7301406","16368057","11000016","True","9.718e-05","1.796e-05"
"pyqt6-sip","python-sip/sip","4962180","166068","554543","1830931","4646173","17613185","True","9.718e-05","9.08e-06"
"mypy-boto3-neptunedata","","1776878","0","0","193482","2471685","6219222","True","9.718e-05","3.25e-06"
"mypy-boto3-connectcampaignsv2","","1257406","0","0","0","326954","5960075","True","9.718e-05","2.3e-06"
"apipkg","pytest-dev/apipkg","10211300","28149744","5836309","4491431","6544905","6034111","True","9.718e-05","1.868e-05"
"mypy-boto3-ecs","","4994159","230936","706932","2065170","7895123","14072635","True","9.718e-05","9.14e-06"
"ddlparse","shinichi-takii/ddlparse","3087847","5999468","6339877","2295885","383083","420922","True","9.718e-05","5.65e-06"
"aws-cdk-core","","5140871","3375029","6955308","6988179","4252046","4133793","True","9.718e-05","9.4e-06"
"azure-storage","azure/azure-storage-python","17319020","16019101","20062619","22130701","16598747","11783934","True","9.718e-05","3.168e-05"
"protego","scrapy/protego","18274632","5043191","8694794","12048609","15666277","49920289","True","9.718e-05","3.343e-05"
"nanotime","jbenet/nanotime","2910890","1096753","3708879","6805969","1614478","1328369","True","9.718e-05","5.32e-06"
"blockdiag","","1091439","843072","876663","899647","1271246","1566569","True","9.718e-05","2e-06"
"django-modelcluster","wagtail/django-modelcluster","2615891","1230429","1399521","1885366","4031564","4532574","True","9.718e-05","4.79e-06"
"ytmusicapi","sigma67/ytmusicapi","1563021","1401018","1741000","1441352","1764447","1467289","True","9.718e-05","2.86e-06"
"ua-parser-builtins","ua-parser/uap-python","17767237","0","0","0","3066222","85769961","True","9.718e-05","3.25e-05"
"huaweicloudsdkdns","","1236035","2290","122489","1458668","3289646","1307080","True","9.718e-05","2.26e-06"
"xdg","srstevenson/xdg-base-dirs","2477417","791560","983986","1884443","5044318","3682777","True","9.718e-05","4.53e-06"
"pypydispatcher","","1752075","56445","39691","63823","289875","8310540","True","9.718e-05","3.21e-06"
"django-utils-six","","1101385","280508","726099","1100617","1525634","1874065","True","9.718e-05","2.01e-06"
"pydicom","pydicom/pydicom","5756997","2299880","3825193","4366818","8447822","9845271","True","9.718e-05","1.053e-05"
"dash-html-components","plotly/dash-html-components","18076497","7234832","10897922","16741917","30154595","25353217","True","9.718e-05","3.307e-05"
"keplergl","","2313653","493542","1202818","1409646","2387780","6074481","True","9.718e-05","4.23e-06"
"datasketches","","1346900","2101","16636","1819178","1588452","3308135","True","9.718e-05","2.46e-06"
"ably","","4324478","70250","142753","188557","3059471","18161359","True","9.718e-05","7.91e-06"
"youtube-search-python","","9507545","7389470","24312313","12555922","1432628","1847394","True","9.718e-05","1.739e-05"
"duckdb-engine","mause/duckdb_engine","3243195","2249","458767","1630367","3343023","10781570","True","9.718e-05","5.93e-06"
"lightning-cloud","","1820842","0","758358","4568708","2270942","1506200","True","9.718e-05","3.33e-06"
"opentelemetry-instrumentation-bedrock","","2010925","0","0","4704","399496","9650426","True","9.718e-05","3.68e-06"
"mergepythonclient","","1524092","0","0","424245","1590747","5605469","True","9.718e-05","2.79e-06"
"sekkaybot","","12653023","23789974","27073415","12361668","37440","2616","True","9.718e-05","2.315e-05"
"ceja","","2730550","558968","2170629","3867329","3948296","3107527","True","9.718e-05","5e-06"
"codeguru-profiler-agent","aws/amazon-codeguru-profiler-python-agent","2480411","342450","904809","2110047","4057888","4986862","True","9.718e-05","4.54e-06"
"hijridate","","2624480","0","4","9171","85974","13027251","True","9.718e-05","4.8e-06"
"crontab","josiahcarlson/parse-crontab","6317305","4338481","6072105","4543644","4125936","12506361","True","9.718e-05","1.156e-05"
"haversine","mapado/haversine","17961407","5586384","12532898","14605935","20396124","36685692","True","9.718e-05","3.286e-05"
"pyld","digitalbazaar/pyld","1454122","444051","516556","912509","2794393","2603099","True","9.718e-05","2.66e-06"
"hyperpyyaml","speechbrain/hyperpyyaml","10089261","55764","175404","1452922","30227118","18535095","True","9.718e-05","1.846e-05"
"pyspark-test","debugger24/pyspark-test","1600280","238467","987619","1621503","2276198","2877611","True","9.718e-05","2.93e-06"
"nodejs-wheel-binaries","njzjz/nodejs-wheel","7959826","0","0","0","16926200","22872930","True","9.718e-05","1.456e-05"
"mypy-boto3-snow-device-management","","1691728","7197","25151","234149","2200282","5991859","True","9.718e-05","3.09e-06"
"dagster-dbt","","6984339","53157","314891","8726819","14368452","11458374","True","9.718e-05","1.278e-05"
"pytest-flakefinder","dropbox/pytest-flakefinder","2746388","192951","376528","1489809","4066438","7606213","True","9.718e-05","5.02e-06"
"pybcj","miurahr/pybcj","15068484","445450","4773624","12655964","20143161","37324223","True","9.718e-05","2.756e-05"
"mypy-boto3-bedrock-agent","","1798645","0","0","70123","2248581","6674523","True","9.718e-05","3.29e-06"
"ulid-py","ahawker/ulid","7743453","1277439","2638766","5501754","10979592","18319712","True","9.718e-05","1.417e-05"
"django-rest-auth","tivix/django-rest-auth","2761415","3293444","3559929","3169972","2130982","1652749","True","9.718e-05","5.05e-06"
"pysnow","","1319238","556719","688613","805909","1734197","2810754","True","9.718e-05","2.41e-06"
"axiom-py","","1027456","509","3738","30265","785585","4317184","True","9.718e-05","1.88e-06"
"pycld2","abosamoor/pycld2","3110998","1965387","1763012","2577209","2385442","6863942","True","9.718e-05","5.69e-06"
"boostedblob","","15506131","9197736","6060838","5801471","16774350","39696262","True","9.718e-05","2.837e-05"
"azureml-featurestore","","2027359","0","168","1376265","6018984","2741378","True","9.718e-05","3.71e-06"
"jsoncomment","","1104241","587199","462818","605000","1985364","1880825","True","9.718e-05","2.02e-06"
"ipyleaflet","jupyter-widgets/ipyleaflet","1687689","540821","1227077","1802435","2215178","2652934","True","9.718e-05","3.09e-06"
"bqplot","bqplot/bqplot","1559188","615743","1100994","1688638","1787564","2603002","True","9.718e-05","2.85e-06"
"dissect-target","","1637491","0","40713","1184537","2700858","4261349","True","9.718e-05","3e-06"
"scikit-optimize","holgern/scikit-optimize","9721236","10940057","9674942","6678718","9925529","11386936","True","9.718e-05","1.778e-05"
"html5validator","","4765526","37396","53100","71426","84341","23581367","True","9.718e-05","8.72e-06"
"json-stream","daggaz/json-stream","2388127","41921","319777","429374","4355212","6794352","True","9.718e-05","4.37e-06"
"lightning","","14054334","0","403306","4685226","19687764","45495376","True","9.718e-05","2.571e-05"
"cloudsmith-api","","1130954","356564","684728","1037679","1946181","1629619","True","9.718e-05","2.07e-06"
"segment-anything","","4029345","0","0","597986","6694343","12854398","True","9.718e-05","7.37e-06"
"django-guardian","django-guardian/django-guardian","4468463","2629964","3069045","4571788","4778936","7292580","True","9.718e-05","8.17e-06"
"opentelemetry-instrumentation-botocore","","14590631","636632","5557471","8216768","15521278","43021005","True","9.718e-05","2.669e-05"
"dm-sonnet","","1135810","4546027","298103","248714","252461","333743","True","9.718e-05","2.08e-06"
"cloudformation-cli-typescript-plugin","aws-cloudformation/cloudformation-cli-typescript-plugin","18155116","3805540","6598773","8312569","16325982","55732715","True","9.718e-05","3.321e-05"
"azure-storage-file-share","","56918888","3908522","20471140","41913435","89401825","128899517","True","9.718e-05","0.00010412"
"lakefs-sdk","","4242297","0","0","10484","1225233","19975766","True","9.718e-05","7.76e-06"
"jupyter-packaging","jupyter/jupyter-packaging","5902209","3377966","3565983","3589550","6265525","12712021","True","9.718e-05","1.08e-05"
"cpplint","cpplint/cpplint","2482501","1247767","1611675","2192643","2849953","4510465","True","9.718e-05","4.54e-06"
"pybuildkite","pyasi/pybuildkite","8382893","675015","1263124","1820091","15267064","22889169","True","9.718e-05","1.533e-05"
"javaobj-py3","tcalmant/python-javaobj","3974628","3397508","1915472","2187284","4266254","8106622","True","9.718e-05","7.27e-06"
"jinjasql","","6381962","3043621","5295411","6132869","8795299","8642612","True","9.718e-05","1.167e-05"
"oslo-middleware","","1344891","1088024","995227","902365","1449190","2289650","True","9.718e-05","2.46e-06"
"colornamer","stitchfix/colornamer","1114341","231571","5325397","2490","4907","7340","True","9.718e-05","2.04e-06"
"pkce","romeodespres/pkce","39001142","292016","4669213","12707631","127246381","50090467","True","9.718e-05","7.134e-05"
"opentelemetry-exporter-jaeger-thrift","open-telemetry/opentelemetry-python","4789672","418981","2213091","4482695","5386999","11446596","True","9.718e-05","8.76e-06"
"rasa-sdk","rasahq/rasa-sdk","1259378","861996","1089317","1110140","1262549","1972887","True","9.718e-05","2.3e-06"
"sk-dist","ibotta/sk-dist","2576442","221673","1378996","2870617","5267996","3142929","True","9.718e-05","4.71e-06"
"mypy-boto3-s3outposts","","1714428","34447","55900","246628","2224053","6011111","True","9.718e-05","3.14e-06"
"coolprop","","1358766","164234","325482","549733","1912352","3842031","True","9.718e-05","2.49e-06"
"pycld3","bsolomon1124/pycld3","1767637","453717","1932503","3499400","1997583","954984","True","9.718e-05","3.23e-06"
"functools32","michilu/python-functools32","11498214","18474215","13176586","11653489","8815921","5370861","True","9.718e-05","2.103e-05"
"theano","","2814680","3038932","3274392","3789179","2672512","1298383","True","9.718e-05","5.15e-06"
"pymsteams","","32468164","6783469","15774035","27446377","36967720","75369217","True","9.718e-05","5.939e-05"
"tslearn","tslearn-team/tslearn","3005636","1374234","1331824","2870723","4576479","4874919","True","9.718e-05","5.5e-06"
"mypy-boto3-chatbot","","1569203","0","0","0","1857358","5988655","True","9.718e-05","2.87e-06"
"django-ckeditor","django-ckeditor/django-ckeditor","4376343","2425946","2853342","4052977","5950697","6598755","True","9.718e-05","8.01e-06"
"docspec","","1401761","354426","534642","941917","1893552","3284268","True","9.718e-05","2.56e-06"
"mmcif-pdbx","","1157827","4705","16390","24392","2385693","3357956","True","9.718e-05","2.12e-06"
"captum","","1959262","369389","716144","1647330","2893701","4169746","True","9.718e-05","3.58e-06"
"googleads","googleads/googleads-python-lib","10361246","12525771","15028434","10788128","5575088","7888807","True","9.718e-05","1.895e-05"
"strip-hints","","27536987","5716600","27137650","45950618","26034155","32845910","True","9.718e-05","5.037e-05"
"highspy","","1146757","0","14257","181454","1039328","4498745","True","9.718e-05","2.1e-06"
"elasticsearch7","elastic/elasticsearch-py","2727222","681866","2400906","1525266","5396821","3631251","True","9.718e-05","4.99e-06"
"bincopy","","1119013","204108","324844","729333","1735830","2600951","True","9.718e-05","2.05e-06"
"pulp-glue","","1458178","0","0","556063","2978970","3755858","True","9.718e-05","2.67e-06"
"covid","nf1s/covid","2201809","4486724","3870204","2202629","354860","94626","True","9.718e-05","4.03e-06"
"clvm-rs","chia-network/clvm_rs","1828146","1609149","334837","109777","4265444","2821521","True","9.718e-05","3.34e-06"
"zodb","zopefoundation/zodb","2441176","658152","639867","894828","8421432","1591599","True","9.718e-05","4.47e-06"
"quickchart-io","","1037183","904796","1161638","1321496","854026","943958","True","9.718e-05","1.9e-06"
"pdfminer-six","","50235000","7075968","27834472","31514770","53880582","130869207","True","9.718e-05","9.19e-05"
"mlxtend","rasbt/mlxtend","11297849","9907715","18819574","10219312","7862832","9679810","True","9.718e-05","2.067e-05"
"igraph","igraph/python-igraph","9726090","425008","3504104","10253495","15120820","19327022","True","9.718e-05","1.779e-05"
"pytest-snapshot","joseph-roitman/pytest-snapshot","4784735","312674","858927","1543371","6701263","14507438","True","9.718e-05","8.75e-06"
"azure-ai-ml","","10014752","0","251701","4381973","22629236","22810850","True","9.718e-05","1.832e-05"
"aioquic","aiortc/aioquic","3496541","182506","550585","1045088","3330345","12374182","True","9.718e-05","6.4e-06"
"rejson","","1127292","267991","274184","240774","1003289","3850224","True","9.718e-05","2.06e-06"
"django-better-admin-arrayfield","gradam/django-better-admin-arrayfield","1448056","574638","963930","1438156","1842711","2420843","True","9.718e-05","2.65e-06"
"dash-table","plotly/dash","17885561","6866256","10776485","16681495","30110980","24992590","True","9.718e-05","3.272e-05"
"tree-sitter-python","","6561726","0","0","0","2689070","30119560","True","9.718e-05","1.2e-05"
"docker-pycreds","shin-/dockerpy-creds","100586249","25439913","37083060","54115513","181513000","204779759","True","9.718e-05","0.000184"
"flask-oidc","fedora-infra/flask-oidc","8906582","3701272","18332411","3299520","6842367","12357338","True","9.718e-05","1.629e-05"
"extract-msg","teammsgextractor/msg-extractor","5081571","1730689","2251649","2940642","6120076","12364801","True","9.718e-05","9.3e-06"
"google-oauth2-tool","dlancer/google-oauth2-tool","1824488","241255","1356325","3021390","2059119","2444349","True","9.718e-05","3.34e-06"
"vispy","","1796497","402035","2329674","1111179","2766550","2373045","True","9.718e-05","3.29e-06"
"attrdict","bcj/attrdict","8059752","4927144","7281250","8385406","9544831","10160127","True","9.718e-05","1.474e-05"
"python-graphql-client","prodigyeducation/python-graphql-client","3930962","532433","1215678","3980204","8485701","5440792","True","9.718e-05","7.19e-06"
"py-grpc-prometheus","lchenn/py-grpc-prometheus","2823054","376435","1582661","2377941","4311908","5466324","True","9.718e-05","5.16e-06"
"gremlinpython","","140256199","2156298","61195603","156042927","223901338","257984830","True","9.718e-05","0.00025657"
"pyannote-pipeline","","2776014","45176","119026","937813","4194402","8583651","True","9.718e-05","5.08e-06"
"codecov-cli","","1003879","0","0","85797","743784","4189813","True","9.718e-05","1.84e-06"
"mypy-boto3-neptune","","1771687","45805","82129","290882","2312173","6127448","True","9.718e-05","3.24e-06"
"ecs-logging","elastic/ecs-logging-python","8945375","519736","1335844","5657947","14637418","22575930","True","9.718e-05","1.636e-05"
"mypy-boto3-iot-data","","1976338","59480","131446","378952","2608040","6703771","True","9.718e-05","3.62e-06"
"aiocsv","","2197152","22896","128116","377784","2584922","7872044","True","9.718e-05","4.02e-06"
"pyobjc-framework-security","","2102746","519019","1058511","2638000","3152200","3146001","True","9.718e-05","3.85e-06"
"swagger-ui-bundle","spec-first/swagger_ui_bundle","30581117","8926673","19459232","17265142","52596763","54657773","True","9.718e-05","5.594e-05"
"proglog","edinburgh-genome-foundry/proglog","27370843","22101954","30897159","18681300","21121281","44052519","True","9.718e-05","5.007e-05"
"requests-oauth","maraujop/requests-oauth","5691350","5263801","3013108","3644924","7342701","9192218","True","9.718e-05","1.041e-05"
"alchemy-mock","miki725/alchemy-mock","3465473","2732123","4407432","4671385","3049294","2467131","True","9.718e-05","6.34e-06"
"featuretools","alteryx/featuretools","2254000","5852625","2746171","771265","757835","1142106","True","9.718e-05","4.12e-06"
"sparkmeasure","lucacanali/sparkmeasure","6039192","2559859","5936570","7655325","6181634","7862571","True","9.718e-05","1.105e-05"
"zope-browser","","1802140","517174","407317","563918","5819746","1702547","True","9.718e-05","3.3e-06"
"flatten-dict","ianlini/flatten-dict","12925389","4129259","9496191","12067253","11150515","27783727","True","9.718e-05","2.364e-05"
"pafy","","1749670","1591670","3548785","1475635","1219017","913244","True","9.718e-05","3.2e-06"
"bitstring","","25490533","25295692","22159347","18096067","27797348","34104212","True","9.718e-05","4.663e-05"
"pynose","mdmintz/pynose","3375690","0","0","2027518","6278712","8572221","True","9.718e-05","6.18e-06"
"pyinstaller-hooks-contrib","pyinstaller/pyinstaller-hooks-contrib","22574865","4955531","8369136","16346957","33749091","49453612","True","9.718e-05","4.13e-05"
"us","unitedstates/python-us","7174867","3687645","9801475","6972163","5494745","9918308","True","9.718e-05","1.313e-05"
"geojson","jazzband/geojson","19585872","8207162","9588434","13418344","26045889","40669529","True","9.718e-05","3.583e-05"
"dash-mantine-components","","1189878","321","77395","628744","1923118","3319812","True","9.718e-05","2.18e-06"
"mypy-boto3-resource-groups","","1747904","44998","70514","258976","2279284","6085746","True","9.718e-05","3.2e-06"
"mypy-boto3-ds","","1805097","47337","70706","262107","2351505","6293831","True","9.718e-05","3.3e-06"
"mypy-boto3-license-manager-linux-subscriptions","","1672358","0","127","220918","2169557","5971188","True","9.718e-05","3.06e-06"
"opt-einsum-fx","","1036643","5500","87234","508320","1973296","2608867","True","9.718e-05","1.9e-06"
"mysql-connector-python-rf","","1894053","2404246","1865469","1546913","1589758","2063881","True","9.718e-05","3.46e-06"
"histoprint","","1603687","65902","256389","266335","2784547","4645260","True","9.718e-05","2.93e-06"
"prophet","","26724327","2953477","12268062","20239018","31227201","66933879","True","9.718e-05","4.889e-05"
"algoliasearch","algolia/algoliasearch-client-python","7161518","1399295","2456755","6475311","7274203","18202025","True","9.718e-05","1.31e-05"
"pickle5","pitrou/pickle5-backport","3461085","1700038","5070177","4030486","3396518","3108206","True","9.718e-05","6.33e-06"
"ormsgpack","","18547395","11771","81154","285628","3356346","89002075","True","9.718e-05","3.393e-05"
"math-verify","","2043899","0","0","0","0","10219496","True","9.718e-05","3.74e-06"
"opentelemetry-instrumentation-cassandra","","1569250","0","0","14101","2587527","5244620","True","9.718e-05","2.87e-06"
"sqlalchemy-trino","dungdm93/sqlalchemy-trino","4092594","256422","1466779","2286790","3684980","12767998","True","9.718e-05","7.49e-06"
"google-cloud-dialogflow-cx","","1983567","43207","183180","985088","2386841","6319518","True","9.718e-05","3.63e-06"
"snowflake","","9572251","1266204","2742440","3449860","7843168","32559582","True","9.718e-05","1.751e-05"
"codemagic-cli-tools","","1723290","12282","37303","69750","187526","8309589","True","9.718e-05","3.15e-06"
"mkdocs-monorepo-plugin","backstage/mkdocs-monorepo-plugin","4800695","307444","841099","1808421","4070802","16975710","True","9.718e-05","8.78e-06"
"collectfast","antonagestam/collectfast","1433350","882921","1082646","1217326","1647550","2336305","True","9.718e-05","2.62e-06"
"grpc-google-logging-v2","googleapis/googleapis","1718915","1579779","965110","629337","728146","4692205","True","9.718e-05","3.14e-06"
"daytona-api-client","","1855008","0","0","0","0","9275039","True","9.718e-05","3.39e-06"
"pypyp","hauntsaninja/pyp","11896109","4049","2357","204064","23770276","35499800","True","9.718e-05","2.176e-05"
"recordtype","","1366795","2938957","1704169","993404","567586","629861","True","9.718e-05","2.5e-06"
"robotframework-tidy","","1695930","35812","347151","722756","2111967","5261965","True","9.718e-05","3.1e-06"
"ggshield","","1353263","38526","385768","1054436","1773646","3513938","True","9.718e-05","2.48e-06"
"cuda-pathfinder","nvidia/cuda-python","1133244","0","0","0","0","5666221","True","9.718e-05","2.07e-06"
"pgvector","pgvector/pgvector-python","23583978","669","5882","1434694","21454120","95024525","True","9.718e-05","4.314e-05"
"cron-validator","","2475834","87802","376691","781188","1554817","9578671","True","9.718e-05","4.53e-06"
"types-aiobotocore-sqs","","4598779","0","99534","3595359","4745126","14553877","True","9.718e-05","8.41e-06"
"python-hosts","jonhadfield/python-hosts","1244584","344607","1107419","1612357","1463260","1695278","True","9.718e-05","2.28e-06"
"json-encoder","","2035695","598933","1139316","1550573","3355482","3534173","True","9.718e-05","3.72e-06"
"azureml-inference-server-http","","4248353","969881","6181857","5041717","5523290","3525022","True","9.718e-05","7.77e-06"
"django-cache-memoize","","1282296","706687","929758","1154678","1621018","1999340","True","9.718e-05","2.35e-06"
"publish-event-sns","msantino/publish-event-sns","4484241","30189","1278079","3925412","7442154","9745373","True","9.718e-05","8.2e-06"
"dbt","","3987977","5867432","7943366","1933138","1479389","2716561","True","9.718e-05","7.3e-06"
"azure-search-documents","","13857514","2210415","3072671","3376047","20225832","40402605","True","9.718e-05","2.535e-05"
"azure-synapse-artifacts","","42626725","3457304","12127868","28366099","74341634","94840718","True","9.718e-05","7.798e-05"
"fabric3","mathiasertl/fabric","1937094","2430369","1873031","1439550","2101311","1841210","True","9.718e-05","3.54e-06"
"runs","","8768780","2430","2182","4258","10849385","32985646","True","9.718e-05","1.604e-05"
"azure-eventgrid","","30628715","20167527","35415677","33663428","29895746","34001195","True","9.718e-05","5.603e-05"
"itables","mwouts/itables","3386420","26573","125721","1650450","3732875","11396481","True","9.718e-05","6.19e-06"
"google-cloud-speech","","98763552","3287331","7165443","10718996","95961909","376684082","True","9.718e-05","0.00018067"
"django-waffle","django-waffle/django-waffle","5825689","2760290","3551810","4278610","6486084","12051649","True","9.718e-05","1.066e-05"
"morefs","iterative/morefs","3124636","0","391","957476","7095554","7569757","True","9.718e-05","5.72e-06"
"mypy-boto3-apigatewaymanagementapi","","1930749","51237","101664","355311","2475304","6670228","True","9.718e-05","3.53e-06"
"google-cloud-appengine-logging","","152694602","7104297","38292690","79733887","227517188","410824946","True","9.718e-05","0.00027932"
"telethon-session-sqlalchemy","tulir/telethon-session-sqlalchemy","2589662","88589","687366","11863132","232834","76389","True","9.718e-05","4.74e-06"
"fast-version","","3448091","0","0","0","17235276","5177","True","9.718e-05","6.31e-06"
"java-access-bridge-wrapper","robocorp/java-access-bridge-wrapper","2974525","86065","656192","1293967","6420106","6416297","True","9.718e-05","5.44e-06"
"lkml","joshtemple/lkml","6020023","8950153","4793081","3537461","6322945","6496473","True","9.718e-05","1.101e-05"
"measurement","","1553820","296845","522877","660090","658320","5630970","True","9.718e-05","2.84e-06"
"nvidia-cufile-cu12","","31720829","0","0","0","692","158603455","True","9.718e-05","5.803e-05"
"mypy-boto3-iotevents","","1739504","46635","74864","257960","2274035","6044026","True","9.718e-05","3.18e-06"
"apache-airflow-providers-pagerduty","","5375944","84311","2140323","4305284","7510316","12839485","True","9.718e-05","9.83e-06"
"sumy","miso-belica/sumy","1291319","251818","260063","348394","4355803","1240515","True","9.718e-05","2.36e-06"
"molecule-docker","ansible-community/molecule-docker","1864592","1667994","3291087","1960893","1207634","1195350","True","9.718e-05","3.41e-06"
"types-enum34","python/typeshed","3048240","1336909","2702568","2090750","2446076","6664895","True","9.718e-05","5.58e-06"
"openhands-aci","","1931895","0","0","0","62046","9597427","True","9.718e-05","3.53e-06"
"oslo-i18n","","12627893","12780632","11980117","14892896","10307195","13178625","True","9.718e-05","2.31e-05"
"lmnr","","1212412","0","0","0","26427","6035633","True","9.718e-05","2.22e-06"
"yamlpath","wwkimball/yamlpath","1948857","1421532","2670734","2082219","1529511","2040290","True","9.718e-05","3.57e-06"
"dvc-s3","","1683699","0","173592","1207717","2248033","4789152","True","9.718e-05","3.08e-06"
"httpstan","stan-dev/httpstan","3456963","739766","1786664","3308099","6692706","4757580","True","9.718e-05","6.32e-06"
"blspy","chia-network/bls-signatures","1487911","1582749","2121280","2084421","1279147","371958","True","9.718e-05","2.72e-06"
"daff","paulfitz/daff","29373576","12433","35096","129543","21633812","125056995","True","9.718e-05","5.373e-05"
"types-regex","","3982817","367","234784","924277","3347376","15407282","True","9.718e-05","7.29e-06"
"b2luigi","","3686897","3158","30453","24437","947946","17428492","True","9.718e-05","6.74e-06"
"pyastronomy","sczesla/pyastronomy","1282155","869373","1234946","1995512","1653386","657556","True","9.718e-05","2.35e-06"
"dnachisel","","3149136","8078","17419","53444","3725144","11941593","True","9.718e-05","5.76e-06"
"coralogix-logger","coralogix/python-coralogix-sdk","3302567","31429","1896125","8133919","2719263","3732101","True","9.718e-05","6.04e-06"
"dotnetcore2","dotnet/core","18706878","39453733","29835048","15423253","6345813","2476541","True","9.718e-05","3.422e-05"
"typer-slim","fastapi/typer","18025417","0","0","254","3467320","86659513","True","9.718e-05","3.297e-05"
"microsoft-kiota-serialization-form","microsoft/kiota-python","8365481","0","0","0","4312740","37514663","True","9.718e-05","1.53e-05"
"teradataml","","1551794","161375","361172","732317","2759927","3744178","True","9.718e-05","2.84e-06"
"types-cachetools","","26220296","1009364","5314655","10162434","30852561","83762464","True","9.718e-05","4.796e-05"
"flask-redis","","1276573","644627","783460","752670","1805951","2396155","True","9.718e-05","2.34e-06"
"azureml-dataprep","","31025015","47948179","39777902","23421270","22369618","21608104","True","9.718e-05","5.675e-05"
"daiquiri","","1053285","633959","713376","903607","1725708","1289773","True","9.718e-05","1.93e-06"
"ytsaurus-client","","1294762","0","0","49837","1395094","5028878","True","9.718e-05","2.37e-06"
"whoosh","","3912348","1709755","2264935","3071835","5745508","6769707","True","9.718e-05","7.16e-06"
"cmakelang","","2766552","597659","1344847","1542489","4191768","6155998","True","9.718e-05","5.06e-06"
"streamlit-image-coordinates","","1394818","0","135","503540","2128833","4341583","True","9.718e-05","2.55e-06"
"aws-cdk-aws-signer","","2920107","1568044","3927067","3783271","3058860","2263295","True","9.718e-05","5.34e-06"
"mypy-boto3-cognito-identity","","2290870","54554","117858","310233","2750400","8221303","True","9.718e-05","4.19e-06"
"llama-index-program-openai","","5771866","0","0","0","8394195","20465136","True","9.718e-05","1.056e-05"
"supafunc","supabase/functions-py","6706831","0","18142","1322905","8950971","23242137","True","9.718e-05","1.227e-05"
"formic2","wolfhong/formic","3217613","181339","273866","488432","6148438","8995992","True","9.718e-05","5.89e-06"
"yfinance","ranaroussi/yfinance","20838146","3189841","5072238","10454030","26956678","58517941","True","9.718e-05","3.812e-05"
"mypy-boto3-sesv2","youtype/mypy_boto3_builder","1972496","53314","119115","368496","2577283","6744272","True","9.718e-05","3.61e-06"
"pdm","pdm-project/pdm","14010871","71798","608439","3965763","14276128","51132225","True","9.718e-05","2.563e-05"
"json-logging-py","sebest/json-logging-py","2031175","3028775","3834983","1475347","1272807","543965","True","9.718e-05","3.72e-06"
"sagemaker-datawrangler","","2039386","0","488","86500","1324299","8785641","True","9.718e-05","3.73e-06"
"imutils","","4996184","3836535","3827518","4458248","7330104","5528513","True","9.718e-05","9.14e-06"
"pyobjc-framework-cryptotokenkit","ronaldoussoren/pyobjc","1986013","461646","1007719","2532386","3044731","2883584","True","9.718e-05","3.63e-06"
"mypy-boto3-payment-cryptography","","1726614","0","0","201379","2186129","6245564","True","9.718e-05","3.16e-06"
"django-cache-url","","1003894","538524","700840","829358","1193652","1757095","True","9.718e-05","1.84e-06"
"pyunormalize","mlodewijck/pyunormalize","7092602","210","752","1832960","12208334","21420753","True","9.718e-05","1.297e-05"
"torch-geometric","pyg-team/pytorch_geometric","3586692","467270","1012471","2296458","4499971","9657290","True","9.718e-05","6.56e-06"
"sodapy","","3058129","432176","2257127","2558354","4572955","5470032","True","9.718e-05","5.59e-06"
"zope-datetime","","1549249","339629","350404","413600","5604500","1038111","True","9.718e-05","2.83e-06"
"labmaze","","1079064","126374","379295","651581","1640672","2597396","True","9.718e-05","1.97e-06"
"decopatch","smarie/python-decopatch","4773458","1111360","1643841","2129843","7287667","11694578","True","9.718e-05","8.73e-06"
"bertopic","","1563513","172439","587385","1962857","1957220","3137662","True","9.718e-05","2.86e-06"
"pyre-extensions","","5958166","255112","2231431","10976870","5161274","11166143","True","9.718e-05","1.09e-05"
"pytest-azurepipelines","azure/pytest-azurepipelines","4753623","1722748","2358749","3743700","7206712","8736205","True","9.718e-05","8.7e-06"
"python-redmine","maxtepkeev/python-redmine","1854228","449817","903208","1989072","2556372","3372671","True","9.718e-05","3.39e-06"
"pysaml2","","8916359","4236893","6315658","7068532","8839013","18121698","True","9.718e-05","1.631e-05"
"pyshark","kiminewt/pyshark","3493106","1479633","1173303","1656000","3329675","9826918","True","9.718e-05","6.39e-06"
"py-cord","pycord-development/pycord","1429190","237046","3130053","1379125","948453","1451273","True","9.718e-05","2.61e-06"
"nose-xunitmp","","1322484","1441308","1427958","1819891","1018815","904446","True","9.718e-05","2.42e-06"
"flask-basicauth","jpvanhal/flask-basicauth","8495752","4061842","8408069","12375924","8306720","9326204","True","9.718e-05","1.554e-05"
"lifetimes","camdavidsonpilon/lifetimes","5941297","10692259","7743132","4318908","3166234","3785954","True","9.718e-05","1.087e-05"
"search-engine-parser","","1197439","1767472","2598850","505607","734356","380909","True","9.718e-05","2.19e-06"
"opentelemetry-instrumentation-urllib3","","35712259","173421","3812683","6221673","35359666","132993852","True","9.718e-05","6.533e-05"
"smbus2","","1615020","425306","630950","1004979","1800052","4213813","True","9.718e-05","2.95e-06"
"azure-mgmt-security","","32005561","4822411","12987490","27852885","64750913","49614108","True","9.718e-05","5.855e-05"
"supervisor","","21082589","10820183","17722183","19645137","20789821","36435623","True","9.718e-05","3.857e-05"
"pybind11-global","pybind/pybind11","1211344","56110","533821","592084","1673059","3201647","True","9.718e-05","2.22e-06"
"funcx","","1126715","324677","970676","3877772","294692","165760","True","9.718e-05","2.06e-06"
"pyobjc-framework-audiovideobridging","","1005791","67478","532215","692188","909694","2827379","True","9.718e-05","1.84e-06"
"hist","","2248625","67653","259120","490037","2875425","7550888","True","9.718e-05","4.11e-06"
"mm","","1088470","628360","1032334","1376591","1787052","618011","True","9.718e-05","1.99e-06"
"gs-quant","","2296527","50341","144445","171657","7695694","3420496","True","9.718e-05","4.2e-06"
"pyobjc-framework-authenticationservices","","1082891","376145","537302","719747","948756","2832504","True","9.718e-05","1.98e-06"
"dagster-slack","","3696900","58384","599102","1772271","4296962","11757780","True","9.718e-05","6.76e-06"
"stripe","stripe/stripe-python","48087184","13939782","20812925","25300150","51550467","128832597","True","9.718e-05","8.797e-05"
"scrypt","","2501043","1214128","1895526","2564882","4761519","2069159","True","9.718e-05","4.58e-06"
"pymilvus","milvus-io/pymilvus","12742726","218868","1174958","4999369","9567757","47752677","True","9.718e-05","2.331e-05"
"types-openpyxl","","4342398","0","32056","1282189","4300589","16097156","True","9.718e-05","7.94e-06"
"dotted-dict","josh-paul/dotted_dict","1415709","3106722","1284807","1170447","804084","712487","True","9.718e-05","2.59e-06"
"dnslib","paulc/dnslib","8721731","1307075","4147927","6893518","15586017","15674116","True","9.718e-05","1.595e-05"
"mypy-boto3-finspace-data","","1706149","15137","37237","240341","2215639","6022391","True","9.718e-05","3.12e-06"
"pypsexec","","1182174","697198","1406479","775019","919926","2112246","True","9.718e-05","2.16e-06"
"python-socketio","miguelgrinberg/python-socketio","34572025","8571535","13603026","20095758","40834974","89754832","True","9.718e-05","6.324e-05"
"robotframework-pabot","mkorpela/pabot","4796447","1755837","4518448","5784995","4465272","7457683","True","9.718e-05","8.77e-06"
"python-benedict","fabiocaccamo/python-benedict","6283311","1553311","6537257","9501525","6667992","7156471","True","9.718e-05","1.149e-05"
"chiapos","chia-network/chiapos","2489361","1635646","1926511","1995513","4212057","2677080","True","9.718e-05","4.55e-06"
"z3-solver","z3prover/z3","5863241","403482","7291970","3944370","6060346","11616038","True","9.718e-05","1.073e-05"
"azure-mgmt-resource-templatespecs","","4474439","0","0","0","0","22372196","True","9.718e-05","8.19e-06"
"pick","","1129244","502392","622346","941318","1807388","1772775","True","9.718e-05","2.07e-06"
"codefind","","1444043","3353","32048","76609","1648486","5459717","True","9.718e-05","2.64e-06"
"statsforecast","nixtla/statsforecast","5421755","202","1061628","4912727","8504318","12629902","True","9.718e-05","9.92e-06"
"psycopg2-pool","changaco/psycopg2-pool","1785048","590138","1298874","1401457","3033101","2601669","True","9.718e-05","3.27e-06"
"html2image","","1168694","44791","193555","739742","2115372","2750012","True","9.718e-05","2.14e-06"
"opentelemetry-instrumentation-asyncpg","","5628943","351031","2363768","2931970","6175682","16322266","True","9.718e-05","1.03e-05"
"multipart","defnull/multipart","11064254","406539","721562","1704649","15950750","36537769","True","9.718e-05","2.024e-05"
"pytest-shard","adamgleave/pytest-shard","2115638","493003","898712","1301169","1908700","5976608","True","9.718e-05","3.87e-06"
"azure-mgmt-databricks","","1248858","401544","253410","510774","1592492","3486070","True","9.718e-05","2.28e-06"
"aws-cdk-asset-node-proxy-agent-v5","","3950907","0","172999","7815057","5334602","6431879","True","9.718e-05","7.23e-06"
"snowflake-sqlalchemy","snowflakedb/snowflake-sqlalchemy","255216047","27785743","77813307","147752732","318102438","704626017","True","9.718e-05","0.00046687"
"sudachidict-full","worksapplications/sudachidict","1996865","1603101","1304757","972473","1650703","4453291","True","9.718e-05","3.65e-06"
"jaeger-client","jaegertracing/jaeger-client-python","4335670","4058618","5472628","6473276","3535699","2138129","True","9.718e-05","7.93e-06"
"acme","","658424413","3391053","3782246","5549058","5715492","3273684217","True","9.718e-05","0.00120446"
"opentelemetry-instrumentation-psycopg2","","30389520","1321289","3269264","4539267","31572851","111244928","True","9.718e-05","5.559e-05"
"thinc","explosion/thinc","85509768","31827193","50503582","58676327","112304294","174237446","True","9.718e-05","0.00015642"
"pytest-parametrization","","1301466","88566","53424","1236661","3217731","1910946","True","9.718e-05","2.38e-06"
"types-mypy-extensions","python/typeshed","1346700","122739","272045","724813","1136923","4476981","True","9.718e-05","2.46e-06"
"binapy","","1113015","325","30593","189153","1087779","4257224","True","9.718e-05","2.04e-06"
"pyqt5-sip","python-sip/sip","17356584","6346187","9264173","11583846","29035652","30553063","True","9.718e-05","3.175e-05"
"gluonnlp","dmlc/gluon-nlp","1186930","1126727","1795133","1465421","1065351","482018","True","9.718e-05","2.17e-06"
"mypy-boto3-supplychain","","1673181","0","0","0","2083895","6282010","True","9.718e-05","3.06e-06"
"types-pysftp","python/typeshed","1167926","32104","244950","800259","1608558","3153759","True","9.718e-05","2.14e-06"
"django-admin-inline-paginator","","1235488","137462","372478","668719","1285310","3713469","True","9.718e-05","2.26e-06"
"tableau-api-lib","divinorum-webb/tableau-api-lib","6696785","2042544","3117501","6002095","9217226","13104557","True","9.718e-05","1.225e-05"
"korean-lunar-calendar","usingsky/korean_lunar_calendar_py","43080573","24019767","49954768","46613277","45736844","49078209","True","9.718e-05","7.881e-05"
"bzt","","1885147","366154","359569","1016987","3309524","4373499","True","9.718e-05","3.45e-06"
"types-docker","","1480948","0","0","0","1049385","6355356","True","9.718e-05","2.71e-06"
"pyside6-essentials","","4374101","0","479410","2083662","5772773","13534658","True","9.718e-05","8e-06"
"types-sqlalchemy","","1194644","349","144522","1226519","2543718","2058114","True","9.718e-05","2.19e-06"
"insightface","deepinsight/insightface","2368561","149180","269266","3185154","4371344","3867862","True","9.718e-05","4.33e-06"
"python-interface","","3210985","609383","2687031","2751442","4130816","5876255","True","9.718e-05","5.87e-06"
"types-babel","","1483439","2862","70076","549110","1175085","5620063","True","9.718e-05","2.71e-06"
"vl-convert-python","","1030675","0","11728","457919","909915","3773815","True","9.718e-05","1.89e-06"
"pytest-timeouts","","5260696","227898","360356","657748","1733893","23323586","True","9.718e-05","9.62e-06"
"pgsanity","markdrago/pgsanity","2030811","751808","606654","2043112","2634969","4117512","True","9.718e-05","3.71e-06"
"azure-mgmt-devtestlabs","","40689938","17343579","29506519","44347333","82701000","29551260","True","9.718e-05","7.443e-05"
"llama-index-readers-llama-parse","","7524603","0","0","0","9261738","28361278","True","9.718e-05","1.376e-05"
"apache-airflow-providers-common-compat","","20135852","0","0","0","21075562","79603699","True","9.718e-05","3.683e-05"
"python-augeas","","1118824","1357651","1689451","1445955","630817","470245","True","9.718e-05","2.05e-06"
"typeshed-client","jellezijlstra/typeshed_client","3937985","32168","49039","1810067","3692899","14105751","True","9.718e-05","7.2e-06"
"pyobjc-framework-mlcompute","","1002283","201887","460809","680253","907617","2760850","True","9.718e-05","1.83e-06"
"tree-sitter-yaml","","5227545","0","0","0","219040","25918687","True","9.718e-05","9.56e-06"
"honcho","nickstenning/honcho","3672471","1162494","1563638","1986654","4294963","9354605","True","9.718e-05","6.72e-06"
"doc-warden","","1566698","938512","1031411","1320165","2282700","2260704","True","9.718e-05","2.87e-06"
"zeroconf","python-zeroconf/python-zeroconf","17756935","10585579","29643895","13459550","13691031","21404618","True","9.718e-05","3.248e-05"
"openvino","openvinotoolkit/openvino","3858230","137612","614190","2274947","6411460","9852941","True","9.718e-05","7.06e-06"
"ultralytics-thop","ultralytics/thop","11305719","0","0","0","14026463","42502130","True","9.718e-05","2.068e-05"
"geomdl","","1663231","76735","100395","130162","3209598","4799263","True","9.718e-05","3.04e-06"
"cognitive-complexity","","1470514","276837","991769","1500722","1883336","2699904","True","9.718e-05","2.69e-06"
"uptime","cairnarvon/uptime","3798843","4637490","4382297","5093157","2682514","2198755","True","9.718e-05","6.95e-06"
"mypy-boto3-workspaces","","1885729","46328","75543","261358","2386329","6659086","True","9.718e-05","3.45e-06"
"mypy-boto3-mturk","","1741963","48906","76576","261811","2283221","6039301","True","9.718e-05","3.19e-06"
"torchcrepe","maxrmorrison/torchcrepe","1667220","5099","47240","3017208","2173114","3093441","True","9.718e-05","3.05e-06"
"cacheout","","1254531","321491","442137","775820","1446407","3286802","True","9.718e-05","2.29e-06"
"types-pyserial","","5577214","0","67","3795179","9545186","14545640","True","9.718e-05","1.02e-05"
"srsly","explosion/srsly","82292516","31201467","49150909","55501611","110866349","164742243","True","9.718e-05","0.00015054"
"elasticsearch8","","1857079","552","29907","445422","2764400","6045116","True","9.718e-05","3.4e-06"
"ibm-watson-machine-learning","","1383503","288853","349303","1091855","3315088","1872416","True","9.718e-05","2.53e-06"
"mypy-boto3-kinesis-video-signaling","","1733897","45193","66996","256321","2264723","6036253","True","9.718e-05","3.17e-06"
"fastdtw","slaypni/fastdtw","4276469","3475574","4376247","4300613","4582248","4647663","True","9.718e-05","7.82e-06"
"unlzw3","","1320898","25328","301294","790807","1477201","4009862","True","9.718e-05","2.42e-06"
"httpagentparser","shon/httpagentparser","2793838","1887133","2628982","2940081","2728074","3784920","True","9.718e-05","5.11e-06"
"pipfile","pypa/pipfile","1713488","2212578","2202864","1075108","858475","2218417","True","9.718e-05","3.13e-06"
"inotify","dsoprea/pyinotify","2992877","938163","5943464","1302161","3241244","3539352","True","9.718e-05","5.47e-06"
"lightning-utilities","lightning-ai/utilities","38644353","0","2115024","33283454","62642871","95180416","True","9.718e-05","7.069e-05"
"python-jsonschema-objects","","1540298","319210","298124","1294030","2471291","3318834","True","9.718e-05","2.82e-06"
"c7n","cloud-custodian/cloud-custodian","14009249","3671471","11428159","12465853","15926225","26554537","True","9.718e-05","2.563e-05"
"azure-mgmt-sqlvirtualmachine","","29995696","4522384","13070409","28259260","56111724","48014705","True","9.718e-05","5.487e-05"
"rank-bm25","dorianbrown/rank_bm25","5252826","94498","260253","1311551","4786039","19811791","True","9.718e-05","9.61e-06"
"pyyaml-include","tanbro/pyyaml-include","8006010","374104","827053","2330085","5580781","30918029","True","9.718e-05","1.465e-05"
"openlineage-airflow","openlineage/openlineage","10853315","7333","123835","648417","6469659","47017332","True","9.718e-05","1.985e-05"
"enrich","pycontribs/enrich","6735790","3297728","5600758","5348993","9492483","9938990","True","9.718e-05","1.232e-05"
"pymc","pymc-devs/pymc","2885954","268440","660911","2036319","3070057","8394041","True","9.718e-05","5.28e-06"
"grpcio-gcp","","63703200","9928588","15955529","14802734","81437324","196391824","True","9.718e-05","0.00011653"
"patch-ng","","10548498","4072685","5528447","7797979","12646915","22696466","True","9.718e-05","1.93e-05"
"mypy-boto3-mediapackage","","1746375","51097","82120","258835","2286994","6052828","True","9.718e-05","3.19e-06"
"awswrangler","aws/aws-sdk-pandas","400651140","33131648","147057299","334668586","590075021","898323146","True","9.718e-05","0.00073291"
"pystac-client","","1332151","18662","143621","816866","2310746","3370858","True","9.718e-05","2.44e-06"
"guppy3","zhuyifei1999/guppy3","7530075","12484408","2194331","1787021","11205220","9979394","True","9.718e-05","1.377e-05"
"pylint-exit","jongracecox/pylint-exit","1339059","791879","1340127","1048138","1670276","1844877","True","9.718e-05","2.45e-06"
"cyclopts","","11516934","0","0","3076","264324","57317272","True","9.718e-05","2.107e-05"
"iterative-stratification","trent-b/iterative-stratification","1551632","251223","5644290","776650","559778","526217","True","9.718e-05","2.84e-06"
"dependency-groups","","10306858","0","0","0","839742","50694546","True","9.718e-05","1.885e-05"
"azure-messaging-webpubsubservice","","1815846","7415","137621","201383","5429804","3303007","True","9.718e-05","3.32e-06"
"pandera","","29890636","1008665","5652702","11326112","41294813","90170888","True","9.718e-05","5.468e-05"
"mypy-boto3-events","","6032536","90960","3114846","4604464","10170322","12182089","True","9.718e-05","1.104e-05"
"alibabacloud-gateway-spi","","5478293","5196","117275","590632","1786055","24892309","True","9.718e-05","1.002e-05"
"azureml-dataprep-rslex","","22950687","36977832","30258037","16977489","21842651","8697424","True","9.718e-05","4.198e-05"
"nicegui","","1211872","6841","30229","286095","1570369","4165825","True","9.718e-05","2.22e-06"
"autogluon-core","","1690994","894471","1331404","898555","2138179","3192363","True","9.718e-05","3.09e-06"
"billiard","celery/billiard","120295487","53133480","61389400","77619270","137369852","271965434","True","9.718e-05","0.00022006"
"semantic-link-functions-validators","","1034393","0","0","38993","741932","4391038","True","9.718e-05","1.89e-06"
"fs-s3fs","pyfilesystem/s3fs","4230114","2340717","3086517","6389385","5702422","3631527","True","9.718e-05","7.74e-06"
"tensorflow-gcs-config","","2222434","11475","23759","4796814","6248005","32118","True","9.718e-05","4.07e-06"
"patchy","","1047131","50786","45511","115797","708888","4314672","True","9.718e-05","1.92e-06"
"kitchen","","1120904","694669","847948","1045502","1465542","1550860","True","9.718e-05","2.05e-06"
"alibabacloud-tea-util","","6055240","47915","157897","661869","1886650","27521869","True","9.718e-05","1.108e-05"
"diracx-core","","2598519","0","0","8657","407545","12576393","True","9.718e-05","4.75e-06"
"mypy-boto3-lambda","","24977062","1156555","5375438","15037963","37095838","66219518","True","9.718e-05","4.569e-05"
"pygsheets","","23547950","31595348","16676662","16812054","22355444","30300244","True","9.718e-05","4.308e-05"
"mypy-boto3-dsql","","1279678","0","0","0","145405","6252983","True","9.718e-05","2.34e-06"
"types-werkzeug","","5141380","888487","3304683","3797888","6544913","11170930","True","9.718e-05","9.41e-06"
"trafaret","deepwalker/trafaret","4116177","2269523","2257575","3127332","3995292","8931164","True","9.718e-05","7.53e-06"
"curated-tokenizers","","1078767","0","0","117021","1230099","4046715","True","9.718e-05","1.97e-06"
"super-collections","","2832635","0","0","0","754436","13408739","True","9.718e-05","5.18e-06"
"mypy-boto3-elasticache","","2180024","76607","168465","406828","2825901","7422318","True","9.718e-05","3.99e-06"
"apache-airflow-providers-apache-druid","","1888750","69284","704975","1315154","3087898","4266441","True","9.718e-05","3.46e-06"
"pybit","","1725453","13683","1025417","1446942","2155060","3986163","True","9.718e-05","3.16e-06"
"mypy-boto3-codecommit","","1765386","46647","70516","275341","2322384","6112043","True","9.718e-05","3.23e-06"
"azure-mgmt-containerservice","","60299252","16915557","29804794","49265581","95420648","110089680","True","9.718e-05","0.00011031"
"seeuletter","","1244621","48140","152038","44676","52530","5925720","True","9.718e-05","2.28e-06"
"langfuse","","11988887","0","0","190308","6664369","53089759","True","9.718e-05","2.193e-05"
"boto-session-manager","","5654001","0","25973","2312457","4801666","21129907","True","9.718e-05","1.034e-05"
"distance","doukremt/distance","2899410","1359029","2456431","2714927","3308707","4657956","True","9.718e-05","5.3e-06"
"brewer2mpl","jiffyclub/palettable","1146985","1327678","1125095","599945","1188135","1494074","True","9.718e-05","2.1e-06"
"instructor","","9429542","128","138","64001","5373505","41709938","True","9.718e-05","1.725e-05"
"rasa","rasahq/rasa","1968693","2204953","2320920","1558841","1823711","1935040","True","9.718e-05","3.6e-06"
"http-ece","","2198767","1351212","1580010","1526978","1448883","5086754","True","9.718e-05","4.02e-06"
"libify","","3686723","2596809","4857676","5145223","3366867","2467042","True","9.718e-05","6.74e-06"
"async-lru","aio-libs/async-lru","127714012","6352001","11216557","68725968","208596537","343678997","True","9.718e-05","0.00023363"
"apache-airflow-backport-providers-amazon","","5081139","4187854","8559071","8879848","2516764","1262159","True","9.718e-05","9.29e-06"
"hnswlib","","5920616","681869","3652061","8108023","10014719","7146410","True","9.718e-05","1.083e-05"
"gprofiler-official","","2078529","7290","8804","239793","2987839","7148918","True","9.718e-05","3.8e-06"
"mypy-boto3-mediaconvert","","1857856","50715","88366","281959","2395077","6473163","True","9.718e-05","3.4e-06"
"drf-nested-routers","alanjds/drf-nested-routers","6527123","3434374","3999498","5027398","8083465","12090882","True","9.718e-05","1.194e-05"
"pandarallel","","4739894","2223532","5268430","4774760","5519733","5913016","True","9.718e-05","8.67e-06"
"mypy-boto3-appintegrations","","1720253","30468","46960","249755","2233661","6040422","True","9.718e-05","3.15e-06"
"manifold3d","","2471373","0","0","6838","3025499","9324529","True","9.718e-05","4.52e-06"
"cyclonedx-bom","","2042946","88339","264358","784629","2015512","7061893","True","9.718e-05","3.74e-06"
"paramiko-expect","fgimian/paramiko-expect","1786226","375604","382338","1495298","3633206","3044685","True","9.718e-05","3.27e-06"
"django-sendgrid-v5","sklarsa/django-sendgrid-v5","1629175","723083","970665","1337691","1987807","3126628","True","9.718e-05","2.98e-06"
"speedtest-cli","sivel/speedtest-cli","2425937","1864074","3415196","1862138","2174575","2813701","True","9.718e-05","4.44e-06"
"autogluon-tabular","","1305506","194624","618907","755039","2064655","2894307","True","9.718e-05","2.39e-06"
"conan","conan-io/conan","12377878","5214623","7576937","10105896","14739587","24252345","True","9.718e-05","2.264e-05"
"tinsel","","1581429","2610","40895","1979126","2846797","3037715","True","9.718e-05","2.89e-06"
"beanie","","3201457","22066","273440","1096319","2625140","11990320","True","9.718e-05","5.86e-06"
"amazon-textract-textractor","","2240686","0","2346","115186","1015415","10070482","True","9.718e-05","4.1e-06"
"llama-index-cli","","6904452","0","0","0","8303905","26218357","True","9.718e-05","1.263e-05"
"db","lgastako/db","1059424","995863","2255103","1204959","379309","461888","True","9.718e-05","1.94e-06"
"pytest-helpers-namespace","","1282094","576826","882597","998790","1547363","2404896","True","9.718e-05","2.35e-06"
"bravado","yelp/bravado","3731174","1742213","3091756","3145217","4903407","5773278","True","9.718e-05","6.83e-06"
"zope-contenttype","","1832647","522699","395753","646493","5834878","1763414","True","9.718e-05","3.35e-06"
"testfixtures","simplistix/testfixtures","15844623","10570416","12321805","12516853","20498336","23315705","True","9.718e-05","2.898e-05"
"nvidia-cudnn-cu11","","35704607","0","6939609","54583466","74582313","42417645","True","9.718e-05","6.531e-05"
"pamela","","3162104","1578723","6659045","2048464","2294900","3229389","True","9.718e-05","5.78e-06"
"pycocoevalcap","","1768962","10023","258585","1470169","2274335","4831700","True","9.718e-05","3.24e-06"
"django-sortedm2m","jazzband/django-sortedm2m","1395038","637790","824974","1147572","1966407","2398448","True","9.718e-05","2.55e-06"
"llguidance","","4421082","0","0","0","81835","22023577","True","9.718e-05","8.09e-06"
"install-jdk","jyksnw/install-jdk","1626231","143296","186363","696310","5023476","2081711","True","9.718e-05","2.97e-06"
"dagster-graphql","","11191183","1371155","2406833","8009121","10144172","34024634","True","9.718e-05","2.047e-05"
"ast-grep-py","","1159815","0","0","10056","661769","5127250","True","9.718e-05","2.12e-06"
"jpholiday","lalcs/jpholiday","1709268","786028","1418904","1434115","1975683","2931611","True","9.718e-05","3.13e-06"
"mypy-boto3-migration-hub-refactor-spaces","","1682089","594","16585","231292","2184477","5977499","True","9.718e-05","3.08e-06"
"zope-size","","1647901","498690","381767","564157","5663882","1131010","True","9.718e-05","3.01e-06"
"validators","python-validators/validators","86916266","24850562","39024648","68101531","107557243","195047345","True","9.718e-05","0.000159"
"teradatasqlalchemy","","13352572","608632","2294074","4579226","18401691","40879235","True","9.718e-05","2.443e-05"
"invisible-watermark","shieldmnt/invisible-watermark","1934925","1875","1068177","3413383","2702261","2488928","True","9.718e-05","3.54e-06"
"py-spy","benfred/py-spy","34662189","6490724","10296587","27032648","31208338","98282648","True","9.718e-05","6.341e-05"
"signalfx","signalfx/signalfx-python","8810661","3756370","7567363","9846632","20775600","2107341","True","9.718e-05","1.612e-05"
"fastapi-sso","","1803092","2924","15300","114332","1063014","7819888","True","9.718e-05","3.3e-06"
"crhelper","aws-cloudformation/custom-resource-helper","2073035","1088399","1207113","1482797","2258595","4328272","True","9.718e-05","3.79e-06"
"sphinx-automodapi","","1046561","461715","505563","600779","1940081","1724665","True","9.718e-05","1.91e-06"
"mypy-boto3-firehose","","2887391","89321","230252","611778","4347916","9157688","True","9.718e-05","5.28e-06"
"tinyhtml5","","13520217","0","0","0","1190303","66410784","True","9.718e-05","2.473e-05"
"netapp-ontap","","2505181","36053","1081243","4845042","2272148","4291418","True","9.718e-05","4.58e-06"
"checksumdir","","14713712","2743963","4662577","12341373","19189214","34631434","True","9.718e-05","2.692e-05"
"pagerduty","","6060347","53610","63307","20902","5418","30158499","True","9.718e-05","1.109e-05"
"junit-xml-2","","1299825","383721","729645","996715","1852407","2536638","True","9.718e-05","2.38e-06"
"xgrammar","","6492744","0","0","0","209792","32253930","True","9.718e-05","1.188e-05"
"meltano","","2432110","41074","129881","257881","730147","11001565","True","9.718e-05","4.45e-06"
"django-bootstrap5","","1054473","47908","199483","588898","1669185","2766890","True","9.718e-05","1.93e-06"
"pyobjc-framework-latentsemanticmapping","ronaldoussoren/pyobjc","2018110","476096","1014613","2592882","3125349","2881608","True","9.718e-05","3.69e-06"
"mypy-boto3-iotfleethub","","1563069","30149","45464","245811","2229007","5264916","True","9.718e-05","2.86e-06"
"mypy-boto3-lakeformation","","4875081","47485","97014","773607","5404868","18052431","True","9.718e-05","8.92e-06"
"gcloud-aio-taskqueue","talkiq/gcloud-aio","1228625","42943","172689","512216","1355019","4060258","True","9.718e-05","2.25e-06"
"ase","","2705108","648352","595750","889735","5117244","6274460","True","9.718e-05","4.95e-06"
"apache-airflow-providers-elasticsearch","","1688013","204139","653597","731688","2678828","4171815","True","9.718e-05","3.09e-06"
"pytest-variables","pytest-dev/pytest-variables","2562520","1525462","1502298","2388118","3589607","3807113","True","9.718e-05","4.69e-06"
"nvidia-curand-cu11","","13359424","134","5753","28629407","21674696","16487132","True","9.718e-05","2.444e-05"
"jupyter-latex-envs","","2636033","2744442","3652086","2859926","2866642","1057068","True","9.718e-05","4.82e-06"
"hatch-vcs","ofek/hatch-vcs","24702875","0","912045","12091487","34862692","75648149","True","9.718e-05","4.519e-05"
"pyobjc-framework-storekit","ronaldoussoren/pyobjc","1976358","460273","986820","2529098","3027243","2878354","True","9.718e-05","3.62e-06"
"pusher","pusher/pusher-http-python","6432026","1991938","2072382","2603357","6572098","18920357","True","9.718e-05","1.177e-05"
"mdformat-frontmatter","","1392044","14151","226254","825364","2242909","3651543","True","9.718e-05","2.55e-06"
"array-api-compat","","2640396","0","86","228501","2599909","10373483","True","9.718e-05","4.83e-06"
"flask-apscheduler","viniciuschiele/flask-apscheduler","2320826","864758","1245612","2223005","3602179","3668577","True","9.718e-05","4.25e-06"
"pyobjc-framework-vision","ronaldoussoren/pyobjc","2047682","445775","1002891","2530906","3044635","3214201","True","9.718e-05","3.75e-06"
"mypy-boto3-bedrock-agent-runtime","","1868114","0","0","69704","2235119","7035745","True","9.718e-05","3.42e-06"
"azure-mgmt-managementpartner","","15951717","10794668","15552853","16542762","18291346","18576958","True","9.718e-05","2.918e-05"
"shodan","achillean/shodan-python","1713714","992748","1829171","2263285","1454857","2028508","True","9.718e-05","3.13e-06"
"python-heatclient","","1313588","1167086","1112746","1216024","1421042","1651040","True","9.718e-05","2.4e-06"
"micloud","squachen/micloud","3690411","22894","4050135","7741683","3906636","2730707","True","9.718e-05","6.75e-06"
"mailgun","","1063507","11468","11822","11186","13613","5269444","True","9.718e-05","1.95e-06"
"boolean-py","","19546290","913900","1021843","5658619","22132362","68004727","True","9.718e-05","3.576e-05"
"gspread-dataframe","","16989123","5316559","21111180","14920357","15831053","27766465","True","9.718e-05","3.108e-05"
"oslo-db","","1626906","1205249","1078326","1019825","1741923","3089208","True","9.718e-05","2.98e-06"
"nemo-toolkit","","1215653","63010","192668","423190","992382","4407014","True","9.718e-05","2.22e-06"
"style","","1018617","679512","732580","750556","1348513","1581926","True","9.718e-05","1.86e-06"
"httpie","","3997243","2404298","2368527","2967382","5471794","6774215","True","9.718e-05","7.31e-06"
"rich-toolkit","","100063039","0","0","0","22113673","478201524","True","9.718e-05","0.00018305"
"controlnet-aux","","1725773","0","0","908915","2848324","4871626","True","9.718e-05","3.16e-06"
"tf-agents","","1065192","379788","2389988","1309844","752856","493486","True","9.718e-05","1.95e-06"
"requests-async","","1270569","1288882","1879811","1940955","1135424","107772","True","9.718e-05","2.32e-06"
"keyrings-google-artifactregistry-auth","","23225928","211358","4538556","8244854","30147742","72987130","True","9.718e-05","4.249e-05"
"apache-airflow-providers-samba","","1412719","31450","163638","558537","1582930","4727042","True","9.718e-05","2.58e-06"
"pymobiledetect","","1209334","755077","1302284","977082","1392662","1619565","True","9.718e-05","2.21e-06"
"outlines-core","","5251309","0","0","0","226467","26030077","True","9.718e-05","9.61e-06"
"types-boto3","","9705727","39558","1090784","3476498","3655775","40266019","True","9.718e-05","1.775e-05"
"pattern","","7127027","1343169","17390445","10796920","5886996","217604","True","9.718e-05","1.304e-05"
"cartoframes","cartodb/cartoframes","4907918","528789","1318904","15767060","6571021","353816","True","9.718e-05","8.98e-06"
"python-magic","ahupp/python-magic","92021489","33857239","67466787","71675857","112582902","174524658","True","9.718e-05","0.00016834"
"slugify","","1644558","513839","678935","971331","2312057","3746627","True","9.718e-05","3.01e-06"
"glean-parser","mozilla/glean_parser","1412379","431886","1195238","3729882","1178003","526885","True","9.718e-05","2.58e-06"
"dbt-athena","dbt-labs/dbt-adapters","1176594","846","1437","3114","97188","5780385","True","9.718e-05","2.15e-06"
"apache-airflow-providers-docker","","19339766","800603","2002368","3651804","19271977","70972077","True","9.718e-05","3.538e-05"
"dbl-discoverx","","1067636","0","0","123223","547930","4667028","True","9.718e-05","1.95e-06"
"pycollada","","2413253","219493","318891","449774","3272378","7805728","True","9.718e-05","4.41e-06"
"django-crontab","","1681873","887052","877032","2227465","2610651","1807164","True","9.718e-05","3.08e-06"
"slackeventsapi","slackapi/python-slack-events-api","1080108","1417181","1559606","869004","930359","624391","True","9.718e-05","1.98e-06"
"wsgi-request-logger","pklaus/wsgi-request-logger","1206175","1598596","1512795","1214937","887214","817334","True","9.718e-05","2.21e-06"
"django-nine","","1084749","517604","692388","1029604","1560561","1623590","True","9.718e-05","1.98e-06"
"awkward-cpp","","3037255","1971","43749","1796468","8799557","4544530","True","9.718e-05","5.56e-06"
"flask-testing","jarus/flask-testing","4718585","3158351","3767556","3504930","6066784","7095305","True","9.718e-05","8.63e-06"
"crypto","","8656993","4606774","10732029","9661294","9456001","8828867","True","9.718e-05","1.584e-05"
"giturlparse","nephila/giturlparse","8978765","202738","831988","2914761","10208909","30735427","True","9.718e-05","1.642e-05"
"azure-mgmt-resource-deployments","","4472215","0","0","0","0","22361076","True","9.718e-05","8.18e-06"
"simsimd","","5743109","0","0","52544","3630498","25032504","True","9.718e-05","1.051e-05"
"python-louvain","taynaud/python-louvain","3062407","6489626","3514456","1733476","1637489","1936986","True","9.718e-05","5.6e-06"
"apache-airflow-providers-grpc","","1007193","63973","287820","404898","1538766","2740507","True","9.718e-05","1.84e-06"
"mypy-boto3-signer","","6797710","46652","995275","3631303","10481381","18833940","True","9.718e-05","1.244e-05"
"constantly","twisted/constantly","42794124","18083838","26495496","30398456","61930726","77062106","True","9.718e-05","7.828e-05"
"cfnresponse","","1360770","588449","799651","901419","1837270","2677060","True","9.718e-05","2.49e-06"
"semgrep","semgrep/semgrep","32353988","1402645","3894153","6748713","19543906","130180521","True","9.718e-05","5.919e-05"
"azure-storage-common","azure/azure-storage-python","124398211","111232837","146407385","122430465","128526693","113393677","True","9.718e-05","0.00022756"
"django-autocomplete-light","yourlabs/django-autocomplete-light","2809846","1638441","2029465","2958317","3246306","4176701","True","9.718e-05","5.14e-06"
"django-nested-admin","theatlantic/django-nested-admin","2788185","1132671","1579556","2116359","3536400","5575939","True","9.718e-05","5.1e-06"
"bigframes","","1588454","0","0","58447","939851","6943971","True","9.718e-05","2.91e-06"
"thriftpy2","thriftpy/thriftpy2","57588608","5062554","4022105","7293883","16558612","255005887","True","9.718e-05","0.00010535"
"demjson3","","1217115","53069","447916","655884","1771458","3157250","True","9.718e-05","2.23e-06"
"einops-exts","","1286880","0","65305","989205","2271908","3107981","True","9.718e-05","2.35e-06"
"pyxnat","","1415754","302311","361749","793135","1762023","3859551","True","9.718e-05","2.59e-06"
"gcloud-rest-bigquery","talkiq/gcloud-aio","1193655","12469","157314","487331","1326630","3984531","True","9.718e-05","2.18e-06"
"pyspark-dist-explore","","6165902","2297328","2381030","3237343","8905896","14007911","True","9.718e-05","1.128e-05"
"compressed-rtf","delimitry/compressed_rtf","3611388","560081","1306221","2400570","4288072","9501995","True","9.718e-05","6.61e-06"
"grpcio-testing","","3949567","810422","3679849","2162554","3554804","9540207","True","9.718e-05","7.22e-06"
"mgzip","vinlyx/mgzip","1518426","812808","2358574","1917689","1320574","1182486","True","9.718e-05","2.78e-06"
"azureml-mlflow","","12493343","1946434","12569473","18227938","14324877","15397991","True","9.718e-05","2.285e-05"
"pdbr","","13472980","72323","58214","61965","3133196","64039200","True","9.718e-05","2.465e-05"
"mypy-boto3-sagemaker","","4104232","90156","806518","1292411","6372150","11959925","True","9.718e-05","7.51e-06"
"sphinx-basic-ng","pradyunsg/sphinx-basic-ng","7210337","926","1054119","4667103","11041006","19288531","True","9.718e-05","1.319e-05"
"opentelemetry-instrumentation-crewai","","1659180","0","0","0","0","8295902","True","9.718e-05","3.04e-06"
"opentelemetry-instrumentation-click","","1169408","0","0","0","86855","5760183","True","9.718e-05","2.14e-06"
"django-object-actions","crccheck/django-object-actions","3541373","1576782","1455423","2444442","3871633","8358585","True","9.718e-05","6.48e-06"
"keras-applications","keras-team/keras-applications","61403574","47872048","52265364","56599715","65198094","85082649","True","9.718e-05","0.00011233"
"opentelemetry-resourcedetector-docker","","2390983","0","2841","40496","1199358","10712222","True","9.718e-05","4.37e-06"
"django-rest-polymorphic","","1895176","472924","722200","958611","1477561","5844584","True","9.718e-05","3.47e-06"
"guessit","","1352388","287878","750490","677474","630909","4415191","True","9.718e-05","2.47e-06"
"patch","techtonik/python-patch","7399683","15480309","8984409","2660080","3356076","6517541","True","9.718e-05","1.354e-05"
"google-cloud-dataflow-client","","63663879","147247","3483587","6715684","66297387","241675492","True","9.718e-05","0.00011646"
"dataframe-image","","1123091","382836","662134","976553","1166579","2427352","True","9.718e-05","2.05e-06"
"pinecone","","18137481","0","0","0","1779490","88907916","True","9.718e-05","3.318e-05"
"zope-testing","","1866391","583401","485782","614676","5861382","1786712","True","9.718e-05","3.41e-06"
"mypy-boto3-pca-connector-ad","","1666187","0","0","193192","2170568","5967173","True","9.718e-05","3.05e-06"
"pyhive","dropbox/pyhive","39112302","20891551","33749083","36271302","32903972","71745600","True","9.718e-05","7.155e-05"
"salesforce-fuelsdk","salesforce-marketingcloud/fuelsdk-python","3545985","867857","3412326","6551444","5824806","1073491","True","9.718e-05","6.49e-06"
"beam-nuggets","mohaseeb/beam-nuggets","3755720","1707322","3810514","10267305","1663694","1329764","True","9.718e-05","6.87e-06"
"func-args","machu-gwu/func_args-project","5113871","0","0","1689369","3969397","19910589","True","9.718e-05","9.35e-06"
"dbt-semantic-interfaces","","52072301","0","0","7059827","70011880","183289796","True","9.718e-05","9.526e-05"
"mxnet-mkl","","1982027","2297443","2212628","908989","1708219","2782856","True","9.718e-05","3.63e-06"
"ajsonrpc","pavlov99/ajsonrpc","4539953","2155047","2364842","2372813","6942987","8864078","True","9.718e-05","8.3e-06"
"json-delta","","8818734","3277514","3900541","5459511","15236233","16219872","True","9.718e-05","1.613e-05"
"httptools","magicstack/httptools","197070458","82486855","60830877","131877158","207368142","502789257","True","9.718e-05","0.0003605"
"azure-mgmt-datalake-analytics","","39061546","21951417","38189022","46446839","64485892","24234562","True","9.718e-05","7.146e-05"
"thefuzz","seatgeek/thefuzz","16468590","176452","5778886","9469092","20660644","46257877","True","9.718e-05","3.013e-05"
"databricks","","9913106","2590332","3562938","5684431","16907004","20820824","True","9.718e-05","1.813e-05"
"vadersentiment","cjhutto/vadersentiment","3015954","1934092","2585904","2563874","3149406","4846495","True","9.718e-05","5.52e-06"
"category-encoders","","16045222","6617101","16982488","14975736","17523455","24127330","True","9.718e-05","2.935e-05"
"webdataset","webdataset/webdataset","7865382","246770","1246745","4209774","13071293","20552326","True","9.718e-05","1.439e-05"
"m2crypto","","3179920","2708878","2750325","3562581","4270325","2607492","True","9.718e-05","5.82e-06"
"opentelemetry-instrumentation-vertexai","","2169573","0","0","2268","375876","10469719","True","9.718e-05","3.97e-06"
"ax-platform","facebook/ax","1581986","798931","1620716","1538446","1257377","2694462","True","9.718e-05","2.89e-06"
"robotframework-pythonlibcore","robotframework/pythonlibcore","11623320","2193088","5558882","9902662","19077321","21384649","True","9.718e-05","2.126e-05"
"jstyleson","","4225228","638017","2541919","4375738","6473338","7097126","True","9.718e-05","7.73e-06"
"milvus-lite","","4853233","0","0","0","2924255","21341912","True","9.718e-05","8.88e-06"
"pinecone-client","","12324919","41112","509416","6719765","27737455","26616847","True","9.718e-05","2.255e-05"
"dbus-python","","2167063","1726266","3712797","1637546","1781279","1977426","True","9.718e-05","3.96e-06"
"dpath","dpath-maintainers/dpath-python","42320437","9236548","23224645","54731692","54470232","69939067","True","9.718e-05","7.742e-05"
"aws-cdk-aws-stepfunctions","","2696704","2087550","3462697","2924901","2926619","2081754","True","9.718e-05","4.93e-06"
"standard-aifc","","1285199","0","0","0","74053","6351944","True","9.718e-05","2.35e-06"
"plotnine","has2k1/plotnine","17239436","2264294","3591548","13831595","36025605","30484136","True","9.718e-05","3.154e-05"
"aws-encryption-sdk","","12568843","5736822","7429416","9388976","14245531","26043468","True","9.718e-05","2.299e-05"
"mypy-boto3-connectparticipant","","1752000","46751","72454","255528","2266869","6118398","True","9.718e-05","3.2e-06"
"roman-numerals","","1053499","1637","980","1960","1932","5260985","True","9.718e-05","1.93e-06"
"pyagrum-nightly","","1285822","486887","1884775","880029","1863633","1313787","True","9.718e-05","2.35e-06"
"pyobjc-framework-spritekit","","1986532","440283","1000872","2550177","3054621","2886706","True","9.718e-05","3.63e-06"
"pysha3","tiran/pysha3","1427192","997477","2519584","1610566","1073368","934966","True","9.718e-05","2.61e-06"
"pytorch-forecasting","","1025456","163184","897399","856177","690478","2520043","True","9.718e-05","1.88e-06"
"flake8-executable","xuhdev/flake8-executable","1188967","608367","1132059","1244117","1580675","1379619","True","9.718e-05","2.17e-06"
"nc-py-api","","1204428","0","3393","5050","37330","5976365","True","9.718e-05","2.2e-06"
"meteostat","","1836776","43333","283058","369493","2216924","6271070","True","9.718e-05","3.36e-06"
"databricks-vectorsearch","","2804715","0","0","16184","3001089","11006304","True","9.718e-05","5.13e-06"
"django-tenants","","1178855","377216","646947","851595","1311509","2707007","True","9.718e-05","2.16e-06"
"sdcclient","","1249411","246408","316357","748617","1111194","3824480","True","9.718e-05","2.29e-06"
"exchangelib","ecederstrand/exchangelib","8583205","1796189","3763909","5638615","14987251","16730063","True","9.718e-05","1.57e-05"
"clickhouse-sqlalchemy","","8605553","638096","5544396","6553636","7417225","22874412","True","9.718e-05","1.574e-05"
"unstructured-client","unstructured-io/unstructured-python-client","21596063","0","0","257625","18954217","88768473","True","9.718e-05","3.951e-05"
"itypes","","20017683","15707835","20050805","22523141","24222772","17583862","True","9.718e-05","3.662e-05"
"alibabacloud-tea-xml","","5374151","3748","98751","597021","1778174","24393059","True","9.718e-05","9.83e-06"
"google-cloud-dataproc-metastore","","79654482","34341","4668349","18837165","98277341","276455216","True","9.718e-05","0.00014571"
"clipboard","terryyin/clipboard","4440692","1240917","2625732","4341911","7275277","6719622","True","9.718e-05","8.12e-06"
"artifactory","parallels/artifactory","1496431","1401496","1162393","1461898","1464571","1991797","True","9.718e-05","2.74e-06"
"disposable-email-domains","","2823165","305264","518733","920439","1477056","10894333","True","9.718e-05","5.16e-06"
"django-crum","ninemoreminutes/django-crum","1679306","742304","826377","1013736","2049209","3764906","True","9.718e-05","3.07e-06"
"pyqrcode","mnooner256/pyqrcode","2985885","1512797","2151625","3498471","3288521","4478010","True","9.718e-05","5.46e-06"
"stone","dropbox/stone","9409352","1215623","5937375","8303879","16990775","14599106","True","9.718e-05","1.721e-05"
"email-to","","1055722","70580","94026","176063","1474041","3463899","True","9.718e-05","1.93e-06"
"json-rpc","pavlov99/json-rpc","5008703","6667841","8152010","3893489","3195182","3134992","True","9.718e-05","9.16e-06"
"aiodogstatsd","","1556803","231007","483642","561221","2349219","4158927","True","9.718e-05","2.85e-06"
"mypy-boto3-b2bi","","1650582","0","0","70527","2186014","5996367","True","9.718e-05","3.02e-06"
"scons","","5904020","2157787","3059052","7433452","7223226","9646581","True","9.718e-05","1.08e-05"
"iso4217","dahlia/iso4217","2110605","573067","751412","1288728","2597734","5342085","True","9.718e-05","3.86e-06"
"alive-progress","rsalmei/alive-progress","8658293","346247","907453","4516657","12243858","25277252","True","9.718e-05","1.584e-05"
"pulumi-tls","","5400895","39839","116558","766826","2242139","23839111","True","9.718e-05","9.88e-06"
"mkdocs-techdocs-core","","3143071","137371","482567","2057282","3654367","9383768","True","9.718e-05","5.75e-06"
"diceware","","1247374","44195","85596","49185","78645","5979251","True","9.718e-05","2.28e-06"
"zope-component","","5358222","2978392","3745395","7617808","8544785","3904732","True","9.718e-05","9.8e-06"
"username","","2205464","144963","450416","829427","3115414","6487100","True","9.718e-05","4.03e-06"
"pytest-socket","miketheman/pytest-socket","12639623","1626539","4105238","6040498","11830564","39595276","True","9.718e-05","2.312e-05"
"pytest-httpx","colin-b/pytest_httpx","10360105","570651","1385865","4009460","16421902","29412645","True","9.718e-05","1.895e-05"
"azure-schemaregistry-avroserializer","","4252466","224857","2840376","2417187","4239705","11540205","True","9.718e-05","7.78e-06"
"reprint","yinzo/reprint","1952560","922866","1105620","2063235","3552719","2118362","True","9.718e-05","3.57e-06"
"comet-ml","","2900221","951517","1424756","1317833","5548516","5258482","True","9.718e-05","5.31e-06"
"systemd-python","systemd/python-systemd","1618821","501436","630447","2011130","2354519","2596574","True","9.718e-05","2.96e-06"
"python-barbicanclient","","1158046","933647","874569","833563","1182754","1965699","True","9.718e-05","2.12e-06"
"livekit-plugins-silero","","1445862","0","0","188","326365","6902757","True","9.718e-05","2.64e-06"
"mkdocs-awesome-pages-plugin","","2738058","426941","804792","1481885","3755905","7220766","True","9.718e-05","5.01e-06"
"pyocd","pyocd/pyocd","2472968","287988","573367","1356714","2985880","7160889","True","9.718e-05","4.52e-06"
"html-testrunner","oldani/htmltestrunner","6085652","1886136","2357151","3321887","12073241","10789845","True","9.718e-05","1.113e-05"
"social-auth-app-django","python-social-auth/social-app-django","12028081","5314228","6435172","8467854","13869794","26053356","True","9.718e-05","2.2e-05"
"locate","","1215832","5862","6333","25670","1019765","5021529","True","9.718e-05","2.22e-06"
"ndg-httpsclient","cedadev/ndg_httpsclient","60108350","64702730","59435890","44383840","71894217","60125072","True","9.718e-05","0.00010996"
"types-defusedxml","","1543639","0","0","0","1197260","6520933","True","9.718e-05","2.82e-06"
"pytest-logger","aurzenligl/pytest-logger","1371483","588299","1031835","1548170","1637309","2051802","True","9.718e-05","2.51e-06"
"datadiff","","1158948","1094194","1008991","1497790","1105855","1087910","True","9.718e-05","2.12e-06"
"ml-dtypes","","66861496","0","0","29025607","108847052","196434822","True","9.718e-05","0.00012231"
"lib-detect-testenv","bitranox/lib_detect_testenv","5602783","13426","680656","2803707","4267487","20248640","True","9.718e-05","1.025e-05"
"django-loginas","","1532224","408204","417207","542910","1788669","4504130","True","9.718e-05","2.8e-06"
"salib","","2133367","658790","1897109","1496101","3619519","2995317","True","9.718e-05","3.9e-06"
"mandrill","","1440658","2127069","1700067","1333834","1052000","990319","True","9.718e-05","2.64e-06"
"streamlit-camera-input-live","","1279923","0","6813","395907","1981622","4015274","True","9.718e-05","2.34e-06"
"ffmpy","","23725236","1470913","5527411","25539655","34949019","51139184","True","9.718e-05","4.34e-05"
"opentelemetry-instrumentation-urllib","","32745596","175530","1785393","6043836","35008809","120714411","True","9.718e-05","5.99e-05"
"configobj","","37013017","20664932","23733558","32780596","42408993","65477005","True","9.718e-05","6.771e-05"
"seleniumbase","seleniumbase/seleniumbase","8651673","1227676","2654304","4264660","10480920","24630807","True","9.718e-05","1.583e-05"
"darts","","1227203","61215","718446","1736137","1670608","1949608","True","9.718e-05","2.24e-06"
"azure-mgmt-sql","","54524388","18491089","30799717","48986634","100420891","73923610","True","9.718e-05","9.974e-05"
"pyobjc-framework-discrecording","ronaldoussoren/pyobjc","2034436","473684","1028617","2587559","3151408","2930914","True","9.718e-05","3.72e-06"
"pypubsub","schollii/pypubsub","1251488","401577","528356","1098034","2680237","1549236","True","9.718e-05","2.29e-06"
"types-aiobotocore-dynamodb","","3664089","0","85676","3558054","4395769","10280947","True","9.718e-05","6.7e-06"
"dbt-clickhouse","","1994216","3344","99953","434157","2603174","6830451","True","9.718e-05","3.65e-06"
"mitmproxy-rs","","2577893","0","128","353865","2028350","10507120","True","9.718e-05","4.72e-06"
"dagster-postgres","","7779527","480128","1775331","3441885","9389803","23810490","True","9.718e-05","1.423e-05"
"pywinrm","diyan/pywinrm","15728300","5063828","6022534","6934513","14649936","45970688","True","9.718e-05","2.877e-05"
"visions","dylan-profiler/visions","11175428","4976352","10235941","11404134","15284908","13975807","True","9.718e-05","2.044e-05"
"open3d","","6378200","2341818","2007811","3813096","9979838","13748437","True","9.718e-05","1.167e-05"
"google-cloud-dataform","","93014936","0","2807225","13823826","91748863","356694767","True","9.718e-05","0.00017015"
"fasttext-wheel","facebookresearch/fasttext","19167819","382095","7070220","5933234","28800590","53652957","True","9.718e-05","3.506e-05"
"pykmip","openkmip/pykmip","6039171","5521898","3520531","4035551","7835652","9282224","True","9.718e-05","1.105e-05"
"jira","pycontribs/jira","86590234","32880741","40646332","61032933","116776543","181614623","True","9.718e-05","0.0001584"
"django-csp","mozilla/django-csp","7665383","2022048","3242256","4671987","9390160","19000463","True","9.718e-05","1.402e-05"
"backports-tempfile","","29124599","47988229","38806002","24176236","19183952","15468578","True","9.718e-05","5.328e-05"
"cloudformation-cli-go-plugin","aws-cloudformation/cloudformation-cli-go-plugin","18418162","4598140","6608375","8474040","16665568","55744688","True","9.718e-05","3.369e-05"
"pytest-codspeed","","1641073","0","948","173680","1376087","6654652","True","9.718e-05","3e-06"
"clip-anytorch","","1045949","4774","116828","1380351","2138410","1589382","True","9.718e-05","1.91e-06"
"tmtools","jvkersch/tmtools","2016201","781","3361","11321","5491726","4573815","True","9.718e-05","3.69e-06"
"basicauth","rdegges/python-basicauth","1204844","1448358","1632197","539344","1261475","1142844","True","9.718e-05","2.2e-06"
"pydub","","53815368","11930212","24757229","48705266","63102164","120581968","True","9.718e-05","9.844e-05"
"dash-cytoscape","","1303572","617291","1700765","1202894","1246982","1749929","True","9.718e-05","2.38e-06"
"azure-mgmt-recoveryservicesbackup","","47499466","15543625","28747071","45230939","78902233","69073463","True","9.718e-05","8.689e-05"
"django-allow-cidr","mozmeao/django-allow-cidr","1944642","719102","1023886","1563294","2596462","3820464","True","9.718e-05","3.56e-06"
"jaxtyping","patrick-kidger/jaxtyping","6357173","0","41271","1752469","8400561","21591565","True","9.718e-05","1.163e-05"
"oci-cli","","4265829","1434055","1213381","1815726","4549647","12316334","True","9.718e-05","7.8e-06"
"mypy-boto3-cloudsearchdomain","","1777273","49285","76153","283072","2350266","6127588","True","9.718e-05","3.25e-06"
"google-cloud-batch","","105495380","0","16417","1593970","59264641","466601871","True","9.718e-05","0.00019298"
"azure-ai-projects","","4703285","0","0","0","28893","23487532","True","9.718e-05","8.6e-06"
"lenses","ingolemo/python-lenses","1584913","2214949","3312061","800708","335950","1260897","True","9.718e-05","2.9e-06"
"types-aiobotocore-acm","","1522906","0","2360","2581129","2424779","2606263","True","9.718e-05","2.79e-06"
"nibabel","","5625621","1574774","2487384","3129536","9735987","11200422","True","9.718e-05","1.029e-05"
"pynetbox","netbox-community/pynetbox","2761726","530267","961599","1816845","4206697","6293220","True","9.718e-05","5.05e-06"
"s3fs","fsspec/s3fs","2293443452","174989812","535501398","1375646457","3443564403","5937515190","True","9.718e-05","0.0041954"
"dirtyjson","codecobblers/dirtyjson","9733294","210106","197015","273876","10726616","37258859","True","9.718e-05","1.781e-05"
"fastuuid","","9866669","21143","264371","25333","78246","48944253","True","9.718e-05","1.805e-05"
"hmsclient","gglanzani/hmsclient","9943334","2209597","2327869","2397358","6106947","36674898","True","9.718e-05","1.819e-05"
"py-consul","","1272914","36399","67557","122631","1936976","4201007","True","9.718e-05","2.33e-06"
"itemadapter","scrapy/itemadapter","12861022","4724282","8783394","10728604","15668854","24399974","True","9.718e-05","2.353e-05"
"azureml-train","","5356595","10135212","6404488","3730205","1697839","4815229","True","9.718e-05","9.8e-06"
"aiohttp-cors","aio-libs/aiohttp-cors","30918598","12043380","13203084","15330686","27642434","86373405","True","9.718e-05","5.656e-05"
"awsretry","","1023262","376005","378846","649814","1136065","2575578","True","9.718e-05","1.87e-06"
"okta-jwt-verifier","","1603297","82606","1409800","1429247","2180641","2914189","True","9.718e-05","2.93e-06"
"opentelemetry-instrumentation-pymysql","","2698830","18631","686389","1376660","4106956","7305516","True","9.718e-05","4.94e-06"
"laspy","","1544574","409831","440898","1471535","2156215","3244390","True","9.718e-05","2.83e-06"
"click-default-group","click-contrib/click-default-group","24156228","3862466","15406707","16155006","27928027","57428932","True","9.718e-05","4.419e-05"
"graphlib-backport","mariushelf/graphlib_backport","5266301","530452","2137630","7905690","9693389","6064346","True","9.718e-05","9.63e-06"
"et-xmlfile","","857020935","171345434","403177230","674309157","1084918763","1951354089","True","9.718e-05","0.00156775"
"dbt-databricks","databricks/dbt-databricks","12267418","687","1628565","6424580","12638290","40644968","True","9.718e-05","2.244e-05"
"edx-opaque-keys","","1259906","540959","314937","684453","2740443","2018736","True","9.718e-05","2.3e-06"
"pyobjc-framework-modelio","","1979011","455339","986543","2530359","3042104","2880709","True","9.718e-05","3.62e-06"
"types-stripe","","3235315","7138","210455","1619589","5283266","9056128","True","9.718e-05","5.92e-06"
"wordninja","keredson/wordninja","2599415","872356","1558906","2535440","2043804","5986571","True","9.718e-05","4.76e-06"
"publicsuffix2","","7293338","2328610","3507774","4777364","6771506","19081435","True","9.718e-05","1.334e-05"
"slowapi","laurents/slowapi","6442879","133857","497797","1368791","5211713","25002239","True","9.718e-05","1.179e-05"
"scapy","secdev/scapy","26172535","19821285","21557330","29165197","27443401","32875460","True","9.718e-05","4.788e-05"
"pyobjc-framework-addressbook","","2416220","461242","1012358","2935692","4711014","2960795","True","9.718e-05","4.42e-06"
"inotify-simple","chrisjbillington/inotify_simple","1642385","395751","598668","1959011","1987493","3271004","True","9.718e-05","3e-06"
"azure-mgmt-redis","","51675752","17749621","29918982","46314972","87370263","77024923","True","9.718e-05","9.453e-05"
"pyathenajdbc","","3592108","2777975","4296886","3536094","3320967","4028617","True","9.718e-05","6.57e-06"
"google-crc32c","googleapis/python-crc32c","532726705","199850246","272249073","347176837","669819764","1174537603","True","9.718e-05","0.00097452"
"pytest-flask","pytest-dev/pytest-flask","5311067","2857893","3155366","4120069","7572467","8849542","True","9.718e-05","9.72e-06"
"mypy-boto3-tnb","","1679523","0","0","213006","2181349","6003261","True","9.718e-05","3.07e-06"
"lightstep","","1769911","890584","742606","1396309","3133749","2686305","True","9.718e-05","3.24e-06"
"opentelemetry-instrumentation-redis","","17382779","2467377","6141390","4409894","16775344","57119892","True","9.718e-05","3.18e-05"
"opentelemetry-instrumentation-mistralai","","1814051","0","0","0","172046","8898209","True","9.718e-05","3.32e-06"
"sentinels","vmalloc/sentinels","16797968","4151911","5948497","10187205","18944437","44757788","True","9.718e-05","3.073e-05"
"simple-ddl-parser","xnuinside/simple-ddl-parser","3414763","1796515","2603558","3171476","5590647","3911617","True","9.718e-05","6.25e-06"
"healpy","","1022978","224337","245742","479040","2577206","1588566","True","9.718e-05","1.87e-06"
"types-appdirs","","2169923","13440","401027","1840163","3868592","4726392","True","9.718e-05","3.97e-06"
"azure-mgmt-powerbiembedded","","15983950","10766374","15569780","16573375","18361554","18648665","True","9.718e-05","2.924e-05"
"scalecodec","","1614856","163182","297951","551133","1737457","5324559","True","9.718e-05","2.95e-06"
"lightfm","lyst/lightfm","3949840","2208318","4387601","5917232","5628845","1607204","True","9.718e-05","7.23e-06"
"pyhumps","nficano/humps","23338318","2924248","9533489","13477695","39893160","50862998","True","9.718e-05","4.269e-05"
"simple-crypt","","1010245","1203747","1250628","660968","464681","1471200","True","9.718e-05","1.85e-06"
"gcloud-aio-pubsub","talkiq/gcloud-aio","2952470","137995","207418","558073","2073371","11785493","True","9.718e-05","5.4e-06"
"sagemaker-core","aws/sagemaker-python-sdk","22275095","0","0","0","14208787","97166690","True","9.718e-05","4.075e-05"
"liac-arff","renatopp/liac-arff","1793949","4441483","1650486","1656527","668234","553017","True","9.718e-05","3.28e-06"
"github-action-utils","","1062757","0","13900","245603","1117803","3936480","True","9.718e-05","1.94e-06"
"pydotplus","","5420316","8112289","4731875","4728837","3723901","5804676","True","9.718e-05","9.92e-06"
"wagtail","wagtail/wagtail","2716196","1247415","1356540","1966050","4066472","4944505","True","9.718e-05","4.97e-06"
"pipupgrade","","1010195","556552","396871","233427","256328","3607796","True","9.718e-05","1.85e-06"
"language-tool-python","","1158197","213099","676283","515980","2500512","1885112","True","9.718e-05","2.12e-06"
"django-pglock","","1684021","0","3517","174139","1765963","6476486","True","9.718e-05","3.08e-06"
"botbuilder-schema","","1666642","294372","905399","726563","1406183","5000695","True","9.718e-05","3.05e-06"
"openshift","openshift/openshift-restclient-python","4956870","4161015","5718547","4296673","5897537","4710577","True","9.718e-05","9.07e-06"
"tinydb","msiemens/tinydb","7542422","3775932","4517289","5534079","9845557","14039255","True","9.718e-05","1.38e-05"
"opentelemetry-exporter-jaeger","open-telemetry/opentelemetry-python","3168716","617456","2050671","3526079","4240841","5408533","True","9.718e-05","5.8e-06"
"greenback","","2727821","1048","5433","17990","187687","13426948","True","9.718e-05","4.99e-06"
"pyhdfe","","1312090","928720","939315","904068","1195883","2592463","True","9.718e-05","2.4e-06"
"git-url-parse","retr0h/git-url-parse","1498114","491302","763977","1769339","2856133","1609819","True","9.718e-05","2.74e-06"
"livekit-plugins-openai","","1101886","0","0","1151","224457","5283821","True","9.718e-05","2.02e-06"
"py3dmol","","1184386","336755","696829","1068840","1399486","2420021","True","9.718e-05","2.17e-06"
"jsondiff","xlwings/jsondiff","63458306","28189104","35501292","52317546","95929956","105353633","True","9.718e-05","0.00011608"
"taskgroup","","2314826","0","721","323349","3820203","7429856","True","9.718e-05","4.23e-06"
"typing-inspection","","388892690","0","0","0","0","1944463449","True","9.718e-05","0.0007114"
"os-client-config","","2394094","2450716","2064221","1889079","2335412","3231041","True","9.718e-05","4.38e-06"
"apache-airflow-providers-imap","","38266159","6770717","17449901","28707841","62203635","76198701","True","9.718e-05","7e-05"
"types-boto","","4571825","261451","3407985","4760721","5511084","8917885","True","9.718e-05","8.36e-06"
"hmmlearn","hmmlearn/hmmlearn","2952532","2487192","3711657","2162516","3996365","2404930","True","9.718e-05","5.4e-06"
"azure-keyvault-certificates","","54120995","14874554","33691373","38489323","63065381","120484344","True","9.718e-05","9.9e-05"
"jaconv","ikegami-yukino/jaconv","10952855","5384654","3774037","6706600","20027780","18871205","True","9.718e-05","2.004e-05"
"types-aiobotocore","","8868990","0","195216","4070316","9774092","30305328","True","9.718e-05","1.622e-05"
"cuda-bindings","nvidia/cuda-python","2715666","0","0","0","0","13578328","True","9.718e-05","4.97e-06"
"django-filer","","1000919","598346","893385","876393","1208095","1428376","True","9.718e-05","1.83e-06"
"optree","metaopt/optree","25293140","0","9796","478104","35491654","90486146","True","9.718e-05","4.627e-05"
"mypy-boto3-pinpoint","","2144471","104376","174472","593977","3120949","6728583","True","9.718e-05","3.92e-06"
"opentelemetry-instrumentation-sklearn","","1555699","6348","1921588","1140380","3101052","1609129","True","9.718e-05","2.85e-06"
"interegular","","6988356","597","291","41396","5336962","29562533","True","9.718e-05","1.278e-05"
"azure-mgmt-managementgroups","","47720364","15248338","28346423","43624581","79743555","71638924","True","9.718e-05","8.729e-05"
"atlasclient","","4748738","181254","178178","384062","1010528","21989666","True","9.718e-05","8.69e-06"
"config","","7225569","3538796","5342215","4391986","6705128","16149719","True","9.718e-05","1.322e-05"
"aiohttp-sse-client","rtfol/aiohttp-sse-client","1493031","391130","304451","537848","4655355","1576372","True","9.718e-05","2.73e-06"
"markitdown","","1883560","0","0","0","97593","9320206","True","9.718e-05","3.45e-06"
"fixedwidth","","1693689","122692","357479","531930","686381","6769961","True","9.718e-05","3.1e-06"
"ragas","","2111239","0","0","53314","2863438","7639443","True","9.718e-05","3.86e-06"
"ascii-magic","","2453404","21954","121505","237263","2720426","9165871","True","9.718e-05","4.49e-06"
"snowflake-connector-python","snowflakedb/snowflake-connector-python","594973772","105105005","229934007","371634402","724566085","1543629359","True","9.718e-05","0.00108839"
"tensorflowjs","","6802178","552271","802221","2114158","3827239","26715000","True","9.718e-05","1.244e-05"
"coincurve","ofek/coincurve","2823555","651501","794907","1242031","3811648","7617690","True","9.718e-05","5.17e-06"
"aws-embedded-metrics","awslabs/aws-embedded-metrics-python","3461630","567056","1520022","2210230","4544104","8466737","True","9.718e-05","6.33e-06"
"mail-parser","spamscope/mail-parser","3170376","1026011","1403579","1296336","4218143","7907812","True","9.718e-05","5.8e-06"
"natto-py","buruzaemon/natto-py","5848664","551639","894419","2020720","8789063","16987478","True","9.718e-05","1.07e-05"
"robocorp-vault","robocorp/robocorp","2269095","0","0","152548","3711866","7481063","True","9.718e-05","4.15e-06"
"pyaescrypt","marcobellaccini/pyaescrypt","2175446","1373711","2339700","2119262","2692693","2351866","True","9.718e-05","3.98e-06"
"azure-mgmt-hdinsight","","31708843","5831408","13610132","27875945","60802169","50424560","True","9.718e-05","5.801e-05"
"pantsbuild-pants","","2739495","814720","3174868","5159395","4065275","483215","True","9.718e-05","5.01e-06"
"protoc-gen-openapiv2","unionai-oss/protoc-gen-openapiv2","3495478","0","119","47636","5709707","11719930","True","9.718e-05","6.39e-06"
"xmlunittest","","1289271","138517","196607","134118","103547","5873565","True","9.718e-05","2.36e-06"
"krb5","jborean93/pykrb5","9786068","284283","2567712","2819733","5229222","38029389","True","9.718e-05","1.79e-05"
"iniparse","candlepin/python-iniparse","1723998","1147983","1028219","1460730","1970854","3012206","True","9.718e-05","3.15e-06"
"clang","","11941291","9875737","19075682","9598699","9524902","11631434","True","9.718e-05","2.184e-05"
"json-tricks","mverleg/pyjson_tricks","2164896","848634","2064486","2819932","2391624","2699804","True","9.718e-05","3.96e-06"
"swapper","","1539730","637358","703365","919597","1942516","3495814","True","9.718e-05","2.82e-06"
"apns2","pr0ger/pyapns2","1696152","3795539","1860878","1192735","809119","822487","True","9.718e-05","3.1e-06"
"pyworld","jeremycchsu/python-wrapper-for-world-vocoder","1776447","193111","371393","4304534","2531128","1482069","True","9.718e-05","3.25e-06"
"pyobjc-framework-scriptingbridge","ronaldoussoren/pyobjc","1983244","470172","1003083","2557573","3060493","2824897","True","9.718e-05","3.63e-06"
"palettable","jiffyclub/palettable","8466985","2728100","4186605","12282596","14431875","8705748","True","9.718e-05","1.549e-05"
"pyroscope-io","","1846047","15226","122841","1552656","2076268","5463243","True","9.718e-05","3.38e-06"
"grpc-google-iam-v1","","328226567","53734841","141004588","189080556","429472840","827840011","True","9.718e-05","0.00060043"
"chispa","mrpowers/chispa","10522268","1015864","3247097","7595562","14822908","25929908","True","9.718e-05","1.925e-05"
"mitmproxy-wireguard","","1247439","0","67308","937439","855905","4376543","True","9.718e-05","2.28e-06"
"psycopg-pool","psycopg/psycopg","20030090","8841","870927","6372232","17850053","75048398","True","9.718e-05","3.664e-05"
"mapbox-vector-tile","tilezen/mapbox-vector-tile","1401911","1194151","2313302","1327852","774942","1399309","True","9.718e-05","2.56e-06"
"mypy-boto3-serverlessrepo","","1761508","47133","75338","285073","2310410","6089585","True","9.718e-05","3.22e-06"
"oauth2","joestump/python-oauth2","3750618","2357612","2630433","4108153","5088841","4568049","True","9.718e-05","6.86e-06"
"pathable","","40921791","142","590149","11932001","37299583","154787082","True","9.718e-05","7.486e-05"
"msg-parser","","1161256","14611","36785","1433860","2473031","1847992","True","9.718e-05","2.12e-06"
"parallel-ssh","parallelssh/parallel-ssh","2975302","3513928","4583942","3242820","1725596","1810225","True","9.718e-05","5.44e-06"
"pytensor","","2174546","189","16512","1629867","2818826","6407334","True","9.718e-05","3.98e-06"
"mlserver","","2976254","56267","1176745","2154123","6572161","4921972","True","9.718e-05","5.44e-06"
"validate-email","","9200692","10565785","7762390","8964430","7330075","11380779","True","9.718e-05","1.683e-05"
"prettierfier","annedo/prettierfier","3012280","127540","696369","1737880","4908616","7590993","True","9.718e-05","5.51e-06"
"pylint-pytest","","1638457","638145","1445553","1077996","1699202","3331389","True","9.718e-05","3e-06"
"neptune-api","","1013941","0","0","0","381805","4687902","True","9.718e-05","1.85e-06"
"fluent-syntax","","1852577","117399","195497","414943","1941546","6593498","True","9.718e-05","3.39e-06"
"whichcraft","","3451748","4612569","3788159","3547987","3317463","1992562","True","9.718e-05","6.31e-06"
"pyobjc-framework-applicationservices","ronaldoussoren/pyobjc","2603304","488056","1342010","3954566","3530256","3701634","True","9.718e-05","4.76e-06"
"mechanize","python-mechanize/mechanize","3237108","2723434","2082315","1974200","5468394","3937198","True","9.718e-05","5.92e-06"
"alibabacloud-adb20211201","","11899962","0","0","140715","16445598","42913497","True","9.718e-05","2.177e-05"
"times","nvie/times","2026513","938084","1096169","1593791","2754070","3750452","True","9.718e-05","3.71e-06"
"tensorflow-serving-api","","142025841","163592817","181488929","140466546","123684589","100896326","True","9.718e-05","0.00025981"
"parver","razerm/parver","9865614","569762","1104814","2930322","7548502","37174671","True","9.718e-05","1.805e-05"
"flexparser","hgrecco/flexparser","8378638","0","130","192","14364510","27528357","True","9.718e-05","1.533e-05"
"mypy-boto3-mq","","1776860","46493","72296","260522","2363108","6141879","True","9.718e-05","3.25e-06"
"llama-index-embeddings-openai","","6842045","0","0","0","8658167","25552060","True","9.718e-05","1.252e-05"
"python-gnupg","vsajip/python-gnupg","82500165","24472091","47665923","81229636","112340041","146793136","True","9.718e-05","0.00015092"
"albucore","","5980425","0","0","0","6228469","23673654","True","9.718e-05","1.094e-05"
"queuelib","scrapy/queuelib","15590309","10570953","13385096","12061921","16942711","24990863","True","9.718e-05","2.852e-05"
"surrogate","jaschilz/surrogate","2211938","4476617","4332789","921178","553022","776085","True","9.718e-05","4.05e-06"
"pytest-httpserver","csernazs/pytest-httpserver","8299607","789558","1644258","3888594","9446100","25729526","True","9.718e-05","1.518e-05"
"saxonche","","1268497","0","0","514159","2045547","3782777","True","9.718e-05","2.32e-06"
"pubchempy","","1051865","171250","417865","516057","627086","3527069","True","9.718e-05","1.92e-06"
"svcs","","8654124","0","0","2944","88809","43178865","True","9.718e-05","1.583e-05"
"minimal-snowplow-tracker","","37252585","5774761","20434683","33692032","56452103","69909348","True","9.718e-05","6.815e-05"
"collections-extended","mlenzen/collections-extended","15320367","21777718","18372170","16297806","9981575","10172564","True","9.718e-05","2.803e-05"
"pyvim","","2602867","1070334","976587","1059381","4545681","5362351","True","9.718e-05","4.76e-06"
"pybase64","mayeut/pybase64","18603702","1730432","5569278","6711211","22202286","56805303","True","9.718e-05","3.403e-05"
"tomesd","dbolya/tomesd","3553408","0","0","5690867","6323787","5752385","True","9.718e-05","6.5e-06"
"opendatalab","","1358083","0","7230","1561248","2336284","2885651","True","9.718e-05","2.48e-06"
"pynliner","","1171774","529220","710141","771452","1635369","2212690","True","9.718e-05","2.14e-06"
"python-pptx","scanny/python-pptx","30587198","7353011","9948346","20311183","26333147","88990301","True","9.718e-05","5.595e-05"
"cmake-format","","1819066","924666","1180046","1239267","2346328","3405021","True","9.718e-05","3.33e-06"
"streamlit-card","","1380576","0","6376","524871","2154607","4217027","True","9.718e-05","2.53e-06"
"fbprophet","","10363246","11980167","18016510","13680782","6430514","1708255","True","9.718e-05","1.896e-05"
"pyobjc-framework-inputmethodkit","","1958240","463932","995479","2543270","3017687","2770833","True","9.718e-05","3.58e-06"
"asyncio-dgram","","1040057","898614","2005496","784091","384406","1127678","True","9.718e-05","1.9e-06"
"pydeprecate","borda/pydeprecate","10775467","4120374","23775789","15833439","5885851","4261882","True","9.718e-05","1.971e-05"
"aws-wsgi","","1032243","266399","514024","656121","1451091","2273579","True","9.718e-05","1.89e-06"
"mlserver-mlflow","","1389559","50110","876176","1412031","2644255","1965221","True","9.718e-05","2.54e-06"
"gql","graphql-python/gql","45224269","7448693","18797229","24479312","58547143","116848969","True","9.718e-05","8.273e-05"
"dbl-tempo","databrickslabs/tempo","10183194","4801","1462439","7549131","14365677","27533921","True","9.718e-05","1.863e-05"
"ml-collections","google/ml_collections","6617590","4961313","1439342","5454821","9540117","11692359","True","9.718e-05","1.211e-05"
"focal-loss","artemmavrin/focal-loss","1157080","3805959","724786","377559","554053","323042","True","9.718e-05","2.12e-06"
"rq-dashboard","parallels/rq-dashboard","1689389","532043","540723","726298","2921583","3726297","True","9.718e-05","3.09e-06"
"google-cloud-translate","","70814954","6748487","12546792","16139116","101792544","216847832","True","9.718e-05","0.00012954"
"xformers","","15375062","835","97132","15106480","17758526","43912337","True","9.718e-05","2.813e-05"
"configupdater","pyscaffold/configupdater","49714133","202929","10553346","36534110","114487854","86792424","True","9.718e-05","9.094e-05"
"imap-tools","ikvk/imap_tools","2202745","242191","663385","1349231","3555176","5203743","True","9.718e-05","4.03e-06"
"pinotdb","","43940555","231318","1061817","1534833","19292520","197582289","True","9.718e-05","8.038e-05"
"jsonmerge","","10874358","1861376","6819193","19122632","12594738","13973852","True","9.718e-05","1.989e-05"
"delta","rlgomes/delta","5496699","1375264","3509018","6145333","7552581","8901298","True","9.718e-05","1.006e-05"
"pycron","kipe/pycron","4122588","355399","11958032","2228492","1468398","4602617","True","9.718e-05","7.54e-06"
"ml-metadata","google/ml-metadata","4410311","9028164","7155260","4044854","913961","909318","True","9.718e-05","8.07e-06"
"supervision","","5048088","0","0","1435023","8200843","15604574","True","9.718e-05","9.23e-06"
"aws","","1133010","492027","753610","733911","1342388","2343115","True","9.718e-05","2.07e-06"
"apispec-oneofschema","","1440847","127181","253276","483701","1305439","5034640","True","9.718e-05","2.64e-06"
"mypy-boto3-opsworkscm","","1166565","46682","75836","258941","2271244","3180120","True","9.718e-05","2.13e-06"
"fastembed","","1689567","0","0","45551","1440972","6961311","True","9.718e-05","3.09e-06"
"case-converter","","1181632","31411","137013","874246","1817600","3047890","True","9.718e-05","2.16e-06"
"dtlpymetrics","","1666283","0","0","206881","2192847","5931687","True","9.718e-05","3.05e-06"
"pyobjc-framework-mediaplayer","ronaldoussoren/pyobjc","1953806","438862","986836","2514899","3005308","2823125","True","9.718e-05","3.57e-06"
"codeowners","sbdchd/codeowners","17137418","275833","3096682","6996872","14872591","60445113","True","9.718e-05","3.135e-05"
"hashin","peterbe/hashin","3516398","1869885","1675204","477950","937044","12621905","True","9.718e-05","6.43e-06"
"curl-cffi","lexiforest/curl_cffi","16181798","0","137","991752","8160827","71756275","True","9.718e-05","2.96e-05"
"pyarrow-hotfix","","32204897","0","0","6663482","67098841","87262163","True","9.718e-05","5.891e-05"
"notion-client","ramnes/notion-sdk-py","11199106","48780","732598","1414665","17705906","36093579","True","9.718e-05","2.049e-05"
"ariadne","mirumee/ariadne","4792515","1822803","4659615","2465353","3898139","11116666","True","9.718e-05","8.77e-06"
"google-cloud-bigquery-reservation","","1077012","915223","288231","733434","837156","2611015","True","9.718e-05","1.97e-06"
"mypy-boto3-partnercentral-selling","","1260937","0","0","0","327526","5977161","True","9.718e-05","2.31e-06"
"pypdfium2","pypdfium2-team/pypdfium2","23523591","1595","177339","3241744","21105843","93091432","True","9.718e-05","4.303e-05"
"policy-sentry","salesforce/policy_sentry","10561754","888201","3537822","7290367","12480960","28611419","True","9.718e-05","1.932e-05"
"humiolib","humio/python-humio","3290276","890947","8267211","1596094","1827021","3870107","True","9.718e-05","6.02e-06"
"zigpy-xbee","zigpy/zigpy-xbee","3656983","106975","2238733","5312813","6834594","3791802","True","9.718e-05","6.69e-06"
"pykafka","","1039715","521594","720981","1096244","1397607","1462147","True","9.718e-05","1.9e-06"
"mozlog","","8907370","25651154","13057296","2290426","1344484","2193492","True","9.718e-05","1.629e-05"
"oslo-cache","","1317170","1011445","1245678","1033819","1283480","2011427","True","9.718e-05","2.41e-06"
"coremltools","apple/coremltools","4167400","765575","1823730","2177513","6233853","9836330","True","9.718e-05","7.62e-06"
"luhn","mmcloughlin/luhn","1527235","1034410","1446583","1521068","2096505","1537608","True","9.718e-05","2.79e-06"
"dynaconf","dynaconf/dynaconf","24626923","4695502","21573254","27173144","31743139","37949576","True","9.718e-05","4.505e-05"
"clean-fid","gaparmar/clean-fid","7182823","4249","1880609","15163082","9406887","9459286","True","9.718e-05","1.314e-05"
"clr-loader","","4735528","67844","417895","2200152","6184091","14807660","True","9.718e-05","8.66e-06"
"pulumi-aws","","7793526","441301","868960","1934105","4548499","31174765","True","9.718e-05","1.426e-05"
"yorm","","1134120","330744","437184","920581","1636611","2345481","True","9.718e-05","2.07e-06"
"pyautogen","","1927086","0","0","252516","2330678","7052237","True","9.718e-05","3.53e-06"
"geocoder","deniscarriere/geocoder","11858502","18566784","8692267","5607115","8622954","17803389","True","9.718e-05","2.169e-05"
"pyobjc-framework-preferencepanes","","2019924","475631","1015229","2592242","3137533","2878986","True","9.718e-05","3.7e-06"
"livekit-api","","2340677","0","0","8041","1237883","10457459","True","9.718e-05","4.28e-06"
"azure-mgmt-logic","","17123634","12449832","16524461","17516067","19311500","19816310","True","9.718e-05","3.132e-05"
"pyodps","","5119983","96594","193108","909344","2465278","21935591","True","9.718e-05","9.37e-06"
"python-arango","arangodb/python-arango","20070150","3261338","6916679","9628372","27355756","53188604","True","9.718e-05","3.671e-05"
"cloudsmith-cli","","1027951","355114","672106","1009030","1519326","1584178","True","9.718e-05","1.88e-06"
"path-py","","3673923","2984404","3037203","3769433","4425471","4153102","True","9.718e-05","6.72e-06"
"mypy-boto3-macie2","","1728482","39833","60991","256026","2251976","6033582","True","9.718e-05","3.16e-06"
"jinja2-ansible-filters","","2463099","67759","334342","1298060","3026370","7588963","True","9.718e-05","4.51e-06"
"uwsgitop","xrmx/uwsgitop","1578068","1089722","1562659","1409742","2022516","1805703","True","9.718e-05","2.89e-06"
"viztracer","","1993779","60807","190859","240329","2576666","6900233","True","9.718e-05","3.65e-06"
"hupper","pylons/hupper","24724150","12776088","17594171","33029077","31009336","29212079","True","9.718e-05","4.523e-05"
"expandvars","sayanarijit/expandvars","12139360","1101808","5632107","8352640","17618696","27991551","True","9.718e-05","2.221e-05"
"azure-batch","","70292616","22372580","31917669","48907285","99075177","149190367","True","9.718e-05","0.00012859"
"salesforce-bulk","heroku/salesforce-bulk","17841089","4856254","8217604","21018106","24588504","30524979","True","9.718e-05","3.264e-05"
"trcli","","1086119","0","29171","452130","1736425","3212870","True","9.718e-05","1.99e-06"
"pyobjc-framework-netfs","","2341028","462900","1016302","2844818","4548373","2832749","True","9.718e-05","4.28e-06"
"pypular","","61749388","0","0","0","308746902","39","True","9.718e-05","0.00011296"
"idf-component-manager","espressif/idf-component-manager","4412310","301963","4733307","1896217","4706025","10424036","True","9.718e-05","8.07e-06"
"types-xmltodict","python/typeshed","3110005","0","97443","640188","3512240","11300152","True","9.718e-05","5.69e-06"
"eli5","eli5-org/eli5","6393485","9306545","12156061","5202877","3602735","1699209","True","9.718e-05","1.17e-05"
"graphemeu","","1477157","0","0","0","947","7384838","True","9.718e-05","2.7e-06"
"drissionpage","","1040222","7438","20034","59877","3259399","1854364","True","9.718e-05","1.9e-06"
"mypy-boto3-rbin","","1686283","582","15977","230437","2187351","5997070","True","9.718e-05","3.08e-06"
"dynamicprompts","","1090822","0","0","1441042","1601483","2411587","True","9.718e-05","2e-06"
"jinja2-pluralize","","4507818","4586077","3778393","3854714","5977747","4342160","True","9.718e-05","8.25e-06"
"django-sequences","","1155424","384407","532597","768230","2407504","1684384","True","9.718e-05","2.11e-06"
"stumpy","stumpy-dev/stumpy","2773500","1436943","2867472","2267721","3193894","4101470","True","9.718e-05","5.07e-06"
"jupyter-server-fileid","","6923689","0","53582","8416050","10958581","15190232","True","9.718e-05","1.267e-05"
"mypy-boto3-batch","youtype/mypy_boto3_builder","13327555","203442","485923","1268914","4355701","60323797","True","9.718e-05","2.438e-05"
"target-jsonl","","1299302","49121","227710","504348","1755004","3960329","True","9.718e-05","2.38e-06"
"aws-cdk-cx-api","","4675245","3307457","5795026","6536368","4050771","3686602","True","9.718e-05","8.55e-06"
"mypy-boto3-workspaces-web","","1695411","576","15841","231588","2206530","6022520","True","9.718e-05","3.1e-06"
"inject","ivankorobkov/python-inject","23969567","3599237","4912440","12592132","68784752","29959272","True","9.718e-05","4.385e-05"
"commentjson","","13912436","1950989","5242517","10281962","20598395","31488318","True","9.718e-05","2.545e-05"
"daal4py","","1285659","937360","1048625","2068334","1636514","737463","True","9.718e-05","2.35e-06"
"aws-cdk-aws-lambda-python-alpha","","8123335","2294","1181463","8334202","12460802","18637914","True","9.718e-05","1.486e-05"
"opentelemetry-instrumentation-fastapi","","63650691","330776","2632037","11891869","66214645","237184127","True","9.718e-05","0.00011644"
"mypy-boto3-account","","1757552","3225","20465","243677","2245141","6275254","True","9.718e-05","3.22e-06"
"docusign-esign","","3268927","353508","691975","1482091","3232032","10585031","True","9.718e-05","5.98e-06"
"pyobjc-framework-corehaptics","ronaldoussoren/pyobjc","1068972","367666","559882","710977","929552","2776781","True","9.718e-05","1.96e-06"
"jq","","14130658","1901577","6362450","8967088","17926378","35495795","True","9.718e-05","2.585e-05"
"azure-mgmt-monitor","","54387647","18354146","31145898","47517369","97870246","77050575","True","9.718e-05","9.949e-05"
"httpx-sse","florimondmanca/httpx-sse","81204000","0","0","229593","18151171","387639235","True","9.718e-05","0.00014855"
"editdistance","roy-ht/editdistance","14185519","6477953","7023010","8492279","21601672","27332682","True","9.718e-05","2.595e-05"
"opentelemetry-instrumentation-psycopg","","2054607","0","0","0","1010438","9262597","True","9.718e-05","3.76e-06"
"python-glanceclient","","1920842","1955812","1573667","1539253","2081923","2453556","True","9.718e-05","3.51e-06"
"pulumi-gcp","","1125287","169280","308072","505290","1299117","3344677","True","9.718e-05","2.06e-06"
"zope-sqlalchemy","","2111536","1622435","1487504","1899307","2496554","3051878","True","9.718e-05","3.86e-06"
"deprecat","mjhajharia/deprecat","3284105","847","1851920","4366342","6506582","3694833","True","9.718e-05","6.01e-06"
"mypy-boto3-ses","","4532518","141721","519585","1807133","5454098","14740053","True","9.718e-05","8.29e-06"
"azure-functions-durable","azure/azure-functions-durable-python","1318674","217237","631291","992839","1866120","2885885","True","9.718e-05","2.41e-06"
"pyqt5-qt5","","14790867","3760763","7735657","8707368","25700582","28049966","True","9.718e-05","2.706e-05"
"aliyun-python-sdk-core","aliyun/aliyun-openapi-python-sdk","194804564","7192651","6543007","9559960","72757372","877969831","True","9.718e-05","0.00035636"
"ibm-db","","7456183","1822452","1608225","3663743","10852282","19334213","True","9.718e-05","1.364e-05"
"pycli","","1175931","3539502","626085","722022","517811","474235","True","9.718e-05","2.15e-06"
"torchsde","google-research/torchsde","14655134","11106","751197","14980213","19975089","37558064","True","9.718e-05","2.681e-05"
"ml-wrappers","microsoft/ml-wrappers","1207704","143","1524872","1537144","1688987","1287374","True","9.718e-05","2.21e-06"
"ruamel-yaml-clib","","418902182","134575880","187247414","305360898","569546583","897780135","True","9.718e-05","0.0007663"
"tensor2tensor","tensorflow/tensor2tensor","1253675","5694556","224416","133027","83983","132391","True","9.718e-05","2.29e-06"
"aws-lambda-builders","","9383001","4731630","6559506","8471151","12712415","14440301","True","9.718e-05","1.716e-05"
"pyobjc-framework-devicecheck","","1069245","369016","560843","711021","929284","2776062","True","9.718e-05","1.96e-06"
"crytic-compile","","1138913","210774","520438","1058348","1912833","1992170","True","9.718e-05","2.08e-06"
"flask-pymongo","","2031409","2569825","1213579","1363828","2442050","2567761","True","9.718e-05","3.72e-06"
"paddleocr","","2457292","233649","521265","751493","3260458","7519596","True","9.718e-05","4.5e-06"
"fireworks-ai","","8448225","0","126","25817","833989","41381194","True","9.718e-05","1.545e-05"
"aiosmtpd","aio-libs/aiosmtpd","2779826","387876","2765232","1392863","3327000","6026160","True","9.718e-05","5.09e-06"
"bubus","","1042282","0","0","0","0","5211409","True","9.718e-05","1.91e-06"
"autocommand","simplejson/simplejson","9145180","303282","10281617","13064974","11100115","10975913","True","9.718e-05","1.673e-05"
"robinhood-aiokafka","","1749703","6733901","640144","377955","740678","255839","True","9.718e-05","3.2e-06"
"aqtp","","1129875","0","18124","107670","3107192","2416389","True","9.718e-05","2.07e-06"
"target-hotglue","","2093674","0","0","72228","4610467","5785675","True","9.718e-05","3.83e-06"
"python-vagrant","pycontribs/python-vagrant","5592988","568682","686770","1023286","2374713","23311488","True","9.718e-05","1.023e-05"
"azure-cognitiveservices-knowledge-qnamaker","","1164646","11243","166719","1411863","2166176","2067229","True","9.718e-05","2.13e-06"
"ansible-compat","ansible/ansible-compat","15239273","486914","4407238","7615246","21324320","42362645","True","9.718e-05","2.788e-05"
"awsiotpythonsdk","aws/aws-iot-device-sdk-python","1929141","2033382","1967144","2315455","2271217","1058507","True","9.718e-05","3.53e-06"
"choreographer","","2652132","0","0","0","184312","13076347","True","9.718e-05","4.85e-06"
"mkdocs-meta-manager","","1169914","0","173","5767","21538","5822094","True","9.718e-05","2.14e-06"
"pika","","52126912","19868889","35503459","47783850","63122924","94355440","True","9.718e-05","9.536e-05"
"aws-cdk-asset-awscli-v1","","20719548","0","181323","10611100","23365444","69439872","True","9.718e-05","3.79e-05"
"pylsqpack","aiortc/pylsqpack","3619358","172653","547437","1295248","3155943","12925511","True","9.718e-05","6.62e-06"
"dedupe","dedupeio/dedupe","1690315","1671987","3681677","1169735","1109474","818704","True","9.718e-05","3.09e-06"
"requests-ratelimiter","","1103006","3293","20297","209604","1233553","4048281","True","9.718e-05","2.02e-06"
"spotinst-agent","","4214487","2732853","3440021","4897822","5198153","4803585","True","9.718e-05","7.71e-06"
"azure-mgmt-appconfiguration","","30319745","4570744","12751548","27316797","58036307","48923330","True","9.718e-05","5.546e-05"
"genai-prices","","2012541","0","0","0","0","10062703","True","9.718e-05","3.68e-06"
"categorical-distance","","1247995","1125800","2587938","977562","843221","705454","True","9.718e-05","2.28e-06"
"uproot","scikit-hep/uproot5","2554635","603421","659051","1291677","5248749","4970275","True","9.718e-05","4.67e-06"
"mypy-boto3-appsync","","1817842","46782","86226","280219","2353903","6322078","True","9.718e-05","3.33e-06"
"uuid7","","4713433","55","11190","219928","3226591","20109402","True","9.718e-05","8.62e-06"
"google-cloud-bigquery-biglake","","11265959","0","0","1398","4392661","51935738","True","9.718e-05","2.061e-05"
"dagster-celery","","2442257","78223","2902817","425586","2249497","6555162","True","9.718e-05","4.47e-06"
"pydrive","","4430078","2750435","5284985","4884621","4875274","4355075","True","9.718e-05","8.1e-06"
"murmurhash2","","1701710","6984","28210","37945","1764730","6670681","True","9.718e-05","3.11e-06"
"google-search-results","serpapi/google-search-results-python","3261713","226758","248537","2275129","4415817","9142323","True","9.718e-05","5.97e-06"
"mypy-boto3-appfabric","","1675817","0","0","199418","2175573","6004093","True","9.718e-05","3.07e-06"
"aws-cdk-aws-redshift-alpha","","1173885","1062","163571","1628924","1877728","2198138","True","9.718e-05","2.15e-06"
"vertica-python","vertica/vertica-python","15416758","2973851","5435878","7264968","16530834","44878258","True","9.718e-05","2.82e-05"
"datetimerange","thombashi/datetimerange","1556461","392523","1305185","1872042","1891516","2321037","True","9.718e-05","2.85e-06"
"pyfcm","olucurious/pyfcm","2824505","2690158","2786721","3551656","2788734","2305255","True","9.718e-05","5.17e-06"
"tifffile","cgohlke/tifffile","76139349","50714667","48485831","59420758","89001310","133074177","True","9.718e-05","0.00013928"
"sarif-tools","","1084660","179","124292","464756","1023576","3810495","True","9.718e-05","1.98e-06"
"probableparsing","datamade/probableparsing","12865460","6868875","10886634","8961143","11134263","26476386","True","9.718e-05","2.353e-05"
"mypy-boto3-mwaa","youtype/mypy_boto3_builder","1949274","32051","53255","340482","2616648","6703932","True","9.718e-05","3.57e-06"
"nvidia-curand-cu12","","101228037","0","180","11762413","120292261","374085332","True","9.718e-05","0.00018518"
"shellescape","chrissimpkins/shellescape","10318360","5403278","11634114","11286705","11850356","11417345","True","9.718e-05","1.888e-05"
"model-bakery","model-bakers/model_bakery","6104992","2052007","3241602","4923335","8419258","11888758","True","9.718e-05","1.117e-05"
"magicattr","","39318294","6146602","15413426","32388523","61756222","80886699","True","9.718e-05","7.193e-05"
"pastescript","","1207804","1483436","1088080","1151113","1147948","1168441","True","9.718e-05","2.21e-06"
"jschema-to-python","microsoft/jschema-to-python","20385261","2786751","26786327","26731733","27569566","18051927","True","9.718e-05","3.729e-05"
"recurring-ical-events","niccokunzmann/python-recurring-ical-events","2793098","632568","1319325","889805","2287224","8836570","True","9.718e-05","5.11e-06"
"regressors","nsh87/regressors","1575624","826892","3066187","2337450","1360410","287181","True","9.718e-05","2.88e-06"
"gnupg","","6353278","2241542","4098992","4498881","5767390","15159584","True","9.718e-05","1.162e-05"
"apify-shared","","1485964","0","0","199552","1572306","5657960","True","9.718e-05","2.72e-06"
"pydeps","","1105855","168589","452875","922960","1339910","2644941","True","9.718e-05","2.02e-06"
"html-telegraph-poster","mercuree/html-telegraph-poster","1004676","2886516","1081310","382617","463532","209403","True","9.718e-05","1.84e-06"
"wincertstore","tiran/wincertstore","4726526","3208235","4490399","5352933","5027225","5553837","True","9.718e-05","8.65e-06"
"ydata-profiling","","7576916","0","0","8020656","14354674","15509251","True","9.718e-05","1.386e-05"
"in-place","jwodder/inplace","2210848","257563","1008225","5369631","3303510","1115309","True","9.718e-05","4.04e-06"
"pyobjc-framework-applescriptobjc","","1977762","424316","1001228","2551087","3039867","2872312","True","9.718e-05","3.62e-06"
"bayesian-changepoint-detection","hildensia/bayesian_changepoint_detection","1736875","162675","7785882","710463","12907","12448","True","9.718e-05","3.18e-06"
"dvc-studio-client","","3258133","0","2351","2890428","4399962","8997923","True","9.718e-05","5.96e-06"
"cucumber-expressions","","1852796","0","723","18786","123508","9120962","True","9.718e-05","3.39e-06"
"comfyui-frontend-package","","2269690","0","0","0","0","11348452","True","9.718e-05","4.15e-06"
"sigmatools","sigmahq/sigma","2095563","331769","3002873","3767641","2484454","891076","True","9.718e-05","3.83e-06"
"pyxirr","anexen/pyxirr","2084990","20998","586405","1231632","3546396","5039517","True","9.718e-05","3.81e-06"
"prefect-shell","prefecthq/prefect","1755655","0","24098","832584","3181247","4740346","True","9.718e-05","3.21e-06"
"nvidia-cuda-runtime-cu11","","34453997","1454","6903677","53319052","71756685","40289115","True","9.718e-05","6.303e-05"
"aws-cdk-cloud-assembly-schema","","10358097","3031458","5301910","5665595","7601683","30189837","True","9.718e-05","1.895e-05"
"pytest-testmon","","2974840","966970","1458922","1609784","3129265","7709257","True","9.718e-05","5.44e-06"
"opentelemetry-instrumentation-langchain","","2495550","0","0","13795","544310","11919646","True","9.718e-05","4.57e-06"
"swe-rex","","31147855","0","0","0","11192","155728085","True","9.718e-05","5.698e-05"
"demoji","","1085359","301435","1074496","1221193","1156009","1673662","True","9.718e-05","1.99e-06"
"hdijupyterutils","","2490825","582418","525460","770351","1393715","9182179","True","9.718e-05","4.56e-06"
"google-cloud-storage-transfer","","45480913","1109","266385","2103748","56570222","168463102","True","9.718e-05","8.32e-05"
"pyghmi","","1085491","460103","512207","417868","554001","3483276","True","9.718e-05","1.99e-06"
"asteval","lmfit/asteval","9388867","1629198","2074670","2735662","13405903","27098900","True","9.718e-05","1.718e-05"
"pulp-cli","","1338152","24100","50446","379745","2672698","3563771","True","9.718e-05","2.45e-06"
"tree-sitter-embedded-template","","3739851","0","0","0","116265","18582991","True","9.718e-05","6.84e-06"
"yarn-api-client","","4599262","1998062","1979176","2688488","8298540","8032046","True","9.718e-05","8.41e-06"
"opentelemetry-sdk-extension-aws","","8305589","66375","688743","2352149","14104550","24316129","True","9.718e-05","1.519e-05"
"transform","","1623621","8481","2058517","5955807","49835","45467","True","9.718e-05","2.97e-06"
"mkl","","5011744","4077908","4984876","4546335","7121856","4327745","True","9.718e-05","9.17e-06"
"django-safedelete","makinacorpus/django-safedelete","2349222","776701","1238462","2088983","2128927","5513036","True","9.718e-05","4.3e-06"
"smbprotocol","","27898613","1359996","6529996","16932925","38772749","75897399","True","9.718e-05","5.104e-05"
"click-man","click-contrib/click-man","57321480","30460","59833","58383590","212094081","16039437","True","9.718e-05","0.00010486"
"mypy-boto3-chime-sdk-meetings","","1705800","1564","21438","235469","2195683","6074846","True","9.718e-05","3.12e-06"
"django-watchman","mwarkentin/django-watchman","1149406","1799998","651423","829462","974028","1492119","True","9.718e-05","2.1e-06"
"pyrad","","1173426","314802","411096","754060","1418716","2968456","True","9.718e-05","2.15e-06"
"mypy-boto3-kendra-ranking","","1676972","0","0","222076","2180144","5982642","True","9.718e-05","3.07e-06"
"devpi-common","","1370404","387553","638731","1173046","1470308","3182380","True","9.718e-05","2.51e-06"
"pyobjc-framework-diskarbitration","","2012382","456952","1004536","2577133","3145365","2877926","True","9.718e-05","3.68e-06"
"pycep-parser","gruebel/pycep","10167847","0","2757259","7104695","12962428","28014852","True","9.718e-05","1.86e-05"
"pyloudnorm","csteinmetz1/pyloudnorm","3602386","331925","597556","625933","3449891","13006627","True","9.718e-05","6.59e-06"
"mailchimp-marketing","","2995929","422607","800525","1592406","2664623","9499484","True","9.718e-05","5.48e-06"
"altgraph","ronaldoussoren/altgraph","29131504","6548460","10334019","16252802","34623293","77898947","True","9.718e-05","5.329e-05"
"mypy-boto3-robomaker","","1585236","45388","76300","259095","2261173","5284225","True","9.718e-05","2.9e-06"
"types-python-slugify","python/typeshed","15069434","226502","1462248","3390929","13010930","57256560","True","9.718e-05","2.757e-05"
"mypy-boto3-medialive","","1850472","58276","89574","273161","2309415","6521932","True","9.718e-05","3.39e-06"
"pydantic-graph","","7714537","0","0","0","0","38572684","True","9.718e-05","1.411e-05"
"pluginbase","mitsuhiko/pluginbase","7179068","4545172","5921769","6991424","8540726","9896248","True","9.718e-05","1.313e-05"
"ibm-vpc","","1048541","213093","265515","368094","579896","3816108","True","9.718e-05","1.92e-06"
"pulumi","","14846487","720183","3015760","11094153","15169451","44232889","True","9.718e-05","2.716e-05"
"scikeras","adriangb/scikeras","2986314","85428","341112","3832323","4220359","6452346","True","9.718e-05","5.46e-06"
"pebble","","3680401","855140","1556005","2769012","4690068","8531782","True","9.718e-05","6.73e-06"
"mypy-boto3-networkmonitor","","1607095","0","0","246","2073587","5961643","True","9.718e-05","2.94e-06"
"koalas","databricks/koalas","22398321","31155652","20989808","20479348","19589103","19777695","True","9.718e-05","4.097e-05"
"itemloaders","scrapy/itemloaders","12155881","4421639","8259646","10473381","14521138","23103602","True","9.718e-05","2.224e-05"
"mypy-boto3-service-quotas","","1862027","51753","79168","337202","2449234","6392776","True","9.718e-05","3.41e-06"
"pydevd-pycharm","jetbrains/intellij-community","3005105","1413404","1777668","2694476","4384928","4755049","True","9.718e-05","5.5e-06"
"salt-lint","","1663322","116787","259971","1242065","1986145","4711640","True","9.718e-05","3.04e-06"
"mypy-boto3-chime-sdk-voice","","1681746","0","1580","225082","2182894","5999175","True","9.718e-05","3.08e-06"
"simple-parsing","","5117999","77840","396490","1136294","7736364","16243005","True","9.718e-05","9.36e-06"
"azure-schemaregistry","","8811820","234958","2994172","3257176","15049484","22523309","True","9.718e-05","1.612e-05"
"mypy-boto3-arc-zonal-shift","","1712310","0","456","223375","2186926","6150795","True","9.718e-05","3.13e-06"
"marketorestpython","","1185150","573133","1071592","1244662","879362","2157002","True","9.718e-05","2.17e-06"
"pims","soft-matter/pims","1177062","146313","292032","2952849","1458974","1035141","True","9.718e-05","2.15e-06"
"grandalf","bdcht/grandalf","6001710","1163614","3769008","7269417","5258885","12547624","True","9.718e-05","1.098e-05"
"pyddq","","1016233","551394","1012495","1260429","1078114","1178732","True","9.718e-05","1.86e-06"
"feedgen","","1589531","490074","676249","971953","2648858","3160520","True","9.718e-05","2.91e-06"
"cligj","mapbox/cligj","55749044","19789891","38008592","66678613","83788470","70479654","True","9.718e-05","0.00010198"
"markuppy","tylerbakke/markuppy","6606538","4178257","5373326","7912349","7897356","7671404","True","9.718e-05","1.209e-05"
"aiohttp-session","","1485191","1070558","1696163","1315605","1642946","1700682","True","9.718e-05","2.72e-06"
"mammoth","mwilliamson/python-mammoth","5713362","248998","339189","499982","5519072","21959571","True","9.718e-05","1.045e-05"
"google-genai","","190749237","0","0","0","63516","953682670","True","9.718e-05","0.00034894"
"robotframework-debuglibrary","","1724006","614026","1859536","2587417","1624228","1934825","True","9.718e-05","3.15e-06"
"aiosmtplib","","11672708","781745","2073670","3423187","8926274","43158666","True","9.718e-05","2.135e-05"
"mkdocs-glightbox","","2219777","0","66497","758675","2805755","7467960","True","9.718e-05","4.06e-06"
"setuptools-scm-git-archive","changaco/setuptools_scm_git_archive","5542418","2101075","3543388","3369512","8996219","9701897","True","9.718e-05","1.014e-05"
"pyluach","simlist/pyluach","15804239","17756888","14245855","7799329","15522672","23696450","True","9.718e-05","2.891e-05"
"tensorflow-cloud","tensorflow/cloud","2132237","7037430","2042145","832255","463838","285519","True","9.718e-05","3.9e-06"
"pyartifactory","","1302655","80007","379755","1085329","1672654","3295532","True","9.718e-05","2.38e-06"
"cadwyn","","14963412","0","0","3456","60520","74753082","True","9.718e-05","2.737e-05"
"pyexasol","exasol/pyexasol","18718090","1548142","2271207","2511943","16145289","71113870","True","9.718e-05","3.424e-05"
"databricks-sqlalchemy","","30042309","0","0","0","3320","150208223","True","9.718e-05","5.496e-05"
"dateformat","stestagg/dateformat","5462911","152626","2217074","9250913","11365135","4328808","True","9.718e-05","9.99e-06"
"pyzabbix","lukecyca/pyzabbix","3060102","2529853","2561247","2253333","2656331","5299745","True","9.718e-05","5.6e-06"
"mypy-boto3-appstream","","1756317","47895","86066","283248","2283888","6080488","True","9.718e-05","3.21e-06"
"beaker","","3103162","3152318","3485056","3576478","3571562","1730397","True","9.718e-05","5.68e-06"
"celery-once","","1124744","756141","817446","1284099","1123210","1642824","True","9.718e-05","2.06e-06"
"openqasm3","","1004529","112","86318","585493","1133952","3216770","True","9.718e-05","1.84e-06"
"newrelic","","26118407","15491914","20546117","28490382","33953456","32110168","True","9.718e-05","4.778e-05"
"hydra-core","facebookresearch/hydra","32943158","3489958","12172431","19839314","37035736","92178349","True","9.718e-05","6.026e-05"
"requests-aws-sign","jmenga/requests-aws-sign","14470418","2288461","3576885","13624794","23070723","29791228","True","9.718e-05","2.647e-05"
"pyscreenshot","ponty/pyscreenshot","2372495","2292524","1099702","3329341","2984364","2156542","True","9.718e-05","4.34e-06"
"pyhs2","bradruderman/pyhs2","3170064","3169593","3727100","4325594","2662633","1965401","True","9.718e-05","5.8e-06"
"replit","replit/replit-py","14372495","23309852","35253745","12649372","211917","437590","True","9.718e-05","2.629e-05"
"django-prettyjson","","1115575","876523","1024240","908447","883802","1884865","True","9.718e-05","2.04e-06"
"deepdiff6","seperman/deepdiff","1003662","0","213182","1276542","1368874","2159711","True","9.718e-05","1.84e-06"
"mypy-boto3-autoscaling-plans","","1736761","45878","68453","258888","2258718","6051869","True","9.718e-05","3.18e-06"
"django-push-notifications","","1015742","488082","792833","864734","1027392","1905670","True","9.718e-05","1.86e-06"
"imgaug","aleju/imgaug","5847962","2876160","4423764","3882696","5715964","12341225","True","9.718e-05","1.07e-05"
"wcmatch","facelessuser/wcmatch","46253821","4398307","12824671","21144189","55060967","137840970","True","9.718e-05","8.461e-05"
"opentelemetry-resource-detector-azure","","15555530","0","0","559428","16399687","60818535","True","9.718e-05","2.846e-05"
"opencensus-ext-threading","census-instrumentation/opencensus-python","2200331","263849","582150","2767738","6609765","778155","True","9.718e-05","4.03e-06"
"django-pipeline","jazzband/django-pipeline","1323160","1023976","786586","1107416","1651549","2046274","True","9.718e-05","2.42e-06"
"jenkspy","mthh/jenkspy","1232896","2089986","1681834","480981","711552","1200126","True","9.718e-05","2.26e-06"
"artifacts-keyring","microsoft/artifacts-keyring","7974112","1452824","2808353","7823431","12747931","15038023","True","9.718e-05","1.459e-05"
"future-fstrings","","8271833","1986805","5388830","9772202","13550516","10660811","True","9.718e-05","1.513e-05"
"opentelemetry-instrumentation-asyncio","","4679439","0","0","0","2886353","20510843","True","9.718e-05","8.56e-06"
"pyramid-jinja2","pylons/pyramid_jinja2","20027166","9848445","14155340","29234043","24928813","21969191","True","9.718e-05","3.664e-05"
"pyobjc-framework-executionpolicy","ronaldoussoren/pyobjc","1067797","357817","564242","711226","929627","2776075","True","9.718e-05","1.95e-06"
"mediapy","","1457198","10964","115898","467782","1084980","5606366","True","9.718e-05","2.67e-06"
"sanic-routing","sanic-org/sanic-routing","16123785","35982861","6892769","8697164","13958326","15087805","True","9.718e-05","2.95e-05"
"pytest-testrail","allankp/pytest-testrail","1179532","711061","677518","1097294","1866856","1544931","True","9.718e-05","2.16e-06"
"mido","","1606494","343155","368223","849509","3059391","3412190","True","9.718e-05","2.94e-06"
"wurlitzer","","4938240","1106542","1988839","3336743","7391614","10867464","True","9.718e-05","9.03e-06"
"azureml-train-core","","10503012","13001461","15312224","10473392","7667334","6060648","True","9.718e-05","1.921e-05"
"fastcore","answerdotai/fastcore","17381788","3141864","6785178","7197000","26740359","43044540","True","9.718e-05","3.18e-05"
"pysmi","lextudio/pysmi","7638455","3287397","3608570","5101436","9825071","16369803","True","9.718e-05","1.397e-05"
"userpath","ofek/userpath","63687431","816439","4956772","17779550","65365613","229518780","True","9.718e-05","0.0001165"
"discord-ext-slash","kenny2github/discord-ext-slash","1434130","622650","2310511","4129655","73847","33988","True","9.718e-05","2.62e-06"
"avro-gen","rbystrit/avro_gen","11528472","15179361","12716434","10177823","9869129","9699611","True","9.718e-05","2.109e-05"
"pyfunctional","entilzha/pyfunctional","2878026","868837","2270349","3493096","3437556","4320292","True","9.718e-05","5.26e-06"
"blob","","1277894","1246523","2725085","827917","800997","788948","True","9.718e-05","2.34e-06"
"django-heroku","heroku/django-heroku","1493552","1343273","1336094","1095037","2466268","1227088","True","9.718e-05","2.73e-06"
"python-gettext","hannosch/python-gettext","2127740","664134","611236","932140","6242688","2188502","True","9.718e-05","3.89e-06"
"robotframework-appiumlibrary","","1194473","460149","780880","960033","1881175","1890128","True","9.718e-05","2.19e-06"
"mypy-boto3-ecr-public","","1847834","31369","53546","395438","2327349","6431470","True","9.718e-05","3.38e-06"
"sklearn2pmml","","1904496","869375","557741","657086","1952139","5486140","True","9.718e-05","3.48e-06"
"objsize","liran-funaro/objsize","24909404","943582","8592257","21003149","31428236","62579795","True","9.718e-05","4.557e-05"
"inputimeout","","17736688","306150","643211","489175","4296366","82948539","True","9.718e-05","3.245e-05"
"mypy-boto3-comprehendmedical","","1787234","46979","69255","265617","2309119","6245201","True","9.718e-05","3.27e-06"
"sqlalchemy-filters","juliotrigo/sqlalchemy-filters","1658021","2478129","2527747","1137331","972467","1174430","True","9.718e-05","3.03e-06"
"pydyf","courtbouillon/pydyf","24021896","645911","3137975","7383181","18061616","90880796","True","9.718e-05","4.394e-05"
"logger","","2003037","841902","1536119","1681088","2268624","3687450","True","9.718e-05","3.66e-06"
"aerospike","","2700347","939158","3098572","1951047","3058616","4454341","True","9.718e-05","4.94e-06"
"mypy-boto3-directconnect","","1802328","47560","73873","283889","2327348","6278972","True","9.718e-05","3.3e-06"
"pytest-durations","","1245734","0","111842","167599","454485","5494742","True","9.718e-05","2.28e-06"
"fastapi-pagination","uriyyo/fastapi-pagination","6346430","246485","1245208","3027649","8836090","18376718","True","9.718e-05","1.161e-05"
"pysql-beam","","1695864","277720","399146","7480021","207166","115267","True","9.718e-05","3.1e-06"
"extension-helpers","","2299136","295761","393753","574385","2295692","7936091","True","9.718e-05","4.21e-06"
"mypy-boto3-quicksight","","2031729","53482","116216","378248","2710482","6900215","True","9.718e-05","3.72e-06"
"xmlrunner","pycontribs/xmlrunner","7099387","3376351","4766254","4716471","4771528","17866330","True","9.718e-05","1.299e-05"
"simpleeval","","20539111","3268687","3939231","9570479","20871522","65045636","True","9.718e-05","3.757e-05"
"requests-ntlm3","","1855028","84810","1013366","2450751","3408367","2317845","True","9.718e-05","3.39e-06"
"fuzzyfinder","","1017964","299510","460905","1069386","1843841","1416177","True","9.718e-05","1.86e-06"
"mypy-boto3-rum","","1684820","588","16113","229467","2182905","5995028","True","9.718e-05","3.08e-06"
"python-doctr","","1590207","29339","113743","110836","447191","7249925","True","9.718e-05","2.91e-06"
"pulumi-random","","1130922","187917","354354","598511","1341726","3172104","True","9.718e-05","2.07e-06"
"pydantic-ai","","8279990","0","0","0","88316","41311636","True","9.718e-05","1.515e-05"
"application-properties","","1094604","5655","89869","186088","719715","4471694","True","9.718e-05","2e-06"
"universal-pathlib","","77668243","1437","2282048","13989543","150822797","221245392","True","9.718e-05","0.00014208"
"pyqt6-webengine","","1280392","6494","87888","185903","327286","5794387","True","9.718e-05","2.34e-06"
"openlineage-integration-common","openlineage/openlineage","27253767","7992","119398","1275486","35260157","99605804","True","9.718e-05","4.986e-05"
"gfpgan","tencentarc/gfpgan","5096699","47073","1441497","13065772","6928596","4000555","True","9.718e-05","9.32e-06"
"langchain-ollama","","3165279","0","0","0","996539","14829855","True","9.718e-05","5.79e-06"
"tox-ansible","","1545347","61343","65614","67536","2888362","4643879","True","9.718e-05","2.83e-06"
"aspy-yaml","","3150007","5497316","3671868","2945090","2106123","1529638","True","9.718e-05","5.76e-06"
"lm-eval","","1970343","366","13792","537544","2747819","6552195","True","9.718e-05","3.6e-06"
"nbdime","jupyter/nbdime","2681231","1913115","2775063","2450583","3246673","3020722","True","9.718e-05","4.9e-06"
"numpy-quaternion","moble/quaternion","3381886","571352","569300","1435463","6049367","8283950","True","9.718e-05","6.19e-06"
"opentelemetry-instrumentation-cohere","","2020604","0","0","10762","383270","9708990","True","9.718e-05","3.7e-06"
"mypy-boto3-bcm-pricing-calculator","","1261513","0","0","0","325197","5982366","True","9.718e-05","2.31e-06"
"spacy-pkuseg","","1062907","42113","411567","852822","1233245","2774790","True","9.718e-05","1.94e-06"
"razorpay","razorpay/razorpay-python","1545483","962863","885970","1292503","1670884","2915197","True","9.718e-05","2.83e-06"
"cron-schedule-triggers","","1100274","30929","81684","429045","1793507","3166203","True","9.718e-05","2.01e-06"
"adtk","arundo/adtk","2717356","725195","2680402","2922307","2992123","4266752","True","9.718e-05","4.97e-06"
"mypy-boto3-kinesis-video-archived-media","","1742800","46998","84189","267348","2274200","6041264","True","9.718e-05","3.19e-06"
"tzwhere","pegler/pytzwhere","5135845","3928984","7426587","5561935","4847670","3914048","True","9.718e-05","9.4e-06"
"rerun-sdk","","1674073","0","0","206564","2847430","5316372","True","9.718e-05","3.06e-06"
"country-converter","indecol/country_converter","9298334","4535069","2225826","6856722","13932401","18941652","True","9.718e-05","1.701e-05"
"celery","celery/celery","127261049","56037176","66928666","84390185","146338047","282611173","True","9.718e-05","0.0002328"
"pymarkdownlnt","","1009959","11790","79848","145967","587288","4224900","True","9.718e-05","1.85e-06"
"huaweicloudsdkcore","","1489478","29192","196282","1650859","3717604","1853452","True","9.718e-05","2.72e-06"
"mypy-boto3-marketplace-deployment","","1670560","0","0","70130","2171780","6110892","True","9.718e-05","3.06e-06"
"grapheme","alvinlindstam/grapheme","5433985","565846","1913519","4423910","8211898","12054752","True","9.718e-05","9.94e-06"
"pytools","inducer/pytools","2320434","897916","2197097","1687007","2849986","3970165","True","9.718e-05","4.24e-06"
"kaldiio","","1752115","266292","508836","833029","2878596","4273823","True","9.718e-05","3.21e-06"
"multiprocessing-logging","jruere/multiprocessing-logging","2229202","690060","1838487","1812397","2637576","4167491","True","9.718e-05","4.08e-06"
"mypy-boto3-sagemaker-metrics","","1707933","0","331","222463","2188980","6127892","True","9.718e-05","3.12e-06"
"mongomock-motor","","1080427","890","57937","417921","1397937","3527452","True","9.718e-05","1.98e-06"
"esp-idf-monitor","","1543664","0","0","799926","2209284","4709110","True","9.718e-05","2.82e-06"
"avalara","","1963756","484633","577902","1245998","670626","6839623","True","9.718e-05","3.59e-06"
"dagster-webserver","","8271355","0","0","1450501","7873000","32033272","True","9.718e-05","1.513e-05"
"python-binary-memcached","jaysonsantos/python-binary-memcached","1128123","1026863","1213496","1124461","1134150","1141647","True","9.718e-05","2.06e-06"
"pyathena","pyathena-dev/pyathena","119197437","50138777","170678196","89715106","124422261","161032847","True","9.718e-05","0.00021805"
"types-markupsafe","","8974605","1222855","7587498","7665305","11241163","17156205","True","9.718e-05","1.642e-05"
"visualdl","","1521672","287709","806138","1648988","2491579","2373945","True","9.718e-05","2.78e-06"
"mypy-boto3-detective","","1764793","44700","64861","259161","2269993","6185249","True","9.718e-05","3.23e-06"
"pysubs2","","1276185","41388","104028","155136","586074","5494301","True","9.718e-05","2.33e-06"
"arize","","1359873","26298","559842","589248","1151651","4472324","True","9.718e-05","2.49e-06"
"currencyconverter","alexprengere/currencyconverter","7388030","16929234","5855086","3802516","4486341","5866974","True","9.718e-05","1.351e-05"
"foundationdb","apple/foundationdb","5471711","81381","9803577","16061838","902127","509634","True","9.718e-05","1.001e-05"
"pythonnet","","5221191","1341984","1546443","2355756","6618923","14242850","True","9.718e-05","9.55e-06"
"aiocache","aio-libs/aiocache","11099776","943578","1569392","3168530","11849145","37968236","True","9.718e-05","2.03e-05"
"appier","","2004920","209703","421987","879725","4048804","4464381","True","9.718e-05","3.67e-06"
"spark-sklearn","databricks/spark-sklearn","8916338","3661801","17739881","11779476","7919141","3481390","True","9.718e-05","1.631e-05"
"opentelemetry-instrumentation-confluent-kafka","","2145015","0","23361","244315","3125912","7331488","True","9.718e-05","3.92e-06"
"treeinterpreter","andosa/treeinterpreter","1465519","2260895","2160741","1101633","579511","1224814","True","9.718e-05","2.68e-06"
"posthog","posthog/posthog-python","39227267","84679","804817","8849095","37423489","148974253","True","9.718e-05","7.176e-05"
"astronomer-cosmos","astronomer/astronomer-cosmos","53262533","0","507","612270","38892088","226807801","True","9.718e-05","9.743e-05"
"influxdb","simplejson/simplejson","26056319","19663684","20623453","21164929","28633346","40196185","True","9.718e-05","4.766e-05"
"price-parser","","1320782","609349","818730","862599","1563009","2750221","True","9.718e-05","2.42e-06"
"jsonschema-specifications","python-jsonschema/jsonschema-specifications","657345862","0","735","268354656","965144156","2053229765","True","9.718e-05","0.00120248"
"prov","trungdong/prov","2220615","889314","832745","1183270","2877831","5319913","True","9.718e-05","4.06e-06"
"eccodes","","1805573","242191","652966","953848","2536173","4642688","True","9.718e-05","3.3e-06"
"traceloop-sdk","","1781485","0","0","17349","371371","8518705","True","9.718e-05","3.26e-06"
"curlify","ofw/curlify","33033310","27282599","30018415","20196657","19413567","68255312","True","9.718e-05","6.043e-05"
"createsend","","1641745","1465767","3480563","2821111","232397","208889","True","9.718e-05","3e-06"
"ansible-tower-cli","ansible/tower-cli","2442531","2799155","4087388","2648327","1147224","1530559","True","9.718e-05","4.47e-06"
"mplhep","","1539757","390219","283371","264738","2171928","4588530","True","9.718e-05","2.82e-06"
"cron-descriptor","salamek/cron-descriptor","73163845","1984183","21262006","52433483","97348243","192791309","True","9.718e-05","0.00013384"
"pipelinewise-singer-python","transferwise/pipelinewise-singer-python","9168345","703630","2201878","2473857","13135590","27326770","True","9.718e-05","1.677e-05"
"avro-gen3","acryldata/avro_gen","11261182","878860","4975160","7332779","17566131","25552980","True","9.718e-05","2.06e-05"
"uszipcode","","4619113","1550153","3679480","4020019","4273266","9572647","True","9.718e-05","8.45e-06"
"roundrobin","linnik/roundrobin","6923901","657041","5114194","10003619","9084593","9760058","True","9.718e-05","1.267e-05"
"aiohttp-jinja2","","3158454","2721501","1830912","2110003","2405808","6724045","True","9.718e-05","5.78e-06"
"aws-psycopg2","abhimanyuhk/aws-psycopg2","32957327","5317765","20353684","47700707","53372136","38042341","True","9.718e-05","6.029e-05"
"z3c-pt","","1494598","374897","257398","341533","5464137","1035024","True","9.718e-05","2.73e-06"
"sseclient","btubbs/sseclient","1802218","1309761","1267891","1695301","2348127","2390012","True","9.718e-05","3.3e-06"
"casttube","ur1katz/casttube","4479758","2412315","18615245","388753","379664","602811","True","9.718e-05","8.19e-06"
"pytzdata","sdispater/pytzdata","201569838","44737301","89126503","143964814","373227088","356793482","True","9.718e-05","0.00036873"
"mypy-boto3-gamelift","","1802215","48173","72475","260244","2283271","6346910","True","9.718e-05","3.3e-06"
"tableschema","frictionlessdata/tableschema-py","2902598","1557482","3153925","2569405","4600177","2631999","True","9.718e-05","5.31e-06"
"opencv-contrib-python-headless","opencv/opencv-python","6032191","1742310","1910652","2339549","8032805","16135637","True","9.718e-05","1.103e-05"
"mypy-boto3-lightsail","","1763072","46154","74714","259836","2276345","6158310","True","9.718e-05","3.23e-06"
"netifaces","al45tair/netifaces","28866956","18848261","31156973","31310178","32920145","30099222","True","9.718e-05","5.281e-05"
"django-querycount","","1278722","287283","327765","513117","682812","4582633","True","9.718e-05","2.34e-06"
"peppercorn","","7686612","2639410","3198620","7945069","11755057","12894902","True","9.718e-05","1.406e-05"
"chromadb","chroma-core/chroma","18842198","0","0","5265544","20101683","68843761","True","9.718e-05","3.447e-05"
"rfc3986-validator","naimetti/rfc3986-validator","128801948","547474","4047265","93148534","209683757","336582711","True","9.718e-05","0.00023562"
"ics","","1827875","612579","1063944","1040637","2063049","4359168","True","9.718e-05","3.34e-06"
"pgdb","kehaowu/pgdb","1442166","2298160","370595","717260","1738526","2086289","True","9.718e-05","2.64e-06"
"sliceline","","1105272","0","80911","292992","1308701","3843755","True","9.718e-05","2.02e-06"
"apache-airflow-providers-jenkins","","1898155","172741","1063184","1791762","3594161","2868927","True","9.718e-05","3.47e-06"
"sagemaker-studio","","20015655","0","0","0","0","100078277","True","9.718e-05","3.661e-05"
"evergreen-lint","","4866379","3016669","2411211","2241879","7209852","9452283","True","9.718e-05","8.9e-06"
"castxml","castxml/castxml-python-distributions","1216849","5395","515183","4498906","755563","309198","True","9.718e-05","2.23e-06"
"pymodbus","pymodbus-dev/pymodbus","3277467","708141","1165099","2257536","4123283","8133278","True","9.718e-05","6e-06"
"autogluon","autogluon/autogluon","1138930","270106","608651","560087","1860247","2395559","True","9.718e-05","2.08e-06"
"opentelemetry-instrumentation-tortoiseorm","","3066111","0","1663","417149","4174305","10737437","True","9.718e-05","5.61e-06"
"schwifty","mdomke/schwifty","4779513","747426","1304817","2240990","7597510","12006820","True","9.718e-05","8.74e-06"
"streamlit-faker","","1307429","0","5055","434300","2023282","4074509","True","9.718e-05","2.39e-06"
"pytest-custom-exit-code","yashtodi94/pytest-custom_exit_code","21118963","3714267","7288696","9993101","22849785","61748966","True","9.718e-05","3.863e-05"
"pyquaternion","kieranwynn/pyquaternion","9720465","1185423","4032174","12076504","14389970","16918256","True","9.718e-05","1.778e-05"
"jhi-databricksenvironment","","1689005","664684","3186983","2274609","1245757","1072992","True","9.718e-05","3.09e-06"
"flupy","olirice/flupy","2879866","569587","890871","1799920","3456406","7682548","True","9.718e-05","5.27e-06"
"prsaw","codewithswastik/prsaw","1154306","4201008","1173044","392556","3125","1799","True","9.718e-05","2.11e-06"
"sklearn-pandas","scikit-learn-contrib/sklearn-pandas","3198107","3301583","5055243","3103071","2356695","2173942","True","9.718e-05","5.85e-06"
"quadprog","","1788351","176472","204684","619633","2616210","5324754","True","9.718e-05","3.27e-06"
"opentelemetry-exporter-gcp-monitoring","googlecloudplatform/opentelemetry-operations-python","2209568","5206","27205","416213","1776336","8822881","True","9.718e-05","4.04e-06"
"lameenc","chrisstaite/lameenc","1627198","44558","155646","1281361","3231221","3423206","True","9.718e-05","2.98e-06"
"apache-airflow-providers-telegram","","1244122","215257","911397","748021","1431927","2914006","True","9.718e-05","2.28e-06"
"noiseprotocol","","1241307","1376338","557214","709062","1311592","2252331","True","9.718e-05","2.27e-06"
"mypy-boto3-devops-guru","","1716625","31711","50852","246415","2232434","6021715","True","9.718e-05","3.14e-06"
"valkey-glide-sync","","1308273","0","0","0","0","6541363","True","9.718e-05","2.39e-06"
"kfp-server-api","kubeflow/pipelines","34381937","5574659","27274185","53414147","40806240","44840454","True","9.718e-05","6.289e-05"
"html-tag-names","","2358062","0","232488","1948342","5504316","4105163","True","9.718e-05","4.31e-06"
"tailer","six8/pytailer","1863042","541733","989595","1709809","2645652","3428422","True","9.718e-05","3.41e-06"
"telegram","","1082081","1257351","1262337","908199","911686","1070830","True","9.718e-05","1.98e-06"
"zope-tales","","1591932","510176","379832","496312","5546124","1027214","True","9.718e-05","2.91e-06"
"nvidia-nccl-cu12","","114270117","0","106","11845275","142152171","417353033","True","9.718e-05","0.00020903"
"pyobjc-framework-colorsync","ronaldoussoren/pyobjc","1990763","448174","988049","2570511","3090263","2856818","True","9.718e-05","3.64e-06"
"dash-daq","plotly/dash-daq","1581115","838982","1653260","1667004","1487907","2258422","True","9.718e-05","2.89e-06"
"deepeval","","3119926","0","0","20937","1391008","14187685","True","9.718e-05","5.71e-06"
"mypy-boto3-socialmessaging","","1272423","0","0","0","397499","5964616","True","9.718e-05","2.33e-06"
"jh2","","2367819","0","0","0","715524","11123569","True","9.718e-05","4.33e-06"
"objectpath","","1702792","1243228","1326994","1114583","1833266","2995891","True","9.718e-05","3.11e-06"
"mypy-boto3-es","","2138315","68590","322108","561836","2842914","6896127","True","9.718e-05","3.91e-06"
"mypy-boto3-lookoutvision","","1565763","31396","52384","246926","2237262","5260846","True","9.718e-05","2.86e-06"
"editdistpy","","1097348","25796","545336","714618","1975039","2225951","True","9.718e-05","2.01e-06"
"json-flatten","","1306611","289775","404340","1190660","809650","3838629","True","9.718e-05","2.39e-06"
"mypy-boto3-invoicing","","1221411","0","0","0","146067","5960986","True","9.718e-05","2.23e-06"
"rpds-py","crate-py/rpds","687232773","0","0","281175265","1023426899","2131561701","True","9.718e-05","0.00125716"
"python-mimeparse","falconry/python-mimeparse","5155850","8050043","5469868","3894359","4274080","4090898","True","9.718e-05","9.43e-06"
"datacompy","capitalone/datacompy","7448993","1623439","4054730","6555093","9021076","15990628","True","9.718e-05","1.363e-05"
"yagmail","kootenpv/yagmail","2346521","1209752","1899174","1867940","2357659","4398078","True","9.718e-05","4.29e-06"
"eeweather","","1284735","1487245","2440545","1106209","760653","629021","True","9.718e-05","2.35e-06"
"google-analytics-data","","12347450","289050","1244919","5164170","13603301","41435811","True","9.718e-05","2.259e-05"
"kaldi-io","","1027297","268542","1694421","590799","1892199","690526","True","9.718e-05","1.88e-06"
"elementary-data","elementary-data/elementary","5695289","0","68473","1992224","13971941","12443807","True","9.718e-05","1.042e-05"
"opencensus-ext-stackdriver","census-instrumentation/opencensus-python","3746026","3223088","8575493","3897312","1609825","1424412","True","9.718e-05","6.85e-06"
"arnparse","pokainc/arnparse","4091253","657458","2782214","3532965","7307270","6176360","True","9.718e-05","7.48e-06"
"python-baseconv","semente/python-baseconv","5215026","674135","1527192","1931671","8665167","13276965","True","9.718e-05","9.54e-06"
"adyen","","2016888","383676","544504","777283","743326","7635649","True","9.718e-05","3.69e-06"
"stomp-py","","4988512","2511623","2288707","3670124","6822392","9649715","True","9.718e-05","9.13e-06"
"utilsforecast","nixtla/utilsforecast","3770548","0","0","342526","6099077","12411135","True","9.718e-05","6.9e-06"
"pyobjc-framework-collaboration","ronaldoussoren/pyobjc","1937874","446142","997195","2532310","2992442","2721280","True","9.718e-05","3.54e-06"
"modernize","pycqa/modernize","1253966","4128247","464357","689520","542920","444786","True","9.718e-05","2.29e-06"
"langgraph-checkpoint","langchain-ai/langgraph","18866406","0","0","0","4394620","89937411","True","9.718e-05","3.451e-05"
"rosbags","","1105561","3146","44381","369691","2130194","2980395","True","9.718e-05","2.02e-06"
"license-expression","aboutcode-org/license-expression","19446845","433288","492881","6368173","22247051","67692834","True","9.718e-05","3.557e-05"
"pydeck","","44399575","4680501","10664217","17094840","50945541","138612776","True","9.718e-05","8.122e-05"
"opentelemetry-instrumentation-alephalpha","","1922866","0","0","0","129377","9484955","True","9.718e-05","3.52e-06"
"querystring-parser","bernii/querystring-parser","113884772","112113982","132295903","130457636","120436153","74120186","True","9.718e-05","0.00020833"
"leb128","mohanson/leb128","6762724","7617","429925","3153842","6326663","23895575","True","9.718e-05","1.237e-05"
"mypy-boto3-forecastquery","","1740881","47213","73468","256577","2287165","6039980","True","9.718e-05","3.18e-06"
"versioneer-518","","5568326","264444","7653123","2180116","6528461","11215487","True","9.718e-05","1.019e-05"
"mypy-boto3-glacier","","1754884","45789","81462","267766","2316815","6062586","True","9.718e-05","3.21e-06"
"asdf-standard","","1090806","0","315860","508758","1598914","3030500","True","9.718e-05","2e-06"
"tempora","jaraco/tempora","12187683","4765840","22623567","15482428","12024700","6041880","True","9.718e-05","2.229e-05"
"spdx-tools","spdx/tools-python","9654056","65405","159301","4460089","13605852","29979633","True","9.718e-05","1.766e-05"
"tf-keras","","13715650","0","0","27778","31257632","37292839","True","9.718e-05","2.509e-05"
"rtfde","","2358417","44090","294570","699561","2468457","8285409","True","9.718e-05","4.31e-06"
"gcloud-aio-bigquery","talkiq/gcloud-aio","69115365","38379","1042460","5181443","85652936","253661607","True","9.718e-05","0.00012643"
"tree-format","jml/tree-format","1171823","1373501","1584746","1520484","944776","435607","True","9.718e-05","2.14e-06"
"coffeehouse","","2057892","6086981","4137447","25657","10954","28421","True","9.718e-05","3.76e-06"
"uri-template","","129198863","312173","5116804","80942497","212809121","346813721","True","9.718e-05","0.00023634"
"nbmake","treebeardtech/nbmake","1738939","61973","397219","1247547","3253997","3733957","True","9.718e-05","3.18e-06"
"docx2txt","ankushshah89/python-docx2txt","7879412","1234772","2103002","3897892","9437100","22724294","True","9.718e-05","1.441e-05"
"databricksapi","","1005744","305453","581150","878396","1109826","2153897","True","9.718e-05","1.84e-06"
"neo4j-driver","neo4j/neo4j-python-driver","1893977","1086153","2440197","1911131","1699631","2332775","True","9.718e-05","3.46e-06"
"mypy-boto3-controlcatalog","","1534232","0","0","0","1694161","5977000","True","9.718e-05","2.81e-06"
"mypy-boto3-mediatailor","","1818425","45944","73040","261593","2286864","6424683","True","9.718e-05","3.33e-06"
"mypy-boto3-textract","","2365355","65955","137156","394379","3068062","8161225","True","9.718e-05","4.33e-06"
"pdm-backend","pdm-project/pdm-backend","7106125","0","361","2306063","5811379","27412824","True","9.718e-05","1.3e-05"
"fake-useragent","fake-useragent/fake-useragent","24680332","16783738","18300950","21934653","25717635","40664685","True","9.718e-05","4.515e-05"
"tfx-bsl","tensorflow/tfx-bsl","41295691","116459274","55435919","21183058","8950289","4449915","True","9.718e-05","7.554e-05"
"progressbar2","wolph/python-progressbar","198175106","16871463","138445469","220343835","303004439","312210325","True","9.718e-05","0.00036252"
"aws-cdk-aws-route53","","3059115","2639200","3862705","3390926","3117951","2284793","True","9.718e-05","5.6e-06"
"onnxscript","","1544234","0","0","51798","1652125","6017248","True","9.718e-05","2.82e-06"
"json-logging","","7800158","10513810","4494700","8181612","6593433","9217234","True","9.718e-05","1.427e-05"
"robotframework-databaselibrary","marketsquare/robotframework-database-library","2429259","916688","1941961","2520940","2598967","4167737","True","9.718e-05","4.44e-06"
"exrex","asciimoo/exrex","1454728","410935","1185310","1433348","1780930","2463119","True","9.718e-05","2.66e-06"
"pydocket","","1674301","0","0","0","0","8371505","True","9.718e-05","3.06e-06"
"confusable-homoglyphs","","1184523","988742","827297","807413","1219767","2079396","True","9.718e-05","2.17e-06"
"pipx","pypa/pipx","44007360","806008","4566677","16139577","68292318","130232219","True","9.718e-05","8.05e-05"
"django-coverage-plugin","","3662765","1801302","2266515","2872654","5102406","6270948","True","9.718e-05","6.7e-06"
"mxnet","","5647556","3960008","4317849","4712485","6651089","8596350","True","9.718e-05","1.033e-05"
"funcx-endpoint","","1074847","394201","1101802","3616037","246936","15261","True","9.718e-05","1.97e-06"
"pbspark","crflynn/pbspark","1703863","155","551247","2450452","3376647","2140814","True","9.718e-05","3.12e-06"
"dagit","","2780088","2261936","1661927","3487335","3296814","3192429","True","9.718e-05","5.09e-06"
"fal-client","","1345953","0","0","0","567189","6162576","True","9.718e-05","2.46e-06"
"opentelemetry-instrumentation-together","","1757049","0","0","0","124740","8660504","True","9.718e-05","3.21e-06"
"azure-data-tables","","55069801","1914637","28501426","52492625","90822351","101617968","True","9.718e-05","0.00010074"
"grpcio-opentracing","","1878334","708864","1977372","3581126","2297301","827009","True","9.718e-05","3.44e-06"
"presidio-analyzer","microsoft/presidio","5754481","156462","724592","1833303","6332864","19725186","True","9.718e-05","1.053e-05"
"mypy-boto3-eks","","2764261","54742","181773","826286","4490015","8268487","True","9.718e-05","5.06e-06"
"lunarcalendar","wolfhong/lunarcalendar","19040416","12071238","27211159","26234091","15561906","14123688","True","9.718e-05","3.483e-05"
"simple-settings","drgarcia1986/simple-settings","1648839","1993194","1149664","1171914","1986677","1942745","True","9.718e-05","3.02e-06"
"tardis-client","","1945076","243126","8101797","792404","92439","495615","True","9.718e-05","3.56e-06"
"pyobjc-framework-automaticassessmentconfiguration","","1086768","381986","559223","718141","946321","2828167","True","9.718e-05","1.99e-06"
"pdoc","mitmproxy/pdoc","4539439","728491","1088563","1435405","4099890","15344845","True","9.718e-05","8.3e-06"
"pycstruct","midstar/pycstruct","1524369","22352","775405","4792429","1325521","706139","True","9.718e-05","2.79e-06"
"visitor","mbr/visitor","3849097","1967066","1794299","7866045","3304263","4313811","True","9.718e-05","7.04e-06"
"locustio","locustio/locust","1149685","2160077","1155792","748441","1254580","429533","True","9.718e-05","2.1e-06"
"mypy-boto3-autoscaling","","2713097","119164","211729","1025084","3937820","8271688","True","9.718e-05","4.96e-06"
"chia-rs","chia-network/chia_rs","2035323","0","1127677","1991243","4281406","2776288","True","9.718e-05","3.72e-06"
"apache-airflow-providers-common-sql","","144213563","0","17706310","74176698","225207898","403976908","True","9.718e-05","0.00026381"
"django-imagekit","matthewwithanm/django-imagekit","1763134","1033300","1352534","1303153","2102889","3023795","True","9.718e-05","3.23e-06"
"clikit","sdispater/clikit","25440729","32808003","59755379","13134368","11697755","9808138","True","9.718e-05","4.654e-05"
"logzio-python-handler","logzio/logzio-python-handler","8235038","8057425","10257251","5635332","7016688","10208496","True","9.718e-05","1.506e-05"
"stix2","oasis-open/cti-python-stix2","2142548","369812","918484","1575598","2673156","5175688","True","9.718e-05","3.92e-06"
"snowplow-tracker","","22387390","317105","668710","891971","4662673","105396491","True","9.718e-05","4.095e-05"
"pyqtwebengine","","2176083","1438835","1855582","1363993","2669375","3552631","True","9.718e-05","3.98e-06"
"kappa","garnaat/kappa","1349905","1340095","1190033","1341003","1334117","1544279","True","9.718e-05","2.47e-06"
"pydocumentdb","","4035806","8026252","4149726","2759936","2452184","2790932","True","9.718e-05","7.38e-06"
"pycoingecko","man-c/pycoingecko","1592233","923489","1370677","1248768","2066974","2351259","True","9.718e-05","2.91e-06"
"django-mptt","django-mptt/django-mptt","6451033","4102684","4501051","5324637","7782460","10544333","True","9.718e-05","1.18e-05"
"mypy-boto3-simspaceweaver","","1678953","0","466","223984","2190418","5979895","True","9.718e-05","3.07e-06"
"qwen-vl-utils","","1257295","0","0","0","324545","5961931","True","9.718e-05","2.3e-06"
"libvirt-python","","1178072","882469","659857","1025670","1715410","1606953","True","9.718e-05","2.16e-06"
"opentelemetry-exporter-otlp-proto-common","open-telemetry/opentelemetry-python","271048753","0","0","34197198","219153651","1101892914","True","9.718e-05","0.00049583"
"django-grappelli","sehmaschine/django-grappelli","2087489","1446509","1590248","1994777","2451715","2954198","True","9.718e-05","3.82e-06"
"azure-mgmt-recoveryservices","","49398182","15485296","29493499","49203702","83785076","69023339","True","9.718e-05","9.036e-05"
"2captcha-python","2captcha/2captcha-python","3627184","8445457","3355322","1741164","2100586","2493390","True","9.718e-05","6.64e-06"
"lhotse","","1065722","2521","6796","14153","1053383","4251758","True","9.718e-05","1.95e-06"
"inference-schema","","3957060","1267757","6286679","4732865","4740981","2757016","True","9.718e-05","7.24e-06"
"neptune-fetcher","","1243386","0","0","0","187283","6029646","True","9.718e-05","2.27e-06"
"pysimdjson","","4453280","1009684","2242279","4793536","8607111","5613792","True","9.718e-05","8.15e-06"
"azure-containerregistry","","3674113","30436","250843","1870884","5073883","11144519","True","9.718e-05","6.72e-06"
"luqum","","3705727","287689","409679","560383","3133086","14137797","True","9.718e-05","6.78e-06"
"airflow-dbt-python","","1280414","15800","718102","1214907","1813222","2640037","True","9.718e-05","2.34e-06"
"icontract","","1336228","261516","483526","1001397","2619613","2315090","True","9.718e-05","2.44e-06"
"image","francescortiz/image","3162067","2263301","6059947","3130050","2548377","1808659","True","9.718e-05","5.78e-06"
"pytest-grpc","","1514279","1487750","1768946","1315024","1380335","1619339","True","9.718e-05","2.77e-06"
"pygrok","garyelephant/pygrok","1857187","1980607","2288955","1917681","1607754","1490938","True","9.718e-05","3.4e-06"
"apprise","","18812843","302929","709630","3500850","30796322","58754483","True","9.718e-05","3.441e-05"
"backports-zstd","","4367614","0","0","0","0","21838068","True","9.718e-05","7.99e-06"
"parliament","duo-labs/parliament","1687405","169935","375437","951263","6664027","276363","True","9.718e-05","3.09e-06"
"pyzipcode","vangheem/pyzipcode","2480296","430926","3294395","2608092","2993371","3074698","True","9.718e-05","4.54e-06"
"schemdraw","cdelker/schemdraw","2631094","25761","178390","1654667","6378924","4917726","True","9.718e-05","4.81e-06"
"english","","1026846","719876","743310","728445","481619","2460980","True","9.718e-05","1.88e-06"
"types-flask-cors","","2289651","0","54429","688797","2748421","7956607","True","9.718e-05","4.19e-06"
"langchain-google-vertexai","langchain-ai/langchain-google","57232439","0","0","0","37879173","248283024","True","9.718e-05","0.0001047"
"calver","","1269887","11391","20599","805068","2264888","3247490","True","9.718e-05","2.32e-06"
"nebius","","1267530","0","0","0","0","6337649","True","9.718e-05","2.32e-06"
"pyarrow-stubs","","3456129","0","101","70238","1666624","15543681","True","9.718e-05","6.32e-06"
"django-taggit","jazzband/django-taggit","6841416","3571681","4004611","4941248","9058833","12630707","True","9.718e-05","1.252e-05"
"gcloud-aio-datastore","talkiq/gcloud-aio","1207846","6746","11453","402620","1413007","4205404","True","9.718e-05","2.21e-06"
"tensorflowonspark","yahoo/tensorflowonspark","3914582","2129057","4143758","4188872","8437863","673362","True","9.718e-05","7.16e-06"
"qh3","","2767332","0","0","64052","1209077","12563533","True","9.718e-05","5.06e-06"
"pathlib-abc","","21863614","0","0","285","37708244","71609541","True","9.718e-05","4e-05"
"opentelemetry-instrumentation-pika","","3646673","5898","225117","791911","5362761","11847678","True","9.718e-05","6.67e-06"
"azure-loganalytics","","34119581","14865155","27775189","43575868","63208861","21172833","True","9.718e-05","6.242e-05"
"azure-ai-agents","","3689290","0","0","0","0","18446448","True","9.718e-05","6.75e-06"
"beautifulsoup","","5984011","5822057","6672136","8874728","6370313","2180819","True","9.718e-05","1.095e-05"
"aioopenssl","horazont/aioopenssl","10448854","45651794","4488111","1912860","106364","85143","True","9.718e-05","1.911e-05"
"django-sslserver","teddziuba/django-sslserver","1620106","951423","1123754","1330467","2145519","2549369","True","9.718e-05","2.96e-06"
"vsts-cd-manager","microsoft/vsts-cd-manager","1067815","3311074","1159431","434415","225969","208185","True","9.718e-05","1.95e-06"
"cuda-python","nvidia/cuda-python","5005980","2388","87045","2954801","5990740","15994927","True","9.718e-05","9.16e-06"
"datetime-truncate","mediapop/datetime_truncate","1187864","731094","1210509","1025100","1623776","1348842","True","9.718e-05","2.17e-06"
"mypy-boto3-keyspaces","","1726362","0","12115","252928","2217435","6149333","True","9.718e-05","3.16e-06"
"dagster-gcp","","2139658","433490","1081889","612644","2377857","6192412","True","9.718e-05","3.91e-06"
"dagster-pandas","","8942332","343964","1672165","11517072","18968789","12209672","True","9.718e-05","1.636e-05"
"art","sepandhaghighi/art","2955064","886491","1209951","1640262","2891567","8147050","True","9.718e-05","5.41e-06"
"facebook-wda","openatx/facebook-wda","1291449","502247","1060043","938385","1930702","2025869","True","9.718e-05","2.36e-06"
"aws-cdk-aws-glue-alpha","","3678623","1786","476463","2138079","5764941","10011846","True","9.718e-05","6.73e-06"
"versioningit","","2921761","11688","302006","1081041","2847215","10366856","True","9.718e-05","5.34e-06"
"mypy-boto3-xray","","6790654","47453","1117173","3241042","10525691","19021913","True","9.718e-05","1.242e-05"
"tree-sitter-go","","2791024","0","0","0","166906","13788214","True","9.718e-05","5.11e-06"
"pyhdb","","4472711","3610235","5779043","6191436","4293416","2489425","True","9.718e-05","8.18e-06"
"makefun","smarie/python-makefun","85279440","1516885","16497818","67589317","157865956","182927226","True","9.718e-05","0.000156"
"linear-operator","","1977929","0","352829","1912275","2379997","5244544","True","9.718e-05","3.62e-06"
"multi-key-dict","","29422347","16102724","26214058","29061822","24810957","50922175","True","9.718e-05","5.382e-05"
"fuzzy","yougov/fuzzy","1448703","2182772","949871","1355852","1755384","999636","True","9.718e-05","2.65e-06"
"dagster-databricks","","1622389","176265","1423429","1920983","2113092","2478176","True","9.718e-05","2.97e-06"
"pgcli","","1955432","512939","570498","649597","1978437","6065690","True","9.718e-05","3.58e-06"
"zope-structuredtext","","1500351","327450","257240","351640","5422039","1143387","True","9.718e-05","2.74e-06"
"pyqt6-qt6","","5088779","150849","554522","1894453","4884315","17959758","True","9.718e-05","9.31e-06"
"dash-renderer","","2488743","5007191","2860789","2184497","1319772","1071464","True","9.718e-05","4.55e-06"
"sql-metadata","macbre/sql-metadata","22284141","4504518","6982901","11038145","28803233","60091908","True","9.718e-05","4.076e-05"
"mypy-boto3-wellarchitected","","1722110","30879","47565","247420","2229748","6054936","True","9.718e-05","3.15e-06"
"treescope","","2169215","0","0","0","72888","10773185","True","9.718e-05","3.97e-06"
"nplusone","","1253545","812667","794064","889820","1315284","2455890","True","9.718e-05","2.29e-06"
"subprocess32","google/python-subprocess32","15171786","18989260","18718417","15015070","12898369","10237814","True","9.718e-05","2.775e-05"
"mypy-boto3-notifications","","1283758","0","0","0","322662","6096127","True","9.718e-05","2.35e-06"
"infinity","kvesteri/infinity","1320854","1087688","1003817","1266750","2061699","1184314","True","9.718e-05","2.42e-06"
"markdown2","trentm/python-markdown2","22238882","5174946","8431758","31046578","28353045","38188081","True","9.718e-05","4.068e-05"
"acryl-datahub","","17556063","95366","5947539","14442810","24011116","43283483","True","9.718e-05","3.212e-05"
"pgpy","securityinnovation/pgpy","32639171","3383909","19424926","29094697","48781146","62511177","True","9.718e-05","5.971e-05"
"opentelemetry-instrumentation-django","","30305259","132737","836393","3608912","31115139","115833112","True","9.718e-05","5.544e-05"
"serverless-wsgi","logandk/serverless-wsgi","1931317","501284","529128","1433672","2470890","4721613","True","9.718e-05","3.53e-06"
"textual","textualize/textual","57496339","19333","298383","1708556","31151009","254304412","True","9.718e-05","0.00010518"
"mypy-boto3-application-signals","","1481390","0","0","0","1253879","6153069","True","9.718e-05","2.71e-06"
"lalsuite","","1046869","422956","1362673","604113","1665304","1179298","True","9.718e-05","1.92e-06"
"browser-use","","1836089","0","0","0","17711","9162736","True","9.718e-05","3.36e-06"
"flask-cloudflared","uwuplus/flask-cloudflared","1511878","45651","219039","3563039","1704740","2026923","True","9.718e-05","2.77e-06"
"mypy-boto3-bedrock-data-automation-runtime","","1224323","0","0","0","145638","5975978","True","9.718e-05","2.24e-06"
"pyminizip","smihica/pyminizip","8163576","2151877","14880255","11531913","6349917","5903917","True","9.718e-05","1.493e-05"
"tuspy","","1296435","271018","400571","1211712","2001302","2597573","True","9.718e-05","2.37e-06"
"collate-sqllineage","","1186180","0","0","287041","1770148","3873710","True","9.718e-05","2.17e-06"
"kubernetes-stubs","","1037243","5423","185401","624695","1448279","2922417","True","9.718e-05","1.9e-06"
"tqdm-multiprocess","eleutherai/tqdm-multiprocess","3553423","32217","129201","896677","4775684","11933334","True","9.718e-05","6.5e-06"
"discord-components","","1446555","2728833","4483510","259","12183","7991","True","9.718e-05","2.65e-06"
"azure-mgmt-hanaonazure","","15953839","10803802","15546606","16526993","18307960","18583835","True","9.718e-05","2.918e-05"
"clize","","1724685","273425","402201","691000","877625","6379172","True","9.718e-05","3.15e-06"
"sqlalchemy-utils","kvesteri/sqlalchemy-utils","90679591","26865598","44584729","63407358","133699373","184840899","True","9.718e-05","0.00016588"
"opentelemetry-resourcedetector-gcp","googlecloudplatform/opentelemetry-operations-python","8962571","17217","127437","1307115","8630911","34730174","True","9.718e-05","1.64e-05"
"spark-nlp","johnsnowlabs/spark-nlp","32322996","11178728","31163161","38831282","48853346","31588461","True","9.718e-05","5.913e-05"
"validator-collection","insightindustry/validator-collection","2356702","1007709","1087857","1398105","2216429","6073411","True","9.718e-05","4.31e-06"
"sanitize-filename","","2479265","1111048","1993270","2428122","3252169","3611714","True","9.718e-05","4.54e-06"
"heapdict","","15709119","20726760","31491116","16176926","5939879","4210913","True","9.718e-05","2.874e-05"
"cos-python-sdk-v5","","1378445","317897","422159","2890480","957807","2303882","True","9.718e-05","2.52e-06"
"loguru","delgan/loguru","189446554","17748910","46498031","130197573","358433960","394354295","True","9.718e-05","0.00034656"
"dagster-spark","","5750963","932846","2740980","5192464","10317684","9570842","True","9.718e-05","1.052e-05"
"django-linear-migrations","","2230897","166650","514639","1059238","2587018","6826941","True","9.718e-05","4.08e-06"
"apache-airflow-providers-google","","69852298","842526","16881189","23345133","106554254","201638387","True","9.718e-05","0.00012778"
"dbt-trino","","1244889","2838","73057","704840","1333696","4110012","True","9.718e-05","2.28e-06"
"primepy","janaindrajit/primepy","2725118","6852","85688","836723","4163697","8532629","True","9.718e-05","4.99e-06"
"certbot-dns-route53","","1147635","727729","555573","1529517","1063484","1861874","True","9.718e-05","2.1e-06"
"opentelemetry-instrumentation-llamaindex","","1936325","0","0","5167","363473","9312986","True","9.718e-05","3.54e-06"
"kafka","dpkp/kafka-python","4428582","3428193","5019963","4506064","3853152","5335539","True","9.718e-05","8.1e-06"
"jinja2-humanize-extension","metwork-framework/jinja2_humanize_extension","4477862","2706","7151","20062","6082941","16276449","True","9.718e-05","8.19e-06"
"pgzip","","1117531","277","47597","698636","1685580","3155563","True","9.718e-05","2.04e-06"
"sqlalchemy-jsonfield","penguinolog/sqlalchemy_jsonfield","63728955","18854954","26182383","27367785","108410680","137828975","True","9.718e-05","0.00011658"
"salesforce-api","","1361353","374717","942406","1895352","1606084","1988208","True","9.718e-05","2.49e-06"
"baron","","1114324","376831","397678","528080","1610069","2658962","True","9.718e-05","2.04e-06"
"google-cloud-workflows","","102951839","1103398","9051942","23606104","108409786","372587964","True","9.718e-05","0.00018833"
"pandas-redshift","","1564419","1054206","2470049","1380668","1386753","1530418","True","9.718e-05","2.86e-06"
"paste","pasteorg/paste","8425085","5721851","7138635","7959180","11657654","9648104","True","9.718e-05","1.541e-05"
"blis","","83113968","30516729","47984464","54562113","109192993","173313542","True","9.718e-05","0.00015204"
"exchange-calendars","gerrymanoim/exchange_calendars","4914108","944638","2694990","2779964","7261106","10889841","True","9.718e-05","8.99e-06"
"doublemetaphone","","2094687","1452987","3277668","1445730","1385106","2911946","True","9.718e-05","3.83e-06"
"selectors2","sethmlarson/selectors2","1296405","1810047","1488989","1711837","860937","610217","True","9.718e-05","2.37e-06"
"django-log-request-id","dabapps/django-log-request-id","3059357","1714576","2547331","3438823","3612119","3983937","True","9.718e-05","5.6e-06"
"opentelemetry-instrumentation-starlette","","5213722","351043","2690320","3948173","5799439","13279635","True","9.718e-05","9.54e-06"
"google-python-cloud-debugger","googlecloudplatform/cloud-debug-python","3212984","490151","688194","2763628","4832415","7290532","True","9.718e-05","5.88e-06"
"solc-select","","1376865","59837","352685","1285786","2568005","2618010","True","9.718e-05","2.52e-06"
"wand","emcconville/wand","9173945","4194001","5416039","8816892","10677583","16765209","True","9.718e-05","1.678e-05"
"opentelemetry-instrumentation-qdrant","","1913360","0","0","0","312530","9254268","True","9.718e-05","3.5e-06"
"flask-jwt-extended","vimalloc/flask-jwt-extended","69062561","29458599","35090554","58186145","111498754","111078755","True","9.718e-05","0.00012634"
"discord","","165559696","195321973","469371157","152714038","6717178","3674135","True","9.718e-05","0.00030286"
"jdcal","phn/jdcal","48218645","81736932","52313442","40191008","35883707","30968135","True","9.718e-05","8.821e-05"
"llama-index-indices-managed-llama-cloud","","15308130","0","0","0","11658175","64882476","True","9.718e-05","2.8e-05"
"python-pam","firefighterblu3/python-pam","13943878","10241536","10096203","9904078","18587073","20890498","True","9.718e-05","2.551e-05"
"pyjavaproperties3","","1259306","410250","454062","842510","1569330","3020376","True","9.718e-05","2.3e-06"
"voila","","1149934","415791","700033","1689385","1314567","1629892","True","9.718e-05","2.1e-06"
"aws-cdk-aws-sqs","","3604083","2867606","4597681","4600860","3327083","2627185","True","9.718e-05","6.59e-06"
"redlock-py","","3978919","1042229","4514152","1652136","5350843","7335235","True","9.718e-05","7.28e-06"
"usort","","10726068","63969","321333","2345001","29650055","21249983","True","9.718e-05","1.962e-05"
"isoweek","gisle/isoweek","4943908","3283587","4447922","5213123","5358491","6416419","True","9.718e-05","9.04e-06"
"django-two-factor-auth","jazzband/django-two-factor-auth","3273137","952713","1147667","2068504","4122325","8074478","True","9.718e-05","5.99e-06"
"python-liquid","","2101928","58195","99886","469840","3412980","6468741","True","9.718e-05","3.85e-06"
"opentelemetry-propagator-jaeger","open-telemetry/opentelemetry-python","2754188","41897","237063","466920","3246373","9778689","True","9.718e-05","5.04e-06"
"backports-cached-property","","9471592","1118512","10414007","13933068","12046102","9846270","True","9.718e-05","1.733e-05"
"pypcap","pynetwork/pypcap","2297552","2452695","1267497","2782467","2962313","2022786","True","9.718e-05","4.2e-06"
"opencensus-ext-azure","census-instrumentation/opencensus-python","78228271","22557409","64627276","87981955","118576533","97398183","True","9.718e-05","0.0001431"
"ldaptor","twisted/ldaptor","4396148","442038","1408745","2657653","7832361","9639945","True","9.718e-05","8.04e-06"
"cloudpathlib","drivendataorg/cloudpathlib","47240599","231512","2294003","15172902","70961054","147543524","True","9.718e-05","8.642e-05"
"requestsexceptions","","5638909","3703672","3769317","4634970","6905582","9181003","True","9.718e-05","1.032e-05"
"clickhouse-cityhash","xzkostyan/clickhouse-cityhash","2303318","477350","1041976","3661528","4211807","2123930","True","9.718e-05","4.21e-06"
"tree-sitter-regex","","1412891","0","0","0","13797","7050659","True","9.718e-05","2.58e-06"
"mypy-boto3-cur","","1742662","46304","64736","262363","2275276","6064633","True","9.718e-05","3.19e-06"
"flask-babel","python-babel/flask-babel","51279107","14333807","30246909","29402311","77274766","105137740","True","9.718e-05","9.381e-05"
"tavern","taverntesting/tavern","2253994","1644335","1709622","1916331","3072909","2926774","True","9.718e-05","4.12e-06"
"tree-sitter-sql","","1429576","0","0","3","13829","7134049","True","9.718e-05","2.62e-06"
"asdf","","1281362","298995","421704","683583","1748096","3254434","True","9.718e-05","2.34e-06"
"h2o","","4539211","6695680","5145407","4534690","3789740","2530536","True","9.718e-05","8.3e-06"
"aiokafka","aio-libs/aiokafka","18808434","1523566","6207970","8785153","31374748","46150732","True","9.718e-05","3.441e-05"
"brotlipy","","8585241","7384377","4390142","3030815","7795295","20325574","True","9.718e-05","1.571e-05"
"optimizely-sdk","optimizely/python-sdk","1858094","562132","954824","1721581","2256207","3795725","True","9.718e-05","3.4e-06"
"descartes","","9479545","5755170","6572096","14888809","13336856","6844793","True","9.718e-05","1.734e-05"
"azure","","20146402","12766402","20220544","21786346","23295786","22662931","True","9.718e-05","3.685e-05"
"jinjanator","","1243784","0","0","26264","1319744","4872911","True","9.718e-05","2.28e-06"
"casefy","dmlls/python-casefy","9645137","0","75340","2410861","14743543","30995940","True","9.718e-05","1.764e-05"
"aws-cdk-aws-apigateway","","2804941","2812420","3517651","2774294","2671522","2248819","True","9.718e-05","5.13e-06"
"azure-cosmosdb-table","","46242624","43031205","54752692","50165627","43578612","39684983","True","9.718e-05","8.459e-05"
"nipype","","1665279","382442","706116","909020","2036748","4292069","True","9.718e-05","3.05e-06"
"paypalrestsdk","","2018233","1427058","927816","1059735","921578","5754979","True","9.718e-05","3.69e-06"
"pymatgen","materialsproject/pymatgen","4079046","366736","487464","1125454","8367445","10048130","True","9.718e-05","7.46e-06"
"pygeohash","","20982317","5215817","27375722","22866566","21548054","27905425","True","9.718e-05","3.838e-05"
"valkey-glide","","2660886","0","0","0","62477","13241952","True","9.718e-05","4.87e-06"
"pytest-retry","","4460634","0","6746","712078","3887229","17697118","True","9.718e-05","8.16e-06"
"impacket","","2171521","572780","1287211","1539445","2075645","5382526","True","9.718e-05","3.97e-06"
"sphinxcontrib-confluencebuilder","","1453176","280556","451879","1128757","2272376","3132313","True","9.718e-05","2.66e-06"
"sudachipy","","11125132","2119853","4268666","7396615","22278626","19561901","True","9.718e-05","2.035e-05"
"qpsolvers","","1278490","144700","134023","182884","1287531","4643312","True","9.718e-05","2.34e-06"
"jupyter-events","jupyter/jupyter_events","128633034","0","4087121","101779526","211811552","325486971","True","9.718e-05","0.00023531"
"hdf5plugin","silx-kit/hdf5plugin","1652448","235729","681339","875277","3398827","3071066","True","9.718e-05","3.02e-06"
"segment-analytics-python","","17823585","0","1258271","6259586","13028050","68572020","True","9.718e-05","3.26e-05"
"raven","","16506966","22341643","16539113","15085408","14019250","14549418","True","9.718e-05","3.02e-05"
"google-cloud","","44802291","23089420","35025677","47001075","59415799","59479482","True","9.718e-05","8.196e-05"
"pywinauto","pywinauto/pywinauto","13336660","2895306","6244173","8682767","23920573","24940481","True","9.718e-05","2.44e-05"
"magicgui","","1221409","216408","2338381","405844","1837109","1309301","True","9.718e-05","2.23e-06"
"monai","","1516881","140621","557020","1110210","2052067","3724485","True","9.718e-05","2.77e-06"
"mypy-boto3-sdb","","1763530","46222","85847","292367","2314146","6079068","True","9.718e-05","3.23e-06"
"pypdf3","sfneal/pypdf3","1255050","221519","1880366","2047791","947306","1178269","True","9.718e-05","2.3e-06"
"tftpy","msoulier/tftpy","1146642","1573302","616418","727168","945989","1870335","True","9.718e-05","2.1e-06"
"mypy-boto3-iotevents-data","","1735452","44601","71819","258110","2260374","6042357","True","9.718e-05","3.17e-06"
"retryhttp","","16276950","0","0","0","126454","81258297","True","9.718e-05","2.978e-05"
"awsiotsdk","aws/aws-iot-device-sdk-python-v2","2614056","566226","790554","2445333","3276596","5991572","True","9.718e-05","4.78e-06"
"pex","","14595052","1695495","4955459","11182973","23404631","31736701","True","9.718e-05","2.67e-05"
"mitmproxy","mitmproxy/mitmproxy","5491147","1703700","2124199","3210877","4141020","16275939","True","9.718e-05","1.004e-05"
"flask-cors","corydolphin/flask-cors","108843648","37250338","54269308","74605711","128285830","249807055","True","9.718e-05","0.00019911"
"antsibull-changelog","","1209941","198609","321816","693742","1730051","3105488","True","9.718e-05","2.21e-06"
"pydantic-factories","","1158203","3512","942467","1714351","1783092","1347592","True","9.718e-05","2.12e-06"
"enum","","1142407","1934260","1183608","611843","1657751","324575","True","9.718e-05","2.09e-06"
"flask-debugtoolbar","pallets-eco/flask-debugtoolbar","2912546","1104534","1454737","1529095","2191735","8282630","True","9.718e-05","5.33e-06"
"ipydatawidgets","","1025575","407408","815346","1051236","970896","1882987","True","9.718e-05","1.88e-06"
"strsimpy","luozhouyang/python-string-similarity","1787207","601699","1545931","1445981","2830244","2512180","True","9.718e-05","3.27e-06"
"neobolt","neo4j-drivers/neobolt","2172990","1233418","3173948","2992353","2036707","1428526","True","9.718e-05","3.98e-06"
"flake8-colors","and3rson/flake8-colors","1091025","1192683","1179957","891829","1222516","968139","True","9.718e-05","2e-06"
"ovld","","1327436","5516","18122","64698","1052266","5496580","True","9.718e-05","2.43e-06"
"python-quickbooks","ej2/python-quickbooks","2573433","902970","2161641","2474519","2458707","4869330","True","9.718e-05","4.71e-06"
"nevergrad","","1007938","359881","387458","669220","1592404","2030728","True","9.718e-05","1.84e-06"
"pyobjc-framework-businesschat","","1952451","434341","985146","2509865","3013393","2819511","True","9.718e-05","3.57e-06"
"jaraco-text","","11855680","3019349","20984105","13710943","11551929","10012072","True","9.718e-05","2.169e-05"
"pysqlite3","coleifer/pysqlite3","1616485","479976","1047700","1400022","1762193","3392534","True","9.718e-05","2.96e-06"
"odxtools","","1759424","0","3328","292152","3341853","5159789","True","9.718e-05","3.22e-06"
"findlibs","","1593117","127119","546014","998886","2001304","4292262","True","9.718e-05","2.91e-06"
"enlighten","rockhopper-technologies/enlighten","2340619","469745","972456","1229601","3013272","6018019","True","9.718e-05","4.28e-06"
"aws-xray-sdk","aws/aws-xray-sdk-python","71135349","29200841","37996455","42026046","79481949","166971453","True","9.718e-05","0.00013013"
"pismosendlogs","","2937402","0","0","2205200","5869273","6612536","True","9.718e-05","5.37e-06"
"py-zabbix","","1511447","2475219","1724283","1080034","1342417","935282","True","9.718e-05","2.76e-06"
"aws-cdk-aws-ecs","","2610296","2383427","3291097","2687644","2572848","2116462","True","9.718e-05","4.78e-06"
"youtube-dl","","33977973","50838952","64384304","45442116","5697847","3526647","True","9.718e-05","6.216e-05"
"pottery","","1218962","123113","708610","659618","1604486","2998984","True","9.718e-05","2.23e-06"
"markdown-inline-graphviz-extension","","1284587","152158","454409","1178496","2545142","2092729","True","9.718e-05","2.35e-06"
"quantulum3","","1628634","197863","586946","1490115","1544284","4323960","True","9.718e-05","2.98e-06"
"bridgecrew","","1299500","200029","2127277","897943","2182826","1089425","True","9.718e-05","2.38e-06"
"flask-shell-ipython","ei-grad/flask-shell-ipython","4213630","866396","950262","1254452","2028449","15968593","True","9.718e-05","7.71e-06"
"pyjq","","1265227","710141","933261","691413","1782168","2209151","True","9.718e-05","2.31e-06"
"df2gspread","maybelinot/df2gspread","1428225","1052444","1569505","2119846","1166563","1232766","True","9.718e-05","2.61e-06"
"piexif","hmatoba/piexif","12691438","1393540","3307159","14365323","12183398","32207768","True","9.718e-05","2.322e-05"
"placebo","garnaat/placebo","1830457","1514676","2043743","1818993","1867708","1907166","True","9.718e-05","3.35e-06"
"biotite","biotite-dev/biotite","8630955","18929","38970","89161","5313253","37694462","True","9.718e-05","1.579e-05"
"rx","reactivex/rxpy","23650463","20096218","26122678","20696507","18098837","33238074","True","9.718e-05","4.326e-05"
"adbutils","","1206699","504429","650271","443611","1164324","3270859","True","9.718e-05","2.21e-06"
"qdldl","","10136379","3414045","10226102","7297482","18143266","11600998","True","9.718e-05","1.854e-05"
"pyahocorasick","wojciechmula/pyahocorasick","8561293","3365246","4649866","7130830","10040879","17619644","True","9.718e-05","1.566e-05"
"mypy-boto3-bedrock","","2239436","0","0","194770","2531333","8471076","True","9.718e-05","4.1e-06"
"parsel","","18325552","11194941","14504732","13132158","17899739","34896190","True","9.718e-05","3.352e-05"
"python-iso639","jacksonllee/iso639","7933273","0","2859","1526579","11337813","26799112","True","9.718e-05","1.451e-05"
"django-admin-autocomplete-filter","farhan0581/django-admin-autocomplete-filter","1824514","556998","945514","1239166","2635150","3745741","True","9.718e-05","3.34e-06"
"spacy-language-detection","","1561551","198","6196","42585","255231","7503543","True","9.718e-05","2.86e-06"
"django-annoying","skorokithakis/django-annoying","1335598","836913","985248","1129511","1619335","2106985","True","9.718e-05","2.44e-06"
"drf-spectacular-sidecar","tfranzel/drf-spectacular-sidecar","2859411","19798","442831","1570298","3603417","8660712","True","9.718e-05","5.23e-06"
"webauthn","","2255997","137469","175734","397179","1890052","8679553","True","9.718e-05","4.13e-06"
"autowrapt","grahamdumpleton/autowrapt","6167418","8221752","10143696","7728143","2653084","2090417","True","9.718e-05","1.128e-05"
"mypy-boto3-elastictranscoder","","1744349","51586","74285","263025","2288949","6043898","True","9.718e-05","3.19e-06"
"import-expression","","2049365","2823186","5238859","1807907","178996","197878","True","9.718e-05","3.75e-06"
"dagster-docker","","2668139","111008","922862","1859882","4604272","5842672","True","9.718e-05","4.88e-06"
"mypy-boto3-dynamodb","","28107255","2400819","9381211","18310764","40162113","70281370","True","9.718e-05","5.142e-05"
"mypy-boto3-evidently","","1687253","589","16415","235666","2190375","5993219","True","9.718e-05","3.09e-06"
"amplitude-analytics","","2247268","0","144936","940748","2399359","7751295","True","9.718e-05","4.11e-06"
"eralchemy2","maurerle/eralchemy2","5111398","0","34420","255945","6226011","19040614","True","9.718e-05","9.35e-06"
"scann","google-research/google-research","1349917","229488","883576","1651078","1902736","2082708","True","9.718e-05","2.47e-06"
"node-semver","podhmo/python-node-semver","10569492","4278028","5595420","7943799","15803650","19226565","True","9.718e-05","1.933e-05"
"jsonformatter","mycolorfuldays/jsonformatter","6098345","8261022","6929532","6186608","3736698","5377865","True","9.718e-05","1.116e-05"
"pandas-schema","","1986933","1818422","1478016","2355502","2444935","1837789","True","9.718e-05","3.63e-06"
"diagrams","mingrammer/diagrams","20544938","615379","901901","1206278","15974195","84026936","True","9.718e-05","3.758e-05"
"botorch","meta-pytorch/botorch","2409605","998503","2123184","2256904","2005848","4663586","True","9.718e-05","4.41e-06"
"records","kennethreitz/records","2859596","2423198","2626250","2954886","2649207","3644439","True","9.718e-05","5.23e-06"
"pysqlite3-binary","coleifer/pysqlite3","2104176","56436","141501","1512049","3449749","5361144","True","9.718e-05","3.85e-06"
"lookml","","1482886","805951","1273093","2007921","2350365","977102","True","9.718e-05","2.71e-06"
"local-attention","","1076612","110294","68559","482412","1922514","2799282","True","9.718e-05","1.97e-06"
"mypy-boto3-wafv2","","2004900","53311","164778","583869","2743165","6479378","True","9.718e-05","3.67e-06"
"airflow-provider-fivetran","","1180083","58894","437821","1823005","2241704","1338993","True","9.718e-05","2.16e-06"
"ibm-db-sa","ibmdb/python-ibmdbsa","2569926","1782696","1096181","1065537","3562874","5342342","True","9.718e-05","4.7e-06"
"mailjet-rest","mailjet/mailjet-apiv3-python","3441510","728649","1567759","3118524","3740394","8052223","True","9.718e-05","6.3e-06"
"simpy","","2168424","529748","765018","1379931","4820005","3347419","True","9.718e-05","3.97e-06"
"atproto","","1057819","0","93","143067","617881","4528053","True","9.718e-05","1.94e-06"
"mypy-boto3-medical-imaging","","1670420","0","0","197437","2180075","5974590","True","9.718e-05","3.06e-06"
"alibabacloud-openapi-util","","5568400","43514","175222","685428","1858565","25079269","True","9.718e-05","1.019e-05"
"geolib","","1220561","305935","1321988","1166895","1425726","1882263","True","9.718e-05","2.23e-06"
"deep-translator","","7350246","11496246","5090257","4215824","5012642","10936261","True","9.718e-05","1.345e-05"
"zope-viewlet","","1528381","495686","356435","394988","5482860","911935","True","9.718e-05","2.8e-06"
"moment","","1336635","652511","805804","1156861","1552574","2515424","True","9.718e-05","2.45e-06"
"deepspeed","deepspeedai/deepspeed","4906150","413473","3102833","4421695","6042992","10549757","True","9.718e-05","8.97e-06"
"pymediainfo","sbraz/pymediainfo","6537413","2823099","13182562","6762980","2543256","7375169","True","9.718e-05","1.196e-05"
"opentelemetry-instrumentation-pinecone","","1893876","0","0","11339","377390","9080651","True","9.718e-05","3.46e-06"
"boltons","","48039281","12596106","22506577","41582891","56781837","106728994","True","9.718e-05","8.788e-05"
"colander","pylons/colander","1397642","1068286","730409","914318","2178004","2097193","True","9.718e-05","2.56e-06"
"cloud-sql-python-connector","googlecloudplatform/cloud-sql-python-connector","16012434","749287","4480854","12809762","17698126","44324141","True","9.718e-05","2.929e-05"
"simpleitk","simpleitk/simpleitk","2463834","788231","1108670","1917377","3366075","5138817","True","9.718e-05","4.51e-06"
"restfly","librestfly/restfly","1581210","289073","436875","905543","3468381","2806176","True","9.718e-05","2.89e-06"
"pybars3","wbond/pybars3","1780792","443429","1070643","1618676","3184347","2586867","True","9.718e-05","3.26e-06"
"pygments-ansi-color","","1048678","3353","32357","143213","229298","4835167","True","9.718e-05","1.92e-06"
"suntime","satagro/suntime","2100976","7259043","1071745","155694","641353","1377043","True","9.718e-05","3.84e-06"
"olefileio-pl","","1076322","100983","610289","1309910","1472452","1887978","True","9.718e-05","1.97e-06"
"pyngrok","alexdlaird/pyngrok","3826731","801836","1154078","3174971","4747388","9255380","True","9.718e-05","7e-06"
"mypy-boto3-ssm-quicksetup","","1392200","0","0","0","993516","5967484","True","9.718e-05","2.55e-06"
"pyfzf","","1966128","37541","31613","74058","2390927","7296502","True","9.718e-05","3.6e-06"
"sklearn-compat","","1826718","0","0","0","163437","8970152","True","9.718e-05","3.34e-06"
"langchain-mcp-adapters","","1651667","0","0","0","0","8258336","True","9.718e-05","3.02e-06"
"pyclipper","fonttools/pyclipper","13509336","1967648","4497695","5436343","14724525","40920468","True","9.718e-05","2.471e-05"
"mypy-boto3-config","","2248958","47450","186543","349263","3078931","7582605","True","9.718e-05","4.11e-06"
"ipympl","matplotlib/ipympl","3390842","704901","1776640","2456488","4546068","7470115","True","9.718e-05","6.2e-06"
"mypy-boto3-codepipeline","","2066015","50674","100428","583185","2952909","6642879","True","9.718e-05","3.78e-06"
"mypy-boto3-backup-gateway","","1688744","584","16670","231055","2194654","6000755","True","9.718e-05","3.09e-06"
"sqlvalidator","","1423177","69202","313395","1539553","2144459","3049274","True","9.718e-05","2.6e-06"
"pypresence","","1806761","2796302","3138337","1385820","579167","1134177","True","9.718e-05","3.31e-06"
"workadays","","1014945","28363","111159","255132","1595452","3084621","True","9.718e-05","1.86e-06"
"mypy-boto3-billingconductor","","1719576","0","9442","230092","2191225","6167119","True","9.718e-05","3.15e-06"
"pvlib","pvlib/pvlib-python","3141510","687518","1887958","2370753","4589922","6171397","True","9.718e-05","5.75e-06"
"bootstrap-flask","helloflask/bootstrap-flask","2916292","189624","412800","1548226","3195396","9235412","True","9.718e-05","5.33e-06"
"azure-mgmt-batch","","49490563","21303884","30715621","45849799","79498582","70084928","True","9.718e-05","9.053e-05"
"ngram","gpoulter/python-ngram","2430805","2608407","2692043","2380887","1976525","2496161","True","9.718e-05","4.45e-06"
"tika","chrismattmann/tika-python","3461519","1445166","1700895","4165857","4471850","5523827","True","9.718e-05","6.33e-06"
"django-request-logging","","1008051","555707","730966","821246","1218247","1714090","True","9.718e-05","1.84e-06"
"pyjson5","kijewski/pyjson5","3593438","198263","1955421","2130864","1658898","12023746","True","9.718e-05","6.57e-06"
"apache-flink","","19159866","90833","468100","890937","46856868","47492593","True","9.718e-05","3.505e-05"
"veracode-api-signing","","1445819","672097","601724","837626","1555650","3561996","True","9.718e-05","2.64e-06"
"atlassian-python-api","atlassian-api/atlassian-python-api","36883537","2941591","14870870","24472381","41311297","100821544","True","9.718e-05","6.747e-05"
"bitmath","","2270096","584950","3463452","1247432","2958216","3096429","True","9.718e-05","4.15e-06"
"marshmallow-jsonschema","fuhrysteve/marshmallow-jsonschema","4925369","469419","1159722","2484832","6408301","14104570","True","9.718e-05","9.01e-06"
"inquirerpy","kazhala/inquirerpy","5184271","22715","194471","1597092","6635441","17471638","True","9.718e-05","9.48e-06"
"amazon-ion","","24167028","414513","855425","4735786","27745907","87083507","True","9.718e-05","4.421e-05"
"ci-info","","1797778","399886","550903","996165","2397741","4644194","True","9.718e-05","3.29e-06"
"cloudwatch","labrixdigital/cloudwatch","2433929","293648","710221","1684227","3711892","5769655","True","9.718e-05","4.45e-06"
"asyncstdlib","maxfischer2781/asyncstdlib","4944913","178267","872909","2959275","5490050","15224065","True","9.718e-05","9.05e-06"
"pyvmomi","","13126756","11169504","13127346","13058716","11872639","16405575","True","9.718e-05","2.401e-05"
"openstacksdk","","6982937","5022592","5017140","6282751","8310291","10281910","True","9.718e-05","1.277e-05"
"puremagic","cdgriffith/puremagic","8319392","476249","1003970","2831689","7944909","29340144","True","9.718e-05","1.522e-05"
"djangorestframework-camel-case","vbabiy/djangorestframework-camel-case","3061529","1844854","2475571","3166913","3600417","4219888","True","9.718e-05","5.6e-06"
"pymeeus","architest/pymeeus","42228033","25754184","50805111","56132062","42486057","35962749","True","9.718e-05","7.725e-05"
"mypy-boto3-fis","","1706641","16835","40151","240889","2220525","6014804","True","9.718e-05","3.12e-06"
"canmatrix","ebroecker/canmatrix","1829799","788068","1046821","1415559","2479998","3418547","True","9.718e-05","3.35e-06"
"mypy-boto3-cloud9","","1742431","46450","72359","261416","2263572","6068360","True","9.718e-05","3.19e-06"
"rebulk","","1443899","313200","931474","719975","810632","4444214","True","9.718e-05","2.64e-06"
"opentelemetry-propagator-gcp","googlecloudplatform/opentelemetry-operations-python","2737013","67964","400929","1357302","3176514","8682355","True","9.718e-05","5.01e-06"
"acres","","1141119","0","0","0","248609","5456987","True","9.718e-05","2.09e-06"
"onnxsim","","1877608","0","72479","2505407","3126111","3684043","True","9.718e-05","3.43e-06"
"scikit-learn-intelex","","1324395","913214","941547","2001992","1643879","1121345","True","9.718e-05","2.42e-06"
"napari","","1187704","129562","1989002","464603","1701217","1654134","True","9.718e-05","2.17e-06"
"pygitguardian","","1262150","30807","360079","1026398","1550826","3342642","True","9.718e-05","2.31e-06"
"opentelemetry-instrumentation-mcp","","1706621","0","0","0","0","8533107","True","9.718e-05","3.12e-06"
"httpie-edgegrid","akamai/httpie-edgegrid","1234134","394162","404592","1556345","3325236","490333","True","9.718e-05","2.26e-06"
"internetarchive","","1685615","77535","261020","1577089","1743189","4769242","True","9.718e-05","3.08e-06"
"datadog","datadog/datadogpy","329157058","112328709","236114164","260339981","438353031","598649405","True","9.718e-05","0.00060213"
"airtable-python-wrapper","","2359793","3281329","1801627","1739707","2215005","2761297","True","9.718e-05","4.32e-06"
"pytimeparse2","onegreyonewhite/pytimeparse2","9670336","789","12632","9618655","19546240","19173363","True","9.718e-05","1.769e-05"
"traits","enthought/traits","2172492","715554","673601","1151727","2389317","5932261","True","9.718e-05","3.97e-06"
"statsd","jsocol/pystatsd","68358052","45459166","43268716","52050728","66040862","134970786","True","9.718e-05","0.00012505"
"python-matter-server","","1775649","0","13106","78119","2599226","6187794","True","9.718e-05","3.25e-06"
"django-ordered-model","django-ordered-model/django-ordered-model","1628040","802132","1057650","1383821","1950509","2946090","True","9.718e-05","2.98e-06"
"better-profanity","snguyenthanh/better_profanity","2800243","1064805","1825439","2204788","2747561","6158620","True","9.718e-05","5.12e-06"
"editables","","146974244","224047","3216590","37796864","136739281","556894436","True","9.718e-05","0.00026886"
"gorilla","christophercrouzet/gorilla","9076413","21492222","12566513","6503913","3572454","1246964","True","9.718e-05","1.66e-05"
"python-dynamodb-lock","mohankishore/python_dynamodb_lock","3511316","950604","2342658","4329331","5011353","4922636","True","9.718e-05","6.42e-06"
"mypy-boto3-iotwireless","","1725048","29942","51822","253642","2254052","6035784","True","9.718e-05","3.16e-06"
"neo4j","neo4j/neo4j-python-driver","20012081","1829527","4812670","11504872","20297954","61615384","True","9.718e-05","3.661e-05"
"flasgger","flasgger/flasgger","5642379","3102105","5099424","5085383","6242304","8682679","True","9.718e-05","1.032e-05"
"asammdf","danielhrisca/asammdf","2949602","629581","606676","4642679","3312327","5556746","True","9.718e-05","5.4e-06"
"mypy-boto3-health","","1744109","47889","71276","259074","2281945","6060359","True","9.718e-05","3.19e-06"
"tensorflow-data-validation","tensorflow/data-validation","26440468","99666833","23245140","5324265","2296003","1670101","True","9.718e-05","4.837e-05"
"mmcif","rcsb/py-mmcif","8145932","28241","37695","37188","6420147","34206389","True","9.718e-05","1.49e-05"
"mypy-boto3-launch-wizard","","1667225","0","0","183074","2184746","5968303","True","9.718e-05","3.05e-06"
"django-bootstrap4","zostera/django-bootstrap4","2064203","1715008","1696623","2051793","2154653","2702939","True","9.718e-05","3.78e-06"
"realtime","supabase/supabase-py","11711644","400","84303","1060040","9051303","48362173","True","9.718e-05","2.142e-05"
"lazy-imports","","2067803","1211","5634","377474","2974663","6980033","True","9.718e-05","3.78e-06"
"mujoco","","2588477","489","414535","1388899","2615067","8523397","True","9.718e-05","4.74e-06"
"mypy-boto3-logs","","5247186","130093","1066978","2022167","5864701","17151993","True","9.718e-05","9.6e-06"
"pydeequ","awslabs/python-deequ","86815064","4681935","26320785","56586294","158533750","187952554","True","9.718e-05","0.00015881"
"pygeos","pygeos/pygeos","2236434","1186080","2309726","2405463","3086935","2193965","True","9.718e-05","4.09e-06"
"django-dbbackup","","1108318","421564","595068","883824","1477917","2163218","True","9.718e-05","2.03e-06"
"aliyun-python-sdk-kms","","15803241","2355986","4377884","7234961","14575328","50472046","True","9.718e-05","2.891e-05"
"fastapi-mail","sabuhish/fastapi-mail","3004750","149137","439225","1031435","4986410","8417541","True","9.718e-05","5.5e-06"
"jaro-winkler","","1737472","61276","406933","586271","1631057","6001825","True","9.718e-05","3.18e-06"
"nvidia-cudnn-cu12","","104015234","0","102","16594238","128298956","375182875","True","9.718e-05","0.00019028"
"apache-airflow-providers-datadog","","5521436","486239","3935200","4848794","6239801","12097147","True","9.718e-05","1.01e-05"
"tables","pytables/pytables","12458033","9133337","10458844","8925191","13245558","20527236","True","9.718e-05","2.279e-05"
"mypy-boto3-datapipeline","","1738204","50565","74030","256690","2271678","6038057","True","9.718e-05","3.18e-06"
"pyxb","","4249964","940810","8555923","8808206","1731210","1213673","True","9.718e-05","7.77e-06"
"crossplane","","5211046","142023","201512","312103","1450395","23949195","True","9.718e-05","9.53e-06"
"pgcopy","","1141838","420025","1588456","1257322","1065043","1378344","True","9.718e-05","2.09e-06"
"marshmallow-jsonapi","marshmallow-code/marshmallow-jsonapi","1751095","443004","920525","3023522","2963356","1405067","True","9.718e-05","3.2e-06"
"everett","willkg/everett","2127820","818538","1492162","1326975","2529107","4472317","True","9.718e-05","3.89e-06"
"grafanalib","weaveworks/grafanalib","1659213","274117","729402","2039899","2929308","2323341","True","9.718e-05","3.04e-06"
"mypy-boto3-kinesis","","8349261","87482","603622","2765290","13202592","25087319","True","9.718e-05","1.527e-05"
"dukpy","","1293591","241759","417195","565608","1541241","3702150","True","9.718e-05","2.37e-06"
"mypy-boto3-geo-routes","","1276212","0","0","0","377548","6003512","True","9.718e-05","2.33e-06"
"streamlit-keyup","","1553455","0","8507","424195","2674710","4659863","True","9.718e-05","2.84e-06"
"pygount","","1611234","348658","375214","813724","2327540","4191032","True","9.718e-05","2.95e-06"
"python-tools-scripts","","1699648","0","49173","3059113","2459616","2930337","True","9.718e-05","3.11e-06"
"niquests","","2359214","0","0","3079","770730","11022262","True","9.718e-05","4.32e-06"
"python-certifi-win32","","5413897","589037","2601224","4510946","8479778","10888501","True","9.718e-05","9.9e-06"
"astral","sffjunkie/astral","4133104","2627274","3021261","1838752","6932422","6245813","True","9.718e-05","7.56e-06"
"fuzzywuzzy","seatgeek/fuzzywuzzy","85441777","59926889","79520154","69335952","84378600","134047289","True","9.718e-05","0.0001563"
"office365-rest-python-client","","55965989","3349742","11269851","44254547","87300613","133655193","True","9.718e-05","0.00010238"
"crewai-tools","","3026848","0","0","0","1370794","13763446","True","9.718e-05","5.54e-06"
"colour-science","colour-science/colour","2344496","336901","5431258","375803","1320246","4258272","True","9.718e-05","4.29e-06"
"mypy-boto3-opensearch","","2312546","19101","278174","676403","2992926","7596125","True","9.718e-05","4.23e-06"
"az-cli","","1799542","32486","139529","1180900","1599398","6045399","True","9.718e-05","3.29e-06"
"opencensus-ext-zipkin","census-instrumentation/opencensus-python","1654605","2692692","3242155","2050380","217069","70729","True","9.718e-05","3.03e-06"
"types-markdown","","26811593","636259","4097428","7574685","21560283","100189310","True","9.718e-05","4.905e-05"
"databricks-pypi1","","13325876","7535137","10747982","4216943","22302264","21827056","True","9.718e-05","2.438e-05"
"google-cloud-memcache","","93484905","1333420","7514450","17994545","101533567","339048542","True","9.718e-05","0.00017101"
"oslo-config","","13066005","13027724","12535307","15257818","10879553","13629623","True","9.718e-05","2.39e-05"
"geographiclib","geographiclib/geographiclib-python","57021122","30383054","40761560","48488978","67182323","98289696","True","9.718e-05","0.00010431"
"g2p-en","","1865465","292095","551373","1343453","2199945","4940461","True","9.718e-05","3.41e-06"
"singledispatch","jaraco/singledispatch","36949481","52707871","51633866","32355361","25172687","22877621","True","9.718e-05","6.759e-05"
"flake8-django","","1181318","536170","1300393","1184288","1256412","1629328","True","9.718e-05","2.16e-06"
"aioitertools","","272911158","56501225","150970284","205086372","355209953","596787956","True","9.718e-05","0.00049924"
"spython","singularityhub/singularity-cli","7294043","145972","294944","425923","4686241","30917135","True","9.718e-05","1.334e-05"
"weasyprint","kozea/weasyprint","31574233","6056550","8390777","12250880","24079593","107093364","True","9.718e-05","5.776e-05"
"trove-classifiers","pypa/trove-classifiers","547621932","252583","4221283","228471686","700728822","1804435286","True","9.718e-05","0.00100177"
"tomli-w","hukkin/tomli-w","47825031","1414152","2968930","11770344","47049804","175921923","True","9.718e-05","8.749e-05"
"fireblocks-sdk","","1092161","49904","1120232","748999","1116634","2425038","True","9.718e-05","2e-06"
"pytube","pytube/pytube","7275535","2994411","5496812","4179680","9101912","14604862","True","9.718e-05","1.331e-05"
"mypy-boto3-dynamodbstreams","","1897962","54567","100290","405616","2571963","6357372","True","9.718e-05","3.47e-06"
"fredapi","mortada/fredapi","3197297","194964","1081360","2021162","3989990","8699009","True","9.718e-05","5.85e-06"
"jsonschema-rs","","2228358","17309","42686","111162","793081","10177554","True","9.718e-05","4.08e-06"
"keyrings-cryptfile","","1998724","1377349","985796","1871807","3082851","2675819","True","9.718e-05","3.66e-06"
"randomstuff-py","","11271619","18202870","23842373","14076536","191909","44405","True","9.718e-05","2.062e-05"
"boto3-stubs-lite","","3947398","0","355056","1195825","9189647","8996464","True","9.718e-05","7.22e-06"
"llama-cpp-python","abetlen/llama-cpp-python","1997224","0","0","1946323","3163030","4876769","True","9.718e-05","3.65e-06"
"xmltojson","","1591717","79273","138313","633835","2855181","4251983","True","9.718e-05","2.91e-06"
"treelite-runtime","dmlc/treelite","1428175","54122","210986","2491617","2324727","2059421","True","9.718e-05","2.61e-06"
"ip2location","chrislim2888/ip2location-python","1849286","523132","1100009","1541404","2544165","3537722","True","9.718e-05","3.38e-06"
"py-deviceid","","8074616","0","0","0","0","40373081","True","9.718e-05","1.477e-05"
"bert-score","tiiiger/bert_score","2217411","190464","343242","818488","3463191","6271671","True","9.718e-05","4.06e-06"
"mypy-boto3-pcs","","1398333","0","0","0","861963","6129700","True","9.718e-05","2.56e-06"
"segno","heuer/segno","2363251","290253","595763","1081283","3734919","6114036","True","9.718e-05","4.32e-06"
"gotrue","supabase/auth-py","7885711","22677","184796","1486992","9148743","28585348","True","9.718e-05","1.443e-05"
"badx12","","1386831","233242","1150483","2429076","2571005","550351","True","9.718e-05","2.54e-06"
"coverage-badge","dbrgn/coverage-badge","2948917","957768","1777398","2387138","3543716","6078565","True","9.718e-05","5.39e-06"
"requests-unixsocket","msabramo/requests-unixsocket","14750756","9598217","6810183","19402348","19029085","18913948","True","9.718e-05","2.698e-05"
"bigflow","allegro/bigflow","1696542","1871402","3638680","2049341","491788","431497","True","9.718e-05","3.1e-06"
"zope-lifecycleevent","","1867825","584509","815761","676599","5848645","1413610","True","9.718e-05","3.42e-06"
"pyramid-tm","pylons/pyramid_tm","1514574","1000246","829805","1039187","1810040","2893593","True","9.718e-05","2.77e-06"
"vobject","","3299779","2063173","1539688","2001061","3805411","7089563","True","9.718e-05","6.04e-06"
"primp","","3871826","0","0","0","2027845","17331286","True","9.718e-05","7.08e-06"
"about-time","rsalmei/about-time","8298120","71560","841843","3847249","11780688","24949260","True","9.718e-05","1.518e-05"
"cwltool","","1011788","536178","437893","664440","1396098","2024333","True","9.718e-05","1.85e-06"
"warlock","bcwaldon/warlock","1893724","1574954","1551652","1520854","2048486","2772676","True","9.718e-05","3.46e-06"
"python-openstackclient","","4518090","2661032","2791646","4111047","5193338","7833387","True","9.718e-05","8.26e-06"
"pyarango","","1069490","818474","1305701","962644","1700028","560601","True","9.718e-05","1.96e-06"
"databricks-labs-blueprint","","13095892","0","0","0","860490","64618970","True","9.718e-05","2.396e-05"
"pathos","uqfoundation/pathos","125219869","12868614","40176342","80890012","218548952","273615424","True","9.718e-05","0.00022907"
"zope-location","","1880591","524680","408354","724962","5859847","1885114","True","9.718e-05","3.44e-06"
"mypy-boto3-datasync","","1747637","46298","72272","262352","2299700","6057565","True","9.718e-05","3.2e-06"
"cpe","","1238392","394181","957538","1305845","1676966","1857431","True","9.718e-05","2.27e-06"
"dbutils","webwareforpython/dbutils","14398061","3132297","7381290","10967217","21966263","28543238","True","9.718e-05","2.634e-05"
"uv-build","","6062417","0","0","0","0","30312083","True","9.718e-05","1.109e-05"
"tensorflow-intel","","6001414","0","526078","7738848","13890502","7851640","True","9.718e-05","1.098e-05"
"htbuilder","","1305809","25773","92553","1265487","2136496","3008738","True","9.718e-05","2.39e-06"
"osprofiler","","1198731","1003704","875501","881640","1288593","1944216","True","9.718e-05","2.19e-06"
"od","","1708745","343871","447227","635978","784751","6331897","True","9.718e-05","3.13e-06"
"zope-index","","1390103","1311433","2716221","1022425","973427","927007","True","9.718e-05","2.54e-06"
"jc","","1655232","113293","157047","1347690","3093353","3564777","True","9.718e-05","3.03e-06"
"openlineage-python","","28863825","15940","129645","1341985","31515191","111316363","True","9.718e-05","5.28e-05"
"multimapping","zopefoundation/multimapping","1425030","327336","250223","332185","5404715","810691","True","9.718e-05","2.61e-06"
"e2b","","3049208","0","0","24033","948030","14273977","True","9.718e-05","5.58e-06"
"simple-websocket","miguelgrinberg/simple-websocket","25218787","55126","869431","6829642","34118493","84221243","True","9.718e-05","4.613e-05"
"temporalio","temporalio/sdk-python","17980778","0","100601","2046091","10403703","77353494","True","9.718e-05","3.289e-05"
"pgi","","1489735","1293461","2737664","1081336","1150740","1185475","True","9.718e-05","2.73e-06"
"xmod","rec/xmod","8860739","3149","5886","78419","11055633","33160607","True","9.718e-05","1.621e-05"
"imagecodecs","cgohlke/imagecodecs","3552529","1251636","1492884","1705910","5533462","7778755","True","9.718e-05","6.5e-06"
"jaraco-context","","216729482","702180","20071013","13599220","177765720","871509278","True","9.718e-05","0.00039646"
"quandl","quandl/quandl-python","2322687","1675018","2811452","2962910","1966768","2197287","True","9.718e-05","4.25e-06"
"pytricia","jsommers/pytricia","1679955","1295622","2161380","3284904","801238","856632","True","9.718e-05","3.07e-06"
"fastpurge","release-engineering/python-fastpurge","4164022","10852","22324","44597","20673472","68864","True","9.718e-05","7.62e-06"
"jax-cuda12-pjrt","jax-ml/jax","1293538","0","0","343","959551","5507794","True","9.718e-05","2.37e-06"
"marshmallow3-annotations","dkunitsk/marshmallow3-annotations","2281015","536763","3537830","2328894","2222647","2778939","True","9.718e-05","4.17e-06"
"jsonslicer","amdmi3/jsonslicer","2269723","93610","477946","2656309","3432870","4687878","True","9.718e-05","4.15e-06"
"nbstripout","kynan/nbstripout","4156016","1470198","7662838","2382786","3336749","5927508","True","9.718e-05","7.6e-06"
"mypy-boto3-sms","","1167438","45775","71753","258686","2257857","3203117","True","9.718e-05","2.14e-06"
"pywebpush","web-push-libs/pywebpush","3058514","2153040","1966453","2020048","2471224","6681805","True","9.718e-05","5.59e-06"
"yamlfix","","2190559","11803","964139","1102454","2220423","6653976","True","9.718e-05","4.01e-06"
"rfc3339","","5689021","842021","1358834","3279407","10422022","12542819","True","9.718e-05","1.041e-05"
"zigpy-znp","zigpy/zigpy-znp","3623295","119935","2172915","5182080","6831095","3810450","True","9.718e-05","6.63e-06"
"apache-airflow-providers-postgres","","18491031","1370382","19028811","15698428","26478325","29879210","True","9.718e-05","3.383e-05"
"pygdbmi","cs01/pygdbmi","2502224","1280275","3962627","1244459","2717261","3306496","True","9.718e-05","4.58e-06"
"aiormq","mosquito/aiormq","12649951","3180785","3967954","10321655","14313643","31465717","True","9.718e-05","2.314e-05"
"plotbin","","1044008","17026","39991","679768","1765252","2718001","True","9.718e-05","1.91e-06"
"tts","","1015975","27631","71166","549541","1458804","2972733","True","9.718e-05","1.86e-06"
"aws-cdk-aws-certificatemanager","","3203375","2782782","3980873","3625711","3233286","2394222","True","9.718e-05","5.86e-06"
"pyobjc-framework-opendirectory","","1967093","420004","1009383","2538186","3023306","2844584","True","9.718e-05","3.6e-06"
"tox-uv","","5469752","0","0","0","3982498","23366262","True","9.718e-05","1.001e-05"
"dataclass-wizard","","7250341","4190","201600","1403191","5552132","29090594","True","9.718e-05","1.326e-05"
"documenttemplate","zopefoundation/documenttemplate","1468017","338502","261984","388582","5498970","852047","True","9.718e-05","2.69e-06"
"dtale","man-group/dtale","1053021","284676","1262809","1744384","916527","1056709","True","9.718e-05","1.93e-06"
"amundsen-common","amundsen-io/amundsen","2397709","674910","3696821","2437758","2193738","2985320","True","9.718e-05","4.39e-06"
"sqlalchemy-continuum","","2737561","847802","953430","1490638","2620750","7775187","True","9.718e-05","5.01e-06"
"pyobjc-framework-medialibrary","ronaldoussoren/pyobjc","1953350","430179","996090","2517249","3001291","2821941","True","9.718e-05","3.57e-06"
"apache-superset","","1378767","476628","293646","1481481","2000255","2641823","True","9.718e-05","2.52e-06"
"pystac","stac-utils/pystac","2479976","210869","428925","1766010","3895476","6098599","True","9.718e-05","4.54e-06"
"types-factory-boy","","1014790","0","12910","239324","1034059","3787658","True","9.718e-05","1.86e-06"
"fasttext-langdetect","zafercavdar/fasttext-langdetect","3845074","2393","668186","2955458","8610731","6988604","True","9.718e-05","7.03e-06"
"mypy-boto3-transcribe","","1920721","50946","88946","327430","2495309","6640976","True","9.718e-05","3.51e-06"
"autogluon-common","","1129219","1549","466279","759011","1793231","2626027","True","9.718e-05","2.07e-06"
"assemblyai","","1769291","2855","3196","104440","1314392","7421570","True","9.718e-05","3.24e-06"
"sanic-cors","ashleysommer/sanic-cors","1833505","1449073","2660127","1366100","1440415","2251809","True","9.718e-05","3.35e-06"
"gslides","michael-gracie/gslides","1305254","1113","160215","1461201","3982577","921166","True","9.718e-05","2.39e-06"
"telepath","wagtail/telepath","2161494","426811","1130644","1735990","3601233","3912790","True","9.718e-05","3.95e-06"
"jina","","1021984","181163","781547","2011716","997769","1137724","True","9.718e-05","1.87e-06"
"cx-oracle","oracle/python-cx_oracle","39576854","27226214","35235748","32289588","46938875","56193843","True","9.718e-05","7.24e-05"
"aiomysql","aio-libs/aiomysql","16426044","1368254","2840391","3725794","8484205","65711577","True","9.718e-05","3.005e-05"
"gto","","2406789","419","7318","730511","3422696","7873001","True","9.718e-05","4.4e-06"
"binpacking","benmaier/binpacking","2181602","1098204","1846723","2851795","3327573","1783714","True","9.718e-05","3.99e-06"
"oslo-log","","4342987","3721060","3630969","3529975","4413668","6419263","True","9.718e-05","7.94e-06"
"editorconfig","editorconfig/editorconfig-core-py","11426403","2358356","3534686","6305362","9781927","35151682","True","9.718e-05","2.09e-05"
"apache-airflow-providers-salesforce","","4896605","933706","1168001","2511761","8311733","11557825","True","9.718e-05","8.96e-06"
"types-termcolor","python/typeshed","4204978","738741","3732268","3182023","7530575","5841284","True","9.718e-05","7.69e-06"
"mem0ai","","3636950","0","0","0","1146488","17038262","True","9.718e-05","6.65e-06"
"azure-mgmt-loganalytics","","48449981","16456058","29410359","45114564","80050912","71218013","True","9.718e-05","8.863e-05"
"futurist","","1853689","1369553","1222979","1221932","2317056","3136923","True","9.718e-05","3.39e-06"
"pyobjc-framework-quicklookthumbnailing","ronaldoussoren/pyobjc","1057676","338882","540779","710914","928046","2769759","True","9.718e-05","1.93e-06"
"fitz","","1139583","278901","333161","595898","1482767","3007188","True","9.718e-05","2.08e-06"
"py-markdown-table","","1639807","2150","56963","341545","2235172","5563205","True","9.718e-05","3e-06"
"shareplum","","10985839","2336188","8032796","8549442","15773829","20236941","True","9.718e-05","2.01e-05"
"pybloom-live","joseph-fox/python-bloomfilter","7443749","194027","400240","2180926","14243615","20199939","True","9.718e-05","1.362e-05"
"langchain-text-splitters","","68159667","0","0","0","70140770","270657563","True","9.718e-05","0.00012468"
"gradio-client","","30876156","0","0","20346164","54206341","79828275","True","9.718e-05","5.648e-05"
"azure-mgmt-compute","","68314274","23359585","39205309","58576262","119711791","100718421","True","9.718e-05","0.00012497"
"openai-harmony","","2134824","0","0","0","0","10674122","True","9.718e-05","3.91e-06"
"mypy-boto3-codecatalyst","","1679041","0","436","224061","2180069","5990640","True","9.718e-05","3.07e-06"
"pyobjc-framework-mediatoolbox","ronaldoussoren/pyobjc","1974228","448412","981429","2527751","3036916","2876632","True","9.718e-05","3.61e-06"
"eth-abi","ethereum/eth-abi","20039286","2419305","9665685","11118740","44864553","32128149","True","9.718e-05","3.666e-05"
"matrix-client","matrix-org/matrix-python-sdk","3116121","548566","650843","1180587","4184667","9015941","True","9.718e-05","5.7e-06"
"scikit-survival","","1065055","264376","773057","832156","1338928","2116758","True","9.718e-05","1.95e-06"
"openapi-schema-pydantic","kuimono/openapi-schema-pydantic","5272115","41330","152524","8666664","7591532","9908527","True","9.718e-05","9.64e-06"
"ddapm-test-agent","","5168125","377","50650","856703","1967721","22965174","True","9.718e-05","9.45e-06"
"gpytorch","cornellius-gp/gpytorch","2874687","1193744","2365937","2534495","2690676","5588581","True","9.718e-05","5.26e-06"
"pyobjc-framework-systemconfiguration","","2170871","602463","1150060","2697872","3309991","3093968","True","9.718e-05","3.97e-06"
"tsfresh","blue-yonder/tsfresh","3397867","2996399","4572558","2872954","2984093","3563330","True","9.718e-05","6.22e-06"
"pyomo","pyomo/pyomo","3720429","960741","1402016","2654296","5382073","8203020","True","9.718e-05","6.81e-06"
"mypy-boto3-backup","","1785571","46415","90589","299595","2328900","6162358","True","9.718e-05","3.27e-06"
"mypy-boto3-stepfunctions","","8602229","121361","1577520","4270763","12947938","24093562","True","9.718e-05","1.574e-05"
"aiomqtt","empicano/aiomqtt","1885874","61663","61844","192196","4920416","4193249","True","9.718e-05","3.45e-06"
"aiologic","","3349092","0","0","0","13684","16731775","True","9.718e-05","6.13e-06"
"cerebras-cloud-sdk","","1011852","0","0","0","135191","4924070","True","9.718e-05","1.85e-06"
"elastic-transport","elastic/elastic-transport-python","71016833","54537","29910760","32284216","93255675","199578979","True","9.718e-05","0.00012991"
"scanpy","","2036282","417199","502453","784320","1811916","6665520","True","9.718e-05","3.72e-06"
"pillow-avif-plugin","fdintino/pillow-avif-plugin","6994411","11968","52765","258536","4873188","29775596","True","9.718e-05","1.279e-05"
"webexteamssdk","","2248420","876538","1083487","1239416","3148210","4894447","True","9.718e-05","4.11e-06"
"interpret-community","interpretml/interpret-community","1567645","1321830","1898896","1584047","1715812","1317640","True","9.718e-05","2.87e-06"
"kivy-garden","","1865269","549830","692449","896314","4209152","2978600","True","9.718e-05","3.41e-06"
"pytorch-metric-learning","kevinmusgrave/pytorch-metric-learning","6728355","356292","6179216","2850454","7215579","17040232","True","9.718e-05","1.231e-05"
"keras-nightly","keras-team/keras","5381265","10025477","6363945","3356010","3658876","3502019","True","9.718e-05","9.84e-06"
"groundingdino-py","","1483886","0","0","20314","2567870","4831248","True","9.718e-05","2.71e-06"
"coreforecast","","2986004","0","0","1695","4245955","10682369","True","9.718e-05","5.46e-06"
"pyobjc-framework-contactsui","","1969903","435574","981737","2526570","3024935","2880697","True","9.718e-05","3.6e-06"
"azure-servicemanagement-legacy","","16545403","12687824","16554276","16839693","18212442","18432780","True","9.718e-05","3.027e-05"
"mlflow-tracing","mlflow/mlflow","6710401","0","0","0","0","33552003","True","9.718e-05","1.228e-05"
"pdm-pep517","","1296229","111694","1463276","1314357","1554563","2037253","True","9.718e-05","2.37e-06"
"mmhash3","","5500524","0","56512","1361273","5949181","20135652","True","9.718e-05","1.006e-05"
"opencensus-ext-flask","census-instrumentation/opencensus-python","1227001","432599","922309","1206916","1703287","1869892","True","9.718e-05","2.24e-06"
"zipcodes","seanpianka/zipcodes","2465798","1140933","1319352","1856639","2381879","5630185","True","9.718e-05","4.51e-06"
"db-dtypes","googleapis/python-db-dtypes-pandas","156610533","15038","34712207","109906039","235016863","403402517","True","9.718e-05","0.00028649"
"mypy-boto3-budgets","","1982731","81611","529966","612410","2386092","6303576","True","9.718e-05","3.63e-06"
"pygerduty","dropbox/pygerduty","3637277","1938226","952971","2166263","4972460","8156464","True","9.718e-05","6.65e-06"
"typeid-python","","6934474","0","0","19271","4440466","30212632","True","9.718e-05","1.269e-05"
"logistro","","2570431","0","0","0","240","12851913","True","9.718e-05","4.7e-06"
"dagster-snowflake","","1379870","41929","110254","476376","1818471","4452318","True","9.718e-05","2.52e-06"
"marisa-trie","pytries/marisa-trie","41662549","2044753","4561902","3597478","58479301","139629310","True","9.718e-05","7.621e-05"
"azure-mgmt-msi","","54218576","15742337","29589716","48245016","90169105","87346704","True","9.718e-05","9.918e-05"
"langgraph-sdk","langchain-ai/langgraph","18291914","0","0","0","2727721","88731847","True","9.718e-05","3.346e-05"
"salesforce-fuelsdk-sans","","1600088","0","12371","172650","1674164","6141255","True","9.718e-05","2.93e-06"
"elasticsearch-dsl","","43116600","18158048","28941354","35568118","56512232","76403250","True","9.718e-05","7.887e-05"
"py3nvml","fbcotter/py3nvml","1259132","1259427","1055236","1273690","1381539","1325768","True","9.718e-05","2.3e-06"
"simple-term-menu","ingomeyer441/simple-term-menu","1856563","116074","391378","958994","3497772","4318596","True","9.718e-05","3.4e-06"
"mypy-boto3-sagemaker-a2i-runtime","","1737551","46129","72284","259181","2263018","6047143","True","9.718e-05","3.18e-06"
"pyobjc-framework-scenekit","ronaldoussoren/pyobjc","1978446","462769","998655","2527415","3025350","2878040","True","9.718e-05","3.62e-06"
"readerwriterlock","elarivie/pyreaderwriterlock","5788677","6737788","4589313","2543904","5253542","9818840","True","9.718e-05","1.059e-05"
"mypy-boto3-shield","","1797382","51040","152411","303519","2369844","6110097","True","9.718e-05","3.29e-06"
"google-cloud-runtimeconfig","googleapis/python-runtimeconfig","1116373","1543951","1097663","1123433","824652","992168","True","9.718e-05","2.04e-06"
"django-axes","jazzband/django-axes","4879910","2268306","2506705","3294796","5837876","10491866","True","9.718e-05","8.93e-06"
"openmeteo-requests","","1051894","0","0","9412","635894","4614164","True","9.718e-05","1.92e-06"
"pyobjc-framework-coreml","","2429491","418402","1025719","2854957","4593856","3254521","True","9.718e-05","4.44e-06"
"bleak","hbldh/bleak","2841125","188948","938638","1747723","5073856","6256459","True","9.718e-05","5.2e-06"
"webrtcvad","","1081041","331142","594209","906861","810837","2762155","True","9.718e-05","1.98e-06"
"click-option-group","click-contrib/click-option-group","38646290","1481511","7193671","16416846","38795812","129343611","True","9.718e-05","7.07e-05"
"mf2py","","2892176","692249","756548","1665671","5034593","6311821","True","9.718e-05","5.29e-06"
"bc-jsonpath-ng","bridgecrewio/jsonpath-ng","8939645","0","148977","5048756","12495569","27004925","True","9.718e-05","1.635e-05"
"datarobot","","2512363","1477543","1708969","2205139","2583321","4586843","True","9.718e-05","4.6e-06"
"aws-requests-auth","davidmuller/aws-requests-auth","103774913","10140331","24441287","53473138","184331964","246487844","True","9.718e-05","0.00018984"
"prefect-docker","prefecthq/prefect","3041392","0","1152","271979","2688326","12245503","True","9.718e-05","5.56e-06"
"napari-plugin-engine","napari/napari-plugin-engine","1372941","220935","2756240","344354","2451977","1091200","True","9.718e-05","2.51e-06"
"rule-engine","zerosteiner/rule-engine","1729593","102353","387956","1881321","2601156","3675179","True","9.718e-05","3.16e-06"
"layoutparser","","1525188","26861","220750","969182","3761289","2647860","True","9.718e-05","2.79e-06"
"pyinstaller-versionfile","","1757591","16200","198503","1553093","3275653","3744504","True","9.718e-05","3.22e-06"
"unicodedata2","","1594267","448253","678478","830334","1760659","4253609","True","9.718e-05","2.92e-06"
"azure-mgmt-netapp","","30530442","5167376","13358173","28482236","57683382","47961042","True","9.718e-05","5.585e-05"
"psd-tools","","1665243","194291","4290999","562214","949161","2329552","True","9.718e-05","3.05e-06"
"pyxlsb","willtrnr/pyxlsb","22073947","2884168","7720321","18863393","30292521","50609330","True","9.718e-05","4.038e-05"
"mypy-boto3-cognito-sync","","1741996","45283","66272","258340","2275397","6064687","True","9.718e-05","3.19e-06"
"tencentcloud-sdk-python","","2472675","431510","768661","2134295","4722495","4306416","True","9.718e-05","4.52e-06"
"flask-mongoengine","mongoengine/flask-mongoengine","1459996","1260424","1009273","1477206","1721699","1831379","True","9.718e-05","2.67e-06"
"pythran","serge-sans-paille/pythran","3285675","864520","5070475","2743759","2884789","4864833","True","9.718e-05","6.01e-06"
"trufflehogregexes","dxa4481/trufflehogregexes","1338142","1011534","1511184","1222420","1472908","1472663","True","9.718e-05","2.45e-06"
"installer","","292539531","70940","19850044","165695105","476538967","800542599","True","9.718e-05","0.00053514"
"pyobjc-framework-screentime","","1007102","219373","472166","680236","907169","2756565","True","9.718e-05","1.84e-06"
"pymsalruntime","","1148729","322","110837","958754","1713352","2960381","True","9.718e-05","2.1e-06"
"nvidia-cuda-cupti-cu11","","13415241","149","5396","28801721","21778604","16490334","True","9.718e-05","2.454e-05"
"spotipy","","4437726","3423992","8043834","3776100","2559868","4384836","True","9.718e-05","8.12e-06"
"numcodecs","zarr-developers/numcodecs","8274629","922756","1756006","3425705","12879086","22389592","True","9.718e-05","1.514e-05"
"tf-keras-nightly","","54362193","0","0","2152662","4581714","265076591","True","9.718e-05","9.944e-05"
"microsoft-kiota-serialization-multipart","microsoft/kiota-python","8396453","0","0","0","4259563","37722704","True","9.718e-05","1.536e-05"
"pymannkendall","mmhs013/pymannkendall","5072024","2446624","6169364","4918969","4308025","7517136","True","9.718e-05","9.28e-06"
"easing-functions","","1537364","12529","45268","155892","3379979","4093154","True","9.718e-05","2.81e-06"
"google-cloud-documentai","","3439013","87346","241853","833633","3982556","12049676","True","9.718e-05","6.29e-06"
"flask-log-request-id","workable/flask-log-request-id","1222884","705559","1144077","1154591","1470178","1640015","True","9.718e-05","2.24e-06"
"addict","mewwts/addict","33798493","18558535","12762566","30449820","44850393","62371150","True","9.718e-05","6.183e-05"
"trl","huggingface/trl","5327685","1981","11657","759402","6280277","19585108","True","9.718e-05","9.75e-06"
"pywatchman","facebook/watchman","2185981","1421925","2085446","1526660","2902704","2993169","True","9.718e-05","4e-06"
"pytest-docker-tools","","2529722","108487","993142","504412","2203878","8838692","True","9.718e-05","4.63e-06"
"bigquery-schema-generator","bxparks/bigquery-schema-generator","3431156","1130254","1767424","3798142","3365963","7093999","True","9.718e-05","6.28e-06"
"cookies","sashahart/cookies","2886462","4289947","2754526","2621193","2959339","1807305","True","9.718e-05","5.28e-06"
"dspy","","3656144","432","513","736","833455","17445586","True","9.718e-05","6.69e-06"
"snowflake-snowpark-python","snowflakedb/snowpark-python","96895625","0","173427","3527358","38331783","442445557","True","9.718e-05","0.00017725"
"pyrogram","pyrogram/pyrogram","8013878","8908925","18589799","3414619","4253972","4902073","True","9.718e-05","1.466e-05"
"sudachidict-core","worksapplications/sudachidict","9870209","297788","1934204","7014598","24728839","15375615","True","9.718e-05","1.806e-05"
"isal","pycompression/python-isal","3809740","118455","622201","2322072","5064153","10921819","True","9.718e-05","6.97e-06"
"django-cte","","1568691","262485","435811","857233","1850127","4437798","True","9.718e-05","2.87e-06"
"geomet","geomet/geomet","30180969","15964882","15888917","19771212","27639600","71640232","True","9.718e-05","5.521e-05"
"pyglove","","3831999","0","18685","4437339","12425717","2278255","True","9.718e-05","7.01e-06"
"oslo-policy","","1481109","1138221","1277395","1056129","1548345","2385455","True","9.718e-05","2.71e-06"
"crawl4ai","","1302759","0","0","0","142606","6371191","True","9.718e-05","2.38e-06"
"python-cinderclient","","4602506","3420814","3365463","4012714","4779746","7433795","True","9.718e-05","8.42e-06"
"django-admin-rangefilter","silentsokolov/django-admin-rangefilter","4690343","2411835","2579486","3436586","5973633","9050174","True","9.718e-05","8.58e-06"
"mypy-boto3-qapps","","1413114","0","0","0","1113797","5951774","True","9.718e-05","2.59e-06"
"opentelemetry-instrumentation-anthropic","","1923056","0","0","11377","455749","9148156","True","9.718e-05","3.52e-06"
"orbax-checkpoint","google/orbax","30404034","0","0","10247398","91135665","50637106","True","9.718e-05","5.562e-05"
"pyhaproxy","imjoey/pyhaproxy","1025788","1212817","2267959","1453755","99318","95089","True","9.718e-05","1.88e-06"
"pytest-freezer","","1935550","0","3913","515445","2301850","6856542","True","9.718e-05","3.54e-06"
"torchtune","","1173889","0","0","0","105231","5764216","True","9.718e-05","2.15e-06"
"opentelemetry-instrumentation-milvus","","1815944","0","0","0","178111","8901610","True","9.718e-05","3.32e-06"
"wavefront-sdk-python","wavefronthq/wavefront-sdk-python","1467372","50557","1644248","2345099","1991977","1304977","True","9.718e-05","2.68e-06"
"pyarrowfs-adlgen2","kaaveland/pyarrowfs-adlgen2","1183291","268578","1283540","2185809","1354250","824276","True","9.718e-05","2.16e-06"
"mypy-boto3-trustedadvisor","","1649678","0","0","71329","2178772","5998290","True","9.718e-05","3.02e-06"
"toronado","","1016188","247114","192273","328884","1225705","3086964","True","9.718e-05","1.86e-06"
"ibm-cos-sdk-s3transfer","ibm/ibm-cos-sdk-python-s3transfer","3808848","1201979","1748685","2754907","4302362","9036305","True","9.718e-05","6.97e-06"
"mypy-boto3-license-manager-user-subscriptions","","1688112","0","2749","222075","2175269","6040467","True","9.718e-05","3.09e-06"
"clvm-tools","","1165644","1268729","869310","902477","1852961","934741","True","9.718e-05","2.13e-06"
"dynamodb-json","alonreznik/dynamodb-json","22391805","1614446","7646635","25652067","33225375","43820501","True","9.718e-05","4.096e-05"
"dateutils","jmcantrell/python-dateutils","5934934","2302475","3132333","5665442","7532167","11042253","True","9.718e-05","1.086e-05"
"language-tags","onroerenderfgoed/language-tags","3102229","153296","447841","957999","6704963","7247048","True","9.718e-05","5.67e-06"
"mypy-boto3-devicefarm","","1808203","48935","73914","280570","2284792","6352803","True","9.718e-05","3.31e-06"
"mypy-boto3-iotsitewise","","1754057","41129","62815","259590","2265145","6141605","True","9.718e-05","3.21e-06"
"pycountry","pycountry/pycountry","111767541","53378959","71575856","71320645","119442456","243119789","True","9.718e-05","0.00020446"
"azure-synapse-managedprivateendpoints","","28319998","930638","11468154","26185995","55427593","47587610","True","9.718e-05","5.181e-05"
"openexr","","1461224","133286","159010","677951","2348846","3987027","True","9.718e-05","2.67e-06"
"semantic-link","","1035144","0","0","39071","741861","4394788","True","9.718e-05","1.89e-06"
"mypy-boto3-connect","","1850840","47626","90698","280397","2348054","6487425","True","9.718e-05","3.39e-06"
"oracledb","","48321396","10","1097232","11663715","67248055","161597966","True","9.718e-05","8.839e-05"
"pdbp","mdmintz/pdbp","3299327","0","312669","2396631","5808759","7978574","True","9.718e-05","6.04e-06"
"apache-airflow-providers-github","","2151208","0","73867","883299","5125496","4673378","True","9.718e-05","3.94e-06"
"mypy-boto3-snowball","","1740606","48397","75704","263882","2265888","6049159","True","9.718e-05","3.18e-06"
"nvidia-cublas-cu12","","106991376","0","208","12604980","126474303","395877391","True","9.718e-05","0.00019572"
"jupyter-dash","plotly/jupyter-dash","1919779","365821","3129067","2739383","1731725","1632899","True","9.718e-05","3.51e-06"
"grpc-requests","","1139257","7368","38600","460731","1916325","3273263","True","9.718e-05","2.08e-06"
"aiogoogle","","2488077","29539","137099","403746","2798462","9071538","True","9.718e-05","4.55e-06"
"torch-model-archiver","pytorch/serve","3448471","86132","566200","3108952","8424785","5056288","True","9.718e-05","6.31e-06"
"apkinspector","","1742359","0","0","6468","315369","8389956","True","9.718e-05","3.19e-06"
"joserfc","authlib/joserfc","16472682","0","0","44286","13709039","68610083","True","9.718e-05","3.013e-05"
"oslo-serialization","","12037145","12051890","11837128","14525838","9702959","12067910","True","9.718e-05","2.202e-05"
"aliyun-python-sdk-alidns","","1681111","2380375","1242300","1755692","2140259","886928","True","9.718e-05","3.08e-06"
"pandasql","yhat/pandasql","16844842","6506766","20040510","18975864","18980007","19721061","True","9.718e-05","3.081e-05"
"pytorch-pretrained-bert","","1256913","1405268","2138054","1389718","448361","903165","True","9.718e-05","2.3e-06"
"optbinning","guillermo-navas-palencia/optbinning","3665221","1561082","3668038","2563871","4564160","5968953","True","9.718e-05","6.7e-06"
"aws-cdk-aws-ecr-assets","","3457943","2701413","4453357","4248674","3299492","2586777","True","9.718e-05","6.33e-06"
"azure-mgmt-privatedns","","31423154","4842762","13148866","28017548","58323724","52782872","True","9.718e-05","5.748e-05"
"emails","lavr/python-emails","2172888","907208","1044476","1577034","2190843","5144877","True","9.718e-05","3.97e-06"
"opentelemetry-instrumentation-lancedb","","1754714","0","0","0","77356","8696216","True","9.718e-05","3.21e-06"
"parsl","parsl/parsl","1631544","243933","983808","3901085","1526269","1502624","True","9.718e-05","2.98e-06"
"django-autoslug","justinmayer/django-autoslug","1819950","1028683","1145843","1537522","2534972","2852732","True","9.718e-05","3.33e-06"
"simpful","aresio/simpful","1374391","8637","320848","3310831","2530238","701401","True","9.718e-05","2.51e-06"
"perlin-noise","","1190244","14673","52007","54992","1634548","4194998","True","9.718e-05","2.18e-06"
"openvino-dev","openvinotoolkit/openvino","1395630","54916","525625","1739209","2317122","2341279","True","9.718e-05","2.55e-06"
"asciimatics","peterbrittain/asciimatics","1080881","115499","3337406","818825","707205","425472","True","9.718e-05","1.98e-06"
"db-contrib-tool","","35965976","1591","2675861","17746631","123403008","36002791","True","9.718e-05","6.579e-05"
"scrapy-splash","scrapy-plugins/scrapy-splash","3816090","9575943","5244280","1571351","2069605","619273","True","9.718e-05","6.98e-06"
"zope-contentprovider","","1566854","499122","368664","401547","5523856","1041080","True","9.718e-05","2.87e-06"
"sqltap","","1190066","259478","352433","797040","696413","3844964","True","9.718e-05","2.18e-06"
"delayed-assert","","2287002","782548","1798209","2334731","3690122","2829398","True","9.718e-05","4.18e-06"
"aws-cdk-aws-events-targets","","2161544","2082073","3102262","3075518","1821705","726160","True","9.718e-05","3.95e-06"
"moderngl","moderngl/moderngl","1666461","531506","1276609","395206","1982340","4146645","True","9.718e-05","3.05e-06"
"fastexcel","","2388912","0","930","3443","1545568","10394619","True","9.718e-05","4.37e-06"
"python-whois","richardpenman/whois","4222481","2566614","1617884","4015690","3799523","9112693","True","9.718e-05","7.72e-06"
"txaws","","2173077","7967409","393795","787898","1610123","106160","True","9.718e-05","3.98e-06"
"logging-formatter-anticrlf","darrenpmeyer/logging-formatter-anticrlf","1518520","237588","768786","1325233","2657912","2603081","True","9.718e-05","2.78e-06"
"django-pandas","","1115560","585180","588577","707364","1979318","1717359","True","9.718e-05","2.04e-06"
"keras2onnx","onnx/keras-onnx","1517656","2096728","1789700","1492041","1624631","585178","True","9.718e-05","2.78e-06"
"litestar","litestar-org/litestar","2942246","0","0","85449","6406436","8219345","True","9.718e-05","5.38e-06"
"nextcord","nextcord/nextcord","1672835","314799","4697163","2858957","169038","324217","True","9.718e-05","3.06e-06"
"argo-workflows","","1595039","153583","471523","915276","2873345","3561467","True","9.718e-05","2.92e-06"
"cvxopt","cvxopt/cvxopt","4373217","1611527","2914269","2935764","6492335","7912189","True","9.718e-05","8e-06"
"molecule-plugins","ansible-community/molecule-plugins","2314697","0","0","1566350","5391607","4615530","True","9.718e-05","4.23e-06"
"apache-airflow-microsoft-fabric-plugin","","12593184","0","0","0","2483467","60482455","True","9.718e-05","2.304e-05"
"paypalhttp","","1416967","291499","403161","518157","508409","5363610","True","9.718e-05","2.59e-06"
"munch","infinidat/munch","29816067","24461657","41132041","31315322","22228017","29943297","True","9.718e-05","5.454e-05"
"ahocorapy","abusix/ahocorapy","1565072","1835997","3138455","929191","1062954","858761","True","9.718e-05","2.86e-06"
"jupyter-server-ydoc","jupyterlab/jupyter-collaboration","7029439","0","221053","8297459","10638098","15990583","True","9.718e-05","1.286e-05"
"starlette-exporter","stephenhillier/starlette_exporter","6955362","771451","3431805","4436223","12978877","13158452","True","9.718e-05","1.272e-05"
"pytest-unordered","","12956339","46527","418178","1084697","3126505","60105789","True","9.718e-05","2.37e-05"
"splunk-handler","zach-taylor/splunk_handler","5458494","1096846","3155795","4595388","6735279","11709163","True","9.718e-05","9.99e-06"
"phpserialize","","1175428","553541","850042","1274047","1432809","1766700","True","9.718e-05","2.15e-06"
"alibabacloud-tea-openapi","","9640583","45902","154697","651320","1907198","45443799","True","9.718e-05","1.764e-05"
"aiohttp-middlewares","","1086698","448518","2185712","490592","779079","1529590","True","9.718e-05","1.99e-06"
"openapi3","","1201379","40782","58268","316613","2905215","2686019","True","9.718e-05","2.2e-06"
"mypy-boto3-ec2-instance-connect","","1823543","53284","113637","329836","2412251","6208707","True","9.718e-05","3.34e-06"
"redfish","","1327742","649383","278369","384425","1212856","4113678","True","9.718e-05","2.43e-06"
"patchelf","nixos/patchelf","17293058","1621","460464","2261564","17621771","66119868","True","9.718e-05","3.163e-05"
"os-sys","","1272348","749641","851434","1527786","1737125","1495753","True","9.718e-05","2.33e-06"
"uv-dynamic-versioning","","1470058","0","0","0","34348","7315942","True","9.718e-05","2.69e-06"
"django-admin-interface","","1133699","383291","530025","893101","1701440","2160639","True","9.718e-05","2.07e-06"
"pyqtwebengine-qt5","","1386551","540414","1318508","894451","1796303","2383079","True","9.718e-05","2.54e-06"
"pycapnp","capnproto/pycapnp","1518348","382479","2010749","1785239","1252969","2160305","True","9.718e-05","2.78e-06"
"pytapo","","1200890","90300","298962","801089","1903036","2911062","True","9.718e-05","2.2e-06"
"cloudsearch","","1186496","174804","231486","1365165","2089271","2071752","True","9.718e-05","2.17e-06"
"ansible-base","","7112183","13363527","6426664","5082438","5544365","5143922","True","9.718e-05","1.301e-05"
"wadler-lindig","","3075174","0","0","0","0","15375868","True","9.718e-05","5.63e-06"
"django-hosts","jazzband/django-hosts","1561512","1244495","1045112","1539356","1948528","2030070","True","9.718e-05","2.86e-06"
"mypy-boto3-notificationscontacts","","1253375","0","0","0","322535","5944338","True","9.718e-05","2.29e-06"
"chart-studio","","1427564","1836693","2069262","1223132","972603","1036131","True","9.718e-05","2.61e-06"
"mypy-boto3-timestream-influxdb","","1553461","0","0","0","1772891","5994412","True","9.718e-05","2.84e-06"
"devicecheck","","1811743","2667","32183","97297","2353788","6572780","True","9.718e-05","3.31e-06"
"pip-install-test","","2875854","223961","2552086","4873857","2857268","3872096","True","9.718e-05","5.26e-06"
"mypy-boto3-connectcampaigns","youtype/mypy_boto3_builder","1680367","0","3391","223413","2184918","5990115","True","9.718e-05","3.07e-06"
"requests-sigv4","","11217410","1381784","723005","10481218","18238823","25262218","True","9.718e-05","2.052e-05"
"configspace","automl/configspace","1257532","1953203","945674","1285658","1056636","1046489","True","9.718e-05","2.3e-06"
"prawcore","praw-dev/prawcore","8760753","9625194","14602872","6005718","5168377","8401602","True","9.718e-05","1.603e-05"
"mypy-boto3-networkmanager","","1738032","45136","75038","258676","2282679","6028630","True","9.718e-05","3.18e-06"
"fissix","","1272032","752721","923358","1372560","1630398","1681122","True","9.718e-05","2.33e-06"
"azureml-designer-serving","","9375571","9868110","9975304","17998919","8341663","693857","True","9.718e-05","1.715e-05"
"streamlit-aggrid","pablocfonseca/streamlit-aggrid","2617403","75763","501920","1243669","3364320","7901343","True","9.718e-05","4.79e-06"
"chess","","1543433","472667","620382","845165","1383477","4395476","True","9.718e-05","2.82e-06"
"puccinialin","","1478779","0","0","0","0","7393894","True","9.718e-05","2.71e-06"
"geoip2","maxmind/geoip2-python","60955596","25967751","52675107","48156149","71991693","105987279","True","9.718e-05","0.00011151"
"mypy-boto3-route53resolver","youtype/mypy_boto3_builder","1828120","45673","72237","272488","2348038","6402166","True","9.718e-05","3.34e-06"
"datashader","","1390160","508007","568366","1153097","1827229","2894102","True","9.718e-05","2.54e-06"
"sshtunnel","pahaz/sshtunnel","126153158","13301152","40656588","67690296","180214188","328903565","True","9.718e-05","0.00023077"
"mypy-boto3-inspector-scan","","1641138","0","0","70285","2163102","5972303","True","9.718e-05","3e-06"
"fastnumbers","sethmmorton/fastnumbers","1296596","409994","664530","1023054","2247723","2137678","True","9.718e-05","2.37e-06"
"pyobjc-framework-externalaccessory","ronaldoussoren/pyobjc","1971499","456074","984152","2519210","3020182","2877879","True","9.718e-05","3.61e-06"
"missingpy","epsilon-machine/missingpy","3996945","1799985","4926763","3974103","3516564","5767309","True","9.718e-05","7.31e-06"
"pyobjc-framework-metalkit","","1105330","435955","568511","735356","955010","2831818","True","9.718e-05","2.02e-06"
"aiomultiprocess","","11597242","407469","3703801","6785832","12973647","34115461","True","9.718e-05","2.121e-05"
"types-filelock","python/typeshed","1808590","259655","1416316","2003953","2464736","2898292","True","9.718e-05","3.31e-06"
"dirac","diracgrid/dirac","10496991","123580","10147199","22871892","8502375","10839909","True","9.718e-05","1.92e-05"
"plantuml-markdown","mikitex70/plantuml-markdown","3455455","367779","819493","2093242","4004772","9991990","True","9.718e-05","6.32e-06"
"google-ai-generativelanguage","","24352182","0","0","507034","14459188","106794690","True","9.718e-05","4.455e-05"
"nfoursid","","1222017","305","713651","1175869","1573588","2646671","True","9.718e-05","2.24e-06"
"pyobjc-framework-virtualization","","1014996","200985","454504","688148","924024","2807317","True","9.718e-05","1.86e-06"
"whylogs","","1466718","18485","260437","968179","4339436","1747051","True","9.718e-05","2.68e-06"
"rethinkdb","rethinkdb/rethinkdb-python","1050309","1743372","985466","935301","1134142","453262","True","9.718e-05","1.92e-06"
"arro3-core","","7341597","0","0","0","307567","36400418","True","9.718e-05","1.343e-05"
"statistics","","4436918","4262525","4301501","4769515","4797191","4053858","True","9.718e-05","8.12e-06"
"sktime","sktime/sktime","7148914","973978","2916946","9252975","9668704","12931968","True","9.718e-05","1.308e-05"
"rpaframework-core","","3808920","237494","914801","1949972","8511354","7430977","True","9.718e-05","6.97e-06"
"fiddler-client","","1559796","2908509","3155739","769450","809894","155386","True","9.718e-05","2.85e-06"
"mypy-boto3","","3231060","987750","2265993","2195939","4374177","6331439","True","9.718e-05","5.91e-06"
"line-bot-sdk","line/line-bot-sdk-python","5787808","1925228","3562514","4613182","5169459","13668656","True","9.718e-05","1.059e-05"
"sqlean-py","","1954456","0","0","26020","1361134","8385124","True","9.718e-05","3.58e-06"
"bigquery","","1091653","95195","344654","839448","1487683","2691284","True","9.718e-05","2e-06"
"opentelemetry-instrumentation-boto","","2913638","82452","693180","1508123","4452898","7831539","True","9.718e-05","5.33e-06"
"acryl-sqlglot","tobymao/sqlglot","1424794","0","0","341999","4635813","2146158","True","9.718e-05","2.61e-06"
"apache-airflow-providers-jdbc","","7141390","661113","2179743","3995643","11506394","17364058","True","9.718e-05","1.306e-05"
"mypy-boto3-iotdeviceadvisor","","1714564","30718","48375","249211","2238405","6006111","True","9.718e-05","3.14e-06"
"throttler","","1113495","42554","949214","1190521","1293798","2091390","True","9.718e-05","2.04e-06"
"django-auth-ldap","django-auth-ldap/django-auth-ldap","3665087","2463422","2153632","3495948","5024901","5187532","True","9.718e-05","6.7e-06"
"stemming","","1118130","458518","682452","696318","499878","3253483","True","9.718e-05","2.05e-06"
"google-cloud-bigquery-datatransfer","","90339489","2489984","9655872","26940762","117453918","295156910","True","9.718e-05","0.00016526"
"customerio","","2585849","515221","874474","1141733","1340430","9057385","True","9.718e-05","4.73e-06"
"taskipy","","1811777","480200","829632","1395487","1855127","4498440","True","9.718e-05","3.31e-06"
"mypy-boto3-mgh","","1765044","47266","74237","257288","2276218","6170212","True","9.718e-05","3.23e-06"
"property-cached","althonos/property-cached","4522627","2673127","3589119","3199148","7448311","5703429","True","9.718e-05","8.27e-06"
"pyobjc-framework-cfnetwork","ronaldoussoren/pyobjc","2058407","492723","1025957","2612384","3196018","2964953","True","9.718e-05","3.77e-06"
"mypy-boto3-ssm-incidents","","1709377","13353","35592","242035","2226136","6029768","True","9.718e-05","3.13e-06"
"msgpack-numpy","lebedov/msgpack-numpy","4500135","2482620","3792644","2603697","4897947","8723769","True","9.718e-05","8.23e-06"
"pyyaml-ft","","3747999","0","0","0","0","18739996","True","9.718e-05","6.86e-06"
"cirq-core","quantumlib/cirq","1377177","260549","917101","930831","1978940","2798464","True","9.718e-05","2.52e-06"
"tree-sitter-markdown","","1425321","0","0","0","14614","7111992","True","9.718e-05","2.61e-06"
"pyscaffold","","5441270","2718743","4098758","2802880","6982587","10603380","True","9.718e-05","9.95e-06"
"mypy-boto3-personalize-events","","1741377","46820","76659","261128","2262405","6059875","True","9.718e-05","3.19e-06"
"zha-quirks","zigpy/zha-device-handlers","3775332","134918","2543851","5468259","6875864","3853770","True","9.718e-05","6.91e-06"
"xml-python","","1317839","52895","295961","1436073","2628317","2175950","True","9.718e-05","2.41e-06"
"mypy-boto3-opensearchserverless","","1706703","0","453","230896","2232313","6069852","True","9.718e-05","3.12e-06"
"embedchain","","3895629","0","0","78447","3242262","16157438","True","9.718e-05","7.13e-06"
"sqlglot","tobymao/sqlglot","52651897","251449","4843408","18995293","46652283","192517054","True","9.718e-05","9.632e-05"
"dlt","dlt-hub/dlt","7655828","6003","427022","1390606","7133484","29322027","True","9.718e-05","1.4e-05"
"marko","frostming/marko","7702850","103706","1864957","6590113","6565167","23390309","True","9.718e-05","1.409e-05"
"duet","","1106223","112916","846833","912545","1649272","2009550","True","9.718e-05","2.02e-06"
"python-nvd3","simplejson/simplejson","25085139","6907198","13071432","18653314","47029671","39764082","True","9.718e-05","4.589e-05"
"langchain-huggingface","","2295446","0","0","0","1767165","9710066","True","9.718e-05","4.2e-06"
"apache-airflow-providers-hashicorp","","1845682","75824","350788","605342","2656823","5539634","True","9.718e-05","3.38e-06"
"aniso8601","","70031623","41364111","42147916","47227608","129476019","89942462","True","9.718e-05","0.00012811"
"arpeggio","textx/arpeggio","11796884","929516","2970214","5138156","9808826","40137706","True","9.718e-05","2.158e-05"
"rbloom","","1225205","0","0","32272","381590","5712161","True","9.718e-05","2.24e-06"
"mteb","","1132614","0","926","42501","1440925","4178720","True","9.718e-05","2.07e-06"
"mypy-boto3-sagemaker-edge","youtype/mypy_boto3_builder","1716215","30476","48061","245196","2231722","6025619","True","9.718e-05","3.14e-06"
"camel-converter","","3788420","6216","248072","1520366","5507275","11660172","True","9.718e-05","6.93e-06"
"gspread-formatting","robin900/gspread-formatting","3312320","810464","1118281","1663729","4036256","8932868","True","9.718e-05","6.06e-06"
"pygit2","","19159644","3487428","8411451","17319663","27406130","39173547","True","9.718e-05","3.505e-05"
"types-python-jose","","2746552","0","57131","1130099","4030382","8515147","True","9.718e-05","5.02e-06"
"xsdata","tefra/xsdata","5026183","171390","505472","1569432","5420676","17463944","True","9.718e-05","9.19e-06"
"ty","","3559474","2913","7612","2194","686","17783965","True","9.718e-05","6.51e-06"
"python-gflags","google/python-gflags","7120466","17351050","5846814","4838582","3883605","3682281","True","9.718e-05","1.303e-05"
"pyobjc-framework-dictionaryservices","ronaldoussoren/pyobjc","2312819","434521","1005821","2857331","4536800","2729622","True","9.718e-05","4.23e-06"
"varname","pwwang/python-varname","1774354","172877","852467","1401871","2826437","3618117","True","9.718e-05","3.25e-06"
"flexcache","hgrecco/flexcache","8332240","0","230","165","14251020","27409787","True","9.718e-05","1.524e-05"
"dynamo-pandas","","1423248","8777","17002","1147133","2732412","3210915","True","9.718e-05","2.6e-06"
"catkin-pkg","","3583951","1916531","2219040","3079143","4814795","5890246","True","9.718e-05","6.56e-06"
"textfsm","google/textfsm","4180763","1586173","2021556","3222806","5607018","8466262","True","9.718e-05","7.65e-06"
"htmllistparse","gumblex/htmllisting-parser","1416346","186498","644143","754046","4518285","978756","True","9.718e-05","2.59e-06"
"correctionlib","","3510990","524074","425035","368962","3156057","13080823","True","9.718e-05","6.42e-06"
"anki","","1165811","29829","68456","87849","300490","5342433","True","9.718e-05","2.13e-06"
"fuzzysearch","taleinat/fuzzysearch","3108552","4333719","3739525","1708014","2437758","3323746","True","9.718e-05","5.69e-06"
"babelfish","","1248274","281438","396264","275944","839599","4448124","True","9.718e-05","2.28e-06"
"zope-browserresource","","1561528","497421","362120","447371","5524696","976034","True","9.718e-05","2.86e-06"
"kivy","kivy/kivy","2446008","1043766","1121008","1298377","5548289","3218598","True","9.718e-05","4.47e-06"
"bashlex","idank/bashlex","40252757","2422833","2229860","3424614","15957207","177229270","True","9.718e-05","7.363e-05"
"google-cloud-certificate-manager","","1319854","0","2928","1605125","2573044","2418172","True","9.718e-05","2.41e-06"
"standardjson","","1032321","564809","832262","936239","907211","1921082","True","9.718e-05","1.89e-06"
"flask-bootstrap4","","3747141","13409408","2009446","307962","1320839","1688048","True","9.718e-05","6.85e-06"
"types-boto3-s3","","2052518","0","0","0","4471","10258120","True","9.718e-05","3.75e-06"
"djangosaml2","identitypython/djangosaml2","1697481","486568","993823","1189846","2198526","3618643","True","9.718e-05","3.11e-06"
"msgraph-core","microsoftgraph/msgraph-sdk-python-core","21625036","79761","1092281","3126021","21711902","82115215","True","9.718e-05","3.956e-05"
"mypy-boto3-acm","","2311510","124076","202341","605495","2836474","7789165","True","9.718e-05","4.23e-06"
"pygresql","pygresql/pygresql","2238879","2270845","1498558","2262777","2244827","2917388","True","9.718e-05","4.1e-06"
"pytest-redis","","1065193","271539","760517","728705","1205147","2360057","True","9.718e-05","1.95e-06"
"ckanapi","ckan/ckanapi","1215836","4521536","243901","269582","440585","603574","True","9.718e-05","2.22e-06"
"ta","","1936741","849956","1035246","944545","1642179","5211778","True","9.718e-05","3.54e-06"
"google-cloud-managedkafka","","8758032","0","0","0","9931","43780228","True","9.718e-05","1.602e-05"
"pretend","alex/pretend","1702462","2000579","423466","552118","3080665","2455483","True","9.718e-05","3.11e-06"
"typedload","","288187968","62940","1686740","1289337","522647322","915253503","True","9.718e-05","0.00052718"
"django-stubs-ext","typeddjango/django-stubs","15720618","1576781","4934433","10557330","20165744","41368804","True","9.718e-05","2.876e-05"
"pure-sasl","thobbs/pure-sasl","24063304","5208418","14772482","15834484","18071773","66429363","True","9.718e-05","4.402e-05"
"azure-mgmt-cdn","","48514520","17607446","29872328","44947501","79746926","70398401","True","9.718e-05","8.875e-05"
"construct","construct/construct","19023373","2229148","11227212","15437608","30107895","36115001","True","9.718e-05","3.48e-05"
"hera","","1028782","209","538","648004","794311","3700849","True","9.718e-05","1.88e-06"
"django-htmx","","2114937","39135","285742","844088","3674042","5731678","True","9.718e-05","3.87e-06"
"meilisearch","","1486516","80342","92255","343329","1525385","5391268","True","9.718e-05","2.72e-06"
"flask-plugins","sh4nks/flask-plugins","1556942","5538279","1915653","247523","26026","57227","True","9.718e-05","2.85e-06"
"dynet","clab/dynet","1281811","197292","210268","1216208","3343189","1442099","True","9.718e-05","2.34e-06"
"checkov","bridgecrewio/checkov","51667613","2832556","16910576","81511876","61873412","95209643","True","9.718e-05","9.452e-05"
"django-adminplus","","1019853","754420","208889","216837","273714","3645404","True","9.718e-05","1.87e-06"
"click-spinner","click-contrib/click-spinner","10995822","775400","2977275","7316149","16644926","27265362","True","9.718e-05","2.011e-05"
"pyu2f","google/pyu2f","5585777","2886390","5583023","6851454","8308027","4299989","True","9.718e-05","1.022e-05"
"django-treebeard","","4704601","2610697","2863333","3457120","6388569","8203285","True","9.718e-05","8.61e-06"
"polars-lts-cpu","","1518506","0","2870","91518","1727043","5771097","True","9.718e-05","2.78e-06"
"multi-model-server","","1187696","670488","746310","824462","1441268","2255953","True","9.718e-05","2.17e-06"
"elevenlabs","elevenlabs/elevenlabs-python","4962925","0","0","3287766","2509445","19017416","True","9.718e-05","9.08e-06"
"feature-engine","feature-engine/feature_engine","1769182","404301","1148252","1821200","2005758","3466397","True","9.718e-05","3.24e-06"
"types-confluent-kafka","","1570099","0","0","12895","557306","7280292","True","9.718e-05","2.87e-06"
"nvidia-cufft-cu11","","13457989","131","6389","28953555","21929175","16400697","True","9.718e-05","2.462e-05"
"pbtools","eerimoq/pbtools","1219972","2473","475263","4471337","1012704","138083","True","9.718e-05","2.23e-06"
"awscurl","","1019033","220290","293055","521950","1688739","2371133","True","9.718e-05","1.86e-06"
"mycdp","","1082349","0","0","0","362197","5049546","True","9.718e-05","1.98e-06"
"dohq-artifactory","devopshq/artifactory","12336215","2654661","5683473","14881859","17016034","21445050","True","9.718e-05","2.257e-05"
"opentelemetry-instrumentation-mysqlclient","","2601290","0","0","45974","2910364","10050111","True","9.718e-05","4.76e-06"
"dimod","dwavesystems/dimod","1041878","426932","759142","442439","2154585","1426290","True","9.718e-05","1.91e-06"
"dartsclone","rixwew/darts-clone-python","1757444","1899531","2512656","2252053","1860842","262137","True","9.718e-05","3.21e-06"
"sphinx-thebe","","1046892","233651","660297","837340","1387266","2115905","True","9.718e-05","1.92e-06"
"pyspark-hnsw","","1146535","5988","82300","145532","403471","5095382","True","9.718e-05","2.1e-06"
"dotmap","drgrib/dotmap","6332944","2154236","3864735","4305843","7899929","13439978","True","9.718e-05","1.158e-05"
"gcloud-rest-auth","talkiq/gcloud-aio","1959394","121555","317268","740832","1798722","6818595","True","9.718e-05","3.58e-06"
"google-cloud-redis","","98037931","1799160","8163968","23269263","108263595","348693669","True","9.718e-05","0.00017934"
"unstructured-inference","unstructured-io/unstructured-inference","2383724","0","50","903810","4417592","6597167","True","9.718e-05","4.36e-06"
"cnvrg","","1830721","2130236","2499544","1924216","2438386","161225","True","9.718e-05","3.35e-06"
"flask-marshmallow","","8348460","4842151","5634962","6293766","9642781","15328639","True","9.718e-05","1.527e-05"
"word2number","akshaynagpal/w2n","3428314","1477574","1565819","1437971","3624035","9036173","True","9.718e-05","6.27e-06"
"requests-kerberos","requests/requests-kerberos","13334862","3374804","4002684","4228839","12004581","43063404","True","9.718e-05","2.439e-05"
"jupyter-telemetry","","2322473","890143","6382327","1698805","1389771","1251317","True","9.718e-05","4.25e-06"
"libipld","","1016741","0","0","75657","723012","4285035","True","9.718e-05","1.86e-06"
"google-cloud-notebooks","","1005465","29440","532212","1671530","1438591","1355552","True","9.718e-05","1.84e-06"
"mypy-boto3-rolesanywhere","","1683602","0","2824","224029","2189538","6001621","True","9.718e-05","3.08e-06"
"rioxarray","","2229860","161344","567891","1221616","2298748","6899701","True","9.718e-05","4.08e-06"
"patchright","","1427226","0","0","0","12422","7123708","True","9.718e-05","2.61e-06"
"etelemetry","","1841602","408805","559118","1148360","2475825","4615904","True","9.718e-05","3.37e-06"
"django-cryptography","georgemarshall/django-cryptography","1467882","852199","933886","1222302","1966318","2364705","True","9.718e-05","2.69e-06"
"mypy-boto3-compute-optimizer","","1788971","52092","77025","272049","2301188","6242502","True","9.718e-05","3.27e-06"
"dagster-k8s","","5124044","746507","4206862","2188406","5743305","12735141","True","9.718e-05","9.37e-06"
"mypy-boto3-lexv2-models","","1711610","27639","49132","246095","2226518","6008664","True","9.718e-05","3.13e-06"
"plyvel","wbolster/plyvel","9191459","1119999","3947454","2311963","8997852","29580025","True","9.718e-05","1.681e-05"
"social-auth-core","python-social-auth/social-core","14564706","7214707","10900793","9699285","16176512","28832234","True","9.718e-05","2.664e-05"
"types-aiofiles","python/typeshed","29232176","765237","5219013","6930827","19670341","113575462","True","9.718e-05","5.347e-05"
"azure-cognitiveservices-speech","","3709212","296279","473542","1297002","3664031","12815204","True","9.718e-05","6.79e-06"
"opencv-contrib-python","opencv/opencv-python","20370754","5639477","8199944","13199593","26326230","48488527","True","9.718e-05","3.726e-05"
"home-assistant-chip-clusters","","1602638","0","2480","70927","2009693","5930089","True","9.718e-05","2.93e-06"
"pyasn","","1030848","357578","713983","1301380","1933337","847960","True","9.718e-05","1.89e-06"
"django-ipware","un33k/django-ipware","12032904","5343018","6663917","10674808","14880374","22602404","True","9.718e-05","2.201e-05"
"opentelemetry-instrumentation-haystack","","1901893","0","0","4186","323677","9181603","True","9.718e-05","3.48e-06"
"saspy","","1481438","487764","726461","1003026","2069271","3120666","True","9.718e-05","2.71e-06"
"mypy-boto3-billing","","1267829","0","0","0","371238","5967908","True","9.718e-05","2.32e-06"
"paramz","sods/paramz","1154635","1037251","1029340","954552","1155848","1596182","True","9.718e-05","2.11e-06"
"discum","","2394992","428092","8818382","2530833","108827","88825","True","9.718e-05","4.38e-06"
"rlax","google-deepmind/rlax","2842334","14213","50607","3125282","10618598","402972","True","9.718e-05","5.2e-06"
"methoddispatch","","1353106","85347","170388","222297","953266","5334231","True","9.718e-05","2.48e-06"
"whenever","","3040590","0","0","4291","210424","14988233","True","9.718e-05","5.56e-06"
"rdt","sdv-dev/rdt","1879622","232037","437256","678812","3754633","4295373","True","9.718e-05","3.44e-06"
"pytest-instafail","pytest-dev/pytest-instafail","19728967","5939961","9296696","8343024","20087093","54978063","True","9.718e-05","3.609e-05"
"axe-selenium-python","","1027611","294022","337979","737241","1522050","2246765","True","9.718e-05","1.88e-06"
"django-graphql-jwt","flavors/django-graphql-jwt","1290638","922527","1268531","1307925","1406443","1547762","True","9.718e-05","2.36e-06"
"pyobjc-framework-systemextensions","ronaldoussoren/pyobjc","1080708","370070","550233","719109","945328","2818799","True","9.718e-05","1.98e-06"
"mypy-boto3-iotfleetwise","","1710487","0","2010","225316","2199872","6125238","True","9.718e-05","3.13e-06"
"libusb1","vpelletier/python-libusb1","3406781","3011769","2457773","1902841","4884218","4777302","True","9.718e-05","6.23e-06"
"cel-python","","4139621","18605","44681","106640","776767","19751414","True","9.718e-05","7.57e-06"
"chainlit","","1489787","0","0","193971","1387896","5867067","True","9.718e-05","2.73e-06"
"psycogreen","","4515794","2293023","4078957","4706629","4727326","6773033","True","9.718e-05","8.26e-06"
"flake8-cognitive-complexity","","1463424","255182","967249","1482871","1903082","2708734","True","9.718e-05","2.68e-06"
"pytest-reportportal","reportportal/agent-python-pytest","2728802","525866","1977232","3036309","2948164","5156439","True","9.718e-05","4.99e-06"
"allure-python-commons","allure-framework/allure-python","20805857","5517865","9255053","13316734","28042407","47897226","True","9.718e-05","3.806e-05"
"darkdetect","albertosottile/darkdetect","2874356","16201","151814","2123690","5290742","6789335","True","9.718e-05","5.26e-06"
"metaflow","netflix/metaflow","2976934","564417","641614","1625593","7234639","4818409","True","9.718e-05","5.45e-06"
"sqlalchemy-json","edelooff/sqlalchemy-json","12101447","18318814","27871273","2299863","5059231","6958053","True","9.718e-05","2.214e-05"
"pyobjc-framework-notificationcenter","","2365265","461782","1018485","2861204","4597751","2887102","True","9.718e-05","4.33e-06"
"openapi-python-client","openapi-generators/openapi-python-client","2209963","141965","340772","1750991","2674302","6141784","True","9.718e-05","4.04e-06"
"brickflows","","2144901","0","0","279556","3291695","7153254","True","9.718e-05","3.92e-06"
"pytest-testinfra","","3993774","1229424","2018277","3665010","5617992","7438167","True","9.718e-05","7.31e-06"
"azure-cosmosdb-nspkg","","44289942","40675131","51949794","47633545","41921028","39270211","True","9.718e-05","8.102e-05"
"vhacdx","trimesh/vhacdx","2754660","0","0","13420","4995826","8764055","True","9.718e-05","5.04e-06"
"tabcmd","","1668894","0","168290","1494224","3151493","3530462","True","9.718e-05","3.05e-06"
"pythran-openblas","serge-sans-paille/pythran-openblas","2321420","4167","101100","416781","6818989","4266061","True","9.718e-05","4.25e-06"
"mypy-boto3-databrew","","1728670","32580","63907","264154","2258993","6023717","True","9.718e-05","3.16e-06"
"bsdiff4","","1139746","128682","184452","669979","3419346","1296271","True","9.718e-05","2.08e-06"
"jamo","","2047306","93835","186184","799293","3619980","5537240","True","9.718e-05","3.75e-06"
"tabcompleter","mdmintz/tabcompleter","3217399","0","309702","2338017","5722055","7717219","True","9.718e-05","5.89e-06"
"pygelf","keeprocking/pygelf","1773822","918917","1514521","1870513","1910216","2654944","True","9.718e-05","3.24e-06"
"langchain-chroma","","2620697","0","0","0","2601566","10501921","True","9.718e-05","4.79e-06"
"exa-py","","1860242","0","0","0","452667","8848545","True","9.718e-05","3.4e-06"
"mypy-boto3-accessanalyzer","","1817143","55174","81787","408516","2423828","6116408","True","9.718e-05","3.32e-06"
"pygeoif","cleder/pygeoif","1676419","259007","1779904","1619033","1986930","2737222","True","9.718e-05","3.07e-06"
"flask-mail","pallets-eco/flask-mail","7442210","4371474","4606856","5555773","10436022","12240927","True","9.718e-05","1.361e-05"
"mypy-boto3-rds","","74632841","1009970","19623135","88785795","130815392","132929911","True","9.718e-05","0.00013653"
"fluent-logger","","9443527","5521324","5166792","8563312","15029646","12936559","True","9.718e-05","1.728e-05"
"dbx","","4310006","127802","6673241","6722899","4756117","3269973","True","9.718e-05","7.88e-06"
"mozinfo","","5448665","13175911","6666134","2377765","2486054","2537460","True","9.718e-05","9.97e-06"
"glances","nicolargo/glances","2803977","1572578","2312060","2565079","4475452","3094716","True","9.718e-05","5.13e-06"
"mypy-boto3-timestream-query","","1941770","40998","64952","284901","2348180","6969819","True","9.718e-05","3.55e-06"
"libhoney","honeycombio/libhoney-py","2775212","1109673","2664665","2064389","2173918","5863414","True","9.718e-05","5.08e-06"
"django-tinymce","jazzband/django-tinymce","2668038","1187536","1449351","2227282","3682725","4793295","True","9.718e-05","4.88e-06"
"pyobjc-framework-calendarstore","","1931560","427266","986192","2523274","3003124","2717943","True","9.718e-05","3.53e-06"
"django-add-default-value","","1143439","313116","589756","768376","1353160","2692789","True","9.718e-05","2.09e-06"
"snuggs","mapbox/snuggs","13266536","5587786","9486774","15906294","27634748","7717079","True","9.718e-05","2.427e-05"
"airbyte-api","airbytehq/airbyte-api-python-sdk","16172060","0","0","98973","10163192","70598135","True","9.718e-05","2.958e-05"
"ocrmypdf","","1198141","233777","302371","453035","1376080","3625442","True","9.718e-05","2.19e-06"
"polars-runtime-32","","10205629","0","0","0","0","51028147","True","9.718e-05","1.867e-05"
"flask-appbuilder","dpgaspar/flask-appbuilder","96764044","26258977","55457817","70241573","162234419","169627435","True","9.718e-05","0.00017701"
"stups-zign","zalando-stups/zign","2739396","3603741","3791670","2714053","2584185","1003330","True","9.718e-05","5.01e-06"
"slack","zweifisch/slack","3557933","1735593","4178917","4619701","3291640","3963814","True","9.718e-05","6.51e-06"
"mypy-boto3-cleanrooms","","1750803","0","0","226246","2206712","6321057","True","9.718e-05","3.2e-06"
"anyconfig","ssato/python-anyconfig","5910113","3792495","6897681","6979952","6628046","5252391","True","9.718e-05","1.081e-05"
"json-minify","","1066041","2086936","1695510","414164","380583","753012","True","9.718e-05","1.95e-06"
"wordfreq","","1567977","210071","376246","830361","1236426","5186780","True","9.718e-05","2.87e-06"
"avro-python3","","97275636","37031666","73844259","75047639","138570248","161884368","True","9.718e-05","0.00017795"
"stdlibs","","10751860","56368","330859","2002149","29727417","21642509","True","9.718e-05","1.967e-05"
"python-etcd","jplana/python-etcd","5091689","1809870","8229153","3835015","4281232","7303177","True","9.718e-05","9.31e-06"
"types-aiobotocore-iam","","1338841","0","6703","1356476","2416377","2914650","True","9.718e-05","2.45e-06"
"bytecode","","67060347","43863","7730089","42667247","99092999","185767538","True","9.718e-05","0.00012267"
"certbot-dns-google-domains","","2332270","0","0","11391866","247713","21769","True","9.718e-05","4.27e-06"
"gcloud-rest-datastore","talkiq/gcloud-aio","1236418","39104","167547","494416","1353795","4127228","True","9.718e-05","2.26e-06"
"slacker","os/slacker","9117144","10025606","12224537","8303452","7989789","7042335","True","9.718e-05","1.668e-05"
"python-codon-tables","","3107140","7233","19409","58719","3730870","11719470","True","9.718e-05","5.68e-06"
"mmdet","open-mmlab/mmdetection","1724926","206395","712522","1856584","2388120","3461011","True","9.718e-05","3.16e-06"
"iso-639","noumar/iso639","2028962","1359831","2506006","3058062","2084074","1136836","True","9.718e-05","3.71e-06"
"threaded","","1302856","176557","367875","1640573","1452420","2876855","True","9.718e-05","2.38e-06"
"flask-swagger","","11307453","17619568","18224043","12179880","6130572","2383204","True","9.718e-05","2.068e-05"
"ipinfo","ipinfo/python","1322268","966846","1292411","1089686","1677926","1584469","True","9.718e-05","2.42e-06"
"webhelpers2","","1061151","156480","282397","631761","3258357","976762","True","9.718e-05","1.94e-06"
"dbt-sqlserver","","1199193","52306","461190","1003748","1844051","2634668","True","9.718e-05","2.19e-06"
"python-miio","rytilahti/python-miio","5897222","783159","4648385","8993765","8892988","6167811","True","9.718e-05","1.079e-05"
"python-statsd","","1470911","1388714","238773","299162","1514277","3913630","True","9.718e-05","2.69e-06"
"python-ipware","un33k/python-ipware","4597812","0","0","394336","7754781","14839945","True","9.718e-05","8.41e-06"
"check-jsonschema","python-jsonschema/check-jsonschema","5661344","27199","163449","1698471","4856652","21560948","True","9.718e-05","1.036e-05"
"autoevals","","1935593","0","0","13558","440859","9223548","True","9.718e-05","3.54e-06"
"lunr","","1703120","2748025","1194281","1012106","1241775","2319412","True","9.718e-05","3.12e-06"
"python-openid","openid/python-openid","1826973","1339688","739780","2267909","1925524","2861962","True","9.718e-05","3.34e-06"
"kfp-pipeline-spec","kubeflow/pipelines","37180695","3913248","24447992","51808905","49291279","56442049","True","9.718e-05","6.801e-05"
"gpsoauth","","1417129","449603","821020","1197549","2219993","2397482","True","9.718e-05","2.59e-06"
"apache-airflow-providers-slack","","36685907","950200","7908651","21405096","55391792","97773796","True","9.718e-05","6.711e-05"
"redshift-connector","aws/amazon-redshift-python-driver","288473021","33849597","174750260","292081388","415226533","526457328","True","9.718e-05","0.0005277"
"google-cloud-recaptcha-enterprise","","5332737","141071","3176612","3280638","4808371","15256991","True","9.718e-05","9.76e-06"
"meld3","supervisor/meld3","1169198","1785443","1072029","991469","840435","1156616","True","9.718e-05","2.14e-06"
"apache-flink-libraries","","18897954","24995","415443","736306","46509923","46803105","True","9.718e-05","3.457e-05"
"pinecone-plugin-assistant","","8754786","0","0","0","14386","43759546","True","9.718e-05","1.602e-05"
"pytest-subprocess","aklajnert/pytest-subprocess","1685576","248999","534326","1040483","3187012","3417061","True","9.718e-05","3.08e-06"
"mypy-boto3-pinpoint-email","","1745865","46051","74832","261291","2281960","6065190","True","9.718e-05","3.19e-06"
"flake8-import-restrictions","atollk/flake8-import-restrictions","1242161","225002","5334726","57597","468104","125376","True","9.718e-05","2.27e-06"
"ping3","kyan001/ping3","3039891","376581","1043036","1608684","4837784","7333369","True","9.718e-05","5.56e-06"
"prefect-dbt","prefecthq/prefect","1734527","0","15930","664372","2573441","5418893","True","9.718e-05","3.17e-06"
"h2o-wave","h2oai/wave","1249501","855045","1294986","1237777","1803475","1056222","True","9.718e-05","2.29e-06"
"mecab-python3","samurait/mecab-python3","6004231","2378879","3158333","5448685","8519920","10515336","True","9.718e-05","1.098e-05"
"ratelimit","tomasbasham/ratelimit","62135293","9846048","36746783","53907573","92068477","118107582","True","9.718e-05","0.00011366"
"mypy-boto3-translate","","1876687","55654","91213","347451","2508661","6380455","True","9.718e-05","3.43e-06"
"autologging","","1835726","317995","766771","1648974","2763781","3681107","True","9.718e-05","3.36e-06"
"types-aiobotocore-dataexchange","","2171146","0","2368","5412","2183659","8664289","True","9.718e-05","3.97e-06"
"sqlalchemy-cockroachdb","cockroachdb/sqlalchemy-cockroachdb","3275256","1388140","4535680","1984886","3451470","5016105","True","9.718e-05","5.99e-06"
"yarg","","8929558","1512634","3420016","15091213","10175194","14448734","True","9.718e-05","1.633e-05"
"mypy-boto3-identitystore","","2184412","37301","112688","1171653","2703881","6896536","True","9.718e-05","4e-06"
"lance-namespace","","1047228","0","0","0","0","5236142","True","9.718e-05","1.92e-06"
"mypy-boto3-migrationhubstrategy","","1685005","717","15759","230855","2194052","5983640","True","9.718e-05","3.08e-06"
"dtw-python","","1328985","301284","411413","593105","1722600","3616525","True","9.718e-05","2.43e-06"
"pytest-cover","","1467387","644272","677012","791474","1605201","3618976","True","9.718e-05","2.68e-06"
"runloop-api-client","","1894737","0","0","0","89908","9383779","True","9.718e-05","3.47e-06"
"envparse","rconradharris/envparse","1884716","1311981","1502119","1779174","2827191","2003114","True","9.718e-05","3.45e-06"
"telegraph","python273/telegraph","3718224","1208734","1855583","12653620","1590501","1282681","True","9.718e-05","6.8e-06"
"simpleflow","","1186569","4424","5180","6591","30142","5886509","True","9.718e-05","2.17e-06"
"langgraph-prebuilt","langchain-ai/langgraph","14654102","0","0","0","0","73270511","True","9.718e-05","2.681e-05"
"py-key-value-aio","","4200387","0","0","0","0","21001933","True","9.718e-05","7.68e-06"
"django-postgres-copy","","1032279","225203","247818","342519","471268","3874589","True","9.718e-05","1.89e-06"
"home-assistant-chip-core","","1468517","0","623","21569","1745681","5574712","True","9.718e-05","2.69e-06"
"aws-cdk-aws-autoscaling","","2743820","2391076","3522950","2892909","2676964","2235200","True","9.718e-05","5.02e-06"
"yara-python","virustotal/yara-python","2336843","750273","848462","1224655","2998535","5862291","True","9.718e-05","4.27e-06"
"eyes-common","","3750910","156472","1269639","1741589","7312930","8273922","True","9.718e-05","6.86e-06"
"cantools","cantools/cantools","4075986","842089","2194939","6297625","5346450","5698825","True","9.718e-05","7.46e-06"
"pytest-selenium","pytest-dev/pytest-selenium","2313463","1411431","1458788","2254444","2999033","3443619","True","9.718e-05","4.23e-06"
"robotframework-requests","marketsquare/robotframework-requests","11692157","3254167","7553733","11009644","17134371","19508870","True","9.718e-05","2.139e-05"
"defusedcsv","","1567192","43238","169220","323682","392066","6907752","True","9.718e-05","2.87e-06"
"xlwings","xlwings/xlwings","3992270","6131624","5816325","1272799","2262758","4477843","True","9.718e-05","7.3e-06"
"sslyze","nabla-c0d3/sslyze","1161698","1186651","1683980","797967","1292433","847461","True","9.718e-05","2.13e-06"
"google-cloud-os-config","","2908561","131104","202679","1798348","5638717","6771955","True","9.718e-05","5.32e-06"
"aws-cdk-aws-ssm","","3655780","3029984","4625661","4563025","3385542","2674686","True","9.718e-05","6.69e-06"
"pydruid","druid-io/pydruid","10434964","1418501","4864469","5653153","7856023","32382675","True","9.718e-05","1.909e-05"
"onfido-python","","2141238","48879","127594","301822","926375","9301522","True","9.718e-05","3.92e-06"
"sparkorm","asuiu/sparkorm","1706419","0","0","1744","7438592","1091758","True","9.718e-05","3.12e-06"
"julius","adefossez/julius","2501964","58007","268268","1637318","3479885","7066340","True","9.718e-05","4.58e-06"
"yattag","","5801842","2390877","4436237","5418747","6885654","9877693","True","9.718e-05","1.061e-05"
"pyunpack","ponty/pyunpack","1708997","945308","1425470","1611558","1841597","2721054","True","9.718e-05","3.13e-06"
"postgrest","supabase/supabase-py","10273329","228","344","1197501","9078271","41090299","True","9.718e-05","1.879e-05"
"apache-airflow-providers-vertica","","1512278","139490","690933","865887","1730892","4134188","True","9.718e-05","2.77e-06"
"mypy-boto3-codeconnections","","1561188","0","0","0","1702920","6103021","True","9.718e-05","2.86e-06"
"psygnal","pyapp-kit/psygnal","3318495","74425","2251927","714299","5296081","8255743","True","9.718e-05","6.07e-06"
"certifi-linux","","1785081","0","0","200","1433603","7491602","True","9.718e-05","3.27e-06"
"pdfplumber","jsvine/pdfplumber","21487167","790459","2308918","14432527","22972816","66931115","True","9.718e-05","3.931e-05"
"shrub-py","","7771342","6038511","3604969","5058304","10083309","14071617","True","9.718e-05","1.422e-05"
"flask-api","","1916905","3348730","2078760","1371501","1153193","1632339","True","9.718e-05","3.51e-06"
"pycloudflared","","1054150","0","0","4254560","576298","439894","True","9.718e-05","1.93e-06"
"parse","","73402245","24665538","35043583","55978377","91413892","159909837","True","9.718e-05","0.00013427"
"mypy-boto3-sagemaker-runtime","","2579215","52570","266781","973215","3872382","7731126","True","9.718e-05","4.72e-06"
"shiboken2","","1985832","1375866","1631624","1476693","3429380","2015597","True","9.718e-05","3.63e-06"
"aws-cdk-aws-codecommit","","2439952","2157269","3047804","2426880","2464315","2103491","True","9.718e-05","4.46e-06"
"expiringdict","","31077745","20546255","17318599","22593907","40742447","54187516","True","9.718e-05","5.685e-05"
"strawberry-graphql","strawberry-graphql/strawberry","10161061","611615","2716595","7278241","12520484","27678368","True","9.718e-05","1.859e-05"
"pyobjc-framework-coremotion","ronaldoussoren/pyobjc","1086976","337842","552814","739099","962561","2842564","True","9.718e-05","1.99e-06"
"asn1","andrivet/python-asn1","2632356","195072","476904","1324665","3064374","8100766","True","9.718e-05","4.82e-06"
"pyramid-debugtoolbar","","20133531","9926518","14198086","29136697","25052818","22353536","True","9.718e-05","3.683e-05"
"cgroupspy","cloudsigma/cgroupspy","1645716","418891","711881","1373702","2850982","2873122","True","9.718e-05","3.01e-06"
"python-twitter","bear/python-twitter","1559783","2422203","1961292","975619","799289","1640511","True","9.718e-05","2.85e-06"
"mysql-python","farcepest/mysqldb1","3018780","4542683","2834443","2769073","2973151","1974548","True","9.718e-05","5.52e-06"
"flask-executor","dchevell/flask-executor","1515441","881376","1103714","1135904","2318375","2137835","True","9.718e-05","2.77e-06"
"rich-argparse","hamdanal/rich-argparse","80024848","0","3894","25613175","185477218","189029951","True","9.718e-05","0.00014639"
"dgl","dmlc/dgl","1200991","698158","476017","833257","2264335","1733188","True","9.718e-05","2.2e-06"
"tf-estimator-nightly","tensorflow/estimator","6531673","1435932","15137898","9235568","4930044","1918923","True","9.718e-05","1.195e-05"
"opentelemetry-exporter-otlp-proto-http","open-telemetry/opentelemetry-python","309633194","1375703","11064016","61168927","282059396","1192497929","True","9.718e-05","0.00056641"
"multivolumefile","miurahr/multivolume","15096922","1577460","5578004","12277506","19356019","36695621","True","9.718e-05","2.762e-05"
"feu","","2203279","0","0","11243","3482023","7523128","True","9.718e-05","4.03e-06"
"smdebug-rulesconfig","awslabs/sagemaker-debugger-rulesconfig","108174670","9778544","33041766","56489816","190424830","251138392","True","9.718e-05","0.00019788"
"pinecone-plugin-interface","","10326667","0","0","0","5658479","45974858","True","9.718e-05","1.889e-05"
"mypy-boto3-savingsplans","","1741823","50904","80772","263321","2259359","6054759","True","9.718e-05","3.19e-06"
"aws-cdk-aws-s3","","4317183","3208759","6108718","5389977","3668424","3210036","True","9.718e-05","7.9e-06"
"azure-ai-formrecognizer","","5776940","169317","627725","3327631","9563583","15196443","True","9.718e-05","1.057e-05"
"morecantile","","1250916","105947","179762","643056","2091401","3234413","True","9.718e-05","2.29e-06"
"python-intervals","","1031495","1036359","1223463","1373423","990714","533518","True","9.718e-05","1.89e-06"
"idna-ssl","","25655930","34124930","38793288","26015867","15468347","13877218","True","9.718e-05","4.693e-05"
"pipreqs","bndr/pipreqs","8498456","1431674","3400535","14842627","9633275","13184171","True","9.718e-05","1.555e-05"
"clearml-agent","clearml/clearml-agent","2424697","434432","1590490","2128146","2712623","5257796","True","9.718e-05","4.44e-06"
"flametree","","1886700","11159","19561","57867","3839244","5505671","True","9.718e-05","3.45e-06"
"mypy-boto3-pinpoint-sms-voice","","1734037","45560","74141","255681","2250853","6043949","True","9.718e-05","3.17e-06"
"flask-oauthlib","lepture/flask-oauthlib","4824542","3994166","5045003","4197855","5007776","5877909","True","9.718e-05","8.83e-06"
"lesscpy","","1059229","548817","629794","809088","1967567","1340881","True","9.718e-05","1.94e-06"
"pydantic-extra-types","pydantic/pydantic-extra-types","27211453","0","0","2582795","27870744","105603725","True","9.718e-05","4.978e-05"
"mypy-boto3-artifact","youtype/mypy_boto3_builder","1599830","0","0","0","1858332","6140818","True","9.718e-05","2.93e-06"
"dashscope","","1415336","0","0","42454","966561","6067666","True","9.718e-05","2.59e-06"
"mypy-boto3-pi","","1771120","46113","72807","259209","2282454","6195018","True","9.718e-05","3.24e-06"
"japanize-matplotlib","","1279840","599208","996768","1238875","1542233","2022116","True","9.718e-05","2.34e-06"
"azureml-dataprep-native","","21200747","39571314","29672790","12782816","16348349","7628465","True","9.718e-05","3.878e-05"
"starlette-context","tomwojcik/starlette-context","6042679","437508","1329868","3026901","8029675","17389443","True","9.718e-05","1.105e-05"
"pi-heif","","2445118","0","4880","247464","1863958","10109290","True","9.718e-05","4.47e-06"
"airflow-exporter","epoch8/airflow-exporter","3526409","3150647","3405355","4923258","3528015","2624769","True","9.718e-05","6.45e-06"
"drf-jwt","styria-digital/django-rest-framework-jwt","2277530","1153274","1271351","1888939","3060396","4013690","True","9.718e-05","4.17e-06"
"backports-weakref","","32558641","53948142","42030106","27159307","22291802","17363849","True","9.718e-05","5.956e-05"
"sphinx-mdinclude","","1209848","1616","81198","831914","1643560","3490952","True","9.718e-05","2.21e-06"
"spanishconjugator","benedict-carling/spanish-conjugator","1102168","62988","734010","729606","3581175","403060","True","9.718e-05","2.02e-06"
"fnvhash","","1345004","476408","1101050","1515744","809427","2822389","True","9.718e-05","2.46e-06"
"appium-python-client","appium/python-client","17338282","4689383","8994484","14842893","23265820","34898828","True","9.718e-05","3.172e-05"
"configcat-client","","1853208","167986","706368","511492","1456440","6423752","True","9.718e-05","3.39e-06"
"azure-mgmt-servicefabric","","45672151","15492700","28323355","43176954","74679117","66688628","True","9.718e-05","8.355e-05"
"gsq","keiichishima/gsq","1156998","4614107","1152897","4441","5355","8191","True","9.718e-05","2.12e-06"
"mypy-boto3-apigatewayv2","","1911611","48031","93465","302481","2480970","6633106","True","9.718e-05","3.5e-06"
"opentelemetry-exporter-otlp-proto-grpc","open-telemetry/opentelemetry-python","295363189","3448473","12763279","41616614","273721913","1145265666","True","9.718e-05","0.00054031"
"lap","gatagat/lap","2100082","277889","939386","2462060","2195404","4625672","True","9.718e-05","3.84e-06"
"chiavdf","chia-network/chiavdf","2526646","1570793","2083765","2042562","4221424","2714686","True","9.718e-05","4.62e-06"
"timedelta","","1875961","713424","1256034","1550140","2287398","3572810","True","9.718e-05","3.43e-06"
"async-generator","","78958655","113679574","107285209","84770734","46830642","42227116","True","9.718e-05","0.00014444"
"aioboto3","","38788369","4196025","14135306","12612673","32650767","130347074","True","9.718e-05","7.096e-05"
"pycarlo","","2827738","0","1263643","2604241","4876013","5394792","True","9.718e-05","5.17e-06"
"python-sat","pysathq/pysat","1251029","158744","1505267","2708313","778844","1103978","True","9.718e-05","2.29e-06"
"fonts","pimoroni/fonts-python","2542415","58372","1527537","8461490","1804803","859871","True","9.718e-05","4.65e-06"
"warcio","webrecorder/warcio","4591773","1062739","2860471","2465422","2579798","13990433","True","9.718e-05","8.4e-06"
"catt","skorokithakis/catt","4299966","2218145","18486189","262788","235149","297561","True","9.718e-05","7.87e-06"
"microsoft-kiota-serialization-json","microsoft/kiota-python","19510159","0","1232","769246","13015920","83764396","True","9.718e-05","3.569e-05"
"l18n","tkhyn/l18n","2048032","1119351","1355490","1667294","3683606","2414419","True","9.718e-05","3.75e-06"
"pyxlsx","fortfall/pyxlsx","1640538","3519970","1514720","202698","554794","2410510","True","9.718e-05","3e-06"
"nvidia-cusparselt-cu12","","44669616","0","0","0","2477","223345603","True","9.718e-05","8.171e-05"
"zope-i18nmessageid","","2333629","701709","522606","827730","6771444","2844655","True","9.718e-05","4.27e-06"
"findspark","minrk/findspark","25379214","16860393","27091694","24713411","28377248","29853326","True","9.718e-05","4.643e-05"
"lief","lief-project/lief","3230861","515669","1194126","2109504","5334638","7000369","True","9.718e-05","5.91e-06"
"pockets","","2491614","1375897","1751708","1740853","2933998","4655615","True","9.718e-05","4.56e-06"
"pyttsx3","nateshmbhat/pyttsx3","2351053","897990","1368932","1410823","2571999","5505522","True","9.718e-05","4.3e-06"
"pyldavis","bmabey/pyldavis","4067311","3344348","8592611","5084130","1770523","1544941","True","9.718e-05","7.44e-06"
"paddlepaddle","paddlepaddle/paddle","2910970","420484","1046036","1700406","3538228","7849698","True","9.718e-05","5.33e-06"
"sahi","","1098862","16136","647185","1224403","1813041","1793546","True","9.718e-05","2.01e-06"
"mypy-boto3-imagebuilder","","1877897","45258","69317","271360","2327820","6675732","True","9.718e-05","3.44e-06"
"mode","ask/mode","1655525","5616075","633981","570353","994438","462777","True","9.718e-05","3.03e-06"
"django-pgtrigger","","2206685","181442","355339","1312974","3025192","6158476","True","9.718e-05","4.04e-06"
"nvidia-cusparse-cu12","","104731313","0","176","11814301","121719361","390122725","True","9.718e-05","0.00019159"
"outdated","alexmojaki/outdated","1424963","1295448","1329144","1346401","1957030","1196792","True","9.718e-05","2.61e-06"
"hubspot3","jpetrucciani/hubspot3","1184681","4133209","475774","416608","462791","435022","True","9.718e-05","2.17e-06"
"cassandra-sigv4","aws/aws-sigv4-auth-cassandra-python-driver-plugin","2871103","7106751","4835285","1343323","529523","540633","True","9.718e-05","5.25e-06"
"jaraco-collections","","10927930","2998532","20802531","14039472","11023813","5775303","True","9.718e-05","1.999e-05"
"airflow-provider-fivetran-async","","1001204","0","554","129578","1665069","3210819","True","9.718e-05","1.83e-06"
"pyobjc-framework-exceptionhandling","","2400758","465414","1021477","2922603","4701068","2893226","True","9.718e-05","4.39e-06"
"harfile","","1388958","0","0","0","609697","6335092","True","9.718e-05","2.54e-06"
"xatlas","mworchel/xatlas-python","1962113","10775","43052","393831","4892214","4470691","True","9.718e-05","3.59e-06"
"fasta2a","","1132059","0","0","0","0","5660296","True","9.718e-05","2.07e-06"
"publicsuffixlist","ko-zu/psl","4914412","723006","2653601","6389719","7255899","7549835","True","9.718e-05","8.99e-06"
"selenium-stealth","diprajpatra/selenium-stealth","1590561","239482","2427815","974684","1858433","2452393","True","9.718e-05","2.91e-06"
"gsutil","","51096796","1513661","19835073","63602568","121689601","48843076","True","9.718e-05","9.347e-05"
"elasticsearch5","elastic/elasticsearch-py","1274471","2287772","754402","942803","1491657","895723","True","9.718e-05","2.33e-06"
"ops","","1292481","49868","163241","610737","2063311","3575250","True","9.718e-05","2.36e-06"
"mypy-boto3-fsx","","1795696","48964","78439","277363","2293794","6279918","True","9.718e-05","3.28e-06"
"pastel","sdispater/pastel","35633079","33004803","60845964","20507081","32338782","31468765","True","9.718e-05","6.518e-05"
"mypy-boto3-kinesisanalytics","","1738230","46142","68052","258919","2271739","6046297","True","9.718e-05","3.18e-06"
"mypy-boto3-appmesh","","1800336","51863","146928","305302","2354778","6142810","True","9.718e-05","3.29e-06"
"py-rust-stemmers","","1111762","0","0","0","227619","5331190","True","9.718e-05","2.03e-06"
"amazon-dax-client","","1009926","1070985","1093730","935521","919193","1030200","True","9.718e-05","1.85e-06"
"waiting","","2947003","2001900","2140304","1835736","3600702","5156371","True","9.718e-05","5.39e-06"
"spacy-curated-transformers","","1351362","0","0","102598","1200500","5453713","True","9.718e-05","2.47e-06"
"mistletoe","miyuchina/mistletoe","3283333","689314","702779","1095217","4631757","9297596","True","9.718e-05","6.01e-06"
"cbor2","agronholm/cbor2","21738321","2971153","7457137","9023929","22269304","66970080","True","9.718e-05","3.977e-05"
"py-healthcheck","","1163795","941668","1000089","808100","1143240","1925876","True","9.718e-05","2.13e-06"
"pysrt","","1004077","185625","239087","544676","1051187","2999812","True","9.718e-05","1.84e-06"
"robotremoteserver","robotframework/pythonremoteserver","1389589","838167","1835811","2671880","761859","840226","True","9.718e-05","2.54e-06"
"aws-cdk-aws-cloudfront","","2607587","2469127","3279549","2570183","2551630","2167447","True","9.718e-05","4.77e-06"
"pyobjc-framework-intents","ronaldoussoren/pyobjc","1973154","461263","980421","2521008","3022377","2880702","True","9.718e-05","3.61e-06"
"utm","turbo87/utm","6003089","5604652","6206597","6368298","6228185","5607713","True","9.718e-05","1.098e-05"
"evergreen-py","","42056173","7116818","6643202","18056601","130415323","48048921","True","9.718e-05","7.693e-05"
"flask-smorest","marshmallow-code/flask-smorest","3038681","435055","525811","1005684","3828779","9398076","True","9.718e-05","5.56e-06"
"zope-i18n","","1944913","533054","433898","744469","5884871","2128273","True","9.718e-05","3.56e-06"
"click-completion","click-contrib/click-completion","2178446","2773622","2108461","2619899","1997994","1392255","True","9.718e-05","3.99e-06"
"mypy-boto3-iotsecuretunneling","","1779545","43279","73278","257510","2289984","6233673","True","9.718e-05","3.26e-06"
"mypy-boto3-codeguru-security","","1672179","0","0","201257","2176437","5983203","True","9.718e-05","3.06e-06"
"azure-mgmt-eventhub","","48485935","16136703","29101384","46092314","80088879","71010396","True","9.718e-05","8.87e-05"
"mypy-boto3-repostspace","","1639949","0","0","70327","2166654","5962762","True","9.718e-05","3e-06"
"growthbook","","1816049","939","87823","723432","2490484","5777569","True","9.718e-05","3.32e-06"
"strands-agents","","1358073","0","0","0","0","6790364","True","9.718e-05","2.48e-06"
"aws-cdk-aws-kinesisfirehose","","1524533","1441067","2507493","1570757","1447998","655351","True","9.718e-05","2.79e-06"
"hdbscan","scikit-learn-contrib/hdbscan","6647917","3184018","5272334","6125964","7492708","11164563","True","9.718e-05","1.216e-05"
"pefile","erocarrera/pefile","14789864","5191215","7043457","9751612","21489566","30473470","True","9.718e-05","2.706e-05"
"backports-asyncio-runner","","8176080","0","0","602","1906","40877893","True","9.718e-05","1.496e-05"
"kgb","","9077560","26482","34064","33873","2726113","42567266","True","9.718e-05","1.661e-05"
"fhir-resources","","2191852","204800","443964","692119","2575844","7042531","True","9.718e-05","4.01e-06"
"mypy-boto3-ebs","","1994728","46835","81746","357587","2491444","6996030","True","9.718e-05","3.65e-06"
"jupyterlab-server","jupyterlab/jupyterlab_server","157032771","16371181","25840143","93795287","267523693","381633551","True","9.718e-05","0.00028726"
"dask-ml","dask/dask-ml","1625491","642487","888568","2363831","2736845","1495726","True","9.718e-05","2.97e-06"
"airflow-clickhouse-plugin","","2129363","60636","1613246","2511722","1838544","4622666","True","9.718e-05","3.9e-06"
"pythonping","alessandromaggio/pythonping","3256066","784398","2195251","3679379","4648535","4972766","True","9.718e-05","5.96e-06"
"libtpu","","1117017","0","0","256","374","5584453","True","9.718e-05","2.04e-06"
"kaggle","kaggle/kaggle-cli","2962429","2711132","1606432","2070657","2672732","5751193","True","9.718e-05","5.42e-06"
"flash-attn","dao-ailab/flash-attention","2964559","0","2022","682668","5410272","8727835","True","9.718e-05","5.42e-06"
"hf-transfer","","6224183","0","492","296223","4192871","26631329","True","9.718e-05","1.139e-05"
"django-bootstrap3","zostera/django-bootstrap3","1432229","1101375","1121862","1132982","1512936","2291989","True","9.718e-05","2.62e-06"
"pymongo-auth-aws","mongodb/pymongo-auth-aws","5936886","46108","500191","2381052","10257713","16499367","True","9.718e-05","1.086e-05"
"mercurial","","1084814","765777","840288","979691","834398","2003915","True","9.718e-05","1.98e-06"
"livekit-agents","","2044116","0","0","1971","439556","9779054","True","9.718e-05","3.74e-06"
"textract","deanmalmgren/textract","1939276","677460","1290458","1652147","3086515","2989799","True","9.718e-05","3.55e-06"
"torch-audiomentations","","2738279","12727","73781","822675","4260558","8521656","True","9.718e-05","5.01e-06"
"colorhash","dimostenis/color-hash-python","1642767","945227","1340452","1676877","1724774","2526505","True","9.718e-05","3.01e-06"
"spacy-transformers","","2232530","662485","1305682","3076593","3191476","2926414","True","9.718e-05","4.08e-06"
"anybadge","jongracecox/anybadge","6079366","2099874","3108971","3947395","7297898","13942694","True","9.718e-05","1.112e-05"
"clarabel","","6975682","0","5038","1236520","12905991","20730862","True","9.718e-05","1.276e-05"
"pyobjc-framework-cloudkit","","1956823","448257","985021","2519609","3004305","2826922","True","9.718e-05","3.58e-06"
"sfx-jaeger-client","jaegertracing/jaeger-client-python","2155923","5263933","4416786","990458","56522","51915","True","9.718e-05","3.94e-06"
"nvidia-cusparse-cu11","","13363968","129","6594","28702394","21618432","16492292","True","9.718e-05","2.445e-05"
"polyline","frederickjansen/polyline","7268376","9167750","2202522","5364325","7925250","11682034","True","9.718e-05","1.33e-05"
"dbt-redshift","dbt-labs/dbt-adapters","13861791","5238445","10312020","13139624","14801427","25817439","True","9.718e-05","2.536e-05"
"soda-core-spark-df","","7770622","0","338707","4993661","12128828","21391912","True","9.718e-05","1.421e-05"
"ocspresponder","","5705639","5009610","2844089","3548255","7666586","9459654","True","9.718e-05","1.044e-05"
"lbprodrun","","2495068","24549","144246","156436","36699","12113411","True","9.718e-05","4.56e-06"
"weaviate-client","weaviate/weaviate-python-client","98109048","60005","169881","4097850","45270416","440947086","True","9.718e-05","0.00017947"
"ghapi","","11479906","1194918","4374180","4461827","15391373","31977232","True","9.718e-05","2.1e-05"
"deepgram-sdk","","2020360","2265","53263","327197","1879443","7839631","True","9.718e-05","3.7e-06"
"aws-error-utils","benkehoe/aws-error-utils","2295772","92276","708279","2213624","3561363","4903320","True","9.718e-05","4.2e-06"
"mando","","8536433","3772506","4320318","4914379","9123434","20551528","True","9.718e-05","1.562e-05"
"quart","pallets/quart","8195328","7890242","2949437","3416198","9383370","17337395","True","9.718e-05","1.499e-05"
"mediapipe","","9365963","762852","1475024","9155473","13608821","21827646","True","9.718e-05","1.713e-05"
"apache-airflow-providers-common-io","","24590911","0","0","9689","55616548","67328318","True","9.718e-05","4.498e-05"
"asyncache","","5147353","476754","839110","4517808","9888587","10014505","True","9.718e-05","9.42e-06"
"spacy-loggers","explosion/spacy-loggers","61654240","4573914","20816570","40837670","93286550","148756498","True","9.718e-05","0.00011278"
"trie","","1288737","204323","567116","659075","2236353","2776817","True","9.718e-05","2.36e-06"
"djangorestframework-api-key","florimondmanca/djangorestframework-api-key","3994144","898460","1993416","2588551","4547923","9942371","True","9.718e-05","7.31e-06"
"opentelemetry-instrumentation-httpx","","17187824","47699","562065","1883633","12978120","70467602","True","9.718e-05","3.144e-05"
"semantic-link-functions-geopandas","","1034607","0","0","39028","741967","4392041","True","9.718e-05","1.89e-06"
"pyobjc-framework-pubsub","ronaldoussoren/pyobjc","1291585","70775","494551","2153431","3646362","92806","True","9.718e-05","2.36e-06"
"pip-licenses","raimon49/pip-licenses","5480535","1550978","2400695","4658037","6789655","12003310","True","9.718e-05","1.003e-05"
"naked","chrissimpkins/naked","9888906","5263644","11321107","10959039","10919868","10980872","True","9.718e-05","1.809e-05"
"wirerope","youknowone/wirerope","33142549","921751","855997","960454","61570492","101404049","True","9.718e-05","6.063e-05"
"tensorflow-model-analysis","tensorflow/model-analysis","23631429","95269146","16936280","3571105","1375534","1005081","True","9.718e-05","4.323e-05"
"tm1py","cubewise-code/tm1py","2629329","197147","1825223","3514477","3215364","4394433","True","9.718e-05","4.81e-06"
"face-recognition","","1169509","608264","574799","717317","1705405","2241759","True","9.718e-05","2.14e-06"
"types-aiobotocore-lambda","","3375687","0","71408","3428282","4194393","9184350","True","9.718e-05","6.18e-06"
"python-designateclient","","1006367","939451","807539","718280","997583","1568984","True","9.718e-05","1.84e-06"
"google-cloud-language","","113012496","11639950","51992883","23881655","108688370","368859623","True","9.718e-05","0.00020673"
"pydynamodb","","1350286","0","1961","61374","655148","6032948","True","9.718e-05","2.47e-06"
"lmfit","","4337170","1221436","1417976","2057427","7173751","9815259","True","9.718e-05","7.93e-06"
"cookiecutter","cookiecutter/cookiecutter","35565934","12582682","22139599","30438705","47401197","65267487","True","9.718e-05","6.506e-05"
"aws-cdk-region-info","","4366332","3254690","5390935","5897958","3892120","3395959","True","9.718e-05","7.99e-06"
"apache-airflow-providers-databricks","","68846264","1911516","10021368","22087494","104609141","205601803","True","9.718e-05","0.00012594"
"joblibspark","joblib/joblib-spark","2008836","1307343","2668355","1739037","1781946","2547500","True","9.718e-05","3.67e-06"
"django-colorfield","fabiocaccamo/django-colorfield","3391100","1224294","1798420","3027865","4457724","6447197","True","9.718e-05","6.2e-06"
"x-wr-timezone","","2290592","0","551509","719875","2134843","8046734","True","9.718e-05","4.19e-06"
"geohash2","dbarthe/geohash","3074350","1527769","1542994","1814574","2800761","7685652","True","9.718e-05","5.62e-06"
"django-localflavor","django/django-localflavor","4119520","2880443","2759540","3471650","4707915","6778051","True","9.718e-05","7.54e-06"
"sagemaker-feature-store-pyspark-3-1","","1797300","0","573","1200483","1844776","5940670","True","9.718e-05","3.29e-06"
"pydevicetree","sifive/pydevicetree","1649700","462278","2872892","1036199","1024042","2853088","True","9.718e-05","3.02e-06"
"django-lifecycle","","1011521","328312","631894","897577","1670545","1529277","True","9.718e-05","1.85e-06"
"mypy-boto3-qconnect","","1668068","0","0","69715","2174259","6096366","True","9.718e-05","3.05e-06"
"airportsdata","","4787621","37732","589469","891856","1209207","21209843","True","9.718e-05","8.76e-06"
"parsley","","4052324","1553750","1984854","3063643","5617921","8041451","True","9.718e-05","7.41e-06"
"pytest-postgresql","dbfixtures/pytest-postgresql","6936125","747735","1183054","2958235","7435919","22355680","True","9.718e-05","1.269e-05"
"plotext","","1100612","27251","101725","375031","773882","4225170","True","9.718e-05","2.01e-06"
"aws-cdk-aws-s3-notifications","","1397912","1285597","1723887","1826532","1646546","506997","True","9.718e-05","2.56e-06"
"pyramid-mako","pylons/pyramid_mako","20191190","10119238","14294147","29088032","24802481","22652052","True","9.718e-05","3.694e-05"
"google-cloud-videointelligence","","111937506","15944769","50860995","23963995","108262643","360655128","True","9.718e-05","0.00020477"
"scenedetect","breakthrough/pyscenedetect","4517938","143632","175125","569555","6490098","15211282","True","9.718e-05","8.26e-06"
"boost-histogram","scikit-hep/boost-histogram","2426686","131866","337977","1034262","3124130","7505195","True","9.718e-05","4.44e-06"
"google-cloud-iam","","7831644","1002965","2640868","4270769","6643844","24599773","True","9.718e-05","1.433e-05"
"mypy-boto3-ram","youtype/mypy_boto3_builder","1861949","49887","94985","339690","2396136","6429047","True","9.718e-05","3.41e-06"
"zipfile38","lorencarvalho/zipfile38","11378557","3996470","6861676","8602080","9309804","28122757","True","9.718e-05","2.081e-05"
"jupyter-cache","executablebooks/jupyter-cache","3304112","294543","1370927","2168090","4744012","7942990","True","9.718e-05","6.04e-06"
"tdda","tdda/tdda","1911604","71553","1093237","2613803","3444146","2335282","True","9.718e-05","3.5e-06"
"coffea","","1554598","345760","230347","727834","1972780","4496269","True","9.718e-05","2.84e-06"
"mypy-boto3-bedrock-runtime","","3852896","0","0","204268","3297690","15762522","True","9.718e-05","7.05e-06"
"whitenoise","evansd/whitenoise","29490830","12473768","15264930","22402463","36169581","61143406","True","9.718e-05","5.395e-05"
"twofish","keybase/python-twofish","2323706","2589716","1769400","1344062","1985548","3929802","True","9.718e-05","4.25e-06"
"googlemaps","","15726189","8483868","16859844","16411046","14433342","22442844","True","9.718e-05","2.877e-05"
"bitsandbytes","bitsandbytes-foundation/bitsandbytes","16810520","0","422341","9626524","23493062","50510671","True","9.718e-05","3.075e-05"
"pyftpdlib","giampaolo/pyftpdlib","3023258","1037370","3349241","2821436","4162150","3746091","True","9.718e-05","5.53e-06"
"apache-airflow-providers-apache-beam","","2055358","107045","367446","1411095","2332604","6058599","True","9.718e-05","3.76e-06"
"mypy-boto3-sts","","27210661","519412","2781619","8694608","24535090","99522578","True","9.718e-05","4.978e-05"
"pyformance","","9726573","5677818","11306825","11992392","17754613","1901215","True","9.718e-05","1.779e-05"
"dagster-cloud","","6227395","148701","4589833","4279301","6123879","15995259","True","9.718e-05","1.139e-05"
"dagster-pipes","","9199140","0","0","1488568","12539509","31967624","True","9.718e-05","1.683e-05"
"django-recaptcha","django-recaptcha/django-recaptcha","2226127","961530","1228239","1850292","2944224","4146352","True","9.718e-05","4.07e-06"
"pyatlan","","1127185","0","0","13491","1332697","4289738","True","9.718e-05","2.06e-06"
"mozprocess","","5581504","14318263","6658478","2129692","2381681","2419407","True","9.718e-05","1.021e-05"
"extruct","scrapinghub/extruct","2786312","699420","732550","1543562","4693700","6262326","True","9.718e-05","5.1e-06"
"django-colorful","charettes/django-colorful","1140609","342768","680571","2182900","1679738","817070","True","9.718e-05","2.09e-06"
"shandy-sqlfmt","tconbeer/sqlfmt","3444062","527","339531","2164056","5403330","9312865","True","9.718e-05","6.3e-06"
"embedding-reader","rom1504/embedding-reader","3517222","0","82359","710203","5085579","11707969","True","9.718e-05","6.43e-06"
"mypy-boto3-lookoutmetrics","","1553288","16609","40202","240571","2213530","5255526","True","9.718e-05","2.84e-06"
"hydra-colorlog","facebookresearch/hydra","1933793","83136","402613","1067324","3796848","4319045","True","9.718e-05","3.54e-06"
"pyobjc-framework-findersync","","2340499","455807","1020877","2844780","4549854","2831176","True","9.718e-05","4.28e-06"
"branca","","14605377","6303767","10733389","9672972","16129483","30187276","True","9.718e-05","2.672e-05"
"pinecone-plugin-inference","","3000521","0","0","0","5246108","9756496","True","9.718e-05","5.49e-06"
"pydoop","","1395606","296449","735741","2378554","1681444","1885843","True","9.718e-05","2.55e-06"
"django-celery-results","celery/django-celery-results","13063145","5320493","6593031","9403971","15792498","28205730","True","9.718e-05","2.39e-05"
"urlextract","","10004930","15734753","23670506","1594839","3054138","5970412","True","9.718e-05","1.83e-05"
"promptflow-devkit","microsoft/promptflow","1462578","0","0","0","1706224","5606668","True","9.718e-05","2.68e-06"
"uplink","prkumar/uplink","4126394","3459082","3415039","4629376","7390053","1738422","True","9.718e-05","7.55e-06"
"aws-logging-handlers","omrikiei/aws_logging_handlers","3479965","1674464","2818413","5130886","4383788","3392275","True","9.718e-05","6.37e-06"
"freetype-py","rougier/freetype-py","6483611","696474","2718345","3156468","6416565","19430204","True","9.718e-05","1.186e-05"
"azure-mgmt-iothub","","48992795","17404454","29568424","45210100","83975917","68805082","True","9.718e-05","8.962e-05"
"pyserde","yukinarit/pyserde","2241374","80410","158434","1348671","3399072","6220282","True","9.718e-05","4.1e-06"
"ypy-websocket","y-crdt/ypy-websocket","8036994","0","282926","14541586","10378444","14982016","True","9.718e-05","1.47e-05"
"pyreadline3","","20361061","368761","2408899","11775930","18633229","68618487","True","9.718e-05","3.725e-05"
"torchbiggraph","facebookresearch/pytorch-biggraph","2599254","10248","2422823","3400474","5312459","1850265","True","9.718e-05","4.75e-06"
"portion","","1854061","172913","345641","863846","2558161","5329742","True","9.718e-05","3.39e-06"
"arize-phoenix","","3771243","0","0","59382","2110299","16686536","True","9.718e-05","6.9e-06"
"solana","","1876397","50707","733397","557717","1783732","6256434","True","9.718e-05","3.43e-06"
"levenshtein","rapidfuzz/levenshtein","62482772","1371564","15895649","43958317","92687259","158501071","True","9.718e-05","0.0001143"
"mdxpy","cubewise-code/mdxpy","2616689","187098","1815450","3505349","3196540","4379007","True","9.718e-05","4.79e-06"
"wexpect","raczben/wexpect","1117515","97237","221461","4951373","161113","156389","True","9.718e-05","2.04e-06"
"neptune-client","neptune-ai/neptune-client","6096719","4919566","6294533","6852625","6201459","6215413","True","9.718e-05","1.115e-05"
"pdqhash","faustomorales/pdqhash-python","3073676","10694184","59422","118466","1594194","2902113","True","9.718e-05","5.62e-06"
"azure-core-tracing-opentelemetry","","16452682","5718","18559","936511","17740614","63562009","True","9.718e-05","3.01e-05"
"docling","","2311434","0","0","0","368368","11188804","True","9.718e-05","4.23e-06"
"alibabacloud-tea","","5831248","65381","157165","666803","2652534","25614356","True","9.718e-05","1.067e-05"
"pygls","","2810777","161165","404595","1345386","4025897","8116840","True","9.718e-05","5.14e-06"
"libtmux","","3267957","292149","390559","784333","1650745","13222000","True","9.718e-05","5.98e-06"
"scrubadub","","1174056","145444","314856","741957","2432322","2235702","True","9.718e-05","2.15e-06"
"youtube-search","joetats/youtube_search","2157556","1104195","7019757","957309","838634","867887","True","9.718e-05","3.95e-06"
"certvalidator","wbond/certvalidator","2312049","447681","569565","1189937","2612057","6741007","True","9.718e-05","4.23e-06"
"mypy-boto3-codebuild","","2199428","49804","102942","331811","2487775","8024809","True","9.718e-05","4.02e-06"
"timeloop","sankalpjonn/timeloop","1734708","1371709","3105856","2463126","1009808","723041","True","9.718e-05","3.17e-06"
"aiorwlock","aio-libs/aiorwlock","8581973","59138","2096672","6557894","10087119","24109043","True","9.718e-05","1.57e-05"
"pytokens","","26608163","0","0","0","3144","133037673","True","9.718e-05","4.867e-05"
"hijri-converter","","33437526","18293680","44801728","39755865","33560984","30775374","True","9.718e-05","6.117e-05"
"dbnd-spark","databand-ai/dbnd","1162711","694216","1225940","761639","1908091","1223667","True","9.718e-05","2.13e-06"
"jupyter-lsp","jupyter-lsp/jupyterlab-lsp","108724524","124176","300033","56458969","189760855","296978586","True","9.718e-05","0.00019889"
"vt-py","","1309053","1223723","549935","980579","1615947","2175079","True","9.718e-05","2.39e-06"
"nuitka","","1316286","264756","515415","881628","1351523","3568107","True","9.718e-05","2.41e-06"
"usaddress","datamade/usaddress","12530880","6525022","10482885","8660800","10795106","26190586","True","9.718e-05","2.292e-05"
"pyeapi","","1025927","633153","664608","801888","1563238","1466748","True","9.718e-05","1.88e-06"
"tinybird-cli","","1669694","157674","584095","2415368","3326479","1864856","True","9.718e-05","3.05e-06"
"aws-cdk-aws-secretsmanager","","3217196","2525752","4605232","3638413","3074307","2242275","True","9.718e-05","5.89e-06"
"requests-gssapi","","1545712","410239","757853","1018310","2013533","3528626","True","9.718e-05","2.83e-06"
"ddsketch","datadog/sketches-py","40252046","29737","8780070","37069176","75574181","79807068","True","9.718e-05","7.363e-05"
"alarmageddon","","1601839","944","2590224","4314313","912222","191494","True","9.718e-05","2.93e-06"
"fernet","oz123/python-fernet","2834467","519431","3013086","4215252","3591059","2833505","True","9.718e-05","5.19e-06"
"policyuniverse","netflix-skunkworks/policyuniverse","5386060","1257826","4553713","7686739","5704798","7727225","True","9.718e-05","9.85e-06"
"mypy-boto3-memorydb","","1693814","5748","24379","233032","2200747","6005163","True","9.718e-05","3.1e-06"
"pyston-autoload","pyston/pyston","3611544","0","662975","4087169","8001251","5306323","True","9.718e-05","6.61e-06"
"robotframework-seleniumtestability","marketsquare/robotframework-seleniumtestability","3135191","277083","978549","1265880","6539386","6615055","True","9.718e-05","5.74e-06"
"watchdog-gevent","","2373568","282411","565405","1067895","2049218","7902911","True","9.718e-05","4.34e-06"
"fastcluster","","2860054","2062914","3369367","1109034","4867052","2891903","True","9.718e-05","5.23e-06"
"pyzipper","danifus/pyzipper","14864853","1889332","3263823","6174538","16191646","46804924","True","9.718e-05","2.719e-05"
"econml","py-why/econml","1846144","381246","1293976","1449504","2102112","4003882","True","9.718e-05","3.38e-06"
"types-psycopg2","python/typeshed","11401005","50414","1154798","4332783","13370071","38096961","True","9.718e-05","2.086e-05"
"anyscale","","2586405","342013","1524342","1477928","3330018","6257722","True","9.718e-05","4.73e-06"
"python-ulid","mdomke/python-ulid","8887544","226675","476766","2509914","8620082","32604283","True","9.718e-05","1.626e-05"
"stanio","stan-dev/stanio","17033014","0","0","4228676","23732830","57203566","True","9.718e-05","3.116e-05"
"copier","copier-org/copier","2733467","40257","169228","1081315","4044043","8332493","True","9.718e-05","5e-06"
"django-postgres-extra","","1293611","403842","829877","918379","1477989","2837968","True","9.718e-05","2.37e-06"
"poetry-plugin-pypi-mirror","","4795217","0","1013","12741","4085463","19876866","True","9.718e-05","8.77e-06"
"teradatasql","","29626256","2183983","6562576","12851170","45041608","81491941","True","9.718e-05","5.42e-05"
"transform-tools","","2554270","25736","1417295","11204359","63885","60075","True","9.718e-05","4.67e-06"
"keras-tuner","keras-team/keras-tuner","6849368","9404065","7216608","3844437","3325822","10455909","True","9.718e-05","1.253e-05"
"django-silk","jazzband/django-silk","7666072","2752749","2846239","5214572","9535378","17981420","True","9.718e-05","1.402e-05"
"mypy-boto3-cloudhsm","","1738763","47299","66542","259860","2278566","6041547","True","9.718e-05","3.18e-06"
"stream-unzip","","1228560","13855","225851","296876","1339457","4266763","True","9.718e-05","2.25e-06"
"oss2","","66749920","2397975","4426254","6537099","18811520","301576753","True","9.718e-05","0.00012211"
"types-pyasn1","","4031967","0","0","1516976","4809741","13833117","True","9.718e-05","7.38e-06"
"simple-salesforce","simple-salesforce/simple-salesforce","109897294","36457645","52091350","76653096","140722351","243562029","True","9.718e-05","0.00020104"
"openapi-pydantic","","11826469","0","0","55643","1485489","57591212","True","9.718e-05","2.163e-05"
"hatchling","pypa/hatch","247738258","8842","3814318","38020720","254656456","942190954","True","9.718e-05","0.00045319"
"prettyprinter","tommikaikkonen/prettyprinter","2208343","587303","986020","1439554","3577396","4451440","True","9.718e-05","4.04e-06"
"azure-synapse-accesscontrol","","29079820","3452725","11923033","26258071","55698706","48066567","True","9.718e-05","5.32e-05"
"convertdate","","47018050","27591496","54570849","52739990","50047733","50140181","True","9.718e-05","8.601e-05"
"aws-cdk-aws-ec2","","4175309","3300835","5303142","5398851","3695353","3178365","True","9.718e-05","7.64e-06"
"rake-nltk","csurfer/rake-nltk","2736775","2193112","2964307","2295320","3127655","3103482","True","9.718e-05","5.01e-06"
"sqlakeyset","","2481514","486552","354148","1019228","2354070","8193572","True","9.718e-05","4.54e-06"
"pulumi-kubernetes","","1162781","164209","385296","671488","1460104","3132808","True","9.718e-05","2.13e-06"
"autoray","jcmgray/autoray","1956410","168861","555785","1173635","3170545","4713223","True","9.718e-05","3.58e-06"
"pfzy","kazhala/pfzy","5134642","8633","181389","1598276","6522623","17362290","True","9.718e-05","9.39e-06"
"segmentation-models-pytorch","","1734334","355647","701923","1136311","2059630","4418161","True","9.718e-05","3.17e-06"
"python-snappy","intake/python-snappy","31961576","18434066","24087612","22247283","28331522","66707395","True","9.718e-05","5.847e-05"
"dynamodb-encryption-sdk","","1052085","969344","869681","903988","1285828","1231584","True","9.718e-05","1.92e-06"
"django-reversion","etianen/django-reversion","5039987","2741070","2726216","3662453","5668094","10402103","True","9.718e-05","9.22e-06"
"rouge","pltrdy/rouge","2720055","180557","290338","1848971","4598488","6681921","True","9.718e-05","4.98e-06"
"rules","dfunckt/django-rules","1914955","998135","1079445","1265046","2366466","3865685","True","9.718e-05","3.5e-06"
"pymc3","pymc-devs/pymc","4642763","3391816","4259186","4847479","6841505","3873827","True","9.718e-05","8.49e-06"
"pydantic-xml","","2586437","0","3708","318171","1759460","10850844","True","9.718e-05","4.73e-06"
"airbyte-cdk","airbytehq/airbyte-python-cdk","6205928","169512","488656","1439001","3185817","25746655","True","9.718e-05","1.135e-05"
"kaitaistruct","kaitai-io/kaitai_struct_python_runtime","12791114","2620201","5094351","7802859","11382035","37056124","True","9.718e-05","2.34e-05"
"h3-pyspark","","1921370","10411","352694","1011766","2238881","5993096","True","9.718e-05","3.51e-06"
"python-i18n","","1386805","529422","753888","1437872","1725180","2487664","True","9.718e-05","2.54e-06"
"websocket","","2931057","2471029","3374412","2516850","2652800","3640192","True","9.718e-05","5.36e-06"
"pynamodb","pynamodb/pynamodb","23469171","8555402","16144012","20174730","29841190","42630520","True","9.718e-05","4.293e-05"
"google-cloud-artifact-registry","","5054525","12867","136202","1446960","7961650","15714948","True","9.718e-05","9.25e-06"
"aws-cdk-aws-batch","","1378204","1568043","1210489","1242424","1361750","1508314","True","9.718e-05","2.52e-06"
"robocorp-tasks","robocorp/robocorp","1310155","0","0","159361","2287426","4103987","True","9.718e-05","2.4e-06"
"gymnasium","farama-foundation/gymnasium","9370492","52","63116","3459127","8632625","34697539","True","9.718e-05","1.714e-05"
"rpmfile","","1213498","174491","341707","392607","1699396","3459288","True","9.718e-05","2.22e-06"
"clamd","","1304823","486216","959927","971569","1531838","2574567","True","9.718e-05","2.39e-06"
"zizmor","","1129672","0","0","0","22504","5625858","True","9.718e-05","2.07e-06"
"djangorestframework-stubs","typeddjango/djangorestframework-stubs","8436254","1717393","3200526","6679266","11254956","19329127","True","9.718e-05","1.543e-05"
"types-aioboto3","","2668218","0","22791","346428","2141043","10830827","True","9.718e-05","4.88e-06"
"jupyter-highlight-selected-word","","4570909","2721355","3836621","4538631","6044558","5713381","True","9.718e-05","8.36e-06"
"django-elasticsearch-dsl","","2379091","1378385","1424377","2140091","3038517","3914085","True","9.718e-05","4.35e-06"
"click-help-colors","click-contrib/click-help-colors","9423687","3249530","4418926","6432289","16706233","16311455","True","9.718e-05","1.724e-05"
"mlflow-watsonml","ibm/mlflow-watsonml","1086340","0","70","1005266","4059749","366616","True","9.718e-05","1.99e-06"
"conjure-python-client","palantir/conjure-python-client","1723106","519931","3965100","1864462","895849","1370189","True","9.718e-05","3.15e-06"
"markdown-graphviz-inline","","1262263","0","0","0","0","6311317","True","9.718e-05","2.31e-06"
"tensorflow-io","tensorflow/io","13866862","1813063","4578489","26339664","26688378","9914715","True","9.718e-05","2.537e-05"
"pynut3","mausy5043/python-nut3","1917126","0","1122","6775967","2520849","287693","True","9.718e-05","3.51e-06"
"django-fernet-fields-v2","","1100213","0","0","318921","781535","4400610","True","9.718e-05","2.01e-06"
"nvidia-ml-py3","","6195936","8903597","9844144","3996755","4116798","4118388","True","9.718e-05","1.133e-05"
"python-calamine","","4771441","1083","3573","78421","2442882","21331246","True","9.718e-05","8.73e-06"
"ibm-watsonx-ai","","1732582","0","0","456","1194613","7467842","True","9.718e-05","3.17e-06"
"recurly","","1059971","497659","889605","876708","959442","2076441","True","9.718e-05","1.94e-06"
"mpire","","2305210","72387","949979","369939","986016","9147730","True","9.718e-05","4.22e-06"
"simple-pid","","1374556","121661","273484","381726","590985","5504925","True","9.718e-05","2.51e-06"
"azure-mgmt-datalake-store","","60038984","23313447","36347537","49972656","85205179","105356100","True","9.718e-05","0.00010983"
"red-discordbot","","2940999","319270","263932","207906","2555475","11358412","True","9.718e-05","5.38e-06"
"apache-airflow-providers-sqlite","","52018885","6787563","17500078","27632598","70711626","137462558","True","9.718e-05","9.516e-05"
"flask-bootstrap","","3206737","1650417","1850541","7846668","1969367","2716691","True","9.718e-05","5.87e-06"
"django-split-settings","","1390561","651319","809834","1126188","1883482","2481982","True","9.718e-05","2.54e-06"
"cssbeautifier","","5713513","154580","465085","2271544","4522923","21153432","True","9.718e-05","1.045e-05"
"comfyui-embedded-docs","","1962060","0","0","0","0","9810298","True","9.718e-05","3.59e-06"
"ibmcloudant","","18754574","18901","91906","243415","2679385","90739263","True","9.718e-05","3.431e-05"
"mapbox-earcut","skogler/mapbox_earcut_python","3684864","157716","214273","610147","5969561","11472625","True","9.718e-05","6.74e-06"
"tach","","1832363","0","0","0","1081108","8080708","True","9.718e-05","3.35e-06"
"drf-spectacular","tfranzel/drf-spectacular","20757063","2030145","6485859","13351350","27136166","54781797","True","9.718e-05","3.797e-05"
"mypy-boto3-internetmonitor","","1673887","0","0","214513","2180203","5974717","True","9.718e-05","3.06e-06"
"ariadne-codegen","","2042233","0","0","54744","828958","9327463","True","9.718e-05","3.74e-06"
"npe2","","1059969","291","2000323","401239","1788122","1109870","True","9.718e-05","1.94e-06"
"kedro-telemetry","","1445066","45428","376659","564065","1780484","4458695","True","9.718e-05","2.64e-06"
"python-documentcloud","","1046339","2016","438921","535089","1792087","2463583","True","9.718e-05","1.91e-06"
"immutabledict","corenting/immutabledict","36030016","1084110","4680581","8897055","43305241","122183092","True","9.718e-05","6.591e-05"
"sgp4","brandon-rhodes/python-sgp4","3537044","2186839","1833475","2328590","6075345","5260971","True","9.718e-05","6.47e-06"
"hologram","","25205575","5915393","21018424","34332334","30053488","34708237","True","9.718e-05","4.611e-05"
"typeapi","","1088097","0","25415","509028","1855952","3050089","True","9.718e-05","1.99e-06"
"genson","wolverdude/genson","25948669","6443533","7157730","12321769","19926365","83893947","True","9.718e-05","4.747e-05"
"pymssql","pymssql/pymssql","127766886","26179174","44857746","87231841","162220451","318345218","True","9.718e-05","0.00023372"
"aws-cdk-assets","","3364417","2906208","4346605","4028207","2906579","2634484","True","9.718e-05","6.15e-06"
"nflx-genie-client","","1198546","1425729","1552271","1276526","856601","881602","True","9.718e-05","2.19e-06"
"resize-right","assafshocher/resizeright","6148678","0","2205790","13749149","8270640","6517812","True","9.718e-05","1.125e-05"
"nacos-sdk-python","","2018053","30243","55563","1158852","2836826","6008779","True","9.718e-05","3.69e-06"
"java-manifest","elihunter173/java-manifest-py","2532620","2685","108610","423297","6794333","5334175","True","9.718e-05","4.63e-06"
"reportportal-client","reportportal/client-python","3776308","1289429","3001743","3165217","4295268","7129885","True","9.718e-05","6.91e-06"
"affinegap","","1486520","1251541","2796770","1412963","1197990","773335","True","9.718e-05","2.72e-06"
"pydivert","","2367492","302547","283368","472868","1121202","9657477","True","9.718e-05","4.33e-06"
"plaster-pastedeploy","pylons/plaster_pastedeploy","23146938","11886803","16262329","32051207","29404637","26129712","True","9.718e-05","4.234e-05"
"graphql-relay","graphql-python/graphql-relay-py","76840081","12870341","16734116","20364260","100324375","233907313","True","9.718e-05","0.00014056"
"josepy","certbot/josepy","7268117","3810811","4588542","5831758","8087456","14022018","True","9.718e-05","1.33e-05"
"litestar-htmx","","1516130","0","0","0","217667","7362985","True","9.718e-05","2.77e-06"
"liccheck","","1946338","482890","741689","1032927","2013574","5460612","True","9.718e-05","3.56e-06"
"unstructured-pytesseract","","1851225","0","0","480426","3320084","5455614","True","9.718e-05","3.39e-06"
"cxxfilt","afq984/python-cxxfilt","3767227","1078180","3675042","3020240","3947006","7115665","True","9.718e-05","6.89e-06"
"cloudant","cloudant/python-cloudant","2707606","645781","1117177","1330545","7458292","2986236","True","9.718e-05","4.95e-06"
"mailchecker","fgribreau/mailchecker","3912263","1991745","5788342","6028712","3139777","2612739","True","9.718e-05","7.16e-06"
"flake8-junit-report-basic","","1183882","0","177","7858","77629","5833744","True","9.718e-05","2.17e-06"
"qudida","arsenyinfo/qudida","4842950","312913","2441226","6435942","8921174","6103497","True","9.718e-05","8.86e-06"
"blackduck","blackducksoftware/hub-rest-api-python","4696473","4913750","2761950","5734939","5809163","4262564","True","9.718e-05","8.59e-06"
"zake","yahoo/zake","2107192","437401","304861","1369665","3389804","5034231","True","9.718e-05","3.85e-06"
"rtoml","samuelcolvin/rtoml","1666119","27305","224156","699677","3932393","3447063","True","9.718e-05","3.05e-06"
"typos","","1223729","0","0","316958","1716702","4084985","True","9.718e-05","2.24e-06"
"aiven-client","","1383267","21533","41124","340697","2817019","3695962","True","9.718e-05","2.53e-06"
"docling-parse","","2012674","0","0","0","264076","9799294","True","9.718e-05","3.68e-06"
"langchain-pinecone","","1903806","0","0","0","1974168","7544860","True","9.718e-05","3.48e-06"
"apache-airflow-providers-airbyte","","8966714","241489","1405154","2159298","5606089","35421538","True","9.718e-05","1.64e-05"
"urwid-readline","rr-/urwid_readline","2465495","150230","1110342","1652047","2749243","6665612","True","9.718e-05","4.51e-06"
"pyobjc-framework-imagecapturecore","","1977144","451174","992053","2529112","3028333","2885050","True","9.718e-05","3.62e-06"
"dulwich","","296317852","8415062","41480910","211159384","471170322","749363582","True","9.718e-05","0.00054206"
"ibm-cos-sdk","ibm/ibm-cos-sdk-python","3987630","1748038","1985391","2751106","4292545","9161071","True","9.718e-05","7.29e-06"
"llama-index-llms-azure-openai","","1708443","0","0","0","2140773","6401441","True","9.718e-05","3.13e-06"
"supabase-auth","supabase/supabase-py","3761549","0","0","151","9708","18797887","True","9.718e-05","6.88e-06"
"mkdocs-mermaid2-plugin","","2132715","313716","660260","1275400","2593151","5821048","True","9.718e-05","3.9e-06"
"plyfile","dranjan/python-plyfile","2970213","2140703","960469","1483027","3964797","6302068","True","9.718e-05","5.43e-06"
"confection","explosion/confection","55656467","0","5572826","37582373","89943507","145183629","True","9.718e-05","0.00010181"
"html-to-json","","1334916","11874","370190","1693388","1757175","2841955","True","9.718e-05","2.44e-06"
"svg-path","","3238189","399170","812084","571791","5199724","9208178","True","9.718e-05","5.92e-06"
"urllib3-future","","2406004","0","0","11375","832220","11186423","True","9.718e-05","4.4e-06"
"botbuilder-core","","1465841","247370","472375","545340","1287074","4777048","True","9.718e-05","2.68e-06"
"launchdarkly-server-sdk","launchdarkly/python-server-sdk","25689450","6006862","12819774","21492368","38859052","49269196","True","9.718e-05","4.699e-05"
"mypy-boto3-personalize-runtime","","1735944","45267","69050","263227","2272241","6029933","True","9.718e-05","3.18e-06"
"mypy-boto3-emr-containers","","1799373","30800","51395","314796","2422961","6176912","True","9.718e-05","3.29e-06"
"bazel-runfiles","","10021008","0","0","3947908","11956956","34200178","True","9.718e-05","1.833e-05"
"jsonnet","google/jsonnet","4136475","1444727","1614177","2692379","3014264","11916827","True","9.718e-05","7.57e-06"
"nats-py","","4003176","7870","901457","3835365","6665259","8605927","True","9.718e-05","7.32e-06"
"mypy-boto3-route53-recovery-readiness","","1688680","8153","27438","233951","2189508","5984352","True","9.718e-05","3.09e-06"
"fastapi-cloud-cli","","13756086","0","0","0","476","68779954","True","9.718e-05","2.516e-05"
"langchainplus-sdk","","1525555","0","0","2788162","2548064","2291547","True","9.718e-05","2.79e-06"
"timeago","hustcc/timeago","2217256","1058951","1842851","1589381","2778136","3816961","True","9.718e-05","4.06e-06"
"json2html","softvar/json2html","5366838","1928809","3842702","5963056","6391809","8707814","True","9.718e-05","9.82e-06"
"dash-core-components","plotly/dash","18301430","7300844","10997023","16809311","30205495","26194476","True","9.718e-05","3.348e-05"
"notion","","1330199","198666","223482","117915","144214","5966717","True","9.718e-05","2.43e-06"
"pyarmor-cli-core","","1103723","0","0","501760","1478082","3538772","True","9.718e-05","2.02e-06"
"clang-format","ssciwr/clang-format-wheel","8098045","168742","751591","3576697","12269282","23723914","True","9.718e-05","1.481e-05"
"tensordict","","1390908","0","2689","150083","750581","6051189","True","9.718e-05","2.54e-06"
"azure-keyvault-secrets","","153122498","32930232","81628760","106977869","185603353","358472278","True","9.718e-05","0.00028011"
"mr-proper","","1456432","327575","974778","1386052","1968540","2625214","True","9.718e-05","2.66e-06"
"types-aiobotocore-rds","","2919665","0","73136","3412552","3761836","7350800","True","9.718e-05","5.34e-06"
"pyudev","pyudev/pyudev","16630164","3417380","12805595","23741128","25501433","17685283","True","9.718e-05","3.042e-05"
"bump-my-version","","1351990","0","0","73814","1795374","4890763","True","9.718e-05","2.47e-06"
"zope-event","","115478503","52267104","70203926","87625969","140092840","227202674","True","9.718e-05","0.00021125"
"azure-appconfiguration","","42844121","5707355","18403056","39106570","73450933","77552691","True","9.718e-05","7.837e-05"
"legacy-cgi","","4945598","0","306","404","182261","24545020","True","9.718e-05","9.05e-06"
"virtualenv-clone","","41961116","45190963","63961795","58016558","21435802","21200460","True","9.718e-05","7.676e-05"
"iteration-utilities","mseifert04/iteration_utilities","1702077","414073","1175130","1848844","2168369","2903968","True","9.718e-05","3.11e-06"
"ruyaml","pycontribs/ruyaml","3179950","139507","1282033","1444200","4389172","8644839","True","9.718e-05","5.82e-06"
"opentelemetry-instrumentation-aiopg","","1747920","4916","175881","239286","2758440","5561075","True","9.718e-05","3.2e-06"
"apache-airflow-providers-fab","","43150041","0","0","119","60792352","154957734","True","9.718e-05","7.893e-05"
"svix","","1847339","10972","151001","393968","1537570","7143182","True","9.718e-05","3.38e-06"
"crcmod","","58614689","21884687","47619885","52696141","74088058","96784673","True","9.718e-05","0.00010722"
"c7n-org","cloud-custodian/cloud-custodian","10209014","2627679","10126941","10601926","12491641","15196882","True","9.718e-05","1.868e-05"
"mypy-boto3-omics","","1697016","0","467","225692","2224121","6034798","True","9.718e-05","3.1e-06"
"pytest-messenger","pytest-dev/pytest-messenger","10008518","7619","163067","1198838","28756864","19916203","True","9.718e-05","1.831e-05"
"proxy-protocol","icgood/proxy-protocol","4458080","21602","2155824","3106539","7523609","9482828","True","9.718e-05","8.16e-06"
"python-anticaptcha","ad-m/python-anticaptcha","1089187","4020386","242019","769321","224560","189647","True","9.718e-05","1.99e-06"
"time-machine","adamchainz/time-machine","74954871","516122","1636986","8398934","149787922","214434390","True","9.718e-05","0.00013712"
"cyksuid","timonwong/cyksuid","1888242","48957","782063","3520768","4666346","423075","True","9.718e-05","3.45e-06"
"requests-ntlm","requests/requests-ntlm","47988736","13620859","25157074","33179328","58787668","109198752","True","9.718e-05","8.779e-05"
"presto-python-client","prestodb/presto-python-client","17333453","9213717","12185418","12541511","13975302","38751317","True","9.718e-05","3.171e-05"
"types-passlib","","2090982","0","51256","467565","2087101","7848989","True","9.718e-05","3.83e-06"
"azure-mgmt-subscription","","20379966","11556891","18772754","20795116","23009408","27765662","True","9.718e-05","3.728e-05"
"subprocess-tee","pycontribs/subprocess-tee","12857631","1928908","4634807","6485242","19728560","31510639","True","9.718e-05","2.352e-05"
"mypy-boto3-polly","","1858461","45727","75385","263837","2328966","6578388","True","9.718e-05","3.4e-06"
"traittypes","","4616088","1294478","2599603","3264647","5977976","9943737","True","9.718e-05","8.44e-06"
"mypy-boto3-eks-auth","","1643971","0","0","70737","2175821","5973299","True","9.718e-05","3.01e-06"
"ale-py","","1536310","1111312","742724","934650","1370505","3522360","True","9.718e-05","2.81e-06"
"sarif-om","microsoft/sarif-python-om","21014234","2775769","26863149","26840061","27745516","20846677","True","9.718e-05","3.844e-05"
"verboselogs","","8251779","2868786","5623481","8134188","14661738","9970704","True","9.718e-05","1.51e-05"
"jsonpath-rw-ext","sileht/python-jsonpath-rw-ext","5832764","2425493","5782452","6925609","5883439","8146829","True","9.718e-05","1.067e-05"
"dockerfile-parse","containerbuildsystem/dockerfile-parse","14038996","1902783","4456717","8594870","14998598","40242014","True","9.718e-05","2.568e-05"
"testresources","","2638986","1784293","2249226","2154022","3564756","3442631","True","9.718e-05","4.83e-06"
"dbt-protos","","27365090","0","0","0","0","136825450","True","9.718e-05","5.006e-05"
"pyjwkest","identitypython/pyjwkest","3148228","2801403","2436521","2941649","3008726","4552839","True","9.718e-05","5.76e-06"
"no-manylinux","","1080544","17416","1030908","1227808","1741158","1385430","True","9.718e-05","1.98e-06"
"together","","2806353","2401","670","38297","1354370","12636029","True","9.718e-05","5.13e-06"
"pytest-memray","","2577290","0","160833","1035604","2916339","8773672","True","9.718e-05","4.71e-06"
"mypy-boto3-apigateway","","7632198","83067","1356208","3694284","11709675","21317755","True","9.718e-05","1.396e-05"
"cloudscraper","venomous/cloudscraper","12299698","9345317","22150376","3883721","7686552","18432524","True","9.718e-05","2.25e-05"
"levanter","","1780974","0","0","493","278776","8625600","True","9.718e-05","3.26e-06"
"azure-mgmt-resource-deploymentscripts","","4474289","0","0","0","0","22371444","True","9.718e-05","8.18e-06"
"multimethod","coady/multimethod","22277541","3292951","8628343","17117488","48510849","33838073","True","9.718e-05","4.075e-05"
"f90nml","","1047775","209713","174769","145273","3748799","960322","True","9.718e-05","1.92e-06"
"ec2-metadata","adamchainz/ec2-metadata","16555098","5179150","12147201","14216648","23774859","27457630","True","9.718e-05","3.028e-05"
"protovalidate","","5808348","0","0","34370","259679","28747692","True","9.718e-05","1.063e-05"
"mohawk","","1417465","461629","597480","661440","2146952","3219826","True","9.718e-05","2.59e-06"
"asset","metagriffin/asset","1010811","747820","1227488","1415216","1063745","599785","True","9.718e-05","1.85e-06"
"mypy-boto3-pipes","","1677129","0","424","223201","2182944","5979077","True","9.718e-05","3.07e-06"
"google-cloud-resource-manager","","152406532","2217019","14286159","76163277","212543328","456822875","True","9.718e-05","0.0002788"
"jupyter-contrib-nbextensions","ipython-contrib/jupyter_contrib_nbextensions","4011753","2758933","3753322","4494998","5065756","3985756","True","9.718e-05","7.34e-06"
"pyobjc-framework-osakit","ronaldoussoren/pyobjc","2377942","460467","1014247","2897431","4639213","2878352","True","9.718e-05","4.35e-06"
"snaptime","","1090565","684715","543742","625798","1098443","2500128","True","9.718e-05","1.99e-06"
"ansiwrap","jonathaneunice/ansiwrap","9876278","4723404","8745233","11593952","10765238","13553565","True","9.718e-05","1.807e-05"
"xvfbwrapper","cgoldberg/xvfbwrapper","2850227","3756417","1661191","1769229","1890400","5173899","True","9.718e-05","5.21e-06"
"pykcs11","ludovicrousseau/pykcs11","1779112","865191","986169","1519433","1905167","3619598","True","9.718e-05","3.25e-06"
"cheetah3","","6844355","6021548","4874108","4797035","8473013","10056069","True","9.718e-05","1.252e-05"
"pycaret","","4079904","1651597","7162256","3679426","3661278","4244964","True","9.718e-05","7.46e-06"
"mypy-boto3-acm-pca","","1806558","45780","81163","297053","2343884","6264912","True","9.718e-05","3.3e-06"
"open-webui","","1796233","0","0","0","309509","8671658","True","9.718e-05","3.29e-06"
"coredis","","1252596","0","109516","185820","919062","5048582","True","9.718e-05","2.29e-06"
"azureml-dataset-runtime","","15045531","13465522","23144483","20244461","10572695","7800493","True","9.718e-05","2.752e-05"
"djangoql","","1350314","209457","612333","983886","1621010","3324882","True","9.718e-05","2.47e-06"
"openxlab","","7440989","0","0","1442576","13525462","22236905","True","9.718e-05","1.361e-05"
"tracerite","sanic-org/tracerite","4896796","0","0","2048467","10490612","11944903","True","9.718e-05","8.96e-06"
"statsig-python-core","","3238336","0","0","0","0","16191679","True","9.718e-05","5.92e-06"
"intel-openmp","","5650502","5125620","5076219","4821615","7808844","5420210","True","9.718e-05","1.034e-05"
"types-colorama","python/typeshed","5962179","100545","936804","4576825","8858351","15338370","True","9.718e-05","1.091e-05"
"wsaccel","","1641586","2350381","1335040","930695","1427102","2164714","True","9.718e-05","3e-06"
"conda-pack","conda/conda-pack","1449219","868268","3298564","1036382","1086949","955933","True","9.718e-05","2.65e-06"
"algoliasearch-django","","1023501","262584","346620","435417","421125","3651761","True","9.718e-05","1.87e-06"
"dm-control","","1446745","67113","396440","787872","1851104","4131198","True","9.718e-05","2.65e-06"
"fasteners","harlowja/fasteners","82977630","28404641","47064301","61972333","108122738","169324135","True","9.718e-05","0.00015179"
"mypy-boto3-meteringmarketplace","","1812702","50750","93901","268259","2331890","6318709","True","9.718e-05","3.32e-06"
"zope-site","","1632377","507087","379040","543514","5646244","1086000","True","9.718e-05","2.99e-06"
"datalab","googledatalab/pydatalab","5667642","25182564","815614","1213126","981118","145787","True","9.718e-05","1.037e-05"
"intervaltree","chaimleib/intervaltree","16111981","18405536","16583931","12452189","13452679","19665568","True","9.718e-05","2.947e-05"
"plexapi","","1114195","324681","218373","559989","1566521","2901409","True","9.718e-05","2.04e-06"
"dirhash","","2868522","270894","382339","495578","1019064","12174736","True","9.718e-05","5.25e-06"
"swimbundle-utils","","1560721","278503","1459431","2099679","2080780","1885211","True","9.718e-05","2.86e-06"
"face","mahmoud/face","30787182","5739831","9863194","15824469","35944913","86563503","True","9.718e-05","5.632e-05"
"google-cloud-storage-control","","1547927","0","0","0","17275","7722359","True","9.718e-05","2.83e-06"
"botframework-streaming","","1398774","94553","387846","506919","1237907","4766644","True","9.718e-05","2.56e-06"
"azure-mgmt-mysqlflexibleservers","","9172398","0","0","0","1344181","44517811","True","9.718e-05","1.678e-05"
"zope","zopefoundation/zope","1497154","329182","283085","399915","5504485","969105","True","9.718e-05","2.74e-06"
"mypy-boto3-marketplace-catalog","","1748554","44644","72622","260464","2288937","6076101","True","9.718e-05","3.2e-06"
"jaraco-classes","","444758626","3461873","78764173","315653074","665386187","1160527823","True","9.718e-05","0.0008136"
"spark-df-profiling","julioasotodv/spark-df-profiling","1071946","1773306","2064217","1026893","391146","104168","True","9.718e-05","1.96e-06"
"gviz-api","google/google-visualization-python","4915821","1508774","1526524","5120801","12656532","3766473","True","9.718e-05","8.99e-06"
"dogpile-cache","","12025030","7334624","8205882","10664776","12758021","21161848","True","9.718e-05","2.2e-05"
"mypy-boto3-amplifybackend","","1721195","30857","49445","245914","2234569","6045191","True","9.718e-05","3.15e-06"
"mypy-boto3-workspaces-thin-client","","1680154","0","0","70305","2193344","6137120","True","9.718e-05","3.07e-06"
"prince","","1022058","179817","540631","680784","1609930","2099126","True","9.718e-05","1.87e-06"
"msgpack-types","","1666628","38220","360268","637281","1359333","5938036","True","9.718e-05","3.05e-06"
"kedro-datasets","","1917923","0","6900","578384","2767974","6236357","True","9.718e-05","3.51e-06"
"line-profiler","pyutils/line_profiler","8602192","3442377","2399882","4585312","9024292","23559095","True","9.718e-05","1.574e-05"
"gender-guesser","lead-ratings/gender-guesser","5333641","3337645","3463018","3165794","6893572","9808175","True","9.718e-05","9.76e-06"
"argilla","","2822470","0","2635","4696953","5206511","4206253","True","9.718e-05","5.16e-06"
"posix-ipc","osvenskan/posix_ipc","1708475","1011276","1461052","1548293","1881765","2639988","True","9.718e-05","3.13e-06"
"pytest-reraise","","1035274","469492","695440","885758","1685286","1440395","True","9.718e-05","1.89e-06"
"tavily-python","","2647920","0","0","15966","1325425","11898207","True","9.718e-05","4.84e-06"
"opentelemetry-instrumentation-threading","","12022186","0","0","0","2644280","57466649","True","9.718e-05","2.199e-05"
"mypy-boto3-managedblockchain-query","","1696218","0","0","196576","2167982","6116533","True","9.718e-05","3.1e-06"
"sigtools","","8831028","259903","415537","1102599","4134273","38242826","True","9.718e-05","1.615e-05"
"lintrunner-adapters","","1075133","0","4204","67886","114245","5189329","True","9.718e-05","1.97e-06"
"mypy-boto3-codeguruprofiler","","1735577","45733","67317","258554","2263400","6042883","True","9.718e-05","3.17e-06"
"django-choices","","1268133","444966","536446","503363","547786","4308103","True","9.718e-05","2.32e-06"
"great-expectations","great-expectations/great_expectations","139119594","15226997","64706490","132278335","220965186","262420960","True","9.718e-05","0.00025449"
"launchdarkly-eventsource","launchdarkly/python-eventsource","11249378","0","0","126728","21402560","34717604","True","9.718e-05","2.058e-05"
"google-ads","googleads/google-ads-python","97252245","4173461","19943622","28538356","113815273","319790512","True","9.718e-05","0.0001779"
"presto-client","trinodb/trino-python-client","2107714","294409","2050505","2426224","2987096","2780336","True","9.718e-05","3.86e-06"
"spacy-wordnet","","2261712","23189","41687","43020","7118572","4082090","True","9.718e-05","4.14e-06"
"pulumi-command","","5695433","293","64001","812683","2364299","25235888","True","9.718e-05","1.042e-05"
"roman","zopefoundation/roman","4629564","1002573","1571811","2527607","9644997","8400830","True","9.718e-05","8.47e-06"
"whatthepatch","cscorley/whatthepatch","4009149","152440","588164","2094827","2931616","14278700","True","9.718e-05","7.33e-06"
"fastkml","","1316889","226564","1629665","1477759","1312679","1937780","True","9.718e-05","2.41e-06"
"smmap2","gitpython-developers/smmap","9799064","10879199","9733500","9057861","10668006","8656754","True","9.718e-05","1.793e-05"
"mypy-boto3-iot-jobs-data","","1737272","47497","76258","255911","2265001","6041692","True","9.718e-05","3.18e-06"
"opentelemetry-exporter-jaeger-proto-grpc","open-telemetry/opentelemetry-python","4105795","346239","1952303","3546844","4909919","9773669","True","9.718e-05","7.51e-06"
"databind","niklasrosenstein/python-databind","1341572","1517","201059","387194","2289211","3828878","True","9.718e-05","2.45e-06"
"w3lib","scrapy/w3lib","33157286","19828005","25454217","29184193","39041440","52278577","True","9.718e-05","6.065e-05"
"uhashring","ultrabug/uhashring","3917731","1390349","2475820","1732047","5171509","8818931","True","9.718e-05","7.17e-06"
"pyobjc-framework-syncservices","","2386955","492432","1021608","2907078","4600667","2912991","True","9.718e-05","4.37e-06"
"azure-ai-language-questionanswering","","1126010","941","41408","1371004","2105563","2111135","True","9.718e-05","2.06e-06"
"tsdownsample","predict-idlab/tsdownsample","2201138","0","8601","1591754","4298550","5106786","True","9.718e-05","4.03e-06"
"py-vapid","","2382102","1388028","1247431","1340575","1455336","6479138","True","9.718e-05","4.36e-06"
"fastparquet","dask/fastparquet","60180691","10605739","22444456","47094734","83178269","137580257","True","9.718e-05","0.00011009"
"nvidia-nvtx-cu11","","13165549","128","603","28440301","21305763","16080948","True","9.718e-05","2.408e-05"
"nr-util","","1125716","0","251449","675121","1824219","2877792","True","9.718e-05","2.06e-06"
"pyexcel-xlsx","pyexcel/pyexcel-xlsx","2793669","998436","1159834","1355334","1882790","8571953","True","9.718e-05","5.11e-06"
"python-logstash","vklochan/python-logstash","7014923","6341334","7013065","9325090","5846885","6548242","True","9.718e-05","1.283e-05"
"mkdocs-link-marker","","1184011","0","0","3753","27213","5889088","True","9.718e-05","2.17e-06"
"pymavlink","","1389879","922154","782800","947425","1341931","2955087","True","9.718e-05","2.54e-06"
"mypy-boto3-mgn","","1701230","17564","37574","240346","2219531","5991134","True","9.718e-05","3.11e-06"
"copulas","","1118428","361925","490449","759012","1338938","2641816","True","9.718e-05","2.05e-06"
"hiyapyco","zerwes/hiyapyco","1423590","1828720","1006286","1352470","1549537","1380936","True","9.718e-05","2.6e-06"
"mdx-truly-sane-lists","radude/mdx_truly_sane_lists","4784172","246218","866750","1702852","5448216","15656824","True","9.718e-05","8.75e-06"
"tensorflow-cpu-aws","","1029587","0","181519","1764945","1329922","1871551","True","9.718e-05","1.88e-06"
"asyncmy","","1072885","21112","206518","560389","1656653","2919755","True","9.718e-05","1.96e-06"
"jinja2-cli","mattrobenolt/jinja2-cli","5253257","2019588","2756953","4082351","7083133","10324261","True","9.718e-05","9.61e-06"
"types-aiobotocore-elbv2","","1801933","0","2438","3019195","2452540","3535491","True","9.718e-05","3.3e-06"
"pylint-quotes","edaniszewski/pylint-quotes","1743443","1713092","1422463","1209995","1123904","3247763","True","9.718e-05","3.19e-06"
"textwrap3","jonathaneunice/textwrap3","10072164","4858473","8570687","11663439","10741014","14527208","True","9.718e-05","1.843e-05"
"aws-lambda-powertools","aws-powertools/powertools-lambda-python","82716736","4742142","12311833","22526903","60119421","313883379","True","9.718e-05","0.00015131"
"schema-salad","","1204313","559541","461243","724024","1397726","2879033","True","9.718e-05","2.2e-06"
"wmill","","3633503","0","12996","91397","3596847","14466273","True","9.718e-05","6.65e-06"
"async-property","ryananguiano/async_property","10219903","412780","581110","805856","5919196","43380575","True","9.718e-05","1.87e-05"
"pyjks","kurtbrose/pyjks","3185335","2831569","1763602","1238943","2991555","7101004","True","9.718e-05","5.83e-06"
"hvac","hvac/hvac","146150508","40297483","67091939","127424808","219131069","276807243","True","9.718e-05","0.00026735"
"airflow-provider-rabbitmq","","1063405","0","9936","50541","142745","5113804","True","9.718e-05","1.95e-06"
"simpervisor","jupyterhub/simpervisor","2954454","711009","6131625","2151456","2779592","2998589","True","9.718e-05","5.4e-06"
"oras","oras-project/oras-py","3940682","115","4223","221850","1494561","17982660","True","9.718e-05","7.21e-06"
"rabbitpy","","1003358","1663148","1444461","1276869","449160","183150","True","9.718e-05","1.84e-06"
"click-configfile","click-contrib/click-configfile","1917767","970723","1550721","1896081","2622242","2549068","True","9.718e-05","3.51e-06"
"python-terraform","beelit94/python-terraform","1765966","972932","1500765","1797819","2044428","2513886","True","9.718e-05","3.23e-06"
"flpc","","2281405","0","0","0","1729219","9677807","True","9.718e-05","4.17e-06"
"flufl-lock","","6284866","1317790","4209765","8292809","5828804","11775164","True","9.718e-05","1.15e-05"
"mypy-boto3-lexv2-runtime","","1718832","26595","45439","245156","2230579","6046390","True","9.718e-05","3.14e-06"
"twisted-iocpsupport","twisted/twisted-iocpsupport","1436951","839357","1096331","1719140","2349627","1180299","True","9.718e-05","2.63e-06"
"affine","rasterio/affine","18901096","6004512","9922634","16691764","33049681","28836888","True","9.718e-05","3.458e-05"
"azure-servicefabric","","16720203","12174883","16339764","17191356","18788707","19106304","True","9.718e-05","3.059e-05"
"mypy-boto3-freetier","","1643729","0","0","70657","2170708","5977279","True","9.718e-05","3.01e-06"
"clu","google/commonlooputils","4185911","74970","197651","4333791","12422106","3901035","True","9.718e-05","7.66e-06"
"osc-lib","","4767452","3895552","3674231","4248085","5077145","6942248","True","9.718e-05","8.72e-06"
"jwcrypto","latchset/jwcrypto","35568236","8673102","14074862","15775328","32938461","106379426","True","9.718e-05","6.507e-05"
"pyxero","","1330369","516828","658448","833884","1060182","3582505","True","9.718e-05","2.43e-06"
"csv-diff","","1539556","169467","366065","863974","1096279","5201996","True","9.718e-05","2.82e-06"
"granian","","1422938","0","10606","75476","973184","6055425","True","9.718e-05","2.6e-06"
"htpasswd","thesharp/htpasswd","4272040","2633437","5776580","4500644","7454941","994600","True","9.718e-05","7.81e-06"
"kubernetes-validate","","1088265","734462","1514172","1121440","937759","1133491","True","9.718e-05","1.99e-06"
"mobly","google/mobly","3815957","3342526","4699707","3137792","3771162","4128598","True","9.718e-05","6.98e-06"
"cpuset-py3","parttimenerd/cpuset","1920549","1901","2058833","1824424","2292142","3425447","True","9.718e-05","3.51e-06"
"oletools","decalage2/oletools","3345710","1274433","1619299","1577898","3201345","9055573","True","9.718e-05","6.12e-06"
"django-countries","smileychris/django-countries","8352823","4693793","4880386","5976525","10546987","15666424","True","9.718e-05","1.528e-05"
"azure-mgmt-iotcentral","","45050963","14909708","27778045","42779087","73704363","66083611","True","9.718e-05","8.241e-05"
"mypy-boto3-elbv2","","4244779","104627","390832","3749907","5859432","11119099","True","9.718e-05","7.76e-06"
"pytest-reportlog","","2356709","171687","244048","1020784","2875670","7471357","True","9.718e-05","4.31e-06"
"pytest-assume","astraw38/pytest-assume","6716194","367845","1950010","3469244","10789691","17004180","True","9.718e-05","1.229e-05"
"pwdlib","","1160187","0","0","0","947544","4853390","True","9.718e-05","2.12e-06"
"azure-mgmt-costmanagement","","1750064","449515","346583","811057","3651391","3491776","True","9.718e-05","3.2e-06"
"types-paramiko","python/typeshed","36291116","555749","7460872","14524742","35640003","123274216","True","9.718e-05","6.639e-05"
"djoser","sunscrapers/djoser","2275957","1142348","1485834","2100074","2690538","3960990","True","9.718e-05","4.16e-06"
"tree-sitter-bash","","2018990","0","0","0","39282","10055667","True","9.718e-05","3.69e-06"
"pyobjc-framework-videosubscriberaccount","","1937543","413722","971774","2502531","2990304","2809383","True","9.718e-05","3.54e-06"
"spandrel-extra-arches","","1518996","0","0","0","2384969","5210011","True","9.718e-05","2.78e-06"
"trafilatura","adbar/trafilatura","6213085","782852","1635482","3388206","7874079","17384808","True","9.718e-05","1.137e-05"
"azure-mgmt-servicelinker","","28308086","474355","11305732","26430518","55829672","47500151","True","9.718e-05","5.178e-05"
"casadi","casadi/casadi","1924465","247341","527395","897968","4047119","3902500","True","9.718e-05","3.52e-06"
"pylcs","","1765536","291987","450698","164763","390575","7529657","True","9.718e-05","3.23e-06"
"cupy-cuda12x","cupy/cupy","5852094","0","7","157042","3354693","25748726","True","9.718e-05","1.071e-05"
"yq","kislyuk/yq","26438630","13578142","18564157","23921975","33566317","42562557","True","9.718e-05","4.836e-05"
"minikanren","pythological/kanren","2029840","4448","469946","1956995","2590650","5127159","True","9.718e-05","3.71e-06"
"langchain-anthropic","","10584683","0","0","163","6025877","46897374","True","9.718e-05","1.936e-05"
"clvm","chia-network/clvm","1183447","1332964","835341","965379","1834343","949210","True","9.718e-05","2.16e-06"
"sqlparams","cpburnz/python-sqlparams","14214946","378449","2451715","7384762","16457389","44402413","True","9.718e-05","2.6e-05"
"unsloth-zoo","","1145678","0","0","0","507464","5220926","True","9.718e-05","2.1e-06"
"eth-bloom","","1174662","184030","557640","611421","1862790","2657431","True","9.718e-05","2.15e-06"
"oslo-utils","","13871941","12559055","12849473","15784191","12037722","16129264","True","9.718e-05","2.538e-05"
"pyelftools","","33892901","8227224","15587918","25178340","47972022","72499001","True","9.718e-05","6.2e-05"
"sshconf","","1298746","50458","373144","490091","1074745","4505293","True","9.718e-05","2.38e-06"
"pybytebuffer","igio90/pybytebuffer","8588513","3255881","7023470","7992607","12076530","12594078","True","9.718e-05","1.571e-05"
"python-keystoneclient","","18891756","17276706","33866506","26628684","7233827","9453058","True","9.718e-05","3.456e-05"
"mypy-boto3-connectcases","","1747778","0","1712","224115","2183632","6329429","True","9.718e-05","3.2e-06"
"pywin32-ctypes","enthought/pywin32-ctypes","42832993","7008407","10494594","26628073","56321055","113712837","True","9.718e-05","7.835e-05"
"snakebite-py3","internetarchive/snakebite-py3","5380605","4601863","15124151","2103412","1708626","3364972","True","9.718e-05","9.84e-06"
"inspect-ai","","4659921","0","0","0","54328","23245276","True","9.718e-05","8.52e-06"
"django-auditlog","jazzband/django-auditlog","2823315","304999","657437","2140539","3977117","7036481","True","9.718e-05","5.16e-06"
"proxy-tools","","1589546","533914","1631120","1124385","2862275","1796037","True","9.718e-05","2.91e-06"
"faust","robinhood/faust","1724708","6745362","607091","294236","741661","235191","True","9.718e-05","3.16e-06"
"torch-tb-profiler","","1635471","160323","510829","890544","1668438","4947219","True","9.718e-05","2.99e-06"
"ta-lib","","1340896","764033","676389","792445","1056151","3415461","True","9.718e-05","2.45e-06"
"flask-login","maxcountryman/flask-login","93205910","31849060","41060020","63245045","137255045","192620379","True","9.718e-05","0.0001705"
"graphene-sqlalchemy","graphql-python/graphene-sqlalchemy","2262465","1447878","1678987","2188201","2898616","3098644","True","9.718e-05","4.14e-06"
"suds-py3","cackharot/suds-py3","5588736","2790655","5090239","5198742","7094363","7769683","True","9.718e-05","1.022e-05"
"lintrunner","","1956417","0","125523","232896","1819211","7604457","True","9.718e-05","3.58e-06"
"django-dirtyfields","romgar/django-dirtyfields","2719363","2472628","1379105","1975261","2819609","4950210","True","9.718e-05","4.97e-06"
"mysql-replication","","1113512","272879","498683","312533","723421","3760045","True","9.718e-05","2.04e-06"
"aws-cdk-aws-sns","","3505990","2799501","4475943","4423154","3280553","2550797","True","9.718e-05","6.41e-06"
"sqlmesh","","1023682","0","117","74648","806438","4237206","True","9.718e-05","1.87e-06"
"apache-airflow-providers-tableau","","5046737","1038895","2480082","4542029","7160776","10011905","True","9.718e-05","9.23e-06"
"mrcfile","","1121939","108813","318826","400433","1466618","3315003","True","9.718e-05","2.05e-06"
"python-binance","sammchardy/python-binance","2601045","916084","1202498","1279080","2142705","7464859","True","9.718e-05","4.76e-06"
"nothing","","2333012","30245","3987","76604","553041","11001182","True","9.718e-05","4.27e-06"
"mypy-boto3-s3tables","","1382360","0","0","0","145090","6766709","True","9.718e-05","2.53e-06"
"splunk-sdk","splunk/splunk-sdk-python","7255502","2691679","7204795","10124436","7764237","8492362","True","9.718e-05","1.327e-05"
"azureml-fsspec","","1502053","0","1085","504563","2792914","4211705","True","9.718e-05","2.75e-06"
"gpustat","wookayin/gpustat","9163705","4522514","8407194","13063809","10631268","9193738","True","9.718e-05","1.676e-05"
"dbt-exasol","","1131085","2169","89566","31615","395819","5136257","True","9.718e-05","2.07e-06"
"tdqm","tqdm/tqdm","4864640","73869","175205","8037382","11563871","4472871","True","9.718e-05","8.9e-06"
"markdownlit","","1305697","0","4438","408541","2036646","4078860","True","9.718e-05","2.39e-06"
"pytorch-ignite","pytorch/ignite","1720851","740826","1495592","1914124","2580894","1872819","True","9.718e-05","3.15e-06"
"automat","glyph/automat","43233859","18430077","27263149","29487959","60777026","80211085","True","9.718e-05","7.909e-05"
"python-transip","roaldnefs/python-transip","3046583","2325","7105","15151963","20499","51023","True","9.718e-05","5.57e-06"
"pyangbind","","1293679","854474","1065663","1111588","1373472","2063198","True","9.718e-05","2.37e-06"
"apache-sedona","","11474710","1453485","6293493","11409302","17270298","20946972","True","9.718e-05","2.099e-05"
"flask-opentracing","opentracing-contrib/python-flask","1961467","997743","1966443","3791232","2084274","967645","True","9.718e-05","3.59e-06"
"apache-airflow-providers-smtp","","24243894","0","0","274206","49871094","71074172","True","9.718e-05","4.435e-05"
"ldapdomaindump","dirkjanm/ldapdomaindump","2977082","596071","1432648","1754099","3367808","7734786","True","9.718e-05","5.45e-06"
"business-rules","venmo/business-rules","1262466","1084333","867789","1650063","1352397","1357747","True","9.718e-05","2.31e-06"
"aiofile","mosquito/aiofile","10466372","927343","1225973","4798141","16967769","28412636","True","9.718e-05","1.915e-05"
"python-logstash-async","eht16/python-logstash-async","1793915","799990","880354","1334711","2444768","3509754","True","9.718e-05","3.28e-06"
"mypy-boto3-ds-data","","1322082","0","0","0","656142","5954269","True","9.718e-05","2.42e-06"
"mypy-boto3-discovery","","1768389","46804","70356","260301","2280812","6183670","True","9.718e-05","3.23e-06"
"decord","dmlc/decord","5015248","765024","447094","1218166","4270611","18375347","True","9.718e-05","9.17e-06"
"grpc-gateway-protoc-gen-openapiv2","","2267434","63668","576471","2389501","4935744","3371786","True","9.718e-05","4.15e-06"
"mypy-boto3-bcm-data-exports","","1649022","0","0","70751","2177695","5996663","True","9.718e-05","3.02e-06"
"httpbin","psf/httpbin","1376512","1731878","1799520","617176","1887936","846050","True","9.718e-05","2.52e-06"
"mixer","klen/mixer","1359212","816109","959527","1190709","1580501","2249214","True","9.718e-05","2.49e-06"
"portend","jaraco/portend","11229902","4135627","21835479","14924689","10459304","4794409","True","9.718e-05","2.054e-05"
"aws-cdk-aws-stepfunctions-tasks","","1004345","1049216","1191795","1882471","656753","241488","True","9.718e-05","1.84e-06"
"odfpy","eea/odfpy","11652774","6126160","6881686","11687209","14435016","19133798","True","9.718e-05","2.132e-05"
"mojimoji","studio-ousia/mojimoji","1908331","859540","1696951","1803117","2320670","2861376","True","9.718e-05","3.49e-06"
"sip","python-sip/sip","1704058","741519","911800","1318070","2030979","3517923","True","9.718e-05","3.12e-06"
"llama-index","","17487572","0","0","5347452","22894480","59195929","True","9.718e-05","3.199e-05"
"pdfrw","pmaupin/pdfrw","5439776","1621222","2076329","2547100","3435773","17518454","True","9.718e-05","9.95e-06"
"azure-mgmt-billing","","45678163","15445625","28413910","43048641","74696323","66786315","True","9.718e-05","8.356e-05"
"django-mathfilters","dbrgn/django-mathfilters","2555914","961725","1398828","1487323","2273055","6658641","True","9.718e-05","4.68e-06"
"icalevents","","1354206","48161","206552","468168","2097259","3950891","True","9.718e-05","2.48e-06"
"pyannote-database","","3557389","133121","284076","1134249","5117981","11117519","True","9.718e-05","6.51e-06"
"aws-cdk-aws-efs","","3293157","2394365","4264178","4063386","3279490","2464367","True","9.718e-05","6.02e-06"
"django-encrypted-model-fields","","1048625","183697","387886","747376","1326678","2597489","True","9.718e-05","1.92e-06"
"patool","wummel/patool","5673879","2127593","3854378","5265107","6407260","10715056","True","9.718e-05","1.038e-05"
"onepasswordconnectsdk","","1117369","8021","116701","584595","1512787","3364741","True","9.718e-05","2.04e-06"
"mypy-boto3-cloudtrail","","2207844","76287","220672","574349","3042378","7125533","True","9.718e-05","4.04e-06"
"spacy-alignments","explosion/spacy-alignments","1612921","330450","1040484","2308876","2238610","2146187","True","9.718e-05","2.95e-06"
"github3-py","","10462996","3353340","4108979","6817899","13483219","24551541","True","9.718e-05","1.914e-05"
"gluestick","hotgluexyz/gluestick","1593206","8673","1538830","5254419","1004860","159250","True","9.718e-05","2.91e-06"
"whylogs-sketching","","1090337","0","125039","630907","3377341","1318397","True","9.718e-05","1.99e-06"
"dagster-datadog","","1086064","26710","286014","986052","1436213","2695331","True","9.718e-05","1.99e-06"
"phonenumbers","daviddrysdale/python-phonenumbers","75535080","24153377","46593019","56604560","86197109","164127334","True","9.718e-05","0.00013818"
"optimum","huggingface/optimum","7378014","755","301635","3313210","11746756","21527716","True","9.718e-05","1.35e-05"
"troposphere","cloudtools/troposphere","9894232","5550991","5913800","9352153","12552517","16101697","True","9.718e-05","1.81e-05"
"openlineage-sql","","17340224","0","72744","1226806","22959347","62442221","True","9.718e-05","3.172e-05"
"apache-airflow-providers-trino","","2540707","51659","425545","1023923","2742777","8459631","True","9.718e-05","4.65e-06"
"tree-sitter-css","","1443367","0","0","0","19426","7197411","True","9.718e-05","2.64e-06"
"multiping","romana/multi-ping","1717741","69730","191658","3157626","2296302","2873391","True","9.718e-05","3.14e-06"
"alpaca-trade-api","","1052659","459340","301819","354943","639470","3507721","True","9.718e-05","1.93e-06"
"taskflow","","1074535","779750","700141","646450","994145","2252190","True","9.718e-05","1.97e-06"
"rarfile","markokr/rarfile","4337364","1742844","2165455","3652407","5935680","8190435","True","9.718e-05","7.93e-06"
"plotly-resampler","predict-idlab/plotly-resampler","2786225","534","114201","3616666","4676295","5523427","True","9.718e-05","5.1e-06"
"prek","","9731192","0","0","0","0","48655961","True","9.718e-05","1.78e-05"
"sumologic-sdk","","1003612","399081","546134","1057020","942296","2073530","True","9.718e-05","1.84e-06"
"contentful","","1272076","753199","1024952","1202605","1396355","1983268","True","9.718e-05","2.33e-06"
"oslo-concurrency","","2277944","1972229","1631771","1572677","2525594","3687447","True","9.718e-05","4.17e-06"
"ezdxf","mozman/ezdxf","1778615","467352","451275","722580","1923914","5327956","True","9.718e-05","3.25e-06"
"types-boto3-full","","1119823","0","0","0","4917","5594199","True","9.718e-05","2.05e-06"
"shillelagh","","2475411","24387","211832","1701683","2656979","7782176","True","9.718e-05","4.53e-06"
"codetiming","realpython/codetiming","3647798","639330","652648","1211196","6132999","9602819","True","9.718e-05","6.67e-06"
"mypy-boto3-codeartifact","","2247334","41043","75631","369993","2477736","8272267","True","9.718e-05","4.11e-06"
"jikanpy","abhinavk99/jikanpy","9453549","19988547","26507482","334190","303245","134279","True","9.718e-05","1.729e-05"
"nlpaug","makcedward/nlpaug","1458433","279620","1161164","1787823","1890480","2173076","True","9.718e-05","2.67e-06"
"openmetadata-ingestion","","1098190","3102","109872","1926516","742570","2708889","True","9.718e-05","2.01e-06"
"clickhouse-connect","clickhouse/clickhouse-connect","25551321","0","156690","7287179","26007493","94305243","True","9.718e-05","4.674e-05"
"yamale","23andme/yamale","13824293","1977054","9110751","11614505","20979536","25439617","True","9.718e-05","2.529e-05"
"mkdocs-auto-tag-plugin","","1151568","0","243","2032","12480","5743083","True","9.718e-05","2.11e-06"
"apache-airflow-providers-microsoft-fabric","","4181869","0","0","0","0","20909344","True","9.718e-05","7.65e-06"
"icalendar","collective/icalendar","12306835","3025514","4327299","6141632","13955126","34084605","True","9.718e-05","2.251e-05"
"mdformat-tables","","1645891","53076","401794","949692","2358286","4466607","True","9.718e-05","3.01e-06"
"pemja","","18998814","0","137010","560003","46904054","47393002","True","9.718e-05","3.475e-05"
"libretranslatepy","argosopentech/libretranslate-py","4909627","576838","2682603","6142886","8497168","6648642","True","9.718e-05","8.98e-06"
"intelhex","python-intelhex/intelhex","11365476","3259259","6852322","9252994","13210651","24252152","True","9.718e-05","2.079e-05"
"nanobind","","4864222","0","6203","494334","3385810","20434762","True","9.718e-05","8.9e-06"
"pysam","pysam-developers/pysam","8414027","1826210","2317070","4149790","24214250","9562813","True","9.718e-05","1.539e-05"
"dash-auth","","1004015","389210","722837","957715","1538353","1411959","True","9.718e-05","1.84e-06"
"icmplib","","1308591","291818","529498","548423","1697315","3475903","True","9.718e-05","2.39e-06"
"cheroot","","19554944","5468826","26995635","21773809","21542574","21993876","True","9.718e-05","3.577e-05"
"prophecy-libs","","1074817","0","1551305","1232180","1137479","1453119","True","9.718e-05","1.97e-06"
"types-aiobotocore-route53","","1600382","0","2536","2580796","2424566","2994013","True","9.718e-05","2.93e-06"
"aiosasl","","10544305","46130393","4493778","1911173","103308","82875","True","9.718e-05","1.929e-05"
"cfn-lint","aws-cloudformation/cfn-lint","135030495","41622742","168202713","209615881","113027160","142683980","True","9.718e-05","0.00024701"
"jpype1","jpype-project/jpype","80502816","25736964","40314362","52987911","99674658","183800186","True","9.718e-05","0.00014726"
"langchain-community","langchain-ai/langchain-community","89641884","0","0","884142","125061127","322264152","True","9.718e-05","0.00016398"
"crashtest","","293606790","31149775","86270409","163466643","445164381","741982742","True","9.718e-05","0.0005371"
"azure-storage-nspkg","azure/azure-storage-python","12076809","12641803","16245055","13229078","10161449","8106661","True","9.718e-05","2.209e-05"
"mypy-boto3-ivs","","1727634","35939","55125","255603","2272145","6019360","True","9.718e-05","3.16e-06"
"types-bleach","python/typeshed","4431342","275707","1915591","5647373","5593316","8724724","True","9.718e-05","8.11e-06"
"pydrive2","iterative/pydrive2","3783370","883295","990240","2776497","5747340","8519479","True","9.718e-05","6.92e-06"
"pylibsrtp","","2840752","462627","573230","386139","1517222","11264543","True","9.718e-05","5.2e-06"
"yapsy","","2328010","554033","1025910","2236367","3335124","4488614","True","9.718e-05","4.26e-06"
"aiogram","aiogram/aiogram","6702718","546274","1453604","2472754","10710154","18330803","True","9.718e-05","1.226e-05"
"sqltrie","efiop/sqltrie","2883289","0","735","1738630","4194052","8483028","True","9.718e-05","5.27e-06"
"ppft","uqfoundation/ppft","121150469","12576717","38100664","77314948","214770821","262989194","True","9.718e-05","0.00022162"
"pykerberos","02strich/pykerberos","6927411","3066643","1932692","2070728","2443005","25123986","True","9.718e-05","1.267e-05"
"django-cleanup","un1t/django-cleanup","3526984","876863","1333348","1891697","8686965","4846047","True","9.718e-05","6.45e-06"
"telethon-tgcrypto","","3217963","3521401","644358","11747179","83668","93211","True","9.718e-05","5.89e-06"
"sharepy","jonathanholvey/sharepy","3760359","793563","1675408","2412271","6182123","7738429","True","9.718e-05","6.88e-06"
"opencc","byvoid/opencc","2689300","283952","492627","1159581","4693294","6817047","True","9.718e-05","4.92e-06"
"fastar","","1971067","0","0","0","0","9855335","True","9.718e-05","3.61e-06"
"requirements-parser","","19731105","6833351","5290656","6960738","17837041","61733741","True","9.718e-05","3.609e-05"
"azure-mgmt-datamigration","","44968935","14878956","27733393","42457548","73614196","66160583","True","9.718e-05","8.226e-05"
"netsuitesdk","","3790378","245194","811113","1228946","8345512","8321123","True","9.718e-05","6.93e-06"
"pyzstd","rogdham/pyzstd","19858415","2265261","5878338","14496909","22950215","53701353","True","9.718e-05","3.633e-05"
"adjust-precision-for-schema","","1302863","0","155765","505569","1847487","4005492","True","9.718e-05","2.38e-06"
"py-secure","","2311045","5393521","6161458","126","113","9","True","9.718e-05","4.23e-06"
"django-picklefield","gintas/django-picklefield","6524218","2467958","3162274","5289962","8486818","13214078","True","9.718e-05","1.193e-05"
"flask-openid","","19845402","11629424","19598384","20199999","23120956","24678247","True","9.718e-05","3.63e-05"
"apify-client","","1646313","7336","38430","309330","1815275","6061193","True","9.718e-05","3.01e-06"
"sbvirtualdisplay","mdmintz/sbvirtualdisplay","3058747","226989","737241","2013097","5424773","6891634","True","9.718e-05","5.6e-06"
"django-sass-processor","","1056625","985271","560483","584911","1633477","1518984","True","9.718e-05","1.93e-06"
"forex-python","micropyramid/forex-python","3124930","1818821","1468324","2201911","4033280","6102312","True","9.718e-05","5.72e-06"
"jproperties","tblue/python-jproperties","15276190","3933537","11064202","16007210","19133062","26242940","True","9.718e-05","2.794e-05"
"censys","censys/censys-python","1165583","538261","1163323","1658980","1421400","1045952","True","9.718e-05","2.13e-06"
"pyobjc-framework-coremediaio","ronaldoussoren/pyobjc","2356760","453071","1015120","2853296","4572818","2889495","True","9.718e-05","4.31e-06"
"djangorestframework-csv","mjumbewu/django-rest-framework-csv","3944648","2239999","1908087","2403549","3591540","9580065","True","9.718e-05","7.22e-06"
"mypy-boto3-mailmanager","","1517505","0","0","0","1477972","6109551","True","9.718e-05","2.78e-06"
"mypy-boto3-rekognition","","1782599","46716","93627","303380","2338423","6130848","True","9.718e-05","3.26e-06"
"cleanco","psolin/cleanco","13490502","2736668","3161357","6531199","23079572","31943716","True","9.718e-05","2.468e-05"
"datadispatch","pb-/datadispatch","1002332","1364271","2535138","972189","62435","77626","True","9.718e-05","1.83e-06"
"daphne","django/daphne","11128270","4091142","5857998","7724413","14233700","23734096","True","9.718e-05","2.036e-05"
"cronex","ericpruitt/cronex","1280287","991762","1620545","1877883","1116164","795079","True","9.718e-05","2.34e-06"
"azure-cli","","47403652","5544549","17037475","49891824","107487945","57056469","True","9.718e-05","8.672e-05"
"mypy-boto3-cloudwatch","youtype/mypy_boto3_builder","4429483","370581","1289194","2048963","5456252","12982426","True","9.718e-05","8.1e-06"
"esp-idf-size","","1653835","0","0","2034873","468562","5765739","True","9.718e-05","3.03e-06"
"oyaml","","13456809","14683557","15369246","7666884","12891608","16672752","True","9.718e-05","2.462e-05"
"newrelic-telemetry-sdk","","7839226","2835024","5518380","7741402","11148055","11953267","True","9.718e-05","1.434e-05"
"djlint","djlint/djlint","5792766","11213","361630","2331204","5660838","20598947","True","9.718e-05","1.06e-05"
"pyspellchecker","barrust/pyspellchecker","3714728","1239187","1808006","3040601","5567626","6918220","True","9.718e-05","6.8e-06"
"mt-940","","1008884","215845","210052","771793","1429634","2417094","True","9.718e-05","1.85e-06"
"torchtext","pytorch/text","6147552","1565102","3263080","6898043","10258080","8753457","True","9.718e-05","1.125e-05"
"fiscalyear","adamjstewart/fiscalyear","3173118","1355936","2773544","3870541","4436561","3429009","True","9.718e-05","5.8e-06"
"aiosonic","","1235600","39778","76589","134822","491319","5435491","True","9.718e-05","2.26e-06"
"google-cloud-scheduler","","4108059","895005","2694377","2269230","4154623","10527061","True","9.718e-05","7.51e-06"
"returns","dry-python/returns","2323010","296593","573890","1301888","3498175","5944505","True","9.718e-05","4.25e-06"
"autodoc-pydantic","","1331568","14706","263593","709189","1959044","3711309","True","9.718e-05","2.44e-06"
"django-webpack-loader","django-webpack/django-webpack-loader","5056035","3464490","3734864","4193301","6263547","7623975","True","9.718e-05","9.25e-06"
"dicttoxml","","14708582","12286809","10836031","12888561","18054227","19477283","True","9.718e-05","2.691e-05"
"discord-py-self","","5648610","818882","19818284","7004151","239052","362683","True","9.718e-05","1.033e-05"
"types-httplib2","","3246917","4636","53365","412635","2937142","12826807","True","9.718e-05","5.94e-06"
"sox","","2439984","823614","1937068","2184589","3094471","4160177","True","9.718e-05","4.46e-06"
"easyocr","jaidedai/easyocr","4861252","664351","1394619","1789773","4996831","15460687","True","9.718e-05","8.89e-06"
"pyobjc-framework-pushkit","ronaldoussoren/pyobjc","1073597","337105","541373","719207","946670","2823631","True","9.718e-05","1.96e-06"
"django-select2","codingjoe/django-select2","2231875","877107","1206733","1897755","2826716","4351064","True","9.718e-05","4.08e-06"
"pydantic-ai-slim","","9375039","0","0","0","77484","46797711","True","9.718e-05","1.715e-05"
"pluginlib","","1007793","49557","18543","220677","1422482","3327705","True","9.718e-05","1.84e-06"
"opencensus-correlation","census-instrumentation/opencensus-python","1479442","991085","4471020","1932748","682","1676","True","9.718e-05","2.71e-06"
"rlp","ethereum/pyrlp","14110528","2171298","6601059","10097114","23669311","28013856","True","9.718e-05","2.581e-05"
"strictyaml","crdoconnor/strictyaml","32538903","459896","4386011","7562709","43813402","106472499","True","9.718e-05","5.952e-05"
"flask-migrate","","21669698","12754613","12598633","14865950","26938701","41190592","True","9.718e-05","3.964e-05"
"mypy-boto3-machinelearning","","1741860","44679","72457","257498","2283459","6051206","True","9.718e-05","3.19e-06"
"pytest-qt","pytest-dev/pytest-qt","2335759","608415","1027462","1212800","3565214","5264903","True","9.718e-05","4.27e-06"
"web3","","17788216","2710787","7313747","12085598","28933973","37896973","True","9.718e-05","3.254e-05"
"nmslib","nmslib/nmslib","2596035","1076572","1417656","2730185","3398936","4356828","True","9.718e-05","4.75e-06"
"suds","suds-community/suds","3428524","1552938","2518136","3227889","4813119","5030540","True","9.718e-05","6.27e-06"
"dedupe-variable-datetime","","1483886","1122387","2615672","1508520","1196434","976418","True","9.718e-05","2.71e-06"
"glom","mahmoud/glom","30821330","5905001","10119073","15853468","35755155","86473955","True","9.718e-05","5.638e-05"
"rpyc","tomerfiliba-org/rpyc","6390366","4638372","3160037","3974176","10125390","10053855","True","9.718e-05","1.169e-05"
"hypothesis-graphql","","2079696","277157","525989","860338","1595122","7139873","True","9.718e-05","3.8e-06"
"azure-mgmt-datafactory","","61475568","19109938","34325814","52762165","90782413","110397512","True","9.718e-05","0.00011246"
"mypy-boto3-chime-sdk-identity","youtype/mypy_boto3_builder","1697660","7425","26370","235869","2201159","6017476","True","9.718e-05","3.11e-06"
"azure-storage-file","azure/azure-storage-python","28236278","17193170","24587893","32400407","33173964","33825958","True","9.718e-05","5.165e-05"
"environ","","1066616","397531","418363","833941","2219074","1464170","True","9.718e-05","1.95e-06"
"mailchimp3","","2376864","2038674","2804502","1918501","2495905","2626738","True","9.718e-05","4.35e-06"
"geoip2-tools","nekmo/geoip2-tools","2854075","540180","3946300","4262362","2801016","2720516","True","9.718e-05","5.22e-06"
"m3u8","globocom/m3u8","2946898","2110464","1229518","1758882","2047112","7588514","True","9.718e-05","5.39e-06"
"keybert","","1852498","78433","942900","994660","1470689","5775806","True","9.718e-05","3.39e-06"
"zope-browserpage","","1573385","495226","363954","399396","5521220","1087130","True","9.718e-05","2.88e-06"
"polling","","18275853","1699928","18899100","25829206","24254448","20696581","True","9.718e-05","3.343e-05"
"openinference-instrumentation","","3340427","0","0","0","2939163","13762972","True","9.718e-05","6.11e-06"
"kagglehub","","2819768","0","0","2778","1227218","12868845","True","9.718e-05","5.16e-06"
"bellows","zigpy/bellows","3753612","142104","2431635","5573556","6827550","3793215","True","9.718e-05","6.87e-06"
"requests-auth-aws-sigv4","andrewjroth/requests-auth-aws-sigv4","7972626","45859","863249","10930799","14913985","13109238","True","9.718e-05","1.458e-05"
"qdarkstyle","","1183771","519175","632052","904674","1608546","2254406","True","9.718e-05","2.17e-06"
"boto3-type-annotations","alliefitter/boto3_type_annotations","17363061","9518526","17795508","19124806","17769667","22606798","True","9.718e-05","3.176e-05"
"pyiceberg","apache/iceberg-python","23191721","0","1128","401094","16381988","99174393","True","9.718e-05","4.242e-05"
"bingads","bingads/bingads-python-sdk","2702789","1811526","2325505","2069367","2417934","4889611","True","9.718e-05","4.94e-06"
"azureml-telemetry","","11385766","14408282","14822756","11342333","10270493","6084968","True","9.718e-05","2.083e-05"
"google-play-scraper","jomingyu/google-play-scraper","1856658","449597","1222647","1036460","2684381","3890205","True","9.718e-05","3.4e-06"
"splink","moj-analytical-services/splink","2878897","1293420","2932299","3405923","1905493","4857351","True","9.718e-05","5.27e-06"
"patsy","pydata/patsy","130649143","43107482","88114248","111800897","180803639","229419449","True","9.718e-05","0.000239"
"dagster-aws","","7397814","818235","2667142","4431200","9644792","19427701","True","9.718e-05","1.353e-05"
"aiotask-context","","1818882","388766","1569291","864112","1836777","4435466","True","9.718e-05","3.33e-06"
"dagster-shared","","3072956","0","0","0","0","15364780","True","9.718e-05","5.62e-06"
"rospkg","","2240868","1280085","1512654","1622616","2818783","3970201","True","9.718e-05","4.1e-06"
"model-archiver","","1093014","408014","602727","812641","1440716","2200972","True","9.718e-05","2e-06"
"schemachange","","1127229","55475","277928","808402","1812576","2681762","True","9.718e-05","2.06e-06"
"earthengine-api","","1205010","695342","439247","638950","1647253","2604258","True","9.718e-05","2.2e-06"
"rfc3339-validator","naimetti/rfc3339-validator","203404759","864757","6367308","130577964","331454263","547759504","True","9.718e-05","0.00037209"
"transforms3d","matthew-brett/transforms3d","2644540","588407","1035868","1328034","4200608","6069784","True","9.718e-05","4.84e-06"
"json-log-formatter","marselester/json-log-formatter","18779674","15030473","14304249","15126788","24305305","25131557","True","9.718e-05","3.435e-05"
"pyrfc6266","","1597023","0","4768","93346","361220","7525779","True","9.718e-05","2.92e-06"
"sqlalchemy-redshift","","36663092","18900690","32292847","30688514","50284127","51149280","True","9.718e-05","6.707e-05"
"secure-smtplib","graingert/secure-smtplib","2076005","475625","1045835","1606291","2916819","4335457","True","9.718e-05","3.8e-06"
"eth-rlp","ethereum/eth-rlp","18222374","1883382","7663396","10221998","34531779","36811315","True","9.718e-05","3.333e-05"
"ntplib","cf-natali/ntplib","4552669","1646289","2696987","2014344","5705690","10700033","True","9.718e-05","8.33e-06"
"standard-chunk","","1315723","0","0","0","73341","6505275","True","9.718e-05","2.41e-06"
"keyrings-codeartifact","","1175038","0","2204","9472","239688","5623827","True","9.718e-05","2.15e-06"
"betterproto","danielgtaylor/python-betterproto","8807947","531774","1270402","12673893","11583192","17980473","True","9.718e-05","1.611e-05"
"tk","","3646994","526823","1044302","3410996","7664453","5588395","True","9.718e-05","6.67e-06"
"google-cloud-tasks","","112409297","5166562","12501318","30852204","121194971","392331429","True","9.718e-05","0.00020563"
"pytest-incremental","","1824156","72276","2020915","2588090","2734537","1704964","True","9.718e-05","3.34e-06"
"akshare","akfamily/akshare","1988082","335958","673511","875914","3239002","4816026","True","9.718e-05","3.64e-06"
"robocorp-workitems","robocorp/robocorp","1288296","0","0","153796","2228059","4059625","True","9.718e-05","2.36e-06"
"databricks-pypi2","","9995017","4878317","7725468","3120682","17743547","16507071","True","9.718e-05","1.828e-05"
"pubnub","pubnub/python","1555302","1085569","1840117","1769799","1367732","1713291","True","9.718e-05","2.85e-06"
"fastapi-slim","fastapi/fastapi","1371734","0","0","245","1364879","5493545","True","9.718e-05","2.51e-06"
"iterative-telemetry","iterative/telemetry-python","5950047","0","225463","3462498","11766524","14295750","True","9.718e-05","1.088e-05"
"faststream","","1281352","0","0","35375","1343868","5027519","True","9.718e-05","2.34e-06"
"construct-typing","","1910647","29876","559196","1058019","1768809","6137337","True","9.718e-05","3.5e-06"
"google-cloud-appengine-admin","","1838432","56748","321170","917617","2063249","5833377","True","9.718e-05","3.36e-06"
"sanelogging","","1211294","262","1818159","2091552","2078132","68364","True","9.718e-05","2.22e-06"
"vector","","1937526","14027","126082","519607","3157546","5870366","True","9.718e-05","3.54e-06"
"docspec-python","","1465323","355344","584555","1005931","1937750","3443035","True","9.718e-05","2.68e-06"
"libclang","sighingnow/libclang","81795364","4558111","52309952","87344792","127903733","136860231","True","9.718e-05","0.00014963"
"mypy-boto3-elasticbeanstalk","","1752748","52262","77015","261910","2286448","6086103","True","9.718e-05","3.21e-06"
"oldest-supported-numpy","scipy/oldest-supported-numpy","36627183","6120048","22638251","31751054","46205081","76421482","True","9.718e-05","6.7e-05"
"polyleven","","1410529","37478","135908","464475","609905","5804881","True","9.718e-05","2.58e-06"
"apache-libcloud","apache/libcloud","2153135","1720606","1614289","1999092","2704172","2727515","True","9.718e-05","3.94e-06"
"trio-websocket","python-trio/trio-websocket","117145231","8935790","64656296","91662432","148744398","271727239","True","9.718e-05","0.00021429"
"google-cloud-common","","1777394","649","23604","2726459","3182784","2953473","True","9.718e-05","3.25e-06"
"keystonemiddleware","","1229285","880563","767886","812121","1336426","2349427","True","9.718e-05","2.25e-06"
"srt","","1810509","98736","336972","846899","1408227","6361711","True","9.718e-05","3.31e-06"
"opentelemetry-instrumentation-pymongo","","4266528","194244","1164812","1677809","5724891","12570884","True","9.718e-05","7.8e-06"
"mypy-boto3-controltower","","1710690","0","1970","223479","2188801","6139198","True","9.718e-05","3.13e-06"
"soda-core-spark","","7766797","0","338509","5150417","12059026","21286034","True","9.718e-05","1.421e-05"
"treepoem","","1419191","99001","108688","122710","361434","6404124","True","9.718e-05","2.6e-06"
"cachy","sdispater/cachy","31781244","32853917","80789674","21296354","12685184","11281093","True","9.718e-05","5.814e-05"
"filechunkio","","1781055","1421495","1466453","1878981","2517641","1620707","True","9.718e-05","3.26e-06"
"delta-kernel-rust-sharing-wrapper","","1301944","0","0","0","434947","6074775","True","9.718e-05","2.38e-06"
"trampoline","","14007764","21016","752581","14368693","18752299","36144229","True","9.718e-05","2.562e-05"
"rocketchat-api","jadolg/rocketchat_api","1543133","868601","1086752","1052948","1601776","3105589","True","9.718e-05","2.82e-06"
"opentelemetry-instrumentation-ollama","","1847995","0","0","0","172185","9067790","True","9.718e-05","3.38e-06"
"azure-keyvault-administration","","29628254","3431321","11885227","26793377","57904019","48127324","True","9.718e-05","5.42e-05"
"grep-ast","","2516502","0","0","18012","889181","11675319","True","9.718e-05","4.6e-06"
"sphinx-external-toc","","1150083","107257","635265","1017750","1531551","2458592","True","9.718e-05","2.1e-06"
"dbt-athena-community","dbt-labs/dbt-adapters","2255423","0","4784","630424","2968099","7673810","True","9.718e-05","4.13e-06"
"labelbox","","1622937","166431","314346","636156","1523396","5474354","True","9.718e-05","2.97e-06"
"mypy-boto3-schemas","youtype/mypy_boto3_builder","6804774","44177","994835","3638878","10487312","18858667","True","9.718e-05","1.245e-05"
"emr-notebooks-magics","","3818411","174","29393","282893","1583844","17195751","True","9.718e-05","6.99e-06"
"encodec","","1125796","0","1968","895656","1532595","3198759","True","9.718e-05","2.06e-06"
"django-health-check","codingjoe/django-health-check","7777306","3286098","4342839","5952100","8629756","16675735","True","9.718e-05","1.423e-05"
"pydot-ng","","1147169","301134","159142","346246","1345870","3583453","True","9.718e-05","2.1e-06"
"pyobjc-framework-naturallanguage","ronaldoussoren/pyobjc","2326945","427004","1005638","2832197","4545577","2824309","True","9.718e-05","4.26e-06"
"pydomo","domoinc/domo-python-sdk","2711178","724416","1700687","2639357","3605162","4886270","True","9.718e-05","4.96e-06"
"gitlint-core","jorisroovers/gitlint","2547306","62660","1001456","1565522","3437700","6669190","True","9.718e-05","4.66e-06"
"pennylane-lightning","","1902646","74136","462178","1060532","2421583","5494799","True","9.718e-05","3.48e-06"
"iterators","","1424194","15432","279181","876402","1476701","4473253","True","9.718e-05","2.61e-06"
"mutagen","quodlibet/mutagen","19820374","7260931","35664612","14887399","21142214","20146716","True","9.718e-05","3.626e-05"
"mypy-boto3-groundstation","","1742296","45415","71824","262328","2289391","6042520","True","9.718e-05","3.19e-06"
"simple-gcp-object-downloader","","8622007","0","949","731078","5837207","36540802","True","9.718e-05","1.577e-05"
"requirementslib","sarugaku/requirementslib","1036525","509040","981290","1920057","892002","880237","True","9.718e-05","1.9e-06"
"pyvalid","","2003892","124709","214262","1438887","3435824","4805778","True","9.718e-05","3.67e-06"
"nvidia-cublas-cu11","","36674622","149","6927385","54203722","78102955","44138900","True","9.718e-05","6.709e-05"
"onnxmltools","onnx/onnxmltools","3363074","1285493","3838448","3388466","4437467","3865497","True","9.718e-05","6.15e-06"
"azure-mgmt-notificationhubs","","16841142","10890265","15899158","17258697","19654662","20502926","True","9.718e-05","3.081e-05"
"mixpanel","mixpanel/mixpanel-python","19626677","2805628","8595311","11591208","26764999","48376240","True","9.718e-05","3.59e-05"
"mongomock","mongomock/mongomock","21577736","4206508","5925608","9898016","33562617","54295933","True","9.718e-05","3.947e-05"
"python-consul","","24300741","24906062","28298228","19732257","27399834","21167325","True","9.718e-05","4.445e-05"
"symengine","symengine/symengine","3176227","533248","1048171","1859562","5970492","6469660","True","9.718e-05","5.81e-06"
"mypy-boto3-personalize","","1741113","47152","69238","259670","2274667","6054836","True","9.718e-05","3.19e-06"
"djangorestframework-gis","openwisp/django-rest-framework-gis","1693495","821729","1092524","1259192","2067917","3226114","True","9.718e-05","3.1e-06"
"aws-cdk-aws-ecr","","3513263","2764901","4522390","4332547","3350874","2595603","True","9.718e-05","6.43e-06"
"flask-threads","","1226078","56943","88773","37622","40696","5906355","True","9.718e-05","2.24e-06"
"feast","feast-dev/feast","3373089","375604","3906613","2021774","4187827","6373626","True","9.718e-05","6.17e-06"
"langsmith","langchain-ai/langsmith-sdk","246939351","0","0","14732889","110640836","1109323028","True","9.718e-05","0.00045173"
"azure-mgmt-signalr","","47648683","14900470","28718597","47038041","81200391","66385915","True","9.718e-05","8.716e-05"
"opentelemetry-propagator-aws-xray","","11986293","81898","1687134","5153846","15761952","37246636","True","9.718e-05","2.193e-05"
"azure-ai-documentintelligence","","6025584","0","0","3515","4316204","25808202","True","9.718e-05","1.102e-05"
"mypy-boto3-kinesis-video-webrtc-storage","","1674214","0","198","222725","2180017","5968132","True","9.718e-05","3.06e-06"
"dask-expr","","21128349","0","0","3087","29889834","75748824","True","9.718e-05","3.865e-05"
"click-plugins","click-contrib/click-plugins","145823828","32898582","72300674","119193980","185277110","319448793","True","9.718e-05","0.00026676"
"tempita","","3433364","3239207","2620781","2931876","4988838","3386120","True","9.718e-05","6.28e-06"
"gcloud-aio-auth","talkiq/gcloud-aio","68630735","563308","2536659","7095369","94550525","238407812","True","9.718e-05","0.00012555"
"textdistance","","7319267","2872235","6206896","4519809","9222549","13774845","True","9.718e-05","1.339e-05"
"python-nmap","","1299003","698699","1090242","939793","1413128","2353153","True","9.718e-05","2.38e-06"
"model-mommy","","1481968","2846646","1012864","975580","980113","1594638","True","9.718e-05","2.71e-06"
"py-serializable","madpah/serializable","15187952","0","4216","3008537","18537648","54389358","True","9.718e-05","2.778e-05"
"flaml","microsoft/flaml","2820968","195509","405885","1858487","6184116","5460843","True","9.718e-05","5.16e-06"
"python-dev-tools","vpoulailleau/python-dev-tools","1934241","7353097","971250","517368","413882","415606","True","9.718e-05","3.54e-06"
"python-neutronclient","","2265584","2260364","1915520","1890208","2065670","3196157","True","9.718e-05","4.14e-06"
"asyncclick","python-trio/asyncclick","3201490","159844","343370","653432","6014867","8835935","True","9.718e-05","5.86e-06"
"memoization","lonelyenvoy/python-memoization","10104452","1107978","2432146","6430688","16259813","24291633","True","9.718e-05","1.848e-05"
"elasticsearch6","elastic/elasticsearch-py","3843418","3220987","4246192","6045155","3381504","2323252","True","9.718e-05","7.03e-06"
"findpython","frostming/findpython","86963299","0","540581","3928796","14591653","415755466","True","9.718e-05","0.00015908"
"ciscoconfparse","mpenning/ciscoconfparse","1103256","594653","547391","752527","1889541","1732166","True","9.718e-05","2.02e-06"
"openai-agents","","4631145","0","0","0","0","23155724","True","9.718e-05","8.47e-06"
"openinference-semantic-conventions","","5187245","0","0","0","3912076","22024151","True","9.718e-05","9.49e-06"
"apache-airflow-providers-ssh","","68790909","940538","6227272","29495104","106398463","200893168","True","9.718e-05","0.00012584"
"fancycompleter","bretello/fancycompleter","4959514","2678046","3197272","3462479","6405688","9054086","True","9.718e-05","9.07e-06"
"theano-pymc","","4115725","2598891","3538727","4754987","6431169","3254852","True","9.718e-05","7.53e-06"
"mcap","foxglove/mcap","2287664","0","54310","961177","4689491","5733340","True","9.718e-05","4.18e-06"
"bc-detect-secrets","bridgecrewio/detect-secrets","10987724","0","997564","7335820","14596147","32009087","True","9.718e-05","2.01e-05"
"langchain-experimental","langchain-ai/langchain-experimental","7094314","0","0","628993","9785769","25056810","True","9.718e-05","1.298e-05"
"autosemver","david-caro/python-autosemver","2655942","3858319","2880311","4024059","1461386","1055637","True","9.718e-05","4.86e-06"
"aws-msk-iam-sasl-signer-python","","2756856","0","0","5574","2486130","11292576","True","9.718e-05","5.04e-06"
"semantic-link-functions-meteostat","","1034297","0","0","38968","741828","4390689","True","9.718e-05","1.89e-06"
"clickhouse-toolset","","1935424","69397","625275","2545107","3975659","2461684","True","9.718e-05","3.54e-06"
"luigi","","8312239","9296850","7055651","7207461","5602409","12398824","True","9.718e-05","1.521e-05"
"sqlalchemy-mixins","absent1706/sqlalchemy-mixins","2315597","1069827","2025751","2842529","2699635","2940243","True","9.718e-05","4.24e-06"
"vokativ","","1254700","266354","1208508","2041325","1115765","1641547","True","9.718e-05","2.3e-06"
"tflite-model-maker-nightly","tensorflow/examples","2588022","96539","777530","5538075","4604916","1923049","True","9.718e-05","4.73e-06"
"pybacklogpy","","3032611","1430849","2770890","3416972","3571976","3972366","True","9.718e-05","5.55e-06"
"minidump","skelsec/minidump","3016048","104046","186621","254792","6595558","7939224","True","9.718e-05","5.52e-06"
"mozrunner","","8204020","25415621","12745593","1759473","478956","620458","True","9.718e-05","1.501e-05"
"striprtf","joshy/striprtf","8810402","292288","869150","933549","10059823","31897200","True","9.718e-05","1.612e-05"
"azure-eventhubs-client","knockriinc/azure_eventhubs_client","1313267","3593846","1244850","892390","342391","492860","True","9.718e-05","2.4e-06"
"durationpy","icholy/durationpy","106714274","1511224","1590875","2020431","67409686","461039155","True","9.718e-05","0.00019521"
"tentaclio-s3","","4224095","100","3969836","843127","3343531","12963883","True","9.718e-05","7.73e-06"
"authcaptureproxy","alandtse/auth_capture_proxy","3006723","427104","1759015","1768657","5808736","5270101","True","9.718e-05","5.5e-06"
"better-exceptions","qix-/better-exceptions","1729755","386604","563489","1332702","2509413","3856569","True","9.718e-05","3.16e-06"
"cloudsplaining","salesforce/cloudsplaining","10368994","886527","3426164","7172513","12249958","28109809","True","9.718e-05","1.897e-05"
"cchardet","pyyoshi/cchardet","10865022","12948283","12595163","12850453","8225528","7705685","True","9.718e-05","1.988e-05"
"vici","","1198844","330860","1096518","1317210","1639286","1610347","True","9.718e-05","2.19e-06"
"docling-core","","2019660","0","0","0","224452","9873847","True","9.718e-05","3.69e-06"
"dvc-objects","treeverse/dvc-objects","3559598","0","649104","3091140","4865573","9192175","True","9.718e-05","6.51e-06"
"google-generativeai","","23609220","0","0","576611","15127014","102342476","True","9.718e-05","4.319e-05"
"arize-phoenix-otel","","1459021","0","0","0","684751","6610352","True","9.718e-05","2.67e-06"
"fpdf","reingart/pyfpdf","18554060","3746719","7458330","11429065","26689598","43446589","True","9.718e-05","3.394e-05"
"circuitbreaker","fabfuel/circuitbreaker","11449109","1971362","2162207","4626306","9803693","38681978","True","9.718e-05","2.094e-05"
"outlines","dottxt-ai/outlines","5840284","0","0","15051","5009499","24176869","True","9.718e-05","1.068e-05"
"habluetooth","","1119902","0","0","18293","1190538","4390679","True","9.718e-05","2.05e-06"
"torchmetrics","lightning-ai/torchmetrics","51275485","5003829","26363695","49261224","68082238","107666440","True","9.718e-05","9.38e-05"
"quinn","","7620873","4012906","7223441","9884682","8785542","8197795","True","9.718e-05","1.394e-05"
"edlib","martinsos/edlib","1364624","1526660","1528273","806235","1205834","1756118","True","9.718e-05","2.5e-06"
"asyncio-mqtt","","1104498","165597","340280","635143","1198053","3183415","True","9.718e-05","2.02e-06"
"ckzg","ethereum/c-kzg-4844","8055544","0","0","0","14966303","25311419","True","9.718e-05","1.474e-05"
"drf-extensions","chibisov/drf-extensions","3165359","1441785","1706719","2119716","3849310","6709264","True","9.718e-05","5.79e-06"
"polyfactory","litestar-org/polyfactory","12549814","0","0","919063","25807265","36022740","True","9.718e-05","2.296e-05"
"django-prometheus","","6987073","2046939","2902590","4151942","8530115","17303777","True","9.718e-05","1.278e-05"
"css-inline","","1742290","54368","202455","492269","2773908","5188450","True","9.718e-05","3.19e-06"
"testing-postgresql","","3899251","1792315","2818639","3348581","4163391","7373331","True","9.718e-05","7.13e-06"
"jinjanator-plugins","","1243188","0","0","26486","1318742","4870711","True","9.718e-05","2.27e-06"
"pytest-test-groups","","2667447","895669","1110363","913204","1371168","9046833","True","9.718e-05","4.88e-06"
"google-cloud-alloydb","","9893036","0","0","2980","1310079","48152119","True","9.718e-05","1.81e-05"
"demjson","","2905439","5452538","3379517","2910608","2081986","702545","True","9.718e-05","5.31e-06"
"pypika","kayak/pypika","29644063","8975788","20944161","27921954","36486587","53891826","True","9.718e-05","5.423e-05"
"opentelemetry-instrumentation-sqlalchemy","","19347871","2707151","8162295","7310717","17040017","61519173","True","9.718e-05","3.539e-05"
"mypy-boto3-rds-data","","1882289","51069","109348","341331","2495258","6414439","True","9.718e-05","3.44e-06"
"azure-mgmt-kusto","","22035986","4765643","12904137","27243045","57288851","7978256","True","9.718e-05","4.031e-05"
"e3nn","","1121445","7581","90283","516037","2034516","2958809","True","9.718e-05","2.05e-06"
"pyandoc","","9512705","129177","242461","10992801","18230633","17968453","True","9.718e-05","1.74e-05"
"android-backup","","4003209","80924","4050950","8358379","4627153","2898638","True","9.718e-05","7.32e-06"
"delighted","","4137803","1064200","5117234","5099864","4031536","5376181","True","9.718e-05","7.57e-06"
"zope-cachedescriptors","","1653440","525863","395324","508318","5671643","1166050","True","9.718e-05","3.02e-06"
"vertexai","googleapis/python-aiplatform","6288632","0","0","86240","4961234","26395684","True","9.718e-05","1.15e-05"
"dbt-fabric","","6693698","0","0","28192","2872809","30567491","True","9.718e-05","1.224e-05"
"pydantic-evals","","3918017","0","0","0","0","19590085","True","9.718e-05","7.17e-06"
"cmudict","prosegrinder/python-cmudict","1935399","2571998","249973","251790","2376734","4226501","True","9.718e-05","3.54e-06"
"py-money","","1106920","153470","210347","340673","192089","4638023","True","9.718e-05","2.02e-06"
"treelib","caesar0301/treelib","7474045","1984346","5548544","7135309","10441353","12260673","True","9.718e-05","1.367e-05"
"pymoo","","1691340","319190","576719","1202519","2277867","4080404","True","9.718e-05","3.09e-06"
"ebaysdk","","1042003","926914","855986","881495","1184998","1360620","True","9.718e-05","1.91e-06"
"nexus-rpc","","7126381","190","221","176","442","35630874","True","9.718e-05","1.304e-05"
"telebot","kylejameswalker/telebot","2294226","1230625","1389013","1648951","3056145","4146394","True","9.718e-05","4.2e-06"
"pybars4","","1069412","8163","6081","149849","477581","4705386","True","9.718e-05","1.96e-06"
"sampleproject","","5289249","96908","93737","5542452","10317527","10395623","True","9.718e-05","9.68e-06"
"seqio","google/seqio","2850123","109891","256287","1439217","11100673","1344546","True","9.718e-05","5.21e-06"
"grequests","","4656265","5461878","4443966","3659709","4555358","5160415","True","9.718e-05","8.52e-06"
"airflow-provider-great-expectations","great-expectations/airflow-provider-great-expectations","2699840","375882","1843046","2364496","2501341","6414436","True","9.718e-05","4.94e-06"
"mypy-boto3-networkflowmonitor","","1217951","0","0","0","145970","5943787","True","9.718e-05","2.23e-06"
"pyobjc-framework-gameplaykit","","1976241","445341","988233","2532005","3042287","2873341","True","9.718e-05","3.62e-06"
"aws-secretsmanager-caching","aws/aws-secretsmanager-caching-python","8206993","407074","1198980","4721050","13122519","21585342","True","9.718e-05","1.501e-05"
"pyobjc-framework-discrecordingui","ronaldoussoren/pyobjc","2001988","445301","1009724","2573473","3109681","2871763","True","9.718e-05","3.66e-06"
"versionfinder","","1516134","199120","189175","853033","2923551","3415793","True","9.718e-05","2.77e-06"
"instana","instana/python-sensor","5155559","8133933","9718370","6410767","938616","576108","True","9.718e-05","9.43e-06"
"stringzilla","","4283192","0","0","17742","2299312","19098908","True","9.718e-05","7.84e-06"
"amqpstorm","","2365348","227183","563923","1578510","3671107","5786017","True","9.718e-05","4.33e-06"
"elasticquery","fizzadar/elasticquery","2866118","3167052","2967642","4259144","3507385","429365","True","9.718e-05","5.24e-06"
"pbs-installer","frostming/pbs-installer","87109283","0","0","837","11375909","424169669","True","9.718e-05","0.00015935"
"whippet","","1065406","5887","16229","46269","145748","5112897","True","9.718e-05","1.95e-06"
"tatsu","neogeny/tatsu","3182668","734281","1261698","1663820","3699411","8554131","True","9.718e-05","5.82e-06"
"backports-csv","","9319307","3720291","20644620","12390545","8162487","1678591","True","9.718e-05","1.705e-05"
"ed25519","warner/python-ed25519","1144875","522927","1481446","1935221","1139082","645701","True","9.718e-05","2.09e-06"
"dbnd","databand-ai/dbnd","1686337","1033491","1527013","1396531","2873113","1601537","True","9.718e-05","3.08e-06"
"slicer","interpretml/slicer","62324139","21356824","42868186","67863140","79574715","99957829","True","9.718e-05","0.00011401"
"qiskit-terra","qiskit/qiskit","1584355","872735","1223379","2291480","1842472","1691708","True","9.718e-05","2.9e-06"
"torch-optimizer","","1294955","476846","671189","1137282","1738272","2451184","True","9.718e-05","2.37e-06"
"konlpy","","1132430","530383","962406","684315","1549430","1935618","True","9.718e-05","2.07e-06"
"gcld3","google/cld3","1574548","4554495","396149","1907280","313224","701590","True","9.718e-05","2.88e-06"
"mypy-boto3-lex-models","","1734416","46412","70739","255019","2266177","6033733","True","9.718e-05","3.17e-06"
"msgpack-python","msgpack/msgpack-python","14204193","15239177","19896884","20232982","8656433","6995487","True","9.718e-05","2.598e-05"
"html-void-elements","","2357544","0","232374","1948246","5502904","4104197","True","9.718e-05","4.31e-06"
"opentelemetry-proto","open-telemetry/opentelemetry-python","364816688","3746747","15202843","72078754","326596430","1406458666","True","9.718e-05","0.00066736"
"imgtool","","1704985","177298","420039","1311309","2048944","4567337","True","9.718e-05","3.12e-06"
"pyobjc-framework-uniformtypeidentifiers","ronaldoussoren/pyobjc","1011421","182388","454432","680034","917260","2822991","True","9.718e-05","1.85e-06"
"stable-baselines3","dlr-rm/stable-baselines3","3096196","311328","949301","1436462","3729130","9054758","True","9.718e-05","5.66e-06"
"datetime-distance","dedupeio/datetime-distance","1148958","1093994","2579195","960924","656590","454088","True","9.718e-05","2.1e-06"
"exponent-server-sdk","","2141386","1572297","3669420","1018692","1355653","3090870","True","9.718e-05","3.92e-06"
"pycairo","pygobject/pycairo","26433871","31641677","41554695","19622854","17975023","21375107","True","9.718e-05","4.836e-05"
"highered","","1236906","1104735","2574128","969197","837691","698778","True","9.718e-05","2.26e-06"
"interpret-core","","3069216","1791979","3161051","2948198","2861648","4583205","True","9.718e-05","5.61e-06"
"hatch-fancy-pypi-readme","hynek/hatch-fancy-pypi-readme","17755537","0","612487","13197290","27206474","47761432","True","9.718e-05","3.248e-05"
"benbotasync","","8723900","31692769","926378","10906960","47529","45865","True","9.718e-05","1.596e-05"
"rstr","","6618869","1307720","2016969","4046877","9240133","16482646","True","9.718e-05","1.211e-05"
"azureml-contrib-services","","9681920","9981694","10197032","18231125","9133126","866625","True","9.718e-05","1.771e-05"
"eth-hash","ethereum/eth-hash","24787350","2550726","12630627","15027957","56615076","37112362","True","9.718e-05","4.534e-05"
"backports-ssl-match-hostname","","10308407","16659769","13299974","8545427","6560933","6475931","True","9.718e-05","1.886e-05"
"comfyui-workflow-templates","","3492103","0","0","0","0","17460515","True","9.718e-05","6.39e-06"
"mypy-boto3-marketplace-reporting","","1350132","0","0","0","649300","6101360","True","9.718e-05","2.47e-06"
"msgraph-sdk","microsoftgraph/msgraph-sdk-python","7972445","0","1029","676571","8210606","30974017","True","9.718e-05","1.458e-05"
"dag-factory","astronomer/dag-factory","3737974","761073","3543446","2623536","4426183","7335634","True","9.718e-05","6.84e-06"
"tlparse","","4497799","0","0","0","15275117","7213878","True","9.718e-05","8.23e-06"
"amino","tek/amino","1106945","1995752","2864883","578540","66717","28835","True","9.718e-05","2.02e-06"
"javaproperties","jwodder/javaproperties","34147974","6470847","16254385","31077148","63685640","53251852","True","9.718e-05","6.247e-05"
"pyobjc-framework-social","ronaldoussoren/pyobjc","1962228","435483","989599","2535117","3028284","2822656","True","9.718e-05","3.59e-06"
"mypy-boto3-workmailmessageflow","","1742182","44475","63942","256772","2264312","6081408","True","9.718e-05","3.19e-06"
"inflate64","miurahr/inflate64","12187503","0","1647343","7470498","16984219","34835457","True","9.718e-05","2.229e-05"
"keyrings-alt","","10818454","3757755","4425019","5637961","7961018","32310518","True","9.718e-05","1.979e-05"
"triton","triton-lang/triton","111784425","304909","1184452","46277407","150585489","360569870","True","9.718e-05","0.00020449"
"rpy2","rpy2/rpy2","4985515","2739573","3935344","6693199","6667805","4891655","True","9.718e-05","9.12e-06"
"fastmcp","","19718070","0","0","0","7158","98583190","True","9.718e-05","3.607e-05"
"hexbytes","ethereum/hexbytes","20888284","2006800","6307669","12395904","32575276","51155770","True","9.718e-05","3.821e-05"
"azure-mgmt-extendedlocation","","28431520","1398356","11587211","26262775","55381350","47527907","True","9.718e-05","5.201e-05"
"sglang","","3201332","0","0","50","212492","15794116","True","9.718e-05","5.86e-06"
"imdbpy","","37870371","19618908","23407586","36823644","101318680","8183035","True","9.718e-05","6.928e-05"
"pyorc","noirello/pyorc","7568708","5735968","13672816","7742129","7965739","2726890","True","9.718e-05","1.385e-05"
"pyqt6-webengine-qt6","","1318404","6048","92463","219660","328364","5945484","True","9.718e-05","2.41e-06"
"facebook-sdk","mobolic/facebook-sdk","2690017","3105233","1744773","2677733","2106716","3815628","True","9.718e-05","4.92e-06"
"pyaml-env","","1782407","50749","515555","1346176","2411950","4587607","True","9.718e-05","3.26e-06"
"ntc-templates","networktocode/ntc-templates","2803986","1041327","1143329","1832379","3967955","6034939","True","9.718e-05","5.13e-06"
"sqlalchemy-mate","machu-gwu/sqlalchemy_mate-project","4451179","2848","3389427","3663103","4467415","10733104","True","9.718e-05","8.14e-06"
"types-google-cloud-ndb","","1575952","118","11348","960909","2361134","4546253","True","9.718e-05","2.88e-06"
"apache-airflow-providers-celery","","5578666","514629","2936898","4202360","8217415","12022030","True","9.718e-05","1.021e-05"
"wheel-filename","wheelodex/wheel-filename","2031108","481279","883216","1683834","3522175","3585036","True","9.718e-05","3.72e-06"
"ofxparse","","1044284","1626648","758606","807607","955351","1073208","True","9.718e-05","1.91e-06"
"tcod","libtcod/python-tcod","2087432","60612","200331","1787874","4207013","4181329","True","9.718e-05","3.82e-06"
"semantic-link-functions-phonenumbers","","1034301","0","0","38999","742007","4390499","True","9.718e-05","1.89e-06"
"english-words","mwiens91/english-words-py","1703145","95460","670251","5209348","1538788","1001876","True","9.718e-05","3.12e-06"
"pyannote-core","","3562246","146682","325152","1188988","5031141","11119266","True","9.718e-05","6.52e-06"
"pyecharts","pyecharts/pyecharts","1722762","612220","732991","1360858","1905993","4001748","True","9.718e-05","3.15e-06"
"fvcore","facebookresearch/fvcore","6605051","1459023","3705655","9946102","8960262","8954212","True","9.718e-05","1.208e-05"
"lucopy","","3628164","0","811030","5805473","6892162","4632155","True","9.718e-05","6.64e-06"
"datamodel-code-generator","koxudaxi/datamodel-code-generator","19691445","810413","1798581","4789238","18204955","72854037","True","9.718e-05","3.602e-05"
"mypy-boto3-kinesisvideo","","1745624","46506","84156","270950","2275518","6050989","True","9.718e-05","3.19e-06"
"mypy-boto3-codestar-connections","","1736351","44521","66038","258121","2268552","6044525","True","9.718e-05","3.18e-06"
"rpaframework-pdf","","3418461","160503","745695","1743046","7450005","6993058","True","9.718e-05","6.25e-06"
"throttlex","asuiu/throttlex","1722654","0","0","10859","7466890","1135520","True","9.718e-05","3.15e-06"
"mypy-boto3-dax","","1813406","47618","76231","382301","2397718","6163161","True","9.718e-05","3.32e-06"
"gcloud-aio-storage","talkiq/gcloud-aio","82924418","412920","1630010","6282410","92926423","313370329","True","9.718e-05","0.00015169"
"untangle","","1906591","1240359","1672846","1637165","2046718","2935865","True","9.718e-05","3.49e-06"
"emmet-core","","2846863","9775","121407","1232003","3021042","9850088","True","9.718e-05","5.21e-06"
"pretty-html-table","sbi-rviot/ph_table","8149555","1218537","6043557","7148879","12002834","14333967","True","9.718e-05","1.491e-05"
"opentelemetry-instrumentation-elasticsearch","","3475129","190144","2853923","1858755","4224751","8248071","True","9.718e-05","6.36e-06"
"nvidia-cuda-nvrtc-cu12","","101725666","0","187","11995857","122508810","374123474","True","9.718e-05","0.00018609"
"crc","","1263496","18565","102868","398261","1516426","4281361","True","9.718e-05","2.31e-06"
"mypy-boto3-storagegateway","","1794484","45357","71378","255660","2272284","6327740","True","9.718e-05","3.28e-06"
"opentelemetry-instrumentation-weaviate","","1876624","0","0","2266","303239","9077615","True","9.718e-05","3.43e-06"
"gitignore-parser","mherrmann/gitignore_parser","1883632","197802","1048163","2805484","2843908","2522804","True","9.718e-05","3.45e-06"
"facets-overview","pair-code/facets","1984794","1271948","3182691","2786458","1824380","858495","True","9.718e-05","3.63e-06"
"dagster","","12557716","1656770","4473902","7891067","14668978","34097862","True","9.718e-05","2.297e-05"
"postmarker","stranger6667/postmarker","2227029","502178","785738","1399475","2578497","5869255","True","9.718e-05","4.07e-06"
"flake8-markdown","johnfraney/flake8-markdown","1137901","456876","1584738","1409519","1548309","690061","True","9.718e-05","2.08e-06"
"mypy-boto3-dms","","2398350","54598","89692","333637","4692022","6821801","True","9.718e-05","4.39e-06"
"pykakasi","","5110903","1900436","2403863","4802571","8383286","8064358","True","9.718e-05","9.35e-06"
"pillow-heif","","10367624","7856","494634","3138064","9701729","38495839","True","9.718e-05","1.897e-05"
"streamlit-extras","","1684727","0","9344","720450","2754851","4938991","True","9.718e-05","3.08e-06"
"audioop-lts","","2879365","0","0","0","207463","14189363","True","9.718e-05","5.27e-06"
"adbc-driver-postgresql","","1107496","0","0","65593","809132","4662757","True","9.718e-05","2.03e-06"
"ansible","","67119304","59281377","58095399","51803112","75502457","90914177","True","9.718e-05","0.00012278"
"s3pathlib","machu-gwu/s3pathlib-project","5479838","0","26307","1790649","4544136","21038097","True","9.718e-05","1.002e-05"
"ipy","autocracy/python-ipy","2988934","3300199","2178994","2192498","3041540","4231438","True","9.718e-05","5.47e-06"
"pymupdf","pymupdf/pymupdf","75938692","7192290","15439810","25098251","42991838","288971271","True","9.718e-05","0.00013891"
"pyobjc-framework-coreservices","ronaldoussoren/pyobjc","2465606","492656","1036530","2960696","4781389","3056759","True","9.718e-05","4.51e-06"
"venv-pack","","1290337","264246","946760","1210757","1754558","2275363","True","9.718e-05","2.36e-06"
"google-cloud-texttospeech","","77697034","1762804","5924448","9074446","93630236","278093237","True","9.718e-05","0.00014213"
"pylink-square","square/pylink","3543081","425026","1980332","2693842","3692566","8923637","True","9.718e-05","6.48e-06"
"django-bulk-update","aykut/django-bulk-update","1985154","1819130","1265785","1260625","3491406","2088823","True","9.718e-05","3.63e-06"
"pyobjc-framework-corewlan","ronaldoussoren/pyobjc","2362883","441766","1021169","2862797","4589246","2899435","True","9.718e-05","4.32e-06"
"supabase-functions","supabase/supabase-py","3648654","0","0","148","4331","18238790","True","9.718e-05","6.67e-06"
"pyobjc-framework-oslog","ronaldoussoren/pyobjc","1080879","369048","544754","719431","946894","2824269","True","9.718e-05","1.98e-06"
"monkeytype","instagram/monkeytype","1465321","349724","572979","779940","3147248","2476715","True","9.718e-05","2.68e-06"
"aws-cdk-aws-logs-destinations","","4451385","204674","19791615","317710","1010107","932820","True","9.718e-05","8.14e-06"
"formulas","vinci1it2000/formulas","1944676","233375","1482538","2523362","3823721","1660386","True","9.718e-05","3.56e-06"
"playwright-stealth","","1213877","9707","95077","426490","1096168","4441942","True","9.718e-05","2.22e-06"
"requests-pkcs12","m-click/requests_pkcs12","4907485","2035315","2842183","3890939","6572434","9196553","True","9.718e-05","8.98e-06"
"huey","","3423308","490735","1529243","983659","1220886","12892016","True","9.718e-05","6.26e-06"
"tree-sitter-typescript","","3432023","0","0","0","229013","16931104","True","9.718e-05","6.28e-06"
"py-tgcalls","pytgcalls/pytgcalls","3730611","1417284","7722990","7039053","1881718","592012","True","9.718e-05","6.82e-06"
"dvc","treeverse/dvc","8854064","3802295","11131371","10169653","6670104","12496899","True","9.718e-05","1.62e-05"
"mypy-boto3-application-insights","","1743561","45785","76080","261804","2271250","6062887","True","9.718e-05","3.19e-06"
"mypy-boto3-iotthingsgraph","","1735011","47250","68797","257248","2259711","6042049","True","9.718e-05","3.17e-06"
"deptry","","5545241","0","25929","665318","3795999","23238958","True","9.718e-05","1.014e-05"
"lru-dict","amitdev/lru-dict","18980319","3581975","10979077","22894429","33667075","23779039","True","9.718e-05","3.472e-05"
"qiskit-ibm-runtime","","1159245","0","27826","441838","1349024","3977536","True","9.718e-05","2.12e-06"
"yaql","","1748157","479151","814509","641408","4894700","1911018","True","9.718e-05","3.2e-06"
"keras-resnet","broadinstitute/keras-resnet","1401611","1105869","4183579","1600581","58008","60016","True","9.718e-05","2.56e-06"
"facebook-business","","32421683","24562120","26087684","15951772","32762097","62744743","True","9.718e-05","5.931e-05"
"quart-cors","","3127438","5566334","211012","544021","3615980","5699842","True","9.718e-05","5.72e-06"
"gdbmongo","","2597483","0","1100","384859","4401858","8199599","True","9.718e-05","4.75e-06"
"pyjokes","","1577197","1358363","1757536","832746","1183476","2753864","True","9.718e-05","2.89e-06"
"sqlalchemy-bigquery","googleapis/python-bigquery-sqlalchemy","101927319","57649","6837878","17586131","96611935","388543002","True","9.718e-05","0.00018646"
"azure-ai-contentsafety","","1035067","0","0","23294","815227","4336816","True","9.718e-05","1.89e-06"
"aws-assume-role-lib","benkehoe/aws-assume-role-lib","3602927","207616","1762761","4905360","4952754","6186146","True","9.718e-05","6.59e-06"
"reactivex","reactivex/rxpy","15197370","0","1603198","6313232","18298193","49772226","True","9.718e-05","2.78e-05"
"youtube-transcript-api","jdepoix/youtube-transcript-api","8474679","97337","410565","762696","10582174","30520621","True","9.718e-05","1.55e-05"
"peft","huggingface/peft","18569880","0","0","4716668","24434116","63698617","True","9.718e-05","3.397e-05"
"pyexecjs","doloopwhile/pyexecjs","2894070","689343","4122552","4489418","2073847","3095192","True","9.718e-05","5.29e-06"
"soda-core","","9158891","0","449079","5784718","14914191","24646466","True","9.718e-05","1.675e-05"
"tensorflow-cpu","","8324207","2207144","6556574","9919432","11070911","11866972","True","9.718e-05","1.523e-05"
"pyobjc-framework-securityfoundation","","1986135","471665","1014002","2557882","3044068","2843058","True","9.718e-05","3.63e-06"
"markdownify","matthewwithanm/python-markdownify","33369126","590204","1426750","4648186","19349405","140831083","True","9.718e-05","6.104e-05"
"dghs-imgutils","","1741964","0","0","108171","244122","8357528","True","9.718e-05","3.19e-06"
"os-service-types","","6800617","4275459","4451838","5565262","8420711","11289816","True","9.718e-05","1.244e-05"
"dbt-bigquery","dbt-labs/dbt-adapters","15804496","5184051","8085826","9756204","25108881","30887516","True","9.718e-05","2.891e-05"
"lib4sbom","","1151088","0","0","223483","573012","4958944","True","9.718e-05","2.11e-06"
"python-novaclient","","4094544","3597130","3673039","4094606","4419491","4688454","True","9.718e-05","7.49e-06"
"ssm-parameter-store","christippett/ssm-parameter-store","1237597","649502","2384925","1402824","1040538","710196","True","9.718e-05","2.26e-06"
"bounded-pool-executor","","1151303","306156","537717","597123","1806851","2508670","True","9.718e-05","2.11e-06"
"mypy-boto3-qldb","","1590450","45192","71741","257944","2278760","5298615","True","9.718e-05","2.91e-06"
"mypy-boto3-neptune-graph","","1632742","0","0","26361","2168398","5968952","True","9.718e-05","2.99e-06"
"pandas-flavor","pyjanitor-devs/pandas_flavor","2470072","1284088","1449138","1959032","3057982","4600120","True","9.718e-05","4.52e-06"
"opentelemetry-instrumentation-transformers","","1901570","0","0","10419","367248","9130184","True","9.718e-05","3.48e-06"
"pingouin","","1347106","1163154","1132779","925979","1162042","2351576","True","9.718e-05","2.46e-06"
"inline-snapshot","","2104120","0","360","15361","1372008","9132872","True","9.718e-05","3.85e-06"
"dumb-init","yelp/dumb-init","1867530","1619450","1927922","1541257","1400347","2848674","True","9.718e-05","3.42e-06"
"llama-index-multi-modal-llms-openai","","5772661","0","0","0","8299686","20563619","True","9.718e-05","1.056e-05"
"cdktf","","1429704","113301","660297","931819","1864912","3578192","True","9.718e-05","2.62e-06"
"types-html5lib","","12342069","4940","79058","2703989","13290238","45632118","True","9.718e-05","2.258e-05"
"sccache","","1257885","0","506","413005","1866118","4009797","True","9.718e-05","2.3e-06"
"trailrunner","","11028155","33301","307567","1434155","31404317","21961435","True","9.718e-05","2.017e-05"
"tensorboard-data-server","tensorflow/tensorboard","128200340","38688716","89515278","131967893","177853556","202976257","True","9.718e-05","0.00023452"
"azure-mgmt-imagebuilder","","29607934","4590665","12734598","26900441","56255434","47558532","True","9.718e-05","5.416e-05"
"selectolax","rushter/selectolax","4623092","240222","681798","520184","8114138","13559118","True","9.718e-05","8.46e-06"
"unicorn","unicorn-engine/unicorn","1778323","673654","702706","928342","2859435","3727477","True","9.718e-05","3.25e-06"
"tree-sitter-cpp","","1784689","0","0","0","102105","8821342","True","9.718e-05","3.26e-06"
"stestr","mtreinish/stestr","1653173","1607239","1231537","1013255","2274530","2139302","True","9.718e-05","3.02e-06"
"fairlearn","fairlearn/fairlearn","1757732","252574","1314494","2469828","2893208","1858554","True","9.718e-05","3.22e-06"
"loky","joblib/loky","1514834","313412","563929","1908771","1821995","2966061","True","9.718e-05","2.77e-06"
"impyla","cloudera/impyla","29373931","5214691","4104778","6592781","12179771","118777635","True","9.718e-05","5.373e-05"
"pyyml","","2407934","2046153","2961418","1794447","951579","4286072","True","9.718e-05","4.4e-06"
"mypy-boto3-frauddetector","","1736430","44410","71641","257810","2268656","6039633","True","9.718e-05","3.18e-06"
"aiotools","","1088748","102826","122822","110775","981687","4125632","True","9.718e-05","1.99e-06"
"rio-cogeo","","1159821","114380","158902","366128","1325812","3833881","True","9.718e-05","2.12e-06"
"zope-exceptions","","1916845","465973","399049","746844","6063738","1908620","True","9.718e-05","3.51e-06"
"langchain-postgres","","1705196","0","0","0","1301961","7224017","True","9.718e-05","3.12e-06"
"awscli-cwlogs","","3547632","7811925","4121574","4362272","712003","730388","True","9.718e-05","6.49e-06"
"robotframework-sshlibrary","","2711638","1727759","3175783","3511002","2507010","2636638","True","9.718e-05","4.96e-06"
"cleo","python-poetry/cleo","288320592","33560130","87668137","175724106","436295185","708355403","True","9.718e-05","0.00052743"
"types-beautifulsoup4","python/typeshed","9553819","30509","484736","2625166","10888242","33740442","True","9.718e-05","1.748e-05"
"nylas","","1157756","411448","1119616","1240604","1192228","1824885","True","9.718e-05","2.12e-06"
"aws-opentelemetry-distro","","1014003","0","0","0","1904283","3165731","True","9.718e-05","1.85e-06"
"mozterm","","4651869","11900761","5989139","813187","1599987","2956273","True","9.718e-05","8.51e-06"
"libsast","","1308110","357200","829288","1350642","1591439","2411979","True","9.718e-05","2.39e-06"
"jupyterhub-idle-culler","jupyterhub/jupyterhub-idle-culler","1495236","346578","5619771","752881","481123","275827","True","9.718e-05","2.74e-06"
"django-multiselectfield","goinnn/django-multiselectfield","2752925","1362889","1930435","2410886","3291881","4768533","True","9.718e-05","5.04e-06"
"robocorp-storage","robocorp/robocorp","2942341","0","0","899207","6588636","7223864","True","9.718e-05","5.38e-06"
"anndata","scverse/anndata","3722850","329007","1325072","1117327","2700159","13142687","True","9.718e-05","6.81e-06"
"nh3","messense/nh3","81787791","876","3800","19565091","125091678","264277512","True","9.718e-05","0.00014961"
"azure-applicationinsights","","15808513","10436142","15567186","15900817","19010860","18127558","True","9.718e-05","2.892e-05"
"logz","hanzhichao/logz","3559553","2155","1885","771629","8484166","8537930","True","9.718e-05","6.51e-06"
"simplefix","da4089/simplefix","4022528","118989","3068633","4485288","6725498","5714233","True","9.718e-05","7.36e-06"
"pip-system-certs","","6425540","7102","86384","831702","4415770","26786743","True","9.718e-05","1.175e-05"
"langchain-mistralai","","1440231","0","0","5394","1364971","5830792","True","9.718e-05","2.63e-06"
"pyobjc-framework-iosurface","ronaldoussoren/pyobjc","1964685","462467","989289","2524355","3022339","2824974","True","9.718e-05","3.59e-06"
"msgspec","jcrist/msgspec","41462476","4914","134824","2444723","41595942","163131979","True","9.718e-05","7.585e-05"
"flask-sock","","1731658","15211","665713","1302076","2004459","4670833","True","9.718e-05","3.17e-06"
"dash-extensions","","1181886","251430","459517","855392","1344508","2998582","True","9.718e-05","2.16e-06"
"gitlint","jorisroovers/gitlint","2681624","734998","1167839","1602525","3453457","6449301","True","9.718e-05","4.91e-06"
"fasttext","facebookresearch/fasttext","11805899","4335293","8422251","12545963","17175445","16550545","True","9.718e-05","2.16e-05"
"antlr4-tools","","1255715","0","9169","377258","4454111","1438036","True","9.718e-05","2.3e-06"
"feather-format","wesm/feather","1645708","1650907","1155860","1310349","2843857","1267565","True","9.718e-05","3.01e-06"
"pyaudio","","3150244","1301644","1236354","2177848","3918128","7117245","True","9.718e-05","5.76e-06"
"dramatiq","bogdanp/dramatiq","2467633","567454","1089089","1690706","2654837","6336078","True","9.718e-05","4.51e-06"
"interface-meta","","12198194","2022399","5123336","5232747","17095231","31517257","True","9.718e-05","2.231e-05"
"pytgcalls","","1016349","1230196","1661835","1162662","441543","585508","True","9.718e-05","1.86e-06"
"parquet-metadata","cldellow/parquet-metadata","1764837","2199095","2650320","1209677","1277564","1487530","True","9.718e-05","3.23e-06"
"haystack-ai","","1359995","0","0","35325","2131714","4632934","True","9.718e-05","2.49e-06"
"apache-airflow-providers-atlassian-jira","","3091410","0","68480","2707396","5717125","6964050","True","9.718e-05","5.66e-06"
"pytest-json-ctrf","","2134793","0","0","0","17668","10656298","True","9.718e-05","3.91e-06"
"workalendar","workalendar/workalendar","6391600","2183610","3642625","4562485","9123697","12445584","True","9.718e-05","1.169e-05"
"django-types","","1391233","19167","118158","765414","1765770","4287654","True","9.718e-05","2.54e-06"
"async-stripe","","1734811","3871","15501","128402","3893553","4632729","True","9.718e-05","3.17e-06"
"anytree","c0fec0de/anytree","16253272","5048367","8164082","8468787","19621009","39964117","True","9.718e-05","2.973e-05"
"bookstore","nteract/bookstore","1360389","446165","5513148","624360","213134","5138","True","9.718e-05","2.49e-06"
"hdfs","","48949027","16624043","47504927","39782386","49414487","91419292","True","9.718e-05","8.954e-05"
"python-decouple","","28480087","5533191","11589955","17845328","42715271","64716692","True","9.718e-05","5.21e-05"
"robotframework-selenium2library","robotframework/selenium2library","1516015","1363460","1355779","1459549","1815758","1585529","True","9.718e-05","2.77e-06"
"elasticsearch-curator","elastic/curator","2357418","1253680","1217941","2093119","3371814","3850538","True","9.718e-05","4.31e-06"
"pycognito","","3144866","824549","727759","1472232","4115694","8584098","True","9.718e-05","5.75e-06"
"x-transformers","","1370137","61535","74905","303225","1039421","5371597","True","9.718e-05","2.51e-06"
"lazy-model","","2865933","0","6348","904978","2652131","10766207","True","9.718e-05","5.24e-06"
"nvidia-cuda-nvrtc-cu11","","34312902","148","6869040","53125094","71617513","39952714","True","9.718e-05","6.277e-05"
"kmodes","nicodv/kmodes","3171029","2052529","4395547","2986013","3445414","2975643","True","9.718e-05","5.8e-06"
"mozilla-django-oidc","mozilla/mozilla-django-oidc","2405700","873143","1107162","1427334","2995347","5625514","True","9.718e-05","4.4e-06"
"django-jsonfield","adamchainz/django-jsonfield","1512329","1516355","1540479","1633860","1496544","1374408","True","9.718e-05","2.77e-06"
"launchable","","1670935","204265","999854","2316509","3162660","1671387","True","9.718e-05","3.06e-06"
"aws-cdk-aws-acmpca","","1883156","285401","2407417","2318584","2449528","1954851","True","9.718e-05","3.44e-06"
"starrocks","","1539644","0","0","5495","1024110","6668616","True","9.718e-05","2.82e-06"
"singlestoredb","","1194397","0","123427","555171","1190197","4103191","True","9.718e-05","2.18e-06"
"tlslite-ng","","1396347","1134220","632884","689164","922373","3603095","True","9.718e-05","2.55e-06"
"elastic-apm","elastic/apm-agent-python","9925737","5932774","7389033","9137688","12241278","14927911","True","9.718e-05","1.816e-05"
"python-bitcoinlib","","1048586","274930","445549","1025970","1464026","2032455","True","9.718e-05","1.92e-06"
"pdpyras","","18317508","2455848","7298738","17131562","21722269","42979124","True","9.718e-05","3.351e-05"
"tensorflow-recommenders","tensorflow/recommenders","4612817","903467","9771197","4474704","5102992","2811724","True","9.718e-05","8.44e-06"
"snowflake-core","","8557188","0","0","134820","6354352","36296770","True","9.718e-05","1.565e-05"
"open-clip-torch","mlfoundations/open_clip","13403368","0","429094","8055764","17423675","41108307","True","9.718e-05","2.452e-05"
"mypy-boto3-comprehend","","1838988","53896","134691","293555","2366470","6346327","True","9.718e-05","3.36e-06"
"webcolors","ubernostrum/webcolors","136363828","6866795","12163838","77783617","219596952","365407938","True","9.718e-05","0.00024945"
"py-machineid","","1013976","0","777","266488","939023","3863590","True","9.718e-05","1.85e-06"
"asyncio-throttle","hallazzang/asyncio-throttle","2664381","478563","1328564","2514791","3645726","5354263","True","9.718e-05","4.87e-06"
"aws-cdk-aws-sns-subscriptions","","2790189","2445272","3507707","3010647","2927195","2060123","True","9.718e-05","5.1e-06"
"basictracer","opentracing/basictracer-python","5904556","8473811","9272388","6879696","2540295","2356591","True","9.718e-05","1.08e-05"
"wtforms-json","kvesteri/wtforms-json","1996550","763873","629720","2014592","2543589","4030976","True","9.718e-05","3.65e-06"
"mypy-boto3-appconfig","","4661953","46518","2575128","4524658","8823580","7339879","True","9.718e-05","8.53e-06"
"tree-sitter-html","","1459132","0","0","0","30189","7265472","True","9.718e-05","2.67e-06"
"spglib","spglib/spglib","2296300","322935","450694","894966","5056217","4756687","True","9.718e-05","4.2e-06"
"python-crontab","","22537989","8942669","11207022","17019989","26984630","48535637","True","9.718e-05","4.123e-05"
"nutree","","1321541","89","978","10573","288999","6307066","True","9.718e-05","2.42e-06"
"aws-cdk-integ-tests-alpha","","16452068","0","5877","413903","25822531","56018028","True","9.718e-05","3.01e-05"
"cucumber-tag-expressions","","2356329","200558","584789","363463","669767","9963068","True","9.718e-05","4.31e-06"
"user-agent","lorien/user_agent","8381120","1980808","2217128","20739272","14321666","2646724","True","9.718e-05","1.533e-05"
"flask-swagger-ui","sveint/flask-swagger-ui","3451158","1121198","1692029","4380054","5425588","4636922","True","9.718e-05","6.31e-06"
"eralchemy","","2677982","71709","115519","47405","199985","12955294","True","9.718e-05","4.9e-06"
"seqio-nightly","google/seqio","3374571","4084","125117","2492084","7950415","6301153","True","9.718e-05","6.17e-06"
"sanic-jwt","","1092567","842275","972904","868843","1024724","1754091","True","9.718e-05","2e-06"
"django-timezone-field","mfogel/django-timezone-field","20511880","7354914","10812218","15542690","25548219","43301358","True","9.718e-05","3.752e-05"
"sqlite-utils","simonw/sqlite-utils","3368583","1008822","1780483","2888985","5180196","5984427","True","9.718e-05","6.16e-06"
"azure-storage-logging","michiya/azure-storage-logging","2219148","1749170","3578782","4057734","1098183","611870","True","9.718e-05","4.06e-06"
"openmeteo-sdk","","1056747","0","0","13082","648793","4621860","True","9.718e-05","1.93e-06"
"mmengine","","1676999","0","52662","1313823","2758103","4260406","True","9.718e-05","3.07e-06"
"mypy-boto3-outposts","","1740415","45557","74507","258253","2269428","6054330","True","9.718e-05","3.18e-06"
"mypy-boto3-forecast","","1741466","46205","69425","263032","2276272","6052395","True","9.718e-05","3.19e-06"
"azureml-defaults","","4452019","2720580","4325994","6002153","5720325","3491043","True","9.718e-05","8.14e-06"
"django-vite","","1591358","13049","219989","727918","1404680","5591154","True","9.718e-05","2.91e-06"
"sqlalchemy-databricks","crflynn/sqlalchemy-databricks","2522850","0","1239173","2022024","3172883","6180171","True","9.718e-05","4.62e-06"
"mypy-boto3-migrationhuborchestrator","","1674883","0","1651","222705","2178748","5971313","True","9.718e-05","3.06e-06"
"fastapi-cache2","","2009545","74387","362524","1148540","2399335","6062939","True","9.718e-05","3.68e-06"
"google-cloud-dataplex","","68585969","0","4601925","20219721","105801785","212306412","True","9.718e-05","0.00012546"
"accessible-pygments","quansight-labs/accessible-pygments","7298788","0","504","2158581","9969852","24365004","True","9.718e-05","1.335e-05"
"pymap3d","","1777093","487677","630791","861251","1908329","4997417","True","9.718e-05","3.25e-06"
"azure-mgmt-policyinsights","","45515426","15186581","27836593","43022021","74759187","66772750","True","9.718e-05","8.326e-05"
"azure-mgmt-advisor","","46128702","15398112","28254810","43119215","75932641","67938731","True","9.718e-05","8.438e-05"
"types-futures","python/typeshed","4807360","2918979","5107068","3495903","6427519","6087332","True","9.718e-05","8.79e-06"
"docstring-parser-fork","rr-/docstring_parser","1984975","0","0","146792","2894912","6883172","True","9.718e-05","3.63e-06"
"groovy","","4556073","0","0","0","0","22780366","True","9.718e-05","8.33e-06"
"types-ipaddress","","4704256","1349763","3523625","3447760","4140287","11059844","True","9.718e-05","8.61e-06"
"id","","33335399","24119","23012","832322","3148229","162649314","True","9.718e-05","6.098e-05"
"backports-strenum","","11637343","74664","59267","479480","7405543","50167760","True","9.718e-05","2.129e-05"
"jsonrpcclient","","1196061","332891","813209","1121250","1549279","2163674","True","9.718e-05","2.19e-06"
"mypy-boto3-application-autoscaling","","2232544","54811","103380","485727","2815975","7702825","True","9.718e-05","4.08e-06"
"ruamel-yaml-jinja2","","2854546","34618","366401","1668700","3292640","8910372","True","9.718e-05","5.22e-06"
"openmim","open-mmlab/mim","1798784","26683","557893","2654283","2770200","2984861","True","9.718e-05","3.29e-06"
"uncalled","","1157318","388","8222","6851","19828","5751299","True","9.718e-05","2.12e-06"
"mypy-boto3-route53profiles","","1510882","0","0","0","1593603","5960809","True","9.718e-05","2.76e-06"
"django-rest-knox","jazzband/django-rest-knox","1680879","689109","858530","1335338","2145650","3375768","True","9.718e-05","3.07e-06"
"statsd-telegraf","granitosaurus/statsd-telegraf","1399969","2553032","3447415","511671","281971","205754","True","9.718e-05","2.56e-06"
"pyproject-flake8","","3237038","150600","2004796","5427570","4913085","3689141","True","9.718e-05","5.92e-06"
"mypy-boto3-greengrassv2","","1740562","38182","60145","296511","2279672","6028301","True","9.718e-05","3.18e-06"
"docker-image-py","realityone/docker-image-py","4905618","746627","2608357","5469910","6182937","9520257","True","9.718e-05","8.97e-06"
"azure-servicebus","","77857708","29082823","43329364","56718957","101872096","158285300","True","9.718e-05","0.00014243"
"progressbar33","","1193719","507584","458069","1129533","1896225","1977182","True","9.718e-05","2.18e-06"
"azure-eventhub-checkpointstoreblob-aio","","5374647","2422670","6925351","5667686","6607543","5249983","True","9.718e-05","9.83e-06"
"django-widget-tweaks","jazzband/django-widget-tweaks","6245291","2815259","3549759","5822828","8739737","10298874","True","9.718e-05","1.142e-05"
"ptvsd","","3715579","3577745","3572120","3323698","4405474","3698860","True","9.718e-05","6.8e-06"
"mypy-boto3-secretsmanager","","23739741","607628","3852293","12550027","36709526","64979232","True","9.718e-05","4.343e-05"
"dj-rest-auth","imerica/dj-rest-auth","2675807","1237212","1398755","2756451","3370787","4615828","True","9.718e-05","4.89e-06"
"socksio","sethmlarson/socksio","17064631","524","89626","1265844","13881366","70085793","True","9.718e-05","3.122e-05"
"ruptures","deepcharles/ruptures","4940851","2407577","3990780","2723940","7717722","7864238","True","9.718e-05","9.04e-06"
"biscuit-python","","1200732","0","0","12026","5847195","144441","True","9.718e-05","2.2e-06"
"docarray","","1906086","798","1167513","1240334","1853987","5267800","True","9.718e-05","3.49e-06"
"google-cloud-spanner","googleapis/python-spanner","107506203","20457129","66483142","47181989","127119406","276289349","True","9.718e-05","0.00019666"
"lit","","19198824","662188","1161983","33863385","32760308","27546254","True","9.718e-05","3.512e-05"
"duo-client","","2254429","433734","567350","857726","2312483","7100852","True","9.718e-05","4.12e-06"
"cloudformation-cli-python-plugin","","18396841","4601295","6603641","8328532","16364196","56086540","True","9.718e-05","3.365e-05"
"mypy-boto3-emr","","3753309","67140","130719","598639","5401772","12568275","True","9.718e-05","6.87e-06"
"jiter","pydantic/jiter","172885731","0","0","0","96997448","767431208","True","9.718e-05","0.00031626"
"pyppmd","miurahr/pyppmd","15530971","1192213","5562880","12883888","20275299","37740577","True","9.718e-05","2.841e-05"
"pycobertura","aconrad/pycobertura","2006846","634411","1272996","1459877","2707817","3959131","True","9.718e-05","3.67e-06"
"strict-rfc3339","","17658313","16674632","28322053","22111873","11513580","9669426","True","9.718e-05","3.23e-05"
"multiprocessing","","1968856","744265","1186757","2608420","3230366","2074474","True","9.718e-05","3.6e-06"
"mypy-boto3-managedblockchain","youtype/mypy_boto3_builder","1740227","46343","72364","256615","2285282","6040530","True","9.718e-05","3.18e-06"
"setuptools-golang","","1032367","22031","25002","271306","177273","4666222","True","9.718e-05","1.89e-06"
"google-cloud-vision","","132389976","18067866","58346738","42429663","131619531","411486083","True","9.718e-05","0.00024218"
"tsx","asuiu/tsx","1720409","235","581","3846","7449829","1147553","True","9.718e-05","3.15e-06"
"jurigged","","1294420","4779","17320","64891","1036481","5348628","True","9.718e-05","2.37e-06"
"xlutils","","4334457","1111427","1817422","2244338","8114076","8385023","True","9.718e-05","7.93e-06"
"dtreeviz","parrt/dtreeviz","1277938","1061993","1166312","1417920","1522523","1220944","True","9.718e-05","2.34e-06"
"google-cloud-filestore","","1767535","373","17565","2829282","3175287","2815168","True","9.718e-05","3.23e-06"
"textstat","textstat/textstat","3587486","363407","951092","1222341","5880304","9520284","True","9.718e-05","6.56e-06"
"inflector","","6093564","273801","415061","1311909","10667105","17799945","True","9.718e-05","1.115e-05"
"rich-click","ewels/rich-click","41623585","0","754128","4745202","37283320","165335276","True","9.718e-05","7.614e-05"
"scmrepo","","5161578","38498","2941345","7333542","5149410","10345095","True","9.718e-05","9.44e-06"
"hydra-slayer","catalyst-team/hydra-slayer","1345305","39707","5384781","769174","426143","106721","True","9.718e-05","2.46e-06"
"mypy-boto3-glue","","25433888","490722","8547807","14084224","39656872","64389817","True","9.718e-05","4.653e-05"
"flask-session","pallets-eco/flask-session","70721833","1956397","28433321","44273485","143289236","135656728","True","9.718e-05","0.00012937"
"flask-assets","miracle2k/flask-assets","1828121","1094531","1364917","1848820","2769941","2062394","True","9.718e-05","3.34e-06"
"azureml-train-restclients-hyperdrive","","8643842","12709658","10415467","8432332","7236669","4425083","True","9.718e-05","1.581e-05"
"pybase62","suminb/base62","3838219","306837","980118","4391594","5516551","7995995","True","9.718e-05","7.02e-06"
"setuptools-git-versioning","dolfinus/setuptools-git-versioning","9169351","2138954","4523342","5420279","20292784","13471395","True","9.718e-05","1.677e-05"
"altair-saver","altair-viz/altair_saver","2241959","1445507","7707554","1311469","299849","445416","True","9.718e-05","4.1e-06"
"mplcursors","","2072639","295872","599061","907926","1550020","7010318","True","9.718e-05","3.79e-06"
"sunshine-conversations-client","","1578720","3708","16360","65816","504768","7302947","True","9.718e-05","2.89e-06"
"ccard","davidsamir/credit-card-generator","2365115","635443","2943994","4223477","3537836","484825","True","9.718e-05","4.33e-06"
"awscli-local","localstack/awscli-local","3096469","467364","1331349","1978399","3316009","8389223","True","9.718e-05","5.66e-06"
"docopt-ng","","1610499","56158","101165","662933","3554630","3677607","True","9.718e-05","2.95e-06"
"google-events","","1100512","1885","6904","550616","1927305","3015849","True","9.718e-05","2.01e-06"
"typesense","","1408609","78352","431533","1463330","1265227","3804603","True","9.718e-05","2.58e-06"
"azure-storage-queue","azure/azure-storage-python","99960369","65289404","81572145","75736709","103736750","173466839","True","9.718e-05","0.00018286"
"azure-mgmt-synapse","","30197131","3520297","12156562","27308730","58751425","49248640","True","9.718e-05","5.524e-05"
"aws-cdk-aws-globalaccelerator","","2055156","1245785","2644681","2192481","2324639","1868195","True","9.718e-05","3.76e-06"
"pytest-profiling","man-group/pytest-plugins","5263949","1180495","1797526","2789224","5316975","15235527","True","9.718e-05","9.63e-06"
"types-tqdm","","7837858","0","71456","2290457","10232414","26594962","True","9.718e-05","1.434e-05"
"cloup","","1707119","105330","313896","693709","2182191","5240469","True","9.718e-05","3.12e-06"
"astropy","astropy/astropy","15599285","4849408","7441932","7683009","25610989","32411088","True","9.718e-05","2.854e-05"
"braintree","","5585082","3185130","2269711","3151409","4491651","14827509","True","9.718e-05","1.022e-05"
"iptools","bd808/python-iptools","1176262","2002811","1720365","640763","703663","813709","True","9.718e-05","2.15e-06"
"mypy-boto3-geo-maps","","1266595","0","0","0","376592","5956382","True","9.718e-05","2.32e-06"
"flask-admin","pallets-eco/flask-admin","16252904","17363613","19862971","17290511","11278480","15468943","True","9.718e-05","2.973e-05"
"sagemaker-mlflow","aws/sagemaker-mlflow","4690760","0","0","0","8100795","15353005","True","9.718e-05","8.58e-06"
"mypy-boto3-securityhub","","1869393","50037","87283","417250","2459489","6332907","True","9.718e-05","3.42e-06"
"inference-gpu","","1112230","0","0","2470","613750","4944928","True","9.718e-05","2.03e-06"
"kombu","celery/kombu","135986179","59050490","70977589","89138281","148453683","312310850","True","9.718e-05","0.00024876"
"pyjarowinkler","nap/jaro-winkler-distance","5471925","3899102","4407626","5962886","6603109","6486900","True","9.718e-05","1.001e-05"
"usaddress-scourgify","greenbuildingregistry/usaddress-scourgify","2663008","1011617","2531036","1699263","2038703","6034423","True","9.718e-05","4.87e-06"
"pypika-tortoise","","1551622","257930","721693","1030849","2021324","3726316","True","9.718e-05","2.84e-06"
"edge-tts","","1120891","4222","59972","744899","1341627","3453734","True","9.718e-05","2.05e-06"
"delta-sharing","","2521875","382458","766879","663836","1998209","8797995","True","9.718e-05","4.61e-06"
"opentelemetry-instrumentation-dbapi","","35782775","1508333","4405710","8611602","37196883","127191347","True","9.718e-05","6.546e-05"
"pyinotify","seb-m/pyinotify","5394159","6307799","7248559","6368460","3837619","3208357","True","9.718e-05","9.87e-06"
"ruamel-ordereddict","","1667942","3900239","1964228","1173612","799545","502085","True","9.718e-05","3.05e-06"
"braintrust-core","","2266594","0","0","2090","556440","10774438","True","9.718e-05","4.15e-06"
"ipyevents","","1342335","194709","428287","1140331","1358723","3589623","True","9.718e-05","2.46e-06"
"async-exit-stack","sorcio/async_exit_stack","1705630","2036395","2923777","1318276","1206807","1042896","True","9.718e-05","3.12e-06"
"databind-core","","2254640","64179","265336","904416","3643484","6395786","True","9.718e-05","4.12e-06"
"uhi","","1695126","88509","284806","359115","2805961","4937239","True","9.718e-05","3.1e-06"
"stringcase","okunishinishi/python-stringcase","57681923","30310093","71688082","64891190","53723114","67797136","True","9.718e-05","0.00010552"
"amazon-textract-response-parser","","4244484","52944","222707","580575","2197400","18168792","True","9.718e-05","7.76e-06"
"splinter","cobrateam/splinter","1568202","1525835","1054443","1088222","1816191","2356318","True","9.718e-05","2.87e-06"
"paramiko-ng","ploxiln/paramiko-ng","1068169","2353782","1449344","548194","506375","483148","True","9.718e-05","1.95e-06"
"google-cloud-billing","","2226753","384496","2362369","2930653","1605696","3850550","True","9.718e-05","4.07e-06"
"stdlib-list","pypi/stdlib-list","6946865","1172834","3171690","4752443","9330203","16307154","True","9.718e-05","1.271e-05"
"simple-rest-client","allisson/python-simple-rest-client","1335544","641425","810538","1000420","2007043","2218292","True","9.718e-05","2.44e-06"
"truststore","sethmlarson/truststore","18188062","0","18901","1953106","14300522","74667779","True","9.718e-05","3.327e-05"
"azure-mgmt-containerinstance","","62683461","16779457","30206508","47320099","99795569","119315673","True","9.718e-05","0.00011467"
"requests-opentracing","opentracing-contrib/python-requests","1171202","3777611","1815390","116272","71718","75021","True","9.718e-05","2.14e-06"
"jsonschema-path","p1c2u/jsonschema-path","41680544","0","0","2359433","29849192","176194094","True","9.718e-05","7.625e-05"
"blake3","oconnor663/blake3-py","8097787","186473","743337","1393362","4803321","33362441","True","9.718e-05","1.481e-05"
"aws-cdk-aws-codepipeline","","1820524","2095017","2829377","1815956","1555736","806536","True","9.718e-05","3.33e-06"
"uptime-kuma-api","","1959281","0","1842","23534","4370710","5400319","True","9.718e-05","3.58e-06"
"objectory","","1389707","0","0","241828","2714161","3992545","True","9.718e-05","2.54e-06"
"dynamic-yaml","","1427095","7774","125243","511482","2315120","4175855","True","9.718e-05","2.61e-06"
"cognite-sdk","","3681220","7528847","3840436","1420013","1983045","3633757","True","9.718e-05","6.73e-06"
"tentaclio","octoenergy/tentaclio","4670157","1203388","4363810","883673","3426570","13473345","True","9.718e-05","8.54e-06"
"pwlf","cjekel/piecewise_linear_fit_py","3327371","1841972","4997864","4048742","2073745","3674530","True","9.718e-05","6.09e-06"
"python-oxmsg","","4814421","0","0","0","3331075","20741032","True","9.718e-05","8.81e-06"
"django-money","django-money/django-money","2471485","1059633","1670086","1905149","3098216","4624339","True","9.718e-05","4.52e-06"
"aws-cdk-aws-servicediscovery","","2433914","2229296","3045718","2408292","2469458","2016808","True","9.718e-05","4.45e-06"
"mypy-boto3-emr-serverless","youtype/mypy_boto3_builder","2865493","0","6858","261728","4132726","9926152","True","9.718e-05","5.24e-06"
"apache-airflow-providers-papermill","","2133035","63916","696852","1941395","3307133","4655881","True","9.718e-05","3.9e-06"
"databricks-pypi-extras","","4362432","2961455","4627448","2537944","5209076","6476237","True","9.718e-05","7.98e-06"
"mygeotab","geotab/mygeotab-python","2187945","569429","460834","1675210","3471626","4762626","True","9.718e-05","4e-06"
"smartsheet-python-sdk","","10733982","2705976","6391852","8823662","17720858","18027560","True","9.718e-05","1.964e-05"
"opentelemetry-instrumentation-pymemcache","","1801963","4910","224942","341255","2842493","5596217","True","9.718e-05","3.3e-06"
"bce-python-sdk","","2268928","274506","808953","1360489","2966393","5934301","True","9.718e-05","4.15e-06"
"names","treyhunner/names","3724857","2327547","3285751","3033610","4618646","5358729","True","9.718e-05","6.81e-06"
"stix2-patterns","oasis-open/cti-pattern-validator","2443226","515763","1128321","1836685","3036966","5698393","True","9.718e-05","4.47e-06"
"unleashclient","unleash/unleash-python-sdk","2271469","280093","961553","1432404","2407119","6276174","True","9.718e-05","4.16e-06"
"boto3-type-annotations-with-docs","alliefitter/boto3_type_annotations","1559463","1418111","5959310","88560","173448","157884","True","9.718e-05","2.85e-06"
"google-oauth","miedzinski/google-oauth","2692498","3229499","4489442","2279346","1453026","2011175","True","9.718e-05","4.93e-06"
"apsw","rogerbinns/apsw","4813735","241212","490346","2014584","6283358","15039174","True","9.718e-05","8.81e-06"
"llama-cloud-services","","24920994","0","0","0","0","124604972","True","9.718e-05","4.559e-05"
"s3path","liormizr/s3path","13483440","268484","1451661","6055954","22761249","36879853","True","9.718e-05","2.467e-05"
"google-cloud-ndb","googleapis/python-ndb","3736560","1407803","2409211","3385216","3968945","7511623","True","9.718e-05","6.84e-06"
"lance-namespace-urllib3-client","","1121311","0","0","0","0","5606554","True","9.718e-05","2.05e-06"
"adapters","","2923878","408","105","6144","216409","14396325","True","9.718e-05","5.35e-06"
"pylightxl","","1346003","92663","345126","526329","2179389","3586508","True","9.718e-05","2.46e-06"
"json-merge-patch","","34715647","14305925","19027976","15486067","44549630","80208636","True","9.718e-05","6.351e-05"
"edk2-pytool-extensions","","1149852","281130","714497","1162549","1406300","2184783","True","9.718e-05","2.1e-06"
"python-fsutil","fabiocaccamo/python-fsutil","6280828","1258863","5415869","8329832","7465606","8933970","True","9.718e-05","1.149e-05"
"azureml-train-automl-client","","10262229","12253326","16749977","11151935","6772228","4383680","True","9.718e-05","1.877e-05"
"botframework-connector","","1526367","258283","519095","575598","1343750","4935109","True","9.718e-05","2.79e-06"
"spandrel","","6573212","0","0","1706","7231673","25632679","True","9.718e-05","1.202e-05"
"sagemaker-training","","1009714","145315","206912","912321","1521639","2262384","True","9.718e-05","1.85e-06"
"types-cryptography","python/typeshed","18055524","1289406","35260439","15581794","16439330","21706650","True","9.718e-05","3.303e-05"
"torch-pitch-shift","kentonishi/torch-pitch-shift","2710060","6741","82020","821361","4211415","8428761","True","9.718e-05","4.96e-06"
"pyapns-client","","1280192","13355","46560","54556","79716","6206775","True","9.718e-05","2.34e-06"
"cowsay","","1674231","486490","1050582","1188958","2015122","3630005","True","9.718e-05","3.06e-06"
"dparse","pyupio/dparse","15410444","6993618","11799303","13303742","17310799","27644758","True","9.718e-05","2.819e-05"
"streamerate","asuiu/streamerate","1722534","0","0","13983","7470594","1128095","True","9.718e-05","3.15e-06"
"mypy-boto3-vpc-lattice","","1686862","0","0","206093","2181344","6046875","True","9.718e-05","3.09e-06"
"simple-azure-blob-downloader","","1402644","0","831","824946","2554431","3633011","True","9.718e-05","2.57e-06"
"mip","","1352327","424029","1139809","1111229","1758972","2327597","True","9.718e-05","2.47e-06"
"pymorphy2-dicts-ru","","1208867","655898","1291094","1084047","1225448","1787848","True","9.718e-05","2.21e-06"
"kedro-viz","","1650662","386958","1140282","1161655","1711654","3852762","True","9.718e-05","3.02e-06"
"pytoolconfig","","5412740","0","1177525","5038292","7609917","13237966","True","9.718e-05","9.9e-06"
"json-logic","","1381656","516218","745708","978200","1656714","3011440","True","9.718e-05","2.53e-06"
"dataclasses-json-speakeasy","lidatong/dataclasses-json","1172881","0","3138","129129","1829338","3902800","True","9.718e-05","2.15e-06"
"python-telegram-bot","python-telegram-bot/python-telegram-bot","66415074","5332867","9920305","10632243","36313565","269876391","True","9.718e-05","0.00012149"
"mypy-boto3-entityresolution","","1670117","0","0","196771","2172290","5981524","True","9.718e-05","3.06e-06"
"latexcodec","mcmtroffaes/latexcodec","5835254","1330089","1905689","3101588","10791631","12047272","True","9.718e-05","1.067e-05"
"jsonseq","","1490292","94051","174210","756292","2521590","3905319","True","9.718e-05","2.73e-06"
"dawg-python","","2072195","915030","1734300","1362167","1860683","4488796","True","9.718e-05","3.79e-06"
"pre-commit-uv","","10872594","0","0","0","3676536","50686436","True","9.718e-05","1.989e-05"
"pyobjc-framework-gamecontroller","","1964077","420004","977228","2525675","3020413","2877063","True","9.718e-05","3.59e-06"
"uuid-utils","","7302022","0","0","30312","2374190","34105606","True","9.718e-05","1.336e-05"
"orderly-set","seperman/orderly-set","38876421","0","0","0","17559557","176822548","True","9.718e-05","7.112e-05"
"adbc-driver-manager","","1568411","0","312","209848","1637542","5994351","True","9.718e-05","2.87e-06"
"fortniteapiasync","xmistt/fortniteapiasync","3219838","4807091","350751","10868955","34286","38109","True","9.718e-05","5.89e-06"
"first","hynek/first","1933616","1362932","762885","1263705","2323595","3954961","True","9.718e-05","3.54e-06"
"mypy-boto3-migrationhub-config","","1733712","44978","68161","257687","2269712","6028020","True","9.718e-05","3.17e-06"
"wagon","","1126577","161650","136441","602892","1568848","3163054","True","9.718e-05","2.06e-06"
"localstack-ext","localstack/localstack","3346540","2026040","2576064","3106452","3905806","5118337","True","9.718e-05","6.12e-06"
"ptable","kxxoling/ptable","3263748","3866394","3938270","3464441","2307798","2741836","True","9.718e-05","5.97e-06"
"bayesian-optimization","","3266744","1470243","2187617","2374888","4955623","5345348","True","9.718e-05","5.98e-06"
"ultralytics","","29134565","717","11175","20561538","45057578","80041815","True","9.718e-05","5.33e-05"
"htmltools","","1183494","0","23506","160746","1361958","4371260","True","9.718e-05","2.16e-06"
"ipyvue","widgetti/ipyvue","1727023","375642","872873","1586786","2914196","2885617","True","9.718e-05","3.16e-06"
"sqloxide","","1177780","5839","234980","460601","1403540","3783941","True","9.718e-05","2.15e-06"
"flask-ngrok","gstaff/flask-ngrok","1175436","418848","990255","2954340","856881","656854","True","9.718e-05","2.15e-06"
"aws-cdk-custom-resources","","3022905","2488281","3998157","3230098","3125283","2272707","True","9.718e-05","5.53e-06"
"pysmb","","8082835","2438859","3633458","5922991","10267308","18151558","True","9.718e-05","1.479e-05"
"mdutils","didix21/mdutils","2483678","776642","1305253","2079758","2990089","5266648","True","9.718e-05","4.54e-06"
"mypy-boto3-scheduler","","2267185","0","770","261424","2460706","8613024","True","9.718e-05","4.15e-06"
"evidently","evidentlyai/evidently","7274643","29500","1739391","4107813","19027596","11468914","True","9.718e-05","1.331e-05"
"url-normalize","niksite/url-normalize","19345994","4586454","8872785","12876132","27623552","42771046","True","9.718e-05","3.539e-05"
"pyobjc-framework-securityinterface","","2005858","485654","1024903","2561766","3060112","2896857","True","9.718e-05","3.67e-06"
"mypy-boto3-cloudformation","","20909790","1012841","4049809","12932235","29428233","57125832","True","9.718e-05","3.825e-05"
"mne","","1420009","418529","503692","910887","1673413","3593525","True","9.718e-05","2.6e-06"
"mypy-boto3-datazone","","1741785","0","0","186045","2185993","6336889","True","9.718e-05","3.19e-06"
"mailchimp-transactional","","3200914","516306","2153531","976369","2698966","9659398","True","9.718e-05","5.86e-06"
"setuptools-odoo","acsone/setuptools-odoo","1127567","809776","299871","651803","1427873","2448510","True","9.718e-05","2.06e-06"
"jarowinkler","","2340271","0","6310953","1843937","1770367","1776096","True","9.718e-05","4.28e-06"
"nvidia-cuda-cupti-cu12","","101584562","0","178","11932773","121866073","374123787","True","9.718e-05","0.00018583"
"nvidia-nvtx-cu12","","88864693","0","173","11635441","118578562","314109291","True","9.718e-05","0.00016256"
"azure-mgmt-resourcegraph","","4823044","574680","594719","2701886","7325717","12918220","True","9.718e-05","8.82e-06"
"flask-limiter","alisaifee/flask-limiter","64485448","1868265","3484936","26387083","113815774","176871180","True","9.718e-05","0.00011796"
"asana","asana/python-asana","21928977","3394642","6657246","9647056","28111893","61834048","True","9.718e-05","4.011e-05"
"json-schema-for-humans","coveooss/json-schema-for-humans","3286638","554054","1140488","7532838","2466061","4739749","True","9.718e-05","6.01e-06"
"mypy-boto3-clouddirectory","","1740616","47103","69653","259602","2271248","6055476","True","9.718e-05","3.18e-06"
"openapi-spec-validator","python-openapi/openapi-spec-validator","71588834","17492442","23255556","44465728","80652072","192078372","True","9.718e-05","0.00013096"
"jsonpointer","stefankoegl/python-json-pointer","333010331","53978629","117010462","224368155","452258793","817435616","True","9.718e-05","0.00060918"
"sqlalchemy-drill","","6989376","68136","233830","545605","2183160","31916150","True","9.718e-05","1.279e-05"
"pydispatcher","","15596180","10342809","13214863","12192454","17309124","24921648","True","9.718e-05","2.853e-05"
"libusb-package","pyocd/libusb-package","2533053","7983","402428","1355926","3789768","7109160","True","9.718e-05","4.63e-06"
"pycadf","","1106823","950880","825333","745035","1135712","1877153","True","9.718e-05","2.02e-06"
"opentelemetry-instrumentation-system-metrics","","5938290","38753","87225","873158","5672156","23020160","True","9.718e-05","1.086e-05"
"beautifultable","pri22296/beautifultable","1812061","894179","1758930","1972245","2680145","1754808","True","9.718e-05","3.31e-06"
"securesystemslib","secure-systems-lab/securesystemslib","1435058","387326","538918","1152009","2807427","2289612","True","9.718e-05","2.63e-06"
"zcbor","","1002000","0","132702","345932","1423082","3108285","True","9.718e-05","1.83e-06"
"torchinfo","","1925773","137710","527891","1257420","2284626","5421218","True","9.718e-05","3.52e-06"
"unidiff","matiasb/python-unidiff","21595855","1742456","3145099","6582266","24063398","72446055","True","9.718e-05","3.951e-05"
"somnium","","7638297","0","0","17253143","20928671","9672","True","9.718e-05","1.397e-05"
"fastly","","1121478","237014","222071","479126","2648416","2020763","True","9.718e-05","2.05e-06"
"infi-systray","","3030550","127750","696736","1740986","4937066","7650213","True","9.718e-05","5.54e-06"
"mypy-boto3-ivs-realtime","","1824464","0","0","374661","2211957","6535702","True","9.718e-05","3.34e-06"
"django-simple-history","django-commons/django-simple-history","11974335","3982492","6103282","11357676","15035375","23392848","True","9.718e-05","2.19e-05"
"azure-mgmt-devspaces","","15538139","10277089","15054703","16097374","17957949","18303581","True","9.718e-05","2.842e-05"
"ytsaurus-yson","","1139256","0","0","12376","1310410","4373494","True","9.718e-05","2.08e-06"
"biotraj","","6021732","0","0","0","4904720","25203940","True","9.718e-05","1.102e-05"
"circus","circus-tent/circus","1575005","781162","951003","1491769","2498159","2152931","True","9.718e-05","2.88e-06"
"pytest-wake","","1984258","0","96930","730542","2431398","6662418","True","9.718e-05","3.63e-06"
"azure-mgmt-datalake-nspkg","","54394656","25021927","44359000","53379713","79139930","70072711","True","9.718e-05","9.95e-05"
"nvidia-nvjitlink-cu12","","106055813","0","175","15095565","133784308","381399017","True","9.718e-05","0.00019401"
"apache-airflow-providers-apache-impala","","1570647","0","0","113022","914899","6825316","True","9.718e-05","2.87e-06"
"mypy-boto3-docdb","","1814075","44993","82535","292611","2405800","6244434","True","9.718e-05","3.32e-06"
"django-anymail","anymail/django-anymail","6631789","3057556","3750929","4943034","8381758","13025669","True","9.718e-05","1.213e-05"
"mypy-boto3-route53domains","","1922006","47022","72489","257435","2815481","6417604","True","9.718e-05","3.52e-06"
"py-ecc","ethereum/py_ecc","3067904","346418","885142","822333","3553387","9732240","True","9.718e-05","5.61e-06"
"mypy-boto3-kafkaconnect","youtype/mypy_boto3_builder","1719856","4057","21612","233031","2203922","6136658","True","9.718e-05","3.15e-06"
"etcd3","kragniz/python-etcd3","2367029","1126171","4098929","3100736","2256004","1253305","True","9.718e-05","4.33e-06"
"azure-multiapi-storage","azure/azure-multiapi-storage-python","34144227","4695120","13725173","32430842","70303551","49566450","True","9.718e-05","6.246e-05"
"pycrdt","","1514354","0","0","52563","752454","6766751","True","9.718e-05","2.77e-06"
"haystack-experimental","","1165961","0","0","0","1238882","4590925","True","9.718e-05","2.13e-06"
"latex2mathml","","2684336","26179","120550","370817","1644631","11259504","True","9.718e-05","4.91e-06"
"pyro-api","pyro-ppl/pyro-api","3496784","569063","3225507","4169760","3241542","6278046","True","9.718e-05","6.4e-06"
"single-source","rabbit72/single-source","2094288","374378","1302164","2457893","3145152","3191855","True","9.718e-05","3.83e-06"
"prefect-sqlalchemy","prefecthq/prefect","1346542","0","3717","382618","1447996","4898380","True","9.718e-05","2.46e-06"
"plaid-python","plaid/plaid-python","6063674","3026137","4108389","5935257","6873648","10374940","True","9.718e-05","1.109e-05"
"apache-airflow-providers-apache-spark","","5771768","418184","3840424","5130327","6798315","12671591","True","9.718e-05","1.056e-05"
"opentelemetry-exporter-prometheus-remote-write","","2977799","34240","68551","353388","3559483","10873335","True","9.718e-05","5.45e-06"
"certbot-dns-cloudflare","","655592397","205379","322790","1129970","10936166","3265367680","True","9.718e-05","0.00119928"
"pyiso8583","knovichikhin/pyiso8583","2336269","420822","1936829","2230175","2847380","4246138","True","9.718e-05","4.27e-06"
"mjml-python","","1060985","0","635","15542","182648","5106102","True","9.718e-05","1.94e-06"
"mypy-boto3-kendra","","1801416","45708","76828","271156","2275419","6337968","True","9.718e-05","3.3e-06"
"vcver","","1335204","963897","867278","720516","948026","3176301","True","9.718e-05","2.44e-06"
"aws-cdk-aws-apigatewayv2-alpha","","1167876","2479","537848","2970603","1324202","1004249","True","9.718e-05","2.14e-06"
"docstring-parser","rr-/docstring_parser","160794646","9194086","39093206","72444318","170182620","513059002","True","9.718e-05","0.00029414"
"netmiko","ktbyers/netmiko","3404002","1427457","1706020","2249368","5072259","6564905","True","9.718e-05","6.23e-06"
"robocorp-log","robocorp/robocorp","1411923","0","0","161029","2342860","4555726","True","9.718e-05","2.58e-06"
"getmac","ghostofgoes/getmac","1950803","749515","1033177","1697366","2798464","3475493","True","9.718e-05","3.57e-06"
"aws-lambda-typing","","2478598","110658","560304","1517836","3173401","7030790","True","9.718e-05","4.53e-06"
"collection","thenerdscribe/collection","1131483","1108737","3254112","561284","275476","457808","True","9.718e-05","2.07e-06"
"importlib","brettcannon/importlib","3882592","697272","1554210","4131442","6304706","6725329","True","9.718e-05","7.1e-06"
"backports-tarfile","","141151601","0","0","0","131391663","574366342","True","9.718e-05","0.00025821"
"fqdn","ypcrts/fqdn","127833945","479694","5383521","71439044","210411000","351456467","True","9.718e-05","0.00023385"
"braintrust","","2970751","0","0","17454","570388","14265914","True","9.718e-05","5.43e-06"
"mozprofile","","3952759","12303968","5737136","698594","454517","569581","True","9.718e-05","7.23e-06"
"docformatter","pycqa/docformatter","5656923","859105","2269424","4073078","7994257","13088752","True","9.718e-05","1.035e-05"
"pytest-csv","","1197752","143258","408383","999183","2192812","2245124","True","9.718e-05","2.19e-06"
"jsii","aws/jsii","26069777","3625236","9824029","22419897","36528942","57950781","True","9.718e-05","4.769e-05"
"dependency-injector","","14608517","4015287","7549979","12207541","16148770","33121006","True","9.718e-05","2.672e-05"
"edn-format","swaroopch/edn_format","1646630","1814381","1662261","222892","390028","4143589","True","9.718e-05","3.01e-06"
"semchunk","","1474597","0","0","592","166741","7205652","True","9.718e-05","2.7e-06"
"azure-mgmt-deploymentmanager","","16064460","4467314","12560984","21501404","41026756","765844","True","9.718e-05","2.939e-05"
"cog","replicate/cog","27329495","15758","131674","42929998","47361898","46208145","True","9.718e-05","4.999e-05"
"django-structlog","jrobichaud/django-structlog","4100215","583898","1110075","2939800","4929478","10937826","True","9.718e-05","7.5e-06"
"msgraphfs","","1875961","0","0","0","0","9379806","True","9.718e-05","3.43e-06"
"pyobjc-framework-adsupport","","1947620","434625","990032","2502138","2991749","2819554","True","9.718e-05","3.56e-06"
"tag-expressions","","1288535","366776","393686","707903","2370614","2603697","True","9.718e-05","2.36e-06"
"lpc-checksum","","1252827","118731","245043","602274","1552940","3745145","True","9.718e-05","2.29e-06"
"scipy-stubs","","1673406","0","0","0","89130","8277898","True","9.718e-05","3.06e-06"
"llama-index-core","","14560656","0","0","0","16240679","56562603","True","9.718e-05","2.664e-05"
"aiohttp-socks","romis2012/aiohttp-socks","4885449","1117823","2445485","2316499","2532713","16014726","True","9.718e-05","8.94e-06"
"opentelemetry-instrumentation-marqo","","1763830","0","0","0","112027","8707123","True","9.718e-05","3.23e-06"
"sparse-dot-topn","ing-bank/sparse_dot_topn","2472047","2651363","4825459","1412548","1753990","1716874","True","9.718e-05","4.52e-06"
"pynvim","neovim/pynvim","2215507","733938","807960","908457","5909896","2717283","True","9.718e-05","4.05e-06"
"macaroonbakery","","1327054","257983","308743","608077","2390121","3070346","True","9.718e-05","2.43e-06"
"crayons","","9414554","13977839","10291688","6710616","7705464","8387161","True","9.718e-05","1.722e-05"
"syrupy","syrupy-project/syrupy","11590472","123980","687140","2825096","16653950","37662196","True","9.718e-05","2.12e-05"
"pyrect","asweigart/pyrect","7980495","4715524","6014652","6427290","8614420","14130589","True","9.718e-05","1.46e-05"
"clint","","2275384","4356921","1781212","1374833","2144791","1719161","True","9.718e-05","4.16e-06"
"opentelemetry-exporter-otlp","open-telemetry/opentelemetry-python","245824328","3585798","10829581","35023932","254648529","925033802","True","9.718e-05","0.00044969"
"streamlit-toggle-switch","","1291701","0","6418","427192","2002169","4022726","True","9.718e-05","2.36e-06"
"lion-pytorch","","1004588","0","0","1386301","1474028","2162611","True","9.718e-05","1.84e-06"
"rply","","2228743","559048","548116","679066","5478198","3879287","True","9.718e-05","4.08e-06"
"pyobjc-framework-dvdplayback","ronaldoussoren/pyobjc","2013303","472097","1026747","2573469","3122750","2871452","True","9.718e-05","3.68e-06"
"marimo","","1418321","0","162","10538","554186","6526718","True","9.718e-05","2.59e-06"
"prefect-kubernetes","prefecthq/prefect","1180722","0","393","312679","985508","4605030","True","9.718e-05","2.16e-06"
"dotty-dict","","5247061","701777","1747328","3689179","6014666","14082353","True","9.718e-05","9.6e-06"
"pytenable","tenable/pytenable","1652664","270386","620407","1471907","3452107","2448514","True","9.718e-05","3.02e-06"
"pydantic-yaml","","3394408","54837","249987","1216541","5439817","10010860","True","9.718e-05","6.21e-06"
"fnbot2","","1317932","4599069","1989257","595","529","208","True","9.718e-05","2.41e-06"
"daal","uxlfoundation/onedal","1438322","1082614","1083639","2104377","1741617","1179365","True","9.718e-05","2.63e-06"
"dep-logic","","13276363","0","0","225649","13844533","52311634","True","9.718e-05","2.429e-05"
"ipython-pygments-lexers","","54182323","0","0","0","0","270911613","True","9.718e-05","9.912e-05"
"regress","crate-py/regress","6301099","255","341","784246","6110831","24609823","True","9.718e-05","1.153e-05"
"dvc-http","","3109083","0","352364","2566607","4277060","8349383","True","9.718e-05","5.69e-06"
"google-cloud-audit-log","googleapis/python-audit-log","114773524","6924127","33654339","47996389","150986103","334306662","True","9.718e-05","0.00020996"
"turbopuffer","","1948571","0","0","521","2666831","7075505","True","9.718e-05","3.56e-06"
"fastapi-cli","fastapi/fastapi-cli","69267549","746","612","515","95485981","250849890","True","9.718e-05","0.00012671"
"ydb-dbapi","","6937743","0","0","0","828732","33859982","True","9.718e-05","1.269e-05"
"livekit-protocol","","2359674","0","0","6109","1218878","10573382","True","9.718e-05","4.32e-06"
"rpaframework","","4333009","345488","1488566","2156189","7766476","9908328","True","9.718e-05","7.93e-06"
"img2pdf","","3216106","1047854","1472188","2108570","3697169","7754749","True","9.718e-05","5.88e-06"
"pyobjc-framework-kernelmanagement","ronaldoussoren/pyobjc","1001195","188076","467872","680243","908021","2761761","True","9.718e-05","1.83e-06"
"c7n-mailer","cloud-custodian/cloud-custodian","1309172","671129","634663","2210055","1736084","1293928","True","9.718e-05","2.39e-06"
"docling-ibm-models","","1560062","0","0","0","227988","7572324","True","9.718e-05","2.85e-06"
"wasmer","wasmerio/wasmer-python","5669977","3699315","4434935","4819536","4924122","10471976","True","9.718e-05","1.037e-05"
"localstack","localstack/localstack","2172945","392072","741892","1599796","3768538","4362426","True","9.718e-05","3.97e-06"
"realesrgan","xinntao/real-esrgan","5057198","29019","2108217","16422593","4525496","2200665","True","9.718e-05","9.25e-06"
"geventhttpclient","geventhttpclient/geventhttpclient","25761125","5264197","10271386","17115132","35082744","61072168","True","9.718e-05","4.712e-05"
"azure-mgmt-postgresqlflexibleservers","","9332094","0","0","0","1363964","45296504","True","9.718e-05","1.707e-05"
"lcov-cobertura","","1953144","371978","462422","1128887","2674166","5128265","True","9.718e-05","3.57e-06"
"urlobject","zacharyvoase/urlobject","3049862","1262135","1938172","2419162","2758336","6871506","True","9.718e-05","5.58e-06"
"envs","","4193848","1551850","2278337","2512548","5005164","9621343","True","9.718e-05","7.67e-06"
"aws-cdk-aws-sam","","2906415","2390294","3651530","3428990","2957025","2104236","True","9.718e-05","5.32e-06"
"biplist","","1363096","2979778","1725590","886214","511327","712573","True","9.718e-05","2.49e-06"
"nameparser","derek73/python-nameparser","9430573","5612725","8750131","6838831","9085177","16865999","True","9.718e-05","1.725e-05"
"mod-wsgi","grahamdumpleton/mod_wsgi","1049403","1455302","1131068","862814","919681","878149","True","9.718e-05","1.92e-06"
"slack-webhook","10mohi6/slack-webhook-python","1845504","1238296","1790423","1955663","1938318","2304821","True","9.718e-05","3.38e-06"
"pygrib","","1503215","126173","375288","472517","1730677","4811418","True","9.718e-05","2.75e-06"
"dython","","1108350","145296","1376591","1953313","1388901","677649","True","9.718e-05","2.03e-06"
"meraki","","1917931","142947","486070","912061","1694279","6354297","True","9.718e-05","3.51e-06"
"backrefs","","10643940","167487","150706","26006","45996","52829506","True","9.718e-05","1.947e-05"
"einx","","1605925","0","0","169","1243392","6786062","True","9.718e-05","2.94e-06"
"mangum","kludex/mangum","9104956","907360","3356303","5312142","11606383","24342594","True","9.718e-05","1.666e-05"
"asdf-transform-schemas","","1097433","3462","334845","611845","1671544","2865471","True","9.718e-05","2.01e-06"
"pyarabic","","2207360","1451235","2625264","1546693","1349252","4064357","True","9.718e-05","4.04e-06"
"rocksdict","","1009480","4238","92983","106751","1332049","3511381","True","9.718e-05","1.85e-06"
"robotframework-robocop","","2169595","285244","639050","1227147","3304241","5392291","True","9.718e-05","3.97e-06"
"gpiozero","gpiozero/gpiozero","4178182","270633","2197030","6615153","7758381","4049712","True","9.718e-05","7.64e-06"
"awesomeversion","ludeeus/awesomeversion","2480082","1246820","754748","538429","3644259","6216152","True","9.718e-05","4.54e-06"
"stackprinter","cknd/stackprinter","3875498","1432979","5330137","4787636","3678774","4147963","True","9.718e-05","7.09e-06"
"microsoft-kiota-serialization-text","microsoft/kiota-python","19216592","0","960","765303","11203013","84113686","True","9.718e-05","3.515e-05"
"dns-lexicon","dns-lexicon/dns-lexicon","1357492","280667","198003","2486229","2010753","1811809","True","9.718e-05","2.48e-06"
"pymupdf4llm","","1816761","0","0","0","622917","8460887","True","9.718e-05","3.32e-06"
"array-record","google/array_record","8184922","0","88","7639054","18546088","14739379","True","9.718e-05","1.497e-05"
"mnemonic","","2180653","630416","711045","1053220","2975962","5532622","True","9.718e-05","3.99e-06"
"json-spec","","1594753","346966","603964","864141","2417350","3741344","True","9.718e-05","2.92e-06"
"rembg","danielgatis/rembg","5749582","49854","183110","2647425","8344225","17523295","True","9.718e-05","1.052e-05"
"mypy-boto3-importexport","","1737738","46009","68409","260118","2267874","6046278","True","9.718e-05","3.18e-06"
"django-impersonate","","1055240","565723","929682","1194196","1206972","1379625","True","9.718e-05","1.93e-06"
"pynput","","4832318","1609652","2696877","2706023","5991587","11157451","True","9.718e-05","8.84e-06"
"roboflow","","2807214","42318","351742","1210674","4398611","8032723","True","9.718e-05","5.14e-06"
"smartystreets-python-sdk","smartystreets/smartystreets-python-sdk","2879448","531493","1688306","3340637","4785816","4050990","True","9.718e-05","5.27e-06"
"jupyter-server-mathjax","","2288979","1235548","2625391","2190190","2501460","2892307","True","9.718e-05","4.19e-06"
"zope-container","","1748418","562376","426072","745744","5801896","1206003","True","9.718e-05","3.2e-06"
"detect-delimiter","","1751173","324236","540460","1324874","2547198","4019099","True","9.718e-05","3.2e-06"
"celery-batches","clokep/celery-batches","2155413","5316698","2785258","873741","622215","1179151","True","9.718e-05","3.94e-06"
"orbax","","2883318","0","144402","7416304","6427984","427900","True","9.718e-05","5.27e-06"
"valkey","","2341889","0","0","0","163979","11545467","True","9.718e-05","4.28e-06"
"hsluv","hsluv/hsluv-python","1657093","206170","2196068","650131","2955147","2277947","True","9.718e-05","3.03e-06"
"tls-client","","1544783","0","43549","631144","1511824","5537397","True","9.718e-05","2.83e-06"
"language-data","georgkrause/language_data","37540041","38770","426614","1047938","55624100","130562781","True","9.718e-05","6.867e-05"
"py2neo","","1117944","1142460","1436119","1649877","515398","845864","True","9.718e-05","2.05e-06"
"condor-git-config","","1131966","912418","996588","1100877","853713","1796234","True","9.718e-05","2.07e-06"
"imapclient","mjs/imapclient","4836042","2602645","3428409","3945715","6355537","7847902","True","9.718e-05","8.85e-06"
"graphframes","graphframes/graphframes","30340077","6017575","29718797","61959975","28295427","25708613","True","9.718e-05","5.55e-05"
"python-amazon-sp-api","saleweaver/python-amazon-sp-api","2617053","49323","1025547","1251489","2934588","7824320","True","9.718e-05","4.79e-06"
"junos-eznc","juniper/py-junos-eznc","1550134","655254","785363","1371575","2477999","2460478","True","9.718e-05","2.84e-06"
"pymonetdb","","1067102","30372","38244","285190","659445","4322260","True","9.718e-05","1.95e-06"
"carto","cartodb/carto-python","4906398","570632","1344388","15768423","6566466","282083","True","9.718e-05","8.98e-06"
"mypy-boto3-route53","","3478019","125235","583324","1892283","4483393","10305860","True","9.718e-05","6.36e-06"
"jwskate","","1103849","0","29657","185123","1108526","4195937","True","9.718e-05","2.02e-06"
"azure-mgmt-maps","","44923342","14781585","27705594","42446091","73533928","66149510","True","9.718e-05","8.218e-05"
"pywinpty","","12381342","5055395","6611281","8988106","14900643","26351286","True","9.718e-05","2.265e-05"
"usd-core","pixaranimationstudios/openusd","2673240","28082","210782","1823311","4161753","7142272","True","9.718e-05","4.89e-06"
"aiorun","","1697307","79245","220201","957353","1803764","5425972","True","9.718e-05","3.1e-06"
"xmldiff","shoobx/xmldiff","2363998","614049","1510723","1667359","4540044","3487814","True","9.718e-05","4.32e-06"
"requests-html","kennethreitz/requests-html","9359913","7589558","8633062","10047733","12682522","7846690","True","9.718e-05","1.712e-05"
"locust-plugins","","1804044","62205","815445","1324229","2198376","4619966","True","9.718e-05","3.3e-06"
"aiortc","","3071619","521275","600044","424009","1745374","12067395","True","9.718e-05","5.62e-06"
"robotframework-retryfailed","","1254686","0","523","235203","2405986","3631720","True","9.718e-05","2.3e-06"
"jsonfield","rpkilby/jsonfield","6365717","6165782","5096760","5431911","6858746","8275385","True","9.718e-05","1.164e-05"
"pathy","justindujardin/pathy","43964469","16450776","30284819","45406605","62534619","65145525","True","9.718e-05","8.042e-05"
"mypy-boto3-workmail","","1746790","45597","72209","258935","2273928","6083283","True","9.718e-05","3.2e-06"
"tree-sitter-java","","2687514","0","0","0","222782","13214786","True","9.718e-05","4.92e-06"
"streamsets","","2317435","14192","35211","922071","2482141","8133559","True","9.718e-05","4.24e-06"
"speechbrain","","10076022","38744","159149","1575077","30137254","18469884","True","9.718e-05","1.843e-05"
"mypy-boto3-sso","","2491437","44656","75902","802529","4476808","7057291","True","9.718e-05","4.56e-06"
"mypy-boto3-elb","","1843261","52836","94009","338524","2417118","6313819","True","9.718e-05","3.37e-06"
"zipfile-deflate64","brianhelba/zipfile-deflate64","3913975","10194","2506009","4959284","5390067","6704320","True","9.718e-05","7.16e-06"
"apache-airflow-providers-apache-livy","","2262531","76765","881530","1440959","2607208","6306195","True","9.718e-05","4.14e-06"
"unicode-slugify","mozilla/unicode-slugify","1009226","1044243","822337","816032","1385581","977936","True","9.718e-05","1.85e-06"
"opentelemetry-container-distro","","1367915","0","2636","25348","313774","6497817","True","9.718e-05","2.5e-06"
"crc16","","1185595","1172266","1974919","1279877","977516","523397","True","9.718e-05","2.17e-06"
"marshmallow-sqlalchemy","marshmallow-code/marshmallow-sqlalchemy","70954493","23246319","50954337","55981807","113680702","110909298","True","9.718e-05","0.0001298"
"hidapi","trezor/cython-hidapi","2637351","811292","856516","1824316","3905037","5789594","True","9.718e-05","4.82e-06"
"azure-devops","microsoft/azure-devops-python-api","49881352","83100881","26165316","30516747","54068437","55555379","True","9.718e-05","9.125e-05"
"oslo-upgradecheck","","1127483","1001644","858618","808350","1154546","1814258","True","9.718e-05","2.06e-06"
"gluonts","awslabs/gluonts","4713376","597985","1478325","2364637","4645774","14480161","True","9.718e-05","8.62e-06"
"forbiddenfruit","","1453494","172246","1064717","611249","842351","4576905","True","9.718e-05","2.66e-06"
"fcm-django","xtrinch/fcm-django","2988603","1342682","1470534","2658762","6671296","2799743","True","9.718e-05","5.47e-06"
"apache-airflow-core","","3951410","0","0","0","0","19757049","True","9.718e-05","7.23e-06"
"aiodocker","","3571935","397711","710039","862494","2110866","13778564","True","9.718e-05","6.53e-06"
"pilmoji","","1530946","2624","8186","123517","279839","7240563","True","9.718e-05","2.8e-06"
"pyobjc-framework-fsevents","ronaldoussoren/pyobjc","2427002","450674","1054034","2910039","4681350","3038914","True","9.718e-05","4.44e-06"
"numdifftools","pbrod/numdifftools","3968099","614437","1159473","1267231","7288169","9511183","True","9.718e-05","7.26e-06"
"asgi-correlation-id","snok/asgi-correlation-id","5085484","233348","761077","1388762","7906045","15138187","True","9.718e-05","9.3e-06"
"kopf","nolar/kopf","2930213","504703","3024901","3859668","3214504","4047287","True","9.718e-05","5.36e-06"
"google-cloud-private-ca","","1346631","4247","589213","1841544","3007194","1290959","True","9.718e-05","2.46e-06"
"keystoneauth1","","14442786","11519938","11584519","22744178","10776199","15589098","True","9.718e-05","2.642e-05"
"pyobjc-framework-ituneslibrary","ronaldoussoren/pyobjc","1958349","466504","981265","2521246","3004041","2818688","True","9.718e-05","3.58e-06"
"googledrivedownloader","ndrplz/google-drive-downloader","1187998","2272637","1489484","927567","682981","567319","True","9.718e-05","2.17e-06"
"pyroaring","","47747016","146543","83771","190606","84954150","153360012","True","9.718e-05","8.734e-05"
"coola","durandtibo/coola","2276950","0","208","396967","4636743","6350833","True","9.718e-05","4.17e-06"
"azure-mgmt-resource-deploymentstacks","","4516171","0","0","0","0","22580853","True","9.718e-05","8.26e-06"
"cvxpy","cvxpy/cvxpy","13793264","3766513","10217211","7518476","19003769","28460351","True","9.718e-05","2.523e-05"
"empy","","2679318","1650803","1734149","2181149","3519496","4310991","True","9.718e-05","4.9e-06"
"aiolimiter","mjpieters/aiolimiter","8026074","57544","348754","1281817","7235443","31206810","True","9.718e-05","1.468e-05"
"faster-whisper","systran/faster-whisper","5318586","0","0","1327063","6061963","19203904","True","9.718e-05","9.73e-06"
"pyobjc-framework-servicemanagement","ronaldoussoren/pyobjc","2355436","439618","1022143","2873206","4586380","2855831","True","9.718e-05","4.31e-06"
"opentelemetry-instrumentation-aws-lambda","","5565897","67437","1293440","4036019","8601109","13831482","True","9.718e-05","1.018e-05"
"aws-cdk-aws-codeguruprofiler","","3254794","2356626","4225955","4047942","3223315","2420130","True","9.718e-05","5.95e-06"
"exifread","ianare/exif-py","4995322","12740137","5524369","1963638","2026702","2721764","True","9.718e-05","9.14e-06"
"alembic-postgresql-enum","","2756849","0","0","133059","2687756","10963428","True","9.718e-05","5.04e-06"
"dumbyaml","crdoconnor/dumbyaml","1423544","1988524","2084898","1173819","980211","890267","True","9.718e-05","2.6e-06"
"lazy-loader","","52709408","0","927677","39477311","82620353","140521697","True","9.718e-05","9.642e-05"
"contractions","kootenpv/contractions","2547099","1670062","2256224","2825673","3258522","2725013","True","9.718e-05","4.66e-06"
"untokenize","myint/untokenize","5945904","1308530","3282943","5458737","8379876","11299436","True","9.718e-05","1.088e-05"
"dash-ag-grid","","1127686","314","850","213914","1432365","3990989","True","9.718e-05","2.06e-06"
"autofaiss","","3300743","3876","71293","322676","4301909","11803962","True","9.718e-05","6.04e-06"
"aws-cdk-aws-codestarnotifications","","2665628","1011734","3617361","3447925","3037317","2213803","True","9.718e-05","4.88e-06"
"pyuca","","1024768","476663","531588","584026","1217490","2314072","True","9.718e-05","1.87e-06"
"azure-mgmt-hybridcompute","","4176478","3747","370172","2074216","5629862","12804393","True","9.718e-05","7.64e-06"
"aws-cdk-aws-kms","","4082712","3187402","5161046","5297455","3662899","3104757","True","9.718e-05","7.47e-06"
"pytest-pudb","","1005574","231943","376910","429058","860617","3129342","True","9.718e-05","1.84e-06"
"cmarkgfm","theacodes/cmarkgfm","3215655","3599514","3057148","3098240","3706568","2616805","True","9.718e-05","5.88e-06"
"voluptuous-serialize","","1031955","920358","648648","392807","1508647","1689314","True","9.718e-05","1.89e-06"
"watchfiles","samuelcolvin/watchfiles","161169892","152","10560099","44115654","202916328","548257229","True","9.718e-05","0.00029483"
"locust","locustio/locust","25980016","4769390","9354066","14903735","25959707","74913183","True","9.718e-05","4.753e-05"
"deepl","deeplcom/deepl-python","2167089","18106","216982","1793370","4721870","4085117","True","9.718e-05","3.96e-06"
"pytest-homeassistant-custom-component","","1749461","43950","140951","310666","901025","7350711","True","9.718e-05","3.2e-06"
"hexdump","","1070596","536864","768128","864198","1116981","2066808","True","9.718e-05","1.96e-06"
"mypy-boto3-observabilityadmin","","1239708","0","0","0","147234","6051307","True","9.718e-05","2.27e-06"
"cvss","","2498066","300534","535288","1172948","2299935","8181625","True","9.718e-05","4.57e-06"
"asyncua","","1133812","82385","187231","735938","1388918","3274586","True","9.718e-05","2.07e-06"
"aspy-refactor-imports","","1518736","1971741","1815600","1071431","1382659","1352248","True","9.718e-05","2.78e-06"
"opentelemetry-instrumentation-watsonx","","1870349","0","0","0","307838","9043908","True","9.718e-05","3.42e-06"
"azure-iot-hub","azure/azure-iot-hub-python","1876454","243564","1001799","2164029","2277231","3695648","True","9.718e-05","3.43e-06"
"mypy-boto3-ec2","","20735684","1344893","4224036","12918148","28837538","56353803","True","9.718e-05","3.793e-05"
"tree-sitter-rust","","2617408","0","0","0","60707","13026335","True","9.718e-05","4.79e-06"
"serverlessrepo","","2956045","3527277","4800727","4159307","1634643","658271","True","9.718e-05","5.41e-06"
"python-json-config","","2537962","215793","684552","1494142","3772429","6522895","True","9.718e-05","4.64e-06"
"pytd","treasure-data/pytd","5790197","2367633","2756491","2356355","15409529","6060976","True","9.718e-05","1.059e-05"
"pyexcelerate","kz26/pyexcelerate","2356211","1550092","3471789","973652","2119580","3665943","True","9.718e-05","4.31e-06"
"lizard","terryyin/lizard","3571766","957369","1165171","5952344","5174002","4609943","True","9.718e-05","6.53e-06"
"uv","","158379228","673","428","433","147801012","644093594","True","9.718e-05","0.00028972"
"azureml","","2950760","6157233","3495477","1884938","1671591","1544559","True","9.718e-05","5.4e-06"
"nameof","","1324690","3648","17289","1269661","2281927","3050923","True","9.718e-05","2.42e-06"
"jmp","","1769715","171963","980803","1682468","2389634","3623707","True","9.718e-05","3.24e-06"
"python-statemachine","","1799576","200233","288248","1110164","1888858","5510377","True","9.718e-05","3.29e-06"
"graphene-file-upload","lmcgartland/graphene-file-upload","1710175","776585","1136633","1518245","1665894","3453520","True","9.718e-05","3.13e-06"
"stem","","1142108","1375613","1133344","1008165","902339","1291078","True","9.718e-05","2.09e-06"
"mdformat-gfm","","1668973","41810","303575","836419","2208735","4954326","True","9.718e-05","3.05e-06"
"tree-sitter-xml","","1757680","0","0","0","125310","8663088","True","9.718e-05","3.22e-06"
"speechrecognition","","9540202","2629455","3897165","5676464","11498538","23999389","True","9.718e-05","1.745e-05"
"pyshorteners","","1144671","1319027","1619649","912865","956933","914883","True","9.718e-05","2.09e-06"
"zigpy-zigate","zigpy/zigpy-zigate","2698056","42439","2337966","5317892","3817234","1974750","True","9.718e-05","4.94e-06"
"confluent-kafka","confluentinc/confluent-kafka-python","160860435","34093343","84692055","115048266","205366133","365102377","True","9.718e-05","0.00029426"
"priority","","14096697","10293827","8043427","7493375","15324743","29328113","True","9.718e-05","2.579e-05"
"logging-azure-rest","exelscior/logging-azure-rest","11241807","4035","451856","18602686","19519524","17630933","True","9.718e-05","2.056e-05"
"django-user-agents","selwin/django-user_agents","3259275","2037890","2444013","2803666","4049974","4960830","True","9.718e-05","5.96e-06"
"autovizwidget","","2486132","584209","523543","751737","1390807","9180365","True","9.718e-05","4.55e-06"
"spyne","","1569371","543058","760238","1276388","1179011","4088162","True","9.718e-05","2.87e-06"
"neptune","neptune-ai/neptune-client","1176178","0","0","680545","2315430","2884913","True","9.718e-05","2.15e-06"
"lilcom","","1109292","9421","63623","190583","1067519","4215315","True","9.718e-05","2.03e-06"
"promptflow-tracing","microsoft/promptflow","1496436","0","0","0","1866785","5615394","True","9.718e-05","2.74e-06"
"azure-iot-device","azure/azure-iot-sdk-python","2009463","392173","949035","2022635","2724139","3959335","True","9.718e-05","3.68e-06"
"azure-mgmt-keyvault","","86465176","68988066","80585975","76894636","112857992","92999212","True","9.718e-05","0.00015817"
"tyro","","5269492","0","14364","646807","7528592","18157696","True","9.718e-05","9.64e-06"
"pyarmor","dashingsoft/pyarmor","2880110","675795","4916941","1951955","2529924","4325937","True","9.718e-05","5.27e-06"
"initools","","3636600","1478049","895085","1014980","1245253","13549632","True","9.718e-05","6.65e-06"
"jsbeautifier","","10624612","2084687","3048129","5846306","9030167","33113770","True","9.718e-05","1.944e-05"
"python-debian","","2382465","1126907","1543057","1431629","2681152","5129578","True","9.718e-05","4.36e-06"
"ufmt","","10231360","28167","165032","1224460","28980922","20758221","True","9.718e-05","1.872e-05"
"eight","","1028316","608645","992138","552869","1723082","1264848","True","9.718e-05","1.88e-06"
"mypy-boto3-efs","","2484810","49988","319971","767884","3296982","7989226","True","9.718e-05","4.55e-06"
"pyobjc-framework-usernotifications","ronaldoussoren/pyobjc","1966945","448780","991113","2515298","3014191","2865343","True","9.718e-05","3.6e-06"
"ndindex","","5212855","15967","51427","754311","7325711","17916861","True","9.718e-05","9.54e-06"
"anyascii","anyascii/anyascii","14071166","2509830","4614694","7293153","15970213","39967939","True","9.718e-05","2.574e-05"
"fpdf2","py-pdf/fpdf2","10800134","413096","2035727","4278257","15660164","31613428","True","9.718e-05","1.976e-05"
"mpi4py","mpi4py/mpi4py","3909447","2307444","2504249","2038927","5204818","7491799","True","9.718e-05","7.15e-06"
"flask-babelex","mrjoes/flask-babelex","1137429","1038058","1065928","1149753","1016757","1416649","True","9.718e-05","2.08e-06"
"jishaku","scarletcafe/jishaku","1625453","2328820","3989035","1461749","168393","179266","True","9.718e-05","2.97e-06"
"snowflake-legacy","","6829235","0","0","105909","5207557","28832711","True","9.718e-05","1.249e-05"
"soxr","dofuuz/python-soxr","14101886","21158","115286","5314268","18074246","46984474","True","9.718e-05","2.58e-05"
"openai-whisper","openai/whisper","3351907","0","0","1932590","4214779","10612166","True","9.718e-05","6.13e-06"
"geohash","vinsci/geohash","2481842","8520263","1947761","895706","351680","693800","True","9.718e-05","4.54e-06"
"hdrpy","","1440259","346419","330239","898187","2529904","3096547","True","9.718e-05","2.63e-06"
"flatten-json","amirziai/flatten","14359988","4032273","11655717","18258020","18132470","19721461","True","9.718e-05","2.627e-05"
"gdbgui","cs01/gdbgui","1015224","1046374","2928094","870618","142066","88967","True","9.718e-05","1.86e-06"
"zope-dottedname","","1758073","532816","442752","536538","5702003","1576256","True","9.718e-05","3.22e-06"
"imblearn","","7581817","4737262","7416963","8457301","8245318","9052240","True","9.718e-05","1.387e-05"
"questionary","tmbo/questionary","27604881","3931757","14333157","13166517","29873452","76719524","True","9.718e-05","5.05e-05"
"mwparserfromhell","earwig/mwparserfromhell","3801983","1009169","995314","1911513","6056131","9037788","True","9.718e-05","6.95e-06"
"flower","mher/flower","34425920","9723750","19442152","21216784","36434426","85312488","True","9.718e-05","6.298e-05"
"shopifyapi","shopify/shopify_python_api","4779507","3216994","2355012","3433339","6708100","8184092","True","9.718e-05","8.74e-06"
"azureml-pipeline","","10969135","11820723","18121834","10828384","6277117","7797619","True","9.718e-05","2.007e-05"
"wmctrl","antocuni/wmctrl","4124247","2773567","3270875","3770764","6442447","4363580","True","9.718e-05","7.54e-06"
"pytrends","","2189596","1159644","1848137","1501227","2775327","3663643","True","9.718e-05","4.01e-06"
"storage3","supabase/supabase-py","10400830","102","64044","1355417","8802304","41782284","True","9.718e-05","1.903e-05"
"pyroute2","svinota/pyroute2","5840152","3932138","2935511","4583437","6126624","11623050","True","9.718e-05","1.068e-05"
"chiabip158","chia-network/chiabip158","2309442","1354672","1837634","1697281","4081258","2576364","True","9.718e-05","4.22e-06"
"langchain-aws","langchain-ai/langchain-aws","12186615","0","0","0","6704751","54228326","True","9.718e-05","2.229e-05"
"gcovr","","9422421","1341688","3163592","8655398","10950131","23001294","True","9.718e-05","1.724e-05"
"prometheus-fastapi-instrumentator","trallnag/prometheus-fastapi-instrumentator","15734638","432124","1381261","3794304","14344516","58720985","True","9.718e-05","2.878e-05"
"appengine-python-standard","googlecloudplatform/appengine-python-standard","3105255","12219","262315","2954398","4765442","7531901","True","9.718e-05","5.68e-06"
"flobot","","1300015","0","2322977","4165494","7957","3646","True","9.718e-05","2.38e-06"
"nutter","microsoft/nutter","3707061","878261","3324014","3011253","4589571","6732207","True","9.718e-05","6.78e-06"
"cupy-cuda11x","cupy/cupy","1009903","0","63471","713411","1753066","2519569","True","9.718e-05","1.85e-06"
"google-trans-new","lushan88a/google_trans_new","3663141","12233499","4779883","461739","333121","507461","True","9.718e-05","6.7e-06"
"mypy-boto3-ecr","","9063488","197216","1618501","5255210","13533049","24713464","True","9.718e-05","1.658e-05"
"pyemd","wmayner/pyemd","1002148","1355975","702583","623688","1822092","506403","True","9.718e-05","1.83e-06"
"pycosat","","1611710","464632","1541235","2359723","2608279","1084680","True","9.718e-05","2.95e-06"
"comtypes","enthought/comtypes","17927070","4059053","7719432","15055806","30770300","32030759","True","9.718e-05","3.279e-05"
"azure-mgmt-databoxedge","","26797188","3005978","11784907","26087823","62504332","30602899","True","9.718e-05","4.902e-05"
"oslo-context","","4210271","3701197","3680505","3604110","4401182","5664359","True","9.718e-05","7.7e-06"
"sparqlwrapper","rdflib/sparqlwrapper","5687043","1149192","4452475","5236745","7612433","9984368","True","9.718e-05","1.04e-05"
"pot","","1174163","145311","353809","412674","1258304","3700715","True","9.718e-05","2.15e-06"
"biothings-client","","2293631","59483","245007","388399","3252605","7522663","True","9.718e-05","4.2e-06"
"tonyg-rfc3339","","1932780","53660","191069","435079","2028970","6955123","True","9.718e-05","3.54e-06"
"discordutils","toxicrecker/discordutils","1232577","1806605","3204849","1128277","13988","9166","True","9.718e-05","2.25e-06"
"docxtpl","elapouya/python-docx-template","5487521","1138989","1660562","2890864","4872336","16874855","True","9.718e-05","1.004e-05"
"git-remote-codecommit","","6144414","2549317","3801133","6248564","9063389","9059666","True","9.718e-05","1.124e-05"
"spyder","","1102201","904118","1065154","784194","1079136","1678402","True","9.718e-05","2.02e-06"
"remote-pdb","ionelmc/python-remote-pdb","2081314","775430","1200115","1179823","2484614","4766588","True","9.718e-05","3.81e-06"
"jsonalias","","1970512","0","23442","361032","2508266","6959821","True","9.718e-05","3.6e-06"
"opentelemetry-exporter-gcp-trace","googlecloudplatform/opentelemetry-operations-python","7834691","142526","754244","2749407","8886475","26640802","True","9.718e-05","1.433e-05"
"autogen-agentchat","","1014849","0","0","0","117111","4957132","True","9.718e-05","1.86e-06"
"mypy-boto3-license-manager","","1820762","45287","68369","258387","2272911","6458854","True","9.718e-05","3.33e-06"
"pyspark-pandas","adgaudio/pyspark_pandas","2273506","86881","761313","3139719","3774875","3604742","True","9.718e-05","4.16e-06"
"unpaddedbase64","","1251466","365204","456261","396505","593327","4446032","True","9.718e-05","2.29e-06"
"tree-sitter-c-sharp","","4146175","0","0","0","227509","20503365","True","9.718e-05","7.58e-06"
"robotframework-jsonlibrary","","4677207","1182213","4756300","6943308","5322416","5181796","True","9.718e-05","8.56e-06"
"jupyter-book","","1381873","233112","617833","1128622","1397677","3532119","True","9.718e-05","2.53e-06"
"grpc-interceptor","d5h-foss/grpc-interceptor","39617733","270285","1263826","2642207","43080747","150831602","True","9.718e-05","7.247e-05"
"mypy-boto3-pricing","","2047888","55892","77969","724657","2338621","7042301","True","9.718e-05","3.75e-06"
"setuptools-download","","1359017","0","0","3311","1696045","5095727","True","9.718e-05","2.49e-06"
"ansible-pylibssh","ansible/pylibssh","1033388","128697","231917","536468","1945870","2323986","True","9.718e-05","1.89e-06"
"pyinstrument-cext","joerick/pyinstrument_cext","1549201","1762721","2382538","1420665","1146428","1033655","True","9.718e-05","2.83e-06"
"atlassian-jwt-auth","atlassian/asap-authentication-python","9138091","9843960","14616742","14498803","3326336","3404612","True","9.718e-05","1.672e-05"
"locust-cloud","","4703514","0","0","0","9814","23507756","True","9.718e-05","8.6e-06"
"vector-quantize-pytorch","","1774420","21321","47822","1406554","2343655","5052748","True","9.718e-05","3.25e-06"
"pymorphy3-dicts-ru","","1114448","0","2277","284321","748989","4536655","True","9.718e-05","2.04e-06"
"apache-airflow-providers-ftp","","42610328","6795410","17568855","28197325","72275678","88214371","True","9.718e-05","7.795e-05"
"platformio","","5344279","5317058","3794017","5105317","4944645","7560359","True","9.718e-05","9.78e-06"
"executor","","3752234","498973","1130152","3418193","7699294","6014557","True","9.718e-05","6.86e-06"
"narwhals","narwhals-dev/narwhals","85826608","0","0","0","51778686","377354356","True","9.718e-05","0.000157"
"opensearch-dsl","","1907051","2820","451930","1673324","2745026","4662157","True","9.718e-05","3.49e-06"
"mypy-boto3-support-app","","1683817","0","2206","223146","2191182","6002550","True","9.718e-05","3.08e-06"
"transliterate","barseghyanartur/transliterate","2913796","818095","1233430","1400891","3127249","7989314","True","9.718e-05","5.33e-06"
"prance","ronnypfannschmidt/prance","11900788","3191172","3544676","8047997","15293838","29426256","True","9.718e-05","2.177e-05"
"zigpy-deconz","zigpy/zigpy-deconz","3691841","119675","2312245","5359773","6860020","3807490","True","9.718e-05","6.75e-06"
"pyang","mbj4668/pyang","2388031","998249","1488985","1857624","3280990","4314305","True","9.718e-05","4.37e-06"
"rdrobust","","1306300","762","1737","3438","1566101","4959464","True","9.718e-05","2.39e-06"
"mypy-boto3-iam","","19242776","273724","1867468","5465367","14656210","73951112","True","9.718e-05","3.52e-05"
"langchain-groq","","2853672","0","0","0","2261333","12007027","True","9.718e-05","5.22e-06"
"rignore","","12811306","0","0","0","201285","63855243","True","9.718e-05","2.344e-05"
"elasticsearch-dbapi","preset-io/elasticsearch-dbapi","5829644","575704","2777270","5537912","5790996","14466337","True","9.718e-05","1.066e-05"
"yoyo-migrations","","2480974","967292","1600101","2788587","3333866","3715025","True","9.718e-05","4.54e-06"
"djangorestframework-xml","jpadilla/django-rest-framework-xml","2354970","1094003","1177866","1550122","4012647","3940212","True","9.718e-05","4.31e-06"
"mypy-boto3-servicediscovery","","1817104","50110","71394","263155","2382681","6318181","True","9.718e-05","3.32e-06"
"synapseml","microsoft/synapseml","3565992","6815","508983","2462334","2599259","12252571","True","9.718e-05","6.52e-06"
"apitools","","1242349","110859","539987","2546791","1579977","1434131","True","9.718e-05","2.27e-06"
"plum-dispatch","","2126152","30429","94560","184422","2843752","7477599","True","9.718e-05","3.89e-06"
"ag-ui-protocol","","1729307","0","0","0","0","8646535","True","9.718e-05","3.16e-06"
"mypy-boto3-kinesis-video-media","","1741573","45736","71210","263038","2277402","6050481","True","9.718e-05","3.19e-06"
"mssql-django","","1144973","92430","356090","885426","1786929","2603990","True","9.718e-05","2.09e-06"
"pulsar-client","","6160155","682370","1658253","5239599","12861521","10359031","True","9.718e-05","1.127e-05"
"import-deps","schettino72/import-deps","4172296","72440","2022033","2621976","5360526","10784507","True","9.718e-05","7.63e-06"
"dvclive","","17422187","32231","1299628","48560183","31158588","6060303","True","9.718e-05","3.187e-05"
"azure-mgmt-dns","","46327420","17673743","30147304","48177787","82844086","52794182","True","9.718e-05","8.475e-05"
"django-stubs","typeddjango/django-stubs","15992535","3835931","6152229","10681170","20005579","39287768","True","9.718e-05","2.926e-05"
"snapshot-restore-py","","2001905","0","0","0","432782","9576741","True","9.718e-05","3.66e-06"
"debtcollector","","11859799","12895919","11778160","14264004","9090181","11270730","True","9.718e-05","2.17e-05"
"qds-sdk","qubole/qds-sdk-py","6007540","7485998","8702536","7032005","3654123","3163037","True","9.718e-05","1.099e-05"
"pymp-pypi","classner/pymp","1021241","1248504","1742350","961640","708561","445148","True","9.718e-05","1.87e-06"
"aggdraw","pytroll/aggdraw","1700958","271491","4281904","706006","1138529","2106860","True","9.718e-05","3.11e-06"
"pyobjc-framework-screensaver","ronaldoussoren/pyobjc","2389103","494961","1022193","2904227","4609767","2914365","True","9.718e-05","4.37e-06"
"logstash-formatter","","1762965","1518867","1906112","2420767","1928639","1040441","True","9.718e-05","3.22e-06"
"shazamapi","numenorean/shazamapi","2277194","5428133","4570403","425990","856565","104880","True","9.718e-05","4.17e-06"
"mypy-boto3-cleanroomsml","","1675794","0","0","70190","2184641","6124141","True","9.718e-05","3.07e-06"
"celery-redbeat","sibson/redbeat","4096980","1252096","1564979","2177308","4106638","11383877","True","9.718e-05","7.49e-06"
"dagster-pyspark","","2481337","621777","2089151","2482214","3355750","3857794","True","9.718e-05","4.54e-06"
"pyobjc-framework-network","","2341092","443876","989913","2836540","4555309","2879820","True","9.718e-05","4.28e-06"
"pip-check","barttc/pip-check","2808641","191994","2151654","2735686","5282433","3681439","True","9.718e-05","5.14e-06"
"wavedrom","","1049397","36047","73705","682269","2861659","1593306","True","9.718e-05","1.92e-06"
"mode-streaming","faust-streaming/mode","2117411","326809","2803074","1285178","1773796","4398200","True","9.718e-05","3.87e-06"
"icdiff","jeffkaufman/icdiff","16980822","868164","3496359","6484126","13286474","60768987","True","9.718e-05","3.106e-05"
"google-gax","googleapis/gax-python","2087212","3827914","1970659","1485104","1497033","1655350","True","9.718e-05","3.82e-06"
"ada-url","","2481923","0","0","24913","3263185","9121515","True","9.718e-05","4.54e-06"
"watchtower","kislyuk/watchtower","102915877","22094794","76874353","101014576","141357945","173237718","True","9.718e-05","0.00018826"
"opentelemetry-instrumentation-pyramid","","1890563","12831","167355","304009","2919297","6049324","True","9.718e-05","3.46e-06"
"sqlalchemy-hana","sap/sqlalchemy-hana","2956140","245038","599286","2609211","5396076","5931091","True","9.718e-05","5.41e-06"
"pyrtf3","","4195301","3189411","2956582","4503543","7402794","2924173","True","9.718e-05","7.67e-06"
"py-moneyed","py-moneyed/py-moneyed","3335315","1642084","2227159","2314277","4095617","6397440","True","9.718e-05","6.1e-06"
"nvidia-cufft-cu12","","102137025","0","1726","11940194","121687014","377056189","True","9.718e-05","0.00018684"
"pyfunceble-dev","funilrys/pyfunceble","1525326","828105","960758","1527954","2450206","1859605","True","9.718e-05","2.79e-06"
"ezfnsetup","","12725852","36780363","21793707","4996653","55106","3431","True","9.718e-05","2.328e-05"
"drf-extra-fields","","1388565","308090","765808","1394090","2024271","2450568","True","9.718e-05","2.54e-06"
"cdk-nag","cdklabs/cdk-nag","21856907","35332","5682409","45880298","30476907","27209591","True","9.718e-05","3.998e-05"
"zope-deferredimport","","4032404","2108362","2407430","2337763","9638734","3669733","True","9.718e-05","7.38e-06"
"logging","","2890850","1030442","1076820","1489077","3389806","7468107","True","9.718e-05","5.29e-06"
"opentok","","1581213","251862","375626","590367","457568","6230642","True","9.718e-05","2.89e-06"
"dbt-snowflake","dbt-labs/dbt-adapters","33205136","5516832","15671781","23537069","43785540","77514458","True","9.718e-05","6.074e-05"
"mypy-boto3-connect-contact-lens","","1714037","31509","47533","244424","2225528","6021193","True","9.718e-05","3.14e-06"
"yandex-query-client","","6922934","0","0","0","2427561","32187110","True","9.718e-05","1.266e-05"
"kylinpy","","4999361","126224","194580","279788","1116342","23279872","True","9.718e-05","9.15e-06"
"pem","hynek/pem","7539956","13169818","3485503","4371589","5231130","11441741","True","9.718e-05","1.379e-05"
"sortedcollections","","10400275","40195784","4641013","2427212","1727442","3009924","True","9.718e-05","1.903e-05"
"pyapacheatlas","wjohnson/pyapacheatlas","4153641","236875","2127078","5042843","7347937","6013471","True","9.718e-05","7.6e-06"
"email-reply-parser","zapier/email-reply-parser","2621428","860253","1334628","1948443","3881173","5082642","True","9.718e-05","4.8e-06"
"columnar","","2027988","411747","966722","1249468","1849007","5662997","True","9.718e-05","3.71e-06"
"embeddings","vzhong/embeddings","1202929","4629055","1168687","23408","61620","131877","True","9.718e-05","2.2e-06"
"nvidia-cuda-runtime-cu12","","100747845","0","863","12248111","122247227","369243024","True","9.718e-05","0.0001843"
"mypy-boto3-bedrock-data-automation","youtype/mypy_boto3_builder","1284624","0","0","0","145467","6277654","True","9.718e-05","2.35e-06"
"textile","textile/python-textile","3667448","1954364","3600559","4377147","4054029","4351141","True","9.718e-05","6.71e-06"
"wtforms-components","","1048384","486549","543264","659265","2328366","1224476","True","9.718e-05","1.92e-06"
"coolname","alexanderlukanin13/coolname","8268272","642276","1761222","3958478","9720617","25258766","True","9.718e-05","1.513e-05"
"pysmartdl","","1174155","1091482","1015916","730680","1049323","1983372","True","9.718e-05","2.15e-06"
"nanoid","puyuan/py-nanoid","7142811","338633","1355008","2819095","7988017","23213300","True","9.718e-05","1.307e-05"
"isoduration","bolsote/isoduration","127065012","246203","6777052","70982393","208824642","348494770","True","9.718e-05","0.00023244"
"mypy-boto3-customer-profiles","","1743142","31108","52564","249692","2232991","6149353","True","9.718e-05","3.19e-06"
"filesplit","ram-jayapalan/filesplit","6510767","413191","593409","797061","4575392","26174784","True","9.718e-05","1.191e-05"
"lazy","stefanholek/lazy","2889678","2029327","1694362","2200305","3252477","5271919","True","9.718e-05","5.29e-06"
"mypy-boto3-pca-connector-scep","","1440075","0","0","0","1245165","5955212","True","9.718e-05","2.63e-06"
"nvidia-nccl-cu11","","13192891","0","3712","28923824","21664141","15372779","True","9.718e-05","2.413e-05"
"prometheus-flask-exporter","rycus86/prometheus_flask_exporter","84288246","116831676","134596311","75204833","54128479","40679931","True","9.718e-05","0.00015419"
"zc-lockfile","","18459702","5480083","25940168","22760865","23138862","14978533","True","9.718e-05","3.377e-05"
"phik","","10574717","5694952","10979939","11797798","13007741","11393157","True","9.718e-05","1.934e-05"
"zulip","","1041758","298434","276873","374070","1122840","3136572","True","9.718e-05","1.91e-06"
"azure-mgmt-servicebus","","50428110","16199569","29209119","45197628","89515723","72018509","True","9.718e-05","9.225e-05"
"pyvisa-py","pyvisa/pyvisa-py","1828582","334910","517664","1228819","3126220","3935298","True","9.718e-05","3.35e-06"
"yaspin","pavdmyt/yaspin","14121665","3687521","8261519","8378763","18486098","31794425","True","9.718e-05","2.583e-05"
"mozdevice","","4337834","13165376","5889504","850309","426718","1357261","True","9.718e-05","7.94e-06"
"pycodestyle-magic","","1887380","900441","1706324","2181267","1880188","2768680","True","9.718e-05","3.45e-06"
"python-hcl2","amplify-education/python-hcl2","18542982","9048725","7874442","7969478","14613159","53209105","True","9.718e-05","3.392e-05"
"fastcrc","","1237176","89497","2326626","674876","548587","2546293","True","9.718e-05","2.26e-06"
"lsprotocol","microsoft/lsprotocol","2937118","0","12391","1231129","4041564","9400505","True","9.718e-05","5.37e-06"
"html-sanitizer","","1485154","232492","718140","974684","1652785","3847667","True","9.718e-05","2.72e-06"
"esprima","kronuz/esprima-python","2011947","764212","1103614","1598765","2152198","4440945","True","9.718e-05","3.68e-06"
"airflow-code-editor","andreax79/airflow-code-editor","1831833","2558433","1634586","1149621","1871509","1945017","True","9.718e-05","3.35e-06"
"python-version","","1137092","213632","656451","1373424","1285049","2156902","True","9.718e-05","2.08e-06"
"spotify-tensorflow","","1159462","2675773","3075460","22382","8239","15454","True","9.718e-05","2.12e-06"
"httpx-ws","","3832340","0","521","67302","3381161","15712716","True","9.718e-05","7.01e-06"
"pycalverter","","6140234","16605521","9319471","2215659","1363028","1197492","True","9.718e-05","1.123e-05"
"pytest-arraydiff","","1145004","410771","415277","509004","2262684","2127283","True","9.718e-05","2.09e-06"
"aws-cdk-aws-elasticloadbalancingv2","","3086249","2707242","3872498","3458487","3110054","2282964","True","9.718e-05","5.65e-06"
"wslink","","1219162","394537","1331795","911458","1275995","2182025","True","9.718e-05","2.23e-06"
"adlfs","","33256923","918710","3225899","13091642","51684049","97364317","True","9.718e-05","6.084e-05"
"semantic-link-sempy","","1725844","0","0","40056","958700","7630463","True","9.718e-05","3.16e-06"
"py-partiql-parser","getmoto/py-partiql-parser","28191178","0","0","9265257","38905263","92785371","True","9.718e-05","5.157e-05"
"multiaddr","multiformats/py-multiaddr","4083749","1716418","5209053","5054188","4500460","3938626","True","9.718e-05","7.47e-06"
"accesscontrol","zopefoundation/accesscontrol","1758786","384630","309365","490529","6155192","1454212","True","9.718e-05","3.22e-06"
"cppy","nucleic/cppy","2326528","1924233","1140133","1201704","3430933","3935636","True","9.718e-05","4.26e-06"
"mypy-boto3-apptest","","1296789","0","0","0","1250331","5233616","True","9.718e-05","2.37e-06"
"ansible-runner","ansible/ansible-runner","3123109","930267","1171487","2104821","4080183","7328789","True","9.718e-05","5.71e-06"
"spacy-legacy","","65623405","16209695","29840002","39075296","93015908","149976124","True","9.718e-05","0.00012005"
"azureml-core","","49675059","54264790","81035600","39561645","45531610","27981650","True","9.718e-05","9.087e-05"
"mypy-boto3-finspace","","1705399","14768","34236","239422","2216953","6021615","True","9.718e-05","3.12e-06"
"pysftp","","103499917","54741591","97024840","106661182","121424901","137647071","True","9.718e-05","0.00018933"
"dagster-celery-k8s","","1561990","61403","130821","414070","2251935","4951720","True","9.718e-05","2.86e-06"
"annoy","spotify/annoy","11548484","7418934","14307228","12754015","12854383","10407860","True","9.718e-05","2.113e-05"
"python-helpscout-v2","santiher/python-helpscout-v2","1503515","1065186","1272055","1611711","2185249","1383372","True","9.718e-05","2.75e-06"
"pyobjc-framework-instantmessage","","2325496","455948","1028180","2863566","4550973","2728815","True","9.718e-05","4.25e-06"
"mypy-boto3-marketplace-entitlement","","2004652","83040","527955","603828","2431415","6377023","True","9.718e-05","3.67e-06"
"pytest-ordering","ftobia/pytest-ordering","14854518","4809428","6169512","9747393","19878281","33667976","True","9.718e-05","2.717e-05"
"detect-secrets","","6931887","1610637","4485181","4667095","7393723","16502799","True","9.718e-05","1.268e-05"
"apache-airflow-task-sdk","","2878651","0","0","0","0","14393253","True","9.718e-05","5.27e-06"
"pyobjc-framework-replaykit","ronaldoussoren/pyobjc","1017843","223378","445030","688107","924496","2808203","True","9.718e-05","1.86e-06"
"azure-mgmt-batchai","","45343809","15276694","28210741","42893737","73868479","66469392","True","9.718e-05","8.295e-05"
"azure-monitor-query","","20715467","11130","768913","3854853","21529561","77412879","True","9.718e-05","3.789e-05"
"compel","","1039141","0","0","999012","1496651","2700040","True","9.718e-05","1.9e-06"
"mypy-boto3-kafka","","2242521","48834","92935","370973","2761628","7938237","True","9.718e-05","4.1e-06"
"control","","1220428","473877","817556","1071111","1404283","2335315","True","9.718e-05","2.23e-06"
"azureml-automl-runtime","","1057775","808451","1447391","1162934","1178925","691175","True","9.718e-05","1.93e-06"
"langchain-google-community","langchain-ai/langchain-google","14068899","0","0","0","6868606","63475887","True","9.718e-05","2.574e-05"
"logfire-api","","4722074","0","0","0","112001","23498368","True","9.718e-05","8.64e-06"
"pyspark-stubs","zero323/pyspark-stubs","3222518","3752391","5061367","2912662","2933123","1453049","True","9.718e-05","5.89e-06"
"sphinx-markdown-builder","","1182266","204932","330862","518712","1388717","3468108","True","9.718e-05","2.16e-06"
"httmock","patrys/httmock","7638062","3838275","2259168","4051870","11258787","16782208","True","9.718e-05","1.397e-05"
"func-timeout","kata198/func_timeout","7283968","1731783","3552730","7317258","9829347","13988724","True","9.718e-05","1.332e-05"
"recordclass","intellimath/recordclass","2733281","2405722","3639018","2042430","1913448","3665786","True","9.718e-05","5e-06"
"mypy-boto3-inspector2","","1698134","586","16727","237627","2217235","6018493","True","9.718e-05","3.11e-06"
"tdigest","camdavidsonpilon/tdigest","4303716","7065958","3581402","3431362","3864414","3575444","True","9.718e-05","7.87e-06"
"ftputil","","1670200","701470","735891","1068429","1569835","4275375","True","9.718e-05","3.06e-06"
"azure-mgmt-cognitiveservices","","47695884","16823948","29041618","45341354","76984359","70288141","True","9.718e-05","8.725e-05"
"mypy-boto3-iot","","2054981","62202","129788","397116","2695642","6990159","True","9.718e-05","3.76e-06"
"flit-core","pypa/flit","64727087","3027867","6345688","31748203","81806490","200707189","True","9.718e-05","0.00011841"
"google-cloud-pubsublite","googleapis/python-pubsublite","35494144","3831961","41125756","45353096","28493284","58666624","True","9.718e-05","6.493e-05"
"aws-cdk-aws-logs","","4027110","3099926","5679545","4989125","3485071","2881884","True","9.718e-05","7.37e-06"
"lingua-language-detector","","2597772","0","665409","438643","2549990","9334816","True","9.718e-05","4.75e-06"
"llama-index-agent-openai","","7297547","0","0","0","9371542","27116195","True","9.718e-05","1.335e-05"
"mypy-boto3-organizations","","2338443","93135","606681","1156362","2906077","6929960","True","9.718e-05","4.28e-06"
"google-cloud-orchestration-airflow","","79694229","1363","4976816","17661847","97046532","278784588","True","9.718e-05","0.00014578"
"opentelemetry-propagator-b3","open-telemetry/opentelemetry-python","4485101","192080","737065","3497114","7204884","10794360","True","9.718e-05","8.2e-06"
"scylla-driver","scylladb/python-driver","2522873","149404","501220","2973095","3021067","5969578","True","9.718e-05","4.62e-06"
"deltalake","delta-io/delta-rs","37117327","560504","14372031","7209403","43865761","119578936","True","9.718e-05","6.79e-05"
"types-fpdf2","","1420156","434","6359","54117","1663150","5376718","True","9.718e-05","2.6e-06"
"lomond","wildfoundry/dataplicity-lomond","2101505","437932","701609","1192192","2986503","5189289","True","9.718e-05","3.84e-06"
"opsgenie-sdk","opsgenie/opsgenie-python-sdk","20212361","945979","8931158","13036156","16719985","61428528","True","9.718e-05","3.697e-05"
"zope-globalrequest","","1439532","321153","250433","338415","5407250","880410","True","9.718e-05","2.63e-06"
"fastdiff","syrusakbary/fastdiff","4935036","3366477","3731149","4378573","4114050","9084932","True","9.718e-05","9.03e-06"
"randomname","","1571801","51037","622087","1189272","1942364","4054247","True","9.718e-05","2.88e-06"
"miscreant","","2658673","32290","37083","82896","2624325","10516771","True","9.718e-05","4.86e-06"
"lob","lob/lob-python","1543343","926953","1076451","1370624","1342798","2999888","True","9.718e-05","2.82e-06"
"dvc-render","","8857018","0","1514588","20401074","13318601","9050828","True","9.718e-05","1.62e-05"
"opentelemetry-instrumentation-sqlite3","","6903473","178902","1694611","3857777","8600763","20185312","True","9.718e-05","1.263e-05"
"certbot-nginx","","1252981","1048424","1454412","1579839","1193873","988355","True","9.718e-05","2.29e-06"
"python-jenkins","","39995376","16310135","26058719","29821154","42227021","85559849","True","9.718e-05","7.316e-05"
"pytkdocs","mkdocstrings/pytkdocs","1418172","671607","1521739","1167121","1874700","1855694","True","9.718e-05","2.59e-06"
"roman-numerals-py","","11678937","0","0","0","15206","58379478","True","9.718e-05","2.136e-05"
"azure-graphrbac","","78658391","63383198","67730105","85284960","118930684","57963007","True","9.718e-05","0.00014389"
"pdfkit","jazzcore/python-pdfkit","13437685","5175662","6564556","10460494","17583627","27404084","True","9.718e-05","2.458e-05"
"llama-index-llms-openai","","10395591","0","0","0","11014397","40963558","True","9.718e-05","1.902e-05"
"keyboard","boppreh/keyboard","4351386","2007764","3273512","3761387","5238120","7476146","True","9.718e-05","7.96e-06"
"qiskit","qiskit/qiskit","3322608","667120","734601","1830653","4660866","8719798","True","9.718e-05","6.08e-06"
"oslo-service","","1596673","1106763","991985","940311","1575633","3368673","True","9.718e-05","2.92e-06"
"django-model-utils","jazzband/django-model-utils","16123903","7941967","9107565","12481382","18587202","32501401","True","9.718e-05","2.95e-05"
"django-json-widget","jmrivas86/django-json-widget","2953841","1821329","1683379","2517711","3688009","5058777","True","9.718e-05","5.4e-06"
"azure-mgmt-marketplaceordering","","47105032","16131894","29055109","44260416","77188885","68888856","True","9.718e-05","8.617e-05"
"azure-mgmt-apimanagement","","32428673","4844779","13156481","28712623","63401820","52027663","True","9.718e-05","5.932e-05"
"recordlinkage","j535d165/recordlinkage","17565055","1141619","2105548","1812457","27050937","55714715","True","9.718e-05","3.213e-05"
"scrapy-selenium","clemfromspace/scrapy-selenium","1128776","263197","4361330","617281","211758","190312","True","9.718e-05","2.06e-06"
"presidio-anonymizer","microsoft/presidio","3782910","53444","337752","1089800","3860225","13573328","True","9.718e-05","6.92e-06"
"core-universal","","2956645","0","0","125324","7074604","7583297","True","9.718e-05","5.41e-06"
"azure-mgmt-botservice","","29673355","4547653","12698119","26783935","56373787","47963283","True","9.718e-05","5.428e-05"
"watergrid","armmaster17/watergrid-python","2388145","0","11152345","786589","757","1033","True","9.718e-05","4.37e-06"
"google-i18n-address","","1270728","238538","344389","384668","2086641","3299404","True","9.718e-05","2.32e-06"
"pytesseract","madmaze/pytesseract","22787029","14014186","7428814","12470687","26761474","53259986","True","9.718e-05","4.168e-05"
"bchlib","","1464520","19174","15841","13732","117490","7156364","True","9.718e-05","2.68e-06"
"pyobjc-framework-eventkit","ronaldoussoren/pyobjc","2346297","425067","1013396","2866725","4582612","2843683","True","9.718e-05","4.29e-06"
"python-gitlab","python-gitlab/python-gitlab","69357021","12978983","23383750","61580899","100003827","148837648","True","9.718e-05","0.00012687"
"namedlist","","2384712","1124021","1973834","3079449","3097070","2649184","True","9.718e-05","4.36e-06"
"python-editor","fmoo/python-editor","71424626","152876394","89834784","47091127","37440840","29879985","True","9.718e-05","0.00013066"
"fysom","mriehl/fysom","4936914","7940784","8840212","6057675","1132841","713058","True","9.718e-05","9.03e-06"
"pytz-deprecation-shim","pganssle/pytz-deprecation-shim","84505808","22382871","194600833","115200996","51924336","38420006","True","9.718e-05","0.00015459"
"hubspot-api-client","hubspot/hubspot-api-python","9824815","926218","2833920","6712953","14665475","23985511","True","9.718e-05","1.797e-05"
"fab-classic","ploxiln/fab-classic","2115823","981469","3457171","1365884","2290259","2484332","True","9.718e-05","3.87e-06"
"couchbase","couchbase/couchbase-python-client","3506755","905827","1423697","3087302","4794123","7322825","True","9.718e-05","6.41e-06"
"prometheus-api-client","4n4nd/prometheus-api-client-python","4486540","434322","1146563","2371339","7024659","11455815","True","9.718e-05","8.21e-06"
"google-cloud-recommendations-ai","","20313250","3020597","10989730","16813301","21271492","49471132","True","9.718e-05","3.716e-05"
"requests-credssp","","1121311","791195","630069","801928","1475664","1907700","True","9.718e-05","2.05e-06"
"tree-sitter-json","","1476414","0","0","0","110623","7271446","True","9.718e-05","2.7e-06"
"pyobjc-framework-photos","","1985368","447164","1003320","2532848","3035663","2907843","True","9.718e-05","3.63e-06"
"py-sr25519-bindings","","1361664","59346","201531","380893","1753779","4412772","True","9.718e-05","2.49e-06"
"pyhmmer","","4147045","17194","89486","142063","224171","20262309","True","9.718e-05","7.59e-06"
"sparkaid","lvhuyen/sparkaid","2163047","1242782","1814119","2338770","3171069","2248496","True","9.718e-05","3.96e-06"
"iso3166","deactivated/python-iso3166","26924502","4024193","8056493","6916113","29629094","85996615","True","9.718e-05","4.925e-05"
"lasio","","1664732","145057","598803","983789","4904449","1691563","True","9.718e-05","3.05e-06"
"args","","2857608","4489453","2769784","3780528","1591308","1656968","True","9.718e-05","5.23e-06"
"awkward","","4279256","609035","793016","2855111","8847346","8291773","True","9.718e-05","7.83e-06"
"azure-mgmt-containerregistry","","97236841","64630667","74215063","74586981","140605851","132145641","True","9.718e-05","0.00017788"
"proto-google-cloud-datastore-v1","googleapis/googleapis","2762404","4494090","2672031","1648449","2162902","2834546","True","9.718e-05","5.05e-06"
"requests-unixsocket2","","1003614","0","0","0","1311534","3706534","True","9.718e-05","1.84e-06"
"keras-retinanet","fizyr/keras-retinanet","1310157","912594","4040866","1547828","27435","22062","True","9.718e-05","2.4e-06"
"django-rest-passwordreset","anexia-it/django-rest-passwordreset","2124241","590513","1329766","3096038","2822501","2782388","True","9.718e-05","3.89e-06"
"mypy-boto3-sso-admin","","1943443","36189","60059","708976","2310596","6601394","True","9.718e-05","3.56e-06"
"routes","","3619265","3407907","2895448","2766577","4470227","4556168","True","9.718e-05","6.62e-06"
"pyobjc-framework-gamekit","ronaldoussoren/pyobjc","1977858","458587","998272","2528957","3027365","2876110","True","9.718e-05","3.62e-06"
"typed-argument-parser","swansonk14/typed-argument-parser","1867144","77687","410232","1863456","3567038","3417308","True","9.718e-05","3.42e-06"
"llama-index-embeddings-azure-openai","","1451225","0","0","0","1972122","5284005","True","9.718e-05","2.65e-06"
"hunter","","1348502","104591","171298","95543","208562","6162518","True","9.718e-05","2.47e-06"
"ibm-cos-sdk-core","ibm/ibm-cos-sdk-python-core","3823276","1206001","1752937","2757020","4322321","9078099","True","9.718e-05","6.99e-06"
"python-constraint","python-constraint/python-constraint","1408505","1073070","2440884","1748874","565028","1214671","True","9.718e-05","2.58e-06"
"django-templated-mail","sunscrapers/django-templated-mail","2226608","1126641","1554010","2350344","2955220","3146824","True","9.718e-05","4.07e-06"
"opentelemetry-instrumentation-tornado","","2585370","81043","308342","636074","3560001","8341392","True","9.718e-05","4.73e-06"
"result","rustedpy/result","4170507","362101","1111288","1676432","4815271","12887442","True","9.718e-05","7.63e-06"
"pyfarmhash","veelion/python-farmhash","26554787","91035404","23103979","6041733","4489713","8103105","True","9.718e-05","4.858e-05"
"zappa","","1516922","1391618","1124823","1337399","1705779","2024990","True","9.718e-05","2.77e-06"
"mypy-boto3-codeguru-reviewer","","1737374","46578","67321","260027","2268338","6044606","True","9.718e-05","3.18e-06"
"marshmallow-oneofschema","marshmallow-code/marshmallow-oneofschema","64407164","9337879","21396525","22426955","147083827","121790634","True","9.718e-05","0.00011782"
"tinynetrc","","1813857","325432","478972","415895","1293995","6554989","True","9.718e-05","3.32e-06"
"gcloud","","10789357","14017626","3307676","22345370","6103670","8172441","True","9.718e-05","1.974e-05"
"sagemaker-scikit-learn-extension","","1141617","69660","49959","99859","933634","4554975","True","9.718e-05","2.09e-06"
"kubernetes-client","","1086417","0","3511","47820","2193446","3187309","True","9.718e-05","1.99e-06"
"bloom-filter2","","1282472","9128","85182","811603","2416566","3089880","True","9.718e-05","2.35e-06"
"aim","","1241997","144783","397260","1041319","2882439","1744184","True","9.718e-05","2.27e-06"
"structlog-sentry","kiwicom/structlog-sentry","6532507","677680","1218714","3587296","6465757","20713088","True","9.718e-05","1.195e-05"
"apeye-core","domdfcoding/apeye-core","2595802","0","135256","1828671","4677200","6337881","True","9.718e-05","4.75e-06"
"databricks-labs-dqx","","2769780","0","0","0","0","13848900","True","9.718e-05","5.07e-06"
"mock-alchemy","","1246261","108745","423109","1103196","3058735","1537522","True","9.718e-05","2.28e-06"
"opentelemetry-instrumentation-aiokafka","","1271907","0","0","0","337677","6021860","True","9.718e-05","2.33e-06"
"mypy-boto3-marketplacecommerceanalytics","","1738572","46191","69263","258436","2277178","6041791","True","9.718e-05","3.18e-06"
"mechanicalsoup","mechanicalsoup/mechanicalsoup","1371366","2389457","1299350","494563","1610563","1062897","True","9.718e-05","2.51e-06"
"supabase","supabase/supabase-py","10864565","2545","99073","1289276","9102179","43829751","True","9.718e-05","1.987e-05"
"formencode","","2524106","1781294","1412699","1793801","4297423","3335315","True","9.718e-05","4.62e-06"
"torchsummary","sksq96/pytorch-summary","1753091","997579","1221517","1714089","2515917","2316354","True","9.718e-05","3.21e-06"
"types-flask","python/typeshed","4484387","829983","3178733","3558279","5672853","9182087","True","9.718e-05","8.2e-06"
"dsnparse","","1311641","341154","903366","1471150","1152462","2690074","True","9.718e-05","2.4e-06"
"lime","marcotcr/lime","4941273","7750852","6267657","3938577","4286078","2463203","True","9.718e-05","9.04e-06"
"pickle-mixin","","1008751","444063","2258493","784865","1079727","476606","True","9.718e-05","1.85e-06"
"business-duration","gnaneshwar441/business_duration","1876298","1350350","1624718","2056416","1830580","2519427","True","9.718e-05","3.43e-06"
"fastapi-users-db-sqlalchemy","","1035809","13952","137183","392163","834113","3801633","True","9.718e-05","1.89e-06"
"imscore","","1539818","0","0","0","1275","7697814","True","9.718e-05","2.82e-06"
"aws-cdk-aws-applicationautoscaling","","3556116","2843078","4558998","4410448","3361302","2606756","True","9.718e-05","6.51e-06"
"simplegeneric","","11869097","14688102","11256656","16375328","10177473","6847926","True","9.718e-05","2.171e-05"
"extra-streamlit-components","","1923806","4337","129347","693685","2455696","6335963","True","9.718e-05","3.52e-06"
"django-celery-email","","1100507","695647","723028","1115752","1100348","1867762","True","9.718e-05","2.01e-06"
"tardis-dev","tardis-dev/tardis-python","2092638","125242","7788931","841386","336618","1371014","True","9.718e-05","3.83e-06"
"serpent","irmen/serpent","2643346","2081500","1885313","1870645","3162285","4216985","True","9.718e-05","4.84e-06"
"amundsen-rds","amundsen-io/amundsenrds","1938215","498548","2683536","1771430","2018784","2718775","True","9.718e-05","3.55e-06"
"teamcity-messages","jetbrains/teamcity-messages","3477493","1407435","1877463","2675376","5227000","6200193","True","9.718e-05","6.36e-06"
"mypy-boto3-payment-cryptography-data","","1712896","0","0","201370","2178790","6184321","True","9.718e-05","3.13e-06"
"apache-airflow-providers-jira","","1280149","872023","1164177","1326872","1672652","1365021","True","9.718e-05","2.34e-06"
"kafka-python-ng","","1735950","0","0","0","1944496","6735253","True","9.718e-05","3.18e-06"
"latex2sympy2-extended","","2116075","0","0","0","246","10580131","True","9.718e-05","3.87e-06"
"jplephem","brandon-rhodes/python-jplephem","3498971","2067549","1851882","2479629","5943552","5152243","True","9.718e-05","6.4e-06"
"retry2","esamtrade/retry","9817247","50627","482554","3708639","11515927","33328490","True","9.718e-05","1.796e-05"
"mypy-boto3-waf","youtype/mypy_boto3_builder","1754303","45233","77292","263680","2276141","6109167","True","9.718e-05","3.21e-06"
"chdb","","1761915","0","0","20822","621677","8167077","True","9.718e-05","3.22e-06"
"aio-pika","mosquito/aio-pika","12923678","3335632","4074400","10267461","14411644","32529252","True","9.718e-05","2.364e-05"
"poetry-plugin-export","python-poetry/poetry-plugin-export","351405695","0","31356456","257652444","711685476","756334097","True","9.718e-05","0.00064283"
"google-cloud-org-policy","","2920963","292114","216419","1930091","5405868","6760322","True","9.718e-05","5.34e-06"
"selenium-wire","wkeeling/selenium-wire","11987344","10399705","6890564","9535898","14486652","18623899","True","9.718e-05","2.193e-05"
"janus","aio-libs/janus","6788876","1429422","3437296","4429511","10197677","14450473","True","9.718e-05","1.242e-05"
"jupyter-kernel-gateway","","2309701","95943","174598","233995","690847","10353121","True","9.718e-05","4.23e-06"
"nested-lookup","","14583325","6275413","10740625","12365519","12118407","31416660","True","9.718e-05","2.668e-05"
"bindep","","2498293","1110926","1338124","2067099","2858632","5116685","True","9.718e-05","4.57e-06"
"mypy-boto3-mediaconnect","","1765526","52620","74421","259966","2289626","6150998","True","9.718e-05","3.23e-06"
"venusian","","27765429","21416948","19863120","34032567","33177628","30336884","True","9.718e-05","5.079e-05"
"psycopg-binary","psycopg/psycopg","52407872","52090","1842644","14096414","59308890","186739320","True","9.718e-05","9.587e-05"
"opentelemetry-instrumentation-aiohttp-client","","14623147","144648","3826127","6265002","15787679","47092278","True","9.718e-05","2.675e-05"
"willow","wagtail/willow","2547851","1191370","1316439","1894079","3928923","4408446","True","9.718e-05","4.66e-06"
"geckodriver-autoinstaller","yeongbin-jo/python-geckodriver-autoinstaller","3594510","274364","780784","1973821","5410611","9532972","True","9.718e-05","6.58e-06"
"django-enumfields","hzdg/django-enumfields","1212739","1135718","1265396","1426304","1110945","1125334","True","9.718e-05","2.22e-06"
"pyobjc-framework-pencilkit","ronaldoussoren/pyobjc","1067579","367223","557348","710915","928762","2773646","True","9.718e-05","1.95e-06"
"androguard","","2429663","1406967","845424","508714","691853","8695357","True","9.718e-05","4.44e-06"
"tkinterdnd2","","1078320","3110","23912","1203648","2503459","1657470","True","9.718e-05","1.97e-06"
"starsessions","alex-oleshkevich/starsessions","1676747","1400","917338","3386434","1817134","2261427","True","9.718e-05","3.07e-06"
"mypy-boto3-pinpoint-sms-voice-v2","","1852197","0","7657","231605","2678484","6343239","True","9.718e-05","3.39e-06"
"pyobjc-framework-multipeerconnectivity","","2359554","461569","1017992","2854558","4574226","2889423","True","9.718e-05","4.32e-06"
"rudder-sdk-python","","1218529","111397","756174","1812687","1949923","1462463","True","9.718e-05","2.23e-06"
"trio-asyncio","python-trio/trio-asyncio","1043431","31816","149859","286849","4489094","259535","True","9.718e-05","1.91e-06"
"sseclient-py","","19226063","5622523","11165875","15288094","29806145","34247677","True","9.718e-05","3.517e-05"
"homeassistant","home-assistant/core","2613267","1489842","1337867","1336958","3298784","5602883","True","9.718e-05","4.78e-06"
"pysnmp","lextudio/pysnmp","6404830","3486156","3850751","4940282","9087426","10659534","True","9.718e-05","1.172e-05"
"sspilib","","6807191","0","0","790713","3600529","29644713","True","9.718e-05","1.245e-05"
"types-dateparser","python/typeshed","3940400","176561","1100012","2586055","4644896","11194478","True","9.718e-05","7.21e-06"
"pulp","coin-or/pulp","15685354","6442363","8936408","11157604","22402054","29488343","True","9.718e-05","2.869e-05"
"linear-tsv","solidsnack/tsv","2478015","2573385","3490533","2427526","2260188","1638444","True","9.718e-05","4.53e-06"
"opennsfw2","","1171000","1105","5476","1669572","3195078","983767","True","9.718e-05","2.14e-06"
"logfire","","5357414","188","176","120","628757","26157828","True","9.718e-05","9.8e-06"
"mypy-boto3-s3control","","1902735","60189","94606","289415","2349816","6719648","True","9.718e-05","3.48e-06"
"methodtools","youknowone/methodtools","33590002","837805","701206","870391","64362727","101177883","True","9.718e-05","6.145e-05"
"aws-cdk-aws-iam","","4605050","3531221","5870715","6056797","3917057","3649462","True","9.718e-05","8.42e-06"
"pantab","innobi/pantab","3631774","296741","2245245","4833644","7909030","2874209","True","9.718e-05","6.64e-06"
"browserstack-local","browserstack/browserstack-local-python","1649600","553403","797124","1330899","1995311","3571262","True","9.718e-05","3.02e-06"
"unsloth","","1611584","0","0","0","564661","7493260","True","9.718e-05","2.95e-06"
"types-aiobotocore-s3","","8038147","0","141088","3876271","8266459","27906916","True","9.718e-05","1.47e-05"
"insight-cli","","2350113","0","0","0","11457555","293012","True","9.718e-05","4.3e-06"
"cloudml-hypertune","googlecloudplatform/cloudml-hypertune","3445820","6489809","3045915","3795771","2396834","1500771","True","9.718e-05","6.3e-06"
"pyawscron","pitchblack408/pyawscron","2806038","3071","81864","1408082","7048990","5488183","True","9.718e-05","5.13e-06"
"hashids","","9109780","3927390","5387779","7975236","10934207","17324287","True","9.718e-05","1.666e-05"
"dominate","knio/dominate","13919237","7321825","8117589","17511548","19623416","17021806","True","9.718e-05","2.546e-05"
"mypy-boto3-support","","1815105","46887","113747","308856","2397946","6208090","True","9.718e-05","3.32e-06"
"slackclient","slackapi/python-slack-sdk","76073641","86477447","78158224","63372829","68140072","84219631","True","9.718e-05","0.00013916"
"sagemaker-inference","","1058277","200461","462544","920832","1366133","2341416","True","9.718e-05","1.94e-06"
"s3cmd","","17392304","18215912","20242431","18322491","13888375","16292312","True","9.718e-05","3.182e-05"
"argparse-dataclass","","1770043","38240","49505","202781","4062653","4497036","True","9.718e-05","3.24e-06"
"crewai","","4114807","0","0","1756","2708031","17864250","True","9.718e-05","7.53e-06"
"efficientnet-pytorch","","2304115","2291641","3079620","1584432","2008614","2556269","True","9.718e-05","4.21e-06"
"django-compat","arteria/django-compat","1192455","1291876","1275713","1431069","1164601","799017","True","9.718e-05","2.18e-06"
"telethon","lonamiwebs/telethon","21949178","29769630","19507924","22047156","23665109","14756072","True","9.718e-05","4.015e-05"
"tecton","","7228884","647053","1829836","4153890","12162235","17351408","True","9.718e-05","1.322e-05"
"aliyun-python-sdk-ecs","","1696236","2688401","901147","1054689","2245505","1591440","True","9.718e-05","3.1e-06"
"langchainhub","","1950115","0","0","92705","3497076","6160793","True","9.718e-05","3.57e-06"
"prefect","prefecthq/prefect","25540414","1469651","3833488","7913788","31517531","82967614","True","9.718e-05","4.672e-05"
"update-checker","bboe/update_checker","13621824","11132592","20694268","14468747","8339968","13473546","True","9.718e-05","2.492e-05"
"mypy-boto3-ssm-contacts","","1701974","13168","33834","239023","2209983","6013861","True","9.718e-05","3.11e-06"
"fastapi-users","","1545094","106176","380102","620965","1736349","4881880","True","9.718e-05","2.83e-06"
"grpcio-reflection","","30519855","4167667","13564453","30986580","38929690","64950884","True","9.718e-05","5.583e-05"
"mlforecast","","1340580","1637","5626","970464","1816109","3909063","True","9.718e-05","2.45e-06"
"partybotpackage","","1196918","5950846","30581","2279","478","405","True","9.718e-05","2.19e-06"
"python-jsonrpc-server","palantir/python-jsonrpc-server","1095561","1263870","1016815","872231","824743","1500148","True","9.718e-05","2e-06"
"hl7apy","","1461415","304792","778671","789896","1584462","3849254","True","9.718e-05","2.67e-06"
"ydb","ydb-platform/ydb-python-sdk","11008050","22468","68585","154335","8925782","45869081","True","9.718e-05","2.014e-05"
"mypy-boto3-geo-places","","1292920","0","0","0","376369","6088231","True","9.718e-05","2.37e-06"
"python3-logstash","israel-fl/python3-logstash","5369160","1226112","3590552","5231448","7722934","9074752","True","9.718e-05","9.82e-06"
"django-import-export","django-import-export/django-import-export","11511334","6035452","6676602","9737890","15234309","19872415","True","9.718e-05","2.106e-05"
"rangehttpserver","danvk/rangehttpserver","2612794","100038","270467","1105117","5763614","5824735","True","9.718e-05","4.78e-06"
"protoc-gen-validate","","1240178","250553","724300","1132511","1555348","2538179","True","9.718e-05","2.27e-06"
"solders","","2303446","0","150678","521363","3196188","7649001","True","9.718e-05","4.21e-06"
"petl","petl-developers/petl","7060294","453295","2411601","10341231","13901218","8194124","True","9.718e-05","1.292e-05"
"pyobjc-framework-imserviceplugin","ronaldoussoren/pyobjc","1216490","448156","980065","2328554","2225399","100276","True","9.718e-05","2.23e-06"
"json-ref-dict","","1754145","781520","437691","841628","1844957","4864931","True","9.718e-05","3.21e-06"
"envyaml","","6298843","428032","2387153","6102974","8537103","14038954","True","9.718e-05","1.152e-05"
"mypy-boto3-cognito-idp","","3322253","181820","368885","1188549","4692362","10179649","True","9.718e-05","6.08e-06"
"diffusers","huggingface/diffusers","21524018","0","2773117","16884039","31354419","56608516","True","9.718e-05","3.937e-05"
"aioodbc","","1090309","129233","216229","370281","1043058","3692746","True","9.718e-05","1.99e-06"
"pyobjc-framework-installerplugins","ronaldoussoren/pyobjc","2018388","463249","1010924","2595596","3141525","2880648","True","9.718e-05","3.69e-06"
"pyobjc-framework-webkit","","2062731","462718","1014478","2611053","3128028","3097378","True","9.718e-05","3.77e-06"
"nvidia-cusolver-cu12","","101232675","0","183","11808763","119511485","374842946","True","9.718e-05","0.00018519"
"loess","","1044169","15731","38507","678145","1769276","2719184","True","9.718e-05","1.91e-06"
"aioredis","","16317921","11754339","18897209","17196690","15079016","18662352","True","9.718e-05","2.985e-05"
"opencensus-ext-httplib","census-instrumentation/opencensus-python","1795192","271226","431797","2446054","5711609","115272","True","9.718e-05","3.28e-06"
"tweepy","tweepy/tweepy","18914796","6265782","10670622","11921353","32187568","33528654","True","9.718e-05","3.46e-05"
"types-aiobotocore-ec2","","3134843","0","76757","3455790","3809935","8331731","True","9.718e-05","5.73e-06"
"hierarchical-conf","","1411573","0","276734","1328550","2149713","3302869","True","9.718e-05","2.58e-06"
"pypd","pagerduty/pagerduty-api-python-client","3457285","3416197","2094154","3945536","3554202","4276334","True","9.718e-05","6.32e-06"
"darabonba-core","","1124905","0","0","0","0","5624524","True","9.718e-05","2.06e-06"
"mplfinance","","1629072","322092","467770","741248","2571084","4043166","True","9.718e-05","2.98e-06"
"cerberus-python-client","nike-inc/cerberus-python-client","14825896","9868939","14719382","16676497","17848728","15015935","True","9.718e-05","2.712e-05"
"kr8s","kr8s-org/kr8s","3540309","0","0","3986941","9042368","4672237","True","9.718e-05","6.48e-06"
"autogluon-features","","1326840","166833","569272","778023","2054626","3065445","True","9.718e-05","2.43e-06"
"testinfra","","1649721","1730765","1659773","2123928","1504026","1230111","True","9.718e-05","3.02e-06"
"hurry-filesize","","4020814","1903618","2421648","4309659","5078188","6390956","True","9.718e-05","7.36e-06"
"blosc2","","8278339","8091","86459","4760504","11493621","25043021","True","9.718e-05","1.514e-05"
"prefect-github","prefecthq/prefect","1389361","0","1306","276191","2482623","4186684","True","9.718e-05","2.54e-06"
"partd","dask/partd","66575941","24304262","52147143","56925396","79335295","120167608","True","9.718e-05","0.00012179"
"aws-cdk-aws-cloudformation","","3166885","2634873","4081394","3586633","3135617","2395908","True","9.718e-05","5.79e-06"
"flask-socketio","","14022659","17433824","9828112","10054471","13617806","19179081","True","9.718e-05","2.565e-05"
"mypy-boto3-network-firewall","","1786584","33242","50258","400347","2390394","6058681","True","9.718e-05","3.27e-06"
"mistral-common","","7277421","0","0","0","2475876","33911229","True","9.718e-05","1.331e-05"
"mypy-boto3-chime","","1784397","50998","89649","274473","2290359","6216505","True","9.718e-05","3.26e-06"
"databricks-labs-lsql","","5471575","0","0","0","679137","26678738","True","9.718e-05","1.001e-05"
"dbapi-opentracing","opentracing-contrib/python-dbapi","1112511","3725140","1757768","54753","11515","13380","True","9.718e-05","2.04e-06"
"cloudfoundry-client","cloudfoundry-community/cf-python-client","1375705","911882","1349315","1220380","1565448","1831500","True","9.718e-05","2.52e-06"
"faust-streaming","faust-streaming/faust","2037681","612973","2704950","1157801","1373563","4339119","True","9.718e-05","3.73e-06"
"pdf2docx","","1244187","68806","199408","615802","1725585","3611333","True","9.718e-05","2.28e-06"
"junit2html","","4079679","639751","1140968","2675477","5872998","10069200","True","9.718e-05","7.46e-06"
"pyfaidx","","1697577","438224","608938","796278","1636012","5008431","True","9.718e-05","3.11e-06"
"onnxoptimizer","","1276966","296296","878427","1984513","1265424","1960168","True","9.718e-05","2.34e-06"
"azure-mgmt-quota","","1616708","217","861","16330","4274136","3791997","True","9.718e-05","2.96e-06"
"git-filter-repo","","1236554","65923","207930","428939","1383591","4096386","True","9.718e-05","2.26e-06"
"datarobotx","","1047658","0","0","28082","403330","4806876","True","9.718e-05","1.92e-06"
"s2sphere","","8834798","4305343","3252002","3201160","29008659","4406826","True","9.718e-05","1.616e-05"
"blendmodes","fhpythonutils/blendmodes","4928149","14152","108655","11548973","6237789","6731177","True","9.718e-05","9.02e-06"
"ijson","icrar/ijson","116873545","46560187","82245556","74644731","128010614","252906638","True","9.718e-05","0.0002138"
"aws-cdk-asset-kubectl-v20","","9626414","0","162959","7820959","19354180","20793973","True","9.718e-05","1.761e-05"
"teradata","teradata/pytd","1111798","624515","608103","1511120","1863184","952067","True","9.718e-05","2.03e-06"
"pyviz-comms","","5479821","2048562","4173055","4487003","7147796","9542688","True","9.718e-05","1.002e-05"
"requests-ntlm2","","1166793","653830","1346949","1164307","1164786","1504094","True","9.718e-05","2.13e-06"
"monty","","2489493","350191","463150","998770","4848009","5787346","True","9.718e-05","4.55e-06"
"mypy-boto3-servicecatalog-appregistry","","1722560","32336","52110","248004","2225127","6055225","True","9.718e-05","3.15e-06"
"xopen","pycompression/xopen","3092905","140404","625281","1801091","3768435","9129313","True","9.718e-05","5.66e-06"
"django-admin-list-filter-dropdown","mrts/django-admin-list-filter-dropdown","2162857","676944","964026","1259858","2085182","5828273","True","9.718e-05","3.96e-06"
"ttp","","1187705","127956","322734","983316","2124378","2380139","True","9.718e-05","2.17e-06"
"looker-sdk","","83762298","2463605","12271352","27974429","129922499","246179603","True","9.718e-05","0.00015323"
"grimp","","6385231","997424","1184684","2553002","10828639","16362406","True","9.718e-05","1.168e-05"
"pulp-cli-deb","","1039490","357","665","113882","2146651","2935894","True","9.718e-05","1.9e-06"
"mypy-boto3-opsworks","","1167787","46727","75492","256999","2269046","3190671","True","9.718e-05","2.14e-06"
"sqlmodel","fastapi/sqlmodel","17684535","98959","2211834","5557409","19902291","60652180","True","9.718e-05","3.235e-05"
"shtab","iterative/shtab","12529877","1303628","4947056","10632903","16797849","28967951","True","9.718e-05","2.292e-05"
"osmium","osmcode/pyosmium","1867545","1560787","2098018","1526453","2955522","1196946","True","9.718e-05","3.42e-06"
"riot","datadog/riot","8831103","819492","5186176","16824999","15253813","6071037","True","9.718e-05","1.615e-05"
"tree-sitter-language-pack","","3791854","0","0","0","106152","18853117","True","9.718e-05","6.94e-06"
"ansicolors","jonathaneunice/colors","16287871","3590604","5531592","6619554","13732149","51965458","True","9.718e-05","2.98e-05"
"pylru","jlhutch/pylru","5439768","4626307","2989201","3892823","8132079","7558430","True","9.718e-05","9.95e-06"
"sqladmin","","1019300","103","77801","359871","1135010","3523716","True","9.718e-05","1.86e-06"
"mypy-boto3-voice-id","","1694850","3542","21842","231470","2199428","6017970","True","9.718e-05","3.1e-06"
"workflow","","2387540","3582255","2658484","3787965","1255937","653059","True","9.718e-05","4.37e-06"
"packageurl-python","package-url/packageurl-python","20717362","518185","4821773","12735862","23927080","61583912","True","9.718e-05","3.79e-05"
"browserbase","","1382115","0","0","0","119726","6790847","True","9.718e-05","2.53e-06"
"azure-mgmt-web","","53855705","18096835","30587470","46177632","98949746","75466842","True","9.718e-05","9.852e-05"
"resend","","1810406","0","0","157790","953308","7940934","True","9.718e-05","3.31e-06"
"random-user-agent","luqman-ud-din/random_user_agent","4279593","1306117","5379661","1516721","2457342","10738126","True","9.718e-05","7.83e-06"
"panns-inference","","1375463","3364","1010810","985122","1271436","3606583","True","9.718e-05","2.52e-06"
"json-cfg","pasztorpisti/json-cfg","1837383","204474","454461","1060686","6870861","596434","True","9.718e-05","3.36e-06"
"pansi","technige/pansi","1382673","989485","1357828","1775760","1432933","1357358","True","9.718e-05","2.53e-06"
"apache-airflow-providers-odbc","","5467968","208863","1751054","3262216","8770513","13347196","True","9.718e-05","1e-05"
"gcs-oauth2-boto-plugin","googlecloudplatform/gcs-oauth2-boto-plugin","7173790","3030864","6174198","7704882","12604752","6354253","True","9.718e-05","1.312e-05"
"aqt","","1095081","17215","52965","67203","123683","5214341","True","9.718e-05","2e-06"
"dvc-data","","4111522","0","846300","3948235","5380404","10382670","True","9.718e-05","7.52e-06"
"chameleon","","2270218","736406","723016","1062636","7045261","1783773","True","9.718e-05","4.15e-06"
"apache-airflow-providers-microsoft-mssql","","16833675","1028957","3918860","8566534","23823247","46830778","True","9.718e-05","3.079e-05"
"pyte","selectel/pyte","2750205","503416","724400","309440","3944794","8268975","True","9.718e-05","5.03e-06"
"blockbuster","","1337603","0","0","0","30618","6657399","True","9.718e-05","2.45e-06"
"pytest-faulthandler","pytest-dev/pytest-faulthandler","1012099","3011627","727796","285562","447090","588421","True","9.718e-05","1.85e-06"
"nr-date","","1038127","121","880","445495","1826437","2917704","True","9.718e-05","1.9e-06"
"mypy-boto3-waf-regional","","1747076","49110","79586","257809","2267109","6081768","True","9.718e-05","3.2e-06"
"base64io","aws/base64io-python","2181434","515247","780306","1397231","2293502","5920885","True","9.718e-05","3.99e-06"
"tensorflow-model-optimization","tensorflow/model-optimization","5449516","1923470","1879859","4219932","9811373","9412944","True","9.718e-05","9.97e-06"
"pyheif","","1668206","290520","1084115","879678","1463719","4622998","True","9.718e-05","3.05e-06"
"kfp","kubeflow/pipelines","57023538","5769431","28734752","58077884","75602651","116932971","True","9.718e-05","0.00010431"
"petastorm","","1342027","1422826","898415","431428","1318129","2639339","True","9.718e-05","2.45e-06"
"service-identity","","40922293","19966458","24290284","29290431","50293479","80770813","True","9.718e-05","7.486e-05"
"azure-mgmt-trafficmanager","","48219979","17374544","29900085","44748359","78412767","70664141","True","9.718e-05","8.821e-05"
"a2a-sdk","","1020922","0","0","0","0","5104610","True","9.718e-05","1.87e-06"
"oslo-messaging","","1644077","1110347","1236165","945530","1858112","3070233","True","9.718e-05","3.01e-06"
"wavelink","pythonistaguild/wavelink","1625148","1273384","4170930","2415831","89384","176209","True","9.718e-05","2.97e-06"
"num2words","savoirfairelinux/num2words","20254131","4326336","8599577","14402109","29466558","44476076","True","9.718e-05","3.705e-05"
"xenon","","1711642","679719","978568","1618565","2103203","3178157","True","9.718e-05","3.13e-06"
"django-test-migrations","","1628950","475461","736308","1230385","2325665","3376929","True","9.718e-05","2.98e-06"
"gguf","","7674602","0","0","162648","4172021","34038341","True","9.718e-05","1.404e-05"
"xlsx2csv","dilshod/xlsx2csv","2456333","300522","796522","1850834","3504106","5829679","True","9.718e-05","4.49e-06"
"python-on-whales","gabrieldemarmiesse/python-on-whales","13124152","398439","1453441","2993559","7262712","53512609","True","9.718e-05","2.401e-05"
"notebook-shim","","141780506","452","31158208","125264769","224579758","327899342","True","9.718e-05","0.00025936"
"hl7","johnpaulett/python-hl7","2101914","678868","1179047","1650113","2365266","4636275","True","9.718e-05","3.85e-06"
"pyobjc-framework-networkextension","","1977120","451544","986105","2528434","3039086","2880430","True","9.718e-05","3.62e-06"
"logutils","","1877553","1509095","1599288","3781324","1296680","1201376","True","9.718e-05","3.43e-06"
"pypi-timemachine","","1046497","630","1881","12385","1442793","3774797","True","9.718e-05","1.91e-06"
"pyiqa","","1385075","0","4494","47746","252167","6620966","True","9.718e-05","2.53e-06"
"mkdocs-panzoom-plugin","","1222195","0","0","0","17287","6093686","True","9.718e-05","2.24e-06"
"airflow-dbt","gocardless/airflow-dbt","2717491","398974","2031649","1927530","2641049","6588252","True","9.718e-05","4.97e-06"
"ocspbuilder","wbond/ocspbuilder","5735383","5019940","2870177","3608076","7705998","9472725","True","9.718e-05","1.049e-05"
"django-haystack","django-haystack/django-haystack","1409470","1256089","1341940","1409893","1564483","1474944","True","9.718e-05","2.58e-06"
"zope-proxy","","4356985","2780941","2601703","2640704","9905828","3855750","True","9.718e-05","7.97e-06"
"openapi-schema-validator","python-openapi/openapi-schema-validator","56652887","11498773","17861379","28409179","62887912","162607193","True","9.718e-05","0.00010364"
"dbfread","","6849549","4824433","3827181","3544897","5111695","16939537","True","9.718e-05","1.253e-05"
"commonregex","madisonmay/commonregex","1848348","492901","3598142","1755732","1335247","2059719","True","9.718e-05","3.38e-06"
"daemonize","","1091000","873345","1266860","601138","758551","1955107","True","9.718e-05","2e-06"
"pyobjc-framework-searchkit","ronaldoussoren/pyobjc","2357358","454800","1002862","2893163","4583097","2852866","True","9.718e-05","4.31e-06"
"django-ratelimit","jsocol/django-ratelimit","6009395","1717130","2231913","3472942","6893779","15731212","True","9.718e-05","1.099e-05"
"django-mysql","adamchainz/django-mysql","4291968","2435816","2348801","3209826","4222594","9242803","True","9.718e-05","7.85e-06"
"bezier","dhermes/bezier","2560481","279285","284736","2110809","5778792","4348783","True","9.718e-05","4.68e-06"
"gherkin-official","cucumber/gherkin","3860238","1529596","6474232","1259750","2451974","7585639","True","9.718e-05","7.06e-06"
"pyobjc-framework-avkit","ronaldoussoren/pyobjc","2355589","424807","1025096","2856091","4577488","2894463","True","9.718e-05","4.31e-06"
"google-cloud-run","","60372333","0","201622","2424501","56224559","243010984","True","9.718e-05","0.00011044"
"apache-airflow-providers-microsoft-azure","","8819172","948887","1633904","2925542","10032903","28554624","True","9.718e-05","1.613e-05"
"aws-cdk-aws-glue","","4670075","1227831","20654102","747984","439549","280907","True","9.718e-05","8.54e-06"
"brazilnum","","1128574","64630","56125","88797","1845007","3588313","True","9.718e-05","2.06e-06"
"opencensus-ext-requests","census-instrumentation/opencensus-python","5317285","1483289","3380800","6850859","11004623","3866855","True","9.718e-05","9.73e-06"
"publication","glyph/publication","23688726","3263107","7991415","17739363","33914985","55534759","True","9.718e-05","4.333e-05"
"kerberos","apple/ccs-pykerberos","6881873","764674","886448","1317246","2702360","28738639","True","9.718e-05","1.259e-05"
"mypy-boto3-resourcegroupstaggingapi","","2130577","61783","197214","507221","2736465","7150203","True","9.718e-05","3.9e-06"
"pybluez","","1368646","164359","193653","1102283","2373323","3009613","True","9.718e-05","2.5e-06"
"pdb2pqr","","1146107","3510","16146","26492","2383264","3301122","True","9.718e-05","2.1e-06"
"okta","okta/okta-sdk-python","6476386","4188451","4910183","6827237","8583478","7872579","True","9.718e-05","1.185e-05"
"pangres","","1074329","360899","756062","1145233","1830811","1278638","True","9.718e-05","1.97e-06"
"apache-airflow-providers-opsgenie","","2723416","908475","514795","1172169","3827258","7194382","True","9.718e-05","4.98e-06"
"mypy-boto3-lex-runtime","","1737295","45663","73867","257069","2259667","6050211","True","9.718e-05","3.18e-06"
"mypy-boto3-wisdom","","1697491","3443","21587","234088","2206036","6022303","True","9.718e-05","3.11e-06"
"mypy-boto3-route53-recovery-control-config","","1692551","8761","27416","235043","2209053","5982481","True","9.718e-05","3.1e-06"
"datadog-logger","","6634431","4058","10305061","8945275","8171007","5746755","True","9.718e-05","1.214e-05"
"tzfpy","ringsaturn/tzfpy","7784924","0","11394","182129","11662473","27068625","True","9.718e-05","1.424e-05"
"embreex","","2267665","0","0","213267","4141259","6983801","True","9.718e-05","4.15e-06"
"agno","","1087113","0","0","0","312","5435255","True","9.718e-05","1.99e-06"
"swagger-spec-validator","yelp/swagger_spec_validator","6720788","4333517","6140704","5567214","7661168","9901338","True","9.718e-05","1.229e-05"
"django-tables2","jieter/django-tables2","3489261","1649095","1849416","2672146","4051355","7224294","True","9.718e-05","6.38e-06"
"yaml-config","greenbuildingregistry/yaml-config","2685960","1017454","2538439","1719865","2094539","6059502","True","9.718e-05","4.91e-06"
"pygltflib","","1346265","47354","98228","229397","1797128","4559218","True","9.718e-05","2.46e-06"
"grpcio-health-checking","","257971683","10081827","13244449","53221008","152877187","1060433945","True","9.718e-05","0.00047191"
"opencensus-ext-postgresql","census-instrumentation/opencensus-python","1719134","106300","141341","2397316","5862620","88095","True","9.718e-05","3.14e-06"
"discord-webhook","lovvskillz/python-discord-webhook","16262906","19530525","45865408","8356015","3412168","4150415","True","9.718e-05","2.975e-05"
"credstash","fugue/credstash","6558005","2667496","2685625","3076494","11523369","12837042","True","9.718e-05","1.2e-05"
"django-deprecate-fields","3yourmind/django-deprecate-fields","2423342","525629","979699","1104057","2445162","7062165","True","9.718e-05","4.43e-06"
"pyqt5-tools","altendky/pyqt-tools","1730671","1406438","2976871","1113610","1374624","1781813","True","9.718e-05","3.17e-06"
"azure-cosmos","","100758842","26541047","58135323","76153725","134161834","208802283","True","9.718e-05","0.00018432"
"google-cloud-profiler","googlecloudplatform/cloud-profiler-python","4863640","4936078","4089194","4412038","3297556","7583335","True","9.718e-05","8.9e-06"
"vllm","vllm-project/vllm","9145984","0","0","598367","5573349","39558204","True","9.718e-05","1.673e-05"
"tap-py","","1023629","616693","699861","849095","1247893","1704605","True","9.718e-05","1.87e-06"
"python-utils","wolph/python-utils","190592827","17727101","137849948","224789463","280504692","292092930","True","9.718e-05","0.00034865"
"webvtt-py","glut23/webvtt-py","3337863","332060","867770","1588864","3481753","10418869","True","9.718e-05","6.11e-06"
"tabulator","","2441562","2776434","3668093","2644296","1952333","1166656","True","9.718e-05","4.47e-06"
"flask-talisman","wntrblm/flask-talisman","8048486","3176101","4819968","7090150","9143495","16012717","True","9.718e-05","1.472e-05"
"zope-hookable","","5311917","3256754","3707242","7405260","8496650","3693680","True","9.718e-05","9.72e-06"
"classify-imports","","1353329","0","291111","1272826","2139701","3063008","True","9.718e-05","2.48e-06"
"lyricsgenius","johnwmillr/lyricsgenius","1597602","1681357","4266364","786587","773307","480395","True","9.718e-05","2.92e-06"
"aws-cdk-aws-events","","4005986","3034959","5084911","5295236","3582763","3032061","True","9.718e-05","7.33e-06"
"rich-rst","","10765075","734","21875","70289","1086048","52646431","True","9.718e-05","1.969e-05"
"pandas-access","","1672101","1627383","1823463","1803580","1706971","1399110","True","9.718e-05","3.06e-06"
"streamlit-vertical-slider","","1282053","0","6153","401517","2017536","3985057","True","9.718e-05","2.35e-06"
"cli-exit-tools","bitranox/cli_exit_tools","5653769","98975","762022","2804414","4286163","20317273","True","9.718e-05","1.034e-05"
"pyxdg","","11486422","12995406","11677691","4894422","9146346","18718245","True","9.718e-05","2.101e-05"
"mypy-boto3-proton","","1698966","10906","32859","239612","2212344","5999108","True","9.718e-05","3.11e-06"
"ibm-secrets-manager-sdk","","1665238","22324","206124","1146962","2779304","4171476","True","9.718e-05","3.05e-06"
"types-oauthlib","","2895067","21293","174847","898312","2589776","10791107","True","9.718e-05","5.3e-06"
"napari-svg","","1098226","211839","2011045","390101","1765198","1112947","True","9.718e-05","2.01e-06"
"django-solo","lazybird/django-solo","1838529","873088","1099250","1666682","2322385","3231241","True","9.718e-05","3.36e-06"
"aws-cdk-aws-route53-targets","","2516850","2350219","3182190","2482825","2492524","2076493","True","9.718e-05","4.6e-06"
"actions-toolkit","","1243136","93961","174515","1284643","2615409","2047151","True","9.718e-05","2.27e-06"
"timing-asgi","","2694190","797397","75392","437227","3319868","8841065","True","9.718e-05","4.93e-06"
"sshpubkeys","ojarva/python-sshpubkeys","14599903","16623900","14733399","15274356","13567079","12800783","True","9.718e-05","2.671e-05"
"typing-compat","rossmacarthur/typing-compat","2697188","1636011","5880110","3609587","1904795","455438","True","9.718e-05","4.93e-06"
"sqlalchemy2-stubs","","12425098","580201","6271734","14144293","16632284","24496980","True","9.718e-05","2.273e-05"
"mypy-boto3-kinesisanalyticsv2","","1749066","46409","73220","260519","2284263","6080918","True","9.718e-05","3.2e-06"
"docx2pdf","","1449830","97545","179570","481367","1140137","5350532","True","9.718e-05","2.65e-06"
"python-igraph","igraph/python-igraph","3347804","1485632","3230124","3290553","5121399","3611312","True","9.718e-05","6.12e-06"
"pyqtgraph","pyqtgraph/pyqtgraph","2581522","807651","1296038","1547510","3330025","5926387","True","9.718e-05","4.72e-06"
"dagster-shell","","1362063","28586","109568","410207","2686055","3575900","True","9.718e-05","2.49e-06"
"ml-pipelines-sdk","tensorflow/tfx","2662750","6449305","4137801","1872171","442484","411990","True","9.718e-05","4.87e-06"
"types-maxminddb","python/typeshed","3019457","213011","1278533","1917244","3208721","8479776","True","9.718e-05","5.52e-06"
"py-evm","","1290077","174137","496069","767370","1977424","3035384","True","9.718e-05","2.36e-06"
"ebcdic","roskakori/codecmapper","9028586","2020175","6308121","6857981","11672888","18283763","True","9.718e-05","1.652e-05"
"jinja2-simple-tags","dldevinc/jinja2-simple-tags","7818738","21838","1672394","4693173","12602565","20103720","True","9.718e-05","1.43e-05"
"streamlit-option-menu","","1003326","0","137108","502505","1415876","2961143","True","9.718e-05","1.84e-06"
"pglast","lelit/pglast","1849037","399831","809843","898990","1533779","5602740","True","9.718e-05","3.38e-06"
"captcha","","1279955","726943","952647","897606","1054990","2767591","True","9.718e-05","2.34e-06"
"flashtext","vi3k6i5/flashtext","12866313","4678611","8353424","10927060","18580622","21791849","True","9.718e-05","2.354e-05"
"pox","uqfoundation/pox","121722850","13832046","38297662","77745220","215254288","263485033","True","9.718e-05","0.00022267"
"zope-configuration","","2036990","583624","466942","627985","5940868","2565530","True","9.718e-05","3.73e-06"
"pyobjc-framework-coremidi","","1121957","340977","560356","776965","1055892","2875596","True","9.718e-05","2.05e-06"
"crowdstrike-falconpy","crowdstrike/falconpy","2852852","122615","837578","1256462","3791454","8256149","True","9.718e-05","5.22e-06"
"cerberus","pyeve/cerberus","46215388","24312076","38911541","59594734","56273547","51985044","True","9.718e-05","8.454e-05"
"iminuit","","1379075","219652","334752","830462","1599856","3910654","True","9.718e-05","2.52e-06"
"pyreadstat","roche/pyreadstat","2119385","437706","930228","1722979","2733197","4772817","True","9.718e-05","3.88e-06"
"oic","cz-nic/pyoidc","2514309","706172","1286401","1877508","2989227","5712238","True","9.718e-05","4.6e-06"
"favicon","","1661741","97107","182156","585311","2259789","5184341","True","9.718e-05","3.04e-06"
"mypy-boto3-mediapackagev2","","1696855","0","0","203457","2182983","6097837","True","9.718e-05","3.1e-06"
"swebench","","1627564","0","0","1794","2249081","5886946","True","9.718e-05","2.98e-06"
"flameprof","","1380973","344559","128165","231178","532024","5668939","True","9.718e-05","2.53e-06"
"django-admin-sortable2","jrief/django-admin-sortable2","3166451","1141678","1510757","2287504","2966279","7926039","True","9.718e-05","5.79e-06"
"entsoe-py","","1387702","173500","197483","398121","2990717","3178691","True","9.718e-05","2.54e-06"
"robocorp","robocorp/robocorp","1301367","646","362","155186","2300802","4049837","True","9.718e-05","2.38e-06"
"langchain-google-genai","langchain-ai/langchain-google","9890939","0","0","19361","4121448","45313886","True","9.718e-05","1.809e-05"
"plette","sarugaku/plette","3547955","629162","1187480","1487899","1308987","13126249","True","9.718e-05","6.49e-06"
"voyageai","","1511401","0","0","5868","873343","6677793","True","9.718e-05","2.76e-06"
"hiredis","redis/hiredis-py","48121890","24697234","30516821","35354776","49474499","100566121","True","9.718e-05","8.803e-05"
"hyper","","3075093","4392064","3275006","2654874","2249915","2803604","True","9.718e-05","5.63e-06"
"yellowbrick","districtdatalabs/yellowbrick","5737266","2647883","8260023","6383168","5645212","5750044","True","9.718e-05","1.05e-05"
"pykalman","","1332350","950489","698565","891811","1017927","3102960","True","9.718e-05","2.44e-06"
"pipdeptree","tox-dev/pipdeptree","29722447","5039718","10481276","17190804","35933354","79967082","True","9.718e-05","5.437e-05"
"stream-inflate","","1221105","2943","205283","229817","1368715","4298769","True","9.718e-05","2.23e-06"
"pydantic-to-typescript","","1259612","28238","88686","174739","216762","5789634","True","9.718e-05","2.3e-06"
"marshmallow-dataclass","","24975634","5943667","9098386","28568502","34420542","46847073","True","9.718e-05","4.569e-05"
"pyrate-limiter","vutran1710/pyratelimiter","6671443","126748","474431","2331554","8134358","22290124","True","9.718e-05","1.22e-05"
"imgviz","wkentaro/imgviz","1421420","177307","1022436","4306619","1035702","565037","True","9.718e-05","2.6e-06"
"databricks-utils","","1164358","33443","97477","421251","2937389","2332228","True","9.718e-05","2.13e-06"
"kedro","kedro-org/kedro","5043900","2139861","4748942","4888417","6381019","7061260","True","9.718e-05","9.23e-06"
"pydantic-avro","","1221292","369","124958","449970","1800621","3730540","True","9.718e-05","2.23e-06"
"azure-keyvault-securitydomain","","6543742","0","0","0","0","32718709","True","9.718e-05","1.197e-05"
"pyobjc-framework-localauthentication","ronaldoussoren/pyobjc","1996608","473480","1012516","2544675","3028835","2923533","True","9.718e-05","3.65e-06"
"markdown-exec","","1215942","0","5045","125483","419446","5529734","True","9.718e-05","2.22e-06"
"simplekml","","1892314","1184519","738464","1582439","2511687","3444460","True","9.718e-05","3.46e-06"
"apiclient","shazow/apiclient","3291292","2768140","4228338","3199957","3268744","2991283","True","9.718e-05","6.02e-06"
"ipcqueue","seifert/ipcqueue","1517860","231094","1154901","2366286","2934854","902164","True","9.718e-05","2.78e-06"
"dagster-cloud-cli","","3625726","0","557696","2325511","4874023","10371400","True","9.718e-05","6.63e-06"
"alexapy","","3513411","760404","1739134","2286948","6392825","6387746","True","9.718e-05","6.43e-06"
"dbutils-typehint","cdeler/dbutils_typehint","1243396","489194","1457838","1938283","1142846","1188821","True","9.718e-05","2.27e-06"
"ndjson","rhgrant10/ndjson","9162717","1130572","5862477","9924759","11067457","17828321","True","9.718e-05","1.676e-05"
"google-cloud-dlp","","136175357","12627029","89044302","53503008","126807336","398895108","True","9.718e-05","0.00024911"
"sqlalchemy-spanner","","51210865","444","42451","2142353","48562296","205306781","True","9.718e-05","9.368e-05"
"numpyencoder","","1068442","255518","771695","928853","1226632","2159512","True","9.718e-05","1.95e-06"
"mypy-boto3-mediastore-data","youtype/mypy_boto3_builder","1736602","46083","70382","257288","2269962","6039297","True","9.718e-05","3.18e-06"
"casbin","","1961047","193465","417263","936966","2185403","6072137","True","9.718e-05","3.59e-06"
"mcp","","58342658","280","283","485","95848","291616396","True","9.718e-05","0.00010673"
"celery-types","sbdchd/celery-types","3767995","73693","690610","1821996","3959733","12293945","True","9.718e-05","6.89e-06"
"aws-kinesis-agg","awslabs/kinesis-aggregation","2897780","445268","654406","2227558","5008174","6153493","True","9.718e-05","5.3e-06"
"password-strength","","1143294","300949","921167","923322","1475676","2095356","True","9.718e-05","2.09e-06"
"cufflinks","santosjorge/cufflinks","1830275","2080863","3813934","1768344","828116","660116","True","9.718e-05","3.35e-06"
"zope-tal","","1726081","506618","371003","419744","6216049","1116991","True","9.718e-05","3.16e-06"
"aws-cdk-aws-codebuild","","2544491","2291006","3241866","2586343","2534385","2068854","True","9.718e-05","4.65e-06"
"pytelegrambotapi","eternnoir/pytelegrambotapi","8705907","3428489","5432315","16549966","7152018","10966746","True","9.718e-05","1.593e-05"
"plotly-express","","4640489","1814289","2355286","3283117","4515179","11234576","True","9.718e-05","8.49e-06"
"datadog-lambda","","5096677","617766","1990184","3895416","6939162","12040859","True","9.718e-05","9.32e-06"
"fortifyapi","","1909056","11304","25708","491883","2757884","6258502","True","9.718e-05","3.49e-06"
"tangled-up-in-unicode","dylan-profiler/tangled-up-in-unicode","8625832","4934065","9921481","10952266","10025764","7295583","True","9.718e-05","1.578e-05"
"nr-stream","","1232965","371160","420398","430441","1921134","3021693","True","9.718e-05","2.26e-06"
"pyhpke","","1035173","0","2268","126250","1200100","3847245","True","9.718e-05","1.89e-06"
"aiohappyeyeballs","aio-libs/aiohappyeyeballs","469793997","0","0","19621","439421881","1909528484","True","9.718e-05","0.0008594"
"graphyte","benhoyt/graphyte","1732971","1050715","1246429","1588955","2481972","2296785","True","9.718e-05","3.17e-06"
"dataclasses-avroschema","","8839486","842984","1820713","2255409","14331431","24946893","True","9.718e-05","1.617e-05"
"effdet","rwightman/efficientdet-pytorch","2417955","60278","644818","1252475","4127342","6004863","True","9.718e-05","4.42e-06"
"stldecompose","jrmontag/stldecompose","1459945","1125488","3026480","1477069","1221253","449437","True","9.718e-05","2.67e-06"
"mypy-boto3-dataexchange","","3895886","44618","66013","259902","4706778","14402119","True","9.718e-05","7.13e-06"
"apache-airflow-providers-cloudant","","1031909","51218","819521","965563","1466640","1856604","True","9.718e-05","1.89e-06"
"mypy-boto3-security-ir","","1218680","0","0","0","145716","5947682","True","9.718e-05","2.23e-06"
"types-networkx","","1620108","0","0","332","394907","7705303","True","9.718e-05","2.96e-06"
"modal","modal-labs/modal-client","9915873","32217","112871","575909","4788306","44070060","True","9.718e-05","1.814e-05"
"pysnooper","cool-rr/pysnooper","2964418","893680","1983798","4916301","3319201","3709110","True","9.718e-05","5.42e-06"
"azure-mgmt-appcontainers","","13771854","0","17467","4684800","15870817","48286186","True","9.718e-05","2.519e-05"
"rdflib-jsonld","rdflib/rdflib-jsonld","1136422","1432874","1329878","740042","914111","1265203","True","9.718e-05","2.08e-06"
"mypy-boto3-dlm","","1947617","47017","69712","351961","2403348","6866048","True","9.718e-05","3.56e-06"
"azure-mgmt-search","","47176436","15908430","28874823","44647549","76725039","69726337","True","9.718e-05","8.63e-05"
"pyobjc-framework-mediaaccessibility","ronaldoussoren/pyobjc","1954883","454763","980965","2516231","3000166","2822289","True","9.718e-05","3.58e-06"
"pyobjc-framework-metalperformanceshaders","ronaldoussoren/pyobjc","1074593","325287","540722","725656","950538","2830761","True","9.718e-05","1.97e-06"
"pyftdi","eblot/pyftdi","1996336","951481","1755840","1305585","2085365","3883407","True","9.718e-05","3.65e-06"
"jsonpickle","jsonpickle/jsonpickle","128840921","92987484","117164611","111083236","137533553","185435720","True","9.718e-05","0.00023569"
"py-key-value-shared","","3618643","0","0","0","0","18093217","True","9.718e-05","6.62e-06"
"mypy-boto3-ssm-sap","","1697148","0","543","223031","2196446","6065722","True","9.718e-05","3.1e-06"
"openinference-instrumentation-langchain","","1758316","0","0","0","2588429","6203153","True","9.718e-05","3.22e-06"
"gitdb2","gitpython-developers/gitdb","14129622","17498851","15977606","11546615","14066064","11558973","True","9.718e-05","2.585e-05"
"setuptools-git-version","pyfidelity/setuptools-git-version","1749216","1036984","4955375","1477896","898229","377598","True","9.718e-05","3.2e-06"
"django-permissionedforms","wagtail/django-permissionedforms","1747071","0","406491","1259161","3373435","3696269","True","9.718e-05","3.2e-06"
"evdev","gvalkov/python-evdev","2647664","939312","2216925","1773315","3063546","5245222","True","9.718e-05","4.84e-06"
"gluoncv","dmlc/gluon-cv","3374218","4768946","7125841","3381211","958579","636512","True","9.718e-05","6.17e-06"
"ipwhois","secynic/ipwhois","1671174","741676","979153","1369888","2639799","2625353","True","9.718e-05","3.06e-06"
"arch","bashtage/arch","4504156","1406240","2398087","2638828","6955500","9122125","True","9.718e-05","8.24e-06"
"langgraph","langchain-ai/langgraph","25574688","0","0","0","9105569","118767873","True","9.718e-05","4.678e-05"
"yeelight","","4138357","114136","3445172","10076100","5381752","1674625","True","9.718e-05","7.57e-06"
"mypy-boto3-cloudcontrol","","1703183","3323","20027","234101","2207762","6050704","True","9.718e-05","3.12e-06"
"testing-common-database","","4100466","1901717","2898930","3574085","4491951","7635646","True","9.718e-05","7.5e-06"
"td-client","","2392664","2055535","1872927","1835127","2766207","3433523","True","9.718e-05","4.38e-06"
"intervals","kvesteri/intervals","1469450","1047593","929603","1222492","2662313","1485249","True","9.718e-05","2.69e-06"
"pycares","saghul/pycares","44459096","20850107","22214051","26833239","51847907","100550177","True","9.718e-05","8.133e-05"
"pypeln","","1619562","187340","136904","522354","2619936","4631277","True","9.718e-05","2.96e-06"
"opentelemetry-exporter-prometheus","open-telemetry/opentelemetry-python","81228548","108748","345180","3032350","19966260","382690201","True","9.718e-05","0.00014859"
"json2xml","","1179661","311056","534373","1256032","2082827","1714017","True","9.718e-05","2.16e-06"
"alt-profanity-check","dimitrismistriotis/alt-profanity-check","1394876","29771","497007","2526239","2229164","1692198","True","9.718e-05","2.55e-06"
"streamlit-embedcode","","1287815","1224","9091","397836","1987475","4043447","True","9.718e-05","2.36e-06"
"apache-airflow-providers-oracle","","5461917","232553","2676418","3193627","6816937","14390048","True","9.718e-05","9.99e-06"
"boruta","","3438940","2421596","4622773","3070273","2790206","4289850","True","9.718e-05","6.29e-06"
"web-py","","1759514","1003515","2005881","2893092","2181952","713132","True","9.718e-05","3.22e-06"
"nbclassic","","47282178","14267227","39538226","86169874","48724767","47710795","True","9.718e-05","8.649e-05"
"phonetics","","1238012","614720","477347","1747732","1595975","1754284","True","9.718e-05","2.26e-06"
"azureml-pipeline-steps","","8982146","12865826","12448679","8900159","6627103","4068961","True","9.718e-05","1.643e-05"
"opentelemetry-resourcedetector-kubernetes","","2461529","0","2898","52577","1220641","11031530","True","9.718e-05","4.5e-06"
"awscli-plugin-s3-proxy","","1015513","15381","16280","481351","1494514","3070037","True","9.718e-05","1.86e-06"
"pybind11-stubgen","","1272782","24514","94924","398398","2099693","3746382","True","9.718e-05","2.33e-06"
"pulp-glue-deb","","1013465","0","0","0","2120412","2946912","True","9.718e-05","1.85e-06"
"stepfunctions","aws/aws-step-functions-data-science-sdk-python","5832854","1115503","1384365","2801377","8533495","15329529","True","9.718e-05","1.067e-05"
"objprint","","2199226","21845","148812","287886","2997945","7539644","True","9.718e-05","4.02e-06"
"mypy-boto3-cloudtrail-data","","1678471","0","0","216909","2180913","5994534","True","9.718e-05","3.07e-06"
"eval-type-backport","alexmojaki/eval_type_backport","35991009","0","0","963","26522001","153432079","True","9.718e-05","6.584e-05"
"google-cloud-dns","googleapis/python-dns","3228613","1598864","2692367","3115586","4555293","4180955","True","9.718e-05","5.91e-06"
"llama-index-instrumentation","run-llama/llama_index","2382452","0","0","0","0","11912258","True","9.718e-05","4.36e-06"
"apache-airflow-providers-alibaba","","1861064","2987","84429","229870","1021375","7966661","True","9.718e-05","3.4e-06"
"brotlicffi","python-hyper/brotlicffi","4667979","149243","1158840","2838060","4184439","15009315","True","9.718e-05","8.54e-06"
"pylance","","4243328","0","21978","452913","7191276","13550472","True","9.718e-05","7.76e-06"
"vcsi","","1245438","3078587","2336216","342611","344743","125031","True","9.718e-05","2.28e-06"
"apache-airflow-providers-apache-kafka","","3166591","0","0","213825","3633912","11985217","True","9.718e-05","5.79e-06"
"opentelemetry-instrumentation-boto3sqs","","5683205","0","47595","736401","5083969","22548058","True","9.718e-05","1.04e-05"
"treq","twisted/treq","1832885","919161","841623","768596","2285684","4349360","True","9.718e-05","3.35e-06"
"google-cloud-pipeline-components","kubeflow/pipelines","5147957","56479","705834","4144430","8757147","12075895","True","9.718e-05","9.42e-06"
"torchdiffeq","rtqichen/torchdiffeq","7878527","64847","2894198","14256663","9544646","12632283","True","9.718e-05","1.441e-05"
"azure-mgmt-network","","58612280","25043853","44915779","54858206","107352910","60890652","True","9.718e-05","0.00010722"
"sparkdantic","","1165167","0","0","3449","792819","5029567","True","9.718e-05","2.13e-06"
"resolvelib","sarugaku/resolvelib","61207533","12294848","26231442","34019307","81198592","152293475","True","9.718e-05","0.00011197"
"inflect","jaraco/inflect","68348457","16912021","29515238","47623939","81898122","165792967","True","9.718e-05","0.00012503"
"mypy-boto3-apprunner","","1738139","12082","34545","240991","2229153","6173922","True","9.718e-05","3.18e-06"
"certipy","llnl/certipy","2904919","874934","6606595","1725771","2219542","3097753","True","9.718e-05","5.31e-06"
"singer-sdk","meltano/sdk","25096704","640128","1873336","6080330","28993128","87896600","True","9.718e-05","4.591e-05"
"alibabacloud-credentials","","7329435","42455","146639","626681","1889446","33941956","True","9.718e-05","1.341e-05"
"numpy-groupies","","1143684","170597","243029","663055","2441283","2200456","True","9.718e-05","2.09e-06"
"ibm-platform-services","ibm/platform-services-python-sdk","5022742","42638","482669","1616819","5370760","17600823","True","9.718e-05","9.19e-06"
"opencc-python-reimplemented","","2963686","65649","222532","244276","2763536","11522439","True","9.718e-05","5.42e-06"
"djangorestframework-recursive","","1171271","571926","640076","900232","1355831","2388292","True","9.718e-05","2.14e-06"
"langchain-classic","","2378824","0","0","0","0","11894121","True","9.718e-05","4.35e-06"
"certbot-dns-multi","","1205398","0","1230","6107","75245","5944406","True","9.718e-05","2.21e-06"
"chevron","noahmorrison/chevron","22195202","4981064","7695820","16721607","26766237","54811282","True","9.718e-05","4.06e-05"
"semantic-kernel","","4311912","0","0","157055","774779","20627728","True","9.718e-05","7.89e-06"
"zope-annotation","","1630996","496988","379373","463611","5609377","1205629","True","9.718e-05","2.98e-06"
"zipfile36","","3948908","627694","1888304","1883695","5975943","9368905","True","9.718e-05","7.22e-06"
"azureml-pipeline-core","","10038427","13116681","13692564","9819116","8262509","5301265","True","9.718e-05","1.836e-05"
"zope-sequencesort","","1471015","327745","254682","354742","5441624","976283","True","9.718e-05","2.69e-06"
"python-jsonpath","jg-rp/python-jsonpath","3708837","0","0","3921951","8760740","5861494","True","9.718e-05","6.78e-06"
"nptyping","ramonhagenaars/nptyping","4161650","2303042","2741765","4200135","8020413","3542895","True","9.718e-05","7.61e-06"
"red-black-tree-mod","","1372594","281","13283","537663","1542851","4768893","True","9.718e-05","2.51e-06"
"pymorphy2","","1347016","893391","1713578","1112603","1155854","1859653","True","9.718e-05","2.46e-06"
"clickhouse-driver","mymarilyn/clickhouse-driver","23991807","3468370","14125022","17167781","27199571","57998291","True","9.718e-05","4.389e-05"
"mcap-protobuf-support","foxglove/mcap","1818786","0","14357","761297","4235960","4082317","True","9.718e-05","3.33e-06"
"tree-sitter-javascript","","6298357","0","0","0","975687","30516096","True","9.718e-05","1.152e-05"
"pandas-datareader","pydata/pandas-datareader","4920386","2978529","4181580","5618436","6666505","5156878","True","9.718e-05","9e-06"
"translate","","4931818","1003635","2760400","5874897","8410068","6610091","True","9.718e-05","9.02e-06"
"respx","","10382408","520471","1366013","3821848","13416005","32787703","True","9.718e-05","1.899e-05"
"csvkit","wireservice/csvkit","1910296","599451","1373600","1991178","2106366","3480883","True","9.718e-05","3.49e-06"
"pyobjc-framework-fileprovider","","1100735","385687","569254","742635","968196","2837901","True","9.718e-05","2.01e-06"
"faiss-gpu","","2937639","1310572","2927667","2218811","3769059","4462084","True","9.718e-05","5.37e-06"
"rollbar","rollbar/pyrollbar","12834000","3436826","3952263","6708585","18211047","31861277","True","9.718e-05","2.348e-05"
"functions-framework","googlecloudplatform/functions-framework-python","28087858","3766019","8380954","27422305","40343612","60526400","True","9.718e-05","5.138e-05"
"amundsen-databuilder","amundsen-io/amundsen","2023283","1074424","2816125","1482492","2079516","2663859","True","9.718e-05","3.7e-06"
"mypy-boto3-sagemaker-featurestore-runtime","youtype/mypy_boto3_builder","1728433","32066","55274","273287","2238668","6042868","True","9.718e-05","3.16e-06"
"arq","","1187760","154927","322291","663778","1328326","3469476","True","9.718e-05","2.17e-06"
"testrail-api","","2093991","282062","749742","1132011","2062882","6243259","True","9.718e-05","3.83e-06"
"mypy-boto3-qbusiness","","1771839","0","0","69384","2182523","6607289","True","9.718e-05","3.24e-06"
"llama-index-readers-file","","7756353","0","0","0","9478770","29302995","True","9.718e-05","1.419e-05"
"starlette-testclient","","1795837","0","500","553339","1478665","6946679","True","9.718e-05","3.29e-06"
"pytest-remotedata","astropy/pytest-remotedata","2599023","4250427","1137292","1365289","2828209","3413898","True","9.718e-05","4.75e-06"
"pytest-mock-resources","","1272275","148176","453552","464746","1405676","3889224","True","9.718e-05","2.33e-06"
"alembic-utils","","2618452","536848","806872","1643044","3289063","6816434","True","9.718e-05","4.79e-06"
"slack-bolt","slackapi/bolt-python","12757893","587771","10064755","5515907","11526218","36094812","True","9.718e-05","2.334e-05"
"opentelemetry-instrumentation-falcon","","2070816","29251","183510","397596","3093798","6649923","True","9.718e-05","3.79e-06"
"pyside6-addons","","4008545","0","457502","1848256","5477830","12259138","True","9.718e-05","7.33e-06"
"azure-eventhub-checkpointstoreblob","","3186589","2027666","4794849","3651354","2663526","2795552","True","9.718e-05","5.83e-06"
"flask-caching","pallets-eco/flask-caching","97244019","25454694","38237152","46845886","224305140","151377221","True","9.718e-05","0.00017789"
"google-cloud-dataproc","","102611511","4631473","14735709","35299110","138517807","319873454","True","9.718e-05","0.00018771"
"mypy-boto3-cloudhsmv2","","1768749","48189","68526","256788","2273033","6197211","True","9.718e-05","3.24e-06"
"django-webtest","django-webtest/django-webtest","2084657","672099","791450","2371205","3615842","2972691","True","9.718e-05","3.81e-06"
"mypy-boto3-guardduty","","1891964","46494","80668","423033","2443765","6465858","True","9.718e-05","3.46e-06"
"boa-str","","12073976","933375","10058986","6712689","18108953","24555875","True","9.718e-05","2.209e-05"
"opensearch-py","opensearch-project/opensearch-py","342910404","4051446","115298383","219360979","337341775","1038499438","True","9.718e-05","0.00062729"
"docxcompose","","3465801","179842","1515376","2878872","3647041","9107875","True","9.718e-05","6.34e-06"
"azure-mgmt-authorization","","82774757","63498714","72591956","71486829","115281333","91014952","True","9.718e-05","0.00015142"
"kornia","","17777393","1463766","7002895","26171360","22430639","31818305","True","9.718e-05","3.252e-05"
"session-info","","1004736","6323","348397","624438","1013082","3031440","True","9.718e-05","1.84e-06"
"azure-monitor-opentelemetry-exporter","","26424605","208735","1257651","2709988","29045066","98901585","True","9.718e-05","4.834e-05"
"pyobjc-framework-automator","ronaldoussoren/pyobjc","2411270","479265","1019324","2920596","4679917","2957248","True","9.718e-05","4.41e-06"
"aiohttp-retry","","38619378","1359398","6605546","18242614","44994883","121894447","True","9.718e-05","7.065e-05"
"google-re2","google/re2","55445490","52775","151247","21523581","160149011","95350837","True","9.718e-05","0.00010143"
"cement","datafolklabs/cement","4732088","3472884","3805601","4804382","5394563","6183009","True","9.718e-05","8.66e-06"
"langchain-openai","","61012717","0","0","0","47397634","257665949","True","9.718e-05","0.00011161"
"metaphone","","3025942","2859032","4256577","2772165","2723135","2518802","True","9.718e-05","5.54e-06"
"customtkinter","","2691258","2776","101515","2233302","5075865","6042833","True","9.718e-05","4.92e-06"
"allure-behave","allure-framework/allure-python","2576386","1030771","1429705","1820003","3954466","4646984","True","9.718e-05","4.71e-06"
"wasmer-compiler-cranelift","wasmerio/wasmer-python","4940906","2308521","3885510","4271700","4436648","9802151","True","9.718e-05","9.04e-06"
"preshed","explosion/preshed","79827986","30611614","46986354","51609842","110577833","159354286","True","9.718e-05","0.00014603"
"coreschema","core-api/python-coreschema","17674603","15595097","20028191","22432701","18149443","12167581","True","9.718e-05","3.233e-05"
"iterfzf","","1668667","251614","453703","536347","1003236","6098435","True","9.718e-05","3.05e-06"
"datadog-checks-base","","1508989","581767","401056","1178894","1341616","4041611","True","9.718e-05","2.76e-06"
"hellosign-python-sdk","","2239695","501098","773282","1242949","1055007","7626139","True","9.718e-05","4.1e-06"
"gekko","","1189382","233937","506219","1084316","2826725","1295713","True","9.718e-05","2.18e-06"
"clearml","clearml/clearml","2668458","388642","1556676","2719158","3706777","4971036","True","9.718e-05","4.88e-06"
"mypy-boto3-swf","","1743263","46636","67040","254428","2266245","6081965","True","9.718e-05","3.19e-06"
"reliability","","1332584","113742","302799","328180","460588","5457609","True","9.718e-05","2.44e-06"
"pyjnius","kivy/pyjnius","1731855","367197","423573","712834","3798367","3357302","True","9.718e-05","3.17e-06"
"redbaron","","1107355","371092","394672","526335","1590468","2654210","True","9.718e-05","2.03e-06"
"pysolr","django-haystack/pysolr","2892334","1523230","2063418","2965597","3682041","4227384","True","9.718e-05","5.29e-06"
"azure-mgmt-machinelearningcompute","","15940383","10759833","15539523","16523270","18288120","18591167","True","9.718e-05","2.916e-05"
"robotframework-faker","marketsquare/robotframework-faker","1391585","725686","1051672","1033194","2040896","2106479","True","9.718e-05","2.55e-06"
"iterproxy","machu-gwu/iterproxy-project","5522226","0","355","2177223","4571519","20862031","True","9.718e-05","1.01e-05"
"esptool","espressif/esptool","2517332","2623481","1879099","1107019","2449746","4527315","True","9.718e-05","4.6e-06"
"semantic-link-functions-holidays","","1034498","0","0","38961","741896","4391632","True","9.718e-05","1.89e-06"
"mypy-boto3-kms","","5609148","199900","1812108","2383134","7350002","16300594","True","9.718e-05","1.026e-05"
"translationstring","pylons/translationstring","24251492","12828908","16932073","32715182","31053759","27727536","True","9.718e-05","4.436e-05"
"auth","","2329480","2929321","3047229","2975385","2047479","647987","True","9.718e-05","4.26e-06"
"fiddle","","1139336","13","7106","314318","634492","4740749","True","9.718e-05","2.08e-06"
"k8","nicknotfun/k8","6472620","0","2","1","13827196","18535900","True","9.718e-05","1.184e-05"
"xmljson","sanand0/xmljson","5328741","2386291","3730868","5906106","6597279","8023161","True","9.718e-05","9.75e-06"
"zope-deprecation","","35720912","28824489","34063567","43909190","41225077","30582236","True","9.718e-05","6.534e-05"
"pytest-archon","","1186266","0","2383","29907","56160","5842878","True","9.718e-05","2.17e-06"
"opentelemetry-instrumentation-aiohttp-server","","1409532","0","3","1","801983","6245671","True","9.718e-05","2.58e-06"
"kneed","arvkevi/kneed","4032430","2079094","3023728","2752239","3646464","8660625","True","9.718e-05","7.38e-06"
"pyobjc-framework-classkit","ronaldoussoren/pyobjc","1017765","199049","460460","688203","926131","2814984","True","9.718e-05","1.86e-06"
"numpy-typing-compat","","1106628","0","0","0","0","5533141","True","9.718e-05","2.02e-06"
"azure-schemaregistry-avroencoder","","1349034","0","38672","296746","2695856","3713894","True","9.718e-05","2.47e-06"
"fido2","yubico/python-fido2","3946534","518345","639038","1152408","5328282","12094599","True","9.718e-05","7.22e-06"
