repo,repo_id,cve_count_5y,cve_ids_5y,packages_queried,fetched_at
7rulnik/source-map-js,330043541,0,,npm:source-map-js,2026-05-03T15:43:08+00:00
acornjs/acorn,5932749,0,,"npm:acorn,npm:acorn-walk,npm:acorn-loose",2026-05-03T15:43:10+00:00
acornjs/acorn-jsx,22187098,0,,npm:acorn-jsx,2026-05-03T15:43:08+00:00
adobe/react-spectrum,208362715,0,,"npm:@react-types/shared,npm:@react-aria/ssr,npm:@react-aria/utils,npm:@react-aria/interactions,npm:@react-stately/utils,npm:@react-stately/flags,npm:@react-aria/focus,npm:@internationalized/date,npm:@internationalized/number,npm:@react-types/overlays,npm:@react-stately/form,npm:@internationalized/string,npm:@react-aria/i18n,npm:@react-types/button,npm:@internationalized/message,npm:@react-stately/collections,npm:@react-stately/overlays,npm:@react-aria/form,npm:@react-aria/visually-hidden,npm:@react-types/checkbox",2026-05-03T15:43:27+00:00
agronholm/anyio,145337588,0,,PyPI:anyio,2026-05-03T15:43:08+00:00
agronholm/exceptiongroup,447694800,0,,PyPI:exceptiongroup,2026-05-03T15:43:08+00:00
ai/nanoid,99401299,2,"CVE-2021-23566,CVE-2024-55565",npm:nanoid,2026-05-03T15:43:08+00:00
aio-libs/aiobotocore,36618494,0,,PyPI:aiobotocore,2026-05-03T15:43:08+00:00
aio-libs/aiosignal,205007356,0,,PyPI:aiosignal,2026-05-03T15:43:08+00:00
aio-libs/async-timeout,67703198,0,,PyPI:async-timeout,2026-05-03T15:43:08+00:00
aio-libs/frozenlist,204197530,0,,PyPI:frozenlist,2026-05-03T15:43:08+00:00
aio-libs/propcache,866565706,0,,PyPI:propcache,2026-05-03T15:43:08+00:00
aio-libs/yarl,64756820,0,,PyPI:yarl,2026-05-03T15:43:08+00:00
ajv-validator/ajv,35914020,1,CVE-2020-15366,npm:ajv,2026-05-03T15:43:08+00:00
ajv-validator/ajv-formats,281084700,0,,npm:ajv-formats,2026-05-03T15:43:08+00:00
alexcrichton/tar-rs,21946092,2,"CVE-2018-20990,CVE-2021-38511",crates.io:tar,2026-05-03T15:43:08+00:00
alexei/sprintf.js,9175790,0,,npm:sprintf-js,2026-05-03T15:43:08+00:00
alexeyraspopov/picocolors,410740124,0,,npm:picocolors,2026-05-03T15:43:08+00:00
alexhuszagh/rust-lexical,155286170,2,"GHSA-2326-pfpj-vx3h,GHSA-c2hm-mjxv-89r4","crates.io:lexical-util,crates.io:lexical-parse-integer,crates.io:lexical-core,crates.io:lexical-write-integer,crates.io:lexical-parse-float,crates.io:lexical-write-float,crates.io:lexical",2026-05-03T15:43:14+00:00
alexindigo/asynckit,59087459,0,,npm:asynckit,2026-05-03T15:43:08+00:00
amanieu/parking_lot,58731560,1,CVE-2020-35910,"crates.io:parking_lot_core,crates.io:lock_api,crates.io:parking_lot",2026-05-03T15:43:11+00:00
andialbrecht/sqlparse,4067434,3,"CVE-2021-32839,CVE-2023-30608,CVE-2024-4340",PyPI:sqlparse,2026-05-03T15:43:09+00:00
andrewrk/node-pend,11836813,0,,npm:pend,2026-05-03T15:43:09+00:00
andyperlitch/jsbn,9710533,0,,npm:jsbn,2026-05-03T15:43:09+00:00
annotated-types/annotated-types,487934134,0,,PyPI:annotated-types,2026-05-03T15:43:09+00:00
antonk52/lilconfig,238967485,1,CVE-2024-21537,npm:lilconfig,2026-05-03T15:43:09+00:00
apache/airflow,33884891,90,"BIT-airflow-2020-13927,BIT-airflow-2020-13944,BIT-airflow-2020-17515,BIT-airflow-2020-17526,BIT-airflow-2021-26559,BIT-airflow-2021-26697,BIT-airflow-2021-28359,BIT-airflow-2021-35936,BIT-airflow-2021-38540,BIT-airflow-2021-45229,BIT-airflow-2021-45230,BIT-airflow-2022-24288,BIT-airflow-2022-27949,BIT-airflow-2022-38054,BIT-airflow-2022-38170,BIT-airflow-2022-38649,BIT-airflow-2022-40127,BIT-airflow-2022-40189,BIT-airflow-2022-40604,BIT-airflow-2022-40754,BIT-airflow-2022-40954,BIT-airflow-2022-41672,BIT-airflow-2022-43982,BIT-airflow-2022-43985,BIT-airflow-2022-45402,BIT-airflow-2022-46651,BIT-airflow-2023-22884,BIT-airflow-2023-22887,BIT-airflow-2023-22888,BIT-airflow-2023-25695,BIT-airflow-2023-25754,BIT-airflow-2023-29247,BIT-airflow-2023-35005,BIT-airflow-2023-35908,BIT-airflow-2023-36543,BIT-airflow-2023-37379,BIT-airflow-2023-39441,BIT-airflow-2023-39508,BIT-airflow-2023-40273,BIT-airflow-2023-40611,BIT-airflow-2023-40712,BIT-airflow-2023-42663,BIT-airflow-2023-42780,BIT-airflow-2023-42781,BIT-airflow-2023-42792,BIT-airflow-2023-45348,BIT-airflow-2023-46215,BIT-airflow-2023-46288,BIT-airflow-2023-47037,BIT-airflow-2023-47265,BIT-airflow-2023-48291,BIT-airflow-2023-49920,BIT-airflow-2023-50783,BIT-airflow-2023-50943,BIT-airflow-2023-50944,BIT-airflow-2023-51702,BIT-airflow-2024-25142,BIT-airflow-2024-26280,BIT-airflow-2024-27906,BIT-airflow-2024-28746,BIT-airflow-2024-29735,BIT-airflow-2024-31869,BIT-airflow-2024-32077,BIT-airflow-2024-39863,BIT-airflow-2024-39877,BIT-airflow-2024-41937,BIT-airflow-2024-45034,BIT-airflow-2024-45498,BIT-airflow-2024-45784,BIT-airflow-2024-50378,BIT-airflow-2025-54831,BIT-airflow-2025-54941,BIT-airflow-2025-62402,BIT-airflow-2025-62503,BIT-airflow-2025-66388,CVE-2017-12614,CVE-2022-38362,CVE-2023-25691,CVE-2023-25692,CVE-2023-25956,CVE-2023-28707,CVE-2023-33234,CVE-2023-35798,CVE-2023-39553,CVE-2024-29733,CVE-2024-42447,CVE-2024-45033,CVE-2025-27018,CVE-2025-30473,CVE-2025-50213","PyPI:apache-airflow,PyPI:apache-airflow-providers-common-compat,PyPI:apache-airflow-providers-common-sql,PyPI:apache-airflow-core,PyPI:apache-airflow-task-sdk,PyPI:apache-airflow-providers-apache-cassandra,PyPI:apache-airflow-providers-snowflake,PyPI:apache-airflow-providers-cncf-kubernetes,PyPI:apache-airflow-providers-ssh,PyPI:apache-airflow-providers-google,PyPI:apache-airflow-providers-databricks,PyPI:apache-airflow-providers-mysql,PyPI:apache-airflow-providers-http,PyPI:apache-airflow-providers-sqlite,PyPI:apache-airflow-providers-fab,PyPI:apache-airflow-providers-ftp,PyPI:apache-airflow-providers-imap,PyPI:apache-airflow-providers-slack,PyPI:apache-airflow-providers-amazon,PyPI:apache-airflow-providers-common-io,PyPI:apache-airflow-providers-smtp,PyPI:apache-airflow-providers-docker,PyPI:apache-airflow-providers-postgres,PyPI:apache-airflow-providers-microsoft-mssql,PyPI:apache-airflow-providers-sftp,PyPI:apache-airflow-providers-airbyte,PyPI:apache-airflow-providers-microsoft-azure,PyPI:apache-airflow-providers-standard",2026-05-03T15:43:38+00:00
apache/arrow,51905353,4,"CVE-2019-12408,CVE-2019-12410,CVE-2023-47248,CVE-2024-52338",PyPI:pyarrow,2026-05-03T15:43:09+00:00
apache/arrow-rs,358917250,3,"GHSA-h588-76vg-prgj,GHSA-qgrp-8f3v-q85p,GHSA-r7cj-wmwv-hfw5","crates.io:arrow-schema,crates.io:arrow-buffer,crates.io:arrow-data,crates.io:arrow-array,crates.io:arrow-select,crates.io:arrow,crates.io:arrow-cast,crates.io:arrow-ipc,crates.io:arrow-ord,crates.io:parquet,crates.io:arrow-arith,crates.io:arrow-string,crates.io:arrow-row,crates.io:arrow-csv,crates.io:arrow-json,crates.io:arrow-flight,crates.io:arrow-pyarrow,crates.io:parquet-variant,crates.io:parquet-variant-json,crates.io:parquet-variant-compute,crates.io:parquet-geospatial",2026-05-03T15:43:29+00:00
ardatan/graphql-tools,54432168,0,,"npm:@graphql-tools/utils,npm:@graphql-tools/merge,npm:@graphql-tools/schema,npm:cross-inspect,npm:@graphql-tools/load,npm:@graphql-tools/import,npm:@graphql-tools/relay-operation-optimizer,npm:@ardatan/relay-compiler,npm:@graphql-tools/optimize,npm:@graphql-tools/graphql-file-loader,npm:@graphql-tools/url-loader,npm:@graphql-tools/graphql-tag-pluck,npm:@graphql-tools/json-file-loader,npm:@graphql-tools/executor,npm:@graphql-tools/code-file-loader,npm:@graphql-tools/executor-legacy-ws,npm:@graphql-tools/apollo-engine-loader,npm:graphql-tools,npm:@graphql-tools/mock",2026-05-03T15:43:27+00:00
ardatan/whatwg-node,429511342,0,,"npm:@whatwg-node/promise-helpers,npm:@whatwg-node/node-fetch,npm:@whatwg-node/fetch,npm:@whatwg-node/disposablestack,npm:@whatwg-node/events",2026-05-03T15:43:13+00:00
assert-rs/snapbox,424722460,0,,"crates.io:snapbox,crates.io:trycmd,crates.io:snapbox-macros",2026-05-03T15:43:11+00:00
astral-sh/ruff,523043277,0,,PyPI:ruff,2026-05-03T15:43:09+00:00
aws/aws-cli,6780767,0,,PyPI:awscli,2026-05-03T15:43:09+00:00
aws/aws-sdk-js-crypto-helpers,149673986,0,,"npm:@aws-crypto/util,npm:@aws-crypto/sha256-js,npm:@aws-crypto/supports-web-crypto,npm:@aws-crypto/sha256-browser,npm:@aws-crypto/crc32,npm:@aws-crypto/crc32c,npm:@aws-crypto/sha1-browser",2026-05-03T15:43:15+00:00
aws/aws-sdk-js-v3,87228090,0,,"npm:@aws-sdk/types,npm:@aws-sdk/core,npm:@aws-sdk/nested-clients,npm:@aws-sdk/util-endpoints,npm:@aws-sdk/middleware-user-agent,npm:@aws-sdk/middleware-recursion-detection,npm:@aws-sdk/region-config-resolver,npm:@aws-sdk/credential-provider-process,npm:@aws-sdk/credential-provider-env,npm:@aws-sdk/token-providers,npm:@aws-sdk/util-user-agent-node,npm:@aws-sdk/credential-provider-ini,npm:@aws-sdk/credential-provider-sso,npm:@aws-sdk/credential-provider-node,npm:@aws-sdk/util-user-agent-browser,npm:@aws-sdk/middleware-host-header,npm:@aws-sdk/middleware-logger,npm:@aws-sdk/credential-provider-web-identity,npm:@aws-sdk/credential-provider-http,npm:@aws-sdk/client-sts,npm:@aws-sdk/util-locate-window,npm:@aws-sdk/xml-builder,npm:@aws-sdk/util-utf8-browser,npm:@aws-sdk/client-sso-oidc,npm:@aws-sdk/middleware-sdk-s3,npm:@aws-sdk/signature-v4-multi-region,npm:@aws-sdk/util-arn-parser,npm:@aws-sdk/middleware-flexible-checksums,npm:@aws-sdk/middleware-bucket-endpoint,npm:@aws-sdk/client-s3,npm:@aws-sdk/middleware-ssec,npm:@aws-sdk/middleware-expect-continue,npm:@aws-sdk/middleware-location-constraint,npm:@aws-sdk/util-hex-encoding,npm:@aws-sdk/querystring-builder,npm:@aws-sdk/hash-node,npm:@aws-sdk/client-cognito-identity,npm:@aws-sdk/credential-provider-cognito-identity,npm:@aws-sdk/credential-providers,npm:@aws-sdk/util-format-url,npm:@aws-sdk/middleware-endpoint,npm:@aws-sdk/util-waiter,npm:@aws-sdk/credential-provider-login,npm:@aws-sdk/client-lambda,npm:@aws-sdk/util-retry,npm:@aws-sdk/endpoint-cache,npm:@aws-sdk/client-secrets-manager,npm:@aws-sdk/middleware-endpoint-discovery,npm:@aws-sdk/client-dynamodb,npm:@aws-sdk/middleware-sdk-sqs,npm:@aws-sdk/client-sqs,npm:@aws-sdk/util-dynamodb,npm:@aws-sdk/client-cloudwatch-logs,npm:@aws-sdk/lib-storage,npm:@aws-sdk/client-iam,npm:@aws-sdk/client-ssm,npm:@aws-sdk/lib-dynamodb,npm:@aws-sdk/client-sfn,npm:@aws-sdk/crc64-nvme,npm:@aws-sdk/dynamodb-codec",2026-05-03T15:44:08+00:00
axios/axios,23088740,6,"CVE-2020-28168,CVE-2021-3749,CVE-2023-45857,CVE-2024-39338,CVE-2025-27152,CVE-2025-58754",npm:axios,2026-05-03T15:43:09+00:00
azure/azure-sdk-for-js,108311273,1,CVE-2024-35255,"npm:@azure/abort-controller,npm:@azure/core-tracing,npm:@azure/core-util,npm:@typespec/ts-http-runtime,npm:@azure/logger,npm:@azure/core-auth,npm:@azure/core-rest-pipeline,npm:@azure/core-paging,npm:@azure/core-lro,npm:@azure/core-client,npm:@azure/identity,npm:@azure/core-http-compat,npm:@azure/storage-blob,npm:@azure/keyvault-keys,npm:@azure/core-xml,npm:@azure/keyvault-common,npm:@azure/storage-common,npm:@azure-rest/core-client",2026-05-03T15:43:27+00:00
azure/azure-sdk-for-python,4127088,2,"CVE-2022-30187,CVE-2024-35255","PyPI:azure-core,PyPI:azure-nspkg,PyPI:azure-common,PyPI:azure-mgmt-core,PyPI:azure-storage-blob,PyPI:azure-identity,PyPI:azure-mgmt-nspkg,PyPI:azure-keyvault-secrets,PyPI:azure-storage-file-datalake,PyPI:azure-mgmt-resource,PyPI:azure-mgmt-storage,PyPI:azure-cosmos,PyPI:azure-keyvault-keys,PyPI:azure-mgmt-containerregistry,PyPI:azure-mgmt-keyvault,PyPI:azure-mgmt-authorization,PyPI:azure-mgmt-datalake-nspkg,PyPI:azure-keyvault,PyPI:azure-graphrbac,PyPI:azure-servicebus,PyPI:azure-keyvault-certificates,PyPI:azure-batch,PyPI:azure-mgmt-compute,PyPI:azure-mgmt-cosmosdb,PyPI:azure-eventhub,PyPI:azure-mgmt-containerinstance,PyPI:azure-mgmt-datafactory,PyPI:azure-mgmt-containerservice,PyPI:azure-mgmt-datalake-store,PyPI:azure-mgmt-network,PyPI:azure-storage-file-share,PyPI:azure-data-tables,PyPI:azure-mgmt-sql,PyPI:azure-mgmt-monitor,PyPI:azure-mgmt-msi,PyPI:azure-mgmt-web,PyPI:azure-mgmt-rdbms,PyPI:azure-mgmt-redis,PyPI:azure-mgmt-servicebus,PyPI:azure-mgmt-batch,PyPI:azure-mgmt-recoveryservices,PyPI:azure-mgmt-iothub,PyPI:azure-mgmt-cdn,PyPI:azure-mgmt-eventhub,PyPI:azure-mgmt-loganalytics,PyPI:azure-mgmt-trafficmanager,PyPI:azure-mgmt-managementgroups,PyPI:azure-mgmt-cognitiveservices,PyPI:azure-mgmt-signalr,PyPI:azure-mgmt-recoveryservicesbackup,PyPI:azure-mgmt-search,PyPI:azure-mgmt-marketplaceordering,PyPI:azure-mgmt-applicationinsights,PyPI:azure-mgmt-eventgrid,PyPI:azure-mgmt-advisor,PyPI:azure-mgmt-dns,PyPI:azure-mgmt-media,PyPI:azure-mgmt-billing,PyPI:azure-mgmt-servicefabric,PyPI:azure-mgmt-policyinsights,PyPI:azure-mgmt-iothubprovisioningservices,PyPI:azure-mgmt-batchai,PyPI:azure-mgmt-iotcentral,PyPI:azure-mgmt-datamigration,PyPI:azure-mgmt-maps,PyPI:azure-synapse-artifacts,PyPI:azure-appconfiguration,PyPI:azure-mgmt-devtestlabs,PyPI:azure-synapse-spark,PyPI:azure-mgmt-datalake-analytics,PyPI:azure-loganalytics,PyPI:azure-mgmt-consumption,PyPI:azure-mgmt-reservations,PyPI:azure-mgmt-relay,PyPI:azure-mgmt-apimanagement,PyPI:azure-mgmt-security,PyPI:azure-mgmt-hdinsight,PyPI:azure-mgmt-privatedns,PyPI:azure-mgmt-netapp,PyPI:azure-mgmt-appconfiguration,PyPI:azure-eventgrid,PyPI:azure-mgmt-synapse,PyPI:azure-mgmt-redhatopenshift,PyPI:azure-mgmt-sqlvirtualmachine,PyPI:azure-mgmt-botservice,PyPI:azure-keyvault-administration,PyPI:azure-mgmt-imagebuilder,PyPI:azure-synapse-accesscontrol,PyPI:azure-mgmt-servicefabricmanagedclusters,PyPI:azure-mgmt-extendedlocation,PyPI:azure-synapse-managedprivateendpoints,PyPI:azure-mgmt-servicelinker,PyPI:azure-monitor-opentelemetry-exporter,PyPI:azure-mgmt-databoxedge,PyPI:azure-mgmt-kusto,PyPI:azure-monitor-query,PyPI:azure-mgmt-managedservices,PyPI:azure-synapse-nspkg,PyPI:azure-mgmt-subscription,PyPI:azure,PyPI:azure-core-tracing-opentelemetry,PyPI:azure-monitor-opentelemetry,PyPI:azure-mgmt-logic,PyPI:azure-mgmt-notificationhubs,PyPI:azure-mgmt,PyPI:azure-servicefabric,PyPI:azure-servicemanagement-legacy,PyPI:azure-mgmt-scheduler,PyPI:azure-mgmt-deploymentmanager,PyPI:azure-mgmt-commerce,PyPI:azure-mgmt-powerbiembedded,PyPI:azure-mgmt-hanaonazure,PyPI:azure-mgmt-managementpartner,PyPI:azure-mgmt-machinelearningcompute,PyPI:azure-applicationinsights,PyPI:azure-mgmt-devspaces,PyPI:azure-mgmt-appcontainers,PyPI:azure-search-documents,PyPI:azure-ai-ml,PyPI:azure-mgmt-postgresqlflexibleservers,PyPI:azure-mgmt-mysqlflexibleservers,PyPI:azure-schemaregistry,PyPI:azure-keyvault-securitydomain,PyPI:azure-mgmt-resource-deploymentstacks,PyPI:azure-mgmt-resource-templatespecs,PyPI:azure-mgmt-resource-deployments,PyPI:azure-mgmt-resource-deploymentscripts",2026-05-03T15:45:16+00:00
azure/msrest-for-python,71186468,0,,PyPI:msrest,2026-05-03T15:43:10+00:00
azuread/microsoft-authentication-library-for-python,67243113,0,,"PyPI:msal,PyPI:pymsalruntime",2026-05-03T15:43:11+00:00
babel/babel,24560307,2,"CVE-2023-45133,CVE-2025-27789","npm:@babel/helper-plugin-utils,npm:@babel/types,npm:@babel/helper-validator-identifier,npm:@babel/helper-string-parser,npm:@babel/traverse,npm:@babel/parser,npm:@babel/code-frame,npm:@babel/runtime,npm:@babel/template,npm:@babel/helper-annotate-as-pure,npm:@babel/generator,npm:@babel/helper-create-regexp-features-plugin,npm:@babel/helper-module-imports,npm:@babel/helper-module-transforms,npm:@babel/helper-create-class-features-plugin,npm:@babel/helper-skip-transparent-expression-wrappers,npm:@babel/core,npm:@babel/helper-compilation-targets,npm:@babel/compat-data,npm:babel-runtime,npm:@babel/helper-validator-option,npm:@babel/helper-member-expression-to-functions,npm:@babel/helper-replace-supers,npm:@babel/helper-optimise-call-expression,npm:@babel/helper-globals,npm:@babel/helpers,npm:@babel/highlight,npm:@babel/plugin-syntax-jsx,npm:@babel/helper-remap-async-to-generator,npm:@babel/plugin-syntax-nullish-coalescing-operator,npm:@babel/plugin-syntax-numeric-separator,npm:@babel/plugin-syntax-optional-catch-binding,npm:@babel/helper-wrap-function,npm:@babel/plugin-syntax-object-rest-spread,npm:@babel/plugin-syntax-optional-chaining,npm:@babel/plugin-transform-react-jsx,npm:@babel/plugin-transform-parameters,npm:@babel/plugin-syntax-async-generators,npm:@babel/plugin-transform-destructuring,npm:@babel/plugin-transform-modules-commonjs,npm:@babel/plugin-syntax-typescript,npm:@babel/plugin-syntax-class-properties,npm:@babel/plugin-syntax-top-level-await,npm:@babel/plugin-syntax-json-strings,npm:@babel/preset-env,npm:@babel/plugin-transform-dotall-regex,npm:@babel/plugin-syntax-logical-assignment-operators,npm:@babel/helper-environment-visitor,npm:@babel/plugin-transform-classes,npm:@babel/plugin-transform-block-scoping,npm:@babel/plugin-transform-for-of,npm:@babel/plugin-transform-spread,npm:@babel/plugin-transform-arrow-functions,npm:@babel/plugin-transform-computed-properties,npm:@babel/plugin-transform-template-literals,npm:@babel/plugin-transform-literals,npm:@babel/plugin-transform-function-name,npm:@babel/plugin-transform-shorthand-properties,npm:@babel/plugin-transform-block-scoped-functions,npm:@babel/plugin-transform-object-super,npm:@babel/plugin-transform-async-to-generator,npm:@babel/plugin-transform-property-literals,npm:@babel/plugin-transform-member-expression-literals,npm:@babel/plugin-transform-regenerator,npm:@babel/plugin-transform-modules-systemjs,npm:@babel/plugin-transform-unicode-regex,npm:@babel/plugin-syntax-private-property-in-object,npm:@babel/plugin-transform-sticky-regex,npm:@babel/plugin-transform-modules-amd,npm:@babel/plugin-transform-named-capturing-groups-regex,npm:@babel/plugin-transform-exponentiation-operator,npm:@babel/plugin-syntax-import-meta,npm:@babel/plugin-transform-typeof-symbol,npm:@babel/plugin-transform-modules-umd,npm:@babel/plugin-transform-duplicate-keys,npm:@babel/plugin-transform-new-target,npm:@babel/plugin-transform-optional-chaining,npm:@babel/plugin-transform-reserved-words,npm:babel-types,npm:@babel/plugin-transform-unicode-escapes,npm:@babel/plugin-proposal-object-rest-spread,npm:@babel/plugin-syntax-import-attributes,npm:@babel/plugin-syntax-export-namespace-from,npm:@babel/plugin-syntax-bigint,npm:@babel/plugin-proposal-class-properties,npm:@babel/plugin-transform-typescript,npm:@babel/plugin-transform-react-display-name,npm:@babel/plugin-bugfix-v8-spread-parameters-in-optional-chaining,npm:@babel/plugin-syntax-flow,npm:@babel/plugin-syntax-class-static-block,npm:@babel/plugin-proposal-unicode-property-regex,npm:@babel/plugin-syntax-dynamic-import,npm:@babel/plugin-proposal-optional-chaining,npm:@babel/plugin-proposal-nullish-coalescing-operator,npm:@babel/preset-typescript,npm:@babel/plugin-transform-runtime,npm:@babel/plugin-transform-private-methods,npm:@babel/plugin-transform-nullish-coalescing-operator,npm:@babel/plugin-bugfix-safari-id-destructuring-collision-in-function-expression,npm:@babel/plugin-transform-async-generator-functions,npm:@babel/plugin-transform-class-properties,npm:@babel/plugin-proposal-numeric-separator,npm:@babel/preset-react,npm:@babel/runtime-corejs3,npm:@babel/plugin-transform-object-rest-spread,npm:@babel/plugin-transform-private-property-in-object,npm:@babel/plugin-transform-logical-assignment-operators,npm:@babel/plugin-transform-numeric-separator,npm:@babel/plugin-transform-optional-catch-binding,npm:@babel/plugin-transform-export-namespace-from,npm:@babel/plugin-transform-class-static-block,npm:@babel/plugin-proposal-async-generator-functions,npm:@babel/plugin-transform-json-strings,npm:@babel/plugin-transform-dynamic-import,npm:@babel/plugin-transform-unicode-sets-regex,npm:@babel/plugin-transform-unicode-property-regex,npm:@babel/plugin-transform-react-jsx-development,npm:@babel/plugin-transform-react-pure-annotations,npm:@babel/plugin-proposal-optional-catch-binding,npm:@babel/plugin-proposal-private-methods,npm:@babel/plugin-syntax-import-assertions,npm:@babel/plugin-transform-flow-strip-types,npm:@babel/plugin-syntax-decorators,npm:@babel/plugin-bugfix-firefox-class-in-computed-class-key,npm:@babel/plugin-proposal-export-namespace-from,npm:@babel/plugin-bugfix-v8-static-class-fields-redefine-readonly,npm:babel-template,npm:@babel/plugin-proposal-decorators,npm:@babel/plugin-syntax-unicode-sets-regex,npm:@babel/plugin-transform-duplicate-named-capturing-groups-regex,npm:@babel/plugin-bugfix-safari-class-field-initializer-scope,npm:babel-traverse,npm:@babel/plugin-transform-react-jsx-source,npm:@babel/plugin-transform-react-jsx-self,npm:@babel/register,npm:babel-core,npm:babel-code-frame,npm:@babel/plugin-transform-regexp-modifiers,npm:@babel/plugin-transform-react-constant-elements,npm:@babel/eslint-parser,npm:babel-messages,npm:@babel/preset-flow,npm:babel-plugin-syntax-jsx,npm:babel-plugin-syntax-trailing-function-commas,npm:@babel/plugin-transform-explicit-resource-management,npm:@babel/plugin-proposal-export-default-from,npm:babel-plugin-syntax-object-rest-spread,npm:@babel/plugin-syntax-export-default-from,npm:babel-helper-function-name,npm:babel-generator,npm:babel-plugin-transform-es2015-modules-commonjs,npm:babel-plugin-transform-strict-mode,npm:babel-helper-get-function-arity,npm:babel-helper-regex,npm:@babel/cli,npm:babel-helper-hoist-variables,npm:babel-helper-replace-supers,npm:babel-plugin-transform-object-rest-spread,npm:babel-register,npm:babel-helpers,npm:babel-helper-optimise-call-expression,npm:babel-plugin-transform-es2015-modules-amd,npm:@babel/polyfill,npm:babel-helper-call-delegate,npm:babel-helper-explode-assignable-expression,npm:babel-plugin-syntax-async-functions,npm:babel-polyfill,npm:babel-helper-define-map,npm:babel-helper-builder-binary-assignment-operator-visitor,npm:babel-plugin-syntax-exponentiation-operator,npm:babel-helper-remap-async-to-generator,npm:babel-plugin-transform-es2015-block-scoping,npm:babel-plugin-transform-es2015-parameters,npm:babel-plugin-transform-es2015-destructuring,npm:babel-plugin-transform-es2015-function-name,npm:babel-plugin-check-es2015-constants,npm:babel-plugin-transform-es2015-spread,npm:babel-plugin-transform-regenerator,npm:babel-plugin-transform-es2015-classes,npm:babel-plugin-transform-es2015-arrow-functions,npm:babel-plugin-transform-es2015-template-literals,npm:babel-plugin-transform-es2015-shorthand-properties,npm:babel-plugin-transform-es2015-computed-properties,npm:babel-plugin-transform-es2015-for-of,npm:babel-plugin-transform-es2015-unicode-regex,npm:babel-plugin-transform-es2015-sticky-regex,npm:babel-plugin-transform-es2015-literals,npm:babel-plugin-transform-es2015-object-super,npm:babel-plugin-transform-es2015-block-scoped-functions,npm:babel-plugin-transform-es2015-typeof-symbol,npm:babel-plugin-transform-es2015-modules-systemjs,npm:babel-plugin-transform-es2015-duplicate-keys,npm:babel-plugin-transform-es2015-modules-umd,npm:babel-plugin-transform-exponentiation-operator,npm:babel-plugin-transform-async-to-generator,npm:babel-plugin-syntax-class-properties,npm:babel-plugin-transform-class-properties,npm:babel-plugin-syntax-dynamic-import,npm:@babel/plugin-transform-object-assign,npm:@babel/runtime-corejs2,npm:@babel/standalone,npm:babel-preset-es2015",2026-05-03T15:46:31+00:00
babel/babel-polyfills,190579283,0,,"npm:@babel/helper-define-polyfill-provider,npm:babel-plugin-polyfill-corejs3,npm:babel-plugin-polyfill-regenerator,npm:babel-plugin-polyfill-corejs2",2026-05-03T15:43:13+00:00
beatgammit/base64-js,2853282,0,,npm:base64-js,2026-05-03T15:43:10+00:00
benjaminp/six,77868600,0,,PyPI:six,2026-05-03T15:43:10+00:00
bincode-org/bincode,24130045,1,RUSTSEC-2025-0141,"crates.io:bincode,crates.io:bincode_derive",2026-05-03T15:43:11+00:00
bitflags/bitflags,29287955,0,,crates.io:bitflags,2026-05-03T15:43:11+00:00
blakeembrey/array-flatten,17789771,0,,npm:array-flatten,2026-05-03T15:43:11+00:00
blakeembrey/change-case,9440238,0,,"npm:no-case,npm:lower-case,npm:camel-case,npm:param-case,npm:dot-case,npm:pascal-case,npm:upper-case,npm:snake-case,npm:change-case,npm:upper-case-first,npm:constant-case,npm:title-case,npm:sentence-case,npm:path-case,npm:header-case,npm:swap-case,npm:capital-case,npm:is-lower-case,npm:is-upper-case,npm:lower-case-first,npm:sponge-case",2026-05-03T15:43:31+00:00
bluss/bencher,65987276,0,,crates.io:bencher,2026-05-03T15:43:11+00:00
boto/boto3,24774658,0,,PyPI:boto3,2026-05-03T15:43:12+00:00
boto/botocore,6670942,0,,PyPI:botocore,2026-05-03T15:43:12+00:00
boto/s3transfer,49535299,0,,PyPI:s3transfer,2026-05-03T15:43:12+00:00
braveg1rl/performance-now,336187529,0,,npm:performance-now,2026-05-03T15:43:12+00:00
brianc/node-postgres,991475,0,,"npm:pg-protocol,npm:pg-connection-string,npm:pg-pool,npm:pg,npm:pg-cloudflare",2026-05-03T15:43:16+00:00
brianloveswords/node-jwa,8116861,0,,npm:jwa,2026-05-03T15:43:12+00:00
broofa/mime,534940,0,,npm:mime,2026-05-03T15:43:12+00:00
broofa/node-int64,1208666,0,,npm:node-int64,2026-05-03T15:43:13+00:00
browserify/node-util,14568009,0,,npm:util,2026-05-03T15:43:13+00:00
browserify/resolve,1915099,0,,npm:resolve,2026-05-03T15:43:13+00:00
browserslist/browserslist,27971466,1,CVE-2021-23364,npm:browserslist,2026-05-03T15:43:13+00:00
browserslist/update-db,505548145,0,,npm:update-browserslist-db,2026-05-03T15:43:13+00:00
burntsushi/aho-corasick,37290678,0,,crates.io:aho-corasick,2026-05-03T15:43:13+00:00
burntsushi/jiff,759017108,0,,"crates.io:jiff,crates.io:jiff-tzdb,crates.io:jiff-static,crates.io:jiff-tzdb-platform,crates.io:jiff-icu",2026-05-03T15:43:18+00:00
burntsushi/memchr,37290652,0,,crates.io:memchr,2026-05-03T15:43:14+00:00
burntsushi/quickcheck,17559913,0,,"crates.io:quickcheck,crates.io:quickcheck_macros",2026-05-03T15:43:15+00:00
burntsushi/same-file,78375612,0,,crates.io:same-file,2026-05-03T15:43:14+00:00
burntsushi/termcolor,141345580,0,,crates.io:termcolor,2026-05-03T15:43:14+00:00
burntsushi/ucd-generate,123997498,0,,"crates.io:ucd-trie,crates.io:ucd-parse,crates.io:ucd-util",2026-05-03T15:43:16+00:00
burntsushi/walkdir,42685794,0,,crates.io:walkdir,2026-05-03T15:43:14+00:00
burntsushi/winapi-util,146040682,0,,crates.io:winapi-util,2026-05-03T15:43:14+00:00
businho/pytest-ruff,599731435,0,,PyPI:pytest-ruff,2026-05-03T15:43:15+00:00
bytecodealliance/rustix,295544240,1,CVE-2024-43806,crates.io:rustix,2026-05-03T15:43:15+00:00
bytecodealliance/wasi-rs,196445196,0,,"crates.io:wasip2,crates.io:wasi,crates.io:wasip3",2026-05-03T15:43:17+00:00
calvinmetcalf/minimalistic-assert,29144257,0,,npm:minimalistic-assert,2026-05-03T15:43:15+00:00
calvinmetcalf/process-nextick-args,36039131,0,,npm:process-nextick-args,2026-05-03T15:43:15+00:00
caolan/async,698041,1,CVE-2021-43138,npm:async,2026-05-03T15:43:15+00:00
certbot/certbot,26516210,0,,"PyPI:acme,PyPI:certbot-dns-cloudflare,PyPI:certbot",2026-05-03T15:43:18+00:00
certifi/python-certifi,3060959,3,"CVE-2022-23491,CVE-2023-37920,CVE-2024-39689",PyPI:certifi,2026-05-03T15:43:16+00:00
chaijs/type-detect,12107007,0,,npm:type-detect,2026-05-03T15:43:16+00:00
chalk/ansi-regex,20451415,2,"CVE-2021-3807,GHSA-jvhh-2m83-6w29",npm:ansi-regex,2026-05-03T15:43:16+00:00
chalk/ansi-styles,11803168,1,GHSA-p5rr-crjh-x7gr,npm:ansi-styles,2026-05-03T15:43:16+00:00
chalk/chalk,11855195,1,GHSA-2v46-p5h4-248w,npm:chalk,2026-05-03T15:43:16+00:00
chalk/slice-ansi,43191689,1,GHSA-9xjj-cmqc-578p,npm:slice-ansi,2026-05-03T15:43:16+00:00
chalk/strip-ansi,15014856,1,GHSA-vfjc-p7x3-q864,npm:strip-ansi,2026-05-03T15:43:17+00:00
chalk/supports-color,11855007,1,GHSA-pj3j-3w3f-j752,npm:supports-color,2026-05-03T15:43:17+00:00
chalk/wrap-ansi,41053676,1,GHSA-2rv4-jp6r-xgq7,npm:wrap-ansi,2026-05-03T15:43:17+00:00
chalker/safer-buffer,125825141,0,,npm:safer-buffer,2026-05-03T15:43:17+00:00
chardet/chardet,5196969,0,,PyPI:chardet,2026-05-03T15:43:17+00:00
cheeriojs/dom-serializer,18991884,0,,npm:dom-serializer,2026-05-03T15:43:17+00:00
chicoxyzzy/node-releases,73765596,0,,npm:node-releases,2026-05-03T15:43:17+00:00
chronotope/chrono,18210201,0,,crates.io:chrono,2026-05-03T15:43:17+00:00
chronotope/humantime,59320323,0,,crates.io:humantime,2026-05-03T15:43:18+00:00
clap-rs/clap,31315121,0,,"crates.io:clap,crates.io:clap_derive,crates.io:clap_lex,crates.io:clap_builder,crates.io:clap_complete,crates.io:clap_mangen,crates.io:clap_complete_nushell,crates.io:clap_complete_fig",2026-05-03T15:43:25+00:00
cloudflare/cloudflare-python,753271547,0,,PyPI:cloudflare,2026-05-03T15:43:18+00:00
colinhacks/zod,245704608,1,CVE-2023-4316,npm:zod,2026-05-03T15:43:18+00:00
colorjs/color-name,27038309,1,CVE-2025-59145,npm:color-name,2026-05-03T15:43:18+00:00
comex/rust-shlex,37886228,1,CVE-2024-58266,crates.io:shlex,2026-05-03T15:43:18+00:00
component/escape-html,5444800,0,,npm:escape-html,2026-05-03T15:43:18+00:00
component/toidentifier,114743189,0,,npm:toidentifier,2026-05-03T15:43:18+00:00
conventional-changelog/commitlint,51575745,0,,"npm:@commitlint/types,npm:@commitlint/load,npm:@commitlint/resolve-extends,npm:@commitlint/execute-rule,npm:@commitlint/ensure,npm:@commitlint/message,npm:@commitlint/to-lines,npm:@commitlint/is-ignored,npm:@commitlint/parse,npm:@commitlint/rules,npm:@commitlint/top-level,npm:@commitlint/config-validator,npm:@commitlint/lint,npm:@commitlint/format,npm:@commitlint/read,npm:@commitlint/cli",2026-05-03T15:43:33+00:00
conventional-changelog/conventional-changelog,15639771,1,CVE-2025-59433,"npm:conventional-commits-parser,npm:conventional-changelog-angular,npm:git-raw-commits,npm:conventional-commits-filter,npm:conventional-changelog-writer,npm:@conventional-changelog/git-client,npm:conventional-changelog-conventionalcommits,npm:conventional-changelog-preset-loader,npm:git-semver-tags,npm:conventional-changelog-core,npm:conventional-recommended-bump,npm:conventional-changelog,npm:conventional-changelog-eslint,npm:conventional-changelog-jquery,npm:conventional-changelog-atom,npm:conventional-changelog-jshint,npm:conventional-changelog-ember,npm:conventional-changelog-codemirror,npm:conventional-changelog-express",2026-05-03T15:43:37+00:00
cosmiconfig/cosmiconfig,45750507,0,,npm:cosmiconfig,2026-05-03T15:43:19+00:00
coveragepy/coveragepy,138421996,0,,PyPI:coverage,2026-05-03T15:43:19+00:00
cpburnz/python-pathspec,14648551,0,,PyPI:pathspec,2026-05-03T15:43:19+00:00
criterion-rs/criterion.rs,1081104682,0,,"crates.io:criterion,crates.io:criterion-plot",2026-05-03T15:43:20+00:00
crossbeam-rs/crossbeam,35566048,9,"CVE-2018-20996,CVE-2020-15254,CVE-2021-32810,CVE-2022-23639,CVE-2025-4574,GHSA-6888-wf7j-34jq,GHSA-8gj8-hv75-gp94,GHSA-9g55-pg62-m8hh,GHSA-rwf4-gx62-rqfw","crates.io:crossbeam-utils,crates.io:crossbeam-deque,crates.io:crossbeam-epoch,crates.io:crossbeam-channel,crates.io:crossbeam-queue,crates.io:crossbeam,crates.io:crossbeam-skiplist",2026-05-03T15:43:25+00:00
crypto-browserify/randombytes,29300004,0,,npm:randombytes,2026-05-03T15:43:19+00:00
css-modules/icss-utils,42766912,0,,npm:icss-utils,2026-05-03T15:43:19+00:00
cssnano/cssnano,33943153,0,,"npm:cssnano-utils,npm:cssnano-preset-default,npm:stylehacks,npm:cssnano,npm:postcss-discard-duplicates,npm:postcss-merge-rules,npm:postcss-svgo,npm:postcss-merge-longhand,npm:postcss-minify-selectors,npm:postcss-colormin,npm:postcss-reduce-initial,npm:postcss-minify-params,npm:postcss-discard-comments,npm:postcss-convert-values,npm:postcss-ordered-values,npm:postcss-discard-empty,npm:postcss-minify-gradients,npm:postcss-unique-selectors,npm:postcss-normalize-url,npm:postcss-reduce-transforms,npm:postcss-normalize-charset,npm:postcss-discard-overridden,npm:postcss-minify-font-values,npm:postcss-normalize-unicode,npm:postcss-normalize-positions,npm:postcss-normalize-repeat-style,npm:postcss-normalize-whitespace,npm:postcss-normalize-string,npm:postcss-normalize-display-values,npm:postcss-normalize-timing-functions,npm:cssnano-util-get-match,npm:cssnano-util-get-arguments,npm:cssnano-util-raw-cache,npm:cssnano-util-same-parent,npm:postcss-discard-unused,npm:postcss-zindex,npm:postcss-reduce-idents,npm:postcss-merge-idents",2026-05-03T15:43:56+00:00
csstools/postcss-plugins,219192307,0,,"npm:@csstools/utilities,npm:@csstools/css-tokenizer,npm:@csstools/css-parser-algorithms,npm:@csstools/selector-specificity,npm:@csstools/css-calc,npm:@csstools/postcss-progressive-custom-properties,npm:@csstools/css-color-parser,npm:@csstools/color-helpers,npm:postcss-nesting,npm:postcss-custom-properties,npm:postcss-custom-media,npm:postcss-selector-not,npm:postcss-custom-selectors,npm:postcss-pseudo-class-any-link,npm:postcss-attribute-case-insensitive,npm:postcss-color-rebeccapurple,npm:postcss-preset-env,npm:postcss-color-hex-alpha,npm:@csstools/css-syntax-patches-for-csstree,npm:postcss-color-functional-notation,npm:postcss-dir-pseudo-class,npm:postcss-lab-function,npm:postcss-focus-visible,npm:postcss-logical,npm:postcss-gap-properties,npm:postcss-image-set-function,npm:postcss-place,npm:postcss-overflow-shorthand,npm:postcss-double-position-gradients,npm:postcss-focus-within,npm:css-has-pseudo,npm:css-blank-pseudo,npm:css-prefers-color-scheme,npm:postcss-env-function,npm:@csstools/cascade-layer-name-parser,npm:@csstools/media-query-list-parser,npm:postcss-browser-comments,npm:@csstools/postcss-is-pseudo-class,npm:@csstools/postcss-hwb-function,npm:@csstools/postcss-normalize-display-values,npm:@csstools/postcss-font-format-keywords,npm:@csstools/postcss-oklab-function,npm:@csstools/postcss-color-function,npm:@csstools/postcss-ic-unit,npm:@csstools/postcss-stepped-value-functions,npm:@csstools/postcss-unset-value,npm:@csstools/postcss-cascade-layers,npm:@csstools/selector-resolve-nested,npm:@csstools/postcss-trigonometric-functions,npm:@csstools/postcss-text-decoration-shorthand,npm:@csstools/postcss-nested-calc,npm:@csstools/postcss-media-minmax,npm:@csstools/postcss-logical-viewport-units,npm:@csstools/postcss-logical-resize,npm:@csstools/postcss-logical-float-and-clear,npm:@csstools/postcss-color-mix-function,npm:@csstools/postcss-relative-color-syntax,npm:@csstools/postcss-light-dark-function,npm:@csstools/postcss-media-queries-aspect-ratio-number-values,npm:@csstools/postcss-exponential-functions,npm:@csstools/postcss-scope-pseudo-class,npm:@csstools/postcss-gradients-interpolation-method,npm:@csstools/postcss-initial,npm:@csstools/postcss-gamut-mapping,npm:@csstools/postcss-logical-overscroll-behavior,npm:@csstools/postcss-content-alt-text,npm:@csstools/postcss-logical-overflow,npm:@csstools/postcss-sign-functions,npm:@csstools/postcss-random-function,npm:@csstools/postcss-color-mix-variadic-function-arguments,npm:@csstools/postcss-color-function-display-p3-linear,npm:@csstools/postcss-alpha-function,npm:@csstools/postcss-contrast-color-function,npm:@csstools/postcss-position-area-property,npm:@csstools/postcss-system-ui-font-family,npm:@csstools/postcss-syntax-descriptor-syntax-production,npm:@csstools/postcss-property-rule-prelude-list,npm:@csstools/postcss-mixins,npm:@csstools/postcss-font-width-property",2026-05-03T15:44:38+00:00
csstree/csstree,67236461,0,,npm:css-tree,2026-05-03T15:43:20+00:00
cuviper/autocfg,135481335,0,,crates.io:autocfg,2026-05-03T15:43:20+00:00
daaku/nodejs-makeerror,2097803,0,,npm:makeerror,2026-05-03T15:43:20+00:00
daaku/nodejs-tmpl,2171213,1,CVE-2021-3777,npm:tmpl,2026-05-03T15:43:20+00:00
dateutil/dateutil,26876372,0,,PyPI:python-dateutil,2026-05-03T15:43:21+00:00
davepacheco/node-extsprintf,4058064,0,,npm:extsprintf,2026-05-03T15:43:21+00:00
davidhalter/parso,90668463,0,,PyPI:parso,2026-05-03T15:43:21+00:00
davisjam/safe-regex,90781457,0,,npm:safe-regex,2026-05-03T15:43:21+00:00
dchest/tweetnacl-js,15649752,0,,npm:tweetnacl,2026-05-03T15:43:21+00:00
dcodeio/long.js,8678904,0,,"npm:@xtuc/long,npm:long",2026-05-03T15:43:23+00:00
dcodeio/protobuf.js,8507859,0,,"npm:@protobufjs/inquire,npm:@protobufjs/aspromise,npm:@protobufjs/float,npm:@protobufjs/fetch,npm:@protobufjs/utf8,npm:@protobufjs/pool,npm:@protobufjs/path,npm:@protobufjs/eventemitter,npm:@protobufjs/base64,npm:@protobufjs/codegen",2026-05-03T15:43:31+00:00
debug-js/debug,2871998,2,"CVE-2017-20165,CVE-2025-59144",npm:debug,2026-05-03T15:43:22+00:00
definitelytyped/definitelytyped,6093316,0,,"npm:@types/node,npm:@types/unist,npm:@types/estree,npm:@types/istanbul-lib-coverage,npm:@types/json-schema,npm:@types/yargs-parser,npm:@types/yargs,npm:@types/istanbul-lib-report,npm:@types/babel__core,npm:@types/istanbul-reports,npm:@types/mdast,npm:@types/babel__traverse,npm:@types/express-serve-static-core,npm:@types/babel__generator,npm:@types/babel__template,npm:@types/react,npm:@types/hast,npm:@types/connect,npm:@types/express,npm:@types/stack-utils,npm:@types/qs,npm:@types/serve-static,npm:@types/normalize-package-data,npm:@types/body-parser,npm:@types/range-parser,npm:@types/http-errors,npm:@types/lodash,npm:@types/jest,npm:@types/graceful-fs,npm:@types/json5,npm:@types/ms,npm:@types/minimatch,npm:@types/prop-types,npm:@types/eslint,npm:@types/esrecurse,npm:@types/send,npm:@types/ws,npm:@types/glob,npm:@types/react-dom,npm:@types/semver,npm:@types/trusted-types,npm:@types/prettier,npm:@types/uuid,npm:@types/eslint-scope,npm:@types/yauzl,npm:@types/aria-query,npm:@types/html-minifier-terser,npm:@types/tough-cookie,npm:@types/http-proxy,npm:@types/q,npm:@types/geojson,npm:@types/retry,npm:@types/http-cache-semantics,npm:@types/node-fetch,npm:@types/minimist,npm:@types/resolve,npm:@types/sinonjs__fake-timers,npm:@types/debug,npm:@types/d3-time,npm:@types/d3-path,npm:@types/react-transition-group,npm:@types/d3-color,npm:@types/hoist-non-react-statics,npm:@types/d3-selection,npm:@types/jsonwebtoken,npm:@types/readable-stream,npm:@types/cors,npm:@types/source-list-map,npm:@types/connect-history-api-fallback,npm:@types/responselike,npm:@types/mdx,npm:@types/bonjour,npm:@types/serve-index,npm:@types/sockjs,npm:@types/webpack,npm:@types/triple-beam,npm:@types/jsdom,npm:@types/chai,npm:@types/webidl-conversions,npm:@types/use-sync-external-store,npm:@types/sizzle,npm:@types/webpack-sources,npm:@types/pg,npm:@types/superagent,npm:@types/validator,npm:@types/caseless,npm:@types/d3-interpolate,npm:@types/fs-extra,npm:@types/d3-shape,npm:@types/cookiejar,npm:@types/d3-scale,npm:@types/whatwg-url,npm:@types/react-router,npm:@types/estree-jsx,npm:@types/d3-array,npm:@types/js-yaml,npm:@types/request,npm:@types/deep-eql,npm:@types/zen-observable,npm:@types/webpack-env,npm:@types/methods,npm:@types/mdurl,npm:@types/koa,npm:@types/linkify-it,npm:@types/luxon,npm:@types/d3-timer,npm:@types/doctrine,npm:@types/d3-ease,npm:@types/mocha,npm:@types/through,npm:@types/jsonfile,npm:@types/react-router-dom,npm:@types/aws-lambda,npm:@types/supertest,npm:@types/js-cookie,npm:@types/keygrip,npm:@types/accepts,npm:@types/sinon,npm:@types/d3-dsv,npm:@types/set-cookie-parser,npm:@types/markdown-it,npm:@types/react-test-renderer,npm:@types/mysql,npm:@types/inquirer,npm:@types/google.maps,npm:@types/cookies,npm:@types/content-disposition,npm:@types/ejs,npm:@types/mime-types,npm:@types/hammerjs,npm:@types/http-assert,npm:@types/koa-compose,npm:@types/styled-components,npm:@types/jquery,npm:@types/tmp,npm:@types/prismjs,npm:@types/warning,npm:@types/d3-time-format,npm:@types/emscripten,npm:@types/selenium-webdriver,npm:@types/argparse,npm:@types/bluebird,npm:@types/pg-pool,npm:@types/d3-format,npm:@types/d3-zoom,npm:@types/d3-scale-chromatic,npm:@types/d3-transition,npm:@types/reach__router,npm:@types/d3-geo,npm:@types/readdir-glob,npm:@types/d3-hierarchy,npm:@types/d3,npm:@types/which,npm:@types/stylis,npm:@types/bn.js,npm:@types/d3-drag,npm:@types/lodash-es,npm:@types/d3-random,npm:@types/d3-delaunay,npm:@types/multer,npm:@types/d3-force,npm:@types/d3-axis,npm:@types/d3-dispatch,npm:@types/d3-brush,npm:@types/raf,npm:@types/d3-chord,npm:@types/d3-quadtree,npm:@types/d3-polygon,npm:@types/d3-fetch,npm:@types/d3-contour,npm:@types/statuses,npm:@types/ramda,npm:@types/web-bluetooth,npm:@types/bunyan,npm:@types/crypto-js,npm:@types/papaparse,npm:@types/pako,npm:@types/ua-parser-js,npm:@types/duplexify,npm:@types/invariant,npm:@types/pluralize,npm:@types/ssh2,npm:@types/archiver,npm:@types/concat-stream,npm:@types/vinyl,npm:@types/cls-hooked,npm:@types/react-reconciler,npm:@types/babel-types,npm:@types/tinycolor2,npm:@types/lodash.debounce,npm:@types/offscreencanvas,npm:@types/sax,npm:@types/esquery,npm:@types/buffer-from,npm:@types/picomatch,npm:@types/symlink-or-copy,npm:@types/command-line-args,npm:@types/supercluster,npm:@types/pbf,npm:@types/bezier-js,npm:@types/command-line-usage,npm:@types/geojson-vt",2026-05-03T15:46:43+00:00
django/asgiref,48501860,0,,PyPI:asgiref,2026-05-03T15:43:22+00:00
djc/rustc-version-rs,41272773,0,,crates.io:rustc_version,2026-05-03T15:43:23+00:00
dmitrysoshnikov/regexp-tree,85459304,0,,npm:regexp-tree,2026-05-03T15:43:23+00:00
dominictarr/through,4885140,0,,npm:through,2026-05-03T15:43:24+00:00
doowb/ansi-colors,47135420,0,,npm:ansi-colors,2026-05-03T15:43:24+00:00
douglasdwyer/wasm_sync,668034655,0,,crates.io:wasm_sync,2026-05-03T15:43:24+00:00
dougwilson/nodejs-depd,20848667,0,,npm:depd,2026-05-03T15:43:25+00:00
dtolnay/anyhow,212936374,0,,crates.io:anyhow,2026-05-03T15:43:25+00:00
dtolnay/automod,173074854,0,,crates.io:automod,2026-05-03T15:43:25+00:00
dtolnay/dissimilar,229514821,0,,crates.io:dissimilar,2026-05-03T15:43:26+00:00
dtolnay/indoc,54252316,0,,"crates.io:indoc,crates.io:unindent,crates.io:indoc-impl",2026-05-03T15:43:28+00:00
dtolnay/itoa,61962375,0,,crates.io:itoa,2026-05-03T15:43:26+00:00
dtolnay/no-panic,143469762,0,,crates.io:no-panic,2026-05-03T15:43:26+00:00
dtolnay/paste,155652490,1,RUSTSEC-2024-0436,"crates.io:paste,crates.io:paste-test-suite,crates.io:paste-impl",2026-05-03T15:43:28+00:00
dtolnay/proc-macro2,91860126,0,,crates.io:proc-macro2,2026-05-03T15:43:27+00:00
dtolnay/quote,67273122,0,,crates.io:quote,2026-05-03T15:43:27+00:00
dtolnay/ref-cast,106295902,0,,"crates.io:ref-cast,crates.io:ref-cast-impl,crates.io:ref-cast-test-suite",2026-05-03T15:43:29+00:00
dtolnay/rustversion,183990447,0,,crates.io:rustversion,2026-05-03T15:43:28+00:00
dtolnay/ryu,142720484,0,,crates.io:ryu,2026-05-03T15:43:28+00:00
dtolnay/semver,22432442,0,,crates.io:semver,2026-05-03T15:43:28+00:00
dtolnay/syn,67305738,0,,"crates.io:syn,crates.io:syn-test-suite,crates.io:synom",2026-05-03T15:43:30+00:00
dtolnay/target-triple,734167706,0,,crates.io:target-triple,2026-05-03T15:43:28+00:00
dtolnay/thiserror,213836768,0,,"crates.io:thiserror,crates.io:thiserror-impl",2026-05-03T15:43:30+00:00
dtolnay/trybuild,184941159,0,,crates.io:trybuild,2026-05-03T15:43:29+00:00
dtolnay/unicode-ident,492639579,0,,crates.io:unicode-ident,2026-05-03T15:43:29+00:00
eemeli/yaml,119439276,1,CVE-2023-2251,npm:yaml,2026-05-03T15:43:29+00:00
ehmicky/human-signals,214467546,0,,npm:human-signals,2026-05-03T15:43:29+00:00
eliben/pycparser,10589864,0,,PyPI:pycparser,2026-05-03T15:43:29+00:00
emotion-js/emotion,92570536,0,,"npm:@emotion/memoize,npm:@emotion/utils,npm:@emotion/unitless,npm:@emotion/hash,npm:@emotion/serialize,npm:@emotion/is-prop-valid,npm:@emotion/sheet,npm:@emotion/cache,npm:@emotion/weak-memoize,npm:@emotion/use-insertion-effect-with-fallbacks,npm:@emotion/babel-plugin,npm:@emotion/react,npm:@emotion/styled,npm:@emotion/css,npm:babel-plugin-emotion,npm:@emotion/core,npm:emotion-theming",2026-05-03T15:43:46+00:00
encode/httpcore,237210639,0,,PyPI:httpcore,2026-05-03T15:43:30+00:00
encode/httpx,179492861,1,CVE-2021-41945,PyPI:httpx,2026-05-03T15:43:30+00:00
epoberezkin/ajv-keywords,60477053,0,,npm:ajv-keywords,2026-05-03T15:43:30+00:00
epoberezkin/fast-deep-equal,94483360,0,,npm:fast-deep-equal,2026-05-03T15:43:30+00:00
epoberezkin/fast-json-stable-stringify,108103016,0,,npm:fast-json-stable-stringify,2026-05-03T15:43:30+00:00
epoberezkin/json-schema-traverse,93333933,0,,npm:json-schema-traverse,2026-05-03T15:43:30+00:00
es-shims/array-includes,28753032,0,,npm:array-includes,2026-05-03T15:43:31+00:00
es-shims/dunder-proto,898274312,0,,npm:dunder-proto,2026-05-03T15:43:31+00:00
es-shims/es-set-tostringtag,580683868,0,,npm:es-set-tostringtag,2026-05-03T15:43:31+00:00
es-shims/math-intrinsics,902014040,0,,npm:math-intrinsics,2026-05-03T15:43:31+00:00
es-shims/object.values,41723335,0,,npm:object.values,2026-05-03T15:43:31+00:00
es-shims/regexp.prototype.flags,26932422,0,,npm:regexp.prototype.flags,2026-05-03T15:43:32+00:00
es-shims/string.prototype.trimend,114682758,0,,npm:string.prototype.trimend,2026-05-03T15:43:31+00:00
es-shims/string.prototype.trimstart,114682105,0,,npm:string.prototype.trimstart,2026-05-03T15:43:31+00:00
eslint-community/eslint-utils,568240379,0,,npm:@eslint-community/eslint-utils,2026-05-03T15:43:32+00:00
eslint/doctrine,4286644,0,,npm:doctrine,2026-05-03T15:43:32+00:00
eslint/eslint,11061773,0,,"npm:eslint,npm:@eslint/js",2026-05-03T15:43:33+00:00
eslint/js,27620277,0,,"npm:eslint-visitor-keys,npm:eslint-scope,npm:espree",2026-05-03T15:43:34+00:00
eslint/rewrite,791446923,2,"CVE-2024-21539,GHSA-xffm-g5w8-qvg7","npm:@eslint/core,npm:@eslint/config-helpers,npm:@eslint/object-schema,npm:@eslint/config-array,npm:@eslint/plugin-kit,npm:@eslint/compat",2026-05-03T15:43:37+00:00
estools/escodegen,3611422,0,,npm:escodegen,2026-05-03T15:43:32+00:00
estools/esquery,11412938,0,,npm:esquery,2026-05-03T15:43:32+00:00
estools/esrecurse,27429822,0,,npm:esrecurse,2026-05-03T15:43:32+00:00
estools/estraverse,6145439,0,,npm:estraverse,2026-05-03T15:43:32+00:00
estools/esutils,14677293,0,,npm:esutils,2026-05-03T15:43:33+00:00
ethers-io/ethers.js,63465664,0,,"npm:@ethersproject/logger,npm:@ethersproject/bytes,npm:@ethersproject/bignumber,npm:@ethersproject/properties,npm:@ethersproject/constants,npm:@ethersproject/keccak256,npm:@ethersproject/strings,npm:@ethersproject/address,npm:@ethersproject/rlp,npm:ethers,npm:@ethersproject/base64,npm:@ethersproject/networks,npm:@ethersproject/transactions,npm:@ethersproject/abstract-provider,npm:@ethersproject/web,npm:@ethersproject/abi,npm:@ethersproject/signing-key,npm:@ethersproject/hash,npm:@ethersproject/abstract-signer",2026-05-03T15:43:51+00:00
evanw/esbuild,61137153,1,GHSA-67mh-4wv8-2f99,"npm:esbuild,npm:esbuild-linux-64,npm:esbuild-wasm,npm:esbuild-windows-64,npm:esbuild-darwin-64,npm:esbuild-linux-arm64,npm:esbuild-darwin-arm64,npm:esbuild-windows-32,npm:esbuild-linux-arm,npm:esbuild-windows-arm64,npm:esbuild-linux-ppc64le,npm:esbuild-linux-32,npm:esbuild-sunos-64,npm:esbuild-freebsd-64,npm:esbuild-openbsd-64,npm:esbuild-linux-mips64le,npm:esbuild-freebsd-arm64,npm:esbuild-android-arm64,npm:esbuild-netbsd-64,npm:esbuild-linux-riscv64,npm:esbuild-android-64,npm:esbuild-linux-s390x",2026-05-03T15:43:54+00:00
evanw/node-source-map-support,7682781,0,,npm:source-map-support,2026-05-03T15:43:33+00:00
eventualbuddha/lines-and-columns,47284288,0,,npm:lines-and-columns,2026-05-03T15:43:33+00:00
executablebooks/markdown-it-py,249956697,2,"CVE-2023-26302,CVE-2023-26303",PyPI:markdown-it-py,2026-05-03T15:43:33+00:00
executablebooks/mdurl,387293763,0,,PyPI:mdurl,2026-05-03T15:43:32+00:00
exodusoss/bytes,885154008,0,,npm:@exodus/bytes,2026-05-03T15:43:33+00:00
expressjs/body-parser,15669006,2,"CVE-2024-45590,CVE-2025-13466",npm:body-parser,2026-05-03T15:43:34+00:00
expressjs/serve-static,17464338,1,CVE-2024-43800,npm:serve-static,2026-05-03T15:43:34+00:00
facebook/create-react-app,63537249,1,CVE-2021-24033,"npm:confusing-browser-globals,npm:react-error-overlay,npm:react-dev-utils,npm:eslint-config-react-app,npm:babel-preset-react-app,npm:babel-plugin-named-asset-import,npm:react-app-polyfill,npm:react-scripts",2026-05-03T15:43:41+00:00
facebook/metro,76504246,0,,"npm:metro-source-map,npm:metro-core,npm:metro-resolver,npm:ob1,npm:metro-symbolicate,npm:metro,npm:metro-cache,npm:metro-runtime,npm:metro-babel-transformer,npm:metro-config,npm:metro-transform-plugins,npm:metro-cache-key,npm:metro-react-native-babel-preset,npm:metro-transform-worker,npm:metro-file-map,npm:metro-minify-terser,npm:metro-react-native-babel-transformer,npm:metro-minify-uglify,npm:metro-inspector-proxy",2026-05-03T15:43:52+00:00
facebook/prop-types,87597642,0,,npm:prop-types,2026-05-03T15:43:34+00:00
facebook/react,10270250,1,CVE-2023-5654,"npm:react-is,npm:scheduler,npm:react,npm:react-dom,npm:use-sync-external-store,npm:eslint-plugin-react-hooks,npm:react-refresh,npm:react-test-renderer,npm:react-devtools-core,npm:create-react-class,npm:react-reconciler,npm:use-subscription",2026-05-03T15:43:45+00:00
facebook/regenerator,13346571,0,,"npm:regenerator-runtime,npm:regenerator-transform",2026-05-03T15:43:35+00:00
facebook/watchman,6930489,0,,"npm:bser,npm:fb-watchman",2026-05-03T15:43:36+00:00
facelessuser/soupsieve,160789418,0,,PyPI:soupsieve,2026-05-03T15:43:36+00:00
fastify/fast-uri,419317518,0,,npm:fast-uri,2026-05-03T15:43:35+00:00
faye/websocket-driver-node,9733816,0,,npm:websocket-driver,2026-05-03T15:43:35+00:00
fb55/boolbase,16864585,0,,npm:boolbase,2026-05-03T15:43:36+00:00
fb55/css-select,3411063,0,,npm:css-select,2026-05-03T15:43:36+00:00
fb55/css-what,4460687,2,"CVE-2021-33587,CVE-2022-21222",npm:css-what,2026-05-03T15:43:36+00:00
fb55/domelementtype,6627835,0,,npm:domelementtype,2026-05-03T15:43:37+00:00
fb55/domhandler,5414232,0,,npm:domhandler,2026-05-03T15:43:37+00:00
fb55/domutils,6627949,0,,npm:domutils,2026-05-03T15:43:36+00:00
fb55/entities,3172629,0,,npm:entities,2026-05-03T15:43:37+00:00
fb55/htmlparser2,2279062,0,,npm:htmlparser2,2026-05-03T15:43:37+00:00
fb55/nth-check,16864923,1,CVE-2021-3803,npm:nth-check,2026-05-03T15:43:37+00:00
felixge/node-combined-stream,1787452,0,,npm:combined-stream,2026-05-03T15:43:38+00:00
felixge/node-delayed-stream,1783893,0,,npm:delayed-stream,2026-05-03T15:43:38+00:00
feross/buffer,14494363,0,,npm:buffer,2026-05-03T15:43:38+00:00
feross/ieee754,15489525,0,,"npm:ieee754,npm:@xtuc/ieee754",2026-05-03T15:43:39+00:00
feross/is-buffer,25997846,0,,npm:is-buffer,2026-05-03T15:43:38+00:00
feross/queue-microtask,207021895,0,,npm:queue-microtask,2026-05-03T15:43:38+00:00
feross/run-parallel,18700638,0,,npm:run-parallel,2026-05-03T15:43:38+00:00
feross/safe-buffer,49538897,0,,npm:safe-buffer,2026-05-03T15:43:39+00:00
firebase/firebase-js-sdk,89290483,2,"CVE-2020-7765,CVE-2024-11023","npm:@firebase/util,npm:@firebase/component,npm:@firebase/logger,npm:@firebase/app-types,npm:@firebase/database-types,npm:@firebase/auth-interop-types,npm:@firebase/database,npm:@firebase/installations,npm:@firebase/app-check-interop-types,npm:@firebase/database-compat,npm:@firebase/app,npm:@firebase/auth,npm:@firebase/messaging,npm:@firebase/firestore,npm:@firebase/storage,npm:@firebase/functions,npm:@firebase/analytics,npm:@firebase/webchannel-wrapper,npm:@firebase/performance,npm:@firebase/firestore-types,npm:@firebase/remote-config,npm:@firebase/auth-types,npm:@firebase/storage-types,npm:@firebase/functions-types,npm:@firebase/analytics-types,npm:@firebase/performance-types,npm:firebase,npm:@firebase/remote-config-types,npm:@firebase/messaging-interop-types,npm:@firebase/installations-types,npm:@firebase/app-check,npm:@firebase/app-check-types,npm:@firebase/app-compat,npm:@firebase/firestore-compat,npm:@firebase/auth-compat,npm:@firebase/functions-compat,npm:@firebase/messaging-compat,npm:@firebase/storage-compat,npm:@firebase/app-check-compat,npm:@firebase/performance-compat,npm:@firebase/analytics-compat,npm:@firebase/remote-config-compat,npm:@firebase/installations-compat,npm:@firebase/data-connect,npm:@firebase/ai",2026-05-03T15:44:23+00:00
fitzgen/glob-to-regexp,11461122,0,,npm:glob-to-regexp,2026-05-03T15:43:39+00:00
floatdrop/require-from-string,39301848,0,,npm:require-from-string,2026-05-03T15:43:39+00:00
floating-ui/floating-ui,54994103,0,,"npm:@floating-ui/utils,npm:@floating-ui/dom,npm:@floating-ui/core,npm:@floating-ui/react-dom,npm:@floating-ui/react",2026-05-03T15:43:43+00:00
follow-redirects/follow-redirects,6697086,4,"CVE-2022-0155,CVE-2022-0536,CVE-2023-26159,CVE-2024-28849",npm:follow-redirects,2026-05-03T15:43:39+00:00
form-data/form-data,1755793,1,CVE-2025-7783,npm:form-data,2026-05-03T15:43:40+00:00
formatjs/formatjs,19117456,0,,"npm:@formatjs/fast-memoize,npm:@formatjs/ecma402-abstract,npm:@formatjs/intl-localematcher,npm:@formatjs/icu-skeleton-parser,npm:@formatjs/icu-messageformat-parser,npm:intl-messageformat,npm:@formatjs/bigdecimal,npm:intl-messageformat-parser,npm:react-intl,npm:@formatjs/intl",2026-05-03T15:43:49+00:00
frenic/csstype,104001328,0,,npm:csstype,2026-05-03T15:43:40+00:00
frommi/miniz_oxide,96124162,0,,crates.io:miniz_oxide,2026-05-03T15:43:40+00:00
fsevents/fsevents,1402936,2,"CVE-2023-45311,GHSA-xv2f-5jw4-v95m",npm:fsevents,2026-05-03T15:43:40+00:00
fsspec/filesystem_spec,130727736,0,,PyPI:fsspec,2026-05-03T15:43:40+00:00
fsspec/s3fs,53987953,0,,PyPI:s3fs,2026-05-03T15:43:40+00:00
garycourt/uri-js,989080,0,,npm:uri-js,2026-05-03T15:43:41+00:00
getsentry/sentry-javascript,3328572,3,"CVE-2025-65944,GHSA-593m-55hh-j8gv,GHSA-r5w7-f542-q2j4","npm:@sentry/core,npm:@sentry/types,npm:@sentry/utils,npm:@sentry-internal/browser-utils,npm:@sentry-internal/replay,npm:@sentry/browser,npm:@sentry-internal/replay-canvas,npm:@sentry/node,npm:@sentry-internal/feedback,npm:@sentry/react,npm:@sentry/integrations,npm:@sentry/opentelemetry,npm:@sentry/node-core",2026-05-03T15:43:53+00:00
giampaolo/psutil,20101515,0,,PyPI:psutil,2026-05-03T15:43:41+00:00
gitoxidelabs/gitoxide,136510559,11,"CVE-2023-53158,CVE-2024-32884,CVE-2024-35186,CVE-2024-35197,CVE-2024-40644,CVE-2024-45305,CVE-2024-45405,CVE-2025-22620,CVE-2025-31130,CVE-2026-0810,GHSA-cx7h-h87r-jpgr","crates.io:gix-path,crates.io:gix-error,crates.io:gix-hash,crates.io:gix-features,crates.io:gix-trace,crates.io:gix-utils,crates.io:gix-validate,crates.io:gix-object,crates.io:gix-date,crates.io:gix-fs,crates.io:gix-glob,crates.io:gix-tempfile,crates.io:gix-hashtable,crates.io:gix-config-value,crates.io:gix-quote,crates.io:gix-actor,crates.io:gix-sec,crates.io:gix-lock,crates.io:gix-commitgraph,crates.io:gix-ref,crates.io:gix-config,crates.io:gix-revwalk,crates.io:gix-command,crates.io:gix-url,crates.io:gix-attributes,crates.io:gix-index,crates.io:gix-traverse,crates.io:gix-refspec,crates.io:gix-chunk,crates.io:gix-revision,crates.io:gix-diff,crates.io:gix-pack,crates.io:gix,crates.io:gix-worktree,crates.io:gix-discover,crates.io:gix-pathspec,crates.io:gix-odb,crates.io:gix-ignore,crates.io:gix-packetline,crates.io:gix-filter,crates.io:gix-bitmap,crates.io:gix-transport,crates.io:gix-credentials,crates.io:gix-prompt,crates.io:gix-protocol,crates.io:gix-negotiate,crates.io:gix-submodule,crates.io:gix-packetline-blocking,crates.io:gix-shallow,crates.io:gix-worktree-state,crates.io:gix-dir,crates.io:gix-mailmap,crates.io:gix-status,crates.io:gix-worktree-stream,crates.io:gix-archive,crates.io:gix-blame,crates.io:gix-merge",2026-05-03T15:44:38+00:00
gitpython-developers/gitdb,1126093,0,,"PyPI:gitdb,PyPI:gitdb2",2026-05-03T15:43:42+00:00
gitpython-developers/smmap,1865144,0,,"PyPI:smmap,PyPI:smmap2",2026-05-03T15:43:43+00:00
gkz/levn,13287279,0,,npm:levn,2026-05-03T15:43:42+00:00
gkz/optionator,13435927,0,,npm:optionator,2026-05-03T15:43:42+00:00
gkz/prelude-ls,4457759,0,,npm:prelude-ls,2026-05-03T15:43:43+00:00
gkz/type-check,13182168,0,,npm:type-check,2026-05-03T15:43:43+00:00
google/brotli,24993138,2,"BIT-brotli-2020-8927,CVE-2025-6176",PyPI:brotli,2026-05-03T15:43:44+00:00
google/zerocopy,534354967,1,GHSA-3mv5-343c-w2qg,"crates.io:zerocopy,crates.io:zerocopy-derive",2026-05-03T15:43:45+00:00
googleapis/google-auth-library-python,69199387,0,,PyPI:google-auth,2026-05-03T15:43:44+00:00
googleapis/google-cloud-node-core,1052931509,0,,"npm:gaxios,npm:google-auth-library,npm:gcp-metadata,npm:google-logging-utils,npm:teeny-request,npm:google-gax,npm:proto3-json-serializer,npm:googleapis-common",2026-05-03T15:43:51+00:00
googleapis/google-resumable-media-python,88091939,0,,PyPI:google-resumable-media,2026-05-03T15:43:44+00:00
googleapis/python-api-core,226992456,0,,PyPI:google-api-core,2026-05-03T15:43:45+00:00
googleapis/python-crc32c,159736041,0,,PyPI:google-crc32c,2026-05-03T15:43:44+00:00
googleapis/python-storage,226992639,0,,PyPI:google-cloud-storage,2026-05-03T15:43:45+00:00
googlechrome/workbox,55424670,0,,"npm:workbox-core,npm:workbox-routing,npm:workbox-strategies,npm:workbox-background-sync,npm:workbox-build,npm:workbox-precaching,npm:workbox-cacheable-response,npm:workbox-expiration,npm:workbox-navigation-preload,npm:workbox-range-requests,npm:workbox-google-analytics,npm:workbox-streams,npm:workbox-sw,npm:workbox-window,npm:workbox-broadcast-update,npm:workbox-webpack-plugin,npm:workbox-recipes",2026-05-03T15:44:02+00:00
gozala/events,1649251,0,,npm:events,2026-05-03T15:43:46+00:00
grahamdumpleton/wrapt,10357291,0,,PyPI:wrapt,2026-05-03T15:43:46+00:00
graydon/exhaustigen-rs,432630522,0,,crates.io:exhaustigen,2026-05-03T15:43:46+00:00
gregberge/svgr,102155012,0,,"npm:@svgr/babel-preset,npm:@svgr/hast-util-to-babel-ast,npm:@svgr/babel-plugin-transform-svg-component,npm:@svgr/babel-plugin-transform-react-native-svg,npm:@svgr/babel-plugin-svg-em-dimensions,npm:@svgr/babel-plugin-replace-jsx-attribute-value,npm:@svgr/babel-plugin-svg-dynamic-title,npm:@svgr/babel-plugin-add-jsx-attribute,npm:@svgr/core,npm:@svgr/babel-plugin-remove-jsx-attribute,npm:@svgr/babel-plugin-remove-jsx-empty-expression,npm:@svgr/plugin-jsx,npm:@svgr/plugin-svgo,npm:@svgr/webpack",2026-05-03T15:43:59+00:00
grncdr/merge-stream,10579821,0,,npm:merge-stream,2026-05-03T15:43:47+00:00
grpc/grpc,27729880,5,"CVE-2023-1428,CVE-2023-32731,CVE-2023-32732,CVE-2023-33953,CVE-2023-4785","PyPI:grpcio,PyPI:grpcio-status,PyPI:grpcio-tools,PyPI:grpcio-health-checking,PyPI:grpcio-reflection",2026-05-03T15:43:51+00:00
gsnedders/python-webencodings,7043404,0,,PyPI:webencodings,2026-05-03T15:43:47+00:00
guillaumegomez/doc-comment,127254922,0,,crates.io:doc-comment,2026-05-03T15:43:47+00:00
gulpjs/glob-parent,29154915,2,"BIT-gulp-2020-28469,BIT-gulp-2021-35065",npm:glob-parent,2026-05-03T15:43:48+00:00
gweis/isodate,6449370,0,,PyPI:isodate,2026-05-03T15:43:48+00:00
gyscos/zstd-rs,52115335,0,,"crates.io:zstd-sys,crates.io:zstd,crates.io:zstd-safe",2026-05-03T15:43:50+00:00
hapijs/hoek,5831189,1,CVE-2020-36604,"npm:@hapi/hoek,npm:hoek",2026-05-03T15:43:50+00:00
hiddentao/fast-levenshtein,9490451,0,,npm:fast-levenshtein,2026-05-03T15:43:49+00:00
httplib2/httplib2,53002916,2,"CVE-2013-2037,CVE-2021-21240",PyPI:httplib2,2026-05-03T15:43:50+00:00
hukkin/tomli,370616797,0,,PyPI:tomli,2026-05-03T15:43:50+00:00
hyperium/http,84983058,2,"CVE-2019-25008,CVE-2019-25009",crates.io:http,2026-05-03T15:43:51+00:00
hyperium/http-body,183281612,0,,"crates.io:http-body,crates.io:http-body-util",2026-05-03T15:43:52+00:00
iarna/aproba,31432421,0,,npm:aproba,2026-05-03T15:43:51+00:00
import-js/eslint-plugin-import,32238354,0,,"npm:eslint-plugin-import,npm:eslint-import-resolver-node,npm:eslint-module-utils,npm:eslint-import-resolver-webpack",2026-05-03T15:43:54+00:00
indexmap-rs/indexmap,68294628,0,,crates.io:indexmap,2026-05-03T15:43:52+00:00
indutny/bn.js,19176350,0,,npm:bn.js,2026-05-03T15:43:52+00:00
indygreg/python-zstandard,67307930,0,,PyPI:zstandard,2026-05-03T15:43:52+00:00
inikulin/parse5,8862593,0,,"npm:parse5,npm:parse5-htmlparser2-tree-adapter,npm:parse5-sax-parser,npm:parse5-html-rewriting-stream,npm:parse5-parser-stream",2026-05-03T15:43:56+00:00
inspect-js/array-buffer-byte-length,607836784,0,,npm:array-buffer-byte-length,2026-05-03T15:43:52+00:00
inspect-js/available-typed-arrays,235965505,0,,npm:available-typed-arrays,2026-05-03T15:43:53+00:00
inspect-js/functions-have-names,198357138,0,,npm:functions-have-names,2026-05-03T15:43:53+00:00
inspect-js/has-property-descriptors,481834578,0,,npm:has-property-descriptors,2026-05-03T15:43:53+00:00
inspect-js/has-proto,577580747,0,,npm:has-proto,2026-05-03T15:43:53+00:00
inspect-js/has-symbols,68573418,0,,npm:has-symbols,2026-05-03T15:43:53+00:00
inspect-js/has-tostringtag,392913710,0,,npm:has-tostringtag,2026-05-03T15:43:53+00:00
inspect-js/hasown,703350811,0,,npm:hasown,2026-05-03T15:43:54+00:00
inspect-js/is-accessor-descriptor,41658954,0,,npm:is-accessor-descriptor,2026-05-03T15:43:54+00:00
inspect-js/is-arguments,15725461,0,,npm:is-arguments,2026-05-03T15:43:54+00:00
inspect-js/is-array-buffer,45977026,0,,npm:is-array-buffer,2026-05-03T15:43:54+00:00
inspect-js/is-bigint,149682261,0,,npm:is-bigint,2026-05-03T15:43:54+00:00
inspect-js/is-boolean-object,34700259,0,,npm:is-boolean-object,2026-05-03T15:43:54+00:00
inspect-js/is-callable,30012910,0,,npm:is-callable,2026-05-03T15:43:54+00:00
inspect-js/is-core-module,24578130,0,,npm:is-core-module,2026-05-03T15:43:55+00:00
inspect-js/is-data-descriptor,41659073,0,,npm:is-data-descriptor,2026-05-03T15:43:55+00:00
inspect-js/is-data-view,751048078,0,,npm:is-data-view,2026-05-03T15:43:55+00:00
inspect-js/is-date-object,29991041,0,,npm:is-date-object,2026-05-03T15:43:55+00:00
inspect-js/is-descriptor,41658845,0,,npm:is-descriptor,2026-05-03T15:43:55+00:00
inspect-js/is-number-object,29991666,0,,npm:is-number-object,2026-05-03T15:43:55+00:00
inspect-js/is-regex,15930063,0,,npm:is-regex,2026-05-03T15:43:55+00:00
inspect-js/is-string,30010185,0,,npm:is-string,2026-05-03T15:43:55+00:00
inspect-js/is-symbol,29791606,0,,npm:is-symbol,2026-05-03T15:43:55+00:00
inspect-js/is-typed-array,43528820,0,,npm:is-typed-array,2026-05-03T15:43:56+00:00
inspect-js/node-supports-preserve-symlinks-flag,443970899,0,,npm:supports-preserve-symlinks-flag,2026-05-03T15:43:56+00:00
inspect-js/object-inspect,11683441,0,,npm:object-inspect,2026-05-03T15:43:56+00:00
inspect-js/typed-array-buffer,649850465,0,,npm:typed-array-buffer,2026-05-03T15:43:56+00:00
inspect-js/which-boxed-primitive,201685155,0,,npm:which-boxed-primitive,2026-05-03T15:43:56+00:00
inspect-js/which-typed-array,43708371,0,,npm:which-typed-array,2026-05-03T15:43:56+00:00
ipython/traitlets,14993021,0,,PyPI:traitlets,2026-05-03T15:43:56+00:00
isaacs/chownr,3858354,1,CVE-2017-18869,npm:chownr,2026-05-03T15:43:56+00:00
isaacs/cliui,634056857,0,,npm:@isaacs/cliui,2026-05-03T15:43:56+00:00
isaacs/core-util-is,12391440,0,,npm:core-util-is,2026-05-03T15:43:57+00:00
isaacs/fs.realpath,61231712,0,,npm:fs.realpath,2026-05-03T15:43:57+00:00
isaacs/inherits,1580001,0,,npm:inherits,2026-05-03T15:43:57+00:00
isaacs/isexe,49804297,0,,npm:isexe,2026-05-03T15:43:57+00:00
isaacs/minimatch,2056549,1,CVE-2022-3517,npm:minimatch,2026-05-03T15:43:57+00:00
isaacs/minipass,84886212,0,,npm:minipass,2026-05-03T15:43:57+00:00
isaacs/minizlib,86429676,0,,npm:minizlib,2026-05-03T15:43:57+00:00
isaacs/node-glob,357681,1,CVE-2025-64756,npm:glob,2026-05-03T15:43:57+00:00
isaacs/node-graceful-fs,2077020,0,,npm:graceful-fs,2026-05-03T15:43:57+00:00
isaacs/node-lru-cache,679662,0,,npm:lru-cache,2026-05-03T15:43:57+00:00
isaacs/node-mkdirp,2718248,0,,npm:mkdirp,2026-05-03T15:43:57+00:00
isaacs/node-tar,1534331,7,"CVE-2021-32803,CVE-2021-32804,CVE-2021-37701,CVE-2021-37712,CVE-2021-37713,CVE-2024-28863,CVE-2025-64118",npm:tar,2026-05-03T15:43:58+00:00
isaacs/once,5409660,0,,npm:once,2026-05-03T15:43:58+00:00
isaacs/package-json-from-dist,800543709,0,,npm:package-json-from-dist,2026-05-03T15:43:58+00:00
isaacs/path-scurry,591569499,0,,npm:path-scurry,2026-05-03T15:43:58+00:00
isaacs/rimraf,1341324,0,,npm:rimraf,2026-05-03T15:43:58+00:00
isaacs/sax-js,508894,0,,npm:sax,2026-05-03T15:43:58+00:00
isaacs/yallist,48222381,0,,npm:yallist,2026-05-03T15:43:58+00:00
istanbuljs/istanbuljs,81482340,0,,"npm:istanbul-lib-coverage,npm:istanbul-lib-instrument,npm:istanbul-lib-report,npm:istanbul-reports,npm:istanbul-lib-source-maps,npm:istanbul-lib-hook,npm:istanbul-api",2026-05-03T15:44:04+00:00
istanbuljs/schema,211950686,0,,npm:@istanbuljs/schema,2026-05-03T15:43:58+00:00
istanbuljs/test-exclude,60489570,0,,npm:test-exclude,2026-05-03T15:43:58+00:00
jamesmunns/postcard,179385478,0,,"crates.io:postcard,crates.io:postcard-derive",2026-05-03T15:43:59+00:00
jaraco/jaraco.develop,48289082,0,,PyPI:jaraco-develop,2026-05-03T15:43:59+00:00
jaraco/pytest-perf,372026120,0,,PyPI:pytest-perf,2026-05-03T15:43:59+00:00
jaraco/zipp,157774633,1,CVE-2024-5569,PyPI:zipp,2026-05-03T15:43:59+00:00
jaredhanson/utils-merge,11349896,0,,npm:utils-merge,2026-05-03T15:43:59+00:00
jaredwray/cacheable,9267870,0,,"npm:flat-cache,npm:file-entry-cache,npm:cacheable-request,npm:cacheable,npm:@cacheable/utils,npm:@cacheable/memory,npm:cache-manager",2026-05-03T15:44:05+00:00
jaredwray/keyv,96540810,0,,"npm:keyv,npm:@keyv/serialize,npm:@keyv/bigmap",2026-05-03T15:44:01+00:00
jawah/charset_normalizer,200259335,0,,PyPI:charset-normalizer,2026-05-03T15:43:59+00:00
jbgutierrez/path-parse,34113780,1,CVE-2021-23343,npm:path-parse,2026-05-03T15:44:00+00:00
jd/tenacity,65468547,0,,PyPI:tenacity,2026-05-03T15:43:59+00:00
jensyt/imurmurhash-js,11802843,0,,npm:imurmurhash,2026-05-03T15:44:00+00:00
jestjs/jest,15062869,0,,"npm:@jest/types,npm:jest-util,npm:pretty-format,npm:@jest/schemas,npm:@jest/get-type,npm:jest-worker,npm:jest-regex-util,npm:jest-message-util,npm:jest-mock,npm:expect,npm:jest-diff,npm:jest-snapshot,npm:jest-haste-map,npm:@jest/test-result,npm:jest-matcher-utils,npm:@jest/environment,npm:jest-get-type,npm:@jest/fake-timers,npm:@jest/console,npm:@jest/transform,npm:jest-validate,npm:babel-plugin-jest-hoist,npm:diff-sequences,npm:jest-resolve,npm:@jest/core,npm:jest-config,npm:babel-preset-jest,npm:jest-cli,npm:jest-watcher,npm:jest-runtime,npm:@jest/pattern,npm:@jest/expect-utils,npm:babel-jest,npm:jest-environment-node,npm:jest-docblock,npm:@jest/source-map,npm:jest-runner,npm:jest-each,npm:jest-leak-detector,npm:jest-changed-files,npm:jest-resolve-dependencies,npm:@jest/test-sequencer,npm:@jest/reporters,npm:jest,npm:@jest/globals,npm:@jest/expect,npm:jest-circus,npm:jest-environment-jsdom,npm:@jest/diff-sequences,npm:jest-jasmine2,npm:create-jest,npm:@jest/environment-jsdom-abstract,npm:@jest/snapshot-utils,npm:@jest/create-cache-key-function",2026-05-03T15:44:53+00:00
jimmywarting/node-domexception,371470141,0,,npm:node-domexception,2026-05-03T15:44:00+00:00
jimp-dev/jimp,24008065,0,,"npm:@jimp/types,npm:@jimp/core,npm:@jimp/utils,npm:@jimp/plugin-resize,npm:@jimp/plugin-crop,npm:@jimp/plugin-blit,npm:@jimp/plugin-color,npm:jimp,npm:@jimp/plugin-flip,npm:@jimp/plugin-contain,npm:@jimp/plugin-rotate,npm:@jimp/plugin-displace,npm:@jimp/plugin-mask,npm:@jimp/plugin-print,npm:@jimp/plugin-blur,npm:@jimp/plugin-cover,npm:@jimp/plugin-dither,npm:@jimp/custom,npm:@jimp/plugin-circle,npm:@jimp/plugin-threshold,npm:@jimp/plugin-fisheye,npm:@jimp/file-ops,npm:@jimp/plugin-hash,npm:@jimp/js-png,npm:@jimp/js-jpeg,npm:@jimp/js-bmp,npm:@jimp/js-tiff,npm:@jimp/js-gif,npm:@jimp/plugin-quantize,npm:@jimp/diff",2026-05-03T15:44:29+00:00
jmespath/jmespath.py,8300763,0,,PyPI:jmespath,2026-05-03T15:44:00+00:00
joblib/joblib,654608,1,CVE-2022-21797,PyPI:joblib,2026-05-03T15:44:00+00:00
jonathanong/ee-first,20707897,0,,npm:ee-first,2026-05-03T15:44:00+00:00
jonschlinkert/assign-symbols,45661176,0,,npm:assign-symbols,2026-05-03T15:44:00+00:00
jonschlinkert/define-property,40633359,0,,npm:define-property,2026-05-03T15:44:01+00:00
jonschlinkert/extend-shallow,25867410,0,,npm:extend-shallow,2026-05-03T15:44:01+00:00
jonschlinkert/fill-range,27113310,0,,npm:fill-range,2026-05-03T15:44:01+00:00
jonschlinkert/get-value,24911025,0,,npm:get-value,2026-05-03T15:44:01+00:00
jonschlinkert/global-prefix,31455984,0,,npm:global-prefix,2026-05-03T15:44:01+00:00
jonschlinkert/has-value,24310408,0,,npm:has-value,2026-05-03T15:44:01+00:00
jonschlinkert/has-values,33009186,0,,npm:has-values,2026-05-03T15:44:00+00:00
jonschlinkert/is-extendable,38225016,0,,npm:is-extendable,2026-05-03T15:44:01+00:00
jonschlinkert/is-extglob,31788841,0,,npm:is-extglob,2026-05-03T15:44:02+00:00
jonschlinkert/is-number,24313173,0,,npm:is-number,2026-05-03T15:44:02+00:00
jonschlinkert/is-plain-object,24306940,0,,npm:is-plain-object,2026-05-03T15:44:02+00:00
jonschlinkert/isobject,21342886,0,,npm:isobject,2026-05-03T15:44:02+00:00
jonschlinkert/kind-of,24491562,0,,npm:kind-of,2026-05-03T15:44:02+00:00
jonschlinkert/map-cache,32450614,0,,npm:map-cache,2026-05-03T15:44:02+00:00
jonschlinkert/normalize-path,21224182,0,,npm:normalize-path,2026-05-03T15:44:02+00:00
jonschlinkert/object-visit,38545952,0,,npm:object-visit,2026-05-03T15:44:02+00:00
jonschlinkert/word-wrap,18260583,1,CVE-2023-26115,npm:word-wrap,2026-05-03T15:44:03+00:00
jorgebucaran/colorette,34648097,0,,npm:colorette,2026-05-03T15:44:03+00:00
joshuakgoldberg/ts-api-utils,597893818,0,,npm:ts-api-utils,2026-05-03T15:44:03+00:00
jpadilla/pyjwt,1408162,3,"CVE-2017-11424,CVE-2022-29217,CVE-2024-53861",PyPI:pyjwt,2026-05-03T15:44:03+00:00
jprichardson/node-fs-extra,2791348,0,,npm:fs-extra,2026-05-03T15:44:03+00:00
jprichardson/node-jsonfile,5754307,0,,npm:jsonfile,2026-05-03T15:44:03+00:00
jquast/wcwidth,18464187,0,,PyPI:wcwidth,2026-05-03T15:44:03+00:00
jquery/esprima,2833537,0,,npm:esprima,2026-05-03T15:44:03+00:00
jridgewell/resolve-uri,196878944,0,,npm:@jridgewell/resolve-uri,2026-05-03T15:44:03+00:00
jridgewell/sourcemaps,897142826,0,,"npm:@jridgewell/sourcemap-codec,npm:@jridgewell/trace-mapping,npm:@jridgewell/gen-mapping,npm:@jridgewell/source-map,npm:@jridgewell/remapping",2026-05-03T15:44:08+00:00
jsdom/tr46,36964214,0,,npm:tr46,2026-05-03T15:44:04+00:00
jsdom/webidl-conversions,23000311,0,,npm:webidl-conversions,2026-05-03T15:44:04+00:00
jsdom/whatwg-mimetype,71014420,0,,npm:whatwg-mimetype,2026-05-03T15:44:04+00:00
jsdom/whatwg-url,34761352,0,,npm:whatwg-url,2026-05-03T15:44:04+00:00
jsdom/xml-name-validator,28553202,0,,npm:xml-name-validator,2026-05-03T15:44:04+00:00
jshttp/accepts,15482433,0,,npm:accepts,2026-05-03T15:44:04+00:00
jshttp/content-disposition,24216676,0,,npm:content-disposition,2026-05-03T15:44:04+00:00
jshttp/content-type,30172150,0,,npm:content-type,2026-05-03T15:44:04+00:00
jshttp/cookie,4475810,1,CVE-2024-47764,npm:cookie,2026-05-03T15:44:05+00:00
jshttp/etag,22894570,0,,npm:etag,2026-05-03T15:44:05+00:00
jshttp/forwarded,24300217,0,,npm:forwarded,2026-05-03T15:44:05+00:00
jshttp/fresh,4617552,0,,npm:fresh,2026-05-03T15:44:05+00:00
jshttp/http-errors,23806086,0,,npm:http-errors,2026-05-03T15:44:05+00:00
jshttp/media-typer,20814275,0,,npm:media-typer,2026-05-03T15:44:05+00:00
jshttp/methods,8274071,0,,npm:methods,2026-05-03T15:44:05+00:00
jshttp/mime-db,22970419,0,,npm:mime-db,2026-05-03T15:44:05+00:00
jshttp/mime-types,19380178,0,,npm:mime-types,2026-05-03T15:44:05+00:00
jshttp/negotiator,3275614,0,,npm:negotiator,2026-05-03T15:44:06+00:00
jshttp/on-finished,15349765,0,,npm:on-finished,2026-05-03T15:44:06+00:00
jshttp/range-parser,4627131,0,,npm:range-parser,2026-05-03T15:44:06+00:00
jshttp/statuses,17690272,0,,npm:statuses,2026-05-03T15:44:06+00:00
jshttp/type-is,15484233,0,,npm:type-is,2026-05-03T15:44:06+00:00
jshttp/vary,20498698,0,,npm:vary,2026-05-03T15:44:06+00:00
jslicense/spdx-correct.js,34817196,0,,npm:spdx-correct,2026-05-03T15:44:06+00:00
jslicense/spdx-expression-parse.js,40067336,0,,npm:spdx-expression-parse,2026-05-03T15:44:07+00:00
json5/json5,4463453,1,CVE-2022-46175,npm:json5,2026-05-03T15:44:06+00:00
juliangruber/balanced-match,13538817,0,,npm:balanced-match,2026-05-03T15:44:06+00:00
juliangruber/brace-expansion,13539234,1,CVE-2025-5889,npm:brace-expansion,2026-05-03T15:44:07+00:00
juliangruber/isarray,10227611,0,,npm:isarray,2026-05-03T15:44:07+00:00
justmoon/node-extend,3967764,0,,npm:extend,2026-05-03T15:44:07+00:00
jviereck/regjsparser,14087781,0,,npm:regjsparser,2026-05-03T15:44:07+00:00
ka-weihe/fastest-levenshtein,158960628,0,,npm:fastest-levenshtein,2026-05-03T15:44:07+00:00
kaelzhang/node-ignore,12519245,0,,npm:ignore,2026-05-03T15:44:07+00:00
kemitchell/validate-npm-package-license.js,35000460,0,,npm:validate-npm-package-license,2026-05-03T15:44:07+00:00
kevinbeaty/any-promise,26247715,0,,npm:any-promise,2026-05-03T15:44:07+00:00
kevva/dir-glob,49264969,0,,npm:dir-glob,2026-05-03T15:44:07+00:00
kevva/shebang-command,47402913,0,,npm:shebang-command,2026-05-03T15:44:08+00:00
kilian/electron-to-chromium,78972540,0,,npm:electron-to-chromium,2026-05-03T15:44:08+00:00
kjd/idna,10323585,1,CVE-2024-3651,PyPI:idna,2026-05-03T15:44:08+00:00
knurling-rs/defmt,282262730,0,,"crates.io:defmt,crates.io:defmt-macros,crates.io:defmt-parser",2026-05-03T15:44:09+00:00
kpdecker/jsdiff,1542219,0,,npm:diff,2026-05-03T15:44:08+00:00
kriskowal/asap,11295071,0,,npm:asap,2026-05-03T15:44:08+00:00
kriszyp/json-schema,947175,1,CVE-2021-3918,npm:json-schema,2026-05-03T15:44:08+00:00
langchain-ai/langchain,552661142,25,"CVE-2023-29374,CVE-2023-32785,CVE-2023-32786,CVE-2023-34540,CVE-2023-34541,CVE-2023-36095,CVE-2023-36188,CVE-2023-36189,CVE-2023-36258,CVE-2023-36281,CVE-2023-38860,CVE-2023-38896,CVE-2023-39631,CVE-2023-39659,CVE-2023-46229,CVE-2024-0243,CVE-2024-10940,CVE-2024-1455,CVE-2024-28088,CVE-2024-2965,CVE-2024-3571,CVE-2024-8309,CVE-2025-65106,CVE-2025-68664,CVE-2025-6985","PyPI:langchain-core,PyPI:langchain,PyPI:langchain-openai,PyPI:langchain-text-splitters,PyPI:langchain-anthropic,PyPI:langchain-classic,PyPI:langchain-tests",2026-05-03T15:44:15+00:00
laurent-laporte-pro/deprecated,111412148,0,,PyPI:deprecated,2026-05-03T15:44:08+00:00
lddubeau/xmlchars,139881982,0,,npm:xmlchars,2026-05-03T15:44:08+00:00
legrandin/pycryptodome,19378935,1,CVE-2023-52323,"PyPI:pycryptodomex,PyPI:pycryptodome",2026-05-03T15:44:10+00:00
linusu/buffer-from,66025821,0,,npm:buffer-from,2026-05-03T15:44:09+00:00
litejs/natural-compare-lite,9146732,0,,"npm:natural-compare,npm:natural-compare-lite",2026-05-03T15:44:10+00:00
ljharb/call-bind,308533760,0,,npm:call-bind,2026-05-03T15:44:09+00:00
ljharb/call-bind-apply-helpers,898190951,0,,npm:call-bind-apply-helpers,2026-05-03T15:44:09+00:00
ljharb/call-bound,898125972,0,,npm:call-bound,2026-05-03T15:44:09+00:00
ljharb/concat-map,548993448,0,,npm:concat-map,2026-05-03T15:44:09+00:00
ljharb/define-data-property,689109338,0,,npm:define-data-property,2026-05-03T15:44:09+00:00
ljharb/define-properties,28768789,0,,npm:define-properties,2026-05-03T15:44:09+00:00
ljharb/es-abstract,28995155,0,,npm:es-abstract,2026-05-03T15:44:09+00:00
ljharb/es-define-property,756570458,0,,npm:es-define-property,2026-05-03T15:44:10+00:00
ljharb/es-errors,752160492,0,,npm:es-errors,2026-05-03T15:44:10+00:00
ljharb/es-object-atoms,773229339,0,,npm:es-object-atoms,2026-05-03T15:44:10+00:00
ljharb/es-shim-unscopables,480458584,0,,npm:es-shim-unscopables,2026-05-03T15:44:10+00:00
ljharb/es-to-primitive,32377814,0,,npm:es-to-primitive,2026-05-03T15:44:10+00:00
ljharb/get-intrinsic,308516559,0,,npm:get-intrinsic,2026-05-03T15:44:10+00:00
ljharb/get-proto,911035271,0,,npm:get-proto,2026-05-03T15:44:10+00:00
ljharb/gopd,560708130,0,,npm:gopd,2026-05-03T15:44:10+00:00
ljharb/has-bigints,201714166,0,,npm:has-bigints,2026-05-03T15:44:10+00:00
ljharb/internal-slot,216159146,0,,npm:internal-slot,2026-05-03T15:44:11+00:00
ljharb/object-keys,9103992,0,,npm:object-keys,2026-05-03T15:44:11+00:00
ljharb/object.assign,17755831,0,,npm:object.assign,2026-05-03T15:44:11+00:00
ljharb/possible-typed-array-names,760136716,0,,npm:possible-typed-array-names,2026-05-03T15:44:11+00:00
ljharb/qs,22266795,2,"CVE-2022-24999,CVE-2025-15284",npm:qs,2026-05-03T15:44:11+00:00
ljharb/safe-regex-test,540138887,0,,npm:safe-regex-test,2026-05-03T15:44:11+00:00
ljharb/set-function-length,704249795,0,,npm:set-function-length,2026-05-03T15:44:11+00:00
ljharb/side-channel,225239081,0,,npm:side-channel,2026-05-03T15:44:11+00:00
ljharb/side-channel-list,901451610,0,,npm:side-channel-list,2026-05-03T15:44:11+00:00
ljharb/side-channel-map,901191461,0,,npm:side-channel-map,2026-05-03T15:44:11+00:00
ljharb/side-channel-weakmap,901188921,0,,npm:side-channel-weakmap,2026-05-03T15:44:11+00:00
lodash/lodash,3955647,2,"CVE-2020-28500,CVE-2021-23337","npm:lodash,npm:lodash.debounce,npm:lodash.merge,npm:lodash.memoize,npm:lodash.isplainobject,npm:lodash.uniq,npm:lodash.once,npm:lodash.camelcase,npm:lodash._reinterpolate,npm:lodash.isstring,npm:lodash.sortby,npm:lodash.clonedeep,npm:lodash.isboolean,npm:lodash.get,npm:lodash.truncate,npm:lodash.includes,npm:lodash.isinteger,npm:lodash.isnumber,npm:lodash-es,npm:lodash.isequal,npm:lodash.defaults,npm:lodash.templatesettings,npm:lodash.flatten,npm:lodash.flattendeep,npm:lodash.template,npm:lodash.isarguments,npm:lodash.difference,npm:lodash.union,npm:lodash.throttle,npm:lodash.kebabcase,npm:lodash.isfunction,npm:lodash.mergewith,npm:lodash.escaperegexp,npm:lodash.snakecase,npm:lodash.keys,npm:lodash.isobject,npm:lodash.escape,npm:lodash.pick,npm:lodash.ismatch,npm:lodash.set,npm:lodash.assign,npm:lodash.isempty,npm:lodash.isnil,npm:lodash.startcase,npm:lodash.upperfirst,npm:lodash.map,npm:lodash.isarray,npm:lodash.uniqby,npm:lodash.groupby,npm:lodash._getnative,npm:lodash.isfinite,npm:lodash.isundefined,npm:lodash.foreach,npm:lodash.mapvalues,npm:lodash._basecopy,npm:lodash.omit,npm:lodash.has,npm:lodash.capitalize,npm:lodash.reduce,npm:lodash._isiterateecall,npm:lodash._bindcallback,npm:lodash.clone,npm:lodash.restparam,npm:lodash.find,npm:lodash.castarray,npm:lodash.zip,npm:lodash.some,npm:lodash._root,npm:lodash.bind,npm:lodash.defaultsdeep,npm:lodash.filter,npm:lodash.assignin,npm:lodash.toarray,npm:lodash.pickby,npm:lodash.deburr,npm:lodash._baseassign,npm:lodash._basetostring,npm:lodash.curry,npm:lodash.unescape,npm:lodash.reject,npm:lodash.padend,npm:lodash.values,npm:lodash.flow,npm:lodash.transform,npm:lodash.topath,npm:lodash._reevaluate,npm:lodash._reescape,npm:lodash._basevalues",2026-05-03T15:45:39+00:00
loganfsmyth/gensync,132383032,0,,npm:gensync,2026-05-03T15:44:12+00:00
lokathor/bytemuck,209673558,0,,"crates.io:bytemuck,crates.io:bytemuck_derive",2026-05-03T15:44:13+00:00
lukeed/dequal,174421655,0,,npm:dequal,2026-05-03T15:44:12+00:00
lukeed/escalade,273568715,0,,npm:escalade,2026-05-03T15:44:12+00:00
lukeed/kleur,140393403,0,,npm:kleur,2026-05-03T15:44:12+00:00
lxml/lxml,1353927,6,"CVE-2014-3146,CVE-2018-19787,CVE-2020-27783,CVE-2021-28957,CVE-2021-43818,CVE-2022-2309",PyPI:lxml,2026-05-03T15:44:12+00:00
lydell/js-tokens,17552490,0,,npm:js-tokens,2026-05-03T15:44:12+00:00
mafintosh/end-of-stream,14732255,0,,npm:end-of-stream,2026-05-03T15:44:12+00:00
mafintosh/pump,12118126,0,,npm:pump,2026-05-03T15:44:12+00:00
mafintosh/tar-stream,15340089,0,,npm:tar-stream,2026-05-03T15:44:13+00:00
marshallpierce/rust-base64,47371310,1,CVE-2017-1000430,crates.io:base64,2026-05-03T15:44:13+00:00
mathiasbynens/cssesc,12001360,0,,npm:cssesc,2026-05-03T15:44:13+00:00
mathiasbynens/emoji-regex,24557614,0,,npm:emoji-regex,2026-05-03T15:44:13+00:00
mathiasbynens/jsesc,10498729,0,,npm:jsesc,2026-05-03T15:44:13+00:00
mathiasbynens/punycode.js,2755924,0,,"npm:punycode,npm:punycode.js",2026-05-03T15:44:14+00:00
mathiasbynens/regenerate,10182772,0,,npm:regenerate,2026-05-03T15:44:13+00:00
mathiasbynens/regexpu-core,49437324,0,,npm:regexpu-core,2026-05-03T15:44:13+00:00
mathiasbynens/unicode-canonical-property-names-ecmascript,88346537,0,,npm:unicode-canonical-property-names-ecmascript,2026-05-03T15:44:13+00:00
mathiasbynens/unicode-property-aliases-ecmascript,88333533,0,,npm:unicode-property-aliases-ecmascript,2026-05-03T15:44:14+00:00
matklad/once_cell,143220272,1,CVE-2019-16141,crates.io:once_cell,2026-05-03T15:44:14+00:00
matplotlib/matplotlib,1385122,0,,PyPI:matplotlib,2026-05-03T15:44:14+00:00
mcavage/node-assert-plus,4767976,0,,npm:assert-plus,2026-05-03T15:44:14+00:00
mcollina/fastq,37368217,0,,npm:fastq,2026-05-03T15:44:14+00:00
mcollina/reusify,42106515,0,,npm:reusify,2026-05-03T15:44:14+00:00
medikoo/d,10817569,0,,npm:d,2026-05-03T15:44:14+00:00
medikoo/es5-ext,1792941,1,CVE-2024-27088,"npm:es5-ext,npm:ext",2026-05-03T15:44:15+00:00
medikoo/es6-symbol,14423385,0,,npm:es6-symbol,2026-05-03T15:44:14+00:00
medikoo/type,177198492,0,,npm:type,2026-05-03T15:44:14+00:00
mhammond/pywin32,108187130,1,CVE-2021-32559,PyPI:pywin32,2026-05-03T15:44:15+00:00
micheles/decorator,14656555,0,,PyPI:decorator,2026-05-03T15:44:15+00:00
micromark/micromark,157420458,0,,"npm:micromark-util-symbol,npm:micromark-util-types,npm:micromark-util-character,npm:micromark-factory-space,npm:micromark-util-chunked,npm:micromark,npm:micromark-util-decode-numeric-character-reference,npm:micromark-util-encode,npm:micromark-util-normalize-identifier,npm:micromark-util-sanitize-uri,npm:micromark-util-decode-string,npm:micromark-util-classify-character,npm:micromark-util-resolve-all,npm:micromark-util-combine-extensions,npm:micromark-core-commonmark,npm:micromark-util-subtokenize,npm:micromark-factory-whitespace,npm:micromark-util-html-tag-name,npm:micromark-factory-title,npm:micromark-factory-label,npm:micromark-factory-destination",2026-05-03T15:44:35+00:00
micromatch/anymatch,11458302,0,,npm:anymatch,2026-05-03T15:44:15+00:00
micromatch/braces,25475303,2,"CVE-2018-1109,CVE-2024-4068",npm:braces,2026-05-03T15:44:15+00:00
micromatch/is-glob,28179425,0,,npm:is-glob,2026-05-03T15:44:15+00:00
micromatch/micromatch,27359938,1,CVE-2024-4067,npm:micromatch,2026-05-03T15:44:15+00:00
micromatch/picomatch,156211895,0,,npm:picomatch,2026-05-03T15:44:15+00:00
micromatch/to-regex-range,40355891,0,,npm:to-regex-range,2026-05-03T15:44:15+00:00
microsoft/tslib,34414315,0,,npm:tslib,2026-05-03T15:44:16+00:00
microsoft/typescript,20929025,0,,npm:typescript,2026-05-03T15:44:16+00:00
microsoft/windows-rs,208102250,1,GHSA-x4mq-m75f-mx8m,"crates.io:windows-sys,crates.io:windows-link,crates.io:windows_x86_64_msvc,crates.io:windows_x86_64_gnu,crates.io:windows_aarch64_msvc,crates.io:windows_i686_msvc,crates.io:windows_i686_gnu,crates.io:windows_x86_64_gnullvm,crates.io:windows_aarch64_gnullvm,crates.io:windows-targets,crates.io:windows-core,crates.io:windows_i686_gnullvm,crates.io:windows-result,crates.io:windows-strings,crates.io:windows,crates.io:windows-implement,crates.io:windows-interface,crates.io:windows-bindgen,crates.io:windows-registry,crates.io:windows-future,crates.io:windows-collections,crates.io:windows-numerics,crates.io:windows-threading,crates.io:windows-version",2026-05-03T15:44:39+00:00
minimistjs/minimist,549230701,1,CVE-2021-44906,npm:minimist,2026-05-03T15:44:16+00:00
mitsuhiko/insta,165561258,0,,crates.io:insta,2026-05-03T15:44:16+00:00
moment/moment,1424470,2,"CVE-2022-24785,CVE-2022-31129",npm:moment,2026-05-03T15:44:16+00:00
more-itertools/more-itertools,4144530,0,,PyPI:more-itertools,2026-05-03T15:44:16+00:00
motdotla/dotenv,11205780,0,,npm:dotenv,2026-05-03T15:44:16+00:00
moxystudio/node-cross-spawn,21335844,1,CVE-2024-21538,npm:cross-spawn,2026-05-03T15:44:16+00:00
mozilla/source-map,2014930,0,,npm:source-map,2026-05-03T15:44:16+00:00
mrabarnett/mrab-regex,309446978,0,,PyPI:regex,2026-05-03T15:44:17+00:00
mrmlnc/fast-glob,77467076,0,,npm:fast-glob,2026-05-03T15:44:17+00:00
msgpack/msgpack-python,2242705,0,,"PyPI:msgpack,PyPI:msgpack-python",2026-05-03T15:44:18+00:00
mvdnes/spin-rs,21686666,2,"CVE-2019-16137,GHSA-2qv5-7mw5-j3cg",crates.io:spin,2026-05-03T15:44:17+00:00
mysticatea/abort-controller,105228556,0,,npm:abort-controller,2026-05-03T15:44:17+00:00
mysticatea/event-target-shim,31137469,0,,npm:event-target-shim,2026-05-03T15:44:17+00:00
nicolo-ribaudo/babel-preset-current-node-syntax,253327079,0,,npm:babel-preset-current-node-syntax,2026-05-03T15:44:17+00:00
node-fetch/fetch-blob,186960326,0,,npm:fetch-blob,2026-05-03T15:44:17+00:00
node-fetch/node-fetch,29849956,2,"CVE-2022-0235,CVE-2022-2596",npm:node-fetch,2026-05-03T15:44:18+00:00
nodeca/argparse,4325614,0,,npm:argparse,2026-05-03T15:44:18+00:00
nodeca/js-yaml,2504175,1,CVE-2025-64718,"npm:js-yaml,npm:@zkochan/js-yaml",2026-05-03T15:44:19+00:00
nodeca/pako,16231859,0,,npm:pako,2026-05-03T15:44:18+00:00
nodejs/readable-stream,5187096,0,,npm:readable-stream,2026-05-03T15:44:18+00:00
nodejs/string_decoder,95052330,0,,npm:string_decoder,2026-05-03T15:44:18+00:00
nodejs/undici,133092972,15,"BIT-node-2023-23936,CVE-2022-31150,CVE-2022-31151,CVE-2022-32210,CVE-2022-35948,CVE-2022-35949,CVE-2023-24807,CVE-2023-45143,CVE-2024-24750,CVE-2024-24758,CVE-2024-30260,CVE-2024-30261,CVE-2024-38372,CVE-2025-22150,CVE-2025-47279","npm:undici-types,npm:undici",2026-05-03T15:44:20+00:00
nodelib/nodelib,129310478,0,,"npm:@nodelib/fs.stat,npm:@nodelib/fs.scandir,npm:@nodelib/fs.walk",2026-05-03T15:44:20+00:00
npm/abbrev-js,554893,0,,npm:abbrev,2026-05-03T15:44:19+00:00
npm/cacache,193812470,0,,npm:cacache,2026-05-03T15:44:19+00:00
npm/fs-minipass,102982143,0,,"npm:fs-minipass,npm:@isaacs/fs-minipass",2026-05-03T15:44:20+00:00
npm/hosted-git-info,25002984,1,CVE-2021-23362,npm:hosted-git-info,2026-05-03T15:44:19+00:00
npm/inflight,19442260,0,,npm:inflight,2026-05-03T15:44:19+00:00
npm/ini,2167680,0,,npm:ini,2026-05-03T15:44:19+00:00
npm/json-parse-even-better-errors,211384370,0,,npm:json-parse-even-better-errors,2026-05-03T15:44:19+00:00
npm/mute-stream,5159166,0,,npm:mute-stream,2026-05-03T15:44:20+00:00
npm/node-semver,1357199,1,CVE-2022-25883,npm:semver,2026-05-03T15:44:20+00:00
npm/node-which,2169708,0,,npm:which,2026-05-03T15:44:20+00:00
npm/nopt,1544436,0,,npm:nopt,2026-05-03T15:44:20+00:00
npm/normalize-package-data,9301720,0,,npm:normalize-package-data,2026-05-03T15:44:20+00:00
npm/ssri,193817839,1,CVE-2021-27290,npm:ssri,2026-05-03T15:44:21+00:00
npm/unique-slug,35246620,0,,npm:unique-slug,2026-05-03T15:44:20+00:00
npm/wrappy,24208073,0,,npm:wrappy,2026-05-03T15:44:21+00:00
npm/write-file-atomic,23896209,0,,npm:write-file-atomic,2026-05-03T15:44:21+00:00
numpy/numpy,908607,8,"CVE-2014-1858,CVE-2014-1859,CVE-2017-12852,CVE-2019-6446,CVE-2021-33430,CVE-2021-34141,CVE-2021-41495,CVE-2021-41496",PyPI:numpy,2026-05-03T15:44:23+00:00
nv/cssom,1025209,0,,npm:cssom,2026-05-03T15:44:21+00:00
nvzqz/static-assertions-rs,100129252,0,,crates.io:static_assertions,2026-05-03T15:44:21+00:00
oauthlib/oauthlib,2811323,1,CVE-2022-36087,PyPI:oauthlib,2026-05-03T15:44:21+00:00
octokit/openapi-types.ts,304109193,0,,npm:@octokit/openapi-types,2026-05-03T15:44:21+00:00
octokit/types.ts,216109757,0,,npm:@octokit/types,2026-05-03T15:44:21+00:00
oozcitak/xmlbuilder-js,1042809,0,,npm:xmlbuilder,2026-05-03T15:44:22+00:00
open-telemetry/opentelemetry-js,185901023,1,GHSA-f8pq-3926-8gx5,"npm:@opentelemetry/semantic-conventions,npm:@opentelemetry/core,npm:@opentelemetry/api,npm:@opentelemetry/instrumentation,npm:@opentelemetry/api-logs,npm:@opentelemetry/resources,npm:@opentelemetry/sdk-trace-base,npm:@opentelemetry/otlp-transformer,npm:@opentelemetry/sdk-metrics,npm:@opentelemetry/sdk-logs,npm:@opentelemetry/otlp-exporter-base,npm:@opentelemetry/context-async-hooks,npm:@opentelemetry/instrumentation-http,npm:@opentelemetry/sdk-trace-node,npm:@opentelemetry/propagator-b3,npm:@opentelemetry/propagator-jaeger,npm:@opentelemetry/otlp-grpc-exporter-base,npm:@opentelemetry/exporter-trace-otlp-http,npm:@opentelemetry/exporter-zipkin,npm:@opentelemetry/exporter-trace-otlp-grpc,npm:@opentelemetry/exporter-trace-otlp-proto,npm:@opentelemetry/sdk-node,npm:@opentelemetry/exporter-metrics-otlp-http,npm:@opentelemetry/exporter-logs-otlp-http,npm:@opentelemetry/instrumentation-grpc,npm:@opentelemetry/exporter-logs-otlp-grpc,npm:@opentelemetry/exporter-logs-otlp-proto,npm:@opentelemetry/exporter-metrics-otlp-proto,npm:@opentelemetry/exporter-metrics-otlp-grpc,npm:@opentelemetry/exporter-prometheus,npm:@opentelemetry/configuration",2026-05-03T15:44:52+00:00
open-telemetry/opentelemetry-js-contrib,255986659,0,,"npm:@opentelemetry/instrumentation-undici,npm:@opentelemetry/sql-common,npm:@opentelemetry/instrumentation-kafkajs,npm:@opentelemetry/redis-common,npm:@opentelemetry/instrumentation-mongoose,npm:@opentelemetry/instrumentation-express,npm:@opentelemetry/instrumentation-fs,npm:@opentelemetry/instrumentation-amqplib,npm:@opentelemetry/instrumentation-pg,npm:@opentelemetry/instrumentation-dataloader,npm:@opentelemetry/instrumentation-lru-memoizer,npm:@opentelemetry/instrumentation-mongodb,npm:@opentelemetry/instrumentation-graphql,npm:@opentelemetry/instrumentation-ioredis,npm:@opentelemetry/instrumentation-tedious,npm:@opentelemetry/instrumentation-mysql,npm:@opentelemetry/instrumentation-koa,npm:@opentelemetry/instrumentation-hapi,npm:@opentelemetry/instrumentation-mysql2,npm:@opentelemetry/instrumentation-connect,npm:@opentelemetry/instrumentation-generic-pool,npm:@opentelemetry/instrumentation-knex,npm:@opentelemetry/instrumentation-nestjs-core,npm:@opentelemetry/instrumentation-redis,npm:@opentelemetry/instrumentation-cucumber",2026-05-03T15:44:46+00:00
open-telemetry/opentelemetry-python,185478926,1,CVE-2023-43810,"PyPI:opentelemetry-api,PyPI:opentelemetry-semantic-conventions,PyPI:opentelemetry-proto,PyPI:opentelemetry-sdk,PyPI:opentelemetry-exporter-otlp-proto-http,PyPI:opentelemetry-exporter-otlp-proto-grpc,PyPI:opentelemetry-instrumentation,PyPI:opentelemetry-exporter-otlp-proto-common,PyPI:opentelemetry-exporter-otlp,PyPI:opentelemetry-exporter-prometheus",2026-05-03T15:44:32+00:00
pallets/click,19103692,0,,PyPI:click,2026-05-03T15:44:22+00:00
pallets/flask,596892,2,"CVE-2023-30861,CVE-2025-47278",PyPI:flask,2026-05-03T15:44:22+00:00
pallets/itsdangerous,1945034,0,,PyPI:itsdangerous,2026-05-03T15:44:22+00:00
pallets/jinja,994551,8,"CVE-2014-0012,CVE-2014-1402,CVE-2020-28493,CVE-2024-22195,CVE-2024-34064,CVE-2024-56201,CVE-2024-56326,CVE-2025-27516",PyPI:jinja2,2026-05-03T15:44:23+00:00
pallets/markupsafe,734244,0,,PyPI:markupsafe,2026-05-03T15:44:22+00:00
pallets/werkzeug,997338,11,"CVE-2016-10516,CVE-2019-14322,CVE-2020-28724,CVE-2022-29361,CVE-2023-23934,CVE-2023-25577,CVE-2023-46136,CVE-2024-34069,CVE-2024-49766,CVE-2024-49767,CVE-2025-66221",PyPI:werkzeug,2026-05-03T15:44:23+00:00
pandas-dev/pandas,858127,0,,PyPI:pandas,2026-05-03T15:44:23+00:00
paramiko/paramiko,119609,3,"CVE-2008-0299,CVE-2022-24302,CVE-2023-48795",PyPI:paramiko,2026-05-03T15:44:23+00:00
paulmillr/chokidar,4090287,0,,npm:chokidar,2026-05-03T15:44:23+00:00
paulmillr/readdirp,4494405,0,,npm:readdirp,2026-05-03T15:44:23+00:00
pest-parser/pest,56964647,0,,"crates.io:pest,crates.io:pest_generator,crates.io:pest_derive,crates.io:pest_meta",2026-05-03T15:44:26+00:00
peternator7/strum,80964373,0,,"crates.io:strum_macros,crates.io:strum",2026-05-03T15:44:25+00:00
petkaantonov/bluebird,12670444,0,,npm:bluebird,2026-05-03T15:44:24+00:00
pexpect/ptyprocess,24727748,0,,PyPI:ptyprocess,2026-05-03T15:44:24+00:00
pillarjs/encodeurl,60721766,0,,npm:encodeurl,2026-05-03T15:44:24+00:00
pillarjs/finalhandler,20547377,0,,npm:finalhandler,2026-05-03T15:44:24+00:00
pillarjs/iconv-lite,2743221,0,,npm:iconv-lite,2026-05-03T15:44:24+00:00
pillarjs/parseurl,17533192,0,,npm:parseurl,2026-05-03T15:44:25+00:00
pillarjs/path-to-regexp,5265803,2,"CVE-2024-45296,CVE-2024-52798",npm:path-to-regexp,2026-05-03T15:44:25+00:00
pillarjs/send,4879977,1,CVE-2024-43799,npm:send,2026-05-03T15:44:25+00:00
postcss/postcss,13078968,3,"CVE-2021-23368,CVE-2021-23382,CVE-2023-44270",npm:postcss,2026-05-03T15:44:25+00:00
postcss/postcss-selector-parser,36500102,0,,npm:postcss-selector-parser,2026-05-03T15:44:25+00:00
prettier/prettier,75104123,0,,npm:prettier,2026-05-03T15:44:26+00:00
primus/eventemitter3,13100677,0,,npm:eventemitter3,2026-05-03T15:44:26+00:00
proptest-rs/proptest,94702898,0,,"crates.io:proptest,crates.io:proptest-macro,crates.io:proptest-derive",2026-05-03T15:44:28+00:00
psf/requests,1362490,6,"CVE-2014-1829,CVE-2014-1830,CVE-2015-2296,CVE-2023-32681,CVE-2024-35195,CVE-2024-47081",PyPI:requests,2026-05-03T15:44:26+00:00
psycopg/psycopg2,7730829,0,,"PyPI:psycopg2-binary,PyPI:psycopg2",2026-05-03T15:44:27+00:00
pvorb/node-clone,2317381,0,,npm:clone,2026-05-03T15:44:26+00:00
py4j/py4j,1045976,0,,PyPI:py4j,2026-05-03T15:44:27+00:00
pyasn1/pyasn1,512723255,0,,PyPI:pyasn1,2026-05-03T15:44:27+00:00
pyasn1/pyasn1-modules,512723354,0,,PyPI:pyasn1-modules,2026-05-03T15:44:27+00:00
pyca/bcrypt,9993757,0,,PyPI:bcrypt,2026-05-03T15:44:27+00:00
pyca/cryptography,11939484,16,"CVE-2016-9243,CVE-2020-25659,CVE-2020-36242,CVE-2023-0286,CVE-2023-23931,CVE-2023-38325,CVE-2023-49083,CVE-2023-50782,CVE-2024-0727,CVE-2024-12797,CVE-2024-26130,GHSA-39hc-v87j-747x,GHSA-5cpq-8wj7-hf2v,GHSA-h4gh-qq45-vh27,GHSA-jm77-qphf-c4w8,GHSA-v8gr-m533-ghj9",PyPI:cryptography,2026-05-03T15:44:28+00:00
pyca/pynacl,8350032,1,CVE-2025-69277,PyPI:pynacl,2026-05-03T15:44:28+00:00
pyca/pyopenssl,15778059,1,CVE-2013-4314,PyPI:pyopenssl,2026-05-03T15:44:28+00:00
pydantic/pydantic,90194616,2,"CVE-2021-29510,CVE-2024-3772",PyPI:pydantic,2026-05-03T15:44:28+00:00
pydantic/typing-inspection,930576948,0,,PyPI:typing-inspection,2026-05-03T15:44:28+00:00
pygments/pygments,205564111,4,"CVE-2015-8557,CVE-2021-20270,CVE-2021-27291,CVE-2022-40896",PyPI:pygments,2026-05-03T15:44:28+00:00
pypa/distlib,436970140,0,,PyPI:distlib,2026-05-03T15:44:29+00:00
pypa/packaging,19837758,0,,PyPI:packaging,2026-05-03T15:44:28+00:00
pypa/pip,1446467,8,"CVE-2013-1629,CVE-2013-1888,CVE-2013-5123,CVE-2014-8991,CVE-2019-20916,CVE-2021-3572,CVE-2023-5752,CVE-2025-8869",PyPI:pip,2026-05-03T15:44:29+00:00
pypa/setuptools,54980593,4,"BIT-setuptools-2022-40897,BIT-setuptools-2024-6345,BIT-setuptools-2025-47273,CVE-2013-1633",PyPI:setuptools,2026-05-03T15:44:29+00:00
pypa/virtualenv,1446474,2,"BIT-virtualenv-2024-53899,CVE-2011-4617",PyPI:virtualenv,2026-05-03T15:44:29+00:00
pypa/wheel,98346885,1,CVE-2022-40898,PyPI:wheel,2026-05-03T15:44:29+00:00
pyparsing/pyparsing,91262163,0,,PyPI:pyparsing,2026-05-03T15:44:29+00:00
pytest-dev/iniconfig,66012563,0,,PyPI:iniconfig,2026-05-03T15:44:29+00:00
pytest-dev/pluggy,34739117,0,,PyPI:pluggy,2026-05-03T15:44:30+00:00
pytest-dev/pytest,37489525,0,,PyPI:pytest,2026-05-03T15:44:30+00:00
python-attrs/attrs,29918975,0,,PyPI:attrs,2026-05-03T15:44:30+00:00
python-cffi/cffi,696427398,0,,PyPI:cffi,2026-05-03T15:44:30+00:00
python-greenlet/greenlet,3003137,0,,PyPI:greenlet,2026-05-03T15:44:30+00:00
python-hyper/brotlicffi,43543393,0,,PyPI:brotlicffi,2026-05-03T15:44:30+00:00
python-hyper/h11,57372073,1,CVE-2025-43859,PyPI:h11,2026-05-03T15:44:30+00:00
python-jsonschema/jsonschema,3072629,0,,PyPI:jsonschema,2026-05-03T15:44:31+00:00
python-jsonschema/referencing,569027868,0,,PyPI:referencing,2026-05-03T15:44:31+00:00
python-poetry/poetry-core,238972646,0,,PyPI:poetry-core,2026-05-03T15:44:31+00:00
python-poetry/tomlkit,140365570,0,,PyPI:tomlkit,2026-05-03T15:44:31+00:00
python-trio/sniffio,142657210,0,,PyPI:sniffio,2026-05-03T15:44:31+00:00
python/importlib_metadata,306448340,0,,PyPI:importlib-metadata,2026-05-03T15:44:31+00:00
python/importlib_resources,306147182,0,,PyPI:importlib-resources,2026-05-03T15:44:31+00:00
python/mypy,7053637,0,,PyPI:mypy,2026-05-03T15:44:31+00:00
python/typeshed,31696383,0,,"PyPI:types-requests,PyPI:types-python-dateutil,PyPI:types-pyyaml,PyPI:types-pytz,PyPI:types-urllib3,PyPI:types-pyopenssl,PyPI:types-paramiko,PyPI:types-dataclasses,PyPI:types-tabulate,PyPI:types-deprecated,PyPI:types-aiofiles,PyPI:types-croniter,PyPI:types-certifi,PyPI:types-pymysql,PyPI:types-cryptography,PyPI:types-markupsafe,PyPI:types-python-slugify,PyPI:types-mock,PyPI:types-retry,PyPI:types-pillow,PyPI:types-psycopg2,PyPI:types-ujson,PyPI:types-freezegun,PyPI:types-beautifulsoup4,PyPI:types-jinja2",2026-05-03T15:44:55+00:00
python/typing,24604008,0,,PyPI:typing,2026-05-03T15:44:32+00:00
python/tzdata,242158882,0,,PyPI:tzdata,2026-05-03T15:44:32+00:00
qix-/color-convert,1874305,1,CVE-2025-59162,npm:color-convert,2026-05-03T15:44:32+00:00
qix-/node-error-ex,41388258,1,CVE-2025-59330,npm:error-ex,2026-05-03T15:44:32+00:00
qix-/node-is-arrayish,41376759,1,CVE-2025-59331,npm:is-arrayish,2026-05-03T15:44:33+00:00
radix-ui/primitives,273499522,0,,"npm:@radix-ui/react-compose-refs,npm:@radix-ui/react-slot,npm:@radix-ui/react-use-layout-effect,npm:@radix-ui/react-primitive,npm:@radix-ui/react-use-callback-ref,npm:@radix-ui/react-context,npm:@radix-ui/primitive,npm:@radix-ui/react-use-controllable-state,npm:@radix-ui/react-use-effect-event,npm:@radix-ui/react-id,npm:@radix-ui/rect,npm:@radix-ui/react-direction,npm:@radix-ui/react-presence,npm:@radix-ui/react-dismissable-layer,npm:@radix-ui/react-portal,npm:@radix-ui/react-use-escape-keydown,npm:@radix-ui/react-collection,npm:@radix-ui/react-focus-scope,npm:@radix-ui/react-focus-guards,npm:@radix-ui/react-use-size,npm:@radix-ui/react-popper,npm:@radix-ui/react-dialog,npm:@radix-ui/react-roving-focus,npm:@radix-ui/react-arrow,npm:@radix-ui/react-use-rect,npm:@radix-ui/react-use-previous,npm:@radix-ui/react-visually-hidden,npm:@radix-ui/number,npm:@radix-ui/react-select,npm:@radix-ui/react-menu,npm:@radix-ui/react-toggle,npm:@radix-ui/react-separator,npm:@radix-ui/react-use-is-hydrated,npm:@radix-ui/react-dropdown-menu,npm:@radix-ui/react-toggle-group,npm:@radix-ui/react-tooltip,npm:@radix-ui/react-collapsible,npm:@radix-ui/react-popover,npm:@radix-ui/react-tabs,npm:@radix-ui/react-checkbox,npm:@radix-ui/react-label,npm:@radix-ui/react-accordion,npm:@radix-ui/react-switch,npm:@radix-ui/react-toast,npm:@radix-ui/react-scroll-area,npm:@radix-ui/react-radio-group,npm:@radix-ui/react-menubar,npm:@radix-ui/react-avatar,npm:@radix-ui/react-navigation-menu,npm:@radix-ui/react-slider,npm:@radix-ui/react-progress,npm:@radix-ui/react-alert-dialog,npm:@radix-ui/react-toolbar,npm:@radix-ui/react-hover-card,npm:@radix-ui/react-context-menu,npm:@radix-ui/react-aspect-ratio",2026-05-03T15:45:28+00:00
raszi/node-tmp,2313213,1,CVE-2025-54798,npm:tmp,2026-05-03T15:44:32+00:00
raynos/for-each,6006855,0,,npm:for-each,2026-05-03T15:44:33+00:00
raynos/function-bind,10727014,0,,npm:function-bind,2026-05-03T15:44:33+00:00
raynos/xtend,4419184,0,,npm:xtend,2026-05-03T15:44:33+00:00
rayon-rs/either,42479602,0,,crates.io:either,2026-05-03T15:44:33+00:00
rayon-rs/rayon,24725038,0,,"crates.io:rayon,crates.io:rayon-core",2026-05-03T15:44:34+00:00
reactivex/rxjs,32247847,0,,npm:rxjs,2026-05-03T15:44:33+00:00
realpython/pytest-mypy,69576530,0,,PyPI:pytest-mypy,2026-05-03T15:44:34+00:00
remix-run/react-router,19872456,2,"CVE-2025-43864,CVE-2025-43865","npm:react-router,npm:react-router-dom,npm:@remix-run/router",2026-05-03T15:44:35+00:00
remusao/tldts,97631656,0,,"npm:tldts,npm:tldts-core,npm:tldts-icann",2026-05-03T15:44:36+00:00
requests/requests-oauthlib,6825724,0,,PyPI:requests-oauthlib,2026-05-03T15:44:34+00:00
requests/toolbelt,15515181,0,,PyPI:requests-toolbelt,2026-05-03T15:44:34+00:00
retep998/winapi-rs,23853482,0,,"crates.io:winapi,crates.io:winapi-x86_64-pc-windows-gnu,crates.io:winapi-i686-pc-windows-gnu,crates.io:winapi-build,crates.io:kernel32-sys,crates.io:ws2_32-sys",2026-05-03T15:44:39+00:00
rich-harris/estree-walker,33668779,0,,npm:estree-walker,2026-05-03T15:44:35+00:00
rich-harris/magic-string,26143240,0,,npm:magic-string,2026-05-03T15:44:35+00:00
rob--w/proxy-from-env,52038793,0,,npm:proxy-from-env,2026-05-03T15:44:35+00:00
rollup/plugins,203607977,0,,"npm:@rollup/pluginutils,npm:@rollup/plugin-node-resolve,npm:@rollup/plugin-replace,npm:@rollup/plugin-babel,npm:@rollup/plugin-commonjs,npm:@rollup/plugin-json,npm:@rollup/plugin-terser",2026-05-03T15:44:41+00:00
ronaldoussoren/pyobjc,243933900,0,,"PyPI:pyobjc-core,PyPI:pyobjc-framework-cocoa,PyPI:pyobjc,PyPI:pyobjc-framework-quartz,PyPI:pyobjc-framework-cfnetwork,PyPI:pyobjc-framework-coreservices,PyPI:pyobjc-framework-coremedia,PyPI:pyobjc-framework-security,PyPI:pyobjc-framework-avfoundation,PyPI:pyobjc-framework-fsevents,PyPI:pyobjc-framework-coreaudio,PyPI:pyobjc-framework-metal,PyPI:pyobjc-framework-coredata,PyPI:pyobjc-framework-coreml,PyPI:pyobjc-framework-corelocation,PyPI:pyobjc-framework-coretext,PyPI:pyobjc-framework-accounts,PyPI:pyobjc-framework-discrecording,PyPI:pyobjc-framework-spritekit,PyPI:pyobjc-framework-contacts,PyPI:pyobjc-framework-applicationservices,PyPI:pyobjc-framework-intents,PyPI:pyobjc-framework-addressbook,PyPI:pyobjc-framework-automator,PyPI:pyobjc-framework-launchservices,PyPI:pyobjc-framework-exceptionhandling,PyPI:pyobjc-framework-localauthentication,PyPI:pyobjc-framework-usernotifications,PyPI:pyobjc-framework-screensaver,PyPI:pyobjc-framework-syncservices,PyPI:pyobjc-framework-osakit,PyPI:pyobjc-framework-corewlan,PyPI:pyobjc-framework-notificationcenter,PyPI:pyobjc-framework-multipeerconnectivity,PyPI:pyobjc-framework-coremediaio,PyPI:pyobjc-framework-avkit,PyPI:pyobjc-framework-searchkit,PyPI:pyobjc-framework-servicemanagement,PyPI:pyobjc-framework-eventkit,PyPI:pyobjc-framework-network,PyPI:pyobjc-framework-findersync,PyPI:pyobjc-framework-netfs,PyPI:pyobjc-framework-instantmessage,PyPI:pyobjc-framework-naturallanguage,PyPI:pyobjc-framework-dictionaryservices,PyPI:pyobjc-framework-corebluetooth,PyPI:pyobjc-framework-systemconfiguration,PyPI:pyobjc-framework-libdispatch,PyPI:pyobjc-framework-applescriptkit,PyPI:pyobjc-framework-webkit,PyPI:pyobjc-framework-vision,PyPI:pyobjc-framework-preferencepanes,PyPI:pyobjc-framework-coreaudiokit,PyPI:pyobjc-framework-latentsemanticmapping,PyPI:pyobjc-framework-installerplugins,PyPI:pyobjc-framework-dvdplayback,PyPI:pyobjc-framework-securityinterface,PyPI:pyobjc-framework-diskarbitration,PyPI:pyobjc-framework-discrecordingui,PyPI:pyobjc-framework-securityfoundation,PyPI:pyobjc-framework-photos,PyPI:pyobjc-framework-colorsync,PyPI:pyobjc-framework-cryptotokenkit,PyPI:pyobjc-framework-safariservices,PyPI:pyobjc-framework-modelio,PyPI:pyobjc-framework-scriptingbridge,PyPI:pyobjc-framework-applescriptobjc,PyPI:pyobjc-framework-gamekit,PyPI:pyobjc-framework-scenekit,PyPI:pyobjc-framework-photosui,PyPI:pyobjc-framework-gamecenter,PyPI:pyobjc-framework-networkextension,PyPI:pyobjc-framework-gameplaykit,PyPI:pyobjc-framework-imagecapturecore,PyPI:pyobjc-framework-storekit,PyPI:pyobjc-framework-mediatoolbox,PyPI:pyobjc-framework-externalaccessory,PyPI:pyobjc-framework-videotoolbox,PyPI:pyobjc-framework-iosurface,PyPI:pyobjc-framework-gamecontroller,PyPI:pyobjc-framework-contactsui,PyPI:pyobjc-framework-mapkit,PyPI:pyobjc-framework-opendirectory,PyPI:pyobjc-framework-inputmethodkit,PyPI:pyobjc-framework-cloudkit,PyPI:pyobjc-framework-corespotlight,PyPI:pyobjc-framework-ituneslibrary,PyPI:pyobjc-framework-social,PyPI:pyobjc-framework-businesschat,PyPI:pyobjc-framework-mediaaccessibility,PyPI:pyobjc-framework-medialibrary,PyPI:pyobjc-framework-mediaplayer,PyPI:pyobjc-framework-adsupport,PyPI:pyobjc-framework-collaboration,PyPI:pyobjc-framework-videosubscriberaccount,PyPI:pyobjc-framework-calendarstore,PyPI:pyobjc-framework-fileprovider,PyPI:pyobjc-framework-metalperformanceshaders,PyPI:pyobjc-framework-iobluetooth,PyPI:pyobjc-framework-sharedwithyoucore,PyPI:pyobjc-framework-pubsub,PyPI:pyobjc-framework-coremidi,PyPI:pyobjc-framework-metalkit,PyPI:pyobjc-framework-authenticationservices,PyPI:pyobjc-framework-automaticassessmentconfiguration,PyPI:pyobjc-framework-speech,PyPI:pyobjc-framework-coremotion,PyPI:pyobjc-framework-oslog,PyPI:pyobjc-framework-systemextensions,PyPI:pyobjc-framework-pushkit,PyPI:pyobjc-framework-devicecheck,PyPI:pyobjc-framework-corehaptics,PyPI:pyobjc-framework-executionpolicy,PyPI:pyobjc-framework-pencilkit,PyPI:pyobjc-framework-soundanalysis,PyPI:pyobjc-framework-linkpresentation,PyPI:pyobjc-framework-fileproviderui,PyPI:pyobjc-framework-quicklookthumbnailing,PyPI:pyobjc-framework-replaykit,PyPI:pyobjc-framework-accessibility,PyPI:pyobjc-framework-virtualization,PyPI:pyobjc-framework-classkit,PyPI:pyobjc-framework-passkit,PyPI:pyobjc-framework-audiovideobridging,PyPI:pyobjc-framework-uniformtypeidentifiers,PyPI:pyobjc-framework-screentime,PyPI:pyobjc-framework-callkit,PyPI:pyobjc-framework-mlcompute,PyPI:pyobjc-framework-kernelmanagement,PyPI:pyobjc-framework-metalperformanceshadersgraph,PyPI:pyobjc-framework-apptrackingtransparency,PyPI:pyobjc-framework-adservices,PyPI:pyobjc-framework-usernotificationsui,PyPI:pyobjc-framework-intentsui,PyPI:pyobjc-framework-shazamkit,PyPI:pyobjc-framework-metrickit,PyPI:pyobjc-framework-localauthenticationembeddedui,PyPI:pyobjc-framework-mailkit,PyPI:pyobjc-framework-datadetection,PyPI:pyobjc-framework-screencapturekit,PyPI:pyobjc-framework-libxpc,PyPI:pyobjc-framework-iobluetoothui,PyPI:pyobjc-framework-phase,PyPI:pyobjc-framework-avrouting,PyPI:pyobjc-framework-healthkit,PyPI:pyobjc-framework-extensionkit,PyPI:pyobjc-framework-safetykit,PyPI:pyobjc-framework-metalfx,PyPI:pyobjc-framework-backgroundassets,PyPI:pyobjc-framework-sharedwithyou,PyPI:pyobjc-framework-threadnetwork,PyPI:pyobjc-framework-symbols,PyPI:pyobjc-framework-cinematic,PyPI:pyobjc-framework-sensitivecontentanalysis,PyPI:pyobjc-framework-browserenginekit,PyPI:pyobjc-framework-carbon,PyPI:pyobjc-framework-mediaextension,PyPI:pyobjc-framework-devicediscoveryextension,PyPI:pyobjc-framework-fskit,PyPI:pyobjc-framework-securityui,PyPI:pyobjc-framework-arkit,PyPI:pyobjc-framework-compositorservices,PyPI:pyobjc-framework-gamesave",2026-05-03T15:47:18+00:00
rust-cli/anstyle,493821282,1,GHSA-2rxc-gjrp-vjhx,"crates.io:anstyle,crates.io:anstream,crates.io:anstyle-parse,crates.io:anstyle-query,crates.io:colorchoice,crates.io:anstyle-wincon,crates.io:anstyle-svg,crates.io:anstyle-lossy",2026-05-03T15:44:43+00:00
rust-cli/env_logger,96382888,0,,"crates.io:env_logger,crates.io:env_filter",2026-05-03T15:44:37+00:00
rust-embedded/critical-section,365854323,0,,crates.io:critical-section,2026-05-03T15:44:36+00:00
rust-fuzz/arbitrary,90591032,0,,"crates.io:arbitrary,crates.io:derive_arbitrary",2026-05-03T15:44:37+00:00
rust-itertools/itertools,22360263,0,,crates.io:itertools,2026-05-03T15:44:37+00:00
rust-lang-nursery/lazy-static.rs,21157492,0,,crates.io:lazy_static,2026-05-03T15:44:37+00:00
rust-lang/cc-rs,26039547,0,,"crates.io:cc,crates.io:find-msvc-tools",2026-05-03T15:44:39+00:00
rust-lang/cfg-if,38723660,0,,crates.io:cfg-if,2026-05-03T15:44:38+00:00
rust-lang/compiler-builtins,65153793,0,,"crates.io:libm,crates.io:compiler_builtins",2026-05-03T15:44:39+00:00
rust-lang/flate2-rs,21954009,0,,crates.io:flate2,2026-05-03T15:44:38+00:00
rust-lang/futures-rs,55077261,4,"CVE-2020-35905,CVE-2020-35906,CVE-2020-35907,CVE-2020-35908","crates.io:futures,crates.io:futures-core,crates.io:futures-util,crates.io:futures-sink,crates.io:futures-channel,crates.io:futures-task,crates.io:futures-io,crates.io:futures-executor,crates.io:futures-macro,crates.io:futures-test",2026-05-03T15:44:48+00:00
rust-lang/glob,23241722,0,,crates.io:glob,2026-05-03T15:44:39+00:00
rust-lang/hashbrown,155119796,1,GHSA-wwq9-3cpr-mm53,crates.io:hashbrown,2026-05-03T15:44:39+00:00
rust-lang/libc,29197565,0,,crates.io:libc,2026-05-03T15:44:39+00:00
rust-lang/libz-sys,26042019,0,,"crates.io:libz-sys,crates.io:libz-ng-sys",2026-05-03T15:44:41+00:00
rust-lang/log,27974762,0,,crates.io:log,2026-05-03T15:44:40+00:00
rust-lang/pkg-config-rs,26042035,0,,crates.io:pkg-config,2026-05-03T15:44:40+00:00
rust-lang/regex,27890669,1,CVE-2022-24713,"crates.io:regex,crates.io:regex-automata,crates.io:regex-syntax,crates.io:regex-test,crates.io:regex-lite",2026-05-03T15:44:44+00:00
rust-lang/rust,724712,0,,"crates.io:rustc-std-workspace-core,crates.io:rustc-std-workspace-alloc,crates.io:rustc-std-workspace-std",2026-05-03T15:44:42+00:00
rust-lang/tempdir,31728565,0,,crates.io:tempdir,2026-05-03T15:44:40+00:00
rust-num/num-traits,114705611,0,,crates.io:num-traits,2026-05-03T15:44:40+00:00
rust-phf/rust-phf,15992970,0,,"crates.io:phf_shared,crates.io:phf,crates.io:phf_generator,crates.io:phf_macros,crates.io:phf_codegen",2026-05-03T15:44:45+00:00
rust-random/getrandom,166545969,0,,crates.io:getrandom,2026-05-03T15:44:41+00:00
rust-random/rand,30227790,1,RUSTSEC-2025-0124,"crates.io:rand,crates.io:rand_chacha,crates.io:rand_os",2026-05-03T15:44:43+00:00
rust-random/rand_core,1086593277,2,"CVE-2020-25576,CVE-2021-27378",crates.io:rand_core,2026-05-03T15:44:41+00:00
rust-random/rngs,209510094,0,,"crates.io:rand_xorshift,crates.io:rand_pcg,crates.io:rand_hc,crates.io:rand_xoshiro,crates.io:rand_isaac,crates.io:rand_jitter",2026-05-03T15:44:47+00:00
rustcrypto/formats,406051759,0,,"crates.io:base64ct,crates.io:const-oid,crates.io:der,crates.io:spki,crates.io:pkcs8,crates.io:pem-rfc7468,crates.io:base16ct,crates.io:pkcs1,crates.io:sec1,crates.io:serdect,crates.io:pkcs5,crates.io:der_derive,crates.io:phc,crates.io:x509-cert,crates.io:tls_codec_derive,crates.io:tls_codec,crates.io:cms,crates.io:pkcs12",2026-05-03T15:45:00+00:00
rustcrypto/hashes,74106774,3,"CVE-2019-16143,CVE-2019-25006,CVE-2021-45696","crates.io:sha2,crates.io:sha1,crates.io:md-5,crates.io:sha3,crates.io:sha-1,crates.io:blake2,crates.io:streebog,crates.io:ripemd,crates.io:sha1-checked,crates.io:whirlpool,crates.io:md4,crates.io:sm3",2026-05-03T15:44:53+00:00
rustcrypto/stream-ciphers,83051505,1,CVE-2019-25005,"crates.io:chacha20,crates.io:salsa20",2026-05-03T15:44:43+00:00
rustcrypto/traits,85605821,0,,"crates.io:digest,crates.io:crypto-common,crates.io:cipher,crates.io:signature,crates.io:elliptic-curve,crates.io:aead,crates.io:universal-hash,crates.io:crypto-mac,crates.io:password-hash,crates.io:signature_derive,crates.io:kem",2026-05-03T15:44:53+00:00
rustcrypto/utils,77307442,2,"CVE-2021-45706,RUSTSEC-2021-0064","crates.io:zeroize,crates.io:hex-literal,crates.io:cpufeatures,crates.io:zeroize_derive,crates.io:block-buffer,crates.io:blobby,crates.io:ctutils,crates.io:inout,crates.io:opaque-debug,crates.io:block-padding,crates.io:cmov,crates.io:byte-tools,crates.io:fake-simd,crates.io:cpubits,crates.io:cpuid-bool,crates.io:dbl",2026-05-03T15:44:59+00:00
rvagg/bl,10706095,0,,npm:bl,2026-05-03T15:44:44+00:00
rvagg/prr,9151864,0,,npm:prr,2026-05-03T15:44:44+00:00
rvagg/through2,11808187,0,,npm:through2,2026-05-03T15:44:45+00:00
ryanzim/universalify,87651180,0,,npm:universalify,2026-05-03T15:44:45+00:00
salesforce/tough-cookie,2606873,1,CVE-2023-26136,npm:tough-cookie,2026-05-03T15:44:45+00:00
samn/json-stable-stringify,76598131,0,,npm:json-stable-stringify-without-jsonify,2026-05-03T15:44:46+00:00
samverschueren/decode-uri-component,91837954,1,CVE-2022-38900,npm:decode-uri-component,2026-05-03T15:44:46+00:00
sboudrias/inquirer.js,10114077,0,,"npm:inquirer,npm:@inquirer/type,npm:@inquirer/core,npm:@inquirer/figures,npm:@inquirer/ansi,npm:@inquirer/prompts,npm:@inquirer/external-editor,npm:@inquirer/number,npm:@inquirer/search,npm:@inquirer/confirm,npm:@inquirer/rawlist,npm:@inquirer/select,npm:@inquirer/input,npm:@inquirer/checkbox,npm:@inquirer/password,npm:@inquirer/editor,npm:@inquirer/expand",2026-05-03T15:45:02+00:00
scikit-build/ninja-python-distributions,75102202,0,,PyPI:ninja,2026-05-03T15:44:46+00:00
scikit-learn/scikit-learn,843222,3,"CVE-2020-13092,CVE-2020-28975,CVE-2024-5206",PyPI:scikit-learn,2026-05-03T15:44:47+00:00
scipy/scipy,1460385,3,"CVE-2013-4251,CVE-2023-25399,CVE-2023-29824",PyPI:scipy,2026-05-03T15:44:47+00:00
seanmonstar/reqwest,62350380,0,,crates.io:reqwest,2026-05-03T15:44:47+00:00
sec-ant/readable-stream,569980966,0,,npm:@sec-ant/readable-stream,2026-05-03T15:44:47+00:00
serde-rs/bytes,87358441,0,,crates.io:serde_bytes,2026-05-03T15:44:48+00:00
serde-rs/json,35894511,0,,crates.io:serde_json,2026-05-03T15:44:48+00:00
serde-rs/serde,14367737,0,,"crates.io:serde,crates.io:serde_derive,crates.io:serde_core,crates.io:serde_derive_internals",2026-05-03T15:44:52+00:00
serde-rs/test,670894947,0,,crates.io:serde_test,2026-05-03T15:44:48+00:00
servo/rust-fnv,33499190,0,,crates.io:fnv,2026-05-03T15:44:48+00:00
servo/rust-smallvec,33456236,5,"CVE-2018-20991,CVE-2018-25023,CVE-2019-15551,CVE-2019-15554,CVE-2021-25900",crates.io:smallvec,2026-05-03T15:44:49+00:00
servo/rust-url,14934771,1,CVE-2024-12224,"crates.io:percent-encoding,crates.io:url,crates.io:idna,crates.io:form_urlencoded,crates.io:data-url",2026-05-03T15:44:53+00:00
shtylman/node-process,7580644,0,,npm:process,2026-05-03T15:44:49+00:00
sinclairzx81/sinclair-typebox,1122129819,0,,npm:@sinclair/typebox,2026-05-03T15:44:49+00:00
sindresorhus/ansi-escapes,40721875,0,,npm:ansi-escapes,2026-05-03T15:44:49+00:00
sindresorhus/array-union,21005682,0,,npm:array-union,2026-05-03T15:44:50+00:00
sindresorhus/binary-extensions,29771015,0,,npm:binary-extensions,2026-05-03T15:44:50+00:00
sindresorhus/callsites,18938743,0,,npm:callsites,2026-05-03T15:44:50+00:00
sindresorhus/camelcase,25116836,0,,npm:camelcase,2026-05-03T15:44:50+00:00
sindresorhus/clean-stack,62838930,0,,npm:clean-stack,2026-05-03T15:44:51+00:00
sindresorhus/cli-cursor,23512396,0,,npm:cli-cursor,2026-05-03T15:44:51+00:00
sindresorhus/crypto-random-string,73665728,0,,npm:crypto-random-string,2026-05-03T15:44:51+00:00
sindresorhus/decamelize,29773710,0,,npm:decamelize,2026-05-03T15:44:51+00:00
sindresorhus/detect-newline,21304485,0,,npm:detect-newline,2026-05-03T15:44:52+00:00
sindresorhus/environment,793180075,0,,npm:environment,2026-05-03T15:44:52+00:00
sindresorhus/escape-string-regexp,21169121,0,,npm:escape-string-regexp,2026-05-03T15:44:52+00:00
sindresorhus/execa,47475908,0,,npm:execa,2026-05-03T15:44:52+00:00
sindresorhus/figures,21672939,0,,npm:figures,2026-05-03T15:44:52+00:00
sindresorhus/file-type,19105307,1,CVE-2022-36313,npm:file-type,2026-05-03T15:44:53+00:00
sindresorhus/find-cache-dir,48783244,0,,npm:find-cache-dir,2026-05-03T15:44:53+00:00
sindresorhus/find-up,41723004,0,,npm:find-up,2026-05-03T15:44:53+00:00
sindresorhus/find-up-simple,714044439,0,,npm:find-up-simple,2026-05-03T15:44:53+00:00
sindresorhus/get-east-asian-width,711160838,0,,npm:get-east-asian-width,2026-05-03T15:44:53+00:00
sindresorhus/get-stream,44264225,0,,npm:get-stream,2026-05-03T15:44:53+00:00
sindresorhus/globals,15186239,0,,npm:globals,2026-05-03T15:44:54+00:00
sindresorhus/globby,21069494,0,,npm:globby,2026-05-03T15:44:54+00:00
sindresorhus/has-flag,38718671,0,,npm:has-flag,2026-05-03T15:44:54+00:00
sindresorhus/import-fresh,22020904,0,,npm:import-fresh,2026-05-03T15:44:54+00:00
sindresorhus/import-local,90292430,0,,npm:import-local,2026-05-03T15:44:54+00:00
sindresorhus/indent-string,20576837,0,,npm:indent-string,2026-05-03T15:44:54+00:00
sindresorhus/is-binary-path,29771247,0,,npm:is-binary-path,2026-05-03T15:44:54+00:00
sindresorhus/is-docker,33590534,0,,npm:is-docker,2026-05-03T15:44:54+00:00
sindresorhus/is-fullwidth-code-point,39222301,0,,npm:is-fullwidth-code-point,2026-05-03T15:44:54+00:00
sindresorhus/is-inside-container,601943060,0,,npm:is-inside-container,2026-05-03T15:44:54+00:00
sindresorhus/is-path-inside,21054113,0,,npm:is-path-inside,2026-05-03T15:44:55+00:00
sindresorhus/is-plain-obj,38923193,0,,npm:is-plain-obj,2026-05-03T15:44:55+00:00
sindresorhus/is-stream,29436825,0,,npm:is-stream,2026-05-03T15:44:55+00:00
sindresorhus/is-unicode-supported,348660847,0,,npm:is-unicode-supported,2026-05-03T15:44:55+00:00
sindresorhus/is-wsl,88415331,0,,npm:is-wsl,2026-05-03T15:44:55+00:00
sindresorhus/leven,22794601,0,,npm:leven,2026-05-03T15:44:55+00:00
sindresorhus/locate-path,74266248,0,,npm:locate-path,2026-05-03T15:44:55+00:00
sindresorhus/log-symbols,21673868,0,,npm:log-symbols,2026-05-03T15:44:55+00:00
sindresorhus/lowercase-keys,29769737,0,,npm:lowercase-keys,2026-05-03T15:44:55+00:00
sindresorhus/make-dir,90776169,0,,npm:make-dir,2026-05-03T15:44:55+00:00
sindresorhus/meow,25121561,0,,npm:meow,2026-05-03T15:44:56+00:00
sindresorhus/mimic-fn,71381729,0,,npm:mimic-fn,2026-05-03T15:44:56+00:00
sindresorhus/mimic-function,71381729,0,,npm:mimic-function,2026-05-03T15:44:56+00:00
sindresorhus/mimic-response,93189529,0,,npm:mimic-response,2026-05-03T15:44:56+00:00
sindresorhus/node-defaults,7985040,0,,npm:defaults,2026-05-03T15:44:56+00:00
sindresorhus/normalize-url,29094022,1,CVE-2021-33502,npm:normalize-url,2026-05-03T15:44:56+00:00
sindresorhus/npm-run-path,48707028,0,,npm:npm-run-path,2026-05-03T15:44:56+00:00
sindresorhus/object-assign,16457190,0,,npm:object-assign,2026-05-03T15:44:56+00:00
sindresorhus/onetime,14847357,0,,npm:onetime,2026-05-03T15:44:56+00:00
sindresorhus/open,18469325,0,,"npm:open,npm:opn",2026-05-03T15:44:57+00:00
sindresorhus/p-limit,71542716,0,,npm:p-limit,2026-05-03T15:44:56+00:00
sindresorhus/p-locate,74265632,0,,npm:p-locate,2026-05-03T15:44:57+00:00
sindresorhus/p-map,71526722,0,,npm:p-map,2026-05-03T15:44:57+00:00
sindresorhus/p-try,71534796,0,,npm:p-try,2026-05-03T15:44:57+00:00
sindresorhus/parent-module,50187748,0,,npm:parent-module,2026-05-03T15:44:57+00:00
sindresorhus/parse-json,41367145,0,,npm:parse-json,2026-05-03T15:44:57+00:00
sindresorhus/path-exists,34965664,0,,npm:path-exists,2026-05-03T15:44:57+00:00
sindresorhus/path-is-absolute,30900285,0,,npm:path-is-absolute,2026-05-03T15:44:57+00:00
sindresorhus/path-key,48706449,0,,npm:path-key,2026-05-03T15:44:57+00:00
sindresorhus/path-type,41905436,0,,npm:path-type,2026-05-03T15:44:57+00:00
sindresorhus/pify,41585934,0,,npm:pify,2026-05-03T15:44:57+00:00
sindresorhus/pkg-dir,41724281,0,,npm:pkg-dir,2026-05-03T15:44:58+00:00
sindresorhus/quick-lru,86679721,0,,"npm:quick-lru,npm:@alloc/quick-lru",2026-05-03T15:44:59+00:00
sindresorhus/read-pkg,41790094,0,,npm:read-pkg,2026-05-03T15:44:58+00:00
sindresorhus/read-pkg-up,41842429,0,,npm:read-pkg-up,2026-05-03T15:44:58+00:00
sindresorhus/resolve-cwd,47504070,0,,npm:resolve-cwd,2026-05-03T15:44:58+00:00
sindresorhus/resolve-from,22022707,0,,npm:resolve-from,2026-05-03T15:44:58+00:00
sindresorhus/restore-cursor,23512229,0,,npm:restore-cursor,2026-05-03T15:44:58+00:00
sindresorhus/shebang-regex,30903733,0,,npm:shebang-regex,2026-05-03T15:44:58+00:00
sindresorhus/slash,11516031,0,,npm:slash,2026-05-03T15:44:58+00:00
sindresorhus/string-width,39222730,0,,npm:string-width,2026-05-03T15:44:59+00:00
sindresorhus/strip-bom,18444852,0,,"npm:strip-bom,npm:@types/strip-bom",2026-05-03T15:45:00+00:00
sindresorhus/strip-final-newline,47453723,0,,npm:strip-final-newline,2026-05-03T15:44:59+00:00
sindresorhus/strip-indent,18242629,0,,npm:strip-indent,2026-05-03T15:44:59+00:00
sindresorhus/strip-json-comments,14468669,0,,"npm:strip-json-comments,npm:@types/strip-json-comments",2026-05-03T15:45:00+00:00
sindresorhus/tagged-tag,795552264,0,,npm:tagged-tag,2026-05-03T15:44:59+00:00
sindresorhus/to-fast-properties,31656998,0,,npm:to-fast-properties,2026-05-03T15:44:59+00:00
sindresorhus/type-fest,175398594,0,,npm:type-fest,2026-05-03T15:44:59+00:00
sindresorhus/unicorn-magic,716660564,0,,npm:unicorn-magic,2026-05-03T15:45:00+00:00
sindresorhus/yocto-queue,315531538,0,,npm:yocto-queue,2026-05-03T15:44:59+00:00
sinonjs/commons,143001748,0,,npm:@sinonjs/commons,2026-05-03T15:45:00+00:00
sinonjs/fake-timers,16523712,0,,npm:@sinonjs/fake-timers,2026-05-03T15:45:00+00:00
smithy-lang/smithy-rs,308027791,1,CVE-2023-30610,"crates.io:aws-smithy-types,crates.io:aws-smithy-async,crates.io:aws-smithy-runtime-api,crates.io:aws-smithy-http,crates.io:aws-smithy-json,crates.io:aws-runtime,crates.io:aws-types,crates.io:aws-credential-types,crates.io:aws-smithy-runtime,crates.io:aws-sigv4,crates.io:aws-smithy-xml,crates.io:aws-config,crates.io:aws-smithy-query,crates.io:aws-smithy-eventstream,crates.io:aws-smithy-checksums,crates.io:aws-smithy-http-client,crates.io:aws-smithy-protocol-test,crates.io:aws-http,crates.io:aws-smithy-client,crates.io:aws-smithy-http-tower,crates.io:aws-sig-auth,crates.io:aws-endpoint,crates.io:aws-smithy-types-convert,crates.io:aws-smithy-mocks",2026-05-03T15:45:23+00:00
smithy-lang/smithy-typescript,208319207,0,,"npm:@smithy/types,npm:@smithy/util-buffer-from,npm:@smithy/util-utf8,npm:@smithy/protocol-http,npm:@smithy/is-array-buffer,npm:@smithy/property-provider,npm:@smithy/node-config-provider,npm:@smithy/shared-ini-file-loader,npm:@smithy/util-middleware,npm:@smithy/smithy-client,npm:@smithy/util-base64,npm:@smithy/core,npm:@smithy/url-parser,npm:@smithy/querystring-builder,npm:@smithy/util-hex-encoding,npm:@smithy/util-uri-escape,npm:@smithy/util-stream,npm:@smithy/abort-controller,npm:@smithy/querystring-parser,npm:@smithy/service-error-classification,npm:@smithy/node-http-handler,npm:@smithy/util-retry,npm:@smithy/fetch-http-handler,npm:@smithy/middleware-endpoint,npm:@smithy/middleware-stack,npm:@smithy/config-resolver,npm:@smithy/util-config-provider,npm:@smithy/util-endpoints,npm:@smithy/middleware-serde,npm:@smithy/signature-v4,npm:@smithy/credential-provider-imds,npm:@smithy/util-body-length-browser,npm:@smithy/hash-node,npm:@smithy/middleware-retry,npm:@smithy/util-defaults-mode-node,npm:@smithy/util-defaults-mode-browser,npm:@smithy/middleware-content-length,npm:@smithy/invalid-dependency,npm:@smithy/util-body-length-node,npm:@smithy/eventstream-codec,npm:@smithy/eventstream-serde-universal,npm:@smithy/util-waiter,npm:@smithy/eventstream-serde-node,npm:@smithy/eventstream-serde-browser,npm:@smithy/eventstream-serde-config-resolver,npm:@smithy/chunked-blob-reader-native,npm:@smithy/chunked-blob-reader,npm:@smithy/md5-js,npm:@smithy/uuid,npm:@smithy/hash-stream-node,npm:@smithy/hash-blob-browser",2026-05-03T15:45:50+00:00
smol-rs/fastrand,267368764,0,,crates.io:fastrand,2026-05-03T15:45:00+00:00
snowflakedb/snowflake-connector-python,62262074,6,"CVE-2022-42965,CVE-2023-34233,CVE-2024-49750,CVE-2025-24793,CVE-2025-24794,CVE-2025-24795",PyPI:snowflake-connector-python,2026-05-03T15:45:00+00:00
socketio/socket.io,557980,9,"CVE-2020-28481,CVE-2020-36048,CVE-2020-36049,CVE-2022-21676,CVE-2022-2421,CVE-2022-41940,CVE-2023-31125,CVE-2023-32695,CVE-2024-38355","npm:socket.io-parser,npm:engine.io-parser,npm:engine.io,npm:socket.io-adapter,npm:engine.io-client,npm:socket.io,npm:socket.io-client",2026-05-03T15:45:06+00:00
sqlalchemy/sqlalchemy,159271175,1,CVE-2012-0805,PyPI:sqlalchemy,2026-05-03T15:44:59+00:00
srijs/rust-crc32fast,157348282,0,,crates.io:crc32fast,2026-05-03T15:45:00+00:00
stebalien/tempfile,33832372,0,,crates.io:tempfile,2026-05-03T15:45:00+00:00
stefanpenner/get-caller-file,48818175,0,,npm:get-caller-file,2026-05-03T15:45:01+00:00
storybookjs/storybook,54173593,1,CVE-2025-68429,"npm:@storybook/client-logger,npm:@storybook/core-events,npm:@storybook/theming,npm:@storybook/manager-api,npm:@storybook/components,npm:@storybook/preview-api,npm:@storybook/types,npm:@storybook/addons,npm:@storybook/api,npm:storybook,npm:eslint-plugin-storybook",2026-05-03T15:45:10+00:00
stream-utils/destroy,15544623,0,,npm:destroy,2026-05-03T15:45:01+00:00
stream-utils/raw-body,12823654,0,,npm:raw-body,2026-05-03T15:45:01+00:00
stream-utils/unpipe,37428186,0,,npm:unpipe,2026-05-03T15:45:01+00:00
streamich/memfs,37490572,0,,"npm:memfs,npm:@jsonjoy.com/fs-node-builtins,npm:@jsonjoy.com/fs-node-utils,npm:@jsonjoy.com/fs-core,npm:@jsonjoy.com/fs-node,npm:@jsonjoy.com/fs-fsa,npm:@jsonjoy.com/fs-snapshot,npm:@jsonjoy.com/fs-print,npm:@jsonjoy.com/fs-node-to-fsa",2026-05-03T15:45:09+00:00
stub42/pytz,63155638,0,,PyPI:pytz,2026-05-03T15:45:01+00:00
suguru03/neo-async,27030361,0,,npm:neo-async,2026-05-03T15:45:01+00:00
sval-rs/sval,157205610,0,,"crates.io:sval,crates.io:sval_derive_macros,crates.io:sval_ref,crates.io:sval_derive,crates.io:sval_test,crates.io:sval_flatten,crates.io:sval_dynamic,crates.io:sval_fmt,crates.io:sval_buffer,crates.io:sval_json,crates.io:sval_serde,crates.io:sval_nested",2026-05-03T15:45:12+00:00
swc-project/swc,115110181,0,,"npm:@swc/helpers,npm:@swc/types,npm:@swc/core,crates.io:swc_macros_common,crates.io:swc_common,crates.io:swc_atoms,crates.io:swc_ecma_ast,crates.io:swc_ecma_visit,crates.io:swc_ecma_parser,crates.io:swc_visit,crates.io:string_enum,crates.io:better_scoped_tls,crates.io:ast_node,crates.io:from_variant,crates.io:swc_eq_ignore_macros,crates.io:hstr,crates.io:swc_ecma_utils,crates.io:swc_ecma_transforms_base,crates.io:swc_allocator,crates.io:testing,crates.io:swc_ecma_codegen,crates.io:swc_visit_macros,crates.io:swc_ecma_codegen_macros,crates.io:swc_ecma_transforms_typescript,crates.io:swc_ecma_transforms_react,crates.io:swc_ecma_transforms_proposal,crates.io:swc_core,crates.io:swc_ecma_transforms_testing,crates.io:swc_config,crates.io:swc_malloc,crates.io:swc_ecma_transforms_classes,crates.io:swc_ecma_loader,crates.io:swc_ecma_transforms_macros,crates.io:swc_error_reporters,crates.io:swc_config_macro,crates.io:swc_ecma_transforms_optimization,crates.io:swc_ecma_minifier,crates.io:swc_ecma_transforms_compat,crates.io:testing_macros,crates.io:swc_sourcemap,crates.io:swc,crates.io:swc_trace_macro,crates.io:swc_ecma_transforms,crates.io:swc_bundler,crates.io:swc_ecma_testing,crates.io:swc_ecma_lexer,crates.io:swc_ecma_transforms_module,crates.io:swc_ecma_preset_env,crates.io:swc_plugin_proxy,crates.io:swc_css_ast,crates.io:swc_timer,crates.io:swc_ecma_usage_analyzer,crates.io:swc_css_visit,crates.io:swc_ecma_lints,crates.io:swc_plugin_macro,crates.io:swc_css_parser,crates.io:swc_plugin,crates.io:binding_macros,crates.io:swc_graph_analyzer,crates.io:swc_ecma_ext_transforms,crates.io:swc_css_codegen,crates.io:swc_css_utils,crates.io:swc_ecma_transformer,crates.io:swc_ecma_compat_es2022,crates.io:swc_node_bundler,crates.io:preset_env_base,crates.io:swc_node_comments,crates.io:swc_plugin_runner,crates.io:swc_ecma_quote_macros,crates.io:swc_ecma_compat_es2015,crates.io:swc_ecma_compat_bugfixes,crates.io:swc_ecma_compat_es2017,crates.io:swc_css_prefixer,crates.io:swc_ecma_compat_es2018,crates.io:swc_ecma_compat_es2020,crates.io:swc_ecma_compat_es2016,crates.io:swc_ecma_compat_es2019,crates.io:swc_ecma_compat_es3,crates.io:swc_ecma_compat_es2021,crates.io:swc_ecma_compat_common,crates.io:swc_compiler_base,crates.io:swc_css_compat,crates.io:swc_css_minifier,crates.io:swc_css_modules,crates.io:swc_css_codegen_macros,crates.io:swc_transform_common,crates.io:swc_typescript,crates.io:swc_nodejs_common,crates.io:swc_ecma_hooks,crates.io:swc_ts_fast_strip,crates.io:swc_ecma_regexp,crates.io:swc_ecma_compat_regexp,crates.io:swc_plugin_backend_wasmer,crates.io:swc_ecma_react_compiler,crates.io:swc_ecma_regexp_ast,crates.io:swc_ecma_regexp_visit,crates.io:swc_ecma_regexp_common",2026-05-03T15:46:38+00:00
sybrenstuvel/python-rsa,50107469,3,"CVE-2016-1494,CVE-2020-13757,CVE-2020-25658",PyPI:rsa,2026-05-03T15:45:02+00:00
syntax-tree/unist-util-is,41795086,0,,npm:unist-util-is,2026-05-03T15:45:02+00:00
taiki-e/pin-project,164668916,0,,"crates.io:pin-project,crates.io:pin-project-internal",2026-05-03T15:45:03+00:00
taiki-e/pin-project-lite,216847853,0,,crates.io:pin-project-lite,2026-05-03T15:45:02+00:00
taiki-e/portable-atomic,448365131,0,,crates.io:portable-atomic,2026-05-03T15:45:02+00:00
tapjs/signal-exit,35711072,0,,npm:signal-exit,2026-05-03T15:45:02+00:00
tapjs/stack-utils,48974178,0,,npm:stack-utils,2026-05-03T15:45:03+00:00
tartley/colorama,18892209,0,,PyPI:colorama,2026-05-03T15:45:03+00:00
teambition/merge2,25396227,0,,npm:merge2,2026-05-03T15:45:03+00:00
teddriggs/darling,89984100,0,,"crates.io:darling_core,crates.io:darling,crates.io:darling_macro",2026-05-03T15:45:05+00:00
tehshrike/deepmerge,3276413,0,,npm:deepmerge,2026-05-03T15:45:03+00:00
terkelg/sisteransi,122441239,0,,npm:sisteransi,2026-05-03T15:45:03+00:00
terser/terser,29097127,1,CVE-2022-25858,npm:terser,2026-05-03T15:45:04+00:00
textualize/rich,220809393,0,,PyPI:rich,2026-05-03T15:45:04+00:00
theskumar/python-dotenv,23727790,0,,PyPI:python-dotenv,2026-05-03T15:45:04+00:00
thlorenz/convert-source-map,8751561,0,,npm:convert-source-map,2026-05-03T15:45:04+00:00
thlorenz/deep-is,9345558,0,,npm:deep-is,2026-05-03T15:45:04+00:00
tim-kos/node-retry,1738798,0,,npm:retry,2026-05-03T15:45:04+00:00
time-rs/time,26459635,1,CVE-2020-26235,"crates.io:time,crates.io:time-core,crates.io:time-macros,crates.io:time-macros-impl",2026-05-03T15:45:07+00:00
tj/commander.js,2206953,0,,npm:commander,2026-05-03T15:45:05+00:00
tkem/cachetools,18006791,0,,PyPI:cachetools,2026-05-03T15:45:05+00:00
tokio-rs/bytes,30062547,0,,crates.io:bytes,2026-05-03T15:45:05+00:00
tokio-rs/loom,161875917,0,,crates.io:loom,2026-05-03T15:45:05+00:00
tokio-rs/prost,94262864,2,"CVE-2020-35858,CVE-2021-38192","crates.io:prost,crates.io:prost-derive,crates.io:prost-types,crates.io:prost-build",2026-05-03T15:45:08+00:00
tokio-rs/slab,37093133,1,CVE-2025-55159,crates.io:slab,2026-05-03T15:45:06+00:00
tokio-rs/tokio,67836789,5,"CVE-2021-38191,CVE-2021-45710,CVE-2023-22466,GHSA-4q83-7cq4-p6wg,GHSA-rr8g-9fpq-6wmg","crates.io:tokio,crates.io:tokio-stream,crates.io:tokio-util,crates.io:tokio-macros,crates.io:tokio-test,crates.io:tokio-io,crates.io:tokio-executor,crates.io:tokio-sync,crates.io:tokio-current-thread,crates.io:tokio-reactor,crates.io:tokio-timer,crates.io:tokio-threadpool,crates.io:tokio-tcp,crates.io:tokio-codec,crates.io:tokio-tls,crates.io:tokio-uds,crates.io:tokio-fs,crates.io:tokio-udp,crates.io:tokio-buf",2026-05-03T15:45:24+00:00
tokio-rs/tracing,165289175,2,"CVE-2025-58160,GHSA-8f24-6m29-wm2r","crates.io:tracing,crates.io:tracing-core,crates.io:tracing-subscriber,crates.io:tracing-attributes,crates.io:tracing-log,crates.io:tracing-serde,crates.io:tracing-futures,crates.io:tracing-mock,crates.io:tracing-appender,crates.io:tracing-error,crates.io:tracing-flame,crates.io:tracing-journald",2026-05-03T15:45:18+00:00
toml-rs/toml,95902102,0,,"crates.io:toml,crates.io:toml_edit,crates.io:toml_datetime,crates.io:serde_spanned,crates.io:toml_writer,crates.io:toml_parser,crates.io:toml_write",2026-05-03T15:45:12+00:00
tootallnate/proxy-agents,11293703,2,"CVE-2019-10196,CVE-2021-23406","npm:agent-base,npm:https-proxy-agent,npm:http-proxy-agent,npm:data-uri-to-buffer,npm:socks-proxy-agent,npm:degenerator,npm:pac-resolver,npm:proxy-agent,npm:pac-proxy-agent,npm:get-uri",2026-05-03T15:45:15+00:00
tootallnate/util-deprecate,19321056,0,,npm:util-deprecate,2026-05-03T15:45:07+00:00
tower-rs/tower,98244646,0,,"crates.io:tower-service,crates.io:tower-layer,crates.io:tower,crates.io:tower-test,crates.io:tower-util",2026-05-03T15:45:11+00:00
tox-dev/filelock,17098256,1,CVE-2025-68146,PyPI:filelock,2026-05-03T15:45:08+00:00
tox-dev/platformdirs,367032142,0,,PyPI:platformdirs,2026-05-03T15:45:09+00:00
troygoode/node-require-directory,3053807,0,,npm:require-directory,2026-05-03T15:45:09+00:00
trysound/postcss-value-parser,40920306,0,,npm:postcss-value-parser,2026-05-03T15:45:09+00:00
tsconfig/bases,263697285,0,,"npm:@tsconfig/node16,npm:@tsconfig/node10,npm:@tsconfig/node14,npm:@tsconfig/node12",2026-05-03T15:45:12+00:00
typescript-eslint/typescript-eslint,165536154,0,,"npm:@typescript-eslint/types,npm:@typescript-eslint/visitor-keys,npm:@typescript-eslint/typescript-estree,npm:@typescript-eslint/utils,npm:@typescript-eslint/scope-manager,npm:@typescript-eslint/parser,npm:@typescript-eslint/type-utils,npm:@typescript-eslint/eslint-plugin,npm:@typescript-eslint/tsconfig-utils,npm:@typescript-eslint/project-service,npm:@typescript-eslint/experimental-utils,npm:typescript-eslint",2026-05-03T15:45:21+00:00
unicode-org/icu4x,243395141,2,"GHSA-74r5-g7vc-j2v2,GHSA-xrv3-jmcp-374j","crates.io:zerofrom-derive,crates.io:zerovec,crates.io:zerofrom,crates.io:icu_properties,crates.io:icu_normalizer,crates.io:yoke,crates.io:icu_provider,crates.io:yoke-derive,crates.io:zerovec-derive,crates.io:writeable,crates.io:icu_collections,crates.io:litemap,crates.io:tinystr,crates.io:icu_properties_data,crates.io:databake,crates.io:icu_normalizer_data,crates.io:zerotrie,crates.io:icu_locale_core,crates.io:icu_locid,crates.io:icu_locid_transform_data,crates.io:icu_locid_transform,crates.io:icu_provider_macros,crates.io:potential_utf,crates.io:databake-derive,crates.io:icu_locale,crates.io:fixed_decimal,crates.io:icu_decimal,crates.io:icu_calendar,crates.io:icu_decimal_data,crates.io:icu_plurals,crates.io:icu_list,crates.io:calendrical_calculations,crates.io:icu_calendar_data,crates.io:icu_datetime,crates.io:icu_provider_adapters,crates.io:icu_plurals_data,crates.io:icu_segmenter,crates.io:icu_datetime_data,crates.io:icu_segmenter_data,crates.io:icu_list_data,crates.io:icu_collator,crates.io:icu_collator_data,crates.io:icu_locale_data,crates.io:icu_casemap,crates.io:icu_casemap_data,crates.io:icu_pattern,crates.io:icu_provider_blob,crates.io:icu,crates.io:icu_experimental,crates.io:icu_experimental_data,crates.io:ixdtf,crates.io:icu_time,crates.io:zoneinfo64,crates.io:icu_time_data,crates.io:resb,crates.io:tzif,crates.io:icu_provider_registry",2026-05-03T15:46:06+00:00
unicode-rs/unicode-xid,34637906,0,,crates.io:unicode-xid,2026-05-03T15:45:10+00:00
unshiftio/requires-port,26316179,0,,npm:requires-port,2026-05-03T15:45:11+00:00
uqfoundation/dill,11031844,0,,PyPI:dill,2026-05-03T15:45:11+00:00
urllib3/urllib3,2410676,14,"CVE-2016-9015,CVE-2018-25091,CVE-2019-11236,CVE-2020-26137,CVE-2020-7212,CVE-2021-28363,CVE-2021-33503,CVE-2023-43804,CVE-2023-45803,CVE-2024-37891,CVE-2025-50181,CVE-2025-50182,CVE-2025-66418,CVE-2025-66471",PyPI:urllib3,2026-05-03T15:45:13+00:00
uuidjs/uuid,1203139,0,,npm:uuid,2026-05-03T15:45:12+00:00
vercel/ai,644461337,1,CVE-2025-48985,"npm:ai,npm:@ai-sdk/provider,npm:@ai-sdk/provider-utils,npm:@ai-sdk/gateway",2026-05-03T15:45:15+00:00
vercel/ms,3655872,1,CVE-2017-20162,npm:ms,2026-05-03T15:45:13+00:00
vercel/next.js,70107786,27,"CVE-2021-37699,CVE-2021-39178,CVE-2021-43803,CVE-2022-21721,CVE-2022-23646,CVE-2022-36046,CVE-2023-46298,CVE-2024-34350,CVE-2024-34351,CVE-2024-39693,CVE-2024-46982,CVE-2024-47831,CVE-2024-51479,CVE-2024-56332,CVE-2025-29927,CVE-2025-30218,CVE-2025-32421,CVE-2025-48068,CVE-2025-49005,CVE-2025-49826,CVE-2025-55173,CVE-2025-57752,CVE-2025-57822,GHSA-5j59-xgg2-r9c4,GHSA-9qr9-h5gf-34mp,GHSA-mwv6-3258-q52c,GHSA-w37m-7fhw-fmv9","npm:client-only,npm:@next/env,npm:next,npm:@next/eslint-plugin-next,npm:eslint-config-next",2026-05-03T15:45:17+00:00
visionmedia/bytes.js,4626886,0,,npm:bytes,2026-05-03T15:45:13+00:00
visionmedia/node-cookie-signature,6229722,0,,npm:cookie-signature,2026-05-03T15:45:14+00:00
vitest-dev/vitest,434708679,1,CVE-2025-24964,"npm:@vitest/pretty-format,npm:@vitest/utils,npm:@vitest/spy,npm:@vitest/expect,npm:@vitest/snapshot,npm:@vitest/runner,npm:@vitest/mocker,npm:vitest",2026-05-03T15:45:20+00:00
vorner/signal-hook,137260008,0,,"crates.io:signal-hook-registry,crates.io:signal-hook,crates.io:signal-hook-mio,crates.io:signal-hook-tokio",2026-05-03T15:45:17+00:00
vuejs/core,137078487,1,CVE-2024-9506,"npm:@vue/shared,npm:@vue/compiler-core,npm:@vue/compiler-dom,npm:@vue/compiler-sfc,npm:@vue/compiler-ssr,npm:vue,npm:@vue/reactivity,npm:@vue/runtime-dom,npm:@vue/server-renderer,npm:@vue/runtime-core,npm:@vue/reactivity-transform",2026-05-03T15:45:24+00:00
wasm-bindgen/wasm-bindgen,114685405,0,,"crates.io:wasm-bindgen,crates.io:wasm-bindgen-test,crates.io:js-sys,crates.io:web-sys,crates.io:wasm-bindgen-shared,crates.io:wasm-bindgen-macro,crates.io:wasm-bindgen-macro-support,crates.io:wasm-bindgen-futures,crates.io:wasm-bindgen-backend,crates.io:wasm-bindgen-test-macro,crates.io:wasm-bindgen-cli-support,crates.io:wasm-bindgen-cli",2026-05-03T15:45:26+00:00
watson/ci-info,71475907,0,,npm:ci-info,2026-05-03T15:45:16+00:00
wbond/asn1crypto,36823669,0,,PyPI:asn1crypto,2026-05-03T15:45:16+00:00
webpack/enhanced-resolve,5400204,0,,npm:enhanced-resolve,2026-05-03T15:45:17+00:00
webpack/loader-utils,6503675,3,"CVE-2022-37599,CVE-2022-37601,CVE-2022-37603",npm:loader-utils,2026-05-03T15:45:17+00:00
webpack/schema-utils,80306715,0,,npm:schema-utils,2026-05-03T15:45:17+00:00
webpack/tapable,7730086,0,,npm:tapable,2026-05-03T15:45:18+00:00
webpack/terser-webpack-plugin,143057914,0,,npm:terser-webpack-plugin,2026-05-03T15:45:18+00:00
webpack/watchpack,24119524,0,,"npm:watchpack,npm:watchpack-chokidar2",2026-05-03T15:45:19+00:00
webpack/webpack-sources,48954523,0,,npm:webpack-sources,2026-05-03T15:45:18+00:00
webreflection/flatted,131121620,0,,npm:flatted,2026-05-03T15:45:19+00:00
webreflection/html-escaper,33597730,0,,npm:html-escaper,2026-05-03T15:45:19+00:00
websocket-client/websocket-client,1202362,0,,PyPI:websocket-client,2026-05-03T15:45:19+00:00
websockets/ws,2744972,2,"CVE-2021-32640,CVE-2024-37890",npm:ws,2026-05-03T15:45:19+00:00
wesleytodd/setprototypeof,30301031,0,,npm:setprototypeof,2026-05-03T15:45:19+00:00
whitequark/ipaddr.js,2110585,0,,npm:ipaddr.js,2026-05-03T15:45:20+00:00
withoutboats/heck,86326466,0,,crates.io:heck,2026-05-03T15:45:20+00:00
xtuc/webassemblyjs,113006071,0,,"npm:@webassemblyjs/helper-wasm-bytecode,npm:@webassemblyjs/ast,npm:@webassemblyjs/helper-numbers,npm:@webassemblyjs/helper-api-error,npm:@webassemblyjs/wasm-gen,npm:@webassemblyjs/helper-buffer,npm:@webassemblyjs/floating-point-hex-parser,npm:@webassemblyjs/wast-printer,npm:@webassemblyjs/ieee754,npm:@webassemblyjs/leb128,npm:@webassemblyjs/utf8,npm:@webassemblyjs/wasm-parser,npm:@webassemblyjs/helper-wasm-section,npm:@webassemblyjs/wasm-opt,npm:@webassemblyjs/wasm-edit,npm:@webassemblyjs/helper-code-frame,npm:@webassemblyjs/helper-fsm,npm:@webassemblyjs/wast-parser",2026-05-03T15:45:37+00:00
yahoo/serialize-javascript,24106944,1,CVE-2024-11831,npm:serialize-javascript,2026-05-03T15:45:20+00:00
yaml/pyyaml,2700147,3,"CVE-2019-20477,CVE-2020-14343,CVE-2020-1747",PyPI:pyyaml,2026-05-03T15:45:20+00:00
yargs/cliui,34287546,0,,npm:cliui,2026-05-03T15:45:20+00:00
yargs/set-blocking,58830287,0,,npm:set-blocking,2026-05-03T15:45:20+00:00
yargs/y18n,39720886,1,CVE-2020-7774,npm:y18n,2026-05-03T15:45:21+00:00
yargs/yargs,14210523,0,,npm:yargs,2026-05-03T15:45:21+00:00
yargs/yargs-parser,50258379,0,,npm:yargs-parser,2026-05-03T15:45:21+00:00
yuzujs/setimmediate,1981208,0,,npm:setimmediate,2026-05-03T15:45:21+00:00
zertosh/loose-envify,41947687,0,,npm:loose-envify,2026-05-03T15:45:21+00:00
zloirock/core-js,11481338,0,,"npm:core-js,npm:core-js-compat,npm:core-js-pure",2026-05-03T15:45:23+00:00
