"package","github_repo","git","eco_guess","debian_avg_downloads","homebrew_avg_downloads","downloads_score","pagerank","value_class","license","repo_id","mirror_url"
"glibc","bminor/glibc","https://github.com/bminor/glibc.git","override","230082","354990","674803","0.21542401","A","gpl-2.0-or-later and lgpl-2.1-or-later","gh/13868694",""
"gcc","gcc-mirror/gcc","https://github.com/gcc-mirror/gcc.git","override","230118","1109102","1428966","0.05763214","A","gpl-3.0-or-later with gcc-exception-3.1","gh/22711503","git://gcc.gnu.org/git/gcc.git"
"libxcrypt","besser82/libxcrypt","https://github.com/besser82/libxcrypt.git","native","151303","191454","401765","0.03202483","A","lgpl-2.1-or-later","gh/35503965",""
"linux","torvalds/linux","https://github.com/torvalds/linux.git","override","133723","215600","401474","0.03094086","A","","gh/2325298",""
"rpcsvc-proto","thkukuk/rpcsvc-proto","https://github.com/thkukuk/rpcsvc-proto.git","native","49971","0","69459","0.03055134","A","","gh/55140533",""
"gettext","","https://salsa.debian.org/sanvila/gettext.git","native","14127","2480985","2500621","0.01929800","A","gpl-3.0-or-later and lgpl-2.1-or-later","",""
"zlib","madler/zlib","https://github.com/madler/zlib.git","native","230123","890331","1210201","0.01595487","A","zlib","gh/2359378",""
"zstd","facebook/zstd","https://github.com/facebook/zstd.git","native","195196","1911802","2183124","0.01511588","A","(bsd-3-clause or gpl-2.0-only) and bsd-2-clause and mit","gh/29759715",""
"gmp","gmp-mirror/gmp","https://github.com/gmp-mirror/gmp.git","override","226842","1358823","1674133","0.01443061","A","lgpl-3.0-or-later or gpl-2.0-or-later","gh/681340775",""
"xz","tukaani-project/xz","https://github.com/tukaani-project/xz.git","native","227645","3855986","4172412","0.00959532","A","0bsd and gpl-2.0-or-later","gh/553665726",""
"systemd","systemd/systemd","https://github.com/systemd/systemd.git","native","229282","72406","391107","0.00893967","B","lgpl-2.1-or-later and gpl-2.0-or-later and cc0-1.0 and lgpl-2.0-or-later and mit and mit-0 and licenseref-homebrew-public-domain and (lgpl-2.0-or-later with linux-syscall-note) and (gpl-1.0-or-later with linux-syscall-note) and (gpl-2.0-or-later with linux-syscall-note) and (gpl-2.0-only with linux-syscall-note) and (bsd-3-clause or (gpl-2.0-only with linux-syscall-note)) and (mit or (gpl-2.0-only with linux-syscall-note)) and (mit or (gpl-2.0-or-later with linux-syscall-note)) and (gpl-2.0-only or bsd-2-clause)","gh/32873313",""
"openssl","openssl/openssl","https://github.com/openssl/openssl.git","native","229107","3498788","3817246","0.00876662","B","","gh/7634677",""
"libunistring","","git://git.savannah.gnu.org/libunistring.git","override","20077","1618694","1646601","0.00771426","B","gpl-2.0-only or lgpl-3.0-or-later","",""
"glib","","https://gitlab.gnome.org/gnome/glib.git","native","216841","3003625","3305033","0.00724164","B","lgpl-2.1-or-later","gl/gitlab.gnome.org-658",""
"mpfr","","https://gitlab.inria.fr/mpfr/mpfr.git","override","156814","638726","856697","0.00711733","B","lgpl-3.0-or-later","gl/gitlab.inria.fr-33626",""
"tcp-wrappers","","https://salsa.debian.org/md/tcp-wrappers.git","native","229025","0","318344","0.00696731","B","","gl/salsa.debian.org-28852",""
"lz4","lz4/lz4","https://github.com/lz4/lz4.git","native","212800","1828779","2124571","0.00669232","B","bsd-2-clause","gh/18106269",""
"ca-certificates","","https://salsa.debian.org/debian/ca-certificates.git","override","0","4731609","4731609","0.00604144","B","mpl-2.0","gl/salsa.debian.org-2995",""
"boehm-gc","bdwgc/bdwgc","https://github.com/bdwgc/bdwgc.git","native","85435","541194","659948","0.00548591","B","","gh/2109456",""
"isl","meinersbur/isl","https://github.com/meinersbur/isl.git","override","114600","583165","742459","0.00545455","B","mit","gh/37677854",""
"gnumpc","","https://gitlab.inria.fr/mpc/mpc.git","override","164699","435028","663959","0.00539599","B","","gl/gitlab.inria.fr-22470",""
"binutils","","https://salsa.debian.org/toolchain-team/binutils/tree/binutils-2.44.git","native","147480","306369","511366","0.00532555","B","gpl-2.0-or-later and gpl-3.0-or-later and lgpl-2.0-or-later and lgpl-3.0-only","",""
"libx11","","https://salsa.debian.org/xorg-team/lib/libx11.git","native","227797","1837738","2154375","0.00476731","B","mit","gl/salsa.debian.org-4306",""
"readline","","git://git.savannah.gnu.org/readline.git","override","131686","2631392","2814435","0.00448043","B","gpl-3.0-or-later","",""
"python","python/cpython","https://github.com/python/cpython.git","override","35815","2224521","2274303","0.00428033","B","","gh/81598961",""
"libpng","pnggroup/libpng","https://github.com/pnggroup/libpng.git","native","192792","1910764","2178744","0.00418933","B","libpng-2.0","gh/3768025",""
"libjpeg-turbo","libjpeg-turbo/libjpeg-turbo","https://github.com/libjpeg-turbo/libjpeg-turbo.git","native","189260","1803821","2066892","0.00418709","B","","gh/39760454",""
"xorgproto","","https://gitlab.freedesktop.org/xorg/proto/xorgproto.git","override","0","1206438","1206438","0.00402441","B","mit","gl/gitlab.freedesktop.org-788",""
"sqlite","sqlite/sqlite","https://github.com/sqlite/sqlite.git","override","229489","3691987","4010976","0.00390642","B","blessing","gh/176278485",""
"ncurses","mirror/ncurses","https://github.com/mirror/ncurses.git","override","230113","964676","1284533","0.00375381","B","x11-distribute-modifications-variant","gh/22324756",""
"pkgconf","pkgconf/pkgconf","https://github.com/pkgconf/pkgconf.git","native","22205","612084","642948","0.00374742","B","isc","gh/4180110",""
"xxhash","cyan4973/xxhash","https://github.com/cyan4973/xxhash.git","native","154762","120135","335254","0.00318056","B","bsd-2-clause and gpl-2.0-or-later","gh/19330466",""
"pcre","pcre2project/pcre2","https://github.com/pcre2project/pcre2.git","native","0","2306580","2306580","0.00304400","B","bsd-3-clause","gh/398251321",""
"tiff","","https://gitlab.com/libtiff/libtiff.git","override","72450","1648669","1749374","0.00297845","B","","gl/4720790",""
"freetype","freetype/freetype","https://github.com/freetype/freetype.git","override","229438","1502390","1821308","0.00267088","B","ftl","gh/187000659",""
"harfbuzz","harfbuzz/harfbuzz","https://github.com/harfbuzz/harfbuzz.git","native","165196","2501400","2731022","0.00260426","B","mit","gh/5050525",""
"m4","autotools-mirror/m4","https://github.com/autotools-mirror/m4.git","override","77602","926897","1034763","0.00251413","B","gpl-3.0-or-later","gh/66880383",""
"icu","unicode-org/icu","https://github.com/unicode-org/icu.git","native","40372","1587966","1644083","0.00251089","B","","gh/49244766",""
"nghttp2","nghttp2/nghttp2","https://github.com/nghttp2/nghttp2.git","native","210664","2517924","2810746","0.00247897","B","mit","gh/11452676",""
"libselinux","selinuxproject/selinux","https://github.com/selinuxproject/selinux.git","override","230109","0","319851","0.00242008","B","","gh/20648799",""
"libxau","","https://salsa.debian.org/xorg-team/lib/libxau.git","native","227983","1129290","1446186","0.00234889","B","mit","gl/salsa.debian.org-4307",""
"libxcb","gitlab-freedesktop-mirrors/libxcb","https://github.com/gitlab-freedesktop-mirrors/libxcb.git","override","227837","1227499","1544192","0.00230193","B","mit","gh/444023705",""
"nodejs","nodejs/node","https://github.com/nodejs/node.git","native","32670","2773602","2819013","0.00221191","B","","gh/27193779",""
"libxdmcp","","https://salsa.debian.org/xorg-team/lib/libxdmcp.git","native","227996","978297","1295211","0.00215899","B","mit","gl/salsa.debian.org-4313",""
"gnutls","","https://gitlab.com/gnutls/gnutls.git","native","193022","1550257","1818557","0.00215826","B","lgpl-2.1-or-later and gpl-3.0-only","gl/179611",""
"fontconfig","","https://gitlab.freedesktop.org/fontconfig/fontconfig.git","native","195595","1634403","1906280","0.00212131","B","hpnd-sell-variant and unicode-3.0 and mit-modern-variant and mit and licenseref-homebrew-public-domain","gl/gitlab.freedesktop.org-890",""
"util-linux","util-linux/util-linux","https://github.com/util-linux/util-linux.git","native","230126","239271","559146","0.00206480","B","bsd-3-clause and bsd-4-clause-uc and gpl-2.0-only and gpl-2.0-or-later and gpl-3.0-or-later and lgpl-2.1-or-later and licenseref-homebrew-public-domain","gh/2339555",""
"libxext","","https://salsa.debian.org/xorg-team/lib/libxext.git","native","227097","1047804","1363468","0.00206452","B","mit","gl/salsa.debian.org-4314",""
"cairo-graphics-library","freedesktop-unofficial-mirror/cairo","https://github.com/freedesktop-unofficial-mirror/cairo.git","override","168977","1015615","1250493","0.00204597","B","","gh/34372735",""
"libidn2","","https://gitlab.com/libidn/libidn2.git","native","212517","1650326","1945724","0.00201725","B","(gpl-2.0-or-later or lgpl-3.0-or-later) and (unicode-tou and unicode-dfs-2016) and gpl-3.0-or-later and lgpl-2.1-or-later and fsfap-no-warranty-disclaimer","gl/2882658",""
"python3-defaults","","https://salsa.debian.org/cpython-team/python3-defaults.git","override","217534","0","302372","0.00198088","B","","gl/salsa.debian.org-27547",""
"bzip2","","https://salsa.debian.org/debian/bzip2.git","native","230128","383645","703522","0.00197892","B","bzip2-1.0.6","gl/salsa.debian.org-9696",""
"lcms","mm2/little-cms","https://github.com/mm2/little-cms.git","native","165742","1458510","1688891","0.00196425","B","","gh/507969",""
"libgpg-error","","https://salsa.debian.org/debian/libgpg-error.git","native","228979","603556","921836","0.00189170","B","lgpl-2.1-or-later","",""
"brotli","google/brotli","https://github.com/google/brotli.git","eco","177778","1156315","1403426","0.00188665","B","mit","gh/24993138",""
"krb5","krb5/krb5","https://github.com/krb5/krb5.git","native","229140","1056264","1374768","0.00184808","B","bsd-2-clause and bsd-2-clause-first-lines and bsd-3-clause and bsd-4-clause and brian-gladman-2-clause and cmu-mach-nodoc and fsfullrwd and hpnd and hpnd-export2-us and hpnd-export-us and hpnd-export-us-acknowledgement and hpnd-export-us-modify and isc and mit and mit-cmu and oldap-2.8 and openvision and (bsd-2-clause or gpl-2.0-or-later)","gh/4307702",""
"expat","libexpat/libexpat","https://github.com/libexpat/libexpat.git","native","229837","425033","744506","0.00173299","B","mit","gh/80314213",""
"libxml2","","https://gitlab.gnome.org/gnome/libxml2.git","native","228070","520962","837979","0.00170457","B","mit","gl/gitlab.gnome.org-1665",""
"libwebp","webmproject/libwebp","https://github.com/webmproject/libwebp.git","override","131256","1453192","1635637","0.00167730","B","","gh/23368445","https://chromium.googlesource.com/webm/libwebp"
"libuv","libuv/libuv","https://github.com/libuv/libuv.git","native","139346","1232141","1425831","0.00161378","B","mit","gh/14812739",""
"curl","curl/curl","https://github.com/curl/curl.git","native","202088","1060193","1341095","0.00158641","B","curl","gh/569041",""
"nettle","","https://salsa.debian.org/holmgren/nettle.git","native","131546","1036662","1219510","0.00156905","B","gpl-2.0-or-later or lgpl-3.0-or-later","gl/salsa.debian.org-50952",""
"git","git/git","https://github.com/git/git.git","native","125366","1832306","2006564","0.00153058","B","gpl-2.0-only and gpl-2.0-or-later and lgpl-2.1-or-later and bsd-3-clause and mit","gh/36502",""
"pango","gnome/pango","https://github.com/gnome/pango.git","override","161379","1136114","1360430","0.00151794","B","lgpl-2.0-or-later","gh/4537144",""
"pam","linux-pam/linux-pam","https://github.com/linux-pam/linux-pam.git","native","230129","13151","333030","0.00151251","B","","gh/76264690",""
"unbound","nlnetlabs/unbound","https://github.com/nlnetlabs/unbound.git","native","64087","1640424","1729504","0.00150297","B","bsd-3-clause","gh/94195301",""
"autoconf","autotools-mirror/autoconf","https://github.com/autotools-mirror/autoconf.git","override","0","707705","707705","0.00149773","B","gpl-3.0-or-later and (gpl-3.0-or-later with autoconf-exception-3.0)","gh/47662429",""
"gdbm","","https://salsa.debian.org/debian/gdbm.git","native","173519","968923","1210114","0.00145261","B","gpl-3.0-or-later","gl/salsa.debian.org-32157",""
"mpdecimal","","","","0","1496913","1496913","0.00144571","B","bsd-2-clause","",""
"c-ares","c-ares/c-ares","https://github.com/c-ares/c-ares.git","native","40850","1237988","1294769","0.00142700","B","mit","gh/571708",""
"qt","","git://code.qt.io/qt/qt5.git","native","79428","324718","435122","0.00142558","B","bsd-3-clause and gfdl-1.3-no-invariants-only and gpl-2.0-only and (gpl-3.0-only with qt-gpl-exception-1.0) and lgpl-3.0-only","",""
"giflib","","https://salsa.debian.org/debian/giflib.git","native","110978","963324","1117583","0.00141064","B","mit","gl/salsa.debian.org-12522",""
"libtool","autotools-mirror/libtool","https://github.com/autotools-mirror/libtool.git","override","179341","1032999","1282282","0.00139079","B","gpl-2.0-or-later","gh/47662711",""
"awscli","aws/aws-cli","https://github.com/aws/aws-cli.git","eco","0","1751886","1751886","0.00133632","B","apache-2.0","gh/6780767",""
"acl","","git://git.savannah.nongnu.org/acl.git","override","230130","78861","398741","0.00133058","B","gpl-2.0-or-later and lgpl-2.1-or-later","",""
"libffi","libffi/libffi","https://github.com/libffi/libffi.git","native","94902","677552","809465","0.00133010","B","mit","gh/321154",""
"pcre2","pcre2project/pcre2","https://github.com/pcre2project/pcre2.git","native","200436","0","278606","0.00131968","B","bsd-3-clause","gh/398251321",""
"aom","","https://salsa.debian.org/multimedia-team/aom.git","native","69761","1485175","1582142","0.00130386","B","bsd-2-clause","gl/salsa.debian.org-29534",""
"libjxl","libjxl/libjxl","https://github.com/libjxl/libjxl.git","eco","14334","1621571","1641495","0.00129449","B","","gh/340219494",""
"libtasn1","","https://gitlab.com/gnutls/libtasn1.git","native","222853","796456","1106221","0.00129433","B","lgpl-2.1-or-later","gl/919981",""
"ffmpeg","ffmpeg/ffmpeg","https://github.com/ffmpeg/ffmpeg.git","native","49970","1266137","1335595","0.00128960","B","gpl-3.0-or-later","gh/1614410",""
"libxrender","","https://salsa.debian.org/xorg-team/lib/libxrender.git","native","174911","944970","1188096","0.00128856","B","mit","gl/salsa.debian.org-4328",""
"libyaml","yaml/libyaml","https://github.com/yaml/libyaml.git","native","158064","534774","754482","0.00124752","B","mit","gh/2699072",""
"pixman","libpixman/pixman","https://github.com/libpixman/pixman.git","override","169887","1123316","1359458","0.00118974","B","mit","gh/81675971",""
"p11-kit","p11-glue/p11-kit","https://github.com/p11-glue/p11-kit.git","native","227578","965128","1281461","0.00117936","B","bsd-3-clause","gh/12060420",""
"gdk-pixbuf","","https://gitlab.gnome.org/gnome/gdk-pixbuf.git","native","157622","554524","773618","0.00117763","B","lgpl-2.1-or-later","gl/gitlab.gnome.org-1548",""
"audit","linux-audit/audit-userspace","https://github.com/linux-audit/audit-userspace.git","override","222766","0","309644","0.00117446","B","","gh/52464964",""
"libogg","xiph/ogg","https://github.com/xiph/ogg.git","override","140449","281060","476284","0.00117381","B","bsd-3-clause","gh/33956205",""
"dbus","","https://salsa.debian.org/utopia-team/dbus.git","native","227606","318864","635236","0.00117295","B","afl-2.1 or gpl-2.0-or-later","gl/salsa.debian.org-9742",""
"vmaf","netflix/vmaf","https://github.com/netflix/vmaf.git","native","0","782731","782731","0.00116760","B","","gh/51317975",""
"libevent","libevent/libevent","https://github.com/libevent/libevent.git","native","97074","850595","985527","0.00113556","C","bsd-3-clause","gh/1856976",""
"perl","","https://salsa.debian.org/perl-team/interpreter/perl.git","native","230126","214762","534637","0.00108299","C","artistic-1.0-perl or gpl-1.0-or-later","gl/salsa.debian.org-21499",""
"openexr","academysoftwarefoundation/openexr","https://github.com/academysoftwarefoundation/openexr.git","native","54572","1181137","1256992","0.00107299","C","bsd-3-clause","gh/3533348",""
"libusb","libusb/libusb","https://github.com/libusb/libusb.git","native","208980","512095","802577","0.00106729","C","lgpl-2.1-or-later","gh/15120676",""
"libcap","","","","229822","55416","374868","0.00105992","C","bsd-3-clause and gpl-2.0-or-later","",""
"cmake","kitware/cmake","https://github.com/kitware/cmake.git","native","27060","1332849","1370462","0.00104537","C","bsd-3-clause","gh/537699",""
"imath","academysoftwarefoundation/imath","https://github.com/academysoftwarefoundation/imath.git","native","49172","1008002","1076351","0.00104483","C","bsd-3-clause","gh/271841243",""
"openldap","","https://salsa.debian.org/openldap-team/openldap.git","native","207896","697337","986312","0.00101459","C","oldap-2.8","gl/salsa.debian.org-19223",""
"libtommath","libtom/libtommath","https://github.com/libtom/libtommath.git","native","45859","53827","117571","0.00101443","C","unlicense","gh/724503",""
"protobuf","protocolbuffers/protobuf","https://github.com/protocolbuffers/protobuf.git","native","34803","1003974","1052350","0.00101205","C","bsd-3-clause","gh/23357588",""
"pyenv","pyenv/pyenv","https://github.com/pyenv/pyenv.git","native","0","1267218","1267218","0.00099380","C","mit","gh/5625464",""
"fribidi","fribidi/fribidi","https://github.com/fribidi/fribidi.git","native","165046","737907","967320","0.00096613","C","gpl-2.0-or-later and lgpl-2.1-or-later","gh/5575048",""
"attr","","git://git.hadrons.org/cgit/debian/pkgs/attr.git","native","230118","56712","376576","0.00096532","C","gpl-2.0-or-later","",""
"llvm","llvm/llvm-project","https://github.com/llvm/llvm-project.git","native","40600","686364","742798","0.00096369","C","apache-2.0 with llvm-exception","gh/75821432",""
"ruby","ruby/ruby","https://github.com/ruby/ruby.git","native","7558","802348","812853","0.00096282","C","ruby","gh/538746",""
"wget","","https://salsa.debian.org/debian/wget.git","native","226288","939560","1254100","0.00095661","C","gpl-3.0-or-later","gl/salsa.debian.org-92820",""
"graphite2","silnrsi/graphite","https://github.com/silnrsi/graphite.git","native","165249","710634","940330","0.00094356","C","gpl-2.0-or-later or lgpl-2.1-or-later or mpl-1.1+","gh/44083391",""
"openjpeg","uclouvain/openjpeg","https://github.com/uclouvain/openjpeg.git","eco","145281","783774","985714","0.00093687","C","bsd-2-clause","gh/30830585",""
"libcap-ng","stevegrubb/libcap-ng","https://github.com/stevegrubb/libcap-ng.git","native","225066","0","312841","0.00093025","C","","gh/94882569",""
"oniguruma","kkos/oniguruma","https://github.com/kkos/oniguruma.git","eco","79218","696339","806452","0.00092092","C","bsd-2-clause","gh/38999874",""
"openjdk","openjdk/jdk25u","https://github.com/openjdk/jdk25u.git","native","0","1196957","1196957","0.00091657","C","gpl-2.0-only with classpath-exception-2.0","gh/998606537",""
"db","berkeleydb/libdb","https://github.com/berkeleydb/libdb.git","native","203462","291419","574231","0.00089287","C","","gh/2380364",""
"gnupg","","","","228528","759991","1077644","0.00088992","C","gpl-3.0-or-later","",""
"tcltk","","","","0","504348","504348","0.00088913","C","","",""
"ruby-build","rbenv/ruby-build","https://github.com/rbenv/ruby-build.git","native","0","846438","846438","0.00087884","C","mit","gh/2142701",""
"libarchive","libarchive/libarchive","https://github.com/libarchive/libarchive.git","native","117632","696702","860210","0.00087578","C","bsd-2-clause","gh/3219804",""
"gtk","","","","128198","168928","347123","0.00086682","C","","",""
"libgcrypt","","","","221677","374095","682226","0.00086256","C","lgpl-2.1-or-later and gpl-2.0-or-later","",""
"abseil-cpp","abseil/abseil-cpp","https://github.com/abseil/abseil-cpp.git","native","14320","448307","468211","0.00086164","C","","gh/104231541",""
"sdl2","libsdl-org/sdl","https://github.com/libsdl-org/sdl.git","native","103367","865257","1008937","0.00085744","C","zlib","gh/330008801",""
"libssh2","libssh2/libssh2","https://github.com/libssh2/libssh2.git","native","206863","621327","908866","0.00085509","C","bsd-3-clause","gh/31701703",""
"lzo","","","","137979","700894","892684","0.00085108","C","gpl-2.0-or-later","",""
"postgresql","","https://git.postgresql.org/git/postgresql.git","native","86385","836096","956171","0.00083552","C","","",""
"highway-simd-library","google/highway","https://github.com/google/highway.git","native","39775","912315","967602","0.00082397","C","","gh/206791328",""
"jansson","akheron/jansson","https://github.com/akheron/jansson.git","native","191192","100151","365907","0.00082033","C","mit","gh/183362",""
"libsodium","jedisct1/libsodium","https://github.com/jedisct1/libsodium.git","native","146952","600436","804699","0.00081722","C","isc","gh/7710647",""
"coreutils","coreutils/coreutils","https://github.com/coreutils/coreutils.git","native","230128","687007","1006884","0.00081361","C","gpl-3.0-or-later","gh/11233590",""
"imagemagick","imagemagick/imagemagick","https://github.com/imagemagick/imagemagick.git","native","74274","945142","1048382","0.00080825","C","imagemagick","gh/35780977",""
"go","","","","0","1047691","1047691","0.00079917","C","bsd-3-clause","",""
"kmod","","https://salsa.debian.org/md/kmod.git","native","227466","0","316177","0.00078789","C","","gl/salsa.debian.org-6285",""
"make","conan-io/conan-center-index","https://github.com/conan-io/conan-center-index.git","native","130800","118077","299889","0.00077727","C","gpl-3.0-only","gh/204671232",""
"dpkg","","https://salsa.debian.org/dpkg-team/dpkg.git","native","230133","19853","339737","0.00077643","C","gpl-2.0-only","gl/salsa.debian.org-49",""
"libseccomp","seccomp/libseccomp","https://github.com/seccomp/libseccomp.git","eco","213288","0","296470","0.00077347","C","","gh/29318528",""
"librsvg","","https://gitlab.gnome.org/gnome/librsvg.git","native","150447","615170","824291","0.00077294","C","lgpl-2.1-or-later","gl/gitlab.gnome.org-296",""
"boost","boostorg/boost","https://github.com/boostorg/boost.git","native","37013","676969","728417","0.00075641","C","bsl-1.0","gh/7590028",""
"tesseract-ocr","tesseract-ocr/tesseract","https://github.com/tesseract-ocr/tesseract.git","native","11587","913768","929873","0.00074620","C","","gh/22887094",""
"libsndfile","libsndfile/libsndfile","https://github.com/libsndfile/libsndfile.git","native","136410","494974","684583","0.00074406","C","lgpl-2.1-or-later","gh/3182884",""
"libtirpc","","https://salsa.debian.org/debian/libtirpc.git","native","166227","180808","411863","0.00073601","C","bsd-3-clause","gl/salsa.debian.org-37926",""
"alsa-lib","","https://salsa.debian.org/alsa-team/alsa-lib.git","native","152239","75135","286747","0.00072769","C","lgpl-2.1-or-later and gpl-2.0-or-later","gl/salsa.debian.org-21203",""
"libglvnd","","https://gitlab.freedesktop.org/glvnd/libglvnd.git","native","128923","0","179202","0.00072725","C","","gl/gitlab.freedesktop.org-4399",""
"php","php/php-src","https://github.com/php/php-src.git","native","0","694800","694800","0.00070700","C","php-3.01 and zend-2.0 and bsl-1.0 and mit and apache-1.0 and apache-2.0 and bcrypt-solar-designer and bsd-2-clause-darwin and bsd-2-clause and bsd-3-clause and bsd-4-clause-uc and isc and lgpl-2.1-only and lgpl-2.1-or-later and oldap-2.8 and tcl and zlib","gh/1903522",""
"libdeflate","ebiggers/libdeflate","https://github.com/ebiggers/libdeflate.git","native","127225","288004","464846","0.00068511","C","mit","gh/28554304",""
"snappy-compression","google/snappy","https://github.com/google/snappy.git","native","142621","554733","752976","0.00067936","C","","gh/17381605",""
"gd","libgd/libgd","https://github.com/libgd/libgd.git","native","166459","571656","803034","0.00067732","C","gd","gh/29669711",""
"shared-mime-info","","https://gitlab.freedesktop.org/xdg/shared-mime-info.git","native","0","322284","322284","0.00067207","C","gpl-2.0-only","gl/gitlab.freedesktop.org-1205",""
"ghostscript","artifexsoftware/ghostpdl-downloads","https://github.com/artifexsoftware/ghostpdl-downloads.git","native","132195","530114","713865","0.00066608","C","agpl-3.0-or-later","gh/50461376",""
"automake","","","","0","341353","341353","0.00065507","C","gpl-2.0-or-later","",""
"libsepol","","https://salsa.debian.org/selinux-team/libsepol.git","native","81951","0","113911","0.00064706","C","","gl/salsa.debian.org-6101",""
"libheif","strukturag/libheif","https://github.com/strukturag/libheif.git","native","111641","608208","763388","0.00064592","C","lgpl-3.0-or-later","gh/115012280",""
"folly","facebook/folly","https://github.com/facebook/folly.git","eco","0","474026","474026","0.00063593","C","apache-2.0","gh/4524181",""
"fmt","fmtlib/fmt","https://github.com/fmtlib/fmt.git","native","8276","290346","301849","0.00063325","C","mit","gh/7056202",""
"libbsd","","git://git.hadrons.org/cgit/debian/pkgs/libbsd.git","native","229267","0","318681","0.00062766","C","","",""
"libavif","aomediacodec/libavif","https://github.com/aomediacodec/libavif.git","native","16241","720852","743426","0.00061558","C","bsd-2-clause","gh/191218735",""
"gobject-introspection","","https://salsa.debian.org/gnome-team/gobject-introspection.git","native","152520","522107","734109","0.00060990","C","gpl-2.0-or-later and lgpl-2.0-or-later and mit","gl/salsa.debian.org-5435",""
"jemalloc","jemalloc/jemalloc","https://github.com/jemalloc/jemalloc.git","native","90595","150134","276061","0.00060975","C","bsd-2-clause","gh/13310527",""
"ngtcp2","ngtcp2/ngtcp2","https://github.com/ngtcp2/ngtcp2.git","eco","18249","567026","592392","0.00060869","C","","gh/95347622",""
"openblas","openmathlib/openblas","https://github.com/openmathlib/openblas.git","native","12639","361316","378884","0.00060027","C","bsd-3-clause and bsd-2-clause-views and bsd-3-clause-open-mpi and bsd-2-clause","gh/1286805",""
"rtmpdump","","https://salsa.debian.org/multimedia-team/rtmpdump.git","native","220113","338635","644592","0.00059319","C","gpl-2.0-or-later and lgpl-2.1-or-later","gl/salsa.debian.org-8185",""
"jasper","jasper-software/jasper","https://github.com/jasper-software/jasper.git","native","0","691511","691511","0.00059104","C","jasper-2.0","gh/68406758",""
"elfutils","","https://salsa.debian.org/toolchain-team/elfutils.git","native","199964","64564","342513","0.00059026","C","gpl-2.0-or-later and gpl-3.0-or-later and lgpl-2.0-only","gl/salsa.debian.org-51470",""
"mbedtls","mbed-tls/mbedtls","https://github.com/mbed-tls/mbedtls.git","native","15545","591402","613009","0.00058872","C","apache-2.0","gh/6687936",""
"mpg123","dreamerc/mpg123","https://github.com/dreamerc/mpg123.git","native","113000","492407","649477","0.00058722","C","lgpl-2.1-only","gh/568823",""
"texinfo","debian-tex/texinfo","https://github.com/debian-tex/texinfo.git","native","40953","53303","110227","0.00058532","C","gpl-3.0-or-later","gh/164589213",""
"guile","","","","0","759055","759055","0.00058529","C","lgpl-3.0-or-later","",""
"mesa","","https://salsa.debian.org/xorg-team/lib/mesa.git","native","145794","49254","251907","0.00058352","C","mit and apache-2.0 and bsd-2-clause and bsd-3-clause and bsl-1.0 and hpnd and hpnd-sell-variant and icu and mit-khronos-old and sgi-b-2.0 and licenseref-homebrew-public-domain and (gpl-1.0-or-later with linux-syscall-note) and (gpl-2.0-only with linux-syscall-note)","gl/salsa.debian.org-4338",""
"libvorbis","","https://salsa.debian.org/multimedia-team/libvorbis.git","native","140320","256517","451561","0.00056567","C","bsd-3-clause","gl/salsa.debian.org-28695",""
"libksba","","https://salsa.debian.org/gnutls-team/libksba.git","native","200721","402629","681631","0.00056201","C","lgpl-3.0-or-later or gpl-2.0-or-later","gl/salsa.debian.org-7856",""
"libxt","","https://salsa.debian.org/xorg-team/lib/libxt.git","native","133437","56866","242343","0.00056117","C","mit","gl/salsa.debian.org-4332",""
"libxfixes","","https://salsa.debian.org/xorg-team/lib/libxfixes.git","native","162033","107069","332294","0.00056074","C","mit","gl/salsa.debian.org-4315",""
"popt","rpm-software-management/popt","https://github.com/rpm-software-management/popt.git","native","230060","85837","405620","0.00055688","C","mit","gh/190359207",""
"unixodbc","lurcher/unixodbc","https://github.com/lurcher/unixodbc.git","native","33623","385424","432159","0.00055466","C","lgpl-2.1-or-later and gpl-2.0-or-later","gh/96114705",""
"dav1d","","https://salsa.debian.org/multimedia-team/dav1d.git","native","18213","516721","542037","0.00054700","C","bsd-2-clause","gl/salsa.debian.org-32601",""
"libsamplerate","libsndfile/libsamplerate","https://github.com/libsndfile/libsamplerate.git","eco","129809","291149","471583","0.00054437","C","bsd-2-clause","gh/27333447",""
"nss","curl/curl","https://github.com/curl/curl.git","native","152599","357458","569570","0.00054121","C","mpl-2.0","gh/569041",""
"libfido2","yubico/libfido2","https://github.com/yubico/libfido2.git","native","150905","428495","638252","0.00053978","C","bsd-2-clause","gh/130169332",""
"libass","libass/libass","https://github.com/libass/libass.git","eco","113239","523758","681160","0.00053728","C","isc","gh/11696642",""
"e2fsprogs","tytso/e2fsprogs","https://github.com/tytso/e2fsprogs.git","native","229993","0","319690","0.00053634","C","","gh/2316310",""
"opus","","https://gitlab.xiph.org/xiph/opus.git","native","135467","325404","513703","0.00053483","C","bsd-3-clause","",""
"tcl-lang","tcltk/tcl","https://github.com/tcltk/tcl.git","native","77576","0","107830","0.00053461","C","","gh/1325933",""
"debianutils","","https://salsa.debian.org/debian/debianutils.git","native","229908","0","319572","0.00053311","C","","gl/salsa.debian.org-1328",""
"rubberband","breakfastquay/rubberband","https://github.com/breakfastquay/rubberband.git","native","116587","521210","683265","0.00053250","C","gpl-2.0-or-later","gh/51008065",""
"vim","vim/vim","https://github.com/vim/vim.git","native","228765","366637","684620","0.00052222","C","vim","gh/40997482",""
"libev","","https://salsa.debian.org/debian/libev.git","native","14309","35286","55175","0.00051756","C","bsd-2-clause or gpl-2.0-or-later","gl/salsa.debian.org-33805",""
"nspr","","https://salsa.debian.org/mozilla-team/nspr.git","native","152824","180335","392760","0.00050572","C","mpl-2.0","gl/salsa.debian.org-21121",""
"libsm","","https://salsa.debian.org/xorg-team/lib/libsm.git","native","154458","53003","267699","0.00050437","C","mit","gl/salsa.debian.org-4305",""
"leptonica","danbloomberg/leptonica","https://github.com/danbloomberg/leptonica.git","native","3515","565886","570771","0.00050132","C","bsd-2-clause","gh/49589410",""
"zlib-ng","zlib-ng/zlib-ng","https://github.com/zlib-ng/zlib-ng.git","eco","0","124","124","0.00049712","C","","gh/25165333",""
"libedit","chimera-linux/libedit-chimera","https://github.com/chimera-linux/libedit-chimera.git","native","230020","235861","555588","0.00049701","C","bsd-3-clause","gh/523128742",""
"freetds","","https://salsa.debian.org/debian/freetds.git","native","8100","594619","605878","0.00049700","C","gpl-2.0-or-later","gl/salsa.debian.org-72460",""
"apr","","https://salsa.debian.org/apache-team/apr.git","native","112592","374074","530576","0.00049686","C","apache-2.0","gl/salsa.debian.org-25409",""
"libice","","https://salsa.debian.org/xorg-team/lib/libice.git","native","154468","56048","270758","0.00049493","C","mit","gl/salsa.debian.org-4302",""
"netpbm","","","","76472","457559","563855","0.00048983","C","gpl-3.0-or-later","",""
"flac","xiph/flac","https://github.com/xiph/flac.git","native","17414","490471","514676","0.00048653","C","bsd-3-clause and gpl-2.0-or-later and isc and lgpl-2.0-or-later and lgpl-2.1-or-later and licenseref-homebrew-public-domain and (gpl-2.0-or-later or lgpl-2.1-or-later)","gh/23097875",""
"bash","","","","230075","313461","633265","0.00048305","C","gpl-3.0-or-later","",""
"libbluray","","https://salsa.debian.org/multimedia-team/libbluray.git","native","114590","452628","611908","0.00048150","C","lgpl-2.1-or-later","gl/salsa.debian.org-8048",""
"librist","","https://salsa.debian.org/debian/librist.git","native","56340","538033","616345","0.00048146","C","bsd-2-clause","gl/salsa.debian.org-68641",""
"libmd","","git://git.hadrons.org/cgit/debian/pkgs/libmd.git","native","150434","5055","214158","0.00047778","C","bsd-3-clause and bsd-2-clause and isc and beerware and licenseref-homebrew-public-domain","",""
"graphviz","","https://gitlab.com/graphviz/graphviz.git","native","55652","546439","623795","0.00047695","C","epl-1.0","gl/4207231",""
"tar","","https://salsa.debian.org/debian/tar.git","native","230127","234511","554387","0.00047016","C","","gl/salsa.debian.org-22875",""
"jq","jqlang/jq","https://github.com/jqlang/jq.git","native","65417","517103","608032","0.00046380","C","mit","gh/5101141",""
"libassuan","","https://salsa.debian.org/debian/libassuan/tree/debian/unstable.git","native","18124","262411","287603","0.00046035","C","lgpl-2.1-or-later and gpl-3.0-or-later and fsfullr","",""
"rav1e","xiph/rav1e","https://github.com/xiph/rav1e.git","native","19428","453835","480839","0.00045804","C","bsd-2-clause","gh/104629023",""
"librevenge","","","","102723","0","142784","0.00045741","C","","",""
"libmnl","","https://salsa.debian.org/pkg-netfilter-team/pkg-libmnl.git","native","221417","0","307769","0.00045358","C","","gl/salsa.debian.org-34894",""
"mysql","mysql/mysql-server","https://github.com/mysql/mysql-server.git","native","0","578865","578865","0.00045025","C","gpl-2.0-only with universal-foss-exception-1.0","gh/24494032",""
"keyutils","","https://salsa.debian.org/debian/keyutils.git","native","229877","26873","346402","0.00044873","C","gpl-2.0-or-later and lgpl-2.0-or-later","gl/salsa.debian.org-28814",""
"libxi","","https://salsa.debian.org/xorg-team/lib/libxi.git","native","163285","105371","332337","0.00044787","C","mit","gl/salsa.debian.org-4317",""
"x265","","https://bitbucket.org/multicoreware/x265_git.git","native","16881","495571","519035","0.00044594","C","gpl-2.0-or-later","",""
"nghttp3","ngtcp2/nghttp3","https://github.com/ngtcp2/nghttp3.git","eco","18996","247118","273522","0.00044108","C","","gh/156868263",""
"fizz","facebookincubator/fizz","https://github.com/facebookincubator/fizz.git","eco","0","455848","455848","0.00044044","C","bsd-3-clause","gh/89943162",""
"double-conversion","google/double-conversion","https://github.com/google/double-conversion.git","native","66755","286751","379540","0.00043822","C","bsd-3-clause","gh/25397114",""
"jbigkit","imagemagick/jbig","https://github.com/imagemagick/jbig.git","native","189333","0","263172","0.00043402","C","","gh/36987247",""
"net-tools","ecki/net-tools","https://github.com/ecki/net-tools.git","native","121147","0","168394","0.00043233","C","","gh/9720310",""
"speex","","https://gitlab.xiph.org/xiph/speex.git","native","131857","315182","498463","0.00043186","C","bsd-3-clause","",""
"srt","haivision/srt","https://github.com/haivision/srt.git","eco","54705","464860","540899","0.00043029","C","mpl-2.0","gh/87443396",""
"z3","z3prover/z3","https://github.com/z3prover/z3.git","eco","107520","371464","520916","0.00042893","C","mit","gh/32944298",""
"procps","","https://gitlab.com/procps-ng/procps.git","native","229971","0","319659","0.00042569","C","","gl/247135",""
"svt-av1","","https://gitlab.com/aomediacodec/svt-av1.git","native","20428","402269","430663","0.00042553","C","bsd-3-clause","gl/24327400",""
"at-spi2-core","","https://salsa.debian.org/a11y-team/at-spi2-core.git","native","134403","137179","323999","0.00042523","C","lgpl-2.1-or-later","gl/salsa.debian.org-6353",""
"libfuse","libfuse/libfuse","https://github.com/libfuse/libfuse.git","eco","208234","0","289445","0.00042377","C","","gh/48296177",""
"lame","","https://salsa.debian.org/multimedia-team/lame.git","native","129488","253156","433144","0.00042106","C","lgpl-2.0-or-later","gl/salsa.debian.org-8041",""
"cjson","davegamble/cjson","https://github.com/davegamble/cjson.git","native","57800","333518","413860","0.00041912","C","mit","gh/54280778",""
"apr-util","","https://salsa.debian.org/apache-team/apr-util.git","native","118195","316817","481108","0.00041688","C","apache-2.0","gl/salsa.debian.org-25412",""
"libssh","","https://salsa.debian.org/debian/libssh.git","native","58995","405225","487228","0.00041430","C","lgpl-2.1-or-later","gl/salsa.debian.org-20695",""
"glog","google/glog","https://github.com/google/glog.git","eco","0","184386","184386","0.00041377","C","bsd-3-clause","gh/31197250",""
"fbthrift","facebook/fbthrift","https://github.com/facebook/fbthrift.git","eco","0","453755","453755","0.00041364","C","apache-2.0","gh/11131631",""
"libxmu","","https://salsa.debian.org/xorg-team/lib/libxmu.git","native","222094","23376","332086","0.00041299","C","mit","gl/salsa.debian.org-4321",""
"gpgme","","","","138935","166890","360009","0.00040889","C","lgpl-2.1-or-later","",""
"poppler","","https://salsa.debian.org/freedesktop-team/poppler.git","native","110087","342841","495861","0.00040876","C","gpl-2.0-only","gl/salsa.debian.org-18284",""
"gflags","gflags/gflags","https://github.com/gflags/gflags.git","eco","0","142983","142983","0.00040780","C","bsd-3-clause","gh/9571473",""
"opencl-headers","","","","3728","0","5181","0.00040600","C","","",""
"opencl-clhpp","khronosgroup/opencl-clhpp","https://github.com/khronosgroup/opencl-clhpp.git","native","3442","0","4784","0.00040597","C","","gh/47572511",""
"libvpx","webmproject/libvpx","https://github.com/webmproject/libvpx.git","native","17182","418166","442048","0.00040306","C","bsd-3-clause","gh/22927608",""
"argon2","p-h-c/phc-winner-argon2","https://github.com/p-h-c/phc-winner-argon2.git","native","191973","136030","402872","0.00040102","C","apache-2.0","gh/43629790",""
"lmdb","","https://salsa.debian.org/debian/lmdb.git","native","187935","8428","269657","0.00039687","C","oldap-2.8","gl/salsa.debian.org-28832",""
"fb303","facebook/fb303","https://github.com/facebook/fb303.git","native","0","452539","452539","0.00039683","C","apache-2.0","gh/65046532",""
"libde265","strukturag/libde265","https://github.com/strukturag/libde265.git","native","131579","292972","475866","0.00039655","C","lgpl-3.0-or-later","gh/12384165",""
"libpsl","rockdaboot/libpsl","https://github.com/rockdaboot/libpsl.git","native","192261","65530","332772","0.00039598","C","mit","gh/17948072",""
"grep","","https://salsa.debian.org/debian/grep.git","native","230112","91840","411695","0.00039150","C","gpl-3.0-or-later","gl/salsa.debian.org-9695",""
"npth","","https://salsa.debian.org/eric/npth.git","native","174453","215565","458054","0.00039147","C","lgpl-2.1-or-later","gl/salsa.debian.org-6118",""
"libnsl","thkukuk/libnsl","https://github.com/thkukuk/libnsl.git","native","140473","125032","320289","0.00039039","C","lgpl-2.1-or-later","gh/38096486",""
"unzip","madler/unzip","https://github.com/madler/unzip.git","native","178330","260077","507955","0.00038810","C","info-zip","gh/191646187",""
"python:dbus-python","","","","142986","0","198750","0.00038794","C","","",""
"wayland","","https://gitlab.freedesktop.org/wayland/wayland.git","native","139992","16833","211421","0.00038694","C","mit","gl/gitlab.freedesktop.org-121",""
"s-lang","","","","229888","35811","355355","0.00038693","C","gpl-2.0-or-later","",""
"lua","lua/lua","https://github.com/lua/lua.git","native","114230","236781","395560","0.00038658","C","mit","gh/5805256",""
"libtheora","","https://salsa.debian.org/multimedia-team/libtheora.git","native","128806","265951","444991","0.00038238","C","","gl/salsa.debian.org-28694",""
"opencore-amr","","https://salsa.debian.org/multimedia-team/opencore-amr.git","native","112135","313468","469335","0.00037991","C","apache-2.0","gl/salsa.debian.org-8143",""
"zeromq","zeromq/libzmq","https://github.com/zeromq/libzmq.git","eco","120407","305864","473229","0.00037719","C","mpl-2.0","gh/263379",""
"wangle","facebook/wangle","https://github.com/facebook/wangle.git","eco","0","440946","440946","0.00037546","C","apache-2.0","gh/27889694",""
"numactl","numactl/numactl","https://github.com/numactl/numactl.git","native","168649","0","234422","0.00037506","C","","gh/22658715",""
"libzip","nih-at/libzip","https://github.com/nih-at/libzip.git","native","8339","388245","399836","0.00037416","C","bsd-3-clause","gh/51913230",""
"libb2","blake2/libb2","https://github.com/blake2/libb2.git","native","29584","348950","390071","0.00037399","C","cc0-1.0","gh/44247193",""
"gstreamer","","https://gitlab.freedesktop.org/gstreamer/gstreamer.git","native","136124","108670","297882","0.00037191","C","lgpl-2.0-or-later and lgpl-2.1-or-later and mit","gl/gitlab.freedesktop.org-1357",""
"protobuf-c","protobuf-c/protobuf-c","https://github.com/protobuf-c/protobuf-c.git","native","190335","57921","322486","0.00036787","C","bsd-2-clause","gh/14440211",""
"nvm","nvm-sh/nvm","https://github.com/nvm-sh/nvm.git","native","0","481434","481434","0.00036723","C","mit","gh/612230",""
"cyrus-sasl","cyrusimap/cyrus-sasl","https://github.com/cyrusimap/cyrus-sasl.git","eco","228407","32697","350182","0.00036657","C","bsd-3-clause-attribution","gh/59072097",""
"libpciaccess","","https://salsa.debian.org/xorg-team/lib/libpciaccess.git","native","147161","12584","217137","0.00035846","C","mit","gl/salsa.debian.org-4304",""
"x264","","https://salsa.debian.org/multimedia-team/x264.git","native","56474","353427","431925","0.00035356","C","gpl-2.0-or-later","gl/salsa.debian.org-8260",""
"qemu","","https://salsa.debian.org/qemu-team/qemu.git","native","24781","428950","463395","0.00035347","C","gpl-2.0-only","gl/salsa.debian.org-27229",""
"fftw","","https://salsa.debian.org/science-team/fftw.git","native","134404","78727","265548","0.00035312","C","gpl-2.0-or-later and bsd-2-clause","gl/salsa.debian.org-3240",""
"python:numpy","","","","0","440092","440092","0.00035182","C","","",""
"libxslt","","https://gitlab.gnome.org/gnome/libxslt.git","native","175873","56911","301374","0.00035122","C","x11","gl/gitlab.gnome.org-1762",""
"zimg-image-processing","sekrit-twc/zimg","https://github.com/sekrit-twc/zimg.git","native","58033","364072","444737","0.00035055","C","","gh/23723043",""
"libxrandr","","https://salsa.debian.org/xorg-team/lib/libxrandr.git","native","157731","52743","271989","0.00034882","C","mit","gl/salsa.debian.org-4327",""
"sed","","https://salsa.debian.org/debian/sed.git","native","230119","135455","455320","0.00034731","C","","gl/salsa.debian.org-8498",""
"redis","","https://salsa.debian.org/lamby/pkg-redis.git","native","9279","430610","443507","0.00033830","C","agpl-3.0-only and bsd-2-clause and bsl-1.0 and mit and (cc0-1.0 or bsd-2-clause)","gl/salsa.debian.org-27638",""
"libcbor","pjk/libcbor","https://github.com/pjk/libcbor.git","native","19358","295006","321913","0.00033741","C","mit","gh/28867623",""
"file","file/file","https://github.com/file/file.git","native","226452","71507","386275","0.00033600","C","","gh/1303130",""
"openmpi","","https://salsa.debian.org/hpc-team/openmpi.git","native","9785","162350","175951","0.00033508","C","","gl/salsa.debian.org-7192",""
"libdrm","","https://gitlab.freedesktop.org/mesa/drm.git","native","161722","15776","240569","0.00033295","C","mit","gl/gitlab.freedesktop.org-177",""
"json-c","json-c/json-c","https://github.com/json-c/json-c.git","native","150500","72181","281376","0.00033071","C","mit","gh/1139119",""
"sysprof","","https://salsa.debian.org/gnome-team/sysprof.git","native","3629","0","5044","0.00033066","C","","gl/salsa.debian.org-5419",""
"pulseaudio","","https://salsa.debian.org/pulseaudio-team/pulseaudio.git","native","134016","19346","205628","0.00032893","C","gpl-2.0-or-later and lgpl-2.1-or-later and bsd-3-clause","gl/salsa.debian.org-19394",""
"cups","openprinting/cups","https://github.com/openprinting/cups.git","native","161968","55791","280926","0.00032891","C","apache-2.0","gh/292664437",""
"aspell","gnuaspell/aspell","https://github.com/gnuaspell/aspell.git","native","152665","169848","382052","0.00032880","C","lgpl-2.1-only","gh/76153145",""
"openssh","openssh/openssh-portable","https://github.com/openssh/openssh-portable.git","native","229442","72811","391735","0.00032842","C","ssh-openssh","gh/15991457",""
"shadow","shadow-maint/shadow","https://github.com/shadow-maint/shadow.git","native","230127","0","319876","0.00032782","C","","gh/10508169",""
"libidn","","https://salsa.debian.org/debian/libidn.git","native","64490","293129","382770","0.00032206","C","gpl-2.0-or-later or lgpl-3.0-or-later","gl/salsa.debian.org-30730",""
"soxr","dofuuz/soxr","https://github.com/dofuuz/soxr.git","native","123067","225611","396674","0.00032151","C","","gh/386255240",""
"lerc","esri/lerc","https://github.com/esri/lerc.git","native","86936","17873","138714","0.00031886","C","","gh/47581102",""
"libraw","libraw/libraw","https://github.com/libraw/libraw.git","native","14722","362567","383030","0.00031773","C","lgpl-2.1-only or cddl-1.0","gh/979192",""
"libnl","thom311/libnl","https://github.com/thom311/libnl.git","native","166036","0","230790","0.00031564","C","","gh/4571664",""
"cdebconf","","https://salsa.debian.org/installer-team/cdebconf.git","native","222627","0","309451","0.00031564","C","","gl/salsa.debian.org-23413",""
"frei0r","dyne/frei0r","https://github.com/dyne/frei0r.git","native","0","398792","398792","0.00031551","C","gpl-2.0-or-later","gh/57671589",""
"utf8proc","juliastrings/utf8proc","https://github.com/juliastrings/utf8proc.git","native","3246","296469","300980","0.00031416","C","mit and unicode-dfs-2015","gh/21880375",""
"apparmor","","https://salsa.debian.org/apparmor-team/apparmor/tree/debian/unstable.git","native","214358","0","297957","0.00031375","C","","",""
"libxtst","","https://salsa.debian.org/xorg-team/lib/libxtst.git","native","148777","88422","295222","0.00031361","C","mit","gl/salsa.debian.org-4333",""
"libunibreak","adah1972/libunibreak","https://github.com/adah1972/libunibreak.git","native","14867","288566","309231","0.00031207","C","zlib","gh/5385649",""
"xvidcore","","https://salsa.debian.org/multimedia-team/xvidcore.git","native","127195","216748","393549","0.00031151","C","","gl/salsa.debian.org-8268",""
"jbig2dec","artifexsoftware/jbig2dec","https://github.com/artifexsoftware/jbig2dec.git","native","138172","179523","371582","0.00030705","C","agpl-3.0-or-later","gh/87208404",""
"rust","","","","0","402215","402215","0.00030680","C","apache-2.0 or mit","",""
"vid.stab","georgmartius/vid.stab","https://github.com/georgmartius/vid.stab.git","native","109854","233488","386185","0.00030589","C","","gh/2846384",""
"neovim","neovim/neovim","https://github.com/neovim/neovim.git","native","0","399934","399934","0.00030506","C","apache-2.0","gh/16408992",""
"cocoapods","cocoapods/cocoapods","https://github.com/cocoapods/cocoapods.git","native","0","396699","396699","0.00030260","C","mit","gh/2203645",""
"luajit","luajit/luajit","https://github.com/luajit/luajit.git","native","0","347785","347785","0.00030127","C","mit","gh/40306512",""
"tree-sitter","tree-sitter/tree-sitter","https://github.com/tree-sitter/tree-sitter.git","native","0","301452","301452","0.00030072","C","mit","gh/14164618",""
"libnfnetlink","","https://salsa.debian.org/pkg-netfilter-team/pkg-libnfnetlink.git","native","204930","0","284852","0.00029923","C","","gl/salsa.debian.org-69204",""
"lvm2","","https://salsa.debian.org/lvm-team/lvm2.git","native","229772","0","319383","0.00029870","C","","gl/salsa.debian.org-24161",""
"libraw1394","","","","124201","0","172639","0.00029840","C","","",""
"json-glib","","","","131588","52447","235354","0.00029831","C","lgpl-2.1-or-later","",""
"hwloc","open-mpi/hwloc","https://github.com/open-mpi/hwloc.git","native","26078","233406","269654","0.00029728","C","bsd-3-clause","gh/13098944",""
"pinentry","","","","0","334378","334378","0.00029713","C","gpl-2.0-only","",""
"tree-steve-baker","old-man-programmer/tree","https://github.com/old-man-programmer/tree.git","native","41564","320156","377929","0.00028828","C","","gh/472865820",""
"cron","","https://salsa.debian.org/debian/cron.git","native","229394","0","318857","0.00028675","C","","gl/salsa.debian.org-32031",""
"libunwind","libunwind/libunwind","https://github.com/libunwind/libunwind.git","native","132051","18881","202431","0.00028364","C","mit","gh/78870047",""
"base-passwd","","https://salsa.debian.org/debian/base-passwd.git","native","230115","0","319859","0.00028059","C","","gl/salsa.debian.org-6541",""
"pciutils","","","","228559","0","317697","0.00027864","C","","",""
"ninja","ninja-build/ninja","https://github.com/ninja-build/ninja.git","native","0","296268","296268","0.00027726","C","apache-2.0","gh/1335132",""
"libxpm","","","","178004","14284","261709","0.00027664","C","mit","",""
"tmux","tmux/tmux","https://github.com/tmux/tmux.git","native","33855","313602","360660","0.00027511","C","isc","gh/36836475",""
"rbenv","rbenv/rbenv","https://github.com/rbenv/rbenv.git","native","0","359313","359313","0.00027408","C","mit","gh/2139017",""
"sysvinit","slicer69/sysvinit","https://github.com/slicer69/sysvinit.git","native","230102","0","319841","0.00027364","C","","gh/457063710",""
"diffutils","","","","229327","27023","345787","0.00027346","C","gpl-3.0-or-later","",""
"groff","","","","220542","17499","324052","0.00027277","C","gpl-3.0-or-later","",""
"dconf","","","","139116","0","193371","0.00027258","C","","",""
"mariadb","mariadb/server","https://github.com/mariadb/server.git","native","104704","84311","229849","0.00027246","C","gpl-2.0-only","gh/19816070",""
"xorg-server","","","","110987","14615","168886","0.00027050","C","mit and apsl-2.0","",""
"findutils","","","","230114","33890","353748","0.00026983","C","gpl-3.0-or-later","",""
"newt-tui","","https://pagure.io/newt","native","229580","0","319116","0.00026976","C","","",""
"nano","","","","225439","39881","353241","0.00026945","C","gpl-3.0-or-later","",""
"openjph","aous72/openjph","https://github.com/aous72/openjph.git","native","0","202308","202308","0.00026843","C","bsd-2-clause","gh/209700643",""
"libpthread-stubs","","","","40045","295982","351644","0.00026823","C","mit","",""
"psmisc","","https://gitlab.com/psmisc/psmisc.git","native","180663","0","251121","0.00026765","C","","gl/334185",""
"libsemanage","","","","227595","0","316357","0.00026667","C","","",""
"gpm","telmich/gpm","https://github.com/telmich/gpm.git","native","198964","0","276559","0.00026591","C","","gh/14786",""
"apt","","","","230119","0","319865","0.00026449","C","","",""
"libudfread","","https://code.videolan.org/videolan/libudfread.git","native","93602","125729","255835","0.00026343","C","lgpl-2.1-or-later","gl/code.videolan.org-363",""
"aws-c-common","awslabs/aws-c-common","https://github.com/awslabs/aws-c-common.git","native","0","38105","38105","0.00026207","C","apache-2.0","gh/117142517",""
"libxaw","","","","138437","0","192427","0.00026158","C","","",""
"xft","","","","142936","0","198681","0.00026042","C","","",""
"discover-data","","https://salsa.debian.org/installer-team/discover-data.git","native","208875","0","290336","0.00025914","C","","gl/salsa.debian.org-65394",""
"polkit","polkit-org/polkit","https://github.com/polkit-org/polkit.git","native","145186","0","201808","0.00025778","C","","gh/679244793",""
"libxinerama","","","","156864","21309","239349","0.00025755","C","mit","",""
"libpipeline","","","","218719","0","304019","0.00025749","C","","",""
"liblqr","carlobaldassi/liblqr","https://github.com/carlobaldassi/liblqr.git","native","108894","159556","310918","0.00025734","C","lgpl-3.0-only","gh/21376613",""
"libthai","","","","166331","0","231200","0.00025713","C","lgpl-2.1-or-later","",""
"gzip","","","","230111","16483","336337","0.00025655","C","gpl-3.0-or-later","",""
"uvwasi","nodejs/uvwasi","https://github.com/nodejs/uvwasi.git","native","0","234930","234930","0.00025160","C","mit","gh/195472817",""
"kbd","","","","223811","0","311097","0.00025158","C","","",""
"avahi","avahi/avahi","https://github.com/avahi/avahi.git","native","180663","0","251121","0.00025125","C","","gh/27156301",""
"libxxf86vm","","","","146991","13234","217551","0.00024965","C","mit","",""
"libdatrie","tlwg/libdatrie","https://github.com/tlwg/libdatrie.git","native","165991","27","230754","0.00024901","C","lgpl-2.1-or-later","gh/57871086",""
"libnftnl","","git://git.netfilter.org/libnftnl","native","193733","0","269288","0.00024900","C","","",""
"xauth","","","","221023","6857","314078","0.00024796","C","mit-open-group","",""
"iptables","","","","216656","0","301151","0.00024703","C","","",""
"uchardet","","","","185869","34039","292396","0.00024624","C","mpl-1.1 or gpl-2.0-or-later or lgpl-2.1-or-later","",""
"console-setup","","https://salsa.debian.org/installer-team/console-setup.git","native","224099","0","311497","0.00024458","C","","gl/salsa.debian.org-23419",""
"libpcap","the-tcpdump-group/libpcap","https://github.com/the-tcpdump-group/libpcap.git","native","148043","24901","230680","0.00024408","C","bsd-3-clause","gh/9435887",""
"hostname","","https://salsa.debian.org/meskes/hostname.git","native","230111","0","319854","0.00024398","C","","gl/salsa.debian.org-8611",""
"libxcursor","","","","154746","17057","232153","0.00024389","C","mit","",""
"cpio","","","","229930","0","319602","0.00024379","C","","",""
"logrotate","logrotate/logrotate","https://github.com/logrotate/logrotate.git","native","229888","0","319544","0.00024374","C","","gh/33591844",""
"mawk","mikebrennan000/mawk-2","https://github.com/mikebrennan000/mawk-2.git","native","229643","0","319203","0.00024348","C","","gh/65053020",""
"iputils","iputils/iputils","https://github.com/iputils/iputils.git","native","229537","0","319056","0.00024337","C","","gh/18912197",""
"dash-shell","","git://git.kernel.org/pub/scm/utils/dash/dash.git","native","229387","0","318847","0.00024321","C","","",""
"klibc","","git://git.kernel.org/pub/scm/libs/klibc/klibc.git","native","229162","0","318535","0.00024297","C","","",""
"edencommon","facebookexperimental/edencommon","https://github.com/facebookexperimental/edencommon.git","native","0","318274","318274","0.00024278","C","mit","gh/416051323",""
"libepoxy","anholt/libepoxy","https://github.com/anholt/libepoxy.git","native","133426","81254","266716","0.00024260","C","mit","gh/13627795",""
"less","baulk/less-windows","https://github.com/baulk/less-windows.git","native","228662","0","317840","0.00024244","C","","gh/792725688",""
"linux-base","","https://salsa.debian.org/kernel-team/linux-base.git","native","228622","0","317784","0.00024240","C","","gl/salsa.debian.org-18671",""
"bind","","","","217032","15549","317223","0.00024197","C","mpl-2.0","",""
"net-snmp","","git://git.code.sf.net/p/net-snmp/code","native","139221","68153","261670","0.00024181","C","mit-cmu and mit and bsd-3-clause","",""
"kcoreaddons","","https://invent.kde.org/frameworks/kcoreaddons","native","42719","0","59379","0.00024173","C","","gl/invent.kde.org-2180",""
"grub","","","","227233","0","315853","0.00024093","C","","",""
"lapack","","","","140426","0","195192","0.00024087","C","","",""
"apache","","","","106258","131089","278787","0.00024078","C","","",""
"libnetfilter-conntrack","","","","191619","0","266350","0.00024062","C","","",""
"man-db","","","","217497","0","302320","0.00024061","C","","",""
"patch","","","","162752","17917","244142","0.00023984","C","","",""
"ifupdown","","https://salsa.debian.org/debian/ifupdown.git","native","225715","0","313743","0.00023932","D","","gl/salsa.debian.org-21383",""
"libxkbcommon","xkbcommon/libxkbcommon","https://github.com/xkbcommon/libxkbcommon.git","native","134555","18147","205178","0.00023862","D","mit","gh/9152006",""
"libmicrohttpd","","git://git.gnunet.org/libmicrohttpd.git","native","0","177963","177963","0.00023816","D","lgpl-2.1-or-later","",""
"nmap","","","","48141","241190","308105","0.00023502","D","licenseref-homebrew-cannot-represent","",""
"liblockfile","miquels/liblockfile","https://github.com/miquels/liblockfile.git","native","210447","0","292521","0.00023429","D","","gh/74419163",""
"freeglut","freeglut/freeglut","https://github.com/freeglut/freeglut.git","native","8984","17176","29663","0.00023408","D","mit","gh/9591436",""
"lsof","lsof-org/lsof","https://github.com/lsof-org/lsof.git","native","217759","0","302685","0.00023370","D","","gh/141953815",""
"libxv","","","","140988","17242","213215","0.00023363","D","mit","",""
"xcbeautify","cpisciotta/xcbeautify","https://github.com/cpisciotta/xcbeautify.git","native","0","306106","306106","0.00023349","D","mit","gh/148183411",""
"yarn","","","","0","299921","299921","0.00022878","D","bsd-2-clause","",""
"dhcp","","https://gitlab.isc.org/isc-projects/dhcp.git","native","214832","0","298616","0.00022778","D","","gl/gitlab.isc.org-74",""
"swiftlint","realm/swiftlint","https://github.com/realm/swiftlint.git","native","0","297354","297354","0.00022682","D","mit","gh/35732214",""
"libestr","rsyslog/libestr","https://github.com/rsyslog/libestr.git","native","163557","0","227344","0.00022595","D","","gh/11508446",""
"traceroute-for-linux","","","","212243","0","295017","0.00022504","D","","",""
"libsoup","","https://gitlab.gnome.org/gnome/libsoup.git","native","64064","74525","163573","0.00022335","D","lgpl-2.0-or-later","gl/gitlab.gnome.org-1630",""
"libproxy","libproxy/libproxy","https://github.com/libproxy/libproxy.git","native","127947","18715","196561","0.00022215","D","lgpl-2.1-or-later","gh/34102912",""
"discover-unclassified","","","","208818","0","290257","0.00022140","D","","",""
"gstreamer:base","","","","120212","0","167094","0.00022126","D","","",""
"netcat-unclassified","","","","208311","0","289552","0.00022087","D","","",""
"sdl12-compat","libsdl-org/sdl12-compat","https://github.com/libsdl-org/sdl12-compat.git","native","72353","15111","115681","0.00021884","D","zlib and mit-0","gh/331518551",""
"cryptsetup","","https://gitlab.com/cryptsetup/cryptsetup.git","native","191360","0","265990","0.00021820","D","","gl/195655",""
"lm-sensors","hramrach/lm-sensors","https://github.com/hramrach/lm-sensors.git","native","151289","16968","227259","0.00021812","D","gpl-2.0-or-later or lgpl-2.1-or-later","gh/735164340",""
"libfastjson","rsyslog/libfastjson","https://github.com/rsyslog/libfastjson.git","native","153078","0","212778","0.00021484","D","","gh/46425919",""
"hunspell","hunspell/hunspell","https://github.com/hunspell/hunspell.git","native","102504","109510","251990","0.00021326","D","mpl-1.1 or gpl-2.0-or-later or lgpl-2.1-or-later","gh/37258357",""
"usbutils","gregkh/usbutils","https://github.com/gregkh/usbutils.git","native","199870","0","277819","0.00021224","D","","gh/185460",""
"glib-networking","","https://gitlab.gnome.org/gnome/glib-networking.git","native","131932","80390","263775","0.00021177","D","lgpl-2.1-or-later","gl/gitlab.gnome.org-1905",""
"sudo","","https://salsa.debian.org/sudo-team/sudo.git","native","193216","0","268570","0.00021070","D","","gl/salsa.debian.org-22874",""
"graphene","ebassi/graphene","https://github.com/ebassi/graphene.git","native","98973","39644","177216","0.00021024","D","mit","gh/19352997",""
"libexif","libexif/libexif","https://github.com/libexif/libexif.git","native","121367","38317","207017","0.00021008","D","lgpl-2.1-or-later and lgpl-2.0-or-later","gh/112677643",""
"libgudev","","https://salsa.debian.org/gnome-team/libgudev.git","native","133326","0","185323","0.00020896","D","","gl/salsa.debian.org-5306",""
"libxdamage","","https://salsa.debian.org/xorg-team/lib/libxdamage.git","native","158483","0","220291","0.00020825","D","","gl/salsa.debian.org-4312",""
"jpeg","mozilla/mozjpeg","https://github.com/mozilla/mozjpeg.git","eco","0","272910","272910","0.00020817","D","ijg","gh/15837676",""
"php:composer","","","","0","272755","272755","0.00020805","D","","",""
"samba","","git://git.samba.org/samba.git","native","145183","14201","216005","0.00020652","D","gpl-3.0-or-later","",""
"libxcomposite","","https://salsa.debian.org/xorg-team/lib/libxcomposite.git","native","154755","0","215109","0.00020597","D","","gl/salsa.debian.org-4310",""
"aribb24","nkoriyama/aribb24","https://github.com/nkoriyama/aribb24.git","native","46866","188899","254042","0.00020571","D","lgpl-3.0-only","gh/22804061",""
"gcc-defaults","","https://salsa.debian.org/toolchain-team/gcc-defaults.git","native","168988","0","234893","0.00020570","D","","gl/salsa.debian.org-31250",""
"efivar","rhboot/efivar","https://github.com/rhboot/efivar.git","native","175495","0","243938","0.00020471","D","","gh/5442598",""
"kconfig","","https://invent.kde.org/frameworks/kconfig","native","41908","0","58252","0.00020451","D","","gl/invent.kde.org-2075",""
"fstrm","farsightsec/fstrm","https://github.com/farsightsec/fstrm.git","native","184720","0","256760","0.00020443","D","","gh/16086338",""
"hdf5","hdfgroup/hdf5","https://github.com/hdfgroup/hdf5.git","native","7358","217962","228189","0.00020395","D","bsd-3-clause","gh/258591100",""
"libsigc++","","","","123259","0","171330","0.00020236","D","","",""
"ki18n","","https://invent.kde.org/frameworks/ki18n","native","41723","0","57994","0.00019938","D","","gl/invent.kde.org-2347",""
"glu","","","","113765","0","158133","0.00019925","D","","",""
"gstreamer-orc","","git://cgit.freedesktop.org/gstreamer/orc","native","108565","69087","219992","0.00019891","D","","",""
"jack-audio-connection-kit","","https://salsa.debian.org/multimedia-team/jack-audio-connection-kit.git","native","126499","0","175833","0.00019889","D","","gl/salsa.debian.org-7997",""
"serd","","https://salsa.debian.org/multimedia-team/serd.git","native","116286","0","161637","0.00019886","D","","gl/salsa.debian.org-8191",""
"debian:libpcre3","","","","186771","0","259611","0.00019803","D","","",""
"libgit2","libgit2/libgit2","https://github.com/libgit2/libgit2.git","native","5438","203009","210567","0.00019795","D","gpl-2.0-only with gcc-exception-2.0","gh/901662",""
"hiredis","redis/hiredis","https://github.com/redis/hiredis.git","native","1729","90297","92700","0.00019747","D","bsd-3-clause","gh/673267",""
"libmaxminddb","maxmind/libmaxminddb","https://github.com/maxmind/libmaxminddb.git","native","148420","35386","241689","0.00019641","D","apache-2.0","gh/8882852",""
"inetutils","","git://git.hadrons.org/cgit/debian/pkgs/inetutils.git","native","170441","19724","256636","0.00019576","D","gpl-3.0-or-later","",""
"rsync","","https://salsa.debian.org/debian/rsync.git","native","128137","77761","255871","0.00019518","D","gpl-3.0-or-later","gl/salsa.debian.org-32881",""
"vulkan-loader","khronosgroup/vulkan-loader","https://github.com/khronosgroup/vulkan-loader.git","native","117647","30404","193933","0.00019503","D","apache-2.0","gh/132043422",""
"libxkbfile","","https://salsa.debian.org/xorg-team/lib/libxkbfile.git","native","124590","6219","179399","0.00019376","D","mit","gl/salsa.debian.org-4320",""
"libimagequant","imageoptim/libimagequant","https://github.com/imageoptim/libimagequant.git","native","71649","90806","190398","0.00019074","D","gpl-3.0-or-later and hpnd","gh/72796114",""
"libxss","","https://salsa.debian.org/xorg-team/lib/libxss.git","native","130917","0","181974","0.00018617","D","","gl/salsa.debian.org-4331",""
"gsettings-desktop-schemas","","https://salsa.debian.org/gnome-team/gsettings-desktop-schemas.git","native","0","158379","158379","0.00018541","D","lgpl-2.1-or-later","gl/salsa.debian.org-5492",""
"nftables","","https://salsa.debian.org/pkg-netfilter-team/pkg-nftables.git","native","137467","0","191079","0.00018320","D","","gl/salsa.debian.org-512",""
"telnet-apple","apple-oss-distributions/remote_cmds","https://github.com/apple-oss-distributions/remote_cmds.git","native","0","239214","239214","0.00018247","D","","gh/413590719",""
"libvdpau","","https://salsa.debian.org/nvidia-team/libvdpau.git","native","126526","0","175871","0.00018165","D","","gl/salsa.debian.org-20928",""
"libcanberra","","https://salsa.debian.org/gnome-team/libcanberra.git","native","110512","0","153611","0.00018060","D","","gl/salsa.debian.org-5376",""
"xcb-util","","https://salsa.debian.org/xorg-team/lib/xcb-util.git","native","87499","6058","127681","0.00017923","D","mit","gl/salsa.debian.org-4341",""
"rsyslog","","https://salsa.debian.org/debian/rsyslog.git","native","168750","0","234562","0.00017892","D","","gl/salsa.debian.org-6035",""
"libxshmfence","","https://gitlab.freedesktop.org/xorg/lib/libxshmfence.git","native","144428","0","200754","0.00017859","D","","gl/gitlab.freedesktop.org-748",""
"pcsc-lite","","https://salsa.debian.org/debian/pcsc-lite.git","native","141750","0","197032","0.00017858","D","","gl/salsa.debian.org-19181",""
"nginx","nginx/nginx","https://github.com/nginx/nginx.git","native","22295","199519","230509","0.00017770","D","bsd-2-clause","gh/37912398",""
"onetbb","uxlfoundation/onetbb","https://github.com/uxlfoundation/onetbb.git","native","15996","185349","207583","0.00017736","D","","gh/67641996",""
"7zip","","https://salsa.debian.org/debian/7zip.git","native","0","36490","36490","0.00017652","D","","gl/salsa.debian.org-61356",""
"libaio","","https://pagure.io/libaio","native","101275","0","140772","0.00017558","D","","",""
"subversion","","https://salsa.debian.org/jamessan/subversion.git","native","22235","113830","144736","0.00017551","D","apache-2.0","gl/salsa.debian.org-9721",""
"libverto","latchset/libverto","https://github.com/latchset/libverto.git","native","751","0","1043","0.00017551","D","","gh/69289169",""
"libsecret","","https://salsa.debian.org/gnome-team/libsecret.git","native","120608","23123","190768","0.00017495","D","lgpl-2.1-or-later and gpl-2.0-or-later and apache-2.0","gl/salsa.debian.org-5314",""
"debian:libsepol1","","","","164031","0","228003","0.00017392","D","","",""
"gts-triangulated-surface","","","","46020","143973","207940","0.00017170","D","","",""
"p7zip","p7zip-project/p7zip","https://github.com/p7zip-project/p7zip.git","native","99089","85932","223665","0.00017061","D","lgpl-2.1-or-later and gpl-2.0-or-later","gh/256698986",""
"sord","","https://salsa.debian.org/multimedia-team/sord.git","native","116280","0","161629","0.00016993","D","","gl/salsa.debian.org-8211",""
"ijs","","https://salsa.debian.org/printing-team/ijs.git","native","137845","0","191604","0.00016977","D","","gl/salsa.debian.org-11203",""
"htop","htop-dev/htop","https://github.com/htop-dev/htop.git","native","0","220868","220868","0.00016848","D","gpl-2.0-or-later","gh/288082909",""
"liblognorm","","https://salsa.debian.org/debian/liblognorm.git","native","153054","0","212745","0.00016735","D","","gl/salsa.debian.org-70912",""
"libslirp","","https://gitlab.freedesktop.org/slirp/libslirp.git","native","37654","153871","206210","0.00016669","D","bsd-3-clause","gl/gitlab.freedesktop.org-2767",""
"libfontenc","","https://salsa.debian.org/xorg-team/lib/libfontenc.git","native","139671","5838","199980","0.00016607","D","mit","gl/salsa.debian.org-4297",""
"ocl-icd","ocl-dev/ocl-icd","https://github.com/ocl-dev/ocl-icd.git","native","104256","0","144915","0.00016565","D","","gh/46561831",""
"libva","intel/libva","https://github.com/intel/libva.git","native","116444","0","161857","0.00016527","D","","gh/16745233",""
"yajl","lloyd/yajl","https://github.com/lloyd/yajl.git","native","117782","22420","186136","0.00016465","D","isc","gh/89912",""
"colord","","https://salsa.debian.org/debian/colord.git","native","132668","0","184408","0.00016436","D","","gl/salsa.debian.org-30197",""
"libaec","","https://gitlab.dkrz.de/k202009/libaec.git","native","30606","126655","169197","0.00016417","D","bsd-2-clause","gl/gitlab.dkrz.de-117",""
"libevdev","","https://salsa.debian.org/debian/libevdev.git","native","114790","0","159558","0.00016404","D","","gl/salsa.debian.org-25572",""
"pipx","","","","0","211504","211504","0.00016133","D","mit","",""
"xcb-util-keysyms","","https://salsa.debian.org/xorg-team/lib/xcb-util-keysyms.git","native","105286","5337","151684","0.00016105","D","x11","gl/salsa.debian.org-4343",""
"debian:libldap-2.4-2","","","","151473","0","210547","0.00016060","D","","",""
"libcdio","","https://salsa.debian.org/debian/libcdio.git","native","75723","0","105254","0.00016017","D","","gl/salsa.debian.org-48945",""
"raptor-rdf","","","","105862","0","147148","0.00015988","D","","",""
"libnotify","","https://salsa.debian.org/gnome-team/libnotify.git","native","115579","0","160654","0.00015939","D","","gl/salsa.debian.org-5309",""
"docker-completion","docker/cli","https://github.com/docker/cli.git","native","0","206721","206721","0.00015768","D","apache-2.0","gh/88013053",""
"dnsmasq","","git://thekelleys.org.uk/dnsmasq.git","native","112099","50801","206618","0.00015761","D","gpl-2.0-only or gpl-3.0-only","",""
"debian:libssl1.1","","","","148298","0","206134","0.00015724","D","","",""
"libshout","","https://salsa.debian.org/multimedia-team/libshout.git","native","117465","31502","194778","0.00015664","D","lgpl-2.0-or-later","gl/salsa.debian.org-8086",""
"docutils","","","","0","204737","204737","0.00015617","D","licenseref-homebrew-public-domain and bsd-2-clause and gpl-3.0-or-later and python-2.0","",""
"zsh","","https://salsa.debian.org/debian/zsh.git","native","16762","180487","203786","0.00015545","D","mit-modern-variant and gpl-2.0-only and gpl-2.0-or-later and isc","gl/salsa.debian.org-20758",""
"flite","","https://salsa.debian.org/a11y-team/flite.git","native","121868","0","169396","0.00015473","D","","gl/salsa.debian.org-6378",""
"speexdsp","","https://salsa.debian.org/multimedia-team/speexdsp.git","native","107619","20193","169783","0.00015471","D","bsd-3-clause","gl/salsa.debian.org-69063",""
"gsm","","","","131671","0","183022","0.00015371","D","","",""
"gnu-bc","","","","131418","0","182671","0.00015314","D","","",""
"djvulibre","","https://salsa.debian.org/debian/djvulibre.git","native","121821","0","169331","0.00015254","D","","gl/salsa.debian.org-19427",""
"norm","","https://salsa.debian.org/debian/norm.git","native","99833","0","138767","0.00015170","D","","gl/salsa.debian.org-44000",""
"kwidgetsaddons","","https://invent.kde.org/frameworks/kwidgetsaddons","native","42490","0","59061","0.00015102","D","","gl/invent.kde.org-2657",""
"liblinear","","https://salsa.debian.org/science-team/liblinear.git","native","28599","144025","183777","0.00015071","D","bsd-3-clause","gl/salsa.debian.org-3413",""
"twolame","","https://salsa.debian.org/multimedia-team/twolame.git","native","126599","0","175972","0.00015063","D","","gl/salsa.debian.org-8241",""
"faad2","knik0/faad2","https://github.com/knik0/faad2.git","native","110797","34580","188587","0.00015024","D","gpl-2.0-or-later","gh/98278290",""
"libmng","","","","69020","89572","185509","0.00015020","D","zlib","",""
"libcaca","","https://salsa.debian.org/multimedia-team/libcaca.git","native","127564","0","177313","0.00015010","D","","gl/salsa.debian.org-70844",""
"vte","","https://salsa.debian.org/gnome-team/vte.git","native","105568","33290","180029","0.00014999","D","","gl/salsa.debian.org-5465",""
"pmix","openpmix/openpmix","https://github.com/openpmix/openpmix.git","native","11823","156405","172838","0.00014969","D","bsd-3-clause","gh/44704948",""
"libplist","libimobiledevice/libplist","https://github.com/libimobiledevice/libplist.git","native","14427","39268","59321","0.00014936","D","lgpl-2.1-or-later","gh/8180632",""
"libasyncns","","git://git.ortolo.eu/pkg-libasyncns.git","native","134152","0","186471","0.00014924","D","","",""
"luv","luvit/luv","https://github.com/luvit/luv.git","native","0","153045","153045","0.00014918","D","apache-2.0","gh/6127999",""
"wavpack","dbry/wavpack","https://github.com/dbry/wavpack.git","native","129112","9771","189236","0.00014881","D","bsd-3-clause","gh/13080908",""
"game-music-emu","libgme/game-music-emu","https://github.com/libgme/game-music-emu.git","native","124181","5862","178473","0.00014869","D","lgpl-2.1-or-later and gpl-2.0-or-later","gh/697025363",""
"debian:libidn11","","","","139989","0","194584","0.00014843","D","","",""
"libdaemon","","https://salsa.debian.org/utopia-team/libdaemon.git","native","124417","0","172939","0.00014837","D","","gl/salsa.debian.org-8526",""
"simdjson","simdjson/simdjson","https://github.com/simdjson/simdjson.git","native","0","93378","93378","0.00014779","D","apache-2.0","gh/126412363",""
"xapian-core","","https://salsa.debian.org/olly/xapian-core.git","native","128962","0","179257","0.00014765","D","","gl/salsa.debian.org-27151",""
"gawk","","","","84634","75556","193197","0.00014737","D","gpl-3.0-or-later","",""
"libwpd","","","","101586","0","141204","0.00014714","D","","",""
"jsoncpp","open-source-parsers/jsoncpp","https://github.com/open-source-parsers/jsoncpp.git","native","5612","87412","95212","0.00014693","D","mit","gh/21530861",""
"libiec61883","","https://salsa.debian.org/debian/libiec61883.git","native","123024","0","171003","0.00014679","D","","gl/salsa.debian.org-32268",""
"libavc1394","","https://salsa.debian.org/multimedia-team/libavc1394.git","native","123478","0","171634","0.00014577","D","","gl/salsa.debian.org-8046",""
"duktape","svaarala/duktape","https://github.com/svaarala/duktape.git","native","74478","2971","106495","0.00014541","D","mit","gh/15852088",""
"openal-soft","kcat/openal-soft","https://github.com/kcat/openal-soft.git","native","117067","0","162723","0.00014537","D","","gh/23277337",""
"libxxf86dga","","https://salsa.debian.org/xorg-team/lib/libxxf86dga.git","native","131425","0","182680","0.00014528","D","","gl/salsa.debian.org-4336",""
"gcr","","https://salsa.debian.org/gnome-team/gcr.git","native","104803","0","145676","0.00014511","D","","gl/salsa.debian.org-5381",""
"docbook","docbook/docbook","https://github.com/docbook/docbook.git","native","0","81968","81968","0.00014489","D","licenseref-homebrew-cannot-represent","gh/1637769",""
"simdutf","simdutf/simdutf","https://github.com/simdutf/simdutf.git","native","0","8524","8524","0.00014462","D","apache-2.0 or mit","gh/335799265",""
"tidy","htacg/tidy-html5","https://github.com/htacg/tidy-html5.git","native","0","155182","155182","0.00014452","D","","gh/2793788",""
"ntfs-3g","tuxera/ntfs-3g","https://github.com/tuxera/ntfs-3g.git","native","117515","0","163345","0.00014413","D","","gh/343714504",""
"libdvdread","","https://salsa.debian.org/multimedia-team/libdvdread.git","native","72197","1723","102076","0.00014352","D","gpl-2.0-or-later","gl/salsa.debian.org-8058",""
"shine","toots/shine","https://github.com/toots/shine.git","native","124015","0","172380","0.00014342","D","","gh/5116893",""
"debian:libapt-pkg6.0","","","","134866","0","187463","0.00014299","D","","",""
"zip","kuba--/zip","https://github.com/kuba--/zip.git","native","90071","61097","186295","0.00014274","D","info-zip","gh/32760969",""
"ccache","ccache/ccache","https://github.com/ccache/ccache.git","native","0","185909","185909","0.00014181","D","gpl-3.0-or-later","gh/461102",""
"chromaprint","","https://salsa.debian.org/multimedia-team/chromaprint.git","native","121115","0","168349","0.00014159","D","","gl/salsa.debian.org-7903",""
"libopenmpt","","https://salsa.debian.org/multimedia-team/libopenmpt.git","native","106230","0","147659","0.00014152","D","","gl/salsa.debian.org-8077",""
"musepack","","","","109731","24244","176770","0.00014122","D","bsd-3-clause and lgpl-2.1-or-later and gpl-2.0-or-later and zlib","",""
"libutempter","","git://git.altlinux.org/people/ldv/packages/?p=libutempter.git","native","127085","0","176648","0.00014094","D","","",""
"bluez","bluez/bluez","https://github.com/bluez/bluez.git","native","113668","0","157998","0.00014019","D","","gh/219718895",""
"sratom","","https://salsa.debian.org/multimedia-team/sratom.git","native","116278","0","161626","0.00014012","D","","gl/salsa.debian.org-8218",""
"debian:x11-utils","","","","131056","0","182167","0.00013954","D","","",""
"xcb-util-renderutil","","https://salsa.debian.org/xorg-team/lib/xcb-util-renderutil.git","native","105308","5458","151836","0.00013944","D","x11 and hpnd-sell-variant","gl/salsa.debian.org-4344",""
"assimp","assimp/assimp","https://github.com/assimp/assimp.git","native","2928","166746","170815","0.00013899","D","bsd-3-clause and cc-pddc and mit and bsl-1.0 and unlicense and zlib","gh/648332",""
"xcb-util-image","","https://salsa.debian.org/xorg-team/lib/xcb-util-image.git","native","104635","5620","151062","0.00013885","D","x11","gl/salsa.debian.org-4342",""
"libbs2b","","https://salsa.debian.org/debian/libbs2b.git","native","118950","0","165340","0.00013868","D","","gl/salsa.debian.org-68284",""
"lilv","","https://salsa.debian.org/multimedia-team/lilv.git","native","116278","0","161626","0.00013847","D","","gl/salsa.debian.org-8097",""
"parted","","https://salsa.debian.org/parted-team/parted.git","native","130199","0","180976","0.00013805","D","","gl/salsa.debian.org-9449",""
"libsigsegv","","https://salsa.debian.org/common-lisp-team/libsigsegv.git","native","105208","6669","152908","0.00013795","D","gpl-2.0-or-later","gl/salsa.debian.org-9457",""
"sndio","","","","102183","0","142034","0.00013792","D","","",""
"perl:file-fcntllock","","","","128117","0","178082","0.00013790","D","","",""
"liblangtag","","https://bitbucket.org/tagoh/liblangtag.git","native","101519","0","141111","0.00013695","D","","",""
"x11-xserver-utils","","https://salsa.debian.org/xorg-team/app/x11-xserver-utils.git","native","121302","0","168609","0.00013671","D","","gl/salsa.debian.org-4213",""
"md4c","mity/md4c","https://github.com/mity/md4c.git","native","62393","80766","167492","0.00013646","D","mit","gh/69898189",""
"mysql-defaults","","https://salsa.debian.org/mariadb-team/mysql.git","native","128510","0","178628","0.00013626","D","","gl/salsa.debian.org-17882",""
"wxwidgets","wxwidgets/wxwidgets","https://github.com/wxwidgets/wxwidgets.git","native","11402","117507","133355","0.00013623","D","lgpl-2.0-or-later with wxwindows-exception-3.1","gh/1764646",""
"emacs","","https://salsa.debian.org/rlb/deb-emacs.git","native","0","153100","153100","0.00013517","D","gpl-3.0-or-later","gl/salsa.debian.org-6493",""
"xmlsec","lsh123/xmlsec","https://github.com/lsh123/xmlsec.git","native","96838","38223","172827","0.00013513","D","","gh/50599822",""
"libdvdnav","","https://salsa.debian.org/multimedia-team/libdvdnav.git","native","113569","1189","159049","0.00013450","D","gpl-2.0-or-later","gl/salsa.debian.org-8057",""
"snowballstemmer","","","","117041","0","162686","0.00013439","D","","",""
"mhash","","https://salsa.debian.org/debian/mhash.git","native","105718","0","146948","0.00013429","D","","gl/salsa.debian.org-19334",""
"sane-backends","","git://git.jff.email/cgit/sane-backends.git","native","113178","18368","175685","0.00013401","D","gpl-2.0-or-later","",""
"gstreamer:good","","","","114161","0","158683","0.00013377","D","","",""
"libnice","","https://salsa.debian.org/telepathy-team/libnice.git","native","102137","25706","167676","0.00013367","D","lgpl-2.1-only or mpl-1.1","gl/salsa.debian.org-27052",""
"libdnet","ofalk/libdnet","https://github.com/ofalk/libdnet.git","native","9927","0","13798","0.00013365","D","","gh/37396564",""
"cdparanoia","","https://salsa.debian.org/optical-media-team/cdparanoia.git","native","120123","0","166970","0.00013364","D","","gl/salsa.debian.org-1533",""
"libxfce4util","","https://salsa.debian.org/xfce-team/desktop/libxfce4util.git","native","35951","0","49971","0.00013348","D","","gl/salsa.debian.org-28344",""
"libvisual","","https://salsa.debian.org/debian/libvisual.git","native","119911","0","166676","0.00013342","D","","gl/salsa.debian.org-29822",""
"libgusb","hughsie/libgusb","https://github.com/hughsie/libgusb.git","native","110744","0","153934","0.00013297","D","","gh/28331817",""
"libwacom","","https://salsa.debian.org/debian/libwacom.git","native","113724","0","158076","0.00013288","D","","gl/salsa.debian.org-18802",""
"x11-xkb-utils","","https://salsa.debian.org/xorg-team/app/x11-xkb-utils.git","native","114657","0","159373","0.00013185","D","","gl/salsa.debian.org-4212",""
"mint-swift-package-manager","yonaskolb/mint","https://github.com/yonaskolb/mint.git","native","0","172762","172762","0.00013178","D","","gh/104940019",""
"libgphoto2","gphoto/libgphoto2","https://github.com/gphoto/libgphoto2.git","native","100386","14679","154215","0.00013153","D","lgpl-2.1-or-later","gh/40043855",""
"openpgm","steve-o/openpgm","https://github.com/steve-o/openpgm.git","native","80489","0","111879","0.00013119","D","","gh/32273301",""
"zvbi","zapping-vbi/zvbi","https://github.com/zapping-vbi/zvbi.git","native","111274","0","154670","0.00013116","D","","gh/531925809",""
"dosfstools","dosfstools/dosfstools","https://github.com/dosfstools/dosfstools.git","native","123635","0","171852","0.00013109","D","","gh/26462150",""
"libmbim","","https://salsa.debian.org/debianonmobile-team/libmbim.git","native","108481","0","150788","0.00013095","D","","gl/salsa.debian.org-46844",""
"xcb-util-wm","","https://salsa.debian.org/xorg-team/lib/xcb-util-wm.git","native","104362","5789","150852","0.00013074","D","x11","gl/salsa.debian.org-4345",""
"libinput","","https://salsa.debian.org/xorg-team/lib/libinput.git","native","111504","0","154990","0.00013048","D","","gl/salsa.debian.org-4303",""
"libaacs","","https://salsa.debian.org/multimedia-team/libaacs.git","native","122893","0","170821","0.00013030","D","","gl/salsa.debian.org-8042",""
"libreoffice","","git://git.libreoffice.org/core","native","102175","0","142023","0.00012952","D","","",""
"startup-notification","","https://salsa.debian.org/gnome-team/startup-notification.git","native","108281","0","150510","0.00012941","D","","gl/salsa.debian.org-5477",""
"aalib","","https://salsa.debian.org/debian/aalib.git","native","117391","0","163173","0.00012913","D","","gl/salsa.debian.org-33084",""
"python:virtualenv","","","","0","169081","169081","0.00012897","D","","",""
"proj","osgeo/proj","https://github.com/osgeo/proj.git","native","26976","102834","140330","0.00012889","D","mit","gh/36057261",""
"pugixml","zeux/pugixml","https://github.com/zeux/pugixml.git","native","18821","93632","119793","0.00012876","D","mit","gh/4923301",""
"packagekit","","https://salsa.debian.org/pkgutopia-team/packagekit.git","native","121167","0","168422","0.00012847","D","","gl/salsa.debian.org-6294",""
"lksctp-tools","sctp/lksctp-tools","https://github.com/sctp/lksctp-tools.git","native","20826","0","28948","0.00012779","D","","gh/38979883",""
"libdv","","https://salsa.debian.org/debian/libdv.git","native","102142","0","141977","0.00012742","D","","gl/salsa.debian.org-33165",""
"upower","","https://salsa.debian.org/utopia-team/upower.git","native","106429","0","147936","0.00012724","D","","gl/salsa.debian.org-8557",""
"libxfont2","","https://gitlab.freedesktop.org/xorg/lib/libxfont.git","native","109220","5693","157508","0.00012712","D","mit","gl/gitlab.freedesktop.org-716",""
"libgsf","","https://gitlab.gnome.org/gnome/libgsf.git","native","68111","25183","119857","0.00012694","D","lgpl-2.1-only","gl/gitlab.gnome.org-1545",""
"sbc","","https://salsa.debian.org/bluetooth-team/sbc.git","native","107970","0","150078","0.00012694","D","","gl/salsa.debian.org-18066",""
"networkmanager","","https://gitlab.freedesktop.org/networkmanager/networkmanager.git","native","105537","0","146696","0.00012674","D","","gl/gitlab.freedesktop.org-411",""
"portaudio","","","","36672","62688","113662","0.00012609","D","mit","",""
"udisks","","","","111793","0","155392","0.00012599","D","","",""
"vo-amrwbenc","","git://git.code.sf.net/p/opencore-amr/code","native","106826","0","148488","0.00012582","D","","",""
"modemmanager","","https://salsa.debian.org/debianonmobile-team/modemmanager.git","native","110565","0","153685","0.00012561","D","","gl/salsa.debian.org-46849",""
"libmysofa","hoene/libmysofa","https://github.com/hoene/libmysofa.git","native","92918","0","129156","0.00012544","D","","gh/75776226",""
"cracklib","cracklib/cracklib","https://github.com/cracklib/cracklib.git","native","82104","0","114124","0.00012505","D","","gh/40944821",""
"video4linux","","","","105406","0","146514","0.00012493","D","","",""
"libvdpau-va-gl","i-rinat/libvdpau-va-gl","https://github.com/i-rinat/libvdpau-va-gl.git","native","117756","0","163680","0.00012485","D","","gh/8225438",""
"dbus-glib","","https://salsa.debian.org/debian/dbus-glib.git","native","104460","0","145199","0.00012481","D","","gl/salsa.debian.org-6853",""
"vo-aacenc","","git://git.code.sf.net/p/opencore-amr/code","native","105631","0","146827","0.00012455","D","","",""
"mtdev","","https://salsa.debian.org/debian/mtdev.git","native","100944","0","140312","0.00012427","D","","gl/salsa.debian.org-38184",""
"wpa-supplicant","","","","117033","0","162675","0.00012409","D","","",""
"gstreamer:bad","","","","105664","0","146872","0.00012402","D","","",""
"a52dec","","https://salsa.debian.org/multimedia-team/a52dec.git","native","109519","0","152231","0.00012376","D","","gl/salsa.debian.org-7868",""
"hicolor-icon-theme","","https://salsa.debian.org/gnome-team/hicolor-icon-theme.git","native","0","84232","84232","0.00012339","D","gpl-2.0-only","gl/salsa.debian.org-18977",""
"libmpeg2","ittiam-systems/libmpeg2","https://github.com/ittiam-systems/libmpeg2.git","native","109086","0","151629","0.00012330","D","","gh/586733775",""
"capstone","capstone-engine/capstone","https://github.com/capstone-engine/capstone.git","native","0","148490","148490","0.00012266","D","bsd-3-clause","gh/14735429",""
"grpc","grpc/grpc","https://github.com/grpc/grpc.git","native","0","154288","154288","0.00012230","D","apache-2.0","gh/27729880",""
"debian:libgcc1","","","","101971","0","141739","0.00012196","D","","",""
"fakeroot","","https://salsa.debian.org/clint/fakeroot.git","native","114720","0","159460","0.00012163","D","","gl/salsa.debian.org-28340",""
"libatasmart","","https://salsa.debian.org/utopia-team/libatasmart.git","native","114482","0","159129","0.00012138","D","","gl/salsa.debian.org-8508",""
"cups-filters","openprinting/cups-filters","https://github.com/openprinting/cups-filters.git","native","101231","0","140711","0.00012113","D","","gh/105824994",""
"libspectre","","https://gitlab.freedesktop.org/libspectre/libspectre.git","native","107808","0","149853","0.00012103","D","","gl/gitlab.freedesktop.org-1200",""
"libbdplus","","https://salsa.debian.org/multimedia-team/libbdplus.git","native","114143","0","158658","0.00012102","D","","gl/salsa.debian.org-8047",""
"debian:libsoup2.4-1","","","","113996","0","158454","0.00012087","D","","",""
"meson","mesonbuild/meson","https://github.com/mesonbuild/meson.git","native","0","157988","157988","0.00012051","D","apache-2.0","gh/19784232",""
"usb-modeswitch","","https://salsa.debian.org/debian/usb-modeswitch.git","native","113546","0","157828","0.00012039","D","","gl/salsa.debian.org-12963",""
"libxfce4ui","","https://salsa.debian.org/xfce-team/desktop/libxfce4ui.git","native","33834","0","47029","0.00011987","D","","gl/salsa.debian.org-32902",""
"libxres","","https://salsa.debian.org/xorg-team/lib/libxres.git","native","105077","0","146057","0.00011924","D","","gl/salsa.debian.org-4329",""
"hyphen","hunspell/hyphen","https://github.com/hunspell/hyphen.git","native","110311","0","153332","0.00011901","D","","gh/37258587",""
"libxvmc","","https://salsa.debian.org/xorg-team/lib/libxvmc.git","native","107634","0","149611","0.00011888","D","","gl/salsa.debian.org-4335",""
"enchant","rrthomas/enchant","https://github.com/rrthomas/enchant.git","native","78344","27758","136656","0.00011877","D","lgpl-2.1-or-later","gh/11597971",""
"speech-dispatcher","","https://salsa.debian.org/tts-team/speech-dispatcher.git","native","100476","0","139661","0.00011854","D","","gl/salsa.debian.org-6419",""
"openvino","openvinotoolkit/openvino","https://github.com/openvinotoolkit/openvino.git","native","0","152146","152146","0.00011803","D","apache-2.0","gh/153097643",""
"debian:libsmbclient","","","","111237","0","154619","0.00011794","D","","",""
"libdca","","https://salsa.debian.org/multimedia-team/libdca.git","native","109850","0","152691","0.00011771","D","","gl/salsa.debian.org-26268",""
"sonic-speech-rate-library","waywardgeek/sonic","https://github.com/waywardgeek/sonic.git","native","97366","0","135338","0.00011770","D","","gh/1244696",""
"ibus","ibus/ibus","https://github.com/ibus/ibus.git","native","80652","0","112106","0.00011737","D","","gh/895564",""
"ppp","","https://salsa.debian.org/debian/ppp.git","native","110228","0","153216","0.00011687","D","","gl/salsa.debian.org-34",""
"gstreamer:libav","","","","109191","0","151775","0.00011686","D","","",""
"libdbusmenu","","https://salsa.debian.org/debian-ayatana-team/libdbusmenu.git","native","93738","0","130295","0.00011678","D","","gl/salsa.debian.org-26950",""
"texlive","","","","95765","15439","148552","0.00011654","D","licenseref-homebrew-cannot-represent","",""
"rabbitmq-c","alanxz/rabbitmq-c","https://github.com/alanxz/rabbitmq-c.git","native","97039","0","134884","0.00011653","D","","gh/1855590",""
"libyuv","","https://salsa.debian.org/debian/libyuv.git","native","64975","0","90315","0.00011651","D","","gl/salsa.debian.org-63595",""
"gptfdisk","","","","109783","0","152598","0.00011640","D","","",""
"libgav1","","https://salsa.debian.org/multimedia-team/libgav1.git","native","64879","0","90181","0.00011640","D","","gl/salsa.debian.org-55476",""
"libteam","","https://salsa.debian.org/debian/libteam.git","native","104369","0","145072","0.00011633","D","","gl/salsa.debian.org-24301",""
"libndp","","https://salsa.debian.org/debian/libndp.git","native","104346","0","145040","0.00011631","D","","gl/salsa.debian.org-8590",""
"anacron","","https://salsa.debian.org/debian/anacron.git","native","109570","0","152302","0.00011617","D","","gl/salsa.debian.org-31867",""
"iw","","https://salsa.debian.org/kernel-team/iw.git","native","109226","0","151824","0.00011581","D","","gl/salsa.debian.org-31817",""
"libmodplug","","https://salsa.debian.org/mod-player-team/libmodplug.git","native","107861","0","149926","0.00011560","D","","gl/salsa.debian.org-25700",""
"libwnck","","https://gitlab.gnome.org/gnome/libwnck.git","native","101117","0","140552","0.00011537","D","","gl/gitlab.gnome.org-550",""
"perl:algorithm-diff-xs","","","","108476","0","150781","0.00011501","D","","",""
"xdrv:fbdev","","","","108320","0","150564","0.00011485","D","","",""
"gdal","osgeo/gdal","https://github.com/osgeo/gdal.git","native","7047","136224","146019","0.00011452","D","mit","gh/6148317",""
"xdrv:vesa","","","","107979","0","150090","0.00011449","D","","",""
"xdrv:ati","","","","107786","0","149822","0.00011428","D","","",""
"re2","google/re2","https://github.com/google/re2.git","native","13865","107577","126849","0.00011408","D","bsd-3-clause","gh/23086893",""
"gspell","","https://gitlab.gnome.org/gnome/gspell.git","native","80084","25298","136614","0.00011375","D","lgpl-2.1-or-later","gl/gitlab.gnome.org-1633",""
"xdrv:wacom","","","","106981","0","148703","0.00011343","D","","",""
"alsa-utils","","https://salsa.debian.org/alsa-team/alsa-utils.git","native","106942","0","148649","0.00011339","D","","gl/salsa.debian.org-21204",""
"pcaudiolib","espeak-ng/pcaudiolib","https://github.com/espeak-ng/pcaudiolib.git","native","93229","0","129588","0.00011331","D","","gh/51261867",""
"xdrv:vmware","","","","106843","0","148511","0.00011328","D","","",""
"libmtp","","https://salsa.debian.org/debian/libmtp.git","native","101151","0","140599","0.00011323","D","","gl/salsa.debian.org-33503",""
"msgpack","msgpack/msgpack-c","https://github.com/msgpack/msgpack-c.git","native","0","142961","142961","0.00011321","D","bsl-1.0","gh/4879511",""
"libexttextcat","","","","105645","0","146846","0.00011314","D","","",""
"nas","","https://salsa.debian.org/debian/nas.git","native","106565","0","148125","0.00011299","D","","gl/salsa.debian.org-8477",""
"libwmf","","https://salsa.debian.org/yangfl-guest/libwmf.git","native","87952","0","122253","0.00011278","D","","gl/salsa.debian.org-44856",""
"libsidplay1","","","","99069","0","137705","0.00011268","D","","",""
"debian:x11-apps","","","","106204","0","147623","0.00011261","D","","",""
"zbar","mchehab/zbar","https://github.com/mchehab/zbar.git","native","92213","17439","145615","0.00011231","D","lgpl-2.1-only","gh/144000412",""
"libqmi","","https://salsa.debian.org/debianonmobile-team/libqmi.git","native","105926","0","147237","0.00011231","D","","gl/salsa.debian.org-46843",""
"mythes","","","","102304","0","142202","0.00011198","D","","",""
"rtkit","heftig/rtkit","https://github.com/heftig/rtkit.git","native","105597","0","146779","0.00011196","D","","gh/69994998",""
"xdrv:intel","","","","105565","0","146735","0.00011193","D","","",""
"woff2","google/woff2","https://github.com/google/woff2.git","native","99629","6911","145395","0.00011186","D","mit","gh/24993103",""
"libao","","git://git.debian.org/?p=users/ron/libao.git","native","104010","0","144573","0.00011183","D","","",""
"libieee1284","","","","100055","0","139076","0.00011179","D","","",""
"x11-session-utils","","https://salsa.debian.org/xorg-team/app/x11-session-utils.git","native","105189","0","146212","0.00011153","D","","gl/salsa.debian.org-4209",""
"debian:python2.7-minimal","","","","105106","0","146097","0.00011144","D","","",""
"qrencode","fukuchi/libqrencode","https://github.com/fukuchi/libqrencode.git","native","80049","21154","132422","0.00011137","D","lgpl-2.1-or-later","gh/1410242",""
"debian:python2.7","","","","104938","0","145863","0.00011126","D","","",""
"cmocka","","https://salsa.debian.org/debian/cmocka.git","native","0","145621","145621","0.00011108","D","apache-2.0","gl/salsa.debian.org-30012",""
"soundtouch","","https://salsa.debian.org/multimedia-team/soundtouch.git","native","103069","0","143265","0.00011052","D","","gl/salsa.debian.org-8216",""
"usbmuxd","libimobiledevice/usbmuxd","https://github.com/libimobiledevice/usbmuxd.git","native","104216","0","144860","0.00011050","D","","gh/8180474",""
"wildmidi","","https://salsa.debian.org/games-team/wildmidi.git","native","102759","0","142835","0.00011019","D","","gl/salsa.debian.org-33910",""
"libkate","","https://salsa.debian.org/multimedia-team/libkate.git","native","103108","0","143320","0.00010994","D","","gl/salsa.debian.org-28691",""
"cairomm","","https://salsa.debian.org/gnome-team/cairomm.git","native","90398","0","125653","0.00010977","D","","gl/salsa.debian.org-5530",""
"libwpg","","","","101567","0","141178","0.00010951","D","","",""
"libdc1394","","https://salsa.debian.org/multimedia-team/libdc1394.git","native","88950","0","123640","0.00010946","D","","gl/salsa.debian.org-53942",""
"libxklavier","","https://salsa.debian.org/gnome-team/libxklavier.git","native","88343","0","122796","0.00010880","D","","gl/salsa.debian.org-5318",""
"libeot","","https://salsa.debian.org/fonts-team/libeot.git","native","101170","0","140626","0.00010839","D","","gl/salsa.debian.org-6427",""
"libvisio","","","","100341","0","139473","0.00010821","D","","",""
"libcdr","","","","100331","0","139460","0.00010820","D","","",""
"spandsp","","https://salsa.debian.org/pkg-voip-team/spandsp.git","native","99328","0","138065","0.00010815","D","","gl/salsa.debian.org-8969",""
"pipenv","pypa/pipenv","https://github.com/pypa/pipenv.git","native","0","141668","141668","0.00010806","D","mit","gh/79510167",""
"gexiv2","","https://salsa.debian.org/gnome-team/gexiv2.git","native","97392","0","135374","0.00010800","D","","gl/salsa.debian.org-17939",""
"alsa-ucm-conf","","https://salsa.debian.org/alsa-team/alsa-ucm-conf.git","native","101824","0","141535","0.00010796","D","","gl/salsa.debian.org-42562",""
"alsa-topology-conf","","https://salsa.debian.org/alsa-team/alsa-topology-conf.git","native","101816","0","141524","0.00010795","D","","gl/salsa.debian.org-42563",""
"pipewire","","https://salsa.debian.org/utopia-team/pipewire.git","native","82813","0","115110","0.00010790","D","","gl/salsa.debian.org-5483",""
"gnome-online-accounts","","https://salsa.debian.org/gnome-team/gnome-online-accounts.git","native","84000","0","116759","0.00010788","D","","gl/salsa.debian.org-5231",""
"geoip","","","","96910","0","134704","0.00010779","D","","",""
"libbpf","libbpf/libbpf","https://github.com/libbpf/libbpf.git","native","81645","0","113486","0.00010779","D","","gh/152338895",""
"erlang","erlang/otp","https://github.com/erlang/otp.git","native","0","141272","141272","0.00010776","D","apache-2.0","gh/374927",""
"gstreamer:ugly","","","","101614","0","141243","0.00010774","D","","",""
"libodfgen","","","","100447","0","139621","0.00010763","D","","",""
"libsrtp","cisco/libsrtp","https://github.com/cisco/libsrtp.git","native","100238","0","139330","0.00010752","D","","gh/9087423",""
"debian:libpython2.7-minimal","","","","101125","0","140563","0.00010722","D","","",""
"python:pre-commit","","","","0","140510","140510","0.00010718","D","","",""
"ayatana-ido","ayatanaindicators/ayatana-ido","https://github.com/ayatanaindicators/ayatana-ido.git","native","85873","0","119363","0.00010717","D","","gh/103537296",""
"debian:libpython2.7-stdlib","","","","101033","0","140435","0.00010712","D","","",""
"libetonyek","","","","99924","0","138894","0.00010707","D","","",""
"libabw","","","","99863","0","138809","0.00010701","D","","",""
"libe-book","","","","99850","0","138791","0.00010699","D","","",""
"fastlane","fastlane/fastlane","https://github.com/fastlane/fastlane.git","native","0","140104","140104","0.00010687","D","mit","gh/27442967",""
"volume-key","","https://pagure.io/volume_key","native","100651","0","139904","0.00010672","D","","",""
"gnome-keyring","","https://salsa.debian.org/gnome-team/gnome-keyring.git","native","100575","0","139799","0.00010664","D","","gl/salsa.debian.org-5219",""
"libmwaw","","","","99460","0","138249","0.00010658","D","","",""
"pocketsphinx","","https://salsa.debian.org/a11y-team/pocketsphinx.git","native","89508","0","124416","0.00010622","D","","gl/salsa.debian.org-6391",""
"vde","virtualsquare/vde-2","https://github.com/virtualsquare/vde-2.git","native","0","126761","126761","0.00010609","D","gpl-2.0-or-later and lgpl-2.1-or-later","gh/52276186",""
"socat","","","","65828","47484","138984","0.00010602","D","gpl-2.0-only","",""
"libmspub","","","","98799","0","137330","0.00010588","D","","",""
"libfreehand","","","","98801","0","137333","0.00010588","D","","",""
"gvfs","","https://salsa.debian.org/gnome-team/gvfs.git","native","97940","0","136136","0.00010584","D","","gl/salsa.debian.org-5285",""
"netcdf","unidata/netcdf-c","https://github.com/unidata/netcdf-c.git","native","5842","121654","129774","0.00010580","D","bsd-3-clause","gh/11934257",""
"libwps","","https://salsa.debian.org/libreoffice-team/document-liberation/libwps.git","native","97567","0","135618","0.00010457","D","","gl/salsa.debian.org-1040",""
"debian:libfreetype6-dev","","","","19651","0","27314","0.00010446","D","","",""
"rasqal","","https://salsa.debian.org/debian/rasqal.git","native","89805","0","124828","0.00010435","D","","gl/salsa.debian.org-69632",""
"alsa-plugins","","https://salsa.debian.org/alsa-team/alsa-plugins.git","native","91419","0","127072","0.00010393","D","","gl/salsa.debian.org-21205",""
"python:sphinx","","","","0","136251","136251","0.00010393","D","","",""
"unibilium","neovim/unibilium","https://github.com/neovim/unibilium.git","native","0","93304","93304","0.00010362","D","lgpl-3.0-or-later","gh/152818885",""
"libpagemaker","","","","96516","0","134157","0.00010346","D","","",""
"python:pycups","openprinting/pycups","https://github.com/openprinting/pycups.git","native","97101","0","134970","0.00010295","D","","gh/62226694",""
"debian:libgdk-pixbuf2.0-0","","","","96952","0","134763","0.00010280","D","","",""
"liblouis","liblouis/liblouis","https://github.com/liblouis/liblouis.git","native","80674","0","112136","0.00010274","D","","gh/5136939",""
"mc","","https://salsa.debian.org/debian/mc.git","native","48754","66679","134447","0.00010255","D","","gl/salsa.debian.org-18032",""
"espeak","espeak-ng/espeak-ng","https://github.com/espeak-ng/espeak-ng.git","native","93087","0","129390","0.00010201","D","","gh/47648456",""
"ffms2","ffms/ffms2","https://github.com/ffms/ffms2.git","native","1512","0","2101","0.00010189","D","","gh/12204382",""
"pygments","pygments/pygments","https://github.com/pygments/pygments.git","native","0","133370","133370","0.00010173","D","bsd-2-clause","gh/205564111",""
"dotconf","williamh/dotconf","https://github.com/williamh/dotconf.git","native","95876","0","133267","0.00010165","D","","gh/795512",""
"plymouth","","https://salsa.debian.org/debian/plymouth.git","native","95856","0","133239","0.00010163","D","","gl/salsa.debian.org-25817",""
"suitesparse","drtimothyaldendavis/suitesparse","https://github.com/drtimothyaldendavis/suitesparse.git","native","14502","104057","124214","0.00010138","D","","gh/216246672",""
"brltty","","https://salsa.debian.org/a11y-team/brltty.git","native","95405","0","132612","0.00010115","D","","gl/salsa.debian.org-6358",""
"pangomm","","https://salsa.debian.org/gnome-team/pangomm.git","native","90339","0","125571","0.00010025","D","","gl/salsa.debian.org-5421",""
"libgee","","https://gitlab.gnome.org/gnome/libgee.git","native","70374","0","97819","0.00010010","D","","gl/gitlab.gnome.org-1752",""
"bison","","","","19445","104173","131201","0.00010008","D","gpl-3.0-or-later","",""
"opencv","opencv/opencv","https://github.com/opencv/opencv.git","native","9292","116403","129318","0.00009988","D","apache-2.0","gh/5108051",""
"libnumbertext","","https://salsa.debian.org/libreoffice-team/libnumbertext.git","native","92884","0","129108","0.00009961","D","","gl/salsa.debian.org-25660",""
"kio","","https://invent.kde.org/frameworks/kio","native","39733","0","55228","0.00009930","D","","gl/invent.kde.org-2729",""
"libstaroffice","fosnola/libstaroffice","https://github.com/fosnola/libstaroffice.git","native","92234","0","128205","0.00009892","D","","gh/40075243",""
"bsdmainutils","","https://salsa.debian.org/meskes/bsdmainutils.git","native","93191","0","129535","0.00009881","D","","gl/salsa.debian.org-8606",""
"accountsservice","","https://salsa.debian.org/freedesktop-team/accountsservice.git","native","87490","0","121611","0.00009879","D","","gl/salsa.debian.org-19481",""
"libepubgen","","","","92047","0","127945","0.00009872","D","","",""
"libcdio-paranoia","","https://salsa.debian.org/debian/libcdio-paranoia.git","native","79470","0","110463","0.00009839","D","","gl/salsa.debian.org-37328",""
"libadwaita-1","","https://salsa.debian.org/gnome-team/libadwaita.git","native","43697","0","60738","0.00009837","D","","gl/salsa.debian.org-63119",""
"gsl","","https://salsa.debian.org/edd/gsl.git","native","66714","21253","113985","0.00009821","D","gpl-3.0-or-later","gl/salsa.debian.org-28086",""
"libftdi","","","","61650","12942","98635","0.00009809","D","lgpl-2.1-only","",""
"libayatana-indicator","ayatanaindicators/libayatana-indicator","https://github.com/ayatanaindicators/libayatana-indicator.git","native","85944","0","119462","0.00009798","D","","gh/103536651",""
"libzmf","","","","91109","0","126641","0.00009772","D","","",""
"libqxp","","","","91099","0","126627","0.00009771","D","","",""
"the-silver-searcher","ggreer/the_silver_searcher","https://github.com/ggreer/the_silver_searcher.git","native","0","128060","128060","0.00009768","D","","gh/2810455",""
"atkmm","","","","90333","0","125562","0.00009751","D","","",""
"kwindowsystem","","https://invent.kde.org/frameworks/kwindowsystem","native","42656","0","59291","0.00009699","D","","gl/invent.kde.org-2093",""
"redland","","https://salsa.debian.org/debian/redland.git","native","90075","0","125204","0.00009663","D","","gl/salsa.debian.org-91898",""
"kconfigwidgets","","https://invent.kde.org/frameworks/kconfigwidgets","native","40826","0","56748","0.00009620","D","","gl/invent.kde.org-2600",""
"libimobiledevice","libimobiledevice/libimobiledevice","https://github.com/libimobiledevice/libimobiledevice.git","native","14182","47463","67175","0.00009555","D","lgpl-2.1-or-later","gh/8180677",""
"hdparm","","https://salsa.debian.org/debian/hdparm.git","native","89922","0","124991","0.00009534","D","","gl/salsa.debian.org-18043",""
"mjpegtools","","https://salsa.debian.org/multimedia-team/mjpegtools.git","native","88666","0","123245","0.00009525","D","","gl/salsa.debian.org-8117",""
"rdma-core","linux-rdma/rdma-core","https://github.com/linux-rdma/rdma-core.git","native","53217","0","73971","0.00009478","D","","gh/68456226",""
"libhandy","","https://gitlab.gnome.org/gnome/libhandy.git","native","67737","6897","101051","0.00009478","D","lgpl-2.1-or-later","gl/gitlab.gnome.org-11489",""
"libgtop","","https://gitlab.gnome.org/gnome/libgtop.git","native","85904","0","119406","0.00009470","D","","gl/gitlab.gnome.org-415",""
"metis","","https://salsa.debian.org/science-team/metis.git","native","63921","30901","119751","0.00009467","D","apache-2.0","gl/salsa.debian.org-3492",""
"debian:imagemagick-6-common","","","","88869","0","123527","0.00009422","D","","",""
"python:pycairo","pygobject/pycairo","https://github.com/pygobject/pycairo.git","native","0","99421","99421","0.00009414","D","","gh/87304089",""
"cogl","","https://salsa.debian.org/gnome-team/cogl.git","native","69649","0","96812","0.00009365","D","","gl/salsa.debian.org-5156",""
"libcue","lipnitsk/libcue","https://github.com/lipnitsk/libcue.git","native","59885","0","83240","0.00009354","D","","gh/44516579",""
"powermgmt-base","","https://salsa.debian.org/debian/powermgmt-base.git","native","87867","0","122135","0.00009316","D","","gl/salsa.debian.org-18621",""
"libical","libical/libical","https://github.com/libical/libical.git","native","69974","0","97263","0.00009315","D","","gh/20364962",""
"distro-info-unclassified","","","","87697","0","121898","0.00009298","D","","",""
"geos","","git://git.osgeo.org/gitea/geos/geos.git","native","5627","76246","84067","0.00009275","D","lgpl-2.1-or-later","",""
"clutter","","","","70540","0","98050","0.00009181","D","","",""
"eigen","","https://gitlab.com/libeigen/eigen.git","native","3568","98603","103562","0.00009176","D","mpl-2.0 and apache-2.0 and bsd-3-clause and minpack","gl/15462818",""
"lirc","","https://salsa.debian.org/debian/lirc.git","native","79245","0","110150","0.00009164","D","","gl/salsa.debian.org-91371",""
"libinstpatch","swami/libinstpatch","https://github.com/swami/libinstpatch.git","native","82895","0","115224","0.00009163","D","","gh/175613619",""
"llhttp","nodejs/llhttp","https://github.com/nodejs/llhttp.git","native","0","20","20","0.00009112","D","mit","gh/122002958",""
"tfenv","tfutils/tfenv","https://github.com/tfutils/tfenv.git","native","0","119366","119366","0.00009105","D","mit","gh/64857500",""
"kxmlgui","","https://invent.kde.org/frameworks/kxmlgui","native","39789","0","55306","0.00009096","D","","gl/invent.kde.org-2137",""
"libpeas","","https://salsa.debian.org/gnome-team/libpeas.git","native","74042","5207","108125","0.00009094","D","","gl/salsa.debian.org-5536",""
"libgdata","","https://salsa.debian.org/gnome-team/libgdata.git","native","82618","0","114839","0.00009041","D","","gl/salsa.debian.org-5300",""
"zenity","","https://salsa.debian.org/gnome-team/zenity.git","native","84367","0","117270","0.00009022","D","","gl/salsa.debian.org-5372",""
"totem-pl-parser","","https://salsa.debian.org/gnome-team/totem-pl-parser.git","native","68166","0","94750","0.00009014","D","","gl/salsa.debian.org-5482",""
"libnma","","https://salsa.debian.org/utopia-team/libnma.git","native","83939","0","116675","0.00009004","D","","gl/salsa.debian.org-44075",""
"yelp","","https://salsa.debian.org/gnome-team/yelp.git","native","84315","0","117197","0.00008940","D","","gl/salsa.debian.org-5369",""
"libpwquality","libpwquality/libpwquality","https://github.com/libpwquality/libpwquality.git","native","79860","0","111005","0.00008932","D","","gh/81569284",""
"liboauth","","https://salsa.debian.org/debian/liboauth.git","native","68092","0","94647","0.00008922","D","","gl/salsa.debian.org-44356",""
"debian:libflac8","","","","84051","0","116830","0.00008912","D","","",""
"debian:libgs9-common","","","","83760","0","116426","0.00008881","D","","",""
"libayatana-appindicator","ayatanaindicators/libayatana-appindicator","https://github.com/ayatanaindicators/libayatana-appindicator.git","native","83650","0","116273","0.00008869","D","","gh/874868051",""
"libgxps","","https://salsa.debian.org/gnome-team/libgxps.git","native","80295","0","111610","0.00008836","D","","gl/salsa.debian.org-5308",""
"cfitsio","","https://salsa.debian.org/debian-astro-team/cfitsio.git","native","17003","86102","109736","0.00008816","D","cfitsio","gl/salsa.debian.org-9344",""
"graphicsmagick","","","","15373","93974","115342","0.00008798","D","mit","",""
"libmad","","https://codeberg.org/tenacityteam/libmad.git","native","72452","11598","112306","0.00008783","D","","",""
"libltc","x42/libltc","https://github.com/x42/libltc.git","native","81614","0","113443","0.00008777","D","","gh/5425807",""
"terminal-notifier","julienxx/terminal-notifier","https://github.com/julienxx/terminal-notifier.git","native","0","55071","55071","0.00008747","D","mit","gh/5057307",""
"kcodecs","","https://invent.kde.org/frameworks/kcodecs","native","40830","0","56753","0.00008726","D","","gl/invent.kde.org-2109",""
"debian:libiptc0","","","","82193","0","114248","0.00008715","D","","",""
"xterm","","https://salsa.debian.org/xorg-team/app/xterm.git","native","82139","0","114173","0.00008709","D","","gl/salsa.debian.org-4222",""
"insserv","slicer69/insserv","https://github.com/slicer69/insserv.git","native","38158","0","53039","0.00008702","D","","gh/457067632",""
"debian:libgs9","","","","81930","0","113882","0.00008687","D","","",""
"libdecor-0","","https://gitlab.freedesktop.org/libdecor/libdecor.git","native","53666","0","74595","0.00008648","D","","gl/gitlab.freedesktop.org-18349",""
"aws-c-cal","awslabs/aws-c-cal","https://github.com/awslabs/aws-c-cal.git","native","0","32847","32847","0.00008627","D","apache-2.0","gh/169459589",""
"python:pygobject","","","","0","97625","97625","0.00008602","D","","",""
"openni2","","https://salsa.debian.org/multimedia-team/openni2.git","native","79861","0","111006","0.00008592","D","","gl/salsa.debian.org-8147",""
"synaptic","mvo5/synaptic","https://github.com/mvo5/synaptic.git","native","81022","0","112620","0.00008591","D","","gh/38752718",""
"smartmontools","","https://salsa.debian.org/debian/smartmontools.git","native","56469","34039","112530","0.00008584","D","gpl-2.0-or-later","gl/salsa.debian.org-29444",""
"zix","","https://gitlab.com/drobilla/zix.git","native","37663","0","52351","0.00008569","D","","gl/14889806",""
"debian:libmagickcore-6.q16-6","","","","80473","0","111857","0.00008532","D","","",""
"debian:libmagickwand-6.q16-6","","","","80161","0","111423","0.00008499","D","","",""
"gtksourceview","","https://gitlab.gnome.org/gnome/gtksourceview.git","native","64403","15922","105442","0.00008452","D","","gl/gitlab.gnome.org-1610",""
"watch","","https://gitlab.com/procps-ng/procps.git","native","0","110227","110227","0.00008408","D","gpl-2.0-or-later and lgpl-2.1-or-later","gl/247135",""
"vulkan-headers","khronosgroup/vulkan-headers","https://github.com/khronosgroup/vulkan-headers.git","native","0","37458","37458","0.00008401","D","apache-2.0","gh/132043393",""
"debian:libprocps8","","","","78874","0","109634","0.00008363","D","","",""
"debian:perl-modules-5.36","","","","78755","0","109469","0.00008350","D","","",""
"debian:libperl5.36","","","","78716","0","109415","0.00008346","D","","",""
"jxrlib-4creators","4creators/jxrlib","https://github.com/4creators/jxrlib.git","native","78684","0","109370","0.00008343","D","","gh/92637941",""
"kguiaddons","","https://invent.kde.org/frameworks/kguiaddons","native","41996","0","58374","0.00008338","D","","gl/invent.kde.org-1998",""
"libburn","","https://salsa.debian.org/optical-media-team/libburn.git","native","73702","0","102445","0.00008329","D","","gl/salsa.debian.org-19552",""
"debian:python-minimal","","","","78531","0","109158","0.00008326","D","","",""
"groonga","groonga/groonga","https://github.com/groonga/groonga.git","native","0","90009","90009","0.00008316","D","lgpl-2.1-or-later","gh/107202",""
"debian:python","","","","78411","0","108991","0.00008314","D","","",""
"tk","","","","69434","0","96513","0.00008306","D","","",""
"libisofs","","https://salsa.debian.org/optical-media-team/libisofs/tree/master.git","native","73463","0","102113","0.00008304","D","","",""
"xfconf","","https://salsa.debian.org/xfce-team/desktop/xfconf.git","native","36612","0","50890","0.00008296","D","","gl/salsa.debian.org-28577",""
"perl:glib-object-introspection","","","","78120","0","108586","0.00008283","D","","",""
"perl:cairo-gobject","","","","78084","0","108536","0.00008279","D","","",""
"xerces-c","","https://salsa.debian.org/bblough/xerces-c.git","native","34086","54586","101965","0.00008277","D","apache-2.0","gl/salsa.debian.org-29634",""
"libxnvctrl","","https://salsa.debian.org/nvidia-team/nvidia-settings.git","native","51452","0","71518","0.00008224","D","","gl/salsa.debian.org-20753",""
"gssdp","","https://salsa.debian.org/gnome-team/gssdp.git","native","61171","0","85027","0.00008219","D","","gl/salsa.debian.org-5495",""
"debian:librest-0.7-0","","","","77201","0","107309","0.00008185","D","","",""
"apache-arrow","","","","0","104424","104424","0.00008125","D","apache-2.0","",""
"network-manager-applet","","https://salsa.debian.org/utopia-team/network-manager-applet.git","native","76622","0","106504","0.00008124","D","","gl/salsa.debian.org-8531",""
"libmanette","","https://salsa.debian.org/gnome-team/libmanette.git","native","75281","0","104640","0.00008074","D","","gl/salsa.debian.org-6966",""
"xcodegen","yonaskolb/xcodegen","https://github.com/yonaskolb/xcodegen.git","native","0","105646","105646","0.00008059","D","mit","gh/97716052",""
"dtc","","git://git.kernel.org/pub/scm/utils/dtc/dtc.git","native","25821","57133","93024","0.00008036","D","gpl-2.0-or-later or bsd-2-clause","",""
"babl","","https://salsa.debian.org/gnome-team/babl.git","native","72562","0","100861","0.00008024","D","","gl/salsa.debian.org-5525",""
"docbook-xsl","docbook/xslt10-stylesheets","https://github.com/docbook/xslt10-stylesheets.git","native","0","80145","80145","0.00008014","D","mit","gh/42652543",""
"clutter-gtk","","https://salsa.debian.org/gnome-team/clutter-gtk.git","native","68703","0","95497","0.00007969","D","","gl/salsa.debian.org-5155",""
"xfce4-panel","","https://salsa.debian.org/xfce-team/desktop/xfce4-panel.git","native","30222","0","42008","0.00007965","D","","gl/salsa.debian.org-25794",""
"lynx","","https://salsa.debian.org/lynx-team/lynx.git","native","63152","13002","100783","0.00007905","D","gpl-2.0-only","gl/salsa.debian.org-12557",""
"gnuplot","","https://salsa.debian.org/science-team/gnuplot.git","native","14871","73549","94219","0.00007883","D","gnuplot","gl/salsa.debian.org-3302",""
"jigit","","","","60991","0","84777","0.00007880","D","","",""
"xkbset","","https://salsa.debian.org/debian/xkbset.git","native","74271","0","103236","0.00007875","D","","gl/salsa.debian.org-6502",""
"gjs","","https://gitlab.gnome.org/gnome/gjs.git","native","64386","0","89496","0.00007872","D","","gl/gitlab.gnome.org-106",""
"lzlib","","","","14488","25226","45364","0.00007815","D","bsd-2-clause","",""
"aws-c-io","awslabs/aws-c-io","https://github.com/awslabs/aws-c-io.git","native","0","32560","32560","0.00007800","D","apache-2.0","gh/123649788",""
"adwaita-icon-theme","","https://salsa.debian.org/gnome-team/adwaita-icon-theme.git","native","0","69056","69056","0.00007799","D","lgpl-3.0-or-later or cc-by-sa-3.0","gl/salsa.debian.org-5519",""
"gupnp","","https://salsa.debian.org/gnome-team/gupnp.git","native","61167","0","85022","0.00007778","D","","gl/salsa.debian.org-5281",""
"kservice","","https://invent.kde.org/frameworks/kservice","native","40300","0","56016","0.00007764","D","","gl/invent.kde.org-2379",""
"evince","","https://salsa.debian.org/gnome-team/evince.git","native","73177","0","101716","0.00007759","D","","gl/salsa.debian.org-5167",""
"liburing","axboe/liburing","https://github.com/axboe/liburing.git","native","44928","0","62449","0.00007721","D","","gh/200663555",""
"intel-processor-trace","intel/libipt","https://github.com/intel/libipt.git","native","39576","0","55010","0.00007706","D","","gh/12757845",""
"gimp","","https://salsa.debian.org/gnome-team/gimp.git","native","72509","0","100787","0.00007688","D","","gl/salsa.debian.org-19434",""
"scrcpy","genymobile/scrcpy","https://github.com/genymobile/scrcpy.git","native","0","100474","100474","0.00007664","D","apache-2.0","gh/111583593",""
"aws-sdk-cpp","aws/aws-sdk-cpp","https://github.com/aws/aws-sdk-cpp.git","native","0","94341","94341","0.00007657","D","apache-2.0","gh/35440404",""
"libvterm-leonerd","","","","0","99457","99457","0.00007586","D","","",""
"debian:libmagickcore-6.q16-6-extra","","","","71299","0","99105","0.00007560","D","","",""
"kiconthemes","","https://invent.kde.org/frameworks/kiconthemes","native","40630","0","56475","0.00007558","D","","gl/invent.kde.org-2770",""
"debian:dnsutils","","","","71271","0","99066","0.00007557","D","","",""
"osinfo-db","","https://salsa.debian.org/libvirt-team/osinfo-db.git","native","66295","0","92150","0.00007520","D","","gl/salsa.debian.org-9755",""
"libimobiledevice-glue","libimobiledevice/libimobiledevice-glue","https://github.com/libimobiledevice/libimobiledevice-glue.git","native","35078","17482","66240","0.00007491","D","lgpl-2.1-or-later","gh/374137792",""
"tinysparql","","https://gitlab.gnome.org/gnome/tinysparql.git","native","56571","0","78633","0.00007482","D","","gl/gitlab.gnome.org-1593",""
"fluidsynth","fluidsynth/fluidsynth","https://github.com/fluidsynth/fluidsynth.git","native","49506","26755","95568","0.00007476","D","","gh/95304991",""
"apmod:dnssd","","","","62782","0","87266","0.00007454","D","","",""
"doxygen","","https://salsa.debian.org/debian/doxygen.git","native","0","97634","97634","0.00007447","D","gpl-2.0-only","gl/salsa.debian.org-35731",""
"libmms","","https://salsa.debian.org/multimedia-team/libmms.git","native","67980","2855","97347","0.00007426","D","lgpl-2.1-or-later","gl/salsa.debian.org-8074",""
"debian:perl-modules-5.32","","","","69687","0","96864","0.00007389","D","","",""
"vtk","","","","1051","91433","92893","0.00007385","D","bsd-3-clause","",""
"libxcvt","","https://salsa.debian.org/xorg-team/lib/libxcvt.git","native","63070","0","87667","0.00007385","D","","gl/salsa.debian.org-61997",""
"debian:libperl5.32","","","","69593","0","96734","0.00007379","D","","",""
"swig","","https://salsa.debian.org/debian/swig.git","native","0","96459","96459","0.00007358","D","gpl-3.0-or-later","gl/salsa.debian.org-33654",""
"debian:libavutil56","","","","69325","0","96361","0.00007350","D","","",""
"kdbusaddons","","https://invent.kde.org/frameworks/kdbusaddons","native","40549","0","56363","0.00007347","D","","gl/invent.kde.org-1997",""
"debian:libswresample3","","","","69260","0","96271","0.00007343","D","","",""
"notification-daemon","","https://salsa.debian.org/gnome-team/notification-daemon.git","native","68799","0","95630","0.00007295","D","","gl/salsa.debian.org-5400",""
"ada","ada-url/ada","https://github.com/ada-url/ada.git","native","0","471","471","0.00007275","D","","gh/579485798",""
"exempi","","https://salsa.debian.org/debian/exempi.git","native","66412","0","92312","0.00007267","D","","gl/salsa.debian.org-6045",""
"kcrash","","https://invent.kde.org/frameworks/kcrash","native","41229","0","57308","0.00007247","D","","gl/invent.kde.org-2468",""
"node:undici","nodejs/llhttp","https://github.com/nodejs/llhttp.git","native","28","0","38","0.00007242","D","","gh/122002958",""
"hdrhistogram-c","hdrhistogram/hdrhistogram_c","https://github.com/hdrhistogram/hdrhistogram_c.git","native","0","0","0","0.00007240","D","","gh/28841640",""
"merve","nodejs/merve","https://github.com/nodejs/merve.git","native","0","0","0","0.00007240","D","apache-2.0","gh/732165431",""
"nbytes","nodejs/nbytes","https://github.com/nodejs/nbytes.git","native","0","0","0","0.00007240","D","mit","gh/826446971",""
"libmediaart","","https://salsa.debian.org/gnome-team/libmediaart.git","native","62773","0","87254","0.00007226","D","","gl/salsa.debian.org-8589",""
"debian:libexiv2-27","","","","68129","0","94699","0.00007224","D","","",""
"rhash","","https://salsa.debian.org/pkg-security-team/rhash.git","native","3427","0","4763","0.00007205","D","","gl/salsa.debian.org-8452",""
"gnome-disk-utility","","https://salsa.debian.org/gnome-team/gnome-disk-utility.git","native","67940","0","94436","0.00007203","D","","gl/salsa.debian.org-8482",""
"debian:libavcodec58","","","","67615","0","93984","0.00007169","D","","",""
"karchive","","https://invent.kde.org/frameworks/karchive","native","41353","0","57480","0.00007152","D","","gl/invent.kde.org-2153",""
"imlib2","","https://salsa.debian.org/debian/imlib2.git","native","26614","23105","60098","0.00007146","D","imlib2","gl/salsa.debian.org-18520",""
"wireshark","","https://gitlab.com/wireshark/wireshark.git","native","14990","70267","91103","0.00007132","D","gpl-2.0-or-later","gl/7898047",""
"gnome-settings-daemon","","https://gitlab.gnome.org/gnome/gnome-settings-daemon.git","native","63941","0","88877","0.00007056","D","","gl/gitlab.gnome.org-664",""
"nautilus","","https://salsa.debian.org/gnome-team/nautilus.git","native","59519","0","82731","0.00007043","D","","gl/salsa.debian.org-5329",""
"mpi-defaults","","https://salsa.debian.org/science-team/mpi-defaults.git","native","6896","0","9585","0.00007019","D","","gl/salsa.debian.org-3503",""
"debian:libgimp2.0","","","","66143","0","91938","0.00007013","D","","",""
"libraqm","host-oman/libraqm","https://github.com/host-oman/libraqm.git","native","28855","43673","83781","0.00006982","D","mit","gh/47186392",""
"webkitgtk","","","","53986","0","75040","0.00006959","D","","",""
"libqrtr-glib","","https://gitlab.freedesktop.org/mobile-broadband/libqrtr-glib.git","native","50584","0","70311","0.00006956","D","","gl/gitlab.freedesktop.org-8839",""
"xdg-user-dirs-gtk","","https://salsa.debian.org/gnome-team/xdg-user-dirs-gtk.git","native","63691","0","88530","0.00006953","D","","gl/salsa.debian.org-5368",""
"knotifications","","https://invent.kde.org/frameworks/knotifications","native","40430","0","56197","0.00006949","D","","gl/invent.kde.org-2110",""
"python:pillow","","","","0","91084","91084","0.00006948","D","","",""
"debian:imagemagick-6.q16","","","","65493","0","91035","0.00006944","D","","",""
"grilo","","https://salsa.debian.org/berto/grilo.git","native","61000","0","84790","0.00006943","D","","gl/salsa.debian.org-19231",""
"geoclue","","https://gitlab.freedesktop.org/geoclue/geoclue/wikis/home.git","native","63767","0","88636","0.00006928","D","","",""
"libosinfo","","https://salsa.debian.org/libvirt-team/libosinfo.git","native","65340","0","90822","0.00006928","D","","gl/salsa.debian.org-9751",""
"usrmerge","","https://salsa.debian.org/md/usrmerge.git","native","65284","0","90744","0.00006922","D","","gl/salsa.debian.org-1168",""
"debian:libncurses5","","","","65234","0","90675","0.00006917","D","","",""
"wimlib","","https://salsa.debian.org/debian/wimlib.git","native","0","90303","90303","0.00006888","D","gpl-3.0-or-later","gl/salsa.debian.org-19560",""
"kcompletion","","https://invent.kde.org/frameworks/kcompletion","native","40990","0","56976","0.00006886","D","","gl/invent.kde.org-2061",""
"screen","","https://salsa.debian.org/debian/screen.git","native","55231","13170","89941","0.00006861","D","gpl-3.0-or-later","gl/salsa.debian.org-28763",""
"vlc","videolan/vlc","https://github.com/videolan/vlc.git","native","58848","0","81798","0.00006844","D","","gh/3299208",""
"http-parser","nodejs/http-parser","https://github.com/nodejs/http-parser.git","native","46488","0","64618","0.00006800","D","","gh/186749",""
"libebml","","https://salsa.debian.org/multimedia-team/libebml.git","native","44793","6385","68647","0.00006790","D","lgpl-2.1-or-later","gl/salsa.debian.org-8059",""
"libpaper","rrthomas/libpaper","https://github.com/rrthomas/libpaper.git","native","13717","12832","31898","0.00006761","D","lgpl-2.1-or-later","gh/13846580",""
"uriparser","uriparser/uriparser","https://github.com/uriparser/uriparser.git","native","38480","24201","77688","0.00006743","D","bsd-3-clause","gh/116530664",""
"aptitude","","https://salsa.debian.org/apt-team/aptitude.git","native","63478","0","88234","0.00006730","D","","gl/salsa.debian.org-7247",""
"gnome-control-center","","https://salsa.debian.org/gnome-team/gnome-control-center.git","native","62535","0","86923","0.00006726","D","","gl/salsa.debian.org-18881",""
"gnome-autoar","","https://salsa.debian.org/gnome-team/gnome-autoar.git","native","59228","0","82326","0.00006707","D","","gl/salsa.debian.org-5194",""
"gnome-terminal","","https://salsa.debian.org/gnome-team/gnome-terminal.git","native","63111","0","87724","0.00006691","D","","gl/salsa.debian.org-5437",""
"whois","rfc1036/whois","https://github.com/rfc1036/whois.git","eco","62901","0","87432","0.00006669","D","","gh/9126725",""
"kitemviews","","https://invent.kde.org/frameworks/kitemviews","native","41860","0","58185","0.00006665","D","","gl/invent.kde.org-2814",""
"file-roller","","https://salsa.debian.org/gnome-team/file-roller.git","native","62629","0","87054","0.00006640","D","","gl/salsa.debian.org-5170",""
"libgeotiff","osgeo/libgeotiff","https://github.com/osgeo/libgeotiff.git","native","20577","56263","84865","0.00006633","D","mit","gh/162269010",""
"gnome-session","","https://gitlab.gnome.org/gnome/gnome-session.git","native","59752","0","83055","0.00006621","D","","gl/gitlab.gnome.org-1659",""
"mutter","","https://salsa.debian.org/gnome-team/mutter.git","native","60497","0","84090","0.00006614","D","","gl/salsa.debian.org-18915",""
"debian:libavformat58","","","","62380","0","86708","0.00006614","D","","",""
"gdb","","https://salsa.debian.org/gdb-team/gdb.git","native","25866","50657","86610","0.00006607","D","gpl-3.0-or-later","gl/salsa.debian.org-26156",""
"wireless-tools","hewlettpackard/wireless-tools","https://github.com/hewlettpackard/wireless-tools.git","eco","62225","0","86492","0.00006598","D","","gh/72480962",""
"fastfetch","fastfetch-cli/fastfetch","https://github.com/fastfetch-cli/fastfetch.git","native","0","86420","86420","0.00006592","D","mit","gh/340181518",""
"libiptcdata","ianw/libiptcdata","https://github.com/ianw/libiptcdata.git","native","62066","0","86271","0.00006581","D","","gh/79751407",""
"gnome-user-share","","https://salsa.debian.org/gnome-team/gnome-user-share.git","native","61916","0","86063","0.00006565","D","","gl/salsa.debian.org-5491",""
"mvfst","facebook/mvfst","https://github.com/facebook/mvfst.git","native","0","86003","86003","0.00006560","D","mit","gh/128842710",""
"psutils-postscript-rrthomas","rrthomas/psutils","https://github.com/rrthomas/psutils.git","native","16825","32067","55453","0.00006551","D","","gh/7121103",""
"liblouisutdml","","https://salsa.debian.org/a11y-team/liblouisutdml.git","native","61622","0","85654","0.00006534","D","","gl/salsa.debian.org-6384",""
"exim","","","","61569","0","85580","0.00006528","D","","",""
"ethtool","","https://salsa.debian.org/kernel-team/ethtool.git","native","61417","0","85369","0.00006512","D","","gl/salsa.debian.org-18665",""
"ann","","https://salsa.debian.org/science-team/ann.git","native","49040","0","68165","0.00006509","D","","gl/salsa.debian.org-3040",""
"xnnpack","google/xnnpack","https://github.com/google/xnnpack.git","native","59152","0","82221","0.00006502","D","","gh/208364128",""
"debian:libswscale5","","","","61279","0","85177","0.00006497","D","","",""
"rpcbind","","https://salsa.debian.org/debian/rpcbind.git","native","58826","0","81768","0.00006496","D","","gl/salsa.debian.org-35362",""
"libcddb","","https://salsa.debian.org/nickg/libcddb.git","native","60542","0","84153","0.00006481","D","","gl/salsa.debian.org-61210",""
"grilo-plugins","","https://salsa.debian.org/berto/grilo-plugins.git","native","59513","0","82723","0.00006462","D","","gl/salsa.debian.org-19238",""
"libgnomekbd","","https://salsa.debian.org/gnome-team/libgnomekbd.git","native","60799","0","84510","0.00006446","D","","gl/salsa.debian.org-17611",""
"totem","","https://salsa.debian.org/gnome-team/totem.git","native","60741","0","84429","0.00006440","D","","gl/salsa.debian.org-5460",""
"swiftformat","nicklockwood/swiftformat","https://github.com/nicklockwood/swiftformat.git","native","0","84357","84357","0.00006435","D","mit","gh/66302557",""
"gnome-shell","","https://gitlab.gnome.org/gnome/gnome-shell.git","native","57907","0","80490","0.00006425","D","","gl/gitlab.gnome.org-546",""
"transmission","","https://salsa.debian.org/debian/transmission.git","native","60588","0","84217","0.00006424","D","","gl/salsa.debian.org-18791",""
"libphonenumber","google/libphonenumber","https://github.com/google/libphonenumber.git","native","60529","0","84135","0.00006418","D","","gh/27500243",""
"pyenv-virtualenv","pyenv/pyenv-virtualenv","https://github.com/pyenv/pyenv-virtualenv.git","native","0","83753","83753","0.00006389","D","mit","gh/8268387",""
"debian:libpostproc55","","","","60251","0","83748","0.00006388","D","","",""
"clutter-gst","","","","57379","0","79756","0.00006383","D","","",""
"libnatpmp","","https://salsa.debian.org/miniupnp-team/libnatpmp.git","native","57334","0","79694","0.00006352","D","","gl/salsa.debian.org-4417",""
"debian:libncursesw5","","","","59885","0","83240","0.00006349","D","","",""
"brasero","","https://salsa.debian.org/gnome-team/brasero.git","native","59801","0","83123","0.00006341","D","","gl/salsa.debian.org-5528",""
"ipython","ipython/ipython","https://github.com/ipython/ipython.git","native","0","83029","83029","0.00006333","D","bsd-3-clause","gh/658518",""
"debian:libpython2.7","","","","59406","0","82574","0.00006299","D","","",""
"libgpod","","https://salsa.debian.org/debian/libgpod.git","native","59261","0","82372","0.00006283","D","","gl/salsa.debian.org-30562",""
"libsidplay","","","","58578","0","81423","0.00006273","D","","",""
"dee","","https://salsa.debian.org/debian/dee.git","native","54154","0","75274","0.00006267","D","","gl/salsa.debian.org-32122",""
"libxmlb","hughsie/libxmlb","https://github.com/hughsie/libxmlb.git","native","49823","10382","79635","0.00006263","D","lgpl-2.1-or-later","gh/149332634",""
"python:pyqt","","","","0","81996","81996","0.00006255","D","","",""
"folks","","https://salsa.debian.org/gnome-team/folks.git","native","55522","0","77175","0.00006234","D","","gl/salsa.debian.org-27051",""
"debian:libavfilter7","","","","58722","0","81623","0.00006226","D","","",""
"libjcat","hughsie/libjcat","https://github.com/hughsie/libjcat.git","native","58669","0","81549","0.00006220","D","","gh/243584232",""
"kcolorscheme","","https://invent.kde.org/frameworks/kcolorscheme","native","15298","0","21264","0.00006178","D","","gl/invent.kde.org-14518",""
"flashrom","","https://salsa.debian.org/myczko-guest/flashrom.git","native","58153","0","80832","0.00006166","D","","gl/salsa.debian.org-43153",""
"debian:libcomerr2","","","","58117","0","80782","0.00006162","D","","",""
"malcontent-parental-controls","","https://gitlab.freedesktop.org/pwithnall/malcontent.git","native","55113","0","76607","0.00006160","D","","gl/gitlab.freedesktop.org-2522",""
"hello","","https://salsa.debian.org/sanvila/hello.git","native","0","80754","80754","0.00006160","D","gpl-3.0-or-later","gl/salsa.debian.org-79451",""
"gegl","","https://salsa.debian.org/gnome-team/gegl.git","native","56950","0","79160","0.00006151","D","","gl/salsa.debian.org-5181",""
"libofa","tanob/libofa","https://github.com/tanob/libofa.git","native","57990","0","80606","0.00006149","D","","gh/731364",""
"kauth","","https://invent.kde.org/frameworks/kauth","native","40857","0","56791","0.00006147","D","","gl/invent.kde.org-2610",""
"gcab","","https://salsa.debian.org/debian/gcab.git","native","57843","0","80401","0.00006133","D","","gl/salsa.debian.org-23914",""
"yyjson","ibireme/yyjson","https://github.com/ibireme/yyjson.git","native","0","6469","6469","0.00006102","D","mit","gh/302298095",""
"llama.cpp","ggml-org/llama.cpp","https://github.com/ggml-org/llama.cpp.git","native","0","79971","79971","0.00006100","D","mit","gh/612354784",""
"eog","","https://salsa.debian.org/gnome-team/eog.git","native","57472","0","79886","0.00006094","D","","gl/salsa.debian.org-5163",""
"nfs-utils","","https://salsa.debian.org/kernel-team/nfs-utils.git","native","57455","0","79862","0.00006092","D","","gl/salsa.debian.org-18675",""
"libcloudproviders","","https://salsa.debian.org/gnome-team/libcloudproviders.git","native","43129","0","59949","0.00006091","D","","gl/salsa.debian.org-5293",""
"gdm-gnome-display-manager","","","","57444","0","79847","0.00006091","D","","",""
"shotwell","","git://git.jff.email/cgit/shotwell.git","native","57342","0","79705","0.00006080","D","","",""
"boost-defaults","","https://salsa.debian.org/debian/boost-defaults.git","native","15425","0","21440","0.00006067","D","","gl/salsa.debian.org-19010",""
"libdvbpsi","","https://salsa.debian.org/multimedia-team/libdvbpsi.git","native","56626","0","78710","0.00006066","D","","gl/salsa.debian.org-8055",""
"ostree","ostreedev/ostree","https://github.com/ostreedev/ostree.git","native","54661","0","75978","0.00006008","D","","gh/4614541",""
"gsound","","https://salsa.debian.org/gnome-team/gsound.git","native","52619","0","73140","0.00005987","D","","gl/salsa.debian.org-5436",""
"cheese","","https://salsa.debian.org/gnome-team/cheese.git","native","56408","0","78407","0.00005981","D","","gl/salsa.debian.org-5532",""
"kjobwidgets","","https://invent.kde.org/frameworks/kjobwidgets","native","39767","0","55276","0.00005965","D","","gl/invent.kde.org-2749",""
"bogofilter","","","","54888","0","76294","0.00005951","D","","",""
"ytnef","yeraze/ytnef","https://github.com/yeraze/ytnef.git","native","54859","0","76254","0.00005948","D","","gh/20061896",""
"tpm2-tss","tpm2-software/tpm2-tss","https://github.com/tpm2-software/tpm2-tss.git","native","53802","0","74784","0.00005928","D","","gh/38320020",""
"libntlm","","https://salsa.debian.org/pkg-security-team/libntlm.git","native","52247","0","72623","0.00005919","D","","gl/salsa.debian.org-29835",""
"debian:libgdbm3","","","","55774","0","77525","0.00005914","D","","",""
"httpie","httpie/cli","https://github.com/httpie/cli.git","native","0","77298","77298","0.00005896","D","bsd-3-clause","gh/3544424",""
"debian:libswresample4","","","","55507","0","77154","0.00005885","D","","",""
"evolution","","https://gitlab.gnome.org/gnome/evolution.git","native","55243","0","76787","0.00005857","D","","gl/gitlab.gnome.org-1604",""
"gom","","https://salsa.debian.org/debian/gom.git","native","52146","0","72482","0.00005852","D","","gl/salsa.debian.org-24203",""
"gedit","","https://gitlab.gnome.org/world/gedit/gedit.git","native","44965","13216","75717","0.00005776","D","gpl-2.0-or-later","gl/gitlab.gnome.org-1501",""
"libopenmpt-modplug","","https://salsa.debian.org/multimedia-team/libopenmpt-modplug.git","native","53722","0","74673","0.00005758","D","","gl/salsa.debian.org-62114",""
"flatpak","","https://salsa.debian.org/debian/flatpak.git","native","50730","0","70514","0.00005753","D","","gl/salsa.debian.org-6063",""
"kglobalaccel","","https://invent.kde.org/frameworks/kglobalaccel","native","39810","0","55335","0.00005749","D","","gl/invent.kde.org-2831",""
"gmmlib","intel/gmmlib","https://github.com/intel/gmmlib.git","native","54164","0","75287","0.00005743","D","","gh/105299527",""
"sdl-image","","","","54155","0","75275","0.00005742","D","","",""
"utfcpp","nemtrif/utfcpp","https://github.com/nemtrif/utfcpp.git","native","393","60420","60966","0.00005741","D","","gh/40769974",""
"taglib","","https://salsa.debian.org/multimedia-team/taglib.git","native","13264","38324","56760","0.00005726","D","lgpl-2.1-only and mpl-1.1","gl/salsa.debian.org-46381",""
"debian:libntfs-3g883","","","","54006","0","75068","0.00005726","D","","",""
"gnome-contacts","","https://salsa.debian.org/gnome-team/gnome-contacts.git","native","53831","0","74825","0.00005708","D","","gl/salsa.debian.org-5390",""
"rhythmbox","","https://salsa.debian.org/gnome-team/rhythmbox.git","native","53714","0","74662","0.00005695","D","","gl/salsa.debian.org-18918",""
"gnome-menus","","https://salsa.debian.org/gnome-team/gnome-menus.git","native","53665","0","74594","0.00005690","D","","gl/salsa.debian.org-5433",""
"libmypaint","mypaint/libmypaint","https://github.com/mypaint/libmypaint.git","native","52451","0","72906","0.00005674","D","","gh/20728367",""
"debian:libavresample4","","","","53474","0","74328","0.00005670","D","","",""
"freexl","","https://salsa.debian.org/debian-gis-team/freexl.git","native","25730","29908","65672","0.00005667","D","mpl-1.1 or gpl-2.0-or-later or lgpl-2.1-or-later","gl/salsa.debian.org-241",""
"hitori","","https://salsa.debian.org/gnome-team/hitori.git","native","51108","0","71040","0.00005657","D","","gl/salsa.debian.org-23751",""
"debian:libavutil57","","","","53294","0","74078","0.00005651","D","","",""
"libldac","","https://salsa.debian.org/multimedia-team/libldac.git","native","49620","0","68971","0.00005648","D","","gl/salsa.debian.org-47364",""
"localsearch","","","","53243","0","74007","0.00005645","D","","",""
"libfreeaptx","regularhunter/libfreeaptx","https://github.com/regularhunter/libfreeaptx.git","native","48905","0","67977","0.00005572","D","","gh/384245331",""
"gucharmap","","https://salsa.debian.org/gnome-team/gucharmap.git","native","52443","0","72895","0.00005560","D","","gl/salsa.debian.org-5475",""
"iso-codes","","https://salsa.debian.org/iso-codes-team/iso-codes.git","native","0","22627","22627","0.00005547","D","lgpl-2.1-or-later","gl/salsa.debian.org-2957",""
"hoichess","","https://salsa.debian.org/debian/hoichess.git","native","51930","0","72182","0.00005506","D","","gl/salsa.debian.org-26749",""
"hidapi","libusb/hidapi","https://github.com/libusb/hidapi.git","native","17199","22375","46281","0.00005490","D","gpl-3.0-only or bsd-3-clause or hidapi","gh/190275430",""
"debian:libcroco3","","","","51551","0","71655","0.00005466","D","","",""
"glibmm","","https://gitlab.gnome.org/gnome/glibmm.git","native","14708","0","20444","0.00005456","D","","gl/gitlab.gnome.org-1517",""
"debian:libavcodec59","","","","51458","0","71526","0.00005456","D","","",""
"libgnome-games-support","","https://salsa.debian.org/gnome-team/libgnome-games-support.git","native","51431","0","71489","0.00005453","D","","gl/salsa.debian.org-5303",""
"pigz","","https://salsa.debian.org/blade/pigz.git","native","51435","0","71494","0.00005453","D","","gl/salsa.debian.org-57855",""
"kirigami","","https://invent.kde.org/frameworks/kirigami","native","34310","0","47690","0.00005434","D","","gl/invent.kde.org-2506",""
"gpgmepp","","","","0","52080","52080","0.00005422","D","lgpl-2.1-or-later","",""
"libusbmuxd","libimobiledevice/libusbmuxd","https://github.com/libimobiledevice/libusbmuxd.git","native","14280","39206","59055","0.00005408","D","gpl-2.0-or-later and lgpl-2.1-or-later","gh/12892000",""
"kwallet","","https://invent.kde.org/frameworks/kwallet","native","40333","0","56062","0.00005384","D","","gl/invent.kde.org-2586",""
"polkit-qt-1","","https://invent.kde.org/libraries/polkit-qt-1","native","42530","0","59116","0.00005382","D","","gl/invent.kde.org-2490",""
"aws-c-http","awslabs/aws-c-http","https://github.com/awslabs/aws-c-http.git","native","0","27644","27644","0.00005377","D","apache-2.0","gh/142940518",""
"liblrdf","swh/lrdf","https://github.com/swh/lrdf.git","native","49305","0","68533","0.00005352","D","","gh/1982613",""
"debian:libswscale6","","","","50402","0","70058","0.00005344","D","","",""
"qqwing","","https://salsa.debian.org/games-team/qqwing.git","native","50368","0","70011","0.00005340","D","","gl/salsa.debian.org-94607",""
"wtmpdb","thkukuk/wtmpdb","https://github.com/thkukuk/wtmpdb.git","native","40579","0","56404","0.00005338","D","","gh/617971737",""
"meta-gnome3","","https://salsa.debian.org/gnome-team/meta-gnome3.git","native","50220","0","69805","0.00005325","D","","gl/salsa.debian.org-18880",""
"exiftool","","","","0","69726","69726","0.00005319","D","artistic-1.0-perl or gpl-1.0-or-later","",""
"appstream","ximion/appstream","https://github.com/ximion/appstream.git","native","13781","15257","34412","0.00005310","D","lgpl-2.1-or-later","gh/23877983",""
"libid3tag","","https://salsa.debian.org/multimedia-team/libid3tag.git","native","45865","0","63752","0.00005307","D","","gl/salsa.debian.org-94416",""
"sonnet","","https://invent.kde.org/frameworks/sonnet","native","40134","0","55786","0.00005304","D","","gl/invent.kde.org-2102",""
"debian:libavformat59","","","","49978","0","69469","0.00005299","D","","",""
"tokyocabinet","","https://salsa.debian.org/debian/tokyocabinet.git","native","37654","0","52339","0.00005275","D","","gl/salsa.debian.org-20756",""
"neon","exasim-project/neon","https://github.com/exasim-project/neon.git","eco","38219","0","53124","0.00005263","D","","gh/703921209",""
"libmatroska","","https://salsa.debian.org/multimedia-team/libmatroska.git","native","44787","5894","68147","0.00005260","D","lgpl-2.1-or-later","gl/salsa.debian.org-8072",""
"gstreamer:editing-services","","","","49519","0","68831","0.00005250","D","","",""
"mailx-unclassified","","","","49488","0","68788","0.00005247","D","","",""
"vips","libvips/libvips","https://github.com/libvips/libvips.git","native","0","68640","68640","0.00005236","D","lgpl-2.1-or-later","gh/1291410",""
"augeas","hercules-team/augeas","https://github.com/hercules-team/augeas.git","native","23745","24971","57976","0.00005233","D","lgpl-2.1-or-later","gh/59056",""
"libwpe","","https://salsa.debian.org/webkit-team/libwpe.git","native","41849","0","58170","0.00005222","D","","gl/salsa.debian.org-36200",""
"libvoikko","","https://salsa.debian.org/debian/libvoikko.git","native","38624","0","53687","0.00005218","D","","gl/salsa.debian.org-33621",""
"debian:libpostproc56","","","","49197","0","68383","0.00005216","D","","",""
"ktextwidgets","","https://invent.kde.org/frameworks/ktextwidgets","native","40027","0","55637","0.00005212","D","","gl/invent.kde.org-2503",""
"powertop","fenrus75/powertop","https://github.com/fenrus75/powertop.git","native","49076","0","68215","0.00005203","D","","gh/3096701",""
"blake3","blake3-team/blake3","https://github.com/blake3-team/blake3.git","native","0","48358","48358","0.00005197","D","cc0-1.0 or apache-2.0","gh/220778874",""
"exo","","https://salsa.debian.org/xfce-team/desktop/exo.git","native","32045","0","44542","0.00005184","D","","gl/salsa.debian.org-12859",""
"librttopo","","git://git.osgeo.org/gitea/rttopo/librttopo","native","20589","32799","61417","0.00005183","D","gpl-2.0-or-later","",""
"debian:libavfilter8","","","","48791","0","67819","0.00005173","D","","",""
"libvirt","","https://salsa.debian.org/libvirt-team/libvirt.git","native","20418","39355","67736","0.00005167","D","lgpl-2.1-or-later and gpl-2.0-or-later","gl/salsa.debian.org-9747",""
"libpst","","https://salsa.debian.org/debian/libpst.git","native","47368","0","65841","0.00005153","D","","gl/salsa.debian.org-19109",""
"libdbusmenu-qt","","https://salsa.debian.org/qt-kde-team/extras/libdbusmenu-qt.git","native","41631","0","57867","0.00005153","D","","gl/salsa.debian.org-13422",""
"parallel","","https://salsa.debian.org/med-team/parallel.git","native","0","67410","67410","0.00005142","D","gpl-3.0-or-later","gl/salsa.debian.org-59468",""
"kdoctools","","https://invent.kde.org/frameworks/kdoctools","native","37979","0","52790","0.00005117","D","","gl/invent.kde.org-2787",""
"xkeyboard-config","","https://salsa.debian.org/xorg-team/data/xkeyboard-config.git","native","0","13515","13515","0.00005116","D","mit","gl/salsa.debian.org-4227",""
"libmusicbrainz","","","","48171","0","66957","0.00005107","D","","",""
"swiftgen","swiftgen/swiftgen","https://github.com/swiftgen/swiftgen.git","native","0","66615","66615","0.00005081","D","mit","gh/39166950",""
"debian:libnetpbm10","","","","47832","0","66486","0.00005071","D","","",""
"librdkafka","confluentinc/librdkafka","https://github.com/confluentinc/librdkafka.git","native","3896","54354","59769","0.00005067","D","bsd-2-clause","gh/5870069",""
"qhull","","https://salsa.debian.org/science-team/qhull.git","native","22361","32729","63810","0.00005027","D","qhull","gl/salsa.debian.org-3646",""
"jenv","jenv/jenv","https://github.com/jenv/jenv.git","native","0","65775","65775","0.00005017","D","mit","gh/7808903",""
"gdk-pixbuf-xlib","","https://salsa.debian.org/gnome-team/gdk-pixbuf-xlib.git","native","47286","0","65727","0.00005014","D","","gl/salsa.debian.org-56218",""
"xmlto","","https://pagure.io/xmlto/","native","0","65496","65496","0.00004996","D","gpl-2.0-or-later","",""
"editorconfig-core-unclassified","","","","46149","0","64147","0.00004973","D","","",""
"colord-gtk","","https://salsa.debian.org/debian/colord-gtk.git","native","45816","0","63684","0.00004962","D","","gl/salsa.debian.org-27103",""
"libadwaita","","","","0","14240","14240","0.00004961","D","lgpl-2.1-or-later","",""
"libunity","","","","45379","0","63076","0.00004943","D","","",""
"mecab","taku910/mecab","https://github.com/taku910/mecab.git","native","0","32762","32762","0.00004943","D","gpl-2.0-only or lgpl-2.1-only or bsd-3-clause","gh/32217875",""
"gupnp-igd","","https://salsa.debian.org/gnome-team/gupnp-igd.git","native","34679","0","48203","0.00004941","D","","gl/salsa.debian.org-18795",""
"lightdm","","https://salsa.debian.org/xfce-extras-team/lightdm.git","native","46336","0","64407","0.00004913","D","","gl/salsa.debian.org-19230",""
"box2d","","https://salsa.debian.org/games-team/box2d.git","native","46336","0","64407","0.00004913","D","","gl/salsa.debian.org-23687",""
"libmspack","","https://salsa.debian.org/debian/libmspack.git","native","46328","0","64395","0.00004912","D","","gl/salsa.debian.org-20763",""
"ccid","","https://salsa.debian.org/debian/ccid.git","native","25623","0","35615","0.00004889","D","","gl/salsa.debian.org-19180",""
"debian:libreadline5","","","","46100","0","64078","0.00004888","D","","",""
"qtchooser","","https://salsa.debian.org/qt-kde-team/qt/qtchooser.git","native","37737","0","52454","0.00004871","D","","gl/salsa.debian.org-12481",""
"libjaylink","","git://git.zapb.de/libjaylink/libjaylink","native","37660","0","52347","0.00004867","D","","",""
"aws-crt-cpp","awslabs/aws-crt-cpp","https://github.com/awslabs/aws-crt-cpp.git","native","0","45263","45263","0.00004844","D","apache-2.0","gh/157629873",""
"thunar","","https://salsa.debian.org/xfce-team/desktop/thunar.git","native","30475","0","42360","0.00004828","D","","gl/salsa.debian.org-12917",""
"acpid","","https://salsa.debian.org/debian/acpid.git","native","38795","0","53925","0.00004779","D","","gl/salsa.debian.org-10701",""
"aria2","aria2/aria2","https://github.com/aria2/aria2.git","native","0","62538","62538","0.00004770","D","gpl-2.0-or-later","gh/1116542",""
"certbot","","","","0","62442","62442","0.00004763","D","apache-2.0","",""
"debian:libnautilus-extension1a","","","","44908","0","62422","0.00004761","D","","",""
"pkcs11-helper","opensc/pkcs11-helper","https://github.com/opensc/pkcs11-helper.git","native","22868","25776","57562","0.00004758","D","bsd-3-clause or gpl-2.0-or-later","gh/6738820",""
"lv2","","https://salsa.debian.org/multimedia-team/lv2.git","native","698","0","970","0.00004738","D","","gl/salsa.debian.org-8101",""
"kcmutils","","https://invent.kde.org/frameworks/kcmutils","native","30937","0","43002","0.00004737","D","","gl/invent.kde.org-2533",""
"flex","westes/flex","https://github.com/westes/flex.git","native","28079","22756","61785","0.00004713","D","bsd-2-clause","gh/14521001",""
"xctesthtmlreport","xctesthtmlreport/xctesthtmlreport","https://github.com/xctesthtmlreport/xctesthtmlreport.git","native","0","61481","61481","0.00004690","D","mit","gh/98071258",""
"r","","","","0","61478","61478","0.00004689","D","gpl-2.0-or-later","",""
"libspatialite","","","","5339","51893","59314","0.00004684","D","mpl-1.1 or gpl-2.0-or-later or lgpl-2.1-or-later","",""
"debian:libx264-160","","","","44133","0","61344","0.00004679","D","","",""
"solid-hardware-abstraction","","https://invent.kde.org/frameworks/solid","native","40313","0","56035","0.00004674","D","","gl/invent.kde.org-2446",""
"kparts","","https://invent.kde.org/frameworks/kparts","native","33437","0","46477","0.00004667","D","","gl/invent.kde.org-1991",""
"xcb-util-cursor","","https://salsa.debian.org/debian/xcb-util-cursor.git","native","35744","0","49684","0.00004659","D","","gl/salsa.debian.org-70502",""
"libreplaygain","","https://salsa.debian.org/multimedia-team/libreplaygain.git","native","851","20447","21629","0.00004654","D","lgpl-2.1-or-later","gl/salsa.debian.org-8082",""
"wpebackend-fdo","","https://salsa.debian.org/webkit-team/wpebackend-fdo.git","native","41829","0","58142","0.00004652","D","","gl/salsa.debian.org-36201",""
"libdvdcss","","","","0","7602","7602","0.00004651","D","gpl-2.0-or-later","",""
"nasm","","https://salsa.debian.org/debian/nasm.git","native","0","60871","60871","0.00004643","D","bsd-2-clause","gl/salsa.debian.org-26613",""
"potrace","","","","34872","6759","55231","0.00004636","D","gpl-2.0-or-later","",""
"kbookmarks","","https://invent.kde.org/frameworks/kbookmarks","native","35954","0","49976","0.00004635","D","","gl/invent.kde.org-2074",""
"kwayland","","https://invent.kde.org/frameworks/kwayland","native","41657","0","57903","0.00004614","D","","gl/invent.kde.org-2735",""
"libspatialaudio","videolan/libspatialaudio","https://github.com/videolan/libspatialaudio.git","native","42591","0","59201","0.00004578","D","","gh/88265349",""
"perl:b-hooks-op-check","","","","43166","0","60000","0.00004577","D","","",""
"w3m","tats/w3m","https://github.com/tats/w3m.git","native","43147","0","59974","0.00004575","D","","gh/16247635",""
"libcuefile","","","","0","20456","20456","0.00004565","D","gpl-2.0-or-later","",""
"apache-thrift","","","","0","53749","53749","0.00004561","D","","",""
"python:tk","","","","0","59768","59768","0.00004559","D","","",""
"hfst-ospell","hfst/hfst-ospell","https://github.com/hfst/hfst-ospell.git","native","32398","0","45033","0.00004545","D","","gh/53049269",""
"phonon","","https://salsa.debian.org/qt-kde-team/extras/phonon.git","native","32955","0","45807","0.00004492","D","","gl/salsa.debian.org-17814",""
"luajit-openresty","openresty/luajit2","https://github.com/openresty/luajit2.git","native","0","58689","58689","0.00004477","D","mit","gh/14096125",""
"exiv2","exiv2/exiv2","https://github.com/exiv2/exiv2.git","native","16703","0","23217","0.00004474","D","","gh/89623031",""
"libchamplain","","https://salsa.debian.org/gnome-team/libchamplain.git","native","40963","0","56938","0.00004474","D","","gl/salsa.debian.org-5292",""
"tcpdump","","https://salsa.debian.org/debian/tcpdump.git","native","42155","0","58595","0.00004470","D","","gl/salsa.debian.org-1410",""
"openconnect","","https://salsa.debian.org/debian/openconnect.git","native","26376","21919","58581","0.00004468","D","lgpl-2.1-only","gl/salsa.debian.org-15082",""
"zsh-syntax-highlighting","zsh-users/zsh-syntax-highlighting","https://github.com/zsh-users/zsh-syntax-highlighting.git","native","0","58409","58409","0.00004455","D","bsd-3-clause","gh/1197428",""
"autogen","","https://salsa.debian.org/debian/autogen.git","native","41854","0","58177","0.00004438","D","","gl/salsa.debian.org-2985",""
"glew","","https://salsa.debian.org/debian/glew.git","native","10294","39388","53696","0.00004410","D","bsd-3-clause","gl/salsa.debian.org-22977",""
"node-build","nodenv/node-build","https://github.com/nodenv/node-build.git","native","0","57793","57793","0.00004408","D","mit","gh/8693113",""
"libvncserver","","https://salsa.debian.org/debian-remote-team/libvncserver.git","native","40984","0","56967","0.00004407","D","","gl/salsa.debian.org-39329",""
"ceph","","https://salsa.debian.org/ceph-team/ceph.git","native","37945","0","52743","0.00004382","D","","gl/salsa.debian.org-9312",""
"perl:sub-identify","","","","41322","0","57437","0.00004381","D","","",""
"evolution-data-server","","https://gitlab.gnome.org/gnome/evolution.git","native","25508","0","35456","0.00004378","D","","gl/gitlab.gnome.org-1604",""
"perl:variable-magic","","","","41293","0","57397","0.00004378","D","","",""
"gnome-desktop","","https://salsa.debian.org/gnome-team/gnome-desktop.git","native","25180","0","35000","0.00004374","D","","gl/salsa.debian.org-5207",""
"debian:policykit-1-gnome","","","","41150","0","57198","0.00004363","D","","",""
"debian:libgl1-mesa-glx","","","","41055","0","57066","0.00004353","D","","",""
"ldns","","https://salsa.debian.org/dns-team/ldns.git","native","0","43308","43308","0.00004339","D","bsd-3-clause","gl/salsa.debian.org-34536",""
"pavucontrol","","https://salsa.debian.org/pulseaudio-team/pavucontrol.git","native","40843","0","56771","0.00004330","D","","gl/salsa.debian.org-19395",""
"cask","cask/cask","https://github.com/cask/cask.git","native","0","56673","56673","0.00004323","D","gpl-3.0-or-later","gh/6111046",""
"keybinder","kupferlauncher/keybinder","https://github.com/kupferlauncher/keybinder.git","native","40767","0","56666","0.00004322","D","","gh/241791",""
"perl:class-xsaccessor","","","","40750","0","56642","0.00004321","D","","",""
"libgweather","","","","37918","0","52706","0.00004318","D","","",""
"perl:package-stash-xs","","","","40532","0","56339","0.00004297","D","","",""
"sysstat","","https://salsa.debian.org/debian/sysstat.git","native","40464","0","56244","0.00004290","D","","gl/salsa.debian.org-26820",""
"debian:libsnmp30","","","","40445","0","56218","0.00004288","D","","",""
"debian:libpolkit-backend-1-0","","","","40307","0","56026","0.00004274","D","","",""
"aws-c-s3","awslabs/aws-c-s3","https://github.com/awslabs/aws-c-s3.git","native","0","38379","38379","0.00004270","D","apache-2.0","gh/277903433",""
"caribou","","https://salsa.debian.org/gnome-team/caribou.git","native","40239","0","55932","0.00004266","D","","gl/salsa.debian.org-5531",""
"debian:ntp","","","","40138","0","55791","0.00004256","D","","",""
"fusefs:sshfs","libfuse/sshfs","https://github.com/libfuse/sshfs.git","native","40060","0","55683","0.00004247","D","","gh/48388286",""
"kdeclarative","","https://invent.kde.org/frameworks/kdeclarative","native","32585","0","45293","0.00004244","D","","gl/invent.kde.org-2020",""
"molten-vk","khronosgroup/moltenvk","https://github.com/khronosgroup/moltenvk.git","native","0","31272","31272","0.00004234","D","apache-2.0","gh/109875967",""
"kpackage","","https://invent.kde.org/frameworks/kpackage","native","33032","0","45914","0.00004233","D","","gl/invent.kde.org-2496",""
"debian:libmpfr4","","","","39871","0","55420","0.00004227","D","","",""
"appstream-glib","hughsie/appstream-glib","https://github.com/hughsie/appstream-glib.git","native","38745","0","53855","0.00004221","D","","gh/17676331",""
"ggml","ggml-org/ggml","https://github.com/ggml-org/ggml.git","native","0","0","0","0.00004209","D","mit","gh/538180525",""
"libxpresent","","https://gitlab.freedesktop.org/xorg/lib/libxpresent.git","native","38485","0","53494","0.00004209","D","","gl/gitlab.freedesktop.org-725",""
"at","","https://salsa.debian.org/debian/at.git","native","39669","0","55139","0.00004206","D","","gl/salsa.debian.org-21654",""
"ndctl","pmem/ndctl","https://github.com/pmem/ndctl.git","native","27775","0","38607","0.00004201","D","","gh/34079149",""
"usbredir","","https://salsa.debian.org/debian/usbredir.git","native","38690","0","53779","0.00004176","D","","gl/salsa.debian.org-31074",""
"mutt","","https://salsa.debian.org/mutt-team/mutt.git","native","38958","0","54151","0.00004131","D","","gl/salsa.debian.org-18290",""
"debian:libopenexr25","","","","38963","0","54158","0.00004131","D","","",""
"glusterfs","","","","35478","0","49314","0.00004120","D","","",""
"kitemmodels","","https://invent.kde.org/frameworks/kitemmodels","native","27979","0","38890","0.00004092","D","","gl/invent.kde.org-2682",""
"time","facebook/time","https://github.com/facebook/time.git","native","34785","0","48351","0.00004047","D","","gh/257259929",""
"jimtcl","","https://salsa.debian.org/debian/jimtcl.git","native","13893","0","19311","0.00004034","D","","gl/salsa.debian.org-12960",""
"perl:json-xs","","","","37973","0","52782","0.00004026","D","","",""
"libportal","flatpak/libportal","https://github.com/flatpak/libportal.git","native","29813","0","41440","0.00004021","D","","gh/216726484",""
"debian:mlocate","","","","37835","0","52590","0.00004012","D","","",""
"sox","","https://salsa.debian.org/multimedia-team/sox.git","native","22154","21711","52505","0.00004005","D","lgpl-2.0-only and gpl-2.0-only","gl/salsa.debian.org-8217",""
"attica","","https://invent.kde.org/frameworks/attica","native","36053","0","50113","0.00004002","D","","gl/invent.kde.org-2622",""
"libcacard","","https://gitlab.freedesktop.org/spice/libcacard.git","native","36986","0","51410","0.00003995","D","","gl/gitlab.freedesktop.org-58",""
"freerdp","freerdp/freerdp","https://github.com/freerdp/freerdp.git","native","22290","21005","51988","0.00003966","D","apache-2.0","gh/1979797",""
"kcontacts","","https://invent.kde.org/frameworks/kcontacts","native","25756","0","35800","0.00003960","D","","gl/invent.kde.org-2062",""
"garcon","","https://salsa.debian.org/xfce-team/desktop/garcon.git","native","29566","0","41096","0.00003959","D","","gl/salsa.debian.org-32904",""
"rest","","","","29592","0","41132","0.00003934","D","","",""
"gnome-bluetooth","","https://salsa.debian.org/gnome-team/gnome-bluetooth.git","native","36117","0","50202","0.00003933","D","","gl/salsa.debian.org-5404",""
"gtk-vnc","","https://salsa.debian.org/libvirt-team/gtk-vnc.git","native","37083","0","51545","0.00003932","D","","gl/salsa.debian.org-9750",""
"kactivities","","https://invent.kde.org/frameworks/kactivities","native","31330","0","43548","0.00003923","D","","gl/invent.kde.org-2742",""
"libkml","libkml/libkml","https://github.com/libkml/libkml.git","native","21435","19437","49231","0.00003915","D","bsd-3-clause","gh/33421366",""
"knewstuff","","https://invent.kde.org/frameworks/knewstuff","native","30911","0","42966","0.00003914","D","","gl/invent.kde.org-2087",""
"ceres-solver","","https://salsa.debian.org/science-team/ceres-solver.git","native","0","48706","48706","0.00003913","D","bsd-3-clause","gl/salsa.debian.org-3158",""
"acpi-support","","https://salsa.debian.org/debian/acpi-support.git","native","36882","0","51265","0.00003910","D","","gl/salsa.debian.org-10672",""
"opa-psm2","cornelisnetworks/opa-psm2","https://github.com/cornelisnetworks/opa-psm2.git","native","13346","0","18550","0.00003901","D","","gh/38628787",""
"debian:python-talloc","","","","36785","0","51131","0.00003900","D","","",""
"debian:libldb1","","","","36640","0","50929","0.00003885","D","","",""
"geocode-glib","","https://salsa.debian.org/gnome-team/geocode-glib.git","native","30243","0","42037","0.00003872","D","","gl/salsa.debian.org-5535",""
"libgit2-glib","","https://salsa.debian.org/gnome-team/libgit2-glib.git","native","36476","0","50701","0.00003867","D","","gl/salsa.debian.org-6287",""
"spirv-tools","khronosgroup/spirv-tools","https://github.com/khronosgroup/spirv-tools.git","native","0","20946","20946","0.00003855","D","apache-2.0","gh/45981801",""
"source-highlight","","https://salsa.debian.org/debian/source-highlight.git","native","20443","17438","45853","0.00003849","D","gpl-3.0-or-later","gl/salsa.debian.org-51629",""
"discount","","https://salsa.debian.org/debian/discount.git","native","35677","0","49591","0.00003843","D","","gl/salsa.debian.org-12543",""
"firebird","","","","27957","0","38860","0.00003834","D","","",""
"debian:libgsasl7","","","","36158","0","50259","0.00003834","D","","",""
"libu2f-host","","https://salsa.debian.org/auth-team/libu2f-host.git","native","36110","0","50192","0.00003829","D","","gl/salsa.debian.org-26810",""
"userspace-rcu","","","","20439","7967","36377","0.00003827","D","lgpl-2.1-or-later and mit","",""
"libcerf","","git://jugit.fz-juelich.de/mlz/libcerf","native","0","44550","44550","0.00003793","D","mit","",""
"nlohmann-json","nlohmann/json","https://github.com/nlohmann/json.git","native","0","31723","31723","0.00003791","D","mit","gh/11171548",""
"libquvi-scripts","","https://salsa.debian.org/debian/libquvi-scripts.git","native","35732","0","49667","0.00003789","D","","gl/salsa.debian.org-63134",""
"wayland-protocols","","https://gitlab.freedesktop.org/wayland/wayland-protocols.git","native","9711","18791","32289","0.00003781","D","mit","gl/gitlab.freedesktop.org-2891",""
"rygel","","https://salsa.debian.org/gnome-team/rygel.git","native","35604","0","49489","0.00003775","D","","gl/salsa.debian.org-5420",""
"kidletime","","https://invent.kde.org/frameworks/kidletime","native","32805","0","45598","0.00003767","D","","gl/invent.kde.org-2577",""
"libaccounts-glib","","https://gitlab.com/accounts-sso/libaccounts-glib.git","native","30163","0","41926","0.00003756","D","","gl/222481",""
"debian:libncurses5-dev","","","","18017","0","25043","0.00003741","D","","",""
"qca","","","","31959","0","44423","0.00003733","D","","",""
"hplip","","https://salsa.debian.org/printing-team/hplip.v2.git","native","35178","0","48897","0.00003730","D","","gl/salsa.debian.org-66954",""
"aws-c-auth","awslabs/aws-c-auth","https://github.com/awslabs/aws-c-auth.git","native","0","23317","23317","0.00003727","D","apache-2.0","gh/176365316",""
"onnx","onnx/onnx","https://github.com/onnx/onnx.git","native","0","29364","29364","0.00003726","D","apache-2.0","gh/102692863",""
"libclc","llvm/llvm-project","https://github.com/llvm/llvm-project.git","native","0","24439","24439","0.00003712","D","apache-2.0 with llvm-exception","gh/75821432",""
"qr-code-generator","nayuki/qr-code-generator","https://github.com/nayuki/qr-code-generator.git","native","34943","0","48570","0.00003705","D","","gh/56284158",""
"python:pyxattr","","","","34602","0","48096","0.00003669","D","","",""
"gupnp-av","","https://salsa.debian.org/gnome-team/gupnp-av.git","native","28857","0","40111","0.00003651","D","","gl/salsa.debian.org-5282",""
"dleyna","","https://gitlab.gnome.org/world/dleyna.git","native","34381","0","47789","0.00003645","D","","gl/gitlab.gnome.org-21235",""
"perl:yaml-libyaml","","","","34364","0","47765","0.00003643","D","","",""
"level-zero","oneapi-src/level-zero","https://github.com/oneapi-src/level-zero.git","native","10483","0","14571","0.00003642","D","","gh/245246663",""
"cwidget","","https://salsa.debian.org/cwidget-team/cwidget.git","native","28297","0","39332","0.00003636","D","","gl/salsa.debian.org-23546",""
"babeltrace","","https://salsa.debian.org/debian/babeltrace.git","native","30982","0","43064","0.00003636","D","","gl/salsa.debian.org-14",""
"blt","","https://salsa.debian.org/tcltk-team/blt.git","native","33915","0","47141","0.00003596","D","","gl/salsa.debian.org-17621",""
"cdrkit","","https://salsa.debian.org/debian/cdrkit.git","native","33852","0","47054","0.00003589","D","","gl/salsa.debian.org-95695",""
"procmail","buglessrb/procmail","https://github.com/buglessrb/procmail.git","native","33695","0","46836","0.00003573","D","","gh/465238531",""
"gsasl","","https://salsa.debian.org/xmpp-team/gsasl.git","native","31106","0","43237","0.00003568","D","","gl/salsa.debian.org-6172",""
"systemsettings","","https://invent.kde.org/plasma/systemsettings","native","30803","0","42816","0.00003563","D","","gl/invent.kde.org-2285",""
"cmark","commonmark/cmark","https://github.com/commonmark/cmark.git","native","32359","0","44979","0.00003562","D","","gh/29804085",""
"phonon-vlc","","","","33509","0","46577","0.00003553","D","","",""
"openfec","roc-streaming/openfec","https://github.com/roc-streaming/openfec.git","native","29837","0","41473","0.00003498","D","","gh/93503133",""
"libconfuse","libconfuse/libconfuse","https://github.com/libconfuse/libconfuse.git","native","10328","13236","27591","0.00003496","D","","gh/15790285",""
"debian:libodbc1","","","","32865","0","45682","0.00003485","D","","",""
"libnet","libnet/libnet","https://github.com/libnet/libnet.git","native","21766","15129","45383","0.00003462","D","bsd-2-clause","gh/132141",""
"libtomcrypt","","https://salsa.debian.org/debian/libtomcrypt.git","native","27167","0","37762","0.00003457","D","","gl/salsa.debian.org-28704",""
"aws-checksums","awslabs/aws-checksums","https://github.com/awslabs/aws-checksums.git","native","0","20100","20100","0.00003454","D","apache-2.0","gh/93201193",""
"dvd+rw-tools","","https://salsa.debian.org/optical-media-team/dvd-rw-tools.git","native","32521","0","45204","0.00003448","D","","gl/salsa.debian.org-2894",""
"libvpl","intel/libvpl","https://github.com/intel/libvpl.git","native","21706","0","30171","0.00003433","D","","gh/244967696",""
"tnftp","","https://salsa.debian.org/debian/tnftp.git","native","32118","0","44644","0.00003405","D","","gl/salsa.debian.org-47755",""
"gupnp-dlna","","https://salsa.debian.org/gnome-team/gupnp-dlna.git","native","28791","0","40019","0.00003397","D","","gl/salsa.debian.org-5500",""
"kvazaar","ultravideo/kvazaar","https://github.com/ultravideo/kvazaar.git","native","1548","0","2151","0.00003397","D","","gh/16339396",""
"signond","","https://gitlab.com/accounts-sso/signond.git","native","29510","0","41018","0.00003388","D","","gl/222471",""
"stoken","stoken-dev/stoken","https://github.com/stoken-dev/stoken.git","native","22916","9621","41474","0.00003387","D","lgpl-2.1-only","gh/6117968",""
"threadweaver","","https://invent.kde.org/frameworks/threadweaver","native","29473","0","40967","0.00003381","D","","gl/invent.kde.org-2456",""
"debian:libtracker-sparql-2.0-0","","","","31820","0","44229","0.00003374","D","","",""
"opusfile","","https://gitlab.xiph.org/xiph/opusfile.git","native","16339","19410","42121","0.00003368","D","bsd-3-clause","",""
"postfix","vdukhovni/postfix","https://github.com/vdukhovni/postfix.git","native","31684","0","44040","0.00003359","D","","gh/8241417",""
"ebook-tools","","https://salsa.debian.org/pino/ebook-tools.git","native","30985","0","43069","0.00003346","D","","gl/salsa.debian.org-70539",""
"hsqldb","","https://salsa.debian.org/java-team/hsqldb.git","native","31557","0","43864","0.00003346","D","","gl/salsa.debian.org-24640",""
"plasma-framework","","https://invent.kde.org/frameworks/plasma-framework","native","29655","0","41220","0.00003340","D","","gl/invent.kde.org-2485",""
"inih","benhoyt/inih","https://github.com/benhoyt/inih.git","native","27350","0","38016","0.00003323","D","","gh/32095406",""
"xfwm4","","https://salsa.debian.org/xfce-team/desktop/xfwm4.git","native","31343","0","43566","0.00003323","D","","gl/salsa.debian.org-28341",""
"debian:libdc1394-22","","","","31205","0","43374","0.00003309","D","","",""
"spice-gtk","","https://salsa.debian.org/gnome-team/spice-gtk.git","native","31142","0","43287","0.00003302","D","","gl/salsa.debian.org-71500",""
"kfilemetadata","","https://invent.kde.org/frameworks/kfilemetadata","native","25992","0","36128","0.00003298","D","","gl/invent.kde.org-2162",""
"c-blosc","blosc/c-blosc","https://github.com/blosc/c-blosc.git","native","19173","14472","41122","0.00003296","D","bsd-3-clause","gh/1990838",""
"lzop","","https://salsa.debian.org/debian/lzop.git","native","30990","0","43076","0.00003286","D","","gl/salsa.debian.org-42734",""
"caja","","https://salsa.debian.org/debian-mate-team/caja.git","native","30979","0","43060","0.00003285","D","","gl/salsa.debian.org-23631",""
"libfabric","ofiwg/libfabric","https://github.com/ofiwg/libfabric.git","native","14108","0","19610","0.00003281","D","","gh/22996097",""
"kpty","","https://invent.kde.org/frameworks/kpty","native","26543","0","36894","0.00003281","D","","gl/invent.kde.org-2323",""
"libaccounts-qt","","https://gitlab.com/accounts-sso/libaccounts-qt.git","native","25788","0","35845","0.00003279","D","","gl/222478",""
"mscompress","stapelberg/mscompress","https://github.com/stapelberg/mscompress.git","native","30722","0","42703","0.00003257","D","","gh/51695860",""
"libshumate","","https://gitlab.gnome.org/gnome/libshumate.git","native","30713","0","42691","0.00003256","D","","gl/gitlab.gnome.org-6133",""
"debian:libxcb-util0","","","","30683","0","42649","0.00003253","D","","",""
"onnxruntime","microsoft/onnxruntime","https://github.com/microsoft/onnxruntime.git","native","29502","0","41007","0.00003252","D","","gh/156939672",""
"gl2ps","","https://salsa.debian.org/science-team/gl2ps.git","native","11709","24809","41084","0.00003250","D","gl2ps","gl/salsa.debian.org-3291",""
"debian:polkitd-pkla","","","","30657","0","42613","0.00003250","D","","",""
"spidermonkey","","","","20472","0","28456","0.00003246","D","","",""
"dctrl-tools","ajkaijanaho/dctrl-tools","https://github.com/ajkaijanaho/dctrl-tools.git","native","30564","0","42483","0.00003241","D","","gh/30659686",""
"spirv-llvm-translator","khronosgroup/spirv-llvm-translator","https://github.com/khronosgroup/spirv-llvm-translator.git","native","548","17463","18224","0.00003238","D","apache-2.0 with llvm-exception","gh/127136978",""
"debian:libreadline6","","","","30479","0","42365","0.00003232","D","","",""
"min12xxw","","https://salsa.debian.org/printing-team/min12xxw.git","native","30476","0","42361","0.00003231","D","","gl/salsa.debian.org-11207",""
"wireplumber","","https://gitlab.freedesktop.org/pipewire/wireplumber.git","native","29688","0","41266","0.00003225","D","","gl/gitlab.freedesktop.org-2941",""
"libplacebo","","https://salsa.debian.org/multimedia-team/libplacebo.git","native","13647","8416","27385","0.00003220","D","lgpl-2.1-or-later","gl/salsa.debian.org-2870",""
"foo2zjs","","https://salsa.debian.org/printing-team/foo2zjs.git","native","30357","0","42196","0.00003219","D","","gl/salsa.debian.org-11193",""
"tumbler","","https://salsa.debian.org/xfce-team/desktop/tumbler.git","native","30354","0","42192","0.00003218","D","","gl/salsa.debian.org-19085",""
"pnm2ppa","","https://salsa.debian.org/printing-team/pnm2ppa.git","native","30333","0","42162","0.00003216","D","","gl/salsa.debian.org-11208",""
"debian:libssl1.0.0","","","","30230","0","42019","0.00003205","D","","",""
"mousepad","","https://salsa.debian.org/xfce-team/apps/mousepad.git","native","30170","0","41936","0.00003199","D","","gl/salsa.debian.org-27672",""
"knotifyconfig","","https://invent.kde.org/frameworks/knotifyconfig","native","27882","0","38755","0.00003187","D","","gl/invent.kde.org-2195",""
"aws-c-event-stream","awslabs/aws-c-event-stream","https://github.com/awslabs/aws-c-event-stream.git","native","0","24138","24138","0.00003184","D","apache-2.0","gh/122117292",""
"debian:libenchant1c2a","","","","29967","0","41654","0.00003177","D","","",""
"openucx","","","","10834","0","15059","0.00003154","D","","",""
"libgssglue","","https://gitlab.com/gsasl/libgssglue.git","native","26060","0","36223","0.00003143","D","","gl/37744631",""
"gtk-engines","","","","29330","0","40768","0.00003110","D","","",""
"thunar-volman","","https://salsa.debian.org/xfce-team/goodies/thunar-volman.git","native","29320","0","40754","0.00003109","D","","gl/salsa.debian.org-30674",""
"libebur128","jiixyj/libebur128","https://github.com/jiixyj/libebur128.git","native","26817","0","37275","0.00003106","D","","gh/1641727",""
"zxing-cpp","zxing-cpp/zxing-cpp","https://github.com/zxing-cpp/zxing-cpp.git","native","23411","0","32541","0.00003103","D","","gh/56102506",""
"srtp","cisco/libsrtp","https://github.com/cisco/libsrtp.git","native","0","34688","34688","0.00003098","D","bsd-3-clause","gh/9087423",""
"inkscape","","https://salsa.debian.org/multimedia-team/inkscape.git","native","29167","0","40542","0.00003092","D","","gl/salsa.debian.org-7991",""
"cpuinfo-pytorch","pytorch/cpuinfo","https://github.com/pytorch/cpuinfo.git","native","13871","0","19280","0.00003084","D","","gh/83772175",""
"xfdesktop","","","","28913","0","40189","0.00003066","D","","",""
"bluez-qt","","https://invent.kde.org/frameworks/bluez-qt","native","26431","0","36739","0.00003056","D","","gl/invent.kde.org-2344",""
"xfce4-session","","https://salsa.debian.org/xfce-team/desktop/xfce4-session.git","native","28810","0","40045","0.00003055","D","","gl/salsa.debian.org-13182",""
"strace","","https://salsa.debian.org/debian/strace.git","native","28814","0","40051","0.00003055","D","","gl/salsa.debian.org-8478",""
"libfakekey","","","","28770","0","39990","0.00003050","D","","",""
"pthreadpool","maratyszcza/pthreadpool","https://github.com/maratyszcza/pthreadpool.git","native","13428","0","18664","0.00003037","D","","gh/41115850",""
"cgal","cgal/cgal","https://github.com/cgal/cgal.git","native","0","35126","35126","0.00003033","D","gpl-3.0-or-later","gh/24677392",""
"zerofree","","https://salsa.debian.org/debian/zerofree.git","native","28592","0","39742","0.00003031","D","","gl/salsa.debian.org-18859",""
"xfce4-appfinder","","https://salsa.debian.org/xfce-team/desktop/xfce4-appfinder.git","native","28340","0","39392","0.00003005","D","","gl/salsa.debian.org-29727",""
"pstoedit","woglu/pstoedit","https://github.com/woglu/pstoedit.git","native","13423","16057","34714","0.00003002","D","gpl-2.0-or-later","gh/1057348003",""
"libdazzle","","https://gitlab.gnome.org/gnome/libdazzle.git","native","28285","0","39316","0.00002999","D","","gl/gitlab.gnome.org-427",""
"xfce4-notifyd","","https://salsa.debian.org/xfce-team/goodies/xfce4-notifyd.git","native","28276","0","39303","0.00002998","D","","gl/salsa.debian.org-26259",""
"krunner","","https://invent.kde.org/frameworks/krunner","native","25803","0","35866","0.00002993","D","","gl/invent.kde.org-2601",""
"okular","","https://salsa.debian.org/qt-kde-team/kde/okular.git","native","28091","0","39046","0.00002978","D","","gl/salsa.debian.org-13708",""
"apache-serf","","","","21027","0","29227","0.00002976","D","apache-2.0","",""
"patchutils","","","","28068","0","39014","0.00002976","D","","",""
"purpose","","https://invent.kde.org/frameworks/purpose","native","25972","0","36101","0.00002963","D","","gl/invent.kde.org-2047",""
"cifs-utils","","https://salsa.debian.org/samba-team/cifs-utils.git","native","27949","0","38849","0.00002963","D","","gl/salsa.debian.org-5913",""
"pmdk","kilobyte/pmdk","https://github.com/kilobyte/pmdk.git","native","27847","0","38707","0.00002953","D","","gh/151678776",""
"xarchiver","ib/xarchiver","https://github.com/ib/xarchiver.git","native","27832","0","38686","0.00002951","D","","gh/297772",""
"perl:unicode-utf8","","","","27813","0","38660","0.00002949","D","","",""
"akonadi","","https://invent.kde.org/pim/akonadi","native","23192","0","32236","0.00002946","D","","gl/invent.kde.org-2118",""
"xfce4-terminal","","https://salsa.debian.org/xfce-team/desktop/xfce4-terminal.git","native","27760","0","38586","0.00002943","D","","gl/salsa.debian.org-18580",""
"libusb-compat","conan-io/conan-center-index","https://github.com/conan-io/conan-center-index.git","native","0","25149","25149","0.00002936","D","lgpl-2.1-or-later and (lgpl-2.1-or-later or bsd-3-clause)","gh/204671232",""
"debian:libtracker-control-2.0-0","","","","27668","0","38458","0.00002934","D","","",""
"syntax-highlighting","","https://invent.kde.org/frameworks/syntax-highlighting","native","24257","0","33717","0.00002924","D","","gl/invent.kde.org-2037",""
"debian:libtracker-miner-2.0-0","","","","27466","0","38177","0.00002912","D","","",""
"kpeople","","https://invent.kde.org/frameworks/kpeople","native","24958","0","34691","0.00002903","D","","gl/invent.kde.org-2202",""
"munge","dun/munge","https://github.com/dun/munge.git","native","7328","0","10185","0.00002901","D","","gh/35699486",""
"motif","","https://salsa.debian.org/debian/motif.git","native","9038","0","12562","0.00002890","D","","gl/salsa.debian.org-12955",""
"atril","","https://salsa.debian.org/debian-mate-team/atril.git","native","27071","0","37628","0.00002870","D","","gl/salsa.debian.org-23625",""
"libei","","https://gitlab.freedesktop.org/libinput/libei.git","native","26343","0","36616","0.00002870","D","","gl/gitlab.freedesktop.org-6869",""
"libhdf4","","https://salsa.debian.org/debian-gis-team/hdf4.git","native","25442","0","35364","0.00002857","D","","gl/salsa.debian.org-271",""
"debian:libavdevice58","","","","26876","0","37357","0.00002850","D","","",""
"debian:python-crypto","","","","26868","0","37346","0.00002849","D","","",""
"thunar-archive-plugin","","https://salsa.debian.org/xfce-team/goodies/thunar-archive-plugin.git","native","26545","0","36897","0.00002814","D","","gl/salsa.debian.org-26036",""
"qtgrpc","","","","0","25480","25480","0.00002813","D","gpl-3.0-only and (lgpl-3.0-only or gpl-2.0-only or gpl-3.0-only) and (gpl-3.0-only with qt-gpl-exception-1.0) and bsd-3-clause","",""
"syndication","","https://invent.kde.org/frameworks/syndication","native","24580","0","34166","0.00002812","D","","gl/invent.kde.org-2140",""
"gtkspell","","","","26493","0","36825","0.00002809","D","","",""
"gutenprint","","https://salsa.debian.org/printing-team/gutenprint.git","native","26469","0","36791","0.00002806","D","","gl/salsa.debian.org-11200",""
"lyx","","https://salsa.debian.org/debian/lyx.git","native","26455","0","36772","0.00002805","D","","gl/salsa.debian.org-8648",""
"xfce4-power-manager","","https://salsa.debian.org/xfce-team/desktop/xfce4-power-manager.git","native","26439","0","36750","0.00002803","D","","gl/salsa.debian.org-19423",""
"debian:libfam0","","","","26339","0","36611","0.00002793","D","","",""
"codec2","","https://salsa.debian.org/bottoms/pkg-codec2.git","native","15631","0","21727","0.00002789","D","","gl/salsa.debian.org-9453",""
"xfce4-screenshooter","","https://salsa.debian.org/xfce-team/goodies/xfce4-screenshooter.git","native","26285","0","36536","0.00002787","D","","gl/salsa.debian.org-25789",""
"xfburn","","https://salsa.debian.org/xfce-team/apps/xfburn.git","native","26248","0","36484","0.00002783","D","","gl/salsa.debian.org-32679",""
"thunar-media-tags-plugin","","https://salsa.debian.org/xfce-team/goodies/thunar-media-tags-plugin.git","native","26239","0","36472","0.00002782","D","","gl/salsa.debian.org-26231",""
"chromium","","https://salsa.debian.org/chromium-team/chromium.git","native","26117","0","36302","0.00002769","D","","gl/salsa.debian.org-20972",""
"djview","","","","1591","0","2211","0.00002765","D","","",""
"debian:libmutter-11-0","","","","26076","0","36245","0.00002765","D","","",""
"mdadm","md-raid-utilities/mdadm","https://github.com/md-raid-utilities/mdadm.git","native","26072","0","36240","0.00002764","D","","gh/784619190",""
"ristretto","","https://salsa.debian.org/xfce-team/apps/ristretto.git","native","26000","0","36140","0.00002757","D","","gl/salsa.debian.org-28578",""
"xfce4-clipman-plugin","","https://salsa.debian.org/xfce-team/goodies/xfce4-clipman-plugin.git","native","25987","0","36121","0.00002755","D","","gl/salsa.debian.org-32309",""
"perl:perlio-gzip","","","","25987","0","36121","0.00002755","D","","",""
"frameworkintegration","","https://invent.kde.org/frameworks/frameworkintegration","native","25951","0","36071","0.00002751","D","","gl/invent.kde.org-2038",""
"dolphin-fm","","","","25334","0","35214","0.00002748","D","","",""
"xfce4-taskmanager","","https://salsa.debian.org/xfce-team/apps/xfce4-taskmanager.git","native","25922","0","36031","0.00002748","D","","gl/salsa.debian.org-29906",""
"kf6-solid","","https://invent.kde.org/frameworks/solid","native","15362","0","21353","0.00002747","D","","gl/invent.kde.org-2446",""
"xfce4-sensors-plugin","","https://salsa.debian.org/xfce-team/goodies/xfce4-sensors-plugin.git","native","25786","0","35842","0.00002734","D","","gl/salsa.debian.org-25793",""
"xfce4-battery-plugin","","https://salsa.debian.org/xfce-team/goodies/xfce4-battery-plugin.git","native","25777","0","35830","0.00002733","D","","gl/salsa.debian.org-30676",""
"xfce4-xkb-plugin","","https://salsa.debian.org/xfce-team/goodies/xfce4-xkb-plugin.git","native","25753","0","35796","0.00002730","D","","gl/salsa.debian.org-32661",""
"xfce4-systemload-plugin","","https://salsa.debian.org/xfce-team/goodies/xfce4-systemload-plugin.git","native","25744","0","35784","0.00002730","D","","gl/salsa.debian.org-32594",""
"debian:ntpdate","","","","25738","0","35775","0.00002729","D","","",""
"xfce4-netload-plugin","","https://salsa.debian.org/xfce-team/goodies/xfce4-netload-plugin.git","native","25721","0","35752","0.00002727","D","","gl/salsa.debian.org-32496",""
"xfce4-cpugraph-plugin","","https://salsa.debian.org/xfce-team/goodies/xfce4-cpugraph-plugin.git","native","25722","0","35753","0.00002727","D","","gl/salsa.debian.org-32511",""
"xfce4-cpufreq-plugin","","https://salsa.debian.org/xfce-team/goodies/xfce4-cpufreq-plugin.git","native","25689","0","35707","0.00002724","D","","gl/salsa.debian.org-26741",""
"xfce4-timer-plugin","","https://salsa.debian.org/xfce-team/goodies/xfce4-timer-plugin.git","native","25650","0","35653","0.00002720","D","","gl/salsa.debian.org-8650",""
"xfce4-weather-plugin","","https://salsa.debian.org/xfce-team/goodies/xfce4-weather-plugin.git","native","25655","0","35660","0.00002720","D","","gl/salsa.debian.org-26610",""
"xfce4-genmon-plugin","","https://salsa.debian.org/xfce-team/goodies/xfce4-genmon-plugin.git","native","25637","0","35635","0.00002718","D","","gl/salsa.debian.org-32553",""
"xfce4-diskperf-plugin","","https://salsa.debian.org/xfce-team/goodies/xfce4-diskperf-plugin.git","native","25638","0","35636","0.00002718","D","","gl/salsa.debian.org-32510",""
"xfce4-fsguard-plugin","","https://salsa.debian.org/xfce-team/goodies/xfce4-fsguard-plugin.git","native","25630","0","35625","0.00002717","D","","gl/salsa.debian.org-32680",""
"xfce4-places-plugin","","https://salsa.debian.org/xfce-team/goodies/xfce4-places-plugin.git","native","25616","0","35606","0.00002716","D","","gl/salsa.debian.org-32495",""
"debian:libmagick++-6.q16-8","","","","25606","0","35592","0.00002715","D","","",""
"prison","","https://invent.kde.org/frameworks/prison","native","23224","0","32281","0.00002713","D","","gl/invent.kde.org-2395",""
"plasma-workspace","","https://invent.kde.org/plasma/plasma-workspace","native","23769","0","33038","0.00002712","D","","gl/invent.kde.org-2703",""
"ktexttemplate","steveire/grantlee","https://github.com/steveire/grantlee.git","native","23229","0","32288","0.00002711","D","","gh/32039803",""
"xfce4-mailwatch-plugin","","https://salsa.debian.org/xfce-team/goodies/xfce4-mailwatch-plugin.git","native","25555","0","35521","0.00002709","D","","gl/salsa.debian.org-32491",""
"xfce4-smartbookmark-plugin","","https://salsa.debian.org/xfce-team/goodies/xfce4-smartbookmark-plugin.git","native","25553","0","35518","0.00002709","D","","gl/salsa.debian.org-32634",""
"fdk-aac","mstorsjo/fdk-aac","https://github.com/mstorsjo/fdk-aac.git","native","0","29446","29446","0.00002698","D","apache-2.0","gh/4820351",""
"kdegraphics-mobipocket","","https://invent.kde.org/graphics/kdegraphics-mobipocket","native","24814","0","34491","0.00002691","D","","gl/invent.kde.org-2779",""
"konsole","","https://salsa.debian.org/qt-kde-team/kde/konsole.git","native","25358","0","35247","0.00002689","D","","gl/salsa.debian.org-13681",""
"spice-remote-access","","","","24871","0","34570","0.00002637","D","","",""
"kate","","https://salsa.debian.org/qt-kde-team/kde/kate.git","native","24716","0","34355","0.00002621","D","","gl/salsa.debian.org-13647",""
"msgraph","","https://salsa.debian.org/gnome-team/msgraph.git","native","21949","0","30509","0.00002609","D","","gl/salsa.debian.org-89046",""
"plotutils","","https://salsa.debian.org/debian/plotutils.git","native","13795","11285","30460","0.00002607","D","gpl-3.0-or-later","gl/salsa.debian.org-11271",""
"kfind","","https://salsa.debian.org/qt-kde-team/kde/kfind.git","native","24578","0","34163","0.00002606","D","","gl/salsa.debian.org-13719",""
"scim","scim-im/scim","https://github.com/scim-im/scim.git","native","24316","0","33799","0.00002606","D","","gh/5287678",""
"faac","knik0/faac","https://github.com/knik0/faac.git","native","0","28104","28104","0.00002596","D","lgpl-2.1-or-later","gh/98275873",""
"debian:gir1.2-tracker-2.0","","","","24451","0","33986","0.00002592","D","","",""
"aws-c-sdkutils","awslabs/aws-c-sdkutils","https://github.com/awslabs/aws-c-sdkutils.git","native","0","20234","20234","0.00002590","D","apache-2.0","gh/413901038",""
"kwalletmanager","","https://salsa.debian.org/qt-kde-team/kde/kwalletmanager.git","native","24357","0","33856","0.00002582","D","","gl/salsa.debian.org-13834",""
"libiscsi","sahlberg/libiscsi","https://github.com/sahlberg/libiscsi.git","native","15122","10397","31416","0.00002580","D","licenseref-homebrew-public-domain and lgpl-2.1-or-later and gpl-2.0-or-later","gh/1139010",""
"debian:libcurl3","","","","24224","0","33671","0.00002568","D","","",""
"debian:libsensors4","","","","24130","0","33540","0.00002558","D","","",""
"ksshaskpass","","https://invent.kde.org/plasma/ksshaskpass","native","24114","0","33518","0.00002557","D","","gl/invent.kde.org-2143",""
"debian:libfluidsynth1","","","","24103","0","33503","0.00002556","D","","",""
"plasma-desktop","","https://invent.kde.org/plasma/plasma-desktop","native","24096","0","33493","0.00002555","D","","gl/invent.kde.org-2802",""
"libavtp","avnu/libavtp","https://github.com/avnu/libavtp.git","native","22885","0","31810","0.00002551","D","","gh/142053635",""
"baloo","","https://invent.kde.org/frameworks/baloo","native","22288","0","30980","0.00002546","D","","gl/invent.kde.org-2754",""
"debian:libtracker-sparql-3.0-0","","","","23995","0","33353","0.00002544","D","","",""
"iftop","","https://salsa.debian.org/debian/iftop.git","native","23968","0","33315","0.00002541","D","","gl/salsa.debian.org-25760",""
"kmenuedit","","https://invent.kde.org/plasma/kmenuedit","native","23961","0","33305","0.00002540","D","","gl/invent.kde.org-2669",""
"arpack-ng","opencollab/arpack-ng","https://github.com/opencollab/arpack-ng.git","native","23235","0","32296","0.00002540","D","","gh/19888237",""
"gwenview","","https://salsa.debian.org/qt-kde-team/kde/gwenview.git","native","23948","0","33287","0.00002539","D","","gl/salsa.debian.org-13630",""
"dvdauthor","","https://salsa.debian.org/multimedia-team/dvdauthor.git","native","23925","0","33255","0.00002537","D","","gl/salsa.debian.org-95406",""
"ktexteditor","","https://invent.kde.org/frameworks/ktexteditor","native","23164","0","32197","0.00002533","D","","gl/invent.kde.org-2648",""
"ladspa","","","","0","13281","13281","0.00002531","D","","",""
"konqueror","","https://salsa.debian.org/qt-kde-team/kde/konqueror.git","native","23857","0","33161","0.00002529","D","","gl/salsa.debian.org-13655",""
"ark","","https://salsa.debian.org/qt-kde-team/kde/ark.git","native","23843","0","33141","0.00002528","D","","gl/salsa.debian.org-13729",""
"kamera","","https://salsa.debian.org/qt-kde-team/kde/kamera.git","native","23785","0","33061","0.00002522","D","","gl/salsa.debian.org-13835",""
"libkf5kexiv2","","https://invent.kde.org/graphics/libkexiv2","native","23764","0","33031","0.00002520","D","","gl/invent.kde.org-2730",""
"aws-c-compression","awslabs/aws-c-compression","https://github.com/awslabs/aws-c-compression.git","native","0","17968","17968","0.00002516","D","apache-2.0","gh/134912440",""
"debian:gir1.2-mutter-11","","","","23675","0","32908","0.00002510","D","","",""
"kdepim-runtime","","https://invent.kde.org/pim/kdepim-runtime","native","22585","0","31393","0.00002508","D","","gl/invent.kde.org-2632",""
"sfcgal","","https://gitlab.com/sfcgal/sfcgal.git","native","0","30595","30595","0.00002493","D","lgpl-2.0-or-later","gl/19674165",""
"kinfocenter","","https://invent.kde.org/plasma/kinfocenter","native","23504","0","32670","0.00002492","D","","gl/invent.kde.org-2119",""
"perl:libintl-perl","","","","23494","0","32656","0.00002491","D","","",""
"kcalc","","https://salsa.debian.org/qt-kde-team/kde/kcalc.git","native","23494","0","32656","0.00002491","D","","gl/salsa.debian.org-13765",""
"opensc","opensc/opensc","https://github.com/opensc/opensc.git","native","23462","0","32612","0.00002488","D","","gh/1999692",""
"charls","team-charls/charls","https://github.com/team-charls/charls.git","native","22418","0","31161","0.00002479","D","","gh/42828575",""
"bluedevil","","https://invent.kde.org/plasma/bluedevil","native","23338","0","32439","0.00002474","D","","gl/invent.kde.org-2511",""
"powerdevil","","https://invent.kde.org/plasma/powerdevil","native","23267","0","32341","0.00002467","D","","gl/invent.kde.org-2559",""
"packagekit-qt","","https://salsa.debian.org/pkgutopia-team/packagekit-qt.git","native","20658","0","28714","0.00002463","D","","gl/salsa.debian.org-6295",""
"libdbi","","","","23191","0","32235","0.00002459","D","","",""
"kdnssd","","https://invent.kde.org/frameworks/kdnssd","native","23141","0","32165","0.00002454","D","","gl/invent.kde.org-2245",""
"perl:sereal-decoder","","","","23000","0","31969","0.00002439","D","","",""
"perl:sereal-encoder","","","","23006","0","31978","0.00002439","D","","",""
"webrtc-audio-processing","","https://salsa.debian.org/pulseaudio-team/webrtc-audio-processing.git","native","12738","0","17705","0.00002437","D","","gl/salsa.debian.org-19397",""
"draco-3d-compression","google/draco","https://github.com/google/draco.git","native","596","0","828","0.00002430","D","","gh/75662387",""
"kdeplasma-addons","","https://invent.kde.org/plasma/kdeplasma-addons","native","22906","0","31839","0.00002429","D","","gl/invent.kde.org-2828",""
"aws-c-mqtt","awslabs/aws-c-mqtt","https://github.com/awslabs/aws-c-mqtt.git","native","0","26269","26269","0.00002416","D","apache-2.0","gh/142616481",""
"sweeper","","https://salsa.debian.org/qt-kde-team/kde/sweeper.git","native","22764","0","31641","0.00002414","D","","gl/salsa.debian.org-13640",""
"libkolabxml","","git://git.kolab.org/diffusion/lkx/","native","22198","0","30855","0.00002392","D","","",""
"debian:libpng12-0","","","","22473","0","31237","0.00002383","D","","",""
"mecab-ipadic","taku910/mecab","https://github.com/taku910/mecab.git","native","0","25771","25771","0.00002382","D","naist-2003","gh/32217875",""
"kactivities-stats","","https://invent.kde.org/frameworks/kactivities-stats","native","22470","0","31233","0.00002382","D","","gl/invent.kde.org-2416",""
"kdesu","","https://invent.kde.org/frameworks/kdesu","native","21872","0","30402","0.00002381","D","","gl/invent.kde.org-2083",""
"libultrahdr","google/libultrahdr","https://github.com/google/libultrahdr.git","native","0","9171","9171","0.00002380","D","apache-2.0","gh/668905191",""
"debian:python-openssl","","","","22379","0","31106","0.00002373","D","","",""
"libdisplay-info","","https://gitlab.freedesktop.org/emersion/libdisplay-info.git","native","20988","0","29173","0.00002369","D","","gl/gitlab.freedesktop.org-14497",""
"fyba","kartverket/fyba","https://github.com/kartverket/fyba.git","native","20825","0","28946","0.00002368","D","","gh/7017867",""
"dragon-player","","","","22237","0","30909","0.00002358","D","","",""
"roc-toolkit","","https://salsa.debian.org/multimedia-team/roc-toolkit.git","native","19740","0","27438","0.00002356","D","","gl/salsa.debian.org-87816",""
"juk","","https://salsa.debian.org/qt-kde-team/kde/juk.git","native","22200","0","30857","0.00002354","D","","gl/salsa.debian.org-13797",""
"libkdcraw","","https://invent.kde.org/graphics/libkdcraw","native","21479","0","29855","0.00002333","D","","gl/invent.kde.org-2796",""
"debian:odbcinst1debian2","","","","21965","0","30531","0.00002329","D","","",""
"libkgapi","","https://invent.kde.org/pim/libkgapi","native","21053","0","29263","0.00002325","D","","gl/invent.kde.org-2021",""
"perl:cpanel-json-xs","","","","21923","0","30472","0.00002324","D","","",""
"kaddressbook","","https://invent.kde.org/pim/kaddressbook","native","21902","0","30443","0.00002322","D","","gl/invent.kde.org-2099",""
"korganizer","","https://salsa.debian.org/qt-kde-team/kde/korganizer.git","native","21876","0","30407","0.00002319","D","","gl/salsa.debian.org-13734",""
"kholidays","","https://invent.kde.org/frameworks/kholidays","native","20968","0","29145","0.00002318","D","","gl/invent.kde.org-2421",""
"akregator","","https://salsa.debian.org/qt-kde-team/kde/akregator.git","native","21834","0","30349","0.00002315","D","","gl/salsa.debian.org-13717",""
"libusrsctp","sctplab/usrsctp","https://github.com/sctplab/usrsctp.git","native","0","24363","24363","0.00002311","D","bsd-3-clause","gh/39330705",""
"plasma-activities","","https://invent.kde.org/plasma/plasma-activities","native","13813","0","19200","0.00002310","D","","gl/invent.kde.org-2742",""
"perl:devel-globaldestruction","","","","21755","0","30239","0.00002307","D","","",""
"kmail","","https://salsa.debian.org/qt-kde-team/kde/kmail.git","native","21719","0","30189","0.00002303","D","","gl/salsa.debian.org-13619",""
"enca","","https://salsa.debian.org/debian/enca.git","native","21675","0","30128","0.00002298","D","","gl/salsa.debian.org-97239",""
"matio","tbeu/matio","https://github.com/tbeu/matio.git","native","0","28549","28549","0.00002295","D","","gh/48456015",""
"snapd-glib","canonical/snapd-glib","https://github.com/canonical/snapd-glib.git","native","21585","0","30003","0.00002289","D","","gh/87171034",""
"ogdi-dfsg","","https://salsa.debian.org/debian-gis-team/ogdi-dfsg.git","native","20081","0","27912","0.00002289","D","","gl/salsa.debian.org-401",""
"lshw","lyonel/lshw","https://github.com/lyonel/lshw.git","native","21445","0","29808","0.00002274","D","","gh/2677174",""
"openslide","openslide/openslide","https://github.com/openslide/openslide.git","native","0","28206","28206","0.00002269","D","lgpl-2.1-only","gh/827644",""
"debian:libxapian22","","","","21388","0","29729","0.00002268","D","","",""
"networkmanager-qt","","https://invent.kde.org/frameworks/networkmanager-qt","native","20735","0","28821","0.00002252","D","","gl/invent.kde.org-2614",""
"meanwhile","obriencj/meanwhile","https://github.com/obriencj/meanwhile.git","native","21207","0","29477","0.00002248","D","","gh/155557067",""
"liblc3","google/liblc3","https://github.com/google/liblc3.git","native","17550","0","24394","0.00002247","D","","gh/480393283",""
"kuserfeedback","","https://invent.kde.org/frameworks/kuserfeedback","native","18213","0","25316","0.00002241","D","","gl/invent.kde.org-2337",""
"tslib","microsoft/tslib","https://github.com/microsoft/tslib.git","native","12932","0","17975","0.00002241","D","","gh/34414315",""
"libxft","","https://gitlab.freedesktop.org/xorg/lib/libxft.git","native","0","16754","16754","0.00002240","D","mit","gl/gitlab.freedesktop.org-718",""
"kcalcore","","https://invent.kde.org/frameworks/kcalendarcore","native","19048","0","26476","0.00002239","D","","gl/invent.kde.org-2196",""
"debian:libdolphinvcs5","","","","20966","0","29142","0.00002223","D","","",""
"kmag","","https://salsa.debian.org/qt-kde-team/kde/kmag.git","native","20931","0","29094","0.00002219","D","","gl/salsa.debian.org-13723",""
"gtkmm","","","","14130","0","19640","0.00002209","D","","",""
"zxcvbn-c","tsyrogit/zxcvbn-c","https://github.com/tsyrogit/zxcvbn-c.git","native","19678","0","27352","0.00002199","D","","gh/28730015",""
"heimdal","","https://salsa.debian.org/debian/heimdal.git","native","1050","0","1459","0.00002192","D","","gl/salsa.debian.org-18050",""
"libxml++","","","","18656","0","25931","0.00002189","D","","",""
"kmouth","","https://salsa.debian.org/qt-kde-team/kde/kmouth.git","native","20518","0","28520","0.00002175","D","","gl/salsa.debian.org-13807",""
"parole","","https://salsa.debian.org/xfce-team/apps/parole.git","native","20482","0","28469","0.00002172","D","","gl/salsa.debian.org-18613",""
"libdiscid","","https://salsa.debian.org/multimedia-team/libdiscid.git","native","20439","0","28410","0.00002167","D","","gl/salsa.debian.org-8051",""
"kmousetool","","https://salsa.debian.org/qt-kde-team/kde/kmousetool.git","native","20409","0","28368","0.00002164","D","","gl/salsa.debian.org-13724",""
"debian:libavdevice59","","","","20410","0","28369","0.00002164","D","","",""
"ffmpegthumbnailer","dirkvdb/ffmpegthumbnailer","https://github.com/dirkvdb/ffmpegthumbnailer.git","native","18753","0","26066","0.00002159","D","","gh/32253375",""
"debian:python-dbus","","","","20334","0","28264","0.00002156","D","","",""
"kyotocabinet","","https://salsa.debian.org/debian/kyotocabinet.git","native","20306","0","28225","0.00002153","D","","gl/salsa.debian.org-59923",""
"debian:kate5-data","","","","20226","0","28114","0.00002145","D","","",""
"kross","","https://invent.kde.org/frameworks/kross","native","20165","0","28029","0.00002138","D","","gl/invent.kde.org-2314",""
"kimageannotator","ksnip/kimageannotator","https://github.com/ksnip/kimageannotator.git","native","19620","0","27271","0.00002136","D","","gh/121154289",""
"libdebian-installer","","https://salsa.debian.org/installer-team/libdebian-installer.git","native","646","0","897","0.00002135","D","","gl/salsa.debian.org-23445",""
"zziplib","gdraheim/zziplib","https://github.com/gdraheim/zziplib.git","native","20064","0","27888","0.00002127","D","","gh/88789570",""
"teckit","silnrsi/teckit","https://github.com/silnrsi/teckit.git","native","20030","0","27841","0.00002124","D","","gh/56601777",""
"luajit-misnamed","openresty/luajit2","https://github.com/openresty/luajit2.git","native","18945","0","26333","0.00002119","D","","gh/14096125",""
"gsettings-qt","","https://gitlab.com/ubports/development/core/gsettings-qt.git","native","19953","0","27734","0.00002116","D","","gl/10070038",""
"kpeoplevcard","","https://salsa.debian.org/qt-kde-team/kde/kpeoplevcard.git","native","19960","0","27744","0.00002116","D","","gl/salsa.debian.org-55938",""
"debian:python-lxml","","","","19932","0","27705","0.00002113","D","","",""
"libnetfilter-acct","","https://salsa.debian.org/pkg-netfilter-team/pkg-libnetfilter-acct.git","native","19912","0","27677","0.00002111","D","","gl/salsa.debian.org-30879",""
"libqalculate","","https://salsa.debian.org/debian/libqalculate.git","native","19891","0","27648","0.00002109","D","","gl/salsa.debian.org-31594",""
"libqaccessibilityclient","","https://invent.kde.org/libraries/libqaccessibilityclient","native","18368","0","25531","0.00002105","D","","gl/invent.kde.org-2034",""
"libtextwrap","","https://salsa.debian.org/debian/libtextwrap.git","native","340","0","472","0.00002102","D","","gl/salsa.debian.org-63598",""
"kunitconversion","","https://invent.kde.org/frameworks/kunitconversion","native","19188","0","26671","0.00002099","D","","gl/invent.kde.org-2270",""
"gumbo-parser","","https://codeberg.org/gumbo-parser/gumbo-parser.git","native","0","8722","8722","0.00002098","D","apache-2.0","",""
"trousers","","","","18668","0","25948","0.00002098","D","","",""
"socket++","malaterre/socketxx-1","https://github.com/malaterre/socketxx-1.git","native","18730","0","26034","0.00002088","D","","gh/15103745",""
"breeze-icons","","https://invent.kde.org/frameworks/breeze-icons","native","14883","0","20687","0.00002073","D","","gl/invent.kde.org-2194",""
"qtkeychain","frankosterfeld/qtkeychain","https://github.com/frankosterfeld/qtkeychain.git","native","16238","0","22570","0.00002063","D","","gh/2767734",""
"gtk-layer-shell","wmww/gtk-layer-shell","https://github.com/wmww/gtk-layer-shell.git","native","12288","0","17080","0.00002025","D","","gh/177609983",""
"qtquickeffectmaker","","","","0","14980","14980","0.00002012","D","(gpl-3.0-only with qt-gpl-exception-1.0) and bsd-3-clause","",""
"qtquick3dphysics","","","","0","14962","14962","0.00002011","D","gpl-3.0-only and (gpl-3.0-only with qt-gpl-exception-1.0) and bsd-3-clause","",""
"qtgraphs","","","","0","14930","14930","0.00002008","D","gpl-3.0-only and bsd-3-clause","",""
"qtlottie","","","","0","14871","14871","0.00002004","D","gpl-3.0-only and bsd-3-clause","",""
"qtlanguageserver","","","","0","14716","14716","0.00001992","D","(lgpl-3.0-only or gpl-2.0-only or gpl-3.0-only) and bsd-3-clause","",""
"libffado","","https://salsa.debian.org/multimedia-team/ffado.git","native","16268","0","22612","0.00001987","D","","gl/salsa.debian.org-17825",""
"litehtml","litehtml/litehtml","https://github.com/litehtml/litehtml.git","native","0","14504","14504","0.00001976","D","bsd-3-clause","gh/23294481",""
"qthttpserver","","","","0","14419","14419","0.00001969","D","gpl-3.0-only and bsd-3-clause","",""
"epsilon-compressor","","","","0","23649","23649","0.00001964","D","","",""
"glslang","khronosgroup/glslang","https://github.com/khronosgroup/glslang.git","native","0","20671","20671","0.00001920","D","bsd-3-clause and gpl-3.0-or-later and mit and apache-2.0","gh/38064932",""
"libnfs","sahlberg/libnfs","https://github.com/sahlberg/libnfs.git","native","14696","0","20427","0.00001902","D","","gh/1333552",""
"telepathy-glib","","https://salsa.debian.org/telepathy-team/telepathy-glib.git","native","14548","0","20221","0.00001896","D","","gl/salsa.debian.org-27058",""
"cgif","dloebl/cgif","https://github.com/dloebl/cgif.git","native","0","23029","23029","0.00001874","D","mit","gh/378709850",""
"mozjpeg","mozilla/mozjpeg","https://github.com/mozilla/mozjpeg.git","native","0","22818","22818","0.00001858","D","bsd-3-clause","gh/15837676",""
"kded","","https://invent.kde.org/frameworks/kded","native","14704","0","20438","0.00001851","D","","gl/invent.kde.org-2127",""
"kglobalacceld","","https://invent.kde.org/plasma/kglobalacceld","native","11563","0","16072","0.00001838","D","","gl/invent.kde.org-14289",""
"kstatusnotifieritem","","https://invent.kde.org/frameworks/kstatusnotifieritem","native","12790","0","17778","0.00001778","D","","gl/invent.kde.org-15425",""
"libgedit-gfls","","https://gitlab.gnome.org/world/gedit/libgedit-gfls.git","native","9196","5309","18091","0.00001778","D","lgpl-3.0-or-later","gl/gitlab.gnome.org-31956",""
"kquickcharts","","https://invent.kde.org/frameworks/kquickcharts","native","16227","0","22555","0.00001778","D","","gl/invent.kde.org-302",""
"libsmi","","","","4861","14327","21083","0.00001768","D","tcl and bsd-3-clause and beerware","",""
"uthash","troydhanson/uthash","https://github.com/troydhanson/uthash.git","native","0","6417","6417","0.00001767","D","bsd-1-clause","gh/7476948",""
"libdmapsharing","","https://salsa.debian.org/gnome-team/libdmapsharing.git","native","13375","0","18591","0.00001742","D","","gl/salsa.debian.org-5297",""
"miniupnpc","","https://salsa.debian.org/miniupnp-team/miniupnpc.git","native","3653","14129","19206","0.00001738","D","bsd-3-clause","gl/salsa.debian.org-4416",""
"nginx:http-echo","openresty/echo-nginx-module","https://github.com/openresty/echo-nginx-module.git","native","11500","0","15984","0.00001723","D","","gh/318905",""
"libpanel","","https://gitlab.gnome.org/gnome/libpanel.git","native","477","0","663","0.00001715","D","","gl/gitlab.gnome.org-15968",""
"clucene","","","","15094","0","20980","0.00001713","D","","",""
"libspng","randy408/libspng","https://github.com/randy408/libspng.git","native","0","20792","20792","0.00001703","D","bsd-2-clause","gh/127125127",""
"libdex","","https://gitlab.gnome.org/gnome/libdex.git","native","250","0","347","0.00001691","D","","gl/gitlab.gnome.org-23745",""
"libgedit-tepl","","https://gitlab.gnome.org/world/gedit/libgedit-tepl.git","native","9097","6634","19278","0.00001684","D","lgpl-2.1-or-later","gl/gitlab.gnome.org-31957",""
"akonadi-calendar","","https://invent.kde.org/pim/akonadi-calendar","native","14162","0","19685","0.00001652","D","","gl/invent.kde.org-2351",""
"kdav","","https://invent.kde.org/frameworks/kdav","native","15143","0","21048","0.00001644","D","","gl/invent.kde.org-2336",""
"nginx:http-auth-pam","sto/ngx_http_auth_pam_module","https://github.com/sto/ngx_http_auth_pam_module.git","native","10503","0","14599","0.00001618","D","","gh/30292379",""
"shaderc","google/shaderc","https://github.com/google/shaderc.git","native","0","15162","15162","0.00001613","D","apache-2.0","gh/40277133",""
"nginx:http-dav-ext","arut/nginx-dav-ext-module","https://github.com/arut/nginx-dav-ext-module.git","native","10411","0","14471","0.00001608","D","","gh/3287337",""
"nginx:http-subs-filter","yaoweibin/ngx_http_substitutions_filter_module","https://github.com/yaoweibin/ngx_http_substitutions_filter_module.git","native","10400","0","14455","0.00001607","D","","gh/4075908",""
"nginx:http-upstream-fair","gnosek/nginx-upstream-fair","https://github.com/gnosek/nginx-upstream-fair.git","native","10385","0","14435","0.00001605","D","","gh/4957",""
"kaccounts-integration","","https://invent.kde.org/network/kaccounts-integration","native","12156","0","16896","0.00001574","D","","gl/invent.kde.org-2439",""
"ksvg","","https://invent.kde.org/frameworks/ksvg","native","12687","0","17634","0.00001574","D","","gl/invent.kde.org-13979",""
"gdcm","","https://salsa.debian.org/med-team/gdcm.git","native","12813","0","17810","0.00001556","D","","gl/salsa.debian.org-11520",""
"kcalendarcore","","https://invent.kde.org/frameworks/kcalendarcore","native","8583","0","11930","0.00001552","D","","gl/invent.kde.org-2196",""
"mpich","","https://salsa.debian.org/science-team/mpich.git","native","940","0","1306","0.00001546","D","","gl/salsa.debian.org-3502",""
"oath-toolkit","","https://salsa.debian.org/debian/oath-toolkit.git","native","12326","0","17133","0.00001531","D","","gl/salsa.debian.org-44441",""
"kmime","","https://invent.kde.org/pim/kmime","native","8302","0","11539","0.00001528","D","","gl/invent.kde.org-2273",""
"libdicom","imagingdatacommons/libdicom","https://github.com/imagingdatacommons/libdicom.git","native","0","17743","17743","0.00001502","D","mit","gh/383951991",""
"libcmis","tdf/libcmis","https://github.com/tdf/libcmis.git","native","13101","0","18210","0.00001501","D","","gh/39193170",""
"talloc","","https://salsa.debian.org/samba-team/talloc.git","native","0","7190","7190","0.00001493","D","gpl-3.0-or-later","gl/salsa.debian.org-5912",""
"onednn","uxlfoundation/onednn","https://github.com/uxlfoundation/onednn.git","native","11839","0","16456","0.00001486","D","","gh/58414589",""
"cunit","","https://salsa.debian.org/debian/cunit.git","native","0","9806","9806","0.00001480","D","lgpl-2.0-or-later","gl/salsa.debian.org-70342",""
"openh264","cisco/openh264","https://github.com/cisco/openh264.git","native","12080","0","16791","0.00001464","D","","gh/13909573",""
"libgedit-gtksourceview","","https://gitlab.gnome.org/world/gedit/libgedit-gtksourceview.git","native","5695","7026","14942","0.00001443","D","lgpl-2.1-only","gl/gitlab.gnome.org-31955",""
"arpack","opencollab/arpack-ng","https://github.com/opencollab/arpack-ng.git","native","0","17884","17884","0.00001441","D","bsd-3-clause","gh/19888237",""
"busybox","","https://salsa.debian.org/installer-team/busybox.git","native","28","0","38","0.00001431","D","","gl/salsa.debian.org-7653",""
"coinmp","","https://salsa.debian.org/science-team/coinmp.git","native","12401","0","17237","0.00001427","D","","gl/salsa.debian.org-3182",""
"libgedit-amtk","","https://gitlab.gnome.org/world/gedit/libgedit-amtk.git","native","5720","5386","13336","0.00001415","D","lgpl-3.0-or-later","gl/gitlab.gnome.org-31932",""
"kcolorpicker","ksnip/kcolorpicker","https://github.com/ksnip/kcolorpicker.git","native","9841","0","13678","0.00001407","D","","gh/146184866",""
"liborcus","","https://gitlab.com/orcus/orcus.git","native","12200","0","16958","0.00001406","D","","gl/186866",""
"libconfig-hyperrealm","","","","11157","0","15508","0.00001394","D","","",""
"gtk-mac-integration","","","","0","15394","15394","0.00001388","D","lgpl-2.1-only","",""
"libemf","","https://salsa.debian.org/debian/libemf.git","native","10343","0","14376","0.00001380","D","","gl/salsa.debian.org-19332",""
"glade","","https://salsa.debian.org/gnome-team/glade.git","native","1849","0","2570","0.00001372","D","","gl/salsa.debian.org-5187",""
"libxfce4windowing","","https://salsa.debian.org/xfce-team/desktop/libxfce4windowing.git","native","7460","0","10369","0.00001331","D","","gl/salsa.debian.org-84680",""
"plasma-activities-stats","","https://invent.kde.org/plasma/plasma-activities-stats","native","10794","0","15003","0.00001330","D","","gl/invent.kde.org-2416",""
"bcg729","belledonnecommunications/bcg729","https://github.com/belledonnecommunications/bcg729.git","native","10719","0","14899","0.00001296","D","","gh/29290153",""
"libkexiv2","","https://invent.kde.org/graphics/libkexiv2","native","11596","0","16118","0.00001290","D","","gl/invent.kde.org-2730",""
"perl:scalar-list-utils","","","","6274","0","8720","0.00001285","D","","",""
"crypto++","","","","3019","0","4196","0.00001284","D","","",""
"botan","randombit/botan","https://github.com/randombit/botan.git","native","9334","0","12974","0.00001254","D","","gh/8608254",""
"ktextaddons","","https://invent.kde.org/libraries/ktextaddons","native","8210","0","11411","0.00001251","D","","gl/invent.kde.org-13111",""
"libtatsu","libimobiledevice/libtatsu","https://github.com/libimobiledevice/libtatsu.git","native","0","4412","4412","0.00001240","D","lgpl-2.1-or-later","gh/802670695",""
"phodav","","https://salsa.debian.org/gnome-team/phodav.git","native","10912","0","15167","0.00001231","D","","gl/salsa.debian.org-5398",""
"pimcommon","","https://invent.kde.org/pim/pimcommon","native","8118","0","11284","0.00001229","D","","gl/invent.kde.org-2581",""
"db-defaults","","https://salsa.debian.org/debian/db-defaults.git","native","4073","0","5661","0.00001225","D","","gl/salsa.debian.org-96265",""
"layer-shell-qt","","https://salsa.debian.org/qt-kde-team/kde/layer-shell-qt.git","native","11184","0","15545","0.00001214","D","","gl/salsa.debian.org-60552",""
"plasma5support","","https://invent.kde.org/plasma/plasma5support","native","10102","0","14041","0.00001203","D","","gl/invent.kde.org-7708",""
"libspiro","fontforge/libspiro","https://github.com/fontforge/libspiro.git","native","2303","9528","12729","0.00001189","D","gpl-3.0-or-later","gh/9570173",""
"kidentitymanagement","","https://invent.kde.org/pim/kidentitymanagement","native","8222","0","11428","0.00001186","D","","gl/invent.kde.org-2313",""
"libksysguard","","https://invent.kde.org/plasma/libksysguard","native","10147","0","14104","0.00001158","D","","gl/invent.kde.org-2584",""
"libkdepim","","https://invent.kde.org/pim/libkdepim","native","8117","0","11282","0.00001155","D","","gl/invent.kde.org-2540",""
"sdl3","libsdl-org/sdl","https://github.com/libsdl-org/sdl.git","native","0","11803","11803","0.00001139","D","zlib","gh/330008801",""
"xkbcomp","","https://gitlab.freedesktop.org/xorg/app/xkbcomp.git","native","0","5749","5749","0.00001136","D","hpnd and mit-open-group","gl/gitlab.freedesktop.org-516",""
"openbsd-inetd","","https://salsa.debian.org/md/openbsd-inetd.git","native","9294","0","12918","0.00001129","D","","gl/salsa.debian.org-28849",""
"akonadi-contacts","","https://invent.kde.org/pim/akonadi-contacts","native","8156","0","11336","0.00001124","D","","gl/invent.kde.org-2572",""
"kcalutils","","https://invent.kde.org/pim/kcalutils","native","7976","0","11086","0.00001105","D","","gl/invent.kde.org-2015",""
"libupnp","","","","9753","0","13556","0.00001096","D","","",""
"extra-cmake-modules","","https://invent.kde.org/frameworks/extra-cmake-modules","native","3178","0","4417","0.00001093","D","","gl/invent.kde.org-2609",""
"akonadi-mime","","https://invent.kde.org/pim/akonadi-mime","native","8162","0","11345","0.00001082","D","","gl/invent.kde.org-2687",""
"spirv-headers","khronosgroup/spirv-headers","https://github.com/khronosgroup/spirv-headers.git","native","0","4096","4096","0.00001065","D","mit","gh/56254015",""
"grantleetheme","","https://invent.kde.org/pim/grantleetheme","native","8179","0","11368","0.00001045","D","","gl/invent.kde.org-2626",""
"kontactinterface","","https://invent.kde.org/pim/kontactinterface","native","8060","0","11203","0.00001022","D","","gl/invent.kde.org-2213",""
"kmailtransport","","https://invent.kde.org/pim/kmailtransport","native","8110","0","11272","0.00001018","D","","gl/invent.kde.org-2606",""
"cgns","cgns/cgns","https://github.com/cgns/cgns.git","native","0","11781","11781","0.00001015","D","bsd-3-clause","gh/31683211",""
"mongo-c-driver","mongodb/mongo-c-driver","https://github.com/mongodb/mongo-c-driver.git","native","2452","0","3408","0.00000988","D","","gh/9735077",""
"messagelib","","https://invent.kde.org/pim/messagelib","native","8068","0","11214","0.00000981","D","","gl/invent.kde.org-2807",""
"kpimtextedit","","https://invent.kde.org/pim/kpimtextedit","native","8090","0","11245","0.00000965","D","","gl/invent.kde.org-2525",""
"kldap","","https://invent.kde.org/pim/kldap","native","8094","0","11250","0.00000964","D","","gl/invent.kde.org-2048",""
"akonadi-search","","https://invent.kde.org/pim/akonadi-search","native","7952","0","11053","0.00000961","D","","gl/invent.kde.org-2187",""
"openxr","khronosgroup/openxr-sdk-source","https://github.com/khronosgroup/openxr-sdk-source.git","native","837","0","1163","0.00000958","D","","gh/174538197",""
"debian:libncursesw5-dev","","","","4162","0","5785","0.00000957","D","","",""
"libkleo","","https://invent.kde.org/pim/libkleo","native","8148","0","11325","0.00000947","D","","gl/invent.kde.org-2783",""
"libdmtx","","","","5159","0","7171","0.00000932","D","","",""
"calendarsupport","","https://invent.kde.org/pim/calendarsupport","native","7920","0","11008","0.00000919","D","","gl/invent.kde.org-2268",""
"kmbox","","https://invent.kde.org/pim/kmbox","native","8156","0","11336","0.00000916","D","","gl/invent.kde.org-2375",""
"libharu","libharu/libharu","https://github.com/libharu/libharu.git","native","0","10428","10428","0.00000912","D","zlib","gh/96269",""
"kimap","","https://invent.kde.org/pim/kimap","native","7956","0","11058","0.00000911","D","","gl/invent.kde.org-2767",""
"kirigami-addons","","https://invent.kde.org/libraries/kirigami-addons/","native","6576","0","9140","0.00000906","D","","gl/invent.kde.org-2333",""
"ksmtp","","https://invent.kde.org/pim/ksmtp","native","7942","0","11039","0.00000896","D","","gl/invent.kde.org-2501",""
"eventviews","","https://invent.kde.org/pim/eventviews","native","7914","0","11000","0.00000892","D","","gl/invent.kde.org-2252",""
"libgravatar","","https://invent.kde.org/pim/libgravatar","native","8068","0","11214","0.00000890","D","","gl/invent.kde.org-2116",""
"clisp","","https://salsa.debian.org/common-lisp-team/clisp.git","native","0","6999","6999","0.00000888","D","gpl-2.0-or-later","gl/salsa.debian.org-12619",""
"nginx:http-geoip2","leev/ngx_http_geoip2_module","https://github.com/leev/ngx_http_geoip2_module.git","native","3554","0","4940","0.00000881","D","","gh/16393796",""
"libplasma","","https://invent.kde.org/plasma/libplasma","native","5067","0","7043","0.00000880","D","","gl/invent.kde.org-2485",""
"incidenceeditor","","https://invent.kde.org/pim/incidenceeditor","native","7914","0","11000","0.00000876","D","","gl/invent.kde.org-2645",""
"libkscreen","","https://invent.kde.org/plasma/libkscreen","native","7319","0","10173","0.00000876","D","","gl/invent.kde.org-2732",""
"qtcanvaspainter","","","","0","0","0","0.00000869","D","gpl-3.0-only and (gpl-3.0-only with qt-gpl-exception-1.0) and bsd-3-clause and zlib","",""
"qttasktree","","","","0","0","0","0.00000869","D","(lgpl-3.0-only or gpl-2.0-only or gpl-3.0-only) and bsd-3-clause","",""
"sg3-utils","","https://salsa.debian.org/linux-blocks-team/sg3-utils.git","native","3104","0","4314","0.00000864","D","","gl/salsa.debian.org-26862",""
"libksieve","","https://invent.kde.org/pim/libksieve","native","7908","0","10992","0.00000860","D","","gl/invent.kde.org-2289",""
"mailcommon","","https://invent.kde.org/pim/mailcommon","native","7881","0","10954","0.00000857","D","","gl/invent.kde.org-2529",""
"ktnef","","https://invent.kde.org/pim/ktnef","native","7870","0","10939","0.00000856","D","","gl/invent.kde.org-2753",""
"mailimporter","","https://invent.kde.org/pim/mailimporter","native","7881","0","10954","0.00000849","D","","gl/invent.kde.org-2596",""
"ell","","https://salsa.debian.org/debian/ell.git","native","936","0","1301","0.00000845","D","","gl/salsa.debian.org-25733",""
"egl-wayland","nvidia/egl-wayland","https://github.com/nvidia/egl-wayland.git","native","6957","0","9670","0.00000815","D","","gh/76882500",""
"lua:expat","lunarmodules/luaexpat","https://github.com/lunarmodules/luaexpat.git","native","69","0","95","0.00000813","D","","gh/459731197",""
"lua:bitop","","","","56","0","77","0.00000812","D","","",""
"libapplewm","","https://gitlab.freedesktop.org/xorg/lib/libapplewm.git","native","0","1169","1169","0.00000787","D","mit","gl/gitlab.freedesktop.org-696",""
"libb64","","https://salsa.debian.org/alteholz/libb64.git","native","4768","0","6627","0.00000779","D","","gl/salsa.debian.org-19603",""
"spamassassin","","https://salsa.debian.org/debian/spamassassin.git","native","5834","0","8109","0.00000750","D","","gl/salsa.debian.org-12607",""
"armadillo","","https://salsa.debian.org/science-team/armadillo.git","native","5282","0","7341","0.00000720","D","","gl/salsa.debian.org-3120",""
"rocr-runtime","rocm/rocr-runtime","https://github.com/rocm/rocr-runtime.git","native","2027","0","2817","0.00000707","D","","gh/50436853",""
"tevent","","https://salsa.debian.org/samba-team/tevent.git","native","0","4312","4312","0.00000688","D","lgpl-3.0-or-later","gl/salsa.debian.org-5911",""
"tcltk-defaults","","https://salsa.debian.org/tcltk-team/tcltk-defaults.git","native","5276","0","7333","0.00000676","D","","gl/salsa.debian.org-18017",""
"nginx:http-headers-more-filter","openresty/headers-more-nginx-module","https://github.com/openresty/headers-more-nginx-module.git","native","1391","0","1933","0.00000651","D","","gh/374483",""
"nginx:http-fancyindex","aperezdc/ngx-fancyindex","https://github.com/aperezdc/ngx-fancyindex.git","native","1365","0","1897","0.00000649","D","","gh/8378175",""
"nginx:http-lua","openresty/lua-nginx-module","https://github.com/openresty/lua-nginx-module.git","native","1357","0","1886","0.00000648","D","","gh/613829",""
"accounts-qml-module","","https://gitlab.com/accounts-sso/accounts-qml-module.git","native","4717","0","6556","0.00000648","D","","gl/222466",""
"libtlsrpt","sys4/libtlsrpt","https://github.com/sys4/libtlsrpt.git","native","4657","0","6473","0.00000644","D","","gh/924160614",""
"uhttpmock0","","https://gitlab.freedesktop.org/pwithnall/uhttpmock.git","native","18","0","25","0.00000643","D","","gl/gitlab.freedesktop.org-16743",""
"nginx:http-cache-purge","frickle/ngx_cache_purge","https://github.com/frickle/ngx_cache_purge.git","native","1291","0","1794","0.00000641","D","","gh/466680",""
"sdl3-ttf","libsdl-org/sdl_ttf","https://github.com/libsdl-org/sdl_ttf.git","native","0","7041","7041","0.00000639","D","","gh/337745832",""
"nginx:http-uploadprogress","masterzen/nginx-upload-progress-module","https://github.com/masterzen/nginx-upload-progress-module.git","native","1240","0","1723","0.00000635","D","","gh/42653",""
"nginx:nchan","slact/nchan","https://github.com/slact/nchan.git","native","1228","0","1706","0.00000634","D","","gh/274218",""
"tdb","","https://salsa.debian.org/samba-team/tdb.git","native","0","3543","3543","0.00000629","D","gpl-3.0-or-later","gl/salsa.debian.org-5910",""
"rocm-hipamd","rocm/clr","https://github.com/rocm/clr.git","native","2295","0","3190","0.00000628","D","","gh/607945289",""
"librelp","","https://salsa.debian.org/debian/librelp.git","native","1053","0","1463","0.00000619","D","","gl/salsa.debian.org-6049",""
"kpipewire","","https://invent.kde.org/plasma/kpipewire","native","5124","0","7122","0.00000571","D","","gl/invent.kde.org-1911",""
"debian:libilmbase-dev","","","","3443","0","4785","0.00000563","D","","",""
"ddcutil","","https://salsa.debian.org/debian/ddcutil.git","native","4061","0","5644","0.00000530","D","","gl/salsa.debian.org-93940",""
"czmq","","https://salsa.debian.org/debian/czmq.git","native","115","0","159","0.00000520","D","","gl/salsa.debian.org-19124",""
"baloo-widgets","","https://invent.kde.org/frameworks/baloo","native","3939","0","5475","0.00000483","D","","gl/invent.kde.org-2754",""
"cln","","","","2673","0","3715","0.00000446","D","","",""
"debian:libgpgme11-dev","","","","25","0","34","0.00000444","D","","",""
"onigmo","k-takata/onigmo","https://github.com/k-takata/onigmo.git","native","0","17","17","0.00000418","D","bsd-2-clause","gh/1875921",""
"kdiagram","","https://invent.kde.org/graphics/kdiagram","native","3181","0","4421","0.00000380","D","","gl/invent.kde.org-2615",""
"rocm-compilersupport","rocm/rocm-compilersupport","https://github.com/rocm/rocm-compilersupport.git","native","2329","0","3237","0.00000355","D","","gh/140881199",""
"superlu","xiaoyeli/superlu","https://github.com/xiaoyeli/superlu.git","native","2565","0","3565","0.00000348","D","","gh/51040874",""
"roct-thunk-interface","rocm/roct-thunk-interface","https://github.com/rocm/roct-thunk-interface.git","native","2032","0","2824","0.00000337","D","","gh/50442527",""
"coin-or-cbc","coin-or/cbc","https://github.com/coin-or/cbc.git","native","239","0","332","0.00000329","D","","gh/173509563",""
"libspf2","","","","1142","0","1587","0.00000327","D","","",""
"libmongocrypt","mongodb/libmongocrypt","https://github.com/mongodb/libmongocrypt.git","native","2098","0","2916","0.00000327","D","","gh/163867485",""
"lib2geom","","https://gitlab.com/inkscape/lib2geom.git","native","2308","0","3208","0.00000314","D","","gl/839044",""
"spice-protocol","","https://salsa.debian.org/qemu-team/spice-protocol.git","native","416","0","578","0.00000268","D","","gl/salsa.debian.org-27239",""
"nginx:http-ndk","vision5/ngx_devel_kit","https://github.com/vision5/ngx_devel_kit.git","native","1409","0","1958","0.00000260","D","","gh/492054",""
"ixion","","https://gitlab.com/ixion/ixion.git","native","99","0","137","0.00000250","D","","gl/186867",""
"libfyaml","pantoniou/libfyaml","https://github.com/pantoniou/libfyaml.git","native","0","744","744","0.00000246","D","mit","gh/208780361",""
"libopenraw","","https://salsa.debian.org/debian/libopenraw.git","native","638","0","886","0.00000239","D","","gl/salsa.debian.org-70401",""
"xfsprogs","","","","388","0","539","0.00000236","D","","",""
"libgepub","","https://salsa.debian.org/gnome-team/libgepub.git","native","411","0","571","0.00000215","D","","gl/salsa.debian.org-5301",""
"tinycdb","","","","537","0","746","0.00000207","D","","",""
"esnacc","","https://salsa.debian.org/debian/esnacc.git","native","19","0","26","0.00000162","D","","gl/salsa.debian.org-29376",""
"wpewebkit","","https://salsa.debian.org/webkit-team/webkit.git","native","98","0","136","0.00000135","D","","gl/salsa.debian.org-21018",""
"coin-or-coinutils","coin-or/coinutils","https://github.com/coin-or/coinutils.git","native","258","0","358","0.00000119","D","","gh/173466792",""
"ffcall","","https://salsa.debian.org/common-lisp-team/ffcall.git","native","0","531","531","0.00000082","D","","gl/salsa.debian.org-12983",""
"coin-or-osi","coin-or/osi","https://github.com/coin-or/osi.git","native","252","0","350","0.00000080","D","","gh/173476455",""
"clp","","https://salsa.debian.org/science-team/clp.git","native","247","0","343","0.00000077","D","","gl/salsa.debian.org-3173",""
"intelrdfpmath","","https://salsa.debian.org/debian/intelrdfpmath.git","native","45","0","62","0.00000075","D","","gl/salsa.debian.org-51301",""
"coin-or-cgl","coin-or/cgl","https://github.com/coin-or/cgl.git","eco","233","0","323","0.00000065","D","","gh/173502902",""
