"package","github","gitlab","bitbucket","sourcehut","codeberg","custom","eco_guess","llm_guess"
"3270-common","","","","","","","",""
"389-ds-base","","","","","","","",""
"3dchess","","","","","","","",""
"4g8","","","","","","","",""
"4ti2","","","","","","","",""
"7zip","","","","","","","",""
"9base","","","","","","","",""
"9menu","https://github.com/arnoldrobbins/9menu.git","","","","","","",""
"9mount","","","","","","","",""
"a2jmidid","https://github.com/linuxaudio/a2jmidid.git","","","","","","",""
"a52dec","","","","","","","",""
"a56","","","","","","","",""
"aajm","","","","","","","",""
"aalib","","","","","","","",""
"aaphoto","","","","","","","",""
"abby","","","","","","","",""
"abe","","","","","","","",""
"abiword","","https://gitlab.gnome.org/world/abiword.git","","","","","",""
"abiword-plugin-mathview","","","","","","","",""
"abook","","","","","","","",""
"abootimg","https://github.com/ggrandou/abootimg.git","","","","","","",""
"abr2gbr","","","","","","","",""
"abraca","","","","","","","",""
"abseil","","","","","","","",""
"abuse","","","","","","","",""
"accel-config","https://github.com/intel/idxd-config.git","","","","","","",""
"accounts-qml-module","","https://gitlab.com/accounts-sso/accounts-qml-module.git","","","","","",""
"accountsservice","","","","","","","",""
"ace","","","","","","","",""
"acetoneiso","","","","","","","",""
"acl","","","","","","","",""
"acpi-support","","","","","","","",""
"acpid","","","","","","","",""
"acpitail","","","","","","","",""
"acsccid","","","","","","","",""
"actor-framework","","","","","","","",""
"ada-bar-codes","","","","","","","",""
"adacgi","","","","","","","",""
"adanaxisgpl","","","","","","","",""
"adasockets","","","","","","","",""
"adduser","","","","","","","",""
"adept","","","","","","","",""
"adios2","https://github.com/ornladios/adios2.git","","","","","","",""
"admesh","https://github.com/admesh/admesh.git","","","","","","",""
"adms","https://github.com/qucs/adms.git","","","","","","",""
"adns","","","","","","","",""
"adolc","","","","","","","",""
"adplug","","","","","","","",""
"advancecomp","","","","","","","",""
"adwaita-icon-theme","","","","","","","",""
"adwaita-qt","https://github.com/fedoraqt/adwaita-qt.git","","","","","","",""
"aegis","","","","","","","",""
"aegis-web","","","","","","","",""
"aeolus","","","","","","","",""
"aes2501-wy","","","","","","","",""
"aesfix","","","","","","","",""
"aeskeyfind","","","","","","","",""
"aeskulap","","","","","","","",""
"aewan","","","","","","","",""
"aewm++","https://github.com/frankhale/aewmpp.git","","","","","","",""
"aewm++-goodies","","","","","","","",""
"afflib","https://github.com/sshock/afflibv3.git","","","","","","",""
"afnix","","","","","","","",""
"afterstep","","","","","","","",""
"afuse","https://github.com/pcarrier/afuse.git","","","","","","",""
"agave","","","","","","","",""
"agda-stdlib","","","","","","","",""
"agedu","","","","","","","",""
"agg","","","","","","","",""
"aggregate","","","","","","","",""
"aglfn","","","","","","","",""
"agrep","","","","","","","",""
"aha","https://github.com/theziz/aha.git","","","","","","",""
"ahcpd","","","","","","","",""
"ahven","","","","","","","",""
"aiccu","","","","","","","",""
"aide","","","","","","","",""
"aide-xen","","","","","","","",""
"aiksaurus","","","","","","","",""
"aircrack-ng","","","","","","","",""
"airspyhf","","","","","","","",""
"airspyone-host","","","","","","","",""
"airstrike","","","","","","","",""
"aisleriot","","","","","","","",""
"akonadi","","","","","","https://invent.kde.org/pim/akonadi","",""
"akonadi-backend-sqlite","","","","","","","",""
"akonadi-calendar","","","","","","https://invent.kde.org/pim/akonadi-calendar","",""
"akonadi-calendar-tools","","","","","","https://invent.kde.org/pim/akonadi-calendar-tools","",""
"akonadi-contacts","","","","","","https://invent.kde.org/pim/akonadi-contacts","",""
"akonadi-contacts-data","","","","","","","",""
"akonadi-import-wizard","","","","","","https://invent.kde.org/pim/akonadi-import-wizard","",""
"akonadi-kde-resource-googledata","","","","","","","",""
"akonadi-mime","","","","","","https://invent.kde.org/pim/akonadi-mime","",""
"akonadi-mime-data","","","","","","","",""
"akonadi-search","","","","","","https://invent.kde.org/pim/akonadi-search","",""
"akonadiconsole","","","","","","https://invent.kde.org/pim/akonadiconsole","",""
"akregator","","","","","","","",""
"alarm-clock-applet","","","","","","","",""
"alarm-clock-applet-gconf-migration","","","","","","","",""
"alberta","","","","","","","",""
"aldo","","","","","","","",""
"ale","","","","","","https://repo.or.cz/ale.git","",""
"alex4","","","","","","","",""
"alex4-data","","","","","","","",""
"alglib","","","","","","","",""
"alien-arena","","","","","","","",""
"alien-arena-server","","","","","","","",""
"alienblaster","","","","","","","",""
"alkimia","","","","","","https://invent.kde.org/office/alkimia","",""
"allegro4.4","","","","","","","",""
"allegro5","","","","","","","",""
"alleyoop","","","","","","","",""
"alltray","","","","","","","",""
"almanah","","","","","","","",""
"alpine","","","","","","","",""
"alsa-lib","","","","","","","",""
"alsa-plugins","","","","","","","",""
"alsa-source","","","","","","","",""
"alsa-tools","","","","","","","",""
"alsa-topology-conf","","","","","","","",""
"alsa-ucm-conf","","","","","","","",""
"alsa-utils","","","","","","","",""
"alsaequal","","","","","","","",""
"alsamixergui","","","","","","","",""
"alsaplayer","","","","","","","",""
"alsoft-conf","","","","","","","",""
"altermime","","","","","","","",""
"altree","","https://gitlab.inria.fr/ngs/altree.git","","","","","",""
"alure","","","","","","","",""
"amanda","","","","","","","",""
"amanda-common","","","","","","","",""
"amap-align","https://github.com/mes5k/amap-align.git","","","","","","",""
"amarok","","","","","","","",""
"amb-plugins","","","","","","","",""
"ambdec","","","","","","","",""
"amdsmi","https://github.com/rocm/amdsmi.git","","","","","","",""
"ament-cmake","","","","","","","",""
"ament-cmake-core","","","","","","","",""
"amideco","","","","","","","",""
"amiwm","","","","","","","",""
"aml","https://github.com/any1/aml.git","","","","","","",""
"amoeba","","","","","","","",""
"amor","","","","","","","",""
"amora-applet","","","","","","","",""
"amora-server","","","","","","","",""
"amphetamine","","","","","","","",""
"amphetamine-data","","","","","","","",""
"ample","","","","","","","",""
"amsynth","","","","","","","",""
"amtterm","","","","","","","",""
"amule","","","","","","","",""
"an","","https://salsa.debian.org/pm/an.git","","","","","",""
"anacron","","","","","","","",""
"analitza","","","","","","https://invent.kde.org/education/analitza","",""
"ancient","https://github.com/temisu/ancient.git","","","","","","",""
"and","","","","","","","",""
"android-platform-art","","","","","","","",""
"android-platform-external-boringssl","","","","","","","",""
"android-platform-external-libselinux","","","","","","","",""
"android-platform-external-libunwind","","","","","","","",""
"android-platform-frameworks-base","","","","","","","",""
"android-platform-libcore","","","","","","","",""
"android-platform-system-extras","","","","","","","",""
"android-platform-tools","","","","","","","",""
"anet","","","","","","","",""
"angband","","","","","","","",""
"angelscript","","","","","","","",""
"animals","","","","","","","",""
"anjuta","","","","","","","",""
"anjuta-common","","","","","","","",""
"ann","","","","","","","",""
"anon-proxy","","","","","","","",""
"anthy","","","","","","","",""
"antigrav","","","","","","","",""
"antiword","","","","","","","",""
"antlr","","","","","","","",""
"antlr4-cpp-runtime","","","","","","","",""
"ants","","","","","","","",""
"anypaper","","","","","","","",""
"anyremote","","","","","","","",""
"anytun","","","","","","","",""
"aoeui","https://github.com/pklausler/aoeui.git","","","","","","",""
"aoflagger","","","","","","","",""
"aolserver4-daemon","","","","","","","",""
"aolserver4-nsmysql","","","","","","","",""
"aom","","","","","","","",""
"apache2","","","","","","","",""
"apache2-api-20120211","","","","","","","",""
"apache2-prefork-dev","","","","","","","",""
"apache2-threaded-dev","","","","","","","",""
"apache2.2-common","","","","","","","",""
"apachetop","https://github.com/tessus/apachetop.git","","","","","","",""
"apbs","","","","","","","",""
"apertium","","","","","","","",""
"apertium-lex-tools","","","","","","","",""
"apophenia","","","","","","","",""
"apparix","","","","","","","",""
"apparmor","","","","","","","",""
"appmenu-gtk-module","https://github.com/rilian-la-te/vala-panel-appmenu.git","","","","","","",""
"appstream","","","","","","","",""
"appstream-glib","https://github.com/hughsie/appstream-glib.git","","","","","","",""
"apr","","","","","","","",""
"apr-util","","","","","","","",""
"apriltag","","","","","","","",""
"apt","","","","","","","",""
"apt-cacher-ng","","","","","","","",""
"apt-dater","https://github.com/de-ibh/apt-dater.git","","","","","","",""
"apt-transport-debtorrent","","","","","","","",""
"aptitude","","","","","","","",""
"apvlv","","","","","","","",""
"aqemu","https://github.com/tobimensch/aqemu.git","","","","","","",""
"aqualung","","","","","","","",""
"ara","","","","","","","",""
"aranym","","","","","","","",""
"aravis","","","","","","","",""
"ardour","","","","","","","",""
"ardour-i686","","","","","","","",""
"ardour3","","","","","","","",""
"argh","https://github.com/adishavit/argh.git","","","","","","",""
"argon2","https://github.com/p-h-c/phc-winner-argon2.git","","","","","","",""
"argtable2","","","","","","","",""
"aria2","","","","","","","",""
"aribb24","https://github.com/nkoriyama/aribb24.git","","","","","","",""
"arj","","","","","","","",""
"ark","","","","","","","",""
"arm-compute-library","https://github.com/arm-software/computelibrary.git","","","","","","",""
"armada-backlight","","","","","","","",""
"armadillo","","","","","","","",""
"armagetronad","","","","","","","",""
"armagetronad-common","","","","","","","",""
"armci-mpi","https://github.com/pmodels/armci-mpi.git","","","","","","",""
"aroarfw-dev","","","","","","","",""
"arora","","","","","","","",""
"arp-scan","https://github.com/royhills/arp-scan.git","","","","","","",""
"arpack","https://github.com/opencollab/arpack-ng.git","","","","","","",""
"arpack++","","","","","","","",""
"arping","","","","","","","",""
"arpon","","","","","","","",""
"arptables","","","","","","","",""
"arpwatch","","","","","","","",""
"artha","","","","","","","",""
"as31","","","","","","","",""
"asc","","","","","","","",""
"ascii","","","","","","","",""
"asciidoc-common","","","","","","","",""
"asciijump","","","","","","","",""
"asclock","","","","","","","",""
"asedriveiiie","","","","","","","",""
"aseprite","","","","","","","",""
"ash","","","","","","","",""
"asio","","","","","","","",""
"asl","","","","","","","",""
"asmjit","https://github.com/asmjit/asmjit.git","","","","","","",""
"aspectc++","","","","","","","",""
"aspell","","","","","","","",""
"aspic","","","","","","","",""
"assaultcube","","","","","","","",""
"assimp","","","","","","","",""
"assogiate","","","","","","","",""
"astc-encoder","https://github.com/arm-software/astc-encoder.git","","","","","","",""
"asterisk","","","","","","","",""
"asterisk-config","","","","","","","",""
"asterisk-dahdi","","","","","","","",""
"asterisk-dev","","","","","","","",""
"asterisk-doc","","","","","","","",""
"asterisk-mobile","","","","","","","",""
"asterisk-modules","","","","","","","",""
"asterisk-mp3","","","","","","","",""
"asterisk-mysql","","","","","","","",""
"asterisk-ooh323","","","","","","","",""
"asterisk-tests","","","","","","","",""
"asterisk-voicemail","","","","","","","",""
"asterisk-voicemail-imapstorage","","","","","","","",""
"asterisk-voicemail-odbcstorage","","","","","","","",""
"asterisk-vpb","","","","","","","",""
"astrometry.net","","","","","","","",""
"astyle","","","","","","","",""
"asunder","","","","","","","",""
"asyncfuture","https://github.com/vpicaver/asyncfuture.git","","","","","","",""
"at","","","","","","","",""
"at-spi","","","","","","","",""
"at-spi2-common","","","","","","","",""
"at-spi2-core","","","","","","","",""
"aterm","","","","","","","",""
"aterm-ml","","","","","","","",""
"atf","https://github.com/freebsd/atf.git","","","","","","",""
"athena-jot","","","","","","","",""
"atitvout","","","","","","","",""
"atkmm1.6","","","","","","","",""
"atlas-ecmwf","https://github.com/ecmwf/atlas.git","","","","","","",""
"atomicparsley","https://github.com/wez/atomicparsley.git","","","","","","",""
"atomix","","","","","","","",""
"atril","","","","","","","",""
"atris","","","","","","","",""
"attal","","","","","","","",""
"attica-kf5","","","","","","https://invent.kde.org/frameworks/attica","",""
"attr","","","","","","","",""
"aubio","","","","","","","",""
"audacious","","","","","","","",""
"audacious-plugins","","","","","","","",""
"audex","","","","","","","",""
"audiofile","","","","","","","",""
"audiopreview","","","","","","","",""
"audit","","","","","","","",""
"audtty","","","","","","","",""
"aufs-tools","","","","","","","",""
"augeas","","","","","","","",""
"augeas-lenses","","","","","","","",""
"augeas-tools","","","","","","","",""
"aumix","","","","","","","",""
"aumix-gtk","","","","","","","",""
"authselect","https://github.com/authselect/authselect.git","","","","","","",""
"autobahn-cpp","","","","","","","",""
"autoconf","","","","","","","",""
"autocutsel","","","","","","","",""
"autodocksuite","","","","","","","",""
"autofs","","","","","","","",""
"autofs5","","","","","","","",""
"autogen","","","","","","","",""
"automake","","","","","","","",""
"automake-1.17","","","","","","","",""
"automoc","","","","","","","",""
"autoproject","","","","","","","",""
"autossh","","","","","","","",""
"autotrace","","","","","","","",""
"avahi","","","","","","","",""
"avant-window-navigator-data","","","","","","","",""
"avarice","","","","","","","",""
"avce00","","","","","","","",""
"avfs","","","","","","","",""
"avifile","","","","","","","",""
"avinfo","","","","","","","",""
"avogadrolibs","","","","","","","",""
"avr-evtd","https://github.com/rbrito/avr-evtd.git","","","","","","",""
"avr-libc","","","","","","","",""
"avra","https://github.com/ro5bert/avra.git","","","","","","",""
"avrdude","https://github.com/avrdudes/avrdude.git","","","","","","",""
"avro-c","","","","","","","",""
"awardeco","","","","","","","",""
"awesome","","","","","","","",""
"awffull","","","","","","","",""
"axc","https://github.com/gkdr/axc.git","","","","","","",""
"axel","https://github.com/axel-download-accelerator/axel.git","","","","","","",""
"ayatana-ido","https://github.com/ayatanaindicators/ayatana-ido.git","","","","","","",""
"ayatana-indicator-messages","https://github.com/ayatanaindicators/ayatana-indicator-messages.git","","","","","","",""
"ayttm","","","","","","","",""
"b43-fwcutter","","","","","","","",""
"babeld","","","","","","","",""
"babeltrace","","","","","","","",""
"babeltrace2","","","","","","","",""
"babl","","","","","","","",""
"backfire-dkms","","","","","","","",""
"backward-cpp","https://github.com/bombela/backward-cpp.git","","","","","","",""
"bacula","","","","","","","",""
"bacula-common-sqlite3","","","","","","","",""
"bacula-sd-mysql","","","","","","","",""
"balance","","","","","","","",""
"ballz","","","","","","","",""
"baloo-kf5","","","","","","https://invent.kde.org/frameworks/baloo","",""
"baloo-widgets","","","","","","https://invent.kde.org/frameworks/baloo","",""
"baloo6","","","","","","","",""
"balsa","","","","","","","",""
"bambamc","https://github.com/gt1/bambamc.git","","","","","","",""
"bamf","","","","","","","",""
"bamtools","https://github.com/pezmaster31/bamtools.git","","","","","","",""
"bandwidthd","","","","","","","",""
"bangarang","","","","","","","",""
"bar","","","","","","","",""
"barada-pam","","","","","","","",""
"barcode","","","","","","","",""
"barrage","","","","","","","",""
"barry-util","","","","","","","",""
"barrybackup-gui","","","","","","","",""
"bart","","","","","","","",""
"base-files","","","","","","","",""
"base-passwd","","","","","","","",""
"base16384","https://github.com/fumiama/base16384.git","","","","","","",""
"bash","","","","","","","",""
"bash-argsparse","","","","","","","",""
"basic256","","","","","","","",""
"basket","","","","","","","",""
"bastet","","","","","","","",""
"batctl","","","","","","","",""
"batmand","","","","","","","",""
"bats-support","https://github.com/bats-core/bats-support.git","","","","","","",""
"bbdb","","","","","","","",""
"bbhash","https://github.com/rizkg/bbhash.git","","","","","","",""
"bbmail","","","","","","","",""
"bbpager","","","","","","","",""
"bbrun","","","","","","","",""
"bbtime","","","","","","","",""
"bc","","","","","","","",""
"bc-ur","https://github.com/blockchaincommons/bc-ur.git","","","","","","",""
"bcalm","","","","","","","",""
"bcg729","https://github.com/belledonnecommunications/bcg729.git","","","","","","",""
"bchunk","","","","","","","",""
"bcm2835","","","","","","","",""
"bcmatroska2","","https://gitlab.linphone.org/bc/public/bcmatroska2.git","","","","","",""
"bcpp","","","","","","","",""
"bcpp-dbg","","","","","","","",""
"bcron","","","","","","","",""
"bcrypt","","","","","","","",""
"bctoolbox","","https://gitlab.linphone.org/bc/public/bctoolbox.git","","","","","",""
"bdf2psf","","","","","","","",""
"beanstalkd","https://github.com/beanstalkd/beanstalkd.git","","","","","","",""
"bear","https://github.com/rizsotto/bear.git","","","","","","",""
"bearssl","","","","","","","",""
"beast-mcmc","","","","","","","",""
"bedtools","https://github.com/arq5x/bedtools2.git","","","","","","",""
"beef","","","","","","","",""
"beep","https://github.com/spkr-beep/beep.git","","","","","","",""
"belcard","","https://gitlab.linphone.org/bc/public/belcard.git","","","","","",""
"belle-sip","","","","","","","",""
"belr","","","","","","","",""
"bemenu","https://github.com/cloudef/bemenu.git","","","","","","",""
"benchmark","https://github.com/google/benchmark.git","","","","","","",""
"berusky2","","","","","","","",""
"berusky2-data","","","","","","","",""
"between","","","","","","","",""
"bfbtester","","","","","","","",""
"bglibs","","","","","","","",""
"bgoffice","","","","","","","",""
"bibclean","","","","","","","",""
"biblesync","https://github.com/karlkleinpaste/biblesync.git","","","","","","",""
"bibletime","","","","","","","",""
"bibtool","","","","","","","",""
"bibutils","","","","","","","",""
"bidiv","","","","","","","",""
"bifrost","https://github.com/pmelsted/bifrost.git","","","","","","",""
"billard-gl","","","","","","","",""
"biloba","","","","","","","",""
"binclock","","","","","","","",""
"bind9","","","","","","","",""
"bind9utils","","","","","","","",""
"bindfs","","","","","","","",""
"biniax2","","","","","","","",""
"binkd","","","","","","","",""
"bino","","","","","","","",""
"binutils","","","","","","","",""
"binutils-avr","","","","","","","",""
"binutils-h8300-hms","","","","","","","",""
"binutils-i686-kfreebsd-gnu","","","","","","","",""
"binutils-i686-kfreebsd-gnu-dbg","","","","","","","",""
"binutils-ia64-linux-gnu","","","","","","","",""
"binutils-ia64-linux-gnu-dbg","","","","","","","",""
"binutils-mingw-w64","","","","","","","",""
"binutils-mipsen","","","","","","","",""
"binutils-x86-64-kfreebsd-gnu","","","","","","","",""
"binutils-x86-64-kfreebsd-gnu-dbg","","","","","","","",""
"binutils-z80","","","","","","","",""
"biometric-authentication","https://github.com/ukui/biometric-authentication.git","","","","","","",""
"biometryd","","https://gitlab.com/ubports/development/core/biometryd.git","","","","","",""
"bioperl","","","","","","","",""
"biosig","","","","","","","",""
"biosquid","","","","","","","",""
"biosquid-dev","","","","","","","",""
"bip","","","","","","","",""
"bird6","","","","","","","",""
"bison","","","","","","","",""
"bisonc++","","","","","","https://fbb-git.gitlab.io/bisoncpp/","",""
"bitcoin-qt","","","","","","","",""
"bitlbee","","","","","","","",""
"bitmeter","","","","","","","",""
"bitpim-lib","","","","","","","",""
"bitshuffle","https://github.com/kiyo-masui/bitshuffle.git","","","","","","",""
"bitstormlite","","","","","","","",""
"bitstream","","","","","","","",""
"bittwist","","","","","","","",""
"black-box","","","","","","","",""
"blackbox","","","","","","","",""
"bladerf","","","","","","","",""
"blahtexml","","","","","","","",""
"blaspp","https://github.com/icl-utk-edu/blaspp.git","","","","","","",""
"blast2","","","","","","","",""
"blcr-dkms","","","","","","","",""
"blcr-util","","","","","","","",""
"blender","","","","","","","",""
"blinken","","","","","","","",""
"blis","https://github.com/flame/blis.git","","","","","","",""
"bliss","","","","","","","",""
"blitz++","https://github.com/blitzpp/blitz.git","","","","","","",""
"blktrace","","","","","","https://git.kernel.org/pub/scm/linux/kernel/git/axboe/blktrace.git/about/","",""
"blobandconquer","","","","","","","",""
"blobby","","","","","","","",""
"bloboats","","","","","","","",""
"blobwars","","","","","","","",""
"blockattack","","","","","","","",""
"blocks-of-the-undead","","","","","","","",""
"blogilo","","","","","","","",""
"blt","","","","","","","",""
"blt-dev","","","","","","","",""
"bluedevil","","","","","","https://invent.kde.org/plasma/bluedevil","",""
"bluefish","","","","","","","",""
"bluemon","","","","","","","",""
"bluez","","","","","","","",""
"bluez-alsa","https://github.com/arkq/bluez-alsa.git","","","","","","",""
"bluez-qt","","","","","","https://invent.kde.org/frameworks/bluez-qt","",""
"bluez-utils","","","","","","","",""
"bmagic","","","","","","","",""
"bmf","","","","","","","",""
"bmon","","","","","","","",""
"bmusb","","","","","","","",""
"boa","","","","","","","",""
"boats","","","","","","","",""
"bobcat","","","","","","https://fbb-git.gitlab.io/bobcat/","",""
"bobot++","","","","","","","",""
"bochs","","","","","","","",""
"bogl","","","","","","","",""
"bogl-utils","","","","","","","",""
"bogofilter","","","","","","","",""
"boinc","","","","","","","",""
"boinc-app-seti","","","","","","","",""
"boinc-client-nvidia-cuda","","","","","","","",""
"boinc-client-opencl","","","","","","","",""
"boinc-virtualbox","","","","","","","",""
"bomber","","","","","","","",""
"bomstrip","","","","","","","",""
"bonnie++","","","","","","","",""
"boolector","","","","","","","",""
"boolstuff","","","","","","","",""
"boost-defaults","","","","","","","",""
"boost-ext-ut","","","","","","","",""
"boost1.83","","","","","","","",""
"boost1.88","","","","","","","",""
"bosh","","","","","","","",""
"boswars","","","","","","","",""
"botan","","","","","","","",""
"botan3","","","","","","","",""
"bottlerocket","","","","","","","",""
"bouml","","","","","","","",""
"bovo","","","","","","","",""
"bowtie","","","","","","","",""
"box2d","","","","","","","",""
"boxes","","","","","","","",""
"boxfort","https://github.com/snaipe/criterion.git","","","","","","",""
"boxshade","","","","","","","",""
"bozohttpd","","","","","","","",""
"bpfcc","https://github.com/iovisor/bcc.git","","","","","","",""
"bpftune","https://github.com/oracle/bpftune.git","","","","","","",""
"bppsuite","","","","","","","",""
"brainparty","","","","","","","",""
"branca","","","","","","","",""
"brasero","","","","","","","",""
"brasero-common","","","","","","","",""
"breeze","","","","","","","",""
"breeze-icon-theme","","","","","","","",""
"breeze-icon-theme-rcc","","","","","","","",""
"briquolo","","","","","","","",""
"bristol","","","","","","","",""
"brltty","","","","","","","",""
"broadcom-sta-source","","","","","","","",""
"brotli","https://github.com/google/brotli.git","","","","","","",""
"browser-history","","","","","","","",""
"browser-plugin-gnash","","","","","","","",""
"bsd-mailx","","","","","","","",""
"bsdcpio","","","","","","","",""
"bsdgames","","","","","","","",""
"bsdgames-nonfree","","","","","","","",""
"bsdiff","","","","","","","",""
"bsdmainutils","","","","","","","",""
"bsdtar","","","","","","","",""
"bsfilter","","","","","","","",""
"bsnes","","","","","","","",""
"btanks","","","","","","","",""
"bti","","","","","","","",""
"btllib","https://github.com/bcgsc/btllib.git","","","","","","",""
"btrfs-progs","","","","","","","",""
"btrfs-tools","","","","","","","",""
"btscanner","","https://salsa.debian.org/pkg-security-team/btscanner.git","","","","","",""
"bubblewrap","","","","","","","",""
"buddy","","","","","","","",""
"budgie-desktop","https://github.com/buddiesofbudgie/budgie-desktop.git","","","","","","",""
"buffy","","","","","","","",""
"bugsx","","","","","","","",""
"build-essential","","","","","","","",""
"buildtorrent","","","","","","","",""
"bullet","","","","","","","",""
"bulletml","","","","","","","",""
"bup","https://github.com/bup/bup.git","","","","","","",""
"burgerspace","","","","","","","",""
"burner-common","","","","","","","",""
"busybox","","","","","","","",""
"buteo-sync-plugin-caldav","https://github.com/sailfishos/buteo-sync-plugin-caldav.git","","","","","","",""
"buteo-sync-plugins-social","https://github.com/sailfishos/buteo-sync-plugins-social.git","","","","","","",""
"buteo-syncfw","https://github.com/sailfishos/buteo-syncfw.git","","","","","","",""
"buteo-syncfw-qml","","https://gitlab.com/ubports/core/buteo-syncfw-qml.git","","","","","",""
"buzztard","","","","","","","",""
"buzztard-bsl","","","","","","","",""
"bwa","","","","","","","",""
"bwidget","","","","","","","",""
"bwm-ng","","","","","","","",""
"byacc","","","","","","","",""
"byacc-j","","","","","","","",""
"byzanz","","https://gitlab.gnome.org/archive/byzanz.git","","","","","",""
"bzip2","","","","","","https://sourceware.org/bzip2/","",""
"bzip3","https://github.com/kspalaiologos/bzip3.git","","","","","","",""
"bzrtp","","","","","","","",""
"c-ares","","","","","","","",""
"c-blosc","","","","","","","",""
"c-blosc2","","","","","","","",""
"c-icap","","","","","","","",""
"c-icap-modules","","","","","","","",""
"c-munipack","","","","","","","",""
"c-vtapi","https://github.com/virustotal/c-vtapi.git","","","","","","",""
"c2html","","","","","","","",""
"ca-certificates","","","","","","","",""
"cableswig","","","","","","","",""
"cachefilesd","","","","","","","",""
"cacti","","","","","","","",""
"cacti-spine","","","","","","","",""
"cadabra","","","","","","","",""
"cadaver","https://github.com/notroj/cadaver.git","","","","","","",""
"cadencii","","","","","","","",""
"cadical","","","","","","","",""
"cairo","","","","","","","",""
"cairo-5c","","","","","","","",""
"cairo-clock","","","","","","","",""
"cairo-dock","","","","","","","",""
"cairo-ocaml","","","","","","","",""
"cairomm","","","","","","","",""
"cairomm1.16","","","","","","","",""
"caja","","","","","","","",""
"caja-actions","https://github.com/mate-desktop/caja-actions.git","","","","","","",""
"cal3d","","","","","","","",""
"calceph","","","","","","","",""
"calcurse","","","","","","","",""
"calendarsupport","","","","","","https://invent.kde.org/pim/calendarsupport","",""
"calibre","","","","","","","",""
"callaudiod","","https://gitlab.com/mobian1/callaudiod.git","","","","","",""
"calligra","","","","","","","",""
"camitk","","","","","","","",""
"camitk-config","","","","","","","",""
"camp","https://github.com/ircad/camp.git","","","","","","",""
"canl-c","https://github.com/cesnet/canl-c.git","","","","","","",""
"canlock","","","","","","","",""
"canna","","","","","","","",""
"canorus","","","","","","","",""
"canto","","","","","","","",""
"cantor","","","","","","","",""
"cantor-backend-julia","","","","","","","",""
"capiutils","","","","","","","",""
"capnproto","","","","","","","",""
"caps","","","","","","","",""
"capstone","","","","","","","",""
"care","","","","","","","",""
"caribou","","","","","","","",""
"casacore","","","","","","","",""
"casilda","","https://gitlab.gnome.org/jpu/casilda.git","","","","","",""
"cassiopee","https://github.com/osallou/cassiopee-c.git","","","","","","",""
"catcodec","https://github.com/openttd/catcodec.git","","","","","","",""
"cattle-1.0","","","","","","","",""
"cb2bib","","","","","","","",""
"cbflib","","","","","","","",""
"cbios","","","","","","","",""
"cbm","https://github.com/resurrecting-open-source-projects/cbm.git","","","","","","",""
"cbrpager","","","","","","","",""
"ccache","","","","","","","",""
"cccc","https://github.com/sarnold/cccc.git","","","","","","",""
"cccl","https://github.com/nvidia/cccl.git","","","","","","",""
"ccfits","","","","","","","",""
"ccid","","","","","","","",""
"cclive","","","","","","","",""
"ccontrol","","","","","","","",""
"cconv","","","","","","","",""
"cctbx","https://github.com/cctbx/cctbx_project.git","","","","","","",""
"cctz","https://github.com/google/cctz.git","","","","","","",""
"cd-discid","","","","","","","",""
"cd5","","","","","","","",""
"cdargs","","","","","","","",""
"cdck","","","","","","","",""
"cdcover","https://github.com/karlp/cdcover.git","","","","","","",""
"cdde","","","","","","","",""
"cddlib","https://github.com/cddlib/cddlib.git","","","","","","",""
"cdebconf","","","","","","","",""
"cdebootstrap","","","","","","","",""
"cdo","","","","","","","",""
"cdparanoia","","","","","","","",""
"cdrdao","","","","","","","",""
"cdrkit","","","","","","","",""
"cdw","","","","","","","",""
"ceferino","","","","","","","",""
"cegui-mk2","","","","","","","",""
"celestia-glut","","","","","","","",""
"celestia-gnome","","","","","","","",""
"cellwriter","","","","","","","",""
"centerim","","","","","","","",""
"ceph","","","","","","","",""
"ceres-solver","","","","","","","",""
"cervisia","","","","","","","",""
"cfengine2","","","","","","","",""
"cfengine3","","","","","","","",""
"cfitsio","","","","","","","",""
"cflow","","","","","","","",""
"cfortran","","","","","","","",""
"cg3","","","","","","","",""
"cgal","","","","","","","",""
"cgdb","","","","","","","",""
"cget","","","","","","","",""
"cgiemail","","","","","","","",""
"cgif","https://github.com/dloebl/cgif.git","","","","","","",""
"cgilib","","","","","","","",""
"cglm","https://github.com/recp/cglm.git","","","","","","",""
"cgoban","","","","","","","",""
"cgreen","https://github.com/cgreen-devs/cgreen.git","","","","","","",""
"cgroup-bin","","","","","","","",""
"cgsi-gsoap","","","","","","","",""
"chafa","","","","","","","",""
"charls","https://github.com/team-charls/charls.git","","","","","","",""
"charybdis","","","","","","","",""
"chasen","","","","","","","",""
"chealpix","","","","","","","",""
"check","","","","","","","",""
"check-dfsg-status","","","","","","","",""
"checkinstall","","","","","","","",""
"checkmp3","","","","","","","",""
"cheese","","","","","","","",""
"cheese-common","","","","","","","",""
"chemeq","","","","","","","",""
"chemtool","","","","","","","",""
"cherokee","","","","","","","",""
"chicken","","","","","","","",""
"chillispot","","","","","","","",""
"chipmunk","","","","","","","",""
"chise-base","","","","","","","",""
"chise-db","","","","","","","",""
"chkrootkit","","","","","","","",""
"chktex","","","","","","","",""
"chmlib","https://github.com/jedwing/chmlib.git","","","","","","",""
"chmsee","","","","","","","",""
"chocolate-doom","","","","","","","",""
"choosewm","","","","","","","",""
"choqok","","","","","","","",""
"chordpro","","","","","","","",""
"choreonoid","","","","","","","",""
"chromaprint","","","","","","","",""
"chromium","","","","","","","",""
"chromium-browser","","","","","","","",""
"chromium-bsu","","","","","","","",""
"chrony","","","","","","","",""
"chrpath","","","","","https://codeberg.org/pere/chrpath.git","","",""
"cif-api","https://github.com/comcifs/cif_api.git","","","","","","",""
"cifs-utils","","","","","","","",""
"ciftilib","https://github.com/washington-university/ciftilib.git","","","","","","",""
"cimfomfa","","","","","","","",""
"cimg","","","","","","","",""
"cinnamon-control-center","","","","","","","",""
"cinnamon-core","","","","","","","",""
"cinnamon-desktop","","","","","","","",""
"cinnamon-desktop-data","","","","","","","",""
"cinnamon-menus","","","","","","","",""
"citadel-client","","","","","","","",""
"civetweb","https://github.com/civetweb/civetweb.git","","","","","","",""
"cjk-latex","","","","","","","",""
"cjose","https://github.com/openidc/cjose.git","","","","","","",""
"cjs","https://github.com/linuxmint/cjs.git","","","","","","",""
"cjson","https://github.com/davegamble/cjson.git","","","","","","",""
"ck","","","","","","","",""
"ckermit","","","","","","","",""
"cl-cffi","","","","","","","",""
"clalsadrv","","","","","","","",""
"clam-chordata","","","","","","","",""
"clam-networkeditor","","","","","","","",""
"clamav","","","","","","","",""
"clamav-dbg","","","","","","","",""
"clamfs","https://github.com/burghardt/clamfs.git","","","","","","",""
"clamsmtp","","","","","","","",""
"clamz","","","","","","","",""
"clang-17","","","","","","","",""
"clang-18","","","","","","","",""
"clang-19","","","","","","","",""
"clangd","","","","","","","",""
"clanlib","https://github.com/sphair/clanlib.git","","","","","","",""
"clasp","","","","","","","",""
"claws-mail","","","","","","","",""
"claws-mail-dbg","","","","","","","",""
"claws-mail-gdata-plugin","","","","","","","",""
"claws-mail-html2-viewer","","","","","","","",""
"claws-mail-pgpcore","","","","","","","",""
"claws-mail-trayicon","","","","","","","",""
"clblast","","","","","","","",""
"cld2","https://github.com/cld2owners/cld2.git","","","","","","",""
"clementine","","","","","","","",""
"clfft","https://github.com/clmathlibraries/clfft.git","","","","","","",""
"clhep","","","","","","","",""
"cli11","https://github.com/cliutils/cli11.git","","","","","","",""
"click","","https://gitlab.com/ubports/development/core/click.git","","","","","",""
"clipper","","","","","","","",""
"clips","","","","","","","",""
"clips-common","","","","","","","",""
"clips-doc","","","","","","","",""
"cliquer","","","","","","","",""
"clisp","","","","","","","",""
"clisp-memfile-hash-dc499342fadce3bfbd875a2d3acf49037071ef52","","","","","","","",""
"clisp-module-fastcgi","","","","","","","",""
"clisp-module-pcre","","","","","","","",""
"cln","","","","","","","",""
"clonalframe","","","","","","","",""
"cloudflare-ddns","https://github.com/tachi107/cloudflare-ddns.git","","","","","","",""
"clp","","","","","","","",""
"clsync","","","","","","","",""
"clthreads","","","","","","","",""
"clucene-core","","","","","","","",""
"clustalo","","","","","","","",""
"clustalw","","","","","","","",""
"clustalw-mpi","","","","","","","",""
"clustalx","","","","","","","",""
"cluster-glue","https://github.com/clusterlabs/cluster-glue.git","","","","","","",""
"clutter-1.0","","","","","","","",""
"clutter-gst-3.0","","","","","","","",""
"clutter-gtk","","","","","","","",""
"clutter-imcontext","","","","","","","",""
"clxclient","","","","","","","",""
"clzip","","","","","","","",""
"cm-super-minimal","","","","","","","",""
"cmake","","","","","","","",""
"cmake-dbg","","","","","","","",""
"cmake-extras","","https://gitlab.com/ubports/core/cmake-extras.git","","","","","",""
"cmark","https://github.com/commonmark/cmark.git","","","","","","",""
"cmark-gfm","https://github.com/github/cmark.git","","","","","","",""
"cmigemo","","","","","","","",""
"cminpack","","","","","","","",""
"cmocka","","","","","","","",""
"cmor","","","","","","","",""
"cmospwd","","","","","","","",""
"cmph","","","","","","","",""
"cmus","","","","","","","",""
"cobalt-panel-utils","","","","","","","",""
"coco-cpp","","","","","","","",""
"cod-tools","","","","","","","",""
"coda","https://github.com/stcorp/coda.git","","","","","","",""
"codeblocks","","","","","","","",""
"codec2","","","","","","","",""
"codelite","","","","","","","",""
"codfis","","","","","","","",""
"cogl","","","","","","","",""
"coin3","","","","","","","",""
"coinmp","","","","","","","",""
"coinor-bonmin","","","","","","","",""
"coinor-cbc","https://github.com/coin-or/cbc.git","","","","","","",""
"coinor-cgl","","","","","","","",""
"coinor-csdp","https://github.com/coin-or/csdp.git","","","","","","",""
"coinor-dylp","","","","","","","",""
"coinor-ipopt","https://github.com/coin-or/ipopt.git","","","","","","",""
"coinor-libbonmin4","","","","","","","",""
"coinor-libbonmin4t64","","","","","","","",""
"coinor-libcbc3.1","","","","","","","",""
"coinor-libcgl1","","","","","","","",""
"coinor-libclp1","","","","","","","",""
"coinor-libcoinutils3v5","","","","","","","",""
"coinor-libosi1v5","","","","","","","",""
"coinor-libsymphony3","","","","","","","",""
"coinor-libvol1","","","","","","","",""
"coinor-osi","https://github.com/coin-or/osi.git","","","","","","",""
"coinor-symphony","","","","","","","",""
"coinor-vol","","","","","","","",""
"coinutils","https://github.com/coin-or/coinutils.git","","","","","","",""
"collada-dom","https://github.com/rdiankov/collada-dom.git","","","","","","",""
"collatinus","","","","","","","",""
"collectd","","","","","","","",""
"collectd-dbg","","","","","","","",""
"colorcode","","","","","","","",""
"colord","","","","","","","",""
"colord-gtk","","","","","","","",""
"colortail","https://github.com/joakim666/colortail.git","","","","","","",""
"colpack","","","","","","","",""
"combblas","","","","","","","",""
"comedilib","","","","","","","",""
"comgt","","","","","","","",""
"compiz","","https://gitlab.com/compiz/compiz-core.git","","","","","",""
"compiz-core-abiversion-20180927","","","","","","","",""
"compiz-fusion-plugins-main","","","","","","","",""
"compiz-plugins-default","","","","","","","",""
"compiz-plugins-main","","","","","","","",""
"compizconfig-settings-manager","","","","","","","",""
"composite","","","","","","","",""
"compton","https://github.com/chjj/compton.git","","","","","","",""
"concalc","","","","","","","",""
"concordance","","","","","","","",""
"concurrentqueue","https://github.com/cameron314/concurrentqueue.git","","","","","","",""
"condor","","","","","","","",""
"confclerk","","","","","","","",""
"confget","","","","","","","",""
"conkeror-spawn-process-helper","","","","","","","",""
"conky","https://github.com/brndnmtthws/conky.git","","","","","","",""
"connectagram","","","","","","","",""
"connman","","","","","","","",""
"connman-ui","https://github.com/tbursztyka/connman-ui.git","","","","","","",""
"conntrack-tools","","","","","","","",""
"consensuscore","https://github.com/pacificbiosciences/consensuscore.git","","","","","","",""
"console-bridge","https://github.com/ros/console_bridge.git","","","","","","",""
"console-setup","","","","","","","",""
"console-tools","","","","","","","",""
"consolekit2","","","","","","","",""
"conspy","","","","","","","",""
"contacts","","","","","","","",""
"contactsd","https://github.com/sailfishos/contactsd.git","","","","","","",""
"contextfree","","","","","","","",""
"convert-pgn","","","","","","","",""
"convlit","","","","","","","",""
"cookietool","","","","","","","",""
"coolkey","","","","","","","",""
"coot","https://github.com/pemsley/coot.git","","","","","","",""
"copyfs","","","","","","","",""
"coreutils","","","","","","","",""
"coriander","","","","","","","",""
"corosync","","","","","","","",""
"cortina","","","","","","","",""
"courier-authlib","","","","","","","",""
"courier-unicode","","","","","","","",""
"courierpassd","","","","","","","",""
"covered","","","","","","","",""
"cowdancer","","","","","","","",""
"cowsql","https://github.com/cowsql/cowsql.git","","","","","","",""
"cpdb-libs","https://github.com/openprinting/cpdb-libs.git","","","","","","",""
"cpio","","","","","","","",""
"cpio-win32","","","","","","","",""
"cpipe","","","","","","","",""
"cpl","","","","","","","",""
"cpluff","","","","","","","",""
"cpluff-loader","","","","","","","",""
"cpm","https://github.com/comotion/cpm.git","","","","","","",""
"cpp-14","","","","","","","",""
"cpp-4.4","","","","","","","",""
"cpp-4.5","","","","","","","",""
"cpp-4.6","","","","","","","",""
"cpp-4.7","","","","","","","",""
"cpp-hocon","https://github.com/puppetlabs/cpp-hocon.git","","","","","","",""
"cpp-httplib","https://github.com/yhirose/cpp-httplib.git","","","","","","",""
"cpp-jwt","https://github.com/arun11299/cpp-jwt.git","","","","","","",""
"cpp-x86-64-linux-gnu","","","","","","","",""
"cppad","","","","","","","",""
"cppcheck","","","","","","","",""
"cppdap","https://github.com/google/cppdap.git","","","","","","",""
"cppdb","","","","","","","",""
"cppnumericalsolvers","https://github.com/patwie/cppnumericalsolvers.git","","","","","","",""
"cpprest","https://github.com/microsoft/cpprestsdk.git","","","","","","",""
"cpptest","https://github.com/cpptest/cpptest.git","","","","","","",""
"cpptoml","https://github.com/skystrife/cpptoml.git","","","","","","",""
"cppunit","","","","","","","",""
"cpputest","","","","","","","",""
"cppzmq","https://github.com/zeromq/cppzmq.git","","","","","","",""
"cpqarrayd","","","","","","","",""
"cproto","","","","","","","",""
"cpu","","","","","","","",""
"cpu-features","https://github.com/google/cpu_features.git","","","","","","",""
"cpufrequtils","","","","","","","",""
"cpuinfo","https://github.com/pytorch/cpuinfo.git","","","","","","",""
"cpulimit","","","","","","","",""
"cqrlib","https://github.com/yayahjb/cqrlib.git","","","","","","",""
"crack-attack","","","","","","","",""
"cracklib2","https://github.com/cracklib/cracklib.git","","","","","","",""
"crafty","","","","","","","",""
"crashmail","","","","","","","",""
"crasm","","","","","","","",""
"crawl","","","","","","","",""
"createrepo-c","https://github.com/rpm-software-management/createrepo_c.git","","","","","","",""
"criterion","https://github.com/snaipe/criterion.git","","","","","","",""
"critnib","https://github.com/kilobyte/critnib.git","","","","","","",""
"critterding","","","","","","","",""
"criu","","","","","","","",""
"croaring","https://github.com/roaringbitmap/croaring.git","","","","","","",""
"cron","","","","","","","",""
"cronolog","","","","","","","",""
"cross-toolchain-base","","","","","","","",""
"cross-toolchain-base-mipsen","","","","","","","",""
"cross-toolchain-base-ports","","","","","","","",""
"crossfire","","","","","","","",""
"crossfire-client","","","","","","","",""
"crossfire-common","","","","","","","",""
"crossfire-maps","","","","","","","",""
"crossguid","https://github.com/graeme-hill/crossguid.git","","","","","","",""
"crossroads","","","","","","","",""
"cruft-common","","","","","","","",""
"cruft-ng","","https://salsa.debian.org/pkg-security-team/cruft-ng.git","","","","","",""
"cryptkeeper","","","","","","","",""
"cryptominisat","","","","","","","",""
"cryptopant","","","","","","","",""
"cryptsetup","","https://gitlab.com/cryptsetup/cryptsetup.git","","","","","",""
"cryptsetup-run","","","","","","","",""
"cscope","","","","","","","",""
"csh","","","","","","","",""
"csmith","","","","","","","",""
"csound","","","","","","","",""
"csstidy","","","","","","","",""
"cstream","","","","","","","",""
"csv2latex","","","","","","","",""
"ctapi","","","","","","","",""
"ctemplate","https://github.com/olafvdspek/ctemplate.git","","","","","","",""
"cthreadpool","https://github.com/pithikos/c-thread-pool.git","","","","","","",""
"ctn","","","","","","","",""
"ctorrent","","","","","","","",""
"ctpl","","","","","","","",""
"ctre","https://github.com/hanickadot/compile-time-regular-expressions.git","","","","","","",""
"cubature","https://github.com/stevengj/cubature.git","","","","","","",""
"cubeb","https://github.com/mozilla/cubeb.git","","","","","","",""
"cudf","","","","","","","",""
"cue2toc","","","","","","","",""
"cultivation","","","","","","","",""
"cuneiform","","","","","","","",""
"cuneiform-common","","","","","","","",""
"cunit","","","","","","","",""
"cupp","https://github.com/mebus/cupp.git","","","","","","",""
"cups","https://github.com/openprinting/cups.git","","","","","","",""
"cups-driver-gutenprint","","","","","","","",""
"cups-filters","","","","","","","",""
"cups-filters-core-drivers","","","","","","","",""
"cupt","","","","","","","",""
"cura-engine","https://github.com/ultimaker/curaengine.git","","","","","","",""
"curl","","","","","","","",""
"curlftpfs","","","","","","","",""
"curlpp","","","","","","","",""
"curves","","","","","","","",""
"cutycapt","https://github.com/crystalix007/cutycapt.git","","","","","","",""
"cuyo","","","","","","","",""
"cvc3","","","","","","","",""
"cvc4","","","","","","","",""
"cvc5","","","","","","","",""
"cvector","https://github.com/yayahjb/cvector.git","","","","","","",""
"cvs","","","","","","","",""
"cvsd","","","","","","","",""
"cvsps","","","","","","","",""
"cvstrac","","","","","","","",""
"cwidget","","","","","","","",""
"cwiid","https://github.com/abstrakraft/cwiid.git","","","","","","",""
"cwirc","","","","","","","",""
"cxref","","","","","","","",""
"cxxopts","https://github.com/jarro2783/cxxopts.git","","","","","","",""
"cxxtools","","","","","","","",""
"cyclonedds","","","","","","","",""
"cyrus-common-2.2","","","","","","","",""
"cyrus-imapd-2.2","","","","","","","",""
"cyrus-imapd-2.4","","","","","","","",""
"cyrus-pop3d-2.2","","","","","","","",""
"cyrus-pop3d-2.4","","","","","","","",""
"cyrus-sasl2","","","","","","","",""
"czmq","","","","","","","",""
"d-itg","","","","","","","",""
"d52","https://github.com/jblang/d52.git","","","","","","",""
"daa2iso","","","","","","","",""
"dacco-common","","","","","","","",""
"dadadodo","","","","","","","",""
"daemon","","","","","","","",""
"daemonlogger","https://github.com/cisco-talos/daemonlogger.git","","","","","","",""
"daemontools","","","","","","","",""
"dahdi","","","","","","","",""
"dahdi-tools","","","","","","","",""
"daisy-player","","","","","","","",""
"dancer-ircd","","","","","","","",""
"dans-gdal-scripts","","","","","","","",""
"dante-client","","","","","","","",""
"dante-server","","","","","","","",""
"dar","","","","","","","",""
"darkice","","","","","","","",""
"darkplaces","","","","","","","",""
"darksnow","","","","","","","",""
"darnwdl","https://github.com/grandpaul/darnwdl.git","","","","","","",""
"dart","","","","","","","",""
"das-watchdog","","","","","","","",""
"dash","","","","","","","",""
"dashel","","","","","","","",""
"dataquay","","","","","","","",""
"datefudge","","","","","","","",""
"dates","","","","","","","",""
"dav-text","https://github.com/atsb/dav-text.git","","","","","","",""
"dav1d","","","","","","","",""
"davfs2","https://github.com/alisarctl/davfs2.git","","","","","","",""
"davix","","","","","","","",""
"dawgdic","","","","","","","",""
"db-defaults","","","","","","","",""
"db-util","","","","","","","",""
"db1-compat","","","","","","","",""
"db4.8-util","","","","","","","",""
"db5.3","","","","","","","",""
"dballe","","","","","","","",""
"dbconfig-common","","","","","","","",""
"dbconfig-mysql","","","","","","","",""
"dbconfig-pgsql","","","","","","","",""
"dbconfig-sqlite3","","","","","","","",""
"dbeacon","https://github.com/uoaerg/dbeacon.git","","","","","","",""
"dbndns","","","","","","","",""
"dbskkd-cdb","https://github.com/jj1bdx/dbskkd-cdb.git","","","","","","",""
"dbus","","","","","","","",""
"dbus-c++","","","","","","","",""
"dbus-cpp","","https://gitlab.com/ubports/development/core/lib-cpp/dbus-cpp.git","","","","","",""
"dbus-glib","","","","","","","",""
"dbus-python","","","","","","","",""
"dbus-test-runner","","","","","","","",""
"dbusada","","","","","","","",""
"dbuskit","","","","","","","",""
"dcap","","","","","","","",""
"dcfldd","https://github.com/resurrecting-open-source-projects/dcfldd.git","","","","","","",""
"dcl","","","","","","","",""
"dclock","","","","","","","",""
"dcmtk","","","","","","","",""
"dcmtk-data","","","","","","","",""
"dconf","","","","","","","",""
"dconf-cli","","","","","","","",""
"dcontainers","https://github.com/dlang-community/containers.git","","","","","","",""
"dcraw","","","","","","","",""
"dctrl-tools","https://github.com/ajkaijanaho/dctrl-tools.git","","","","","","",""
"dd-opentracing-cpp","https://github.com/datadog/dd-opentracing-cpp.git","","","","","","",""
"dd2","","","","","","","",""
"ddccontrol","https://github.com/ddccontrol/ddccontrol.git","","","","","","",""
"ddcutil","","","","","","","",""
"dde-network-utils","https://github.com/linuxdeepin/dde-network-utils.git","","","","","","",""
"dde-qt-dbus-factory","https://github.com/linuxdeepin/dde-qt-dbus-factory.git","","","","","","",""
"dde-qt5integration","https://github.com/linuxdeepin/qt5integration.git","","","","","","",""
"dde-qt5xcb-plugin","","","","","","","",""
"ddns3-client","","","","","","","",""
"ddpt","","","","","","","",""
"dds","","","","","","","",""
"deal","","","","","","","",""
"deal.ii","","","","","","","",""
"dealer","","","","","","","",""
"deb-gview","","https://salsa.debian.org/debian/deb-gview.git","","","","","",""
"debconf","","","","","","","",""
"debconf-kde","","","","","","","",""
"debconf-kde-data","","","","","","","",""
"debhelper","","","","","","","",""
"debhelper-compat","","","","","","","",""
"debian-archive-keyring","","","","","","","",""
"debian-xcontrol","","","","","","","",""
"debianutils","","","","","","","",""
"debootstrap","","","","","","","",""
"deborphan","","","","","","","",""
"debtags","","","","","","","",""
"debugedit","","","","","","https://sourceware.org/debugedit/","",""
"dee","","","","","","","",""
"deepin-movie-reborn","https://github.com/linuxdeepin/deepin-movie-reborn.git","","","","","","",""
"deepin-qt5dxcb-plugin","https://github.com/linuxdeepin/qt5platform-plugins.git","","","","","","",""
"deets","","https://salsa.debian.org/clint/deets.git","","","","","",""
"default-dbus-session-bus","","","","","","","",""
"default-dbus-system-bus","","","","","","","",""
"default-jdk","","","","","","","",""
"default-jre","","","","","","","",""
"default-jre-headless","","","","","","","",""
"default-libmysqlclient-dev","","","","","","","",""
"default-logind","","","","","","","",""
"default-mta","","","","","","","",""
"default-mysql-client","","","","","","","",""
"deja-dup","","","","","","","",""
"denemo","","","","","","","",""
"desklaunch","","","","","","","",""
"deskmenu","","","","","","","",""
"desktop-base","","","","","","","",""
"desktop-file-utils","","","","","","","",""
"desmume","","","","","","","",""
"desproxy","","","","","","","",""
"detox","https://github.com/dharple/detox.git","","","","","","",""
"deutex","https://github.com/doom-utils/deutex.git","","","","","","",""
"devhelp","","","","","","","",""
"device-tree-compiler","","","","","","https://git.kernel.org/cgit/utils/dtc/dtc.git","",""
"device3dfx-source","","","","","","","",""
"deviceinfo","","https://gitlab.com/ubports/development/core/deviceinfo.git","","","","","",""
"devicexlib","","https://gitlab.com/max-centre/components/devicexlib.git","","","","","",""
"devil","","","","","","","",""
"devio","","","","","","","",""
"devtodo","","","","","","","",""
"dex","","","","","","","",""
"dfu-programmer","","","","","","","",""
"dgen","","","","","","","",""
"dh-autoreconf","","","","","","","",""
"dh-elpa-helper","","","","","","","",""
"dhcp-helper","","","","","","","",""
"dhcp-probe","","","","","","","",""
"dhcpcd","https://github.com/networkconfiguration/dhcpcd.git","","","","","","",""
"dhis-client","","","","","","","",""
"dhis-dns-engine","","","","","","","",""
"dhis-server","","","","","","","",""
"dhis-tools-dns","","","","","","","",""
"dhis-tools-genkeys","","","","","","","",""
"di","","","","","","","",""
"dia","","","","","","","",""
"diagnostics","","","","","","","",""
"dialign","","","","","","","",""
"dialign-t","","","","","","","",""
"dialign-tx-data","","","","","","","",""
"dialog","","","","","","","",""
"dibbler","","","","","","","",""
"dicelab","","","","","","","",""
"dico","","","","","","","",""
"dicomnifti","","","","","","","",""
"dictconv","","","","","","","",""
"didiwiki","","","","","","","",""
"dieharder","https://github.com/eddelbuettel/dieharder.git","","","","","","",""
"diet-ng","https://github.com/rejectedsoftware/diet-ng.git","","","","","","",""
"dietlibc","","","","","","","",""
"diffpdf","","","","","","","",""
"diffutils","","","","","","","",""
"digikam","","","","","","","",""
"digitemp","","","","","","","",""
"digitools","","","","","","","",""
"dillo","","","","","","","",""
"dimbl","https://github.com/languagemachines/dimbl.git","","","","","","",""
"dime","","","","","","","",""
"ding-libs","https://github.com/sssd/ding-libs.git","","","","","","",""
"diod","https://github.com/chaos/diod.git","","","","","","",""
"diodon","","","","","","","",""
"dirac","","","","","","","",""
"dirmngr","","","","","","","",""
"dis51","","","","","","","",""
"discord-rpc","https://github.com/discord/discord-rpc.git","","","","","","",""
"discount","","","","","","","",""
"discover","","","","","","","",""
"discover-data","","","","","","","",""
"dislocker","https://github.com/aorimn/dislocker.git","","","","","","",""
"distorm3","https://github.com/gdabah/distorm.git","","","","","","",""
"distributed-net","","","","","","","",""
"distro-info","","","","","","","",""
"distro-info-data","","","","","","","",""
"djbdns","","","","","","","",""
"djmount","","","","","","","",""
"djview-plugin","","","","","","","",""
"djview4","","","","","","","",""
"djvulibre","","","","","","","",""
"djvulibre-bin","","","","","","","",""
"dkms","","","","","","","",""
"dleyna","","https://gitlab.gnome.org/world/dleyna.git","","","","","",""
"dlib","","","","","","","",""
"dlm","","","","","","https://pagure.io/dlm","",""
"dlt-daemon","https://github.com/covesa/dlt-daemon.git","","","","","","",""
"dlume","","","","","","","",""
"dma","https://github.com/corecode/dma.git","","","","","","",""
"dmalloc","","","","","","","",""
"dmeventd","","","","","","","",""
"dmidecode","","","","","","","",""
"dmitry","","","","","","","",""
"dmlc-core","https://github.com/dmlc/dmlc-core.git","","","","","","",""
"dmraid","","","","","","","",""
"dmz-cursor-theme","","","","","","","",""
"dns-root-data","","","","","","","",""
"dnshistory","","","","","","","",""
"dnsmasq","","","","","","","",""
"dnsproxy","","","","","","","",""
"dnstracer","","","","","","","",""
"dnsutils","","","","","","","",""
"dnswire","https://github.com/dns-oarc/dnswire.git","","","","","","",""
"doc-base","","","","","","","",""
"docbook","","","","","","","",""
"docbook-to-man","","","","","","","",""
"docbook-xml","","","","","","","",""
"docbook-xsl","","","","","","","",""
"docopt.cpp","https://github.com/docopt/docopt.cpp.git","","","","","","",""
"dolfin","","","","","","","",""
"dolfin-dev","","","","","","","",""
"dolfinx-mpc","https://github.com/jorgensd/dolfinx_mpc.git","","","","","","",""
"dolphin","","","","","","","",""
"doodle","","","","","","","",""
"dopewars","","","","","","","",""
"dos2unix","","","","","","","",""
"dosbox","","","","","","","",""
"dosfstools","https://github.com/dosfstools/dosfstools.git","","","","","","",""
"dotconf","https://github.com/williamh/dotconf.git","","","","","","",""
"double-conversion","https://github.com/google/double-conversion.git","","","","","","",""
"dov4l","","","","","","","",""
"dovecot","","","","","","","",""
"dovecot-common","","","","","","","",""
"dovecot-core","","","","","","","",""
"doxygen","","","","","","","",""
"doxyqml","","","","","","","",""
"dpdk","","","","","","","",""
"dpkg","","","","","","","",""
"dqlite","https://github.com/canonical/dqlite.git","","","","","","",""
"draco","https://github.com/google/draco.git","","","","","","",""
"dracut","https://github.com/dracut-ng/dracut-ng.git","","","","","","",""
"dradio","","","","","","","",""
"dragon","","","","","","","",""
"dragonbox","https://github.com/jk-jeon/dragonbox.git","","","","","","",""
"drawtiming","","","","","","","",""
"drbd8-utils","","","","","","","",""
"dreamchess","","","","","","","",""
"driftnet","https://github.com/deiv/driftnet.git","","","","","","",""
"drivel","","","","","","","",""
"dsbltesters","","","","","","","",""
"dsdcc","https://github.com/f4exb/dsdcc.git","","","","","","",""
"dsdp","","","","","","","",""
"dsfmt","","","","","","","",""
"dsniff","","","","","","","",""
"dspam","","","","","","","",""
"dssi","","","","","","","",""
"dssi-vst","","","","","","","",""
"dsyslog","","","","","","","",""
"dt-utils","","","","","","","",""
"dtkcommon","https://github.com/linuxdeepin/dtkcommon.git","","","","","","",""
"dtkcore","https://github.com/linuxdeepin/dtkcore.git","","","","","","",""
"dtkdeclarative","https://github.com/linuxdeepin/dtkdeclarative.git","","","","","","",""
"dtkgui","https://github.com/linuxdeepin/dtkgui.git","","","","","","",""
"dtklog","https://github.com/linuxdeepin/dtklog.git","","","","","","",""
"dtkwidget","https://github.com/linuxdeepin/dtkwidget.git","","","","","","",""
"dtl","https://github.com/cubicdaiya/dtl.git","","","","","","",""
"dublin-traceroute","","","","","","","",""
"duende","","","","","","","",""
"duktape","","","","","","","",""
"dune-common","","","","","","","",""
"dune-functions","","","","","","","",""
"dune-geometry","","","","","","","",""
"dune-grid","","","","","","","",""
"dune-grid-glue","","","","","","","",""
"dune-istl","","","","","","","",""
"dune-localfunctions","","","","","","","",""
"dune-typetree","","","","","","","",""
"dune-uggrid","","https://gitlab.dune-project.org/staging/dune-uggrid.git","","","","","",""
"dunst","","","","","","","",""
"duo-unix","https://github.com/duosecurity/duo_unix.git","","","","","","",""
"duplicity","","","","","","","",""
"dvb-apps","","","","","","","",""
"dvblast","","","","","","","",""
"dvd+rw-tools","","","","","","","",""
"dvdauthor","","","","","","","",""
"dvdbackup","","","","","","","",""
"dvdbackup-dbg","","","","","","","",""
"dvdtape","","","","","","","",""
"dvipng","","","","","","","",""
"dvipost","","","","","","","",""
"dvorak7min","","","","","","","",""
"dwarfutils","https://github.com/davea42/libdwarf-code.git","","","","","","",""
"dwarves","","","","","","https://git.kernel.org/pub/scm/devel/pahole/pahole.git","",""
"dwb","","","","","","","",""
"dwdiff","","","","","","","",""
"dwm","","","","","","","",""
"dwww","","","","","","","",""
"dx","","","","","","","",""
"dxflib","","","","","","","",""
"dxvk","https://github.com/doitsujin/dxvk.git","","","","","","",""
"dxvk-wine32","","","","","","","",""
"dxvk-wine32-development","","","","","","","",""
"dynamips","","","","","","","",""
"dynamite","","","","","","","",""
"dynare","","","","","","","",""
"dynare-matlab","","","","","","","",""
"dynarmic","https://github.com/merryhime/dynarmic.git","","","","","","",""
"dyssol","https://github.com/flowsheetsimulation/dyssol-open.git","","","","","","",""
"dzen2","https://github.com/robm/dzen.git","","","","","","",""
"e-antic","https://github.com/flatsurf/e-antic.git","","","","","","",""
"e00compr","","","","","","","",""
"e17","","","","","","","",""
"e2fsprogs","","","","","","","",""
"eagle","","","","","","","",""
"eancheck","","","","","","","",""
"earth3d","","","","","","","",""
"easyloggingpp","https://github.com/abumq/easyloggingpp.git","","","","","","",""
"easytag","","","","","","","",""
"easytag-nautilus","","","","","","","",""
"eb","","","","","","","",""
"ebook-speaker","https://github.com/book-readers/ebook-speaker.git","","","","","","",""
"ebook-tools","","","","","","","",""
"ebook2cw","","","","","","","",""
"ebook2cwgui","","","","","","","",""
"ebtables","","","","","","","",""
"ecasound","","","","","","","",""
"ecbuild","","","","","","","",""
"eccodes","","","","","","","",""
"echoping","","","","","","","",""
"eckit","https://github.com/ecmwf/eckit.git","","","","","","",""
"ecl","","","","","","","",""
"eclib","https://github.com/johncremona/eclib.git","","","","","","",""
"eclipse-cdt-jni","","","","","","","",""
"eclipse-rcp","","","","","","","",""
"ecryptfs-utils","","","","","","","",""
"ectrans","https://github.com/ecmwf-ifs/ectrans.git","","","","","","",""
"ectrans-utils","","","","","","","",""
"ed","","","","","","","",""
"edac-utils","https://github.com/grondo/edac-utils.git","","","","","","",""
"edb-debugger","https://github.com/eteran/edb-debugger.git","","","","","","",""
"edflib","","","","","","","",""
"edge-addition-planarity-suite","https://github.com/graph-algorithms/edge-addition-planarity-suite.git","","","","","","",""
"edict","","","","","","","",""
"edisplay","","","","","","","",""
"editorconfig-core","","","","","","","",""
"eegdev","","","","","","","",""
"efax","","","","","","","",""
"efibootguard","https://github.com/siemens/efibootguard.git","","","","","","",""
"efivar","https://github.com/rhinstaller/efivar.git","","","","","","",""
"efl","","","","","","","",""
"eggdrop","","","","","","","",""
"egl-wayland","https://github.com/nvidia/egl-wayland.git","","","","","","",""
"eiciel","","","","","","","",""
"eigen3","","","","","","","",""
"eiskaltdcpp","https://github.com/eiskaltdcpp/eiskaltdcpp.git","","","","","","",""
"ekeyd","","","","","","","",""
"ekg","","","","","","","",""
"ekg2","","","","","","","",""
"ekg2-core","","","","","","","",""
"ekg2-gnupg","","","","","","","",""
"ekg2-jabber","","","","","","","",""
"ekg2-scripting-perl","","","","","","","",""
"ekg2-scripting-python","","","","","","","",""
"ekg2-ui-gtk","","","","","","","",""
"ekg2-ui-ncurses","","","","","","","",""
"elektra-bin","","","","","","","",""
"elfrc","","","","","","","",""
"elfutils","","","","","","https://sourceware.org/elfutils/","",""
"elinks","https://github.com/rkd77/elinks.git","","","","","","",""
"elinks-lite","","","","","","","",""
"elk","","","","","","","",""
"ell","","","","","","","",""
"elogind","https://github.com/elogind/elogind.git","","","","","","",""
"elpa","","","","","","","",""
"elvis","","","","","","","",""
"elvis-console","","","","","","","",""
"elvis-tiny","","","","","","","",""
"emacs","","","","","","","",""
"emacs23","","","","","","","",""
"emacs23-nox","","","","","","","",""
"emacs24","","","","","","","",""
"emacsen-common","","","","","","","",""
"embassy-domainatrix","","","","","","","",""
"embassy-domalign","","","","","","","",""
"embassy-domsearch","","","","","","","",""
"emboss","","","","","","","",""
"embree","","","","","","","",""
"emerald","","https://gitlab.com/compiz/emerald.git","","","","","",""
"emerillon","","","","","","","",""
"emil","","","","","","","",""
"emoslib","","","","","","","",""
"empathy","","","","","","","",""
"empathy-common","","","","","","","",""
"empathy-skype","","","","","","","",""
"empire","","","","","","","",""
"enblend-enfuse","","","","","","","",""
"enca","","","","","","","",""
"encfs","","","","","","","",""
"enchant-2","","","","","","","",""
"enemylines7","","","","","","","",""
"enet","","","","","","","",""
"enigma","","","","","","","",""
"enki-aseba","","","","","","","",""
"enna","","","","","","","",""
"enscribe","","","","","","","",""
"enscript","","","","","","","",""
"ensmallen","","","","","","","",""
"ent","","","","","","","",""
"entr","","","","","","","",""
"eog","","","","","","","",""
"eog-plugin-hide-titlebar","","","","","","","",""
"eog-plugin-picasa","","","","","","","",""
"eog-plugins","","","","","","","",""
"eom","","","","","","","",""
"eos-sdk","","","","","","","",""
"epcr","","","","","","","",""
"epdfview","","","","","","","",""
"eperl","","","","","","","",""
"epics-base","","","","","","","",""
"epiphany","","","","","","","",""
"epiphany-browser","","","","","","","",""
"epiphany-browser-dev","","","","","","","",""
"epiphany-extensions","","","","","","","",""
"epr-api","https://github.com/bcdev/epr-api.git","","","","","","",""
"epsilon-bin","","","","","","","",""
"epstool","","","","","","","",""
"ept-cache","","","","","","","",""
"eqonomize","","","","","","","",""
"erfa","https://github.com/liberfa/erfa.git","","","","","","",""
"erlang-abi","","","","","","","",""
"erlang-asn1","","","","","","","",""
"erlang-base","","","","","","","",""
"erlang-base64url","https://github.com/dvv/base64url.git","","","","","","",""
"erlang-cl","https://github.com/tonyrog/cl.git","","","","","","",""
"erlang-crypto","","","","","","","",""
"erlang-dialyzer","","","","","","","",""
"erlang-eunit","","","","","","","",""
"erlang-goldrush","https://github.com/deadzen/goldrush.git","","","","","","",""
"erlang-idna","https://github.com/benoitc/erlang-idna.git","","","","","","",""
"erlang-inets","","","","","","","",""
"erlang-jiffy","","","","","","","",""
"erlang-jose","https://github.com/potatosalad/erlang-jose.git","","","","","","",""
"erlang-lager","https://github.com/erlang-lager/lager.git","","","","","","",""
"erlang-luerl","https://github.com/rvirding/luerl.git","","","","","","",""
"erlang-p1-acme","https://github.com/processone/p1_acme.git","","","","","","",""
"erlang-p1-cache-tab","https://github.com/processone/cache_tab.git","","","","","","",""
"erlang-p1-eimp","https://github.com/processone/eimp.git","","","","","","",""
"erlang-p1-mqtree","https://github.com/processone/mqtree.git","","","","","","",""
"erlang-p1-mysql","https://github.com/processone/p1_mysql.git","","","","","","",""
"erlang-p1-oauth2","https://github.com/processone/p1_oauth2.git","","","","","","",""
"erlang-p1-pam","https://github.com/processone/epam.git","","","","","","",""
"erlang-p1-pgsql","https://github.com/processone/p1_pgsql.git","","","","","","",""
"erlang-p1-pkix","https://github.com/processone/pkix.git","","","","","","",""
"erlang-p1-sip","https://github.com/processone/esip.git","","","","","","",""
"erlang-p1-sqlite3","https://github.com/processone/erlang-sqlite3.git","","","","","","",""
"erlang-p1-stringprep","https://github.com/processone/stringprep.git","","","","","","",""
"erlang-p1-stun","https://github.com/processone/stun.git","","","","","","",""
"erlang-p1-tls","https://github.com/processone/fast_tls.git","","","","","","",""
"erlang-p1-utils","https://github.com/processone/p1_utils.git","","","","","","",""
"erlang-p1-xml","https://github.com/processone/fast_xml.git","","","","","","",""
"erlang-p1-xmpp","https://github.com/processone/xmpp.git","","","","","","",""
"erlang-p1-yaml","https://github.com/processone/fast_yaml.git","","","","","","",""
"erlang-p1-yconf","https://github.com/processone/yconf.git","","","","","","",""
"erlang-p1-zlib","https://github.com/processone/ezlib.git","","","","","","",""
"erlang-public-key","","","","","","","",""
"erlang-redis-client","https://github.com/wooga/eredis.git","","","","","","",""
"erlang-ssl","","","","","","","",""
"erlang-syntax-tools","","","","","","","",""
"erlang-tools","","","","","","","",""
"erlang-unicode-util-compat","https://github.com/benoitc/unicode_util_compat.git","","","","","","",""
"esekeyd","https://github.com/burghardt/esekeyd.git","","","","","","",""
"esmtp","","","","","","","",""
"esnacc","","","","","","","",""
"esniper","","","","","","","",""
"esorex","","","","","","","",""
"espctag","","","","","","","",""
"espeak","","","","","","","",""
"espeak-ng","https://github.com/espeak-ng/espeak-ng.git","","","","","","",""
"espeak-ng-data","","","","","","","",""
"esperanza","","","","","","","",""
"esvn","","","","","","","",""
"eterm","","","","","","","",""
"etherwake","","","","","","","",""
"ethstatus","","","","","","","",""
"ethtool","","","","","","","",""
"etl","","","","","","","",""
"etlcpp","","","","","","","",""
"etsf-io","https://github.com/electronicstructurelibrary/libetsf_io.git","","","","","","",""
"etw","","","","","","","",""
"euler","","","","","","","",""
"evdi","https://github.com/displaylink/evdi.git","","","","","","",""
"evemu","","","","","","","",""
"event-dance","https://github.com/elima/eventdance.git","","","","","","",""
"eventviews","","","","","","https://invent.kde.org/pim/eventviews","",""
"evilvte","","","","","","","",""
"evilwm","","","","","","","",""
"evince","","","","","","","",""
"evolution","","https://gitlab.gnome.org/gnome/evolution.git","","","","","",""
"evolution-data-server","","https://gitlab.gnome.org/gnome/evolution.git","","","","","",""
"evolution-data-server-common","","","","","","","",""
"evolution-mapi","","","","","","","",""
"evolution-rss","","","","","","","",""
"evolvotron","","","","","","","",""
"evtest","","","","","","https://cgit.freedesktop.org/evtest/","",""
"exactimage","","","","","","","",""
"excellent-bifurcation","","","","","","","",""
"execline","","","","","","","",""
"execstack","","","","","","","",""
"exempi","","","","","","","",""
"exfatprogs","","","","","","","",""
"exifprobe","https://github.com/hfiguiere/exifprobe.git","","","","","","",""
"exim4","","","","","","","",""
"exim4-localscanapi-6.0","","","","","","","",""
"exiv2","","","","","","","",""
"exo","","","","","","","",""
"exodusii","https://github.com/certik/exodus.git","","","","","","",""
"exonerate","","","","","","","",""
"expat","","","","","","","",""
"expeyes","","","","","","","",""
"expeyes-firmware-dev","","","","","","","",""
"extrema","","","","","","","",""
"extundelete","","","","","","","",""
"exuberant-ctags","","","","","","","",""
"ez-ipupdate","","","","","","","",""
"ezstream","","","","","","","",""
"eztrace","","","","","","","",""
"f2fs-tools","","","","","","","",""
"faad2","https://github.com/knik0/faad2.git","","","","","","",""
"faifa","","","","","","","",""
"failmalloc","","","","","","","",""
"fair","","","","","","","",""
"fairymax","","","","","","","",""
"fakechroot","https://github.com/dex4er/fakechroot.git","","","","","","",""
"fakeroot","","","","","","","",""
"fakeroot-ng","","","","","","","",""
"faketime","https://github.com/wolfcw/libfaketime.git","","","","","","",""
"falcosecurity-libs","https://github.com/falcosecurity/libs.git","","","","","","",""
"falselogin","","","","","","","",""
"fam","","","","","","","",""
"fapg","","","","","","","",""
"farmhash","https://github.com/google/farmhash.git","","","","","","",""
"farpd","","","","","","","",""
"farstream-0.2","","","","","","","",""
"fast-cpp-csv-parser","https://github.com/ben-strasser/fast-cpp-csv-parser.git","","","","","","",""
"fast-float","https://github.com/fastfloat/fast_float.git","","","","","","",""
"fast5","https://github.com/mateidavid/fast5.git","","","","","","",""
"fastcdr","https://github.com/eprosima/fast-cdr.git","","","","","","",""
"fastdds","https://github.com/eprosima/fast-dds.git","","","","","","",""
"fastdep","","","","","","","",""
"fastdnaml","","","","","","","",""
"fastjar","","","","","","","",""
"fastjet","","","","","","","",""
"fastlink","","","","","","","",""
"fastobj","https://github.com/thisistherk/fast_obj.git","","","","","","",""
"fasttext","https://github.com/facebookresearch/fasttext.git","","","","","","",""
"fatattr","","","","","","","",""
"fathom","https://github.com/jdart1/fathom.git","","","","","","",""
"fatrat","","","","","","","",""
"fatrat-czshare","","","","","","","",""
"fatrat-dev","","","","","","","",""
"fatrat-opensubtitles","","","","","","","",""
"fatresize","https://github.com/ya-mouse/fatresize.git","","","","","","",""
"fatsort","","","","","","","",""
"faucc","","","","","","","",""
"faudio","https://github.com/fna-xna/faudio.git","","","","","","",""
"fauhdlc","","","","","","","",""
"faust","","","","","","","",""
"fbcat","","","","","","","",""
"fbdesk","","","","","","","",""
"fbpager","https://github.com/fluxbox/fbpager.git","","","","","","",""
"fbpanel","","","","","","","",""
"fbreader","","","","","","","",""
"fbset","","","","","","","",""
"fceu","","","","","","","",""
"fcft","","","","","https://codeberg.org/dnkl/fcft.git","","",""
"fcidecomp","","https://gitlab.eumetsat.int/open-source/data-tailor-plugins/fcidecomp.git","","","","","",""
"fcitx","https://github.com/fcitx/fcitx.git","","","","","","",""
"fcitx-frontend-qt4","","","","","","","",""
"fcitx-qt5","","","","","","","",""
"fcitx5","https://github.com/fcitx/fcitx5.git","","","","","","",""
"fcitx5-chinese-addons","https://github.com/fcitx/fcitx5-chinese-addons.git","","","","","","",""
"fcitx5-gtk","https://github.com/fcitx/fcitx5-gtk.git","","","","","","",""
"fcitx5-lua","https://github.com/fcitx/fcitx5-lua.git","","","","","","",""
"fcitx5-module-cloudpinyin","","","","","","","",""
"fcitx5-module-lua","","","","","","","",""
"fcitx5-module-pinyinhelper","","","","","","","",""
"fcitx5-module-punctuation","","","","","","","",""
"fcitx5-modules","","","","","","","",""
"fcitx5-qt","https://github.com/fcitx/fcitx5-qt.git","","","","","","",""
"fckit","https://github.com/ecmwf/fckit.git","","","","","","",""
"fcl","","","","","","","",""
"fclib","","","","","","","",""
"fcml","","","","","","","",""
"fdb","https://github.com/ecmwf/fdb.git","","","","","","",""
"fdisk-udeb","","","","","","","",""
"fdupes","https://github.com/adrianlopezroche/fdupes.git","","","","","","",""
"fdutils","","","","","","","",""
"feedbackd","","","","","","","",""
"felix-latin","","","","","","","",""
"fenics-dolfinx","","","","","","","",""
"fenicsx-performance-tests","https://github.com/fenics/performance-test.git","","","","","","",""
"fenix","","","","","","","",""
"fenix-dev","","","","","","","",""
"fermi-lite","https://github.com/lh3/fermi-lite.git","","","","","","",""
"festival","","","","","","","",""
"fetchmail","","","","","","","",""
"ffcall","","","","","","","",""
"ffindex","https://github.com/ahcm/ffindex.git","","","","","","",""
"fflas-ffpack","","","","","","","",""
"ffmpeg","","","","","","","",""
"ffmpeg2theora","","","","","","","",""
"ffmpegthumbnailer","https://github.com/dirkvdb/ffmpegthumbnailer.git","","","","","","",""
"ffmpegthumbnailer-dbg","","","","","","","",""
"ffms2","https://github.com/ffms/ffms2.git","","","","","","",""
"fftw","","","","","","","",""
"fftw3","","","","","","","",""
"fglrx-amdcccle","","","","","","","",""
"fiat-ecmwf","https://github.com/ecmwf-ifs/fiat.git","","","","","","",""
"fiat-utils","","","","","","","",""
"field3d","","","","","","","",""
"fifechan","","","","","","","",""
"fig2dev","","","","","","","",""
"fil-plugins","","","","","","","",""
"filament","https://github.com/google/filament.git","","","","","","",""
"file","","","","","","","",""
"file-roller","","","","","","","",""
"filelight","","","","","","","",""
"fileschanged","","","","","","","",""
"filezilla","","","","","","","",""
"fillets-ng","","","","","","","",""
"fillets-ng-data","","","","","","","",""
"filters","","","","","","","",""
"finalcut","https://github.com/gansm/finalcut.git","","","","","","",""
"findutils","","","","","","","",""
"finger","","","","","","","",""
"fio","https://github.com/axboe/fio.git","","","","","","",""
"firebird2.1-classic","","","","","","","",""
"firebird2.1-dev","","","","","","","",""
"firebird2.1-super","","","","","","","",""
"firebird2.5-classic","","","","","","","",""
"firebird4.0","","","","","","","",""
"firebird4.0-common","","","","","","","",""
"firebird4.0-common-doc","","","","","","","",""
"firefox","","","","","","","",""
"firefox-l10n-ach","","","","","","","",""
"firefox-l10n-af","","","","","","","",""
"firefox-l10n-all","","","","","","","",""
"firefox-l10n-an","","","","","","","",""
"firefox-l10n-ar","","","","","","","",""
"firefox-l10n-ast","","","","","","","",""
"firefox-l10n-az","","","","","","","",""
"firefox-l10n-be","","","","","","","",""
"firefox-l10n-bg","","","","","","","",""
"firefox-l10n-bn","","","","","","","",""
"firefox-l10n-br","","","","","","","",""
"firefox-l10n-bs","","","","","","","",""
"firefox-l10n-ca","","","","","","","",""
"firefox-l10n-ca-valencia","","","","","","","",""
"firefox-l10n-cak","","","","","","","",""
"firefox-l10n-cs","","","","","","","",""
"firefox-l10n-cy","","","","","","","",""
"firefox-l10n-da","","","","","","","",""
"firefox-l10n-de","","","","","","","",""
"firefox-l10n-dsb","","","","","","","",""
"firefox-l10n-el","","","","","","","",""
"firefox-l10n-en-ca","","","","","","","",""
"firefox-l10n-en-gb","","","","","","","",""
"firefox-l10n-eo","","","","","","","",""
"firefox-l10n-es-ar","","","","","","","",""
"firefox-l10n-es-cl","","","","","","","",""
"firefox-l10n-es-es","","","","","","","",""
"firefox-l10n-es-mx","","","","","","","",""
"firefox-l10n-et","","","","","","","",""
"firefox-l10n-eu","","","","","","","",""
"firefox-l10n-fa","","","","","","","",""
"firefox-l10n-ff","","","","","","","",""
"firefox-l10n-fi","","","","","","","",""
"firefox-l10n-fr","","","","","","","",""
"firefox-l10n-fur","","","","","","","",""
"firefox-l10n-fy-nl","","","","","","","",""
"firefox-l10n-ga-ie","","","","","","","",""
"firefox-l10n-gd","","","","","","","",""
"firefox-l10n-gl","","","","","","","",""
"firefox-l10n-gn","","","","","","","",""
"firefox-l10n-gu-in","","","","","","","",""
"firefox-l10n-he","","","","","","","",""
"firefox-l10n-hi-in","","","","","","","",""
"firefox-l10n-hr","","","","","","","",""
"firefox-l10n-hsb","","","","","","","",""
"firefox-l10n-hu","","","","","","","",""
"firefox-l10n-hy-am","","","","","","","",""
"firefox-l10n-ia","","","","","","","",""
"firefox-l10n-id","","","","","","","",""
"firefox-l10n-is","","","","","","","",""
"firefox-l10n-it","","","","","","","",""
"firefox-l10n-ja","","","","","","","",""
"firefox-l10n-ka","","","","","","","",""
"firefox-l10n-kab","","","","","","","",""
"firefox-l10n-kk","","","","","","","",""
"firefox-l10n-km","","","","","","","",""
"firefox-l10n-kn","","","","","","","",""
"firefox-l10n-ko","","","","","","","",""
"firefox-l10n-lij","","","","","","","",""
"firefox-l10n-lt","","","","","","","",""
"firefox-l10n-lv","","","","","","","",""
"firefox-l10n-mk","","","","","","","",""
"firefox-l10n-mr","","","","","","","",""
"firefox-l10n-ms","","","","","","","",""
"firefox-l10n-my","","","","","","","",""
"firefox-l10n-nb-no","","","","","","","",""
"firefox-l10n-ne-np","","","","","","","",""
"firefox-l10n-nl","","","","","","","",""
"firefox-l10n-nn-no","","","","","","","",""
"firefox-l10n-oc","","","","","","","",""
"firefox-l10n-pa-in","","","","","","","",""
"firefox-l10n-pl","","","","","","","",""
"firefox-l10n-pt-br","","","","","","","",""
"firefox-l10n-pt-pt","","","","","","","",""
"firefox-l10n-rm","","","","","","","",""
"firefox-l10n-ro","","","","","","","",""
"firefox-l10n-ru","","","","","","","",""
"firefox-l10n-sat","","","","","","","",""
"firefox-l10n-sc","","","","","","","",""
"firefox-l10n-sco","","","","","","","",""
"firefox-l10n-si","","","","","","","",""
"firefox-l10n-sk","","","","","","","",""
"firefox-l10n-skr","","","","","","","",""
"firefox-l10n-sl","","","","","","","",""
"firefox-l10n-son","","","","","","","",""
"firefox-l10n-sq","","","","","","","",""
"firefox-l10n-sr","","","","","","","",""
"firefox-l10n-sv-se","","","","","","","",""
"firefox-l10n-szl","","","","","","","",""
"firefox-l10n-ta","","","","","","","",""
"firefox-l10n-te","","","","","","","",""
"firefox-l10n-tg","","","","","","","",""
"firefox-l10n-th","","","","","","","",""
"firefox-l10n-tl","","","","","","","",""
"firefox-l10n-tr","","","","","","","",""
"firefox-l10n-trs","","","","","","","",""
"firefox-l10n-uk","","","","","","","",""
"firefox-l10n-ur","","","","","","","",""
"firefox-l10n-uz","","","","","","","",""
"firefox-l10n-vi","","","","","","","",""
"firefox-l10n-xh","","","","","","","",""
"firefox-l10n-zh-cn","","","","","","","",""
"firefox-l10n-zh-tw","","","","","","","",""
"firmware-b43-installer","","","","","","","",""
"firmware-b43legacy-installer","","","","","","","",""
"fish","","","","","","","",""
"fityk","","","","","","","",""
"five-or-more","","","","","","","",""
"flac","","","","","","","",""
"flake","","","","","","","",""
"flam3","https://github.com/scottdraves/flam3.git","","","","","","",""
"flamerobin","","","","","","","",""
"flann","","","","","","","",""
"flashrom","","","","","","","",""
"flasm","","","","","","","",""
"flatbuffers","","","","","","","",""
"flatbuffers-compiler-dev","","","","","","","",""
"flatpak","","","","","","","",""
"flatzebra","","","","","","","",""
"fldigi","","","","","","","",""
"flex","https://github.com/westes/flex.git","","","","","","",""
"flex-old","","","","","","","",""
"flex-old-doc","","","","","","","",""
"flickcurl","","","","","","","",""
"flightcrew","https://github.com/sigil-ebook/flightcrew.git","","","","","","",""
"flint","","","","","","","",""
"flite","","","","","","","",""
"flog","","","","","","","",""
"florence","","","","","","","",""
"fltk1.1-games","","","","","","","",""
"fltk1.3","","","","","","","",""
"fltk1.4","","","","","","","",""
"fluid-soundfont-gm","","","","","","","",""
"fluidsynth","https://github.com/fluidsynth/fluidsynth.git","","","","","","",""
"fluidsynth-dssi","","","","","","","",""
"fluxbox","","","","","","","",""
"flvmeta","https://github.com/noirotm/flvmeta.git","","","","","","",""
"flvstreamer","","","","","","","",""
"flwm","","","","","","","",""
"flxmlrpc","","","","","","","",""
"fmtlib","","","","","","","",""
"fntsample","https://github.com/eugmes/fntsample.git","","","","","","",""
"folium","","","","","","","",""
"folks","","","","","","","",""
"foma","","","","","","","",""
"fontconfig","","","","","","","",""
"fontforge","","","","","","","",""
"fontmatrix","","","","","","","",""
"fonts-aenigma","","","","","","","",""
"fonts-arphic-bkai00mp","","","","","","","",""
"fonts-arphic-uming","","","","","","","",""
"fonts-cantarell","","","","","","","",""
"fonts-culmus-fancy","","","","","","","",""
"fonts-dclfonts","","","","","","","",""
"fonts-dejavu","","","","","","","",""
"fonts-dejavu-core","","","","","","","",""
"fonts-dejavu-extra","","","","","","","",""
"fonts-dejavu-mono","","","","","","","",""
"fonts-droid-fallback","","","","","","","",""
"fonts-dustin","","","","","","","",""
"fonts-font-awesome","","","","","","","",""
"fonts-freefont-otf","","","","","","","",""
"fonts-freefont-ttf","","","","","","","",""
"fonts-gargi","","","","","","","",""
"fonts-hosny-amiri","","","","","","","",""
"fonts-ipafont-gothic","","","","","","","",""
"fonts-jura","","","","","","","",""
"fonts-kanjistrokeorders","","","","","","","",""
"fonts-lato","","","","","","","",""
"fonts-liberation","","","","","","","",""
"fonts-nakula","","","","","","","",""
"fonts-nanum","","","","","","","",""
"fonts-noto","","","","","","","",""
"fonts-noto-cjk","","","","","","","",""
"fonts-noto-color-emoji","","","","","","","",""
"fonts-noto-core","","","","","","","",""
"fonts-noto-mono","","","","","","","",""
"fonts-noto-ui-core","","","","","","","",""
"fonts-open-sans","","","","","","","",""
"fonts-opensymbol","","","","","","","",""
"fonts-osifont","","","","","","","",""
"fonts-roboto","","","","","","","",""
"fonts-roboto-slab","","","","","","","",""
"fonts-roboto-unhinted","","","","","","","",""
"fonts-sil-andika","","","","","","","",""
"fonts-sil-gentium","","","","","","","",""
"fonts-sjfonts","","","","","","","",""
"fonts-stix","","","","","","","",""
"fonts-tlwg-waree","","","","","","","",""
"fonts-tuffy","","","","","","","",""
"fonts-uralic","","","","","","","",""
"fonts-urw-base35","","","","","","","",""
"fonts-vlgothic","","","","","","","",""
"fonts-wqy-microhei","","","","","","","",""
"fonttools-eexecop","","","","","","","",""
"foo2zjs","","","","","","","",""
"foobillard","","","","","","","",""
"foobillardplus","","","","","","","",""
"foonathan-memory","https://github.com/foonathan/memory.git","","","","","","",""
"fop","","","","","","","",""
"fortune-mod","https://github.com/shlomif/fortune-mod.git","","","","","","",""
"fortunes-off","","","","","","","",""
"fosfat","","","","","","","",""
"fossil","","","","","","","",""
"fotowall","","","","","","","",""
"fotoxx","","","","","","","",""
"foundry","","","","","","","",""
"four-in-a-row","","","","","","","",""
"fox1.6","","","","","","","",""
"foxtrotgps","","","","","","","",""
"fparserc++","","","","","","","",""
"fpgatools","https://github.com/wolfgang-spraul/fpgatools.git","","","","","","",""
"fping","","","","","","","",""
"fplll","https://github.com/fplll/fplll.git","","","","","","",""
"fpm2","","","","","","","",""
"fprobe-ng","","","","","","","",""
"fpzip","https://github.com/llnl/fpzip.git","","","","","","",""
"fqterm","https://github.com/mytbk/fqterm.git","","","","","","",""
"frame","","","","","","","",""
"frameworkintegration","","","","","","https://invent.kde.org/frameworks/frameworkintegration","",""
"francine","","","","","","","",""
"freealut","https://github.com/vancegroup/freealut.git","","","","","","",""
"freebsd-buildutils","","","","","","","",""
"freecad","","","","","","","",""
"freecell-solver","","","","","","","",""
"freeciv","","","","","","","",""
"freeciv-client-gtk","","","","","","","",""
"freeciv-client-xaw3d","","","","","","","",""
"freeciv-data","","","","","","","",""
"freecontact","","","","","","","",""
"freediameter","","","","","","","",""
"freedink","","","","","","","",""
"freedink-data","","","","","","","",""
"freedink-dfarc","","","","","","","",""
"freefem","","","","","","","",""
"freefem++","","","","","","","",""
"freefem3d","","","","","","","",""
"freeglut","","","","","","","",""
"freeglut3","","","","","","","",""
"freehdl","","","","","","","",""
"freeimage","","","","","","","",""
"freeipmi","","","","","","","",""
"freeipmi-common","","","","","","","",""
"freeipmi-tools","","","","","","","",""
"freemat","","","","","","","",""
"freeorion","","","","","","","",""
"freepats","","","","","","","",""
"freepops","","","","","","","",""
"freeradius","","","","","","","",""
"freerdp-x11","","","","","","","",""
"freerdp3","","","","","","","",""
"freesci","","","","","","","",""
"freespacenotifier","","","","","","","",""
"freesweep","https://github.com/rwestlund/freesweep.git","","","","","","",""
"freetalk","","","","","","","",""
"freetds","","","","","","","",""
"freetds-dev","","","","","","","",""
"freetype","","","","","","","",""
"freexl","","","","","","","",""
"fribidi","","","","","","","",""
"friso","https://github.com/lionsoul2014/friso.git","","","","","","",""
"fritzing","","","","","","","",""
"fritzing-parts","","","","","","","",""
"frobby","https://github.com/macaulay2/frobby.git","","","","","","",""
"frog","","","","","","","",""
"frogatto","","","","","","","",""
"frotz","","","","","","","",""
"frozen","https://github.com/serge-sans-paille/frozen.git","","","","","","",""
"frugally-deep","https://github.com/dobiasd/frugally-deep.git","","","","","","",""
"fruit","","","","","","","",""
"fsarchiver","","","","","","","",""
"fsl","","","","","","","",""
"fslview","","","","","","","",""
"fso-gsm0710muxd","","","","","","","",""
"fsplib","","","","","","","",""
"fspy","","","","","","","",""
"fst","","","","","","https://git.iem.at/zmoelnig/fst/","",""
"fstrcmp","","","","","","","",""
"fstrm","https://github.com/farsightsec/fstrm.git","","","","","","",""
"fsverity-utils","","","","","","https://git.kernel.org/pub/scm/fs/fsverity/fsverity-utils.git","",""
"fsvs","https://github.com/phmarek/fsvs.git","","","","","","",""
"fswebcam","","","","","","","",""
"fte","","","","","","","",""
"ftgl","https://github.com/frankheckenbach/ftgl.git","","","","","","",""
"ftools-fv","","","","","","","",""
"ftpd","","","","","","","",""
"ftplib","","","","","","","",""
"ftxui","https://github.com/arthursonzogni/ftxui.git","","","","","","",""
"fullquottel","","","","","","","",""
"funguloids","","","","","","","",""
"funguloids-data","","","","","","","",""
"fungw","","","","","","","",""
"funtools","https://github.com/ericmandel/funtools.git","","","","","","",""
"fuse","https://github.com/libfuse/libfuse.git","","","","","","",""
"fuse-umfuse-fat","https://github.com/virtualsquare/fusefatfs.git","","","","","","",""
"fuse3","https://github.com/libfuse/libfuse.git","","","","","","",""
"fusedav","","","","","","","",""
"fuseiso","","","","","","","",""
"fusesmb","","","","","","","",""
"futuresql","","","","","","https://invent.kde.org/libraries/futuresql","",""
"fuzzylite","","","","","","","",""
"fwknop","","","","","","","",""
"fwupd","https://github.com/fwupd/fwupd.git","","","","","","",""
"fxt","","","","","","","",""
"fyba","https://github.com/kartverket/fyba.git","","","","","","",""
"fyre","","","","","","","",""
"g++-14","","","","","","","",""
"g++-4.4","","","","","","","",""
"g++-4.5","","","","","","","",""
"g++-4.6","","","","","","","",""
"g++-x86-64-linux-gnu","","","","","","","",""
"g15daemon","","","","","","","",""
"g15mpd","","","","","","","",""
"g2","https://github.com/danielrmeyer/g2.git","","","","","","",""
"g2clib","https://github.com/noaa-emc/nceplibs-g2c.git","","","","","","",""
"g2o","","","","","","","",""
"g3dviewer","","","","","","","",""
"g810-led","https://github.com/matmoul/g810-led.git","","","","","","",""
"ga","","","","","","","",""
"gadap","","","","","","","",""
"gadmin-bind","","","","","","","",""
"gadmin-bind-dbg","","","","","","","",""
"gadmin-proftpd","","","","","","","",""
"gaffitter","","","","","","","",""
"galera-4","","","","","","","",""
"galib","","","","","","","",""
"galleta","","","","","","","",""
"gamazons","","","","","","","",""
"gambas2-dev","","","","","","","",""
"gambas2-script","","","","","","","",""
"gambas3","","","","","","","",""
"gambas3-devel","","","","","","","",""
"gambc","","","","","","","",""
"game-music-emu","https://github.com/libgme/game-music-emu.git","","","","","","",""
"gamemode","https://github.com/feralinteractive/gamemode.git","","","","","","",""
"gamemode-daemon","","","","","","","",""
"gamgi","","","","","","","",""
"gamgi-data","","","","","","","",""
"gamgi-doc","","","","","","","",""
"gamin","","","","","","","",""
"gammaray","","","","","","","",""
"gammu","","","","","","","",""
"gamt","","","","","","","",""
"gap","","","","","","","",""
"gap-libs","","","","","","","",""
"garcon","","","","","","","",""
"garden-of-coloured-lights","","","","","","","",""
"garmin-forerunner-tools","https://github.com/phako/garmintools.git","","","","","","",""
"gatb-core","https://github.com/gatb/gatb-core.git","","","","","","",""
"gatos","","","","","","","",""
"gau2grid","https://github.com/dgasmith/gau2grid.git","","","","","","",""
"gauche","","","","","","","",""
"gaviotatb","","","","","","","",""
"gavl","","","","","","","",""
"gawk","","","","","","","",""
"gbatnav","","","","","","","",""
"gbemol","","","","","","","",""
"gbgoffice","","","","","","","",""
"gbrowse","","","","","","","",""
"gbsplay","https://github.com/mmitch/gbsplay.git","","","","","","",""
"gcab","","","","","","","",""
"gcalctool","","","","","","","",""
"gcc","","","","","","","",""
"gcc-12","","","","","","","",""
"gcc-12-cross","","","","","","","",""
"gcc-12-cross-base","","","","","","","",""
"gcc-12-cross-base-ports","","","","","","","",""
"gcc-12-cross-ports","","","","","","","",""
"gcc-13","","","","","","","",""
"gcc-13-cross","","","","","","","",""
"gcc-13-cross-base","","","","","","","",""
"gcc-13-cross-base-mipsen","","","","","","","",""
"gcc-13-cross-base-ports","","","","","","","",""
"gcc-13-cross-mipsen","","","","","","","",""
"gcc-13-cross-ports","","","","","","","",""
"gcc-14","","","","","","","",""
"gcc-14-cross","","","","","","","",""
"gcc-14-cross-base","","","","","","","",""
"gcc-14-cross-base-mipsen","","","","","","","",""
"gcc-14-cross-base-ports","","","","","","","",""
"gcc-14-cross-mipsen","","","","","","","",""
"gcc-14-cross-ports","","","","","","","",""
"gcc-4.4","","","","","","","",""
"gcc-4.4-base","","","","","","","",""
"gcc-4.5","","","","","","","",""
"gcc-4.6","","","","","","","",""
"gcc-4.7","","","","","","","",""
"gcc-arm-none-eabi","","","","","","","",""
"gcc-avr","","","","","","","",""
"gcc-defaults","","","","","","","",""
"gcc-h8300-hms","","","","","","","",""
"gcc-mingw32","","","","","","","",""
"gcc-msp430","","","","","","","",""
"gcc-sh-elf","","","","","","","",""
"gcc-x86-64-linux-gnu","","","","","","","",""
"gcin","","","","","","","",""
"gcin-qt4-immodule","","","","","","","",""
"gcj-4.6-base","","","","","","","",""
"gcl","","","","","","","",""
"gcolor2","","","","","","","",""
"gconf-cleaner","","","","","","","",""
"gconf-editor","","","","","","","",""
"gconf2","","","","","","","",""
"gconjugue","https://github.com/jalvesaq/gconjugue.git","","","","","","",""
"gcr","","","","","","","",""
"gcr4","","","","","","","",""
"gcx","","","","","","","",""
"gdal","","","","","","","",""
"gdal-data","","","","","","","",""
"gdal-plugins","","","","","","","",""
"gdb","","","","","","","",""
"gdb-mingw-w64","","","","","","","",""
"gdb64","","","","","","","",""
"gdbm","","","","","","","",""
"gdbuspp","","","","","https://codeberg.org/openvpn/gdbuspp.git","","",""
"gdcm","","","","","","","",""
"gdisk","","","","","","","",""
"gdk-pixbuf","","","","","","","",""
"gdk-pixbuf-xlib","","","","","","","",""
"gdm3","","","","","","","",""
"gdmap","","https://gitlab.com/sjohannes/gdmap.git","","","","","",""
"gdome2","","","","","","","",""
"gdpc","","","","","","","",""
"geany","","","","","","","",""
"gearmand","","","","","","","",""
"gecko-mediaplayer","","","","","","","",""
"gecode","","","","","","","",""
"geda-gattrib","","","","","","","",""
"geda-gnetlist","","","","","","","",""
"geda-gschem","","","","","","","",""
"geda-gsymcheck","","","","","","","",""
"geda-utils","","","","","","","",""
"gedit","","","","","","","",""
"geeqie","","","","","","","",""
"gegl","","","","","","","",""
"gelemental","https://github.com/ginggs/gelemental.git","","","","","","",""
"gem","","","","","","","",""
"gemmi","","","","","","","",""
"gems","","","","","","","",""
"genders","","","","","","","",""
"geners","","","","","","","",""
"genext2fs","https://github.com/bestouff/genext2fs.git","","","","","","",""
"gengetopt","","","","","","","",""
"genht","","","","","","","",""
"genisoimage","","","","","","","",""
"genometools","","","","","","","",""
"gensio","https://github.com/cminyard/gensio.git","","","","","","",""
"gentle","","","","","","","",""
"gentoo","","","","","","","",""
"genwqe-user","https://github.com/ibm-genwqe/genwqe-user.git","","","","","","",""
"geoclue-2.0","","https://gitlab.freedesktop.org/geoclue/geoclue/wikis/home.git","","","","","",""
"geoclue-hostip","","","","","","","",""
"geoclue-localnet","","","","","","","",""
"geoclue-manual","","","","","","","",""
"geoclue-yahoo","","","","","","","",""
"geocode-glib","","","","","","","",""
"geographiclib","","","","","","","",""
"geoip","","","","","","","",""
"geoip-bin","","","","","","","",""
"geomview","","","","","","","",""
"geonames","","https://gitlab.com/ubports/development/core/geonames.git","","","","","",""
"geos","","","","","","","",""
"gerris","","","","","","","",""
"getdns","","","","","","","",""
"getfem","","","","","","","",""
"gettext","","","","","","","",""
"gettext-base","","","","","","","",""
"gexiv2","","","","","","","",""
"gf-complete","","","","","","","",""
"gf2x","","","","","","","",""
"gfal2","","","","","","","",""
"gfarm","","","","","","","",""
"gff2aplot","","","","","","","",""
"gfio","","","","","","","",""
"gflags","","","","","","","",""
"gfortran","","","","","","","",""
"gfortran-14","","","","","","","",""
"gfpoken","","","","","","","",""
"gfs-tools","","","","","","","",""
"gfs2-utils","","","","","","","",""
"gfsview","","","","","","","",""
"ggzcore-bin","","","","","","","",""
"ghc6","","","","","","","",""
"ghemical","","","","","","","",""
"ghex","","","","","","","",""
"ghmm","","","","","","","",""
"ghostscript","","","","","","","",""
"ghostscript-x","","","","","","","",""
"giac","","","","","","","",""
"giflib","","","","","","","",""
"gifsicle","","","","","","","",""
"gifticlib","","","","","","","",""
"giftrans","","","","","","","",""
"gigedit","","","","","","","",""
"gigolo","","","","","","","",""
"gimmix","","","","","","","",""
"gimp","","","","","","","",""
"gimp-cbmplugs","","","","","","","",""
"gimp-gmic","","","","","","","",""
"gimp-plugin-registry","","","","","","","",""
"gimp-resynthesizer","","","","","","","",""
"ginac","","","","","","","",""
"gio-qt","https://github.com/linuxdeepin/gio-qt.git","","","","","","",""
"gir1.2-accounts-1.0","","","","","","","",""
"gir1.2-accountsservice-1.0-dev","","","","","","","",""
"gir1.2-adw-1","","","","","","","",""
"gir1.2-adw-1-dev","","","","","","","",""
"gir1.2-ags-7.0","","","","","","","",""
"gir1.2-agsaudio-7.0","","","","","","","",""
"gir1.2-agsgui-7.0","","","","","","","",""
"gir1.2-amtk-5","","","","","","","",""
"gir1.2-amtk-5-dev","","","","","","","",""
"gir1.2-anjuta-3.0","","","","","","","",""
"gir1.2-aperture-0","","","","","","","",""
"gir1.2-appstream-1.0","","","","","","","",""
"gir1.2-appstreamcompose-1.0","","","","","","","",""
"gir1.2-appstreamglib-1.0","","","","","","","",""
"gir1.2-aravis-0.8","","","","","","","",""
"gir1.2-atk-1.0","","","","","","","",""
"gir1.2-atk-1.0-dev","","","","","","","",""
"gir1.2-atrildocument-1.5.0","","","","","","","",""
"gir1.2-atrilview-1.5.0","","","","","","","",""
"gir1.2-atspi-2.0","","","","","","","",""
"gir1.2-avahi-0.6","","","","","","","",""
"gir1.2-ayatanaappindicator3-0.1","","","","","","","",""
"gir1.2-ayatanacommon-0.1","","","","","","","",""
"gir1.2-ayatanaido3-0.4","","","","","","","",""
"gir1.2-babl-0.1","","","","","","","",""
"gir1.2-babl-0.1-dev","","","","","","","",""
"gir1.2-bamf-3","","","","","","","",""
"gir1.2-blockdev-3.0","","","","","","","",""
"gir1.2-brasero-3.1","","","","","","","",""
"gir1.2-budgie-1.0","","","","","","","",""
"gir1.2-budgieraven-1.0","","","","","","","",""
"gir1.2-burner-3.1","","","","","","","",""
"gir1.2-cairo-1.0","","","","","","","",""
"gir1.2-cairo-1.0-dev","","","","","","","",""
"gir1.2-caja-2.0","","","","","","","",""
"gir1.2-camel-1.2","","","","","","","",""
"gir1.2-caribou-1.0","","","","","","","",""
"gir1.2-casilda-0.1","","","","","","","",""
"gir1.2-cattle-1.0","","","","","","","",""
"gir1.2-champlain-0.12","","","","","","","",""
"gir1.2-cheese-3.0","","","","","","","",""
"gir1.2-cinnamondesktop-3.0","","","","","","","",""
"gir1.2-click-0.4","","","","","","","",""
"gir1.2-cloudproviders-0.3.0","","","","","","","",""
"gir1.2-cmenu-3.0","","","","","","","",""
"gir1.2-colord-1.0","","","","","","","",""
"gir1.2-colordgtk-1.0","","","","","","","",""
"gir1.2-colorhug-1.0","","","","","","","",""
"gir1.2-cryptui-0.0","","","","","","","",""
"gir1.2-cvc-1.0","","","","","","","",""
"gir1.2-dbus-1.0-dev","","","","","","","",""
"gir1.2-dbusmenu-glib-0.4","","","","","","","",""
"gir1.2-dbusmenu-gtk3-0.4","","","","","","","",""
"gir1.2-dee-1.0","","","","","","","",""
"gir1.2-dex-1","","","","","","","",""
"gir1.2-diodon-1.0","","","","","","","",""
"gir1.2-dmap-4.0","","","","","","","",""
"gir1.2-ebackend-1.2","","","","","","","",""
"gir1.2-ebook-1.2","","","","","","","",""
"gir1.2-ebookcontacts-1.2","","","","","","","",""
"gir1.2-ebookcontacts-1.2-dev","","","","","","","",""
"gir1.2-ecal-2.0","","","","","","","",""
"gir1.2-edatabook-1.2","","","","","","","",""
"gir1.2-edatacal-2.0","","","","","","","",""
"gir1.2-edataserver-1.2","","","","","","","",""
"gir1.2-edataserver-1.2-dev","","","","","","","",""
"gir1.2-edataserverui-1.2","","","","","","","",""
"gir1.2-edataserverui4-1.0","","","","","","","",""
"gir1.2-endless-0","","","","","","","",""
"gir1.2-eom-1.0","","","","","","","",""
"gir1.2-evd-0.2","","","","","","","",""
"gir1.2-farstream-0.1","","","","","","","",""
"gir1.2-fcitxg-1.0","","","","","","","",""
"gir1.2-flatpak-1.0","","","","","","","",""
"gir1.2-folks-0.7","","","","","","","",""
"gir1.2-fprint-2.0","","","","","","","",""
"gir1.2-freedesktop","","","","","","","",""
"gir1.2-freetype2-2.0-dev","","","","","","","",""
"gir1.2-fwupd-2.0","","","","","","","",""
"gir1.2-garcon-1.0","","","","","","","",""
"gir1.2-garcongtk-1.0","","","","","","","",""
"gir1.2-gcab-1.0","","","","","","","",""
"gir1.2-gck-1","","","","","","","",""
"gir1.2-gck-2","","","","","","","",""
"gir1.2-gcr-3","","","","","","","",""
"gir1.2-gcr-4","","","","","","","",""
"gir1.2-gda-5.0","","","","","","","",""
"gir1.2-gdata-0.0","","","","","","","",""
"gir1.2-gdesktopenums-3.0","","","","","","","",""
"gir1.2-gdesktopenums-3.0-dev","","","","","","","",""
"gir1.2-gdk-3.0","","","","","","","",""
"gir1.2-gdk-3.0-dev","","","","","","","",""
"gir1.2-gdk-4.0-dev","","","","","","","",""
"gir1.2-gdkpixbuf-2.0","","","","","","","",""
"gir1.2-gdkpixbuf-2.0-dev","","","","","","","",""
"gir1.2-gdm-1.0","","","","","","","",""
"gir1.2-gee-0.8","","","","","","","",""
"gir1.2-gee-0.8-dev","","","","","","","",""
"gir1.2-gegl-0.4","","","","","","","",""
"gir1.2-geoclue-2.0","","","","","","","",""
"gir1.2-geocodeglib-2.0","","","","","","","",""
"gir1.2-gepub-0.7","","","","","","","",""
"gir1.2-ges-1.0","","","","","","","",""
"gir1.2-gexiv2-0.10","","","","","","","",""
"gir1.2-gfls-1","","","","","","","",""
"gir1.2-ggit-1.0","","","","","","","",""
"gir1.2-gio-2.0","","","","","","","",""
"gir1.2-gio-2.0-dev","","","","","","","",""
"gir1.2-girepository-2.0","","","","","","","",""
"gir1.2-girepository-3.0","","","","","","","",""
"gir1.2-gkbd-3.0","","","","","","","",""
"gir1.2-gl-1.0","","","","","","","",""
"gir1.2-gladeui-2.0","","","","","","","",""
"gir1.2-glib-2.0","","","","","","","",""
"gir1.2-gly-1","","","","","","","",""
"gir1.2-glygtk4-1","","","","","","","",""
"gir1.2-gm-0","","","","","","","",""
"gir1.2-gmenu-3.0","","","","","","","",""
"gir1.2-gmime-3.0","","","","","","","",""
"gir1.2-gmodule-2.0","","","","","","","",""
"gir1.2-gmodule-2.0-dev","","","","","","","",""
"gir1.2-gnomeautoar-0.1","","","","","","","",""
"gir1.2-gnomeautoargtk-0.1","","","","","","","",""
"gir1.2-gnomebg-4.0","","","","","","","",""
"gir1.2-gnomebluetooth-3.0","","","","","","","",""
"gir1.2-gnomedesktop-3.0","","","","","","","",""
"gir1.2-gnomedesktop-4.0","","","","","","","",""
"gir1.2-gnomerr-4.0","","","","","","","",""
"gir1.2-goa-1.0","","","","","","","",""
"gir1.2-goa-1.0-dev","","","","","","","",""
"gir1.2-gobject-2.0","","","","","","","",""
"gir1.2-gobject-2.0-dev","","","","","","","",""
"gir1.2-goffice-0.10","","","","","","","",""
"gir1.2-gom-1.0","","","","","","","",""
"gir1.2-goocanvas-2.0","","","","","","","",""
"gir1.2-govirt-1.0","","","","","","","",""
"gir1.2-gpaste-2","","","","","","","",""
"gir1.2-gpastegtk-3","","","","","","","",""
"gir1.2-gpastegtk-4","","","","","","","",""
"gir1.2-granite-1.0","","","","","","","",""
"gir1.2-granite-7.0","","","","","","","",""
"gir1.2-graphene-1.0","","","","","","","",""
"gir1.2-graphene-1.0-dev","","","","","","","",""
"gir1.2-grilo-0.3","","","","","","","",""
"gir1.2-gsf-1","","","","","","","",""
"gir1.2-gsk-4.0-dev","","","","","","","",""
"gir1.2-gsound-1.0","","","","","","","",""
"gir1.2-gspell-1","","","","","","","",""
"gir1.2-gssdp-1.6","","","","","","","",""
"gir1.2-gssdp-1.6-dev","","","","","","","",""
"gir1.2-gst-1.0-dev","","","","","","","",""
"gir1.2-gst-plugins-bad-1.0","","","","","","","",""
"gir1.2-gst-plugins-base-1.0","","","","","","","",""
"gir1.2-gst-rtsp-server-1.0","","","","","","","",""
"gir1.2-gstbase-1.0-dev","","","","","","","",""
"gir1.2-gstreamer-1.0","","","","","","","",""
"gir1.2-gtherm-0.0","","","","","","","",""
"gir1.2-gtk-2.0","","","","","","","",""
"gir1.2-gtk-3.0","","","","","","","",""
"gir1.2-gtk-3.0-dev","","","","","","","",""
"gir1.2-gtk-4.0","","","","","","","",""
"gir1.2-gtk-4.0-dev","","","","","","","",""
"gir1.2-gtk-vnc-2.0","","","","","","","",""
"gir1.2-gtk4layershell-1.0","","","","","","","",""
"gir1.2-gtkchamplain-0.12","","","","","","","",""
"gir1.2-gtklayershell-0.1","","","","","","","",""
"gir1.2-gtksessionlock-0.1","","","","","","","",""
"gir1.2-gtksource-3.0","","","","","","","",""
"gir1.2-gtksource-300","","","","","","","",""
"gir1.2-gtksource-300-dev","","","","","","","",""
"gir1.2-gtksource-4","","","","","","","",""
"gir1.2-gtksource-5","","","","","","","",""
"gir1.2-gtkspell3-3.0","","","","","","","",""
"gir1.2-gtop-2.0","","","","","","","",""
"gir1.2-gudev-1.0","","","","","","","",""
"gir1.2-guestfs-1.0","","","","","","","",""
"gir1.2-gupnp-1.6","","","","","","","",""
"gir1.2-gupnp-av-1.0","","","","","","","",""
"gir1.2-gupnpdlna-2.0","","","","","","","",""
"gir1.2-gupnpigd-1.6","","","","","","","",""
"gir1.2-gusb-1.0","","","","","","","",""
"gir1.2-gweather-4.0","","","","","","","",""
"gir1.2-gxps-0.1","","","","","","","",""
"gir1.2-handy-1","","","","","","","",""
"gir1.2-harfbuzz-0.0","","","","","","","",""
"gir1.2-hinawa-4.0","","","","","","","",""
"gir1.2-hinawa-4.0-dev","","","","","","","",""
"gir1.2-hinoko-1.0","","","","","","","",""
"gir1.2-hitaki-0.0","","","","","","","",""
"gir1.2-hkl-5.0","","","","","","","",""
"gir1.2-ical-3.0","","","","","","","",""
"gir1.2-infinity-0.7","","","","","","","",""
"gir1.2-inputpad-1.1","","","","","","","",""
"gir1.2-itl-1.0","","","","","","","",""
"gir1.2-javascriptcoregtk-4.1","","","","","","","",""
"gir1.2-javascriptcoregtk-6.0","","","","","","","",""
"gir1.2-jcat-1.0","","","","","","","",""
"gir1.2-json-1.0","","","","","","","",""
"gir1.2-json-1.0-dev","","","","","","","",""
"gir1.2-jsonrpc-1.0","","","","","","","",""
"gir1.2-keybinder-3.0","","","","","","","",""
"gir1.2-kkc-1.0","","","","","","","",""
"gir1.2-langtag-0.6","","","","","","","",""
"gir1.2-lfb-0.0","","","","","","","",""
"gir1.2-libinsane-1.0","","","","","","","",""
"gir1.2-libmsi-1.0","","","","","","","",""
"gir1.2-libosinfo-1.0","","","","","","","",""
"gir1.2-libvirt-glib-1.0","","","","","","","",""
"gir1.2-libxfce4ui-2.0","","","","","","","",""
"gir1.2-libxfce4util-1.0","","","","","","","",""
"gir1.2-libxfce4util-1.0-dev","","","","","","","",""
"gir1.2-libxfce4windowing-0.0","","","","","","","",""
"gir1.2-libxfce4windowingui-0.0","","","","","","","",""
"gir1.2-libxml2-2.0","","","","","","","",""
"gir1.2-libxml2-2.0-dev","","","","","","","",""
"gir1.2-lokdocview-0.1","","","","","","","",""
"gir1.2-lomiriapplaunch-0","","","","","","","",""
"gir1.2-lunardate-3.0","","","","","","","",""
"gir1.2-magpie-0","","","","","","","",""
"gir1.2-malcontent-0","","","","","","","",""
"gir1.2-malcontentui-1","","","","","","","",""
"gir1.2-manette-0.2","","","","","","","",""
"gir1.2-matedesktop-2.0","","","","","","","",""
"gir1.2-matekbd-1.0","","","","","","","",""
"gir1.2-matemenu-2.0","","","","","","","",""
"gir1.2-matepanelapplet-4.0","","","","","","","",""
"gir1.2-mbim-1.0","","","","","","","",""
"gir1.2-mediaart-2.0","","","","","","","",""
"gir1.2-messagingmenu-1.0","","","","","","","",""
"gir1.2-meta-muffin-0.0","","","","","","","",""
"gir1.2-mirage-3.2","","","","","","","",""
"gir1.2-modemmanager-1.0","","","","","","","",""
"gir1.2-modulemd-2.0","","","","","","","",""
"gir1.2-msg-1","","","","","","","",""
"gir1.2-mutter-11","","","","","","","",""
"gir1.2-mutter-17","","","","","","","",""
"gir1.2-mutter-7","","","","","","","",""
"gir1.2-mypaint-1.5","","","","","","","",""
"gir1.2-nautilus-3.0","","","","","","","",""
"gir1.2-nautilus-4.1","","","","","","","",""
"gir1.2-nemo-3.0","","","","","","","",""
"gir1.2-nice-0.1","","","","","","","",""
"gir1.2-nm-1.0-dev","","","","","","","",""
"gir1.2-nma-1.0","","","","","","","",""
"gir1.2-nma4-1.0","","","","","","","",""
"gir1.2-notify-0.7","","","","","","","",""
"gir1.2-osmgpsmap-1.0","","","","","","","",""
"gir1.2-ostree-1.0","","","","","","","",""
"gir1.2-panel-1","","","","","","","",""
"gir1.2-pango-1.0","","","","","","","",""
"gir1.2-pango-1.0-dev","","","","","","","",""
"gir1.2-pangocairo-1.0","","","","","","","",""
"gir1.2-pangocairo-1.0-dev","","","","","","","",""
"gir1.2-papers-4.0","","","","","","","",""
"gir1.2-parlatype-5.0","","","","","","","",""
"gir1.2-peas-1.0","","","","","","","",""
"gir1.2-peas-2","","","","","","","",""
"gir1.2-playerctl-2.0","","","","","","","",""
"gir1.2-poppler-0.18","","","","","","","",""
"gir1.2-pqmarble-2","","","","","","","",""
"gir1.2-qmi-1.0","","","","","","","",""
"gir1.2-qrtr-1.0","","","","","","","",""
"gir1.2-rb-3.0","","","","","","","",""
"gir1.2-rda-1.0","","","","","","","",""
"gir1.2-rest-1.0","","","","","","","",""
"gir1.2-restextras-1.0","","","","","","","",""
"gir1.2-rsvg-2.0","","","","","","","",""
"gir1.2-secret-1","","","","","","","",""
"gir1.2-shumate-1.0","","","","","","","",""
"gir1.2-signon-2.0","","","","","","","",""
"gir1.2-skk-1.0","","","","","","","",""
"gir1.2-snapd-2","","","","","","","",""
"gir1.2-soup-2.4","","","","","","","",""
"gir1.2-soup-3.0","","","","","","","",""
"gir1.2-soup-3.0-dev","","","","","","","",""
"gir1.2-spelling-1","","","","","","","",""
"gir1.2-spiceclientglib-2.0","","","","","","","",""
"gir1.2-spiceclientgtk-3.0","","","","","","","",""
"gir1.2-sugarext-1.0","","","","","","","",""
"gir1.2-telepathyglib-0.12-dev","","","","","","","",""
"gir1.2-template-1.0","","","","","","","",""
"gir1.2-tepl-6","","","","","","","",""
"gir1.2-timezonemap-1.0","","","","","","","",""
"gir1.2-totemplparser-1.0","","","","","","","",""
"gir1.2-totemplparser-1.0-dev","","","","","","","",""
"gir1.2-tracker-2.0","","","","","","","",""
"gir1.2-tsparql-3.0","","","","","","","",""
"gir1.2-udisks-2.0","","","","","","","",""
"gir1.2-ufo-1.0","","","","","","","",""
"gir1.2-uhm-1.0","","","","","","","",""
"gir1.2-ukuimenu-2.0","","","","","","","",""
"gir1.2-ukwm-1","","","","","","","",""
"gir1.2-umockdev-1.0","","","","","","","",""
"gir1.2-unity-7.0","","","","","","","",""
"gir1.2-urfkill-0.5","","","","","","","",""
"gir1.2-valapanel-24.03","","","","","","","",""
"gir1.2-vips-8.0","","","","","","","",""
"gir1.2-vte-2.91","","","","","","","",""
"gir1.2-vte-3.91","","","","","","","",""
"gir1.2-webkit-6.0","","","","","","","",""
"gir1.2-webkit2-4.1","","","","","","","",""
"gir1.2-webkit2-4.1-dev","","","","","","","",""
"gir1.2-wnck-3.0","","","","","","","",""
"gir1.2-wp-0.5","","","","","","","",""
"gir1.2-xapp-1.0","","","","","","","",""
"gir1.2-xdp-1.0","","","","","","","",""
"gir1.2-xdpgtk3-1.0","","","","","","","",""
"gir1.2-xdpgtk4-1.0","","","","","","","",""
"gir1.2-xfixes-4.0","","","","","","","",""
"gir1.2-xkl-1.0","","","","","","","",""
"gir1.2-xlib-2.0","","","","","","","",""
"gir1.2-xlib-2.0-dev","","","","","","","",""
"gir1.2-xmlb-2.0","","","","","","","",""
"gir1.2-zbar-1.0","","","","","","","",""
"gir1.2-zeitgeist-2.0","","","","","","","",""
"girara","","","","","","","",""
"git","","","","","","","",""
"git-daemon-run","","","","","","","",""
"git-daemon-sysvinit","","","","","","","",""
"git-el","","","","","","","",""
"gitg","","","","","","","",""
"givaro","","","","","","","",""
"giza","","","","","","","",""
"gjs","","https://gitlab.gnome.org/gnome/gjs.git","","","","","",""
"gkl","https://github.com/intel-hls/gkl.git","","","","","","",""
"gkrellm","","","","","","","",""
"gkrellm-gkrellmpc","","","","","","","",""
"gkrellm-mldonkey","","","","","","","",""
"gkrelluim","","","","","","","",""
"gkrellxmms2","","","","","","","",""
"gl-image-display","","","","","","","",""
"gl2ps","","","","","","","",""
"gl4es","https://github.com/ptitseb/gl4es.git","","","","","","",""
"glabels","","","","","","","",""
"glade","","","","","","","",""
"glam2","","","","","","","",""
"glaurung","","","","","","","",""
"glbinding","https://github.com/cginternals/glbinding.git","","","","","","",""
"glbsp","","","","","","","",""
"gle","https://github.com/linas/glextrusion.git","","","","","","",""
"glest","","","","","","","",""
"glew","","","","","","","",""
"glewmx","","","","","","","",""
"glfw3","","","","","","","",""
"glgrib","https://github.com/pmarguinaud/glgrib.git","","","","","","",""
"glib-d","https://github.com/gtkd-developers/glibd.git","","","","","","",""
"glib-networking","","","","","","","",""
"glib2.0","","https://gitlab.gnome.org/gnome/glib.git","","","","","",""
"glibc","","","","","","","",""
"glibmm2.4","","","","","","","",""
"glibmm2.68","","","","","","","",""
"glide","","","","","","","",""
"glide2-bin","","","","","","","",""
"glktermw","","","","","","","",""
"glm","","","","","","","",""
"glob2","","","","","","","",""
"globalplatform","","","","","","","",""
"globus-authz","https://github.com/gridcf/gct.git","","","","","","",""
"globus-authz-callout-error","https://github.com/gridcf/gct.git","","","","","","",""
"globus-callout","https://github.com/gridcf/gct.git","","","","","","",""
"globus-common","https://github.com/gridcf/gct.git","","","","","","",""
"globus-ftp-client","https://github.com/gridcf/gct.git","","","","","","",""
"globus-ftp-control","https://github.com/gridcf/gct.git","","","","","","",""
"globus-gass-cache","https://github.com/gridcf/gct.git","","","","","","",""
"globus-gass-copy","https://github.com/gridcf/gct.git","","","","","","",""
"globus-gass-server-ez","https://github.com/gridcf/gct.git","","","","","","",""
"globus-gass-transfer","https://github.com/gridcf/gct.git","","","","","","",""
"globus-gfork","https://github.com/gridcf/gct.git","","","","","","",""
"globus-gram-client","https://github.com/gridcf/gct.git","","","","","","",""
"globus-gram-job-manager","https://github.com/gridcf/gct.git","","","","","","",""
"globus-gram-job-manager-callout-error","https://github.com/gridcf/gct.git","","","","","","",""
"globus-gram-protocol","https://github.com/gridcf/gct.git","","","","","","",""
"globus-gridftp-server","https://github.com/gridcf/gct.git","","","","","","",""
"globus-gridftp-server-control","https://github.com/gridcf/gct.git","","","","","","",""
"globus-gridmap-callout-error","https://github.com/gridcf/gct.git","","","","","","",""
"globus-gridmap-eppn-callout","https://github.com/gridcf/gct.git","","","","","","",""
"globus-gridmap-verify-myproxy-callout","https://github.com/gridcf/gct.git","","","","","","",""
"globus-gsi-callback","https://github.com/gridcf/gct.git","","","","","","",""
"globus-gsi-cert-utils","https://github.com/gridcf/gct.git","","","","","","",""
"globus-gsi-credential","https://github.com/gridcf/gct.git","","","","","","",""
"globus-gsi-openssl-error","https://github.com/gridcf/gct.git","","","","","","",""
"globus-gsi-proxy-core","https://github.com/gridcf/gct.git","","","","","","",""
"globus-gsi-proxy-ssl","https://github.com/gridcf/gct.git","","","","","","",""
"globus-gsi-sysconfig","https://github.com/gridcf/gct.git","","","","","","",""
"globus-gss-assist","https://github.com/gridcf/gct.git","","","","","","",""
"globus-gssapi-error","https://github.com/gridcf/gct.git","","","","","","",""
"globus-gssapi-gsi","https://github.com/gridcf/gct.git","","","","","","",""
"globus-io","https://github.com/gridcf/gct.git","","","","","","",""
"globus-net-manager","https://github.com/gridcf/gct.git","","","","","","",""
"globus-openssl-module","https://github.com/gridcf/gct.git","","","","","","",""
"globus-proxy-utils","","","","","","","",""
"globus-rsl","https://github.com/gridcf/gct.git","","","","","","",""
"globus-scheduler-event-generator","https://github.com/gridcf/gct.git","","","","","","",""
"globus-xio","https://github.com/gridcf/gct.git","","","","","","",""
"globus-xio-gridftp-driver","https://github.com/gridcf/gct.git","","","","","","",""
"globus-xio-gridftp-multicast","https://github.com/gridcf/gct.git","","","","","","",""
"globus-xio-gsi-driver","https://github.com/gridcf/gct.git","","","","","","",""
"globus-xio-pipe-driver","https://github.com/gridcf/gct.git","","","","","","",""
"globus-xio-popen-driver","https://github.com/gridcf/gct.git","","","","","","",""
"globus-xio-rate-driver","https://github.com/gridcf/gct.git","","","","","","",""
"globus-xio-udt-driver","https://github.com/gridcf/gct.git","","","","","","",""
"glogg","","","","","","","",""
"glome","https://github.com/google/glome.git","","","","","","",""
"gloo","https://github.com/facebookincubator/gloo.git","","","","","","",""
"gloox","","","","","","","",""
"glpk","","","","","","","",""
"glpk-java","","","","","","","",""
"glslang","https://github.com/khronosgroup/glslang.git","","","","","","",""
"glurp","","","","","","","",""
"glusterfs","","","","","","","",""
"glw","","","","","","","",""
"glycin","","https://gitlab.gnome.org/gnome/glycin.git","","","","","",""
"glyr","https://github.com/sahib/glyr.git","","","","","","",""
"gman","","","","","","","",""
"gmchess","","","","","","","",""
"gmediaserver","","","","","","","",""
"gmemusage","","","","","","","",""
"gmenuharness","","https://gitlab.com/ubports/development/core/gmenuharness.git","","","","","",""
"gmerlin","","","","","","","",""
"gmerlin-avdecoder","","","","","","","",""
"gmerlin-encoders","","","","","","","",""
"gmic","","","","","","","",""
"gmime","https://github.com/jstedfast/gmime.git","","","","","","",""
"gmobile","","https://gitlab.gnome.org/world/phosh/gmobile.git","","","","","",""
"gmod","","","","","","","",""
"gmotionlive","","","","","","","",""
"gmp","","","","","","","",""
"gmp-ecm","","https://gitlab.inria.fr/zimmerma/ecm.git","","","","","",""
"gmpc","","","","","","","",""
"gmsh","","","","","","","",""
"gmt","","","","","","","",""
"gmult","","","","","","","",""
"gnash","","","","","","","",""
"gnash-common-opengl","","","","","","","",""
"gnash-cygnal","","","","","","","",""
"gnash-dev","","","","","","","",""
"gnat","","","","","","","",""
"gnat-14","","","","","","","",""
"gnat-14-ade93c16","","","","","","","",""
"gnat-4.4","","","","","","","",""
"gnat-4.6","","","","","","","",""
"gnee","","","","","","","",""
"gnoemoe","","","","","","","",""
"gnokii","","","","","","","",""
"gnokii-common","","","","","","","",""
"gnomad2","","","","","","","",""
"gnome-2048","","","","","","","",""
"gnome-applets","","","","","","","",""
"gnome-autoar","","","","","","","",""
"gnome-bluetooth-3-common","","","","","","","",""
"gnome-bluetooth3","","","","","","","",""
"gnome-breakout","","","","","","","",""
"gnome-cards-data","","","","","","","",""
"gnome-chess","","","","","","","",""
"gnome-color-chooser","","","","","","","",""
"gnome-contacts","","","","","","","",""
"gnome-control-center","","","","","","","",""
"gnome-desktop","","","","","","","",""
"gnome-desktop-testing","","","","","","","",""
"gnome-desktop3-data","","","","","","","",""
"gnome-disk-utility","","","","","","","",""
"gnome-flashback","","","","","","","",""
"gnome-keyring","","","","","","","",""
"gnome-klotski","","","","","","","",""
"gnome-mahjongg","","","","","","","",""
"gnome-mastermind","","","","","","","",""
"gnome-menus","","","","","","","",""
"gnome-mines","","","","","","","",""
"gnome-mplayer","","","","","","","",""
"gnome-nds-thumbnailer","","","","","","","",""
"gnome-nettool","","https://gitlab.gnome.org/gnome/gnome-nettool.git","","","","","",""
"gnome-network-admin","","","","","","","",""
"gnome-nibbles","","","","","","","",""
"gnome-online-accounts","","","","","","","",""
"gnome-paint","","","","","","","",""
"gnome-panel","","","","","","","",""
"gnome-phone-manager","","","","","","","",""
"gnome-power-manager","","","","","","","",""
"gnome-robots","","","","","","","",""
"gnome-session","","https://gitlab.gnome.org/gnome/gnome-session.git","","","","","",""
"gnome-settings-daemon","","https://gitlab.gnome.org/gnome/gnome-settings-daemon.git","","","","","",""
"gnome-shell","","https://gitlab.gnome.org/gnome/gnome-shell.git","","","","","",""
"gnome-software","","","","","","","",""
"gnome-sudoku","","","","","","","",""
"gnome-taquin","","","","","","","",""
"gnome-terminal","","","","","","","",""
"gnome-tetravex","","","","","","","",""
"gnome-themes-extra-data","","","","","","","",""
"gnome-user-share","","","","","","","",""
"gnomeradio","","","","","","","",""
"gnote","","","","","","","",""
"gnotime","","","","","","","",""
"gnu-fdisk","","","","","","","",""
"gnuastro","","","","","","","",""
"gnubg","","","","","","","",""
"gnubik","","","","","","","",""
"gnucap","","","","","","","",""
"gnucap-common","","","","","","","",""
"gnucash","","","","","","","",""
"gnucobol3","","","","","","","",""
"gnucobol4","","","","","","","",""
"gnudatalanguage","https://github.com/gnudatalanguage/gdl.git","","","","","","",""
"gnudoq","","","","","","","",""
"gnuift","","","","","","","",""
"gnujump","","","","","","","",""
"gnulib","","","","","","","",""
"gnumeric","","","","","","","",""
"gnunet","","","","","","","",""
"gnunet-gtk","","","","","","","",""
"gnupg-curl","","","","","","","",""
"gnupg-l10n","","","","","","","",""
"gnupg2","","","","","","","",""
"gnuplot","","","","","","","",""
"gnuplot-iostream","","","","","","","",""
"gnuradio","","","","","","","",""
"gnurobbo","","","","","","","",""
"gnushogi","","","","","","","",""
"gnustep-addresses","","","","","","","",""
"gnustep-back-common","","","","","","","",""
"gnustep-back0.32","","","","","","","",""
"gnustep-base","","","","","","","",""
"gnustep-base-abi-1.31","","","","","","","",""
"gnustep-base-common","","","","","","","",""
"gnustep-base-runtime","","","","","","","",""
"gnustep-corebase","","","","","","","",""
"gnustep-dl2","","","","","","","",""
"gnustep-gui","","","","","","","",""
"gnustep-gui-common","","","","","","","",""
"gnustep-gui-runtime","","","","","","","",""
"gnustep-layout-multiarch","","","","","","","",""
"gnustep-make","","","","","","","",""
"gnustep-multiarch","","","","","","","",""
"gnustep-netclasses","","","","","","","",""
"gnustep-performance","","","","","","","",""
"gnustep-sqlclient","","","","","","","",""
"gnutls-dev","","","","","","","",""
"gnutls28","","","","","","","",""
"gnuvd","","","","","","","",""
"gnuvd-gnome","","","","","","","",""
"goaccess","","","","","","","",""
"goattracker","","","","","","","",""
"gobby","","","","","","","",""
"gobjc++","","","","","","","",""
"gobjc-14","","","","","","","",""
"gobjc-x86-64-linux-gnu","","","","","","","",""
"gobject-introspection","","","","","","","",""
"gocr","","","","","","","",""
"gocr-dev","","","","","","","",""
"goffice","","","","","","","",""
"golang-github-jonboulle-clockwork","https://github.com/jonboulle/clockwork.git","","","","","","",""
"golang-github-jonboulle-clockwork-dev","","","","","","","",""
"goo","","","","","","","",""
"goobox","","","","","","","",""
"goocanvas-2.0","","","","","","","",""
"google-glog","https://github.com/google/glog.git","","","","","","",""
"google-perftools","https://github.com/gperftools/gperftools.git","","","","","","",""
"googletest","https://github.com/google/googletest.git","","","","","","",""
"gopchop","","","","","","","",""
"goplay","","","","","","","",""
"gorm.app","","","","","","","",""
"gosmore","","","","","","","",""
"gource","","","","","","","",""
"govarnam","https://github.com/varnamproject/govarnam.git","","","","","","",""
"gozer","","","","","","","",""
"gpa","","","","","","","",""
"gpaste","https://github.com/keruspe/gpaste.git","","","","","","",""
"gpdftext","","","","","","","",""
"gpe-announce","","","","","","","",""
"gpe-bluetooth","","","","","","","",""
"gpe-calendar","","","","","","","",""
"gpe-clock","","","","","","","",""
"gpe-contacts","","","","","","","",""
"gpe-edit","","","","","","","",""
"gpe-filemanager","","","","","","","",""
"gpe-gallery","","","","","","","",""
"gpe-go","","","","","","","",""
"gpe-julia","","","","","","","",""
"gpe-lights","","","","","","","",""
"gpe-mixer","","","","","","","",""
"gpe-othello","","","","","","","",""
"gpe-screenshot","","","","","","","",""
"gpe-taskmanager","","","","","","","",""
"gpe-tetris","","","","","","","",""
"gpe-timesheet","","","","","","","",""
"gpe-todo","","","","","","","",""
"gpe-what","","","","","","","",""
"gperf","","","","","","","",""
"gperf-ace","","","","","","","",""
"gpg","","","","","","","",""
"gpg-agent","","","","","","","",""
"gpgme1.0","","","","","","","",""
"gpgsm","","","","","","","",""
"gpicview","https://github.com/lxde/gpicview.git","","","","","","",""
"gplanarity","","","","","","","",""
"gplcver","","","","","","","",""
"gpm","","","","","","","",""
"gpointing-device-settings","","","","","","","",""
"gpomme","","","","","","","",""
"gpp","","","","","","","",""
"gpr","","","","","","","",""
"gprbuild","https://github.com/adacore/gprbuild.git","","","","","","",""
"gpredict","","","","","","","",""
"gpsbabel","","","","","","","",""
"gpscorrelate","","","","","","","",""
"gpsd","","","","","","","",""
"gpsdrive","","","","","","","",""
"gpsim","","","","","","","",""
"gpt","https://github.com/thiago-silva/gpt.git","","","","","","",""
"gpx2shp","","","","","","","",""
"gr-air-modes","https://github.com/bistromath/gr-air-modes.git","","","","","","",""
"gr-dab","https://github.com/andrmuel/gr-dab.git","","","","","","",""
"gr-fosphor","","","","","","","",""
"gr-framework","","","","","","","",""
"gr-framework-bin","","","","","","","",""
"gr-funcube","https://github.com/dl1ksv/gr-funcube.git","","","","","","",""
"gr-gsm","","","","","","https://git.osmocom.org/gr-gsm","",""
"gr-hpsdr","https://github.com/tom-mcdermott/gr-hpsdr.git","","","","","","",""
"gr-iqbal","","","","","","https://git.osmocom.org/gr-iqbal","",""
"gr-limesdr","","","","","","","",""
"gr-osmosdr","","","","","","","",""
"gr-radar","","","","","","","",""
"gr-rds","https://github.com/bastibl/gr-rds.git","","","","","","",""
"gr-satellites","https://github.com/daniestevez/gr-satellites.git","","","","","","",""
"grafx2","","","","","","","",""
"grail","","","","","","","",""
"gramophone2","","","","","","","",""
"granatier","","","","","","","",""
"granite","https://github.com/elementary/granite.git","","","","","","",""
"granite-7","https://github.com/elementary/granite.git","","","","","","",""
"grantlee5","https://github.com/steveire/grantlee.git","","","","","","",""
"grantleetheme","","","","","","https://invent.kde.org/pim/grantleetheme","",""
"grap","","","","","","","",""
"graphene","","","","","","","",""
"graphicsmagick","","","","","","","",""
"graphite2","","","","","","","",""
"graphthing","","","","","","","",""
"graphviz","","","","","","","",""
"graphviz-tools","","","","","","","",""
"grass","","","","","","","",""
"grass841","","","","","","","",""
"gravitation","","","","","","","",""
"grep","","","","","","","",""
"gretl","","","","","","","",""
"grfcodec","https://github.com/openttd/grfcodec.git","","","","","","",""
"grhino","","","","","","","",""
"gridengine","","","","","","","",""
"gridengine-client","","","","","","","",""
"gridengine-common","","","","","","","",""
"gridlock.app","","","","","","","",""
"gridsite","https://github.com/cesnet/gridsite.git","","","","","","",""
"gridtools","","","","","","","",""
"grilo","","","","","","","",""
"grilo-plugins","","","","","","","",""
"gringotts","","","","","","","",""
"groff","","","","","","","",""
"gromacs","","","","","","","",""
"gromacs-dev","","","","","","","",""
"gromacs-mpich","","","","","","","",""
"gromacs-openmpi","","","","","","","",""
"groonga","","","","","","","",""
"groonga-normalizer-mysql","https://github.com/groonga/groonga-normalizer-mysql.git","","","","","","",""
"gross","","","","","","","",""
"groundhog","","","","","","","",""
"group-service","https://github.com/zhuyaliang/group-service.git","","","","","","",""
"grpc","","","","","","","",""
"grpn","","","","","","","",""
"grsync","","","","","","","",""
"grub-pc-bin","","","","","","","",""
"grub2","","","","","","","",""
"grun","","","","","","","",""
"gsasl","","","","","","","",""
"gsequencer","","","","","","","",""
"gsettings-desktop-schemas","","","","","","","",""
"gsettings-desktop-schemas-dev","","","","","","","",""
"gsettings-qt","","https://gitlab.com/ubports/development/core/gsettings-qt.git","","","","","",""
"gsimplecal","","","","","","","",""
"gsl","","","","","","","",""
"gsm0710muxd","","","","","","","",""
"gsmartcontrol","","","","","","","",""
"gsmlib","https://github.com/vbouchaud/gsmlib.git","","","","","","",""
"gsoap","","","","","","","",""
"gsoko","","","","","","","",""
"gsound","","","","","","","",""
"gspell","","https://gitlab.gnome.org/gnome/gspell.git","","","","","",""
"gss","","","","","","","",""
"gss-ntlmssp","https://github.com/gssapi/gss-ntlmssp.git","","","","","","",""
"gssdp","","","","","","","",""
"gst-libav1.0","","","","","","","",""
"gst-plugins-bad1.0","","","","","","","",""
"gst-plugins-base1.0","","","","","","","",""
"gst-plugins-good1.0","","","","","","","",""
"gst-plugins-rtp","","","","","","","",""
"gst-plugins-ugly1.0","","","","","","","",""
"gst-rtsp-server1.0","","","","","","","",""
"gst123","","","","","","","",""
"gstreamer-editing-services1.0","","","","","","","",""
"gstreamer-tools","","","","","","","",""
"gstreamer-vaapi","","","","","","","",""
"gstreamer0.10-gconf","","","","","","","",""
"gstreamer0.10-gnomevfs","","","","","","","",""
"gstreamer0.10-gnonlin","","","","","","","",""
"gstreamer0.10-plugins-bad","","","","","","","",""
"gstreamer0.10-plugins-good","","","","","","","",""
"gstreamer0.10-plugins-ugly","","","","","","","",""
"gstreamer1.0","","","","","","","",""
"gstreamer1.0-gtk3","","","","","","","",""
"gstreamer1.0-pulseaudio","","","","","","","",""
"gstreamermm-1.0","","","","","","","",""
"gsynaptics","","","","","","","",""
"gtans","","","","","","","",""
"gtetrinet","","","","","","","",""
"gtg-trace","https://github.com/trahay/generic-trace-generator.git","","","","","","",""
"gtherm","","","","","","","",""
"gthumb","","","","","","","",""
"gtimer","","","","","","","",""
"gtk+2.0","","","","","","","",""
"gtk+3.0","","","","","","","",""
"gtk-d","","","","","","","",""
"gtk-gnutella","","","","","","","",""
"gtk-im-libthai","","","","","","","",""
"gtk-layer-shell","https://github.com/wmww/gtk-layer-shell.git","","","","","","",""
"gtk-session-lock","https://github.com/cu3po42/gtk-session-lock.git","","","","","","",""
"gtk-update-icon-cache","","","","","","","",""
"gtk-vnc","","","","","","","",""
"gtk2-engines","","","","","","","",""
"gtk2-engines-oxygen","","","","","","","",""
"gtk3-engines-xfce","","","","","","","",""
"gtk3-nocsd","https://github.com/pcman/gtk3-nocsd.git","","","","","","",""
"gtk4","","","","","","","",""
"gtk4-layer-shell","https://github.com/wmww/gtk4-layer-shell.git","","","","","","",""
"gtkam","","","","","","","",""
"gtkam-gimp","","","","","","","",""
"gtkatlantic","","","","","","","",""
"gtkhash","","","","","","","",""
"gtkmm2.4","","","","","","","",""
"gtkmm3.0","","","","","","","",""
"gtkmm4.0","","","","","","","",""
"gtkmorph","","","","","","","",""
"gtkpod","","","","","","","",""
"gtkpod-data","","","","","","","",""
"gtkpod-dbg","","","","","","","",""
"gtksheet","","","","","","","",""
"gtksourceview3","","","","","","","",""
"gtksourceview4","","","","","","","",""
"gtksourceview5","","https://gitlab.gnome.org/gnome/gtksourceview.git","","","","","",""
"gtkspell","","","","","","","",""
"gtkspell3","","","","","","","",""
"gtkspellmm","","","","","","","",""
"gtkwave","","","","","","","",""
"gtodo","","","","","","","",""
"gtranslator","","","","","","","",""
"gts","","","","","","","",""
"gtsam","","","","","","","",""
"guacd","","","","","","","",""
"gucharmap","","","","","","","",""
"gudhi","","","","","","","",""
"guessnet","","","","","","","",""
"guichan","","","","","","","",""
"guifications","","","","","","","",""
"guile-1.8-libs","","","","","","","",""
"guile-2.2","","","","","","","",""
"guile-2.2-libs","","","","","","","",""
"guile-3.0","","","","","","","",""
"guile-3.0-dev","","","","","","","",""
"guile-3.0-libs","","","","","","","",""
"guile-ssh","https://github.com/artyom-poptsov/guile-ssh.git","","","","","","",""
"guitarix","","","","","","","",""
"gulkan","","https://gitlab.freedesktop.org/xrdesktop/gulkan.git","","","","","",""
"gumbo-parser","","","","","https://codeberg.org/gumbo-parser/gumbo-parser.git","","",""
"gup","","","","","","","",""
"gupnp","","","","","","","",""
"gupnp-av","","","","","","","",""
"gupnp-dlna","","","","","","","",""
"gupnp-igd","","","","","","","",""
"gutenprint","","","","","","","",""
"guvcview","","","","","","","",""
"guymager","","","","","","","",""
"gv","","","","","","","",""
"gvars3","","","","","","","",""
"gvfs","","","","","","","",""
"gvfs-bin","","","","","","","",""
"gvidm","","","","","","","",""
"gwaei","","","","","","","",""
"gwaterfall","","","","","","https://web.archive.org/web/20130503154757/http://keithp.com/cgi-bin/gitweb.cgi","",""
"gwave","","","","","","","",""
"gwenview","","","","","","","",""
"gwhere","","","","","","","",""
"gworkspace","","","","","","","",""
"gworkspace-libs","","","","","","","",""
"gworldclock","","","","","","","",""
"gwyddion","","","","","","","",""
"gxmessage","","","","","","","",""
"gxmms2","","","","","","","",""
"gxneur","","","","","","","",""
"gxr","","https://gitlab.freedesktop.org/xrdesktop/gxr.git","","","","","",""
"gxtuner","","","","","","","",""
"gyoto","","","","","","","",""
"gzip","","","","","","","",""
"gzip-win32","","","","","","","",""
"gzrt","","","","","","","",""
"ha","","","","","","","",""
"hackrf","","","","","","","",""
"hal","","","","","","","",""
"halevt","","","","","","","",""
"half","","","","","","","",""
"halibut","","","","","","","",""
"halide","","","","","","","",""
"hamlib","","","","","","","",""
"hamradio-files","","","","","","","",""
"hannah","","","","","","","",""
"hapm","","","","","","","",""
"haproxy","","","","","","","",""
"harfbuzz","","","","","","","",""
"harminv","https://github.com/stevengj/harminv.git","","","","","","",""
"harp","https://github.com/stcorp/harp.git","","","","","","",""
"harvid","","","","","","","",""
"hashcash","","","","","","","",""
"hatari","","","","","","","",""
"haveged","","","","","","","",""
"havp","","","","","","","",""
"hdapsd","https://github.com/evgeni/hdapsd.git","","","","","","",""
"hdf-eos4","","","","","","","",""
"hdf-eos5","","","","","","","",""
"hdf5","","","","","","","",""
"hdf5-helpers","","","","","","","",""
"hdparm","","","","","","","",""
"healpix-cxx","","","","","","","",""
"healpix-fortran","","","","","","","",""
"heaptrack","https://github.com/kde/heaptrack.git","","","","","","",""
"heartbeat","","","","","","","",""
"heatshrink","https://github.com/atomicobject/heatshrink.git","","","","","","",""
"heif-gdk-pixbuf","","","","","","","",""
"heif-thumbnailer","","","","","","","",""
"heimdal","","","","","","","",""
"heimdal-clients-x","","","","","","","",""
"heirloom-mailx","","","","","","","",""
"hello","","","","","","","",""
"hera","https://github.com/anigmetov/hera.git","","","","","","",""
"hershey-fonts","","","","","","","",""
"hesiod","","","","","","","",""
"hex-a-hop","","","","","","","",""
"hexalate","","","","","","","",""
"hexchat","","","","","","","",""
"hexcurse","","","","","","","",""
"hexer","","","","","","","",""
"hexter","","","","","","","",""
"hfd-service","","https://gitlab.com/ubports/development/core/hfd-service.git","","","","","",""
"hfsplus","","","","","","","",""
"hfsprogs","","","","","","","",""
"hfst","","","","","","","",""
"hfst-ospell","https://github.com/hfst/hfst-ospell.git","","","","","","",""
"hicolor-icon-theme","","","","","","","",""
"hidapi","https://github.com/libusb/hidapi.git","","","","","","",""
"highlight","","","","","","","",""
"highlight-common","","","","","","","",""
"highs","","","","","","","",""
"highway","https://github.com/google/highway.git","","","","","","",""
"highwayhash","https://github.com/google/highwayhash.git","","","","","","",""
"hipblas","https://github.com/rocm/hipblas.git","","","","","","",""
"hipcub","https://github.com/rocm/hipcub.git","","","","","","",""
"hipercontracer","","","","","","","",""
"hipfft","https://github.com/rocm/hipfft.git","","","","","","",""
"hippomocks","","","","","","","",""
"hipsolver","https://github.com/rocm/hipsolver.git","","","","","","",""
"hipsparse","https://github.com/rocm/hipsparse.git","","","","","","",""
"hiredict","","","","","https://codeberg.org/redict/hiredict.git","","",""
"hiredis","https://github.com/redis/hiredis.git","","","","","","",""
"hitori","","","","","","","",""
"hivex","","","","","","","",""
"hkl","","","","","","https://repo.or.cz/hkl.git","",""
"hlbr","","","","","","","",""
"hmat-oss","https://github.com/jeromerobert/hmat-oss.git","","","","","","",""
"hmmer","","","","","","","",""
"hmmer2","","","","","","","",""
"hnb","","","","","","","",""
"hnswlib","https://github.com/nmslib/hnswlib.git","","","","","","",""
"hocr-gtk","","","","","","","",""
"hoel","https://github.com/babelouest/hoel.git","","","","","","",""
"hoichess","","","","","","","",""
"holdingnuts","","","","","","","",""
"holdingnuts-server","","","","","","","",""
"homebank","","","","","","","",""
"hopscotch-map","https://github.com/tessil/hopscotch-map.git","","","","","","",""
"horgand","","","","","","","",""
"horst","https://github.com/br101/horst.git","","","","","","",""
"host","","","","","","","",""
"hostname","","","","","","","",""
"hotswap-gui","","","","","","","",""
"hotswap-text","","","","","","","",""
"howardhinnant-date","https://github.com/howardhinnant/date.git","","","","","","",""
"hoz","","","","","","","",""
"hoz-gui","","","","","","","",""
"hping3","","","","","","","",""
"hplip","","","","","","","",""
"hpodder","","","","","","","",""
"hsetroot","https://github.com/himdel/hsetroot.git","","","","","","",""
"hspell","","","","","","","",""
"hspell-gui","","","","","","","",""
"hsqldb1.8.0","","","","","","","",""
"htcheck","","","","","","","",""
"htdig","","","","","","","",""
"html-xml-utils","","","","","","","",""
"html2text","","https://gitlab.com/grobian/html2text.git","","","","","",""
"htmlcxx","","","","","","","",""
"htscodecs","https://github.com/jkbonfield/htscodecs.git","","","","","","",""
"htsengine","","","","","","","",""
"htslib","https://github.com/samtools/htslib.git","","","","","","",""
"http-parser","https://github.com/joyent/http-parser.git","","","","","","",""
"httperf","https://github.com/httperf/httperf.git","","","","","","",""
"httpfs2","","","","","","","",""
"httping","","","","","","","",""
"httptunnel","https://github.com/larsbrinkhoff/httptunnel.git","","","","","","",""
"httrack","","","","","","","",""
"hugin","","","","","","","",""
"hugs","","","","","","","",""
"hunspell","","","","","","","",""
"hunspell-ar","","","","","","","",""
"hunspell-bg","","","","","","","",""
"hunspell-bn","","","","","","","",""
"hunspell-ca","","","","","","","",""
"hunspell-da","","","","","","","",""
"hunspell-de-de","","","","","","","",""
"hunspell-el","","","","","","","",""
"hunspell-en-us","","","","","","","",""
"hunspell-fr","","","","","","","",""
"hunspell-hr","","","","","","","",""
"hunspell-hu","","","","","","","",""
"hunspell-it","","","","","","","",""
"hunspell-ko","","","","","","","",""
"hunspell-lt","","","","","","","",""
"hunspell-lv","","","","","","","",""
"hunspell-nl","","","","","","","",""
"hunspell-pl","","","","","","","",""
"hunspell-ro","","","","","","","",""
"hunspell-ru","","","","","","","",""
"hunspell-sl","","","","","","","",""
"hunspell-sr","","","","","","","",""
"hunspell-sv","","","","","","","",""
"hwinfo","https://github.com/opensuse/hwinfo.git","","","","","","",""
"hwloc","","","","","","","",""
"hyantesite","","","","","","","",""
"hybserv","","","","","","","",""
"hydrogen","","","","","","","",""
"hyperscan","https://github.com/intel/hyperscan.git","","","","","","",""
"hyphen","https://github.com/hunspell/hyphen.git","","","","","","",""
"hypre","","","","","","","",""
"i2c-tools","","","","","","","",""
"i3-wm","","","","","","","",""
"i3lock","","","","","","","",""
"i3status","","","","","","","",""
"i810switch","","","","","","","",""
"iagno","","","","","","","",""
"iasl","","","","","","","",""
"iat","","","","","","","",""
"iaxmodem","","","","","","","",""
"ibm-3270","","","","","","","",""
"ibsim","https://github.com/linux-rdma/ibsim.git","","","","","","",""
"ibus","https://github.com/ibus/ibus.git","","","","","","",""
"ibus-anthy","https://github.com/fujiwarat/ibus-anthy.git","","","","","","",""
"ibus-array","https://github.com/lexical/ibus-array.git","","","","","","",""
"ibus-chewing","https://github.com/chewing/ibus-chewing.git","","","","","","",""
"ibus-client-clutter","","","","","","","",""
"ibus-hangul","https://github.com/libhangul/ibus-hangul.git","","","","","","",""
"ibus-qt4","","","","","","","",""
"ibus-rime","https://github.com/rime/ibus-rime.git","","","","","","",""
"ibutils","","","","","","","",""
"ibverbs-providers","","","","","","","",""
"iceape-browser","","","","","","","",""
"icecast2","","","","","","","",""
"icecc","https://github.com/icecc/icecream.git","","","","","","",""
"icecc-monitor","https://github.com/icecc/icemon.git","","","","","","",""
"icedove","","","","","","","",""
"icedove-dev","","","","","","","",""
"iceoryx","","","","","","","",""
"iceowl-extension","","","","","","","",""
"ices2","","","","","","","",""
"icewm","","","","","","","",""
"icmake","","","","","","https://fbb-git.gitlab.io/icmake","",""
"icmake-doc","","","","","","","",""
"icmptx","","","","","","","",""
"icon","","","","","","","",""
"iconc","","","","","","","",""
"icoutils","","","","","","","",""
"icu","","","","","","","",""
"id-utils","","","","","","","",""
"id3lib3.8.3","","","","","","","",""
"id3ren","","","","","","","",""
"id3v2","","","","","","","",""
"iddawc","https://github.com/babelouest/iddawc.git","","","","","","",""
"ident2","https://github.com/mbacarella/ident2.git","","","","","","",""
"identity4c","https://github.com/ufpidentity/identity4c.git","","","","","","",""
"idle-python2.7","","","","","","","",""
"idzebra","","","","","","","",""
"iec16022","https://github.com/rdoeffinger/iec16022.git","","","","","","",""
"ieee-data","","","","","","","",""
"ifcplusplus","","","","","","","",""
"ifd-gempc","","","","","","","",""
"ifeffit","","","","","","","",""
"ifenslave-2.6","","","","","","","",""
"ifile","","","","","","","",""
"ifmail","","","","","","","",""
"ifplugd","","","","","","","",""
"ifrit","","","","","","","",""
"ifscheme","","","","","","","",""
"ifstat","","","","","","","",""
"iftop","","","","","","","",""
"ifupdown","","","","","","","",""
"ifuse","","","","","","","",""
"igraph","","","","","","","",""
"ii","","","","","","","",""
"iir1","","","","","","","",""
"iitii","https://github.com/ekg/iitii.git","","","","","","",""
"ijs","","","","","","","",""
"ikarus","","","","","","","",""
"ike","","","","","","","",""
"ike-qtgui","","","","","","","",""
"ima-evm-utils","","","","","","","",""
"imagemagick","","","","","","","",""
"imagemagick-6-common","","","","","","","",""
"imagemagick-6-doc","","","","","","","",""
"imagemagick-6.q16","","","","","","","",""
"imagemagick-6.q16hdri","","","","","","","",""
"imagemagick-common","","","","","","","",""
"imagemagick-doc","","","","","","","",""
"imageshack-uploader","","","","","","","",""
"imagination","","","","","","","",""
"imaptool","","","","","","","",""
"imath","","","","","","","",""
"imgui","https://github.com/ocornut/imgui.git","","","","","","",""
"iml","","","","","","","",""
"imlib2","","","","","","","",""
"immer","https://github.com/arximboldi/immer.git","","","","","","",""
"imms-audacious","","","","","","","",""
"imms-common","","","","","","","",""
"inadyn","https://github.com/troglobit/inadyn.git","","","","","","",""
"inchi","","","","","","","",""
"incidenceeditor","","","","","","https://invent.kde.org/pim/incidenceeditor","",""
"incron","https://github.com/ar-/incron.git","","","","","","",""
"indi","","","","","","","",""
"indigo","","","","","","","",""
"inetutils","","","","","","","",""
"infernal","","","","","","","",""
"infiniband-diags","","","","","","","",""
"infinipath-psm","https://github.com/intel/psm.git","","","","","","",""
"inform","","","","","","","",""
"inform-docs","","","","","","","",""
"inhomog","","","https://bitbucket.org/broukema/inhomog.git","","","","",""
"iniparser","","https://gitlab.com/iniparser/iniparser.git","","","","","",""
"init-system-helpers","","","","","","","",""
"initramfs-tools","","","","","","","",""
"initramfs-tools-core","","","","","","","",""
"injeqt","https://github.com/vogel/injeqt.git","","","","","","",""
"ink","","","","","","","",""
"inkscape","","","","","","","",""
"inn","","","","","","","",""
"inn2","","","","","","","",""
"ino-headers","","","","","","","",""
"inotail","","","","","","","",""
"inoticoming","","","","","","","",""
"inotify-tools","https://github.com/rvoicilas/inotify-tools.git","","","","","","",""
"input-pad","https://github.com/fujiwarat/input-pad.git","","","","","","",""
"input-utils","","","","","","","",""
"inputlirc","","","","","","https://git.sliepen.org/inputlirc","",""
"insighttoolkit5","","","","","","","",""
"inspircd","","","","","","","",""
"insserv","https://github.com/slicer69/insserv.git","","","","","","",""
"install-info","","","","","","","",""
"intel-gmmlib","https://github.com/intel/gmmlib.git","","","","","","",""
"intel-gpu-tools","","https://gitlab.freedesktop.org/drm/igt-gpu-tools.git","","","","","",""
"intel-hdcp","https://github.com/intel/hdcp.git","","","","","","",""
"intel-ipsec-mb","https://github.com/intel/intel-ipsec-mb.git","","","","","","",""
"intel-media-driver","https://github.com/intel/media-driver.git","","","","","","",""
"intel-media-va-driver","","","","","","","",""
"intel-processor-trace","https://github.com/intel/libipt.git","","","","","","",""
"intelrdfpmath","","","","","","","",""
"inteltool","","","","","","","",""
"intltool","","","","","","","",""
"intone","","","","","","","",""
"intrusive-shared-ptr","https://github.com/gershnik/intrusive_shared_ptr.git","","","","","","",""
"invada-studio-plugins","","","","","","","",""
"invada-studio-plugins-lv2","","","","","","","",""
"inventor","https://github.com/aumuell/open-inventor.git","","","","","","",""
"iodbc","","","","","","","",""
"iodine","","","","","","","",""
"ioping","https://github.com/koct9i/ioping.git","","","","","","",""
"ioquake3","","","","","","","",""
"ipband","","","","","","","",""
"ipe","","","","","","","",""
"ipe-tools","https://github.com/otfried/ipe-tools.git","","","","","","",""
"iperf3","","","","","","","",""
"ipmitool","","","","","https://codeberg.org/ipmitool/ipmitool.git","","",""
"ipopd","","","","","","","",""
"ipp-crypto","https://github.com/intel/ipp-crypto.git","","","","","","",""
"iprint","","","","","","","",""
"iproute","","","","","","","",""
"iproute2","","","","","","","",""
"ipset","","","","","","","",""
"iptables","","","","","","","",""
"iptstate","","","","","","","",""
"iptux","https://github.com/iptux-src/iptux.git","","","","","","",""
"iputils","https://github.com/iputils/iputils.git","","","","","","",""
"ipv6calc","","","","","","","",""
"ircd-hybrid","","","","","","","",""
"ircd-irc2","","","","","","","",""
"ircd-ircu","https://github.com/undernetirc/ircu2.git","","","","","","",""
"ircd-ratbox","","","","","","","",""
"ircp-tray","","","","","","","",""
"iroffer","","","","","","","",""
"irrlicht","","","","","","","",""
"irssi","","","","","","","",""
"irssi-abi-46","","","","","","","",""
"irssi-plugin-xmpp","","","","","","","",""
"irstlm","","","","","","","",""
"isakmpd","","","","","","","",""
"isatapd","","","","","","","",""
"isc-dhcp","","","","","","","",""
"isc-kea","","","","","","","",""
"iscsitarget","","","","","","","",""
"iselect","","","","","","","",""
"isight-firmware-tools","","","","","","","",""
"isl","","","","","","","",""
"ismrmrd","","","","","","","",""
"isns","","","","","","","",""
"isns-client","","","","","","","",""
"iso-codes","","","","","","","",""
"isomaster","","","","","","","",""
"isomd5sum","https://github.com/rhinstaller/isomd5sum.git","","","","","","",""
"isoqlog","https://github.com/enderunix/isoqlog.git","","","","","","",""
"isospec","https://github.com/matteolacki/isospec.git","","","","","","",""
"ispc","","","","","","","",""
"isync","","","","","","","",""
"italc-client","","","","","","","",""
"italc-master","","","","","","","",""
"itcl3","","","","","","","",""
"itcl4","","","","","","","",""
"itk3","","","","","","","",""
"itk4","","","","","","","",""
"itkadaptivedenoising","https://github.com/ntustison/itkadaptivedenoising.git","","","","","","",""
"itkgenericlabelinterpolator","https://github.com/insightsoftwareconsortium/itkgenericlabelinterpolator.git","","","","","","",""
"itools","https://github.com/arabeyes-org/itools.git","","","","","","",""
"itsol","","","","","","","",""
"iverilog","","","","","","","",""
"ivtools","","","","","","","",""
"ivykis","","","","","","","",""
"iw","","","","","","","",""
"iwidgets4","","","","","","","",""
"jaaa","","","","","","","",""
"jack-audio-connection-kit","","","","","","","",""
"jack-stdio","","","","","","","",""
"jackd","","","","","","","",""
"jackd2","","","","","","","",""
"jackeq","","","","","","","",""
"jackmeter","","","","","","","",""
"jacktrip","https://github.com/jacktrip/jacktrip.git","","","","","","",""
"jags","","","","","","","",""
"jalv","","","","","","","",""
"jamin","","","","","","","",""
"janino","","","","","","","",""
"jansson","","","","","","","",""
"japa","","","","","","","",""
"jaula","","","","","","","",""
"java-diff-utils","https://github.com/java-diff-utils/java-diff-utils.git","","","","","","",""
"java-wrappers","","","","","","","",""
"javahelp2","","","","","","","",""
"javascript-common","","","","","","","",""
"jbig2dec","","","","","","","",""
"jbig2enc","https://github.com/agl/jbig2enc.git","","","","","","",""
"jbigkit","","","","","","","",""
"jbofihe","","","","","","","",""
"jcal","https://github.com/persiancal/jcal.git","","","","","","",""
"jcc","","","","","","","",""
"jd","","","","","","","",""
"jed","","","","","","","",""
"jellyfish","","","","","","","",""
"jemalloc","","","","","","","",""
"jerasure","","","","","","","",""
"jester","","","","","","","",""
"jeuclid","","","","","","","",""
"jfsutils","","","","","","","",""
"jgraph","","","","","","","",""
"jhead","","","","","","","",""
"jigit","","","","","","","",""
"jigzo","","","","","","","",""
"jimtcl","","","","","","","",""
"jmdlx","","","","","","","",""
"jmtpfs","https://github.com/jasonferrara/jmtpfs.git","","","","","","",""
"jnettop","","","","","","","",""
"joe","","","","","","","",""
"john","","","","","","","",""
"jose","https://github.com/latchset/jose.git","","","","","","",""
"jove","https://github.com/jonmacs/jove.git","","","","","","",""
"jovie","","","","","","","",""
"joy2key","https://github.com/joolswills/joy2key.git","","","","","","",""
"joystick","","","","","","","",""
"jp2a","https://github.com/talinx/jp2a.git","","","","","","",""
"jpeg-compressor-cpp","https://github.com/richgel999/jpeg-compressor.git","","","","","","",""
"jpeg-xl","https://github.com/libjxl/libjxl.git","","","","","","",""
"jpegjudge","","","","","","","",""
"jpegoptim","","","","","","","",""
"jpegpixi","","","","","","","",""
"jpilot","","","","","","","",""
"jpilot-backup","","","","","","","",""
"jpilot-plugins","","","","","","","",""
"jpnevulator","","","","","","","",""
"jq","","","","","","","",""
"jreen","https://github.com/euroelessar/jreen.git","","","","","","",""
"jsmn","https://github.com/zserge/jsmn.git","","","","","","",""
"json-c","https://github.com/json-c/json-c.git","","","","","","",""
"json-glib","","","","","","","",""
"jsoncons","","","","","","","",""
"jsonnet","https://github.com/google/jsonnet.git","","","","","","",""
"jsonrpc-glib","","","","","","","",""
"jsxgraph","","","","","","","",""
"judy","","","","","","","",""
"juffed","","","","","","","",""
"juffed-dev","","","","","","","",""
"juk","","","","","","","",""
"juman","","","","","","","",""
"jumpnbump","","https://gitlab.com/libregames/jumpnbump.git","","","","","",""
"junit4","","","","","","","",""
"jwm","","","","","","","",""
"jxrlib","https://github.com/4creators/jxrlib.git","","","","","","",""
"jzip","","","","","","","",""
"k3b","","","","","","","",""
"k3d","","","","","","","",""
"k3dsurf","","","","","","","",""
"k9copy","","","","","","","",""
"kaccounts-integration","","","","","","https://invent.kde.org/network/kaccounts-integration","",""
"kactivities-kf5","","","","","","https://invent.kde.org/frameworks/kactivities","",""
"kactivities-stats","","","","","","https://invent.kde.org/frameworks/kactivities-stats","",""
"kactivitymanagerd","","","","","","","",""
"kaddressbook","","","","","","https://invent.kde.org/pim/kaddressbook","",""
"kadu","","","","","","","",""
"kaffeine","","","","","","","",""
"kafs-client","","","","","","","",""
"kakasi","","","","","","","",""
"kakasi-dic","","","","","","","",""
"kalarm","","","","","","https://invent.kde.org/pim/kalarm","",""
"kalgebra","","","","","","","",""
"kali","","","","","","","",""
"kalign","","","","","","","",""
"kalternatives","","","","","","","",""
"kalzium","","","","","","","",""
"kamera","","","","","","","",""
"kamoso","","","","","","","",""
"kanagram","","","","","","","",""
"kanjidic","","","","","","","",""
"kanjipad","","","","","","","",""
"kannel","","","","","","","",""
"kapidox","","","","","","https://invent.kde.org/frameworks/kapidox","",""
"kapman","","","","","","","",""
"kapptemplate","","","","","","","",""
"kaptain","","","","","","","",""
"karchive","","","","","","https://invent.kde.org/frameworks/karchive","",""
"kate","","","","","","","",""
"kate5-data","","","","","","","",""
"katepart","","","","","","","",""
"katomic","","","","","","","",""
"kauth","","","","","","https://invent.kde.org/frameworks/kauth","",""
"kawari8","","","","","","","",""
"kball","","","","","","","",""
"kbattleship","","","","","","","",""
"kbd","","","","","","","",""
"kbibtex","","","","","","","",""
"kblackbox","","","","","","","",""
"kblocks","","","","","","","",""
"kbookmarks","","","","","","https://invent.kde.org/frameworks/kbookmarks","",""
"kbounce","","","","","","","",""
"kbreakout","","","","","","","",""
"kbruch","","","","","","","",""
"kbuild","","","","","","","",""
"kcachegrind","","","","","","","",""
"kcalc","","","","","","","",""
"kcalcore","","","","","","https://invent.kde.org/frameworks/kcalendarcore","",""
"kcalutils","","","","","","https://invent.kde.org/pim/kcalutils","",""
"kcharselect","","","","","","","",""
"kcheckgmail","","","","","","","",""
"kchmviewer","https://github.com/gyunaev/kchmviewer.git","","","","","","",""
"kcmutils","","","","","","https://invent.kde.org/frameworks/kcmutils","",""
"kcodecs","","","","","","https://invent.kde.org/frameworks/kcodecs","",""
"kcollectd","","","","","","","",""
"kcolorchooser","","","","","","","",""
"kcoloredit","","","","","","","",""
"kcolorpicker","https://github.com/ksnip/kcolorpicker.git","","","","","","",""
"kcometen4","","","","","","","",""
"kcompletion","","","","","","https://invent.kde.org/frameworks/kcompletion","",""
"kconfig","","","","","","https://invent.kde.org/frameworks/kconfig","",""
"kconfigwidgets","","","","","","https://invent.kde.org/frameworks/kconfigwidgets","",""
"kcontacts","","","","","","https://invent.kde.org/frameworks/kcontacts","",""
"kcoreaddons","","","","","","https://invent.kde.org/frameworks/kcoreaddons","",""
"kcov","","","","","","","",""
"kcrash","","","","","","https://invent.kde.org/frameworks/kcrash","",""
"kcron","","","","","","","",""
"kdav","","","","","","https://invent.kde.org/frameworks/kdav","",""
"kdb","","","","","","","",""
"kdbusaddons","","","","","","https://invent.kde.org/frameworks/kdbusaddons","",""
"kde-cli-tools","","","","","","","",""
"kde-config-touchpad","","","","","","","",""
"kde-dev-utils","","","","","","https://invent.kde.org/sdk/kde-dev-utils","",""
"kde-style-oxygen","","","","","","","",""
"kde-window-manager","","","","","","","",""
"kdeartwork-style","","","","","","","",""
"kdebase-runtime","","","","","","","",""
"kdebase-workspace","","","","","","","",""
"kdebase-workspace-bin","","","","","","","",""
"kdebase-workspace-dev","","","","","","","",""
"kdeclarative","","","","","","https://invent.kde.org/frameworks/kdeclarative","",""
"kdecoration","","","","","","https://invent.kde.org/plasma/kdecoration","",""
"kded","","","","","","https://invent.kde.org/frameworks/kded","",""
"kded5","","","","","","","",""
"kdeedu-data","","","","","","","",""
"kdeedu-kvtml-data","","","","","","","",""
"kdegames-card-data","","","","","","","",""
"kdegames-mahjongg-data-kf6","","","","","","","",""
"kdegraphics-mobipocket","","","","","","https://invent.kde.org/graphics/kdegraphics-mobipocket","",""
"kdegraphics-strigi-plugins","","","","","","","",""
"kdelibs5","","","","","","","",""
"kdelibs5-dev","","","","","","","",""
"kdelibs5-plugins","","","","","","","",""
"kdelirc","","","","","","","",""
"kdemultimedia-dev","","","","","","","",""
"kdemultimedia-kio-plugins","","","","","","","",""
"kdenetwork-filesharing","","","","","","https://invent.kde.org/network/kdenetwork-filesharing","",""
"kdenlive","","","","","","","",""
"kdepasswd","","","","","","","",""
"kdepim-doc","","","","","","","",""
"kdepim-groupware","","","","","","","",""
"kdepim-kresources","","","","","","","",""
"kdepim-runtime","","","","","","https://invent.kde.org/pim/kdepim-runtime","",""
"kdepim-strigi-plugins","","","","","","","",""
"kdepim-wizards","","","","","","","",""
"kdepimlibs-kio-plugins","","","","","","","",""
"kdepimlibs5","","","","","","","",""
"kdepimlibs5-dev","","","","","","","",""
"kdeplasma-addons","","","","","","https://invent.kde.org/plasma/kdeplasma-addons","",""
"kdeplasma-addons-data","","","","","","","",""
"kdesdk-dolphin-plugins","","","","","","","",""
"kdesdk-kio-plugins","","","","","","","",""
"kdesdk-misc","","","","","","","",""
"kdesdk-strigi-plugins","","","","","","","",""
"kdesignerplugin","","","","","","https://invent.kde.org/frameworks/kdesignerplugin","",""
"kdesu","","","","","","https://invent.kde.org/frameworks/kdesu","",""
"kdesudo","","","","","","","",""
"kdesvn","","","","","","","",""
"kdevelop","","","","","","","",""
"kdevelop-php","","","","","","","",""
"kdevelop-php-docs","","","","","","","",""
"kdevelop510-libs","","","","","","","",""
"kdevelop56-libs","","","","","","","",""
"kdevelop62-libs","","","","","","","",""
"kdevplatform-dev","","","","","","","",""
"kdevplatform-l10n","","","","","","","",""
"kdf","","","","","","","",""
"kdiagram","","","","","","https://invent.kde.org/graphics/kdiagram","",""
"kdiagram2","","","","","","https://invent.kde.org/graphics/kdiagram","",""
"kdiamond","","","","","","","",""
"kdiff3","","","","","","","",""
"kdiff3-qt","","","","","","","",""
"kdm","","","","","","","",""
"kdm-gdmcompat","","","","","","","",""
"kdnssd-kf5","","","","","","https://invent.kde.org/frameworks/kdnssd","",""
"kdoctools","","","","","","https://invent.kde.org/frameworks/kdoctools","",""
"kdoctools6","","","","","","","",""
"kdrill","","","","","","","",""
"kdsingleapplication","","","","","","","",""
"kdsoap","","","","","","","",""
"kdsoap-ws-discovery-client","","","","","","https://invent.kde.org/libraries/kdsoap-ws-discovery-client","",""
"keepass2","","","","","","","",""
"keepassx","","","","","","","",""
"keepassxc","","","","","","","",""
"kelbt","","","","","","","",""
"kemoticons","","","","","","https://invent.kde.org/frameworks/kemoticons","",""
"kernel-patch-viewos","","","","","","","",""
"kernel-patch-wrr","","","","","","","",""
"kerneloops","","","","","","","",""
"kernelshark","","","","","","","",""
"kerneltop","","","","","","","",""
"ketm","","","","","","","",""
"keurocalc","","","","","","","",""
"kexec-tools","","","","","","https://git.kernel.org/pub/scm/utils/kernel/kexec/kexec-tools.git/","",""
"kexi","","","","","","","",""
"kexi-web-form-widget","","","","","","","",""
"keyanalyze","","","","","","","",""
"keybinder-3.0","https://github.com/engla/keybinder.git","","","","","","",""
"keyman","","","","","","","",""
"keynav","","","","","","","",""
"keytouch-editor","","","","","","","",""
"keyutils","","","","","","https://git.kernel.org/pub/scm/linux/kernel/git/dhowells/keyutils.git","",""
"kf6-attica","","","","","","https://invent.kde.org/frameworks/attica","",""
"kf6-baloo","","","","","","https://invent.kde.org/frameworks/baloo","",""
"kf6-bluez-qt","","","","","","https://invent.kde.org/frameworks/bluez-qt","",""
"kf6-breeze-icon-theme-rcc","","","","","","","",""
"kf6-breeze-icons","","","","","","https://invent.kde.org/frameworks/breeze-icons","",""
"kf6-extra-cmake-modules","","","","","","https://invent.kde.org/frameworks/extra-cmake-modules","",""
"kf6-frameworkintegration","","","","","","https://invent.kde.org/frameworks/frameworkintegration","",""
"kf6-kapidox","","","","","","https://invent.kde.org/frameworks/kapidox","",""
"kf6-karchive","","","","","","https://invent.kde.org/frameworks/karchive","",""
"kf6-kauth","","","","","","https://invent.kde.org/frameworks/kauth","",""
"kf6-kbookmarks","","","","","","https://invent.kde.org/frameworks/kbookmarks","",""
"kf6-kcalendarcore","","","","","","https://invent.kde.org/frameworks/kcalendarcore","",""
"kf6-kcmutils","","","","","","https://invent.kde.org/frameworks/kcmutils","",""
"kf6-kcodecs","","","","","","https://invent.kde.org/frameworks/kcodecs","",""
"kf6-kcolorscheme","","","","","","https://invent.kde.org/frameworks/kcolorscheme","",""
"kf6-kcompletion","","","","","","https://invent.kde.org/frameworks/kcompletion","",""
"kf6-kconfig","","","","","","https://invent.kde.org/frameworks/kconfig","",""
"kf6-kconfigwidgets","","","","","","https://invent.kde.org/frameworks/kconfigwidgets","",""
"kf6-kcontacts","","","","","","https://invent.kde.org/frameworks/kcontacts","",""
"kf6-kcoreaddons","","","","","","https://invent.kde.org/frameworks/kcoreaddons","",""
"kf6-kcrash","","","","","","https://invent.kde.org/frameworks/kcrash","",""
"kf6-kdav","","","","","","https://invent.kde.org/frameworks/kdav","",""
"kf6-kdbusaddons","","","","","","https://invent.kde.org/frameworks/kdbusaddons","",""
"kf6-kdeclarative","","","","","","https://invent.kde.org/frameworks/kdeclarative","",""
"kf6-kded","","","","","","https://invent.kde.org/frameworks/kded","",""
"kf6-kdesu","","","","","","https://invent.kde.org/frameworks/kdesu","",""
"kf6-kdnssd","","","","","","https://invent.kde.org/frameworks/kdnssd","",""
"kf6-kdoctools","","","","","","https://invent.kde.org/frameworks/kdoctools","",""
"kf6-kfilemetadata","","","","","","https://invent.kde.org/frameworks/kfilemetadata","",""
"kf6-kglobalaccel","","","","","","https://invent.kde.org/frameworks/kglobalaccel","",""
"kf6-kguiaddons","","","","","","https://invent.kde.org/frameworks/kguiaddons","",""
"kf6-kholidays","","","","","","https://invent.kde.org/frameworks/kholidays","",""
"kf6-ki18n","","","","","","https://invent.kde.org/frameworks/ki18n","",""
"kf6-kiconthemes","","","","","","https://invent.kde.org/frameworks/kiconthemes","",""
"kf6-kidletime","","","","","","https://invent.kde.org/frameworks/kidletime","",""
"kf6-kio","","","","","","https://invent.kde.org/frameworks/kio","",""
"kf6-kirigami","","","","","","https://invent.kde.org/frameworks/kirigami","",""
"kf6-kitemmodels","","","","","","https://invent.kde.org/frameworks/kitemmodels","",""
"kf6-kitemviews","","","","","","https://invent.kde.org/frameworks/kitemviews","",""
"kf6-kjobwidgets","","","","","","https://invent.kde.org/frameworks/kjobwidgets","",""
"kf6-knewstuff","","","","","","https://invent.kde.org/frameworks/knewstuff","",""
"kf6-knotifications","","","","","","https://invent.kde.org/frameworks/knotifications","",""
"kf6-knotifyconfig","","","","","","https://invent.kde.org/frameworks/knotifyconfig","",""
"kf6-kpackage","","","","","","https://invent.kde.org/frameworks/kpackage","",""
"kf6-kparts","","","","","","https://invent.kde.org/frameworks/kparts","",""
"kf6-kpeople","","","","","","https://invent.kde.org/frameworks/kpeople","",""
"kf6-kplotting","","","","","","https://invent.kde.org/frameworks/kplotting","",""
"kf6-kpty","","","","","","https://invent.kde.org/frameworks/kpty","",""
"kf6-kquickcharts","","","","","","https://invent.kde.org/frameworks/kquickcharts","",""
"kf6-krunner","","","","","","https://invent.kde.org/frameworks/krunner","",""
"kf6-kservice","","","","","","https://invent.kde.org/frameworks/kservice","",""
"kf6-kstatusnotifieritem","","","","","","https://invent.kde.org/frameworks/kstatusnotifieritem","",""
"kf6-ksvg","","","","","","https://invent.kde.org/frameworks/ksvg","",""
"kf6-ktexteditor","","","","","","https://invent.kde.org/frameworks/ktexteditor","",""
"kf6-ktexttemplate","","","","","","https://invent.kde.org/frameworks/ktexttemplate","",""
"kf6-ktextwidgets","","","","","","https://invent.kde.org/frameworks/ktextwidgets","",""
"kf6-kunitconversion","","","","","","https://invent.kde.org/frameworks/kunitconversion","",""
"kf6-kuserfeedback","","","","","","https://invent.kde.org/frameworks/kuserfeedback","",""
"kf6-kwallet","","","","","","https://invent.kde.org/frameworks/kwallet","",""
"kf6-kwidgetsaddons","","","","","","https://invent.kde.org/frameworks/kwidgetsaddons","",""
"kf6-kwindowsystem","","","","","","https://invent.kde.org/frameworks/kwindowsystem","",""
"kf6-kxmlgui","","","","","","https://invent.kde.org/frameworks/kxmlgui","",""
"kf6-modemmanager-qt","","","","","","https://invent.kde.org/frameworks/modemmanager-qt","",""
"kf6-networkmanager-qt","","","","","","https://invent.kde.org/frameworks/networkmanager-qt","",""
"kf6-prison","","","","","","https://invent.kde.org/frameworks/prison","",""
"kf6-purpose","","","","","","https://invent.kde.org/frameworks/purpose","",""
"kf6-qqc2-desktop-style","","","","","","https://invent.kde.org/frameworks/qqc2-desktop-style","",""
"kf6-solid","","","","","","https://invent.kde.org/frameworks/solid","",""
"kf6-sonnet","","","","","","https://invent.kde.org/frameworks/sonnet","",""
"kf6-syndication","","","","","","https://invent.kde.org/frameworks/syndication","",""
"kf6-syntax-highlighting","","","","","","https://invent.kde.org/frameworks/syntax-highlighting","",""
"kf6-threadweaver","","","","","","https://invent.kde.org/frameworks/threadweaver","",""
"kfilemetadata-kf5","","","","","","https://invent.kde.org/frameworks/kfilemetadata","",""
"kfilereplace","","","","","","","",""
"kfind","","","","","","","",""
"kfloppy","","","","","","","",""
"kfourinline","","","","","","","",""
"kftpgrabber","","","","","","","",""
"kgamma","","","","","","https://invent.kde.org/plasma/kgamma","",""
"kgb","","","","","","","",""
"kgeography","","","","","","","",""
"kget","","","","","","","",""
"kglobalaccel","","","","","","https://invent.kde.org/frameworks/kglobalaccel","",""
"kglobalacceld","","","","","","https://invent.kde.org/plasma/kglobalacceld","",""
"kgoldrunner","","","","","","","",""
"kgpg","","","","","","","",""
"kguiaddons","","","","","","https://invent.kde.org/frameworks/kguiaddons","",""
"khangman","","","","","","","",""
"khelpcenter4","","","","","","","",""
"kholidays","","","","","","https://invent.kde.org/frameworks/kholidays","",""
"khronos-opencl-clhpp","https://github.com/khronosgroup/opencl-clhpp.git","","","","","","",""
"khronos-opencl-headers","","","","","","","",""
"ki18n","","","","","","https://invent.kde.org/frameworks/ki18n","",""
"kicad","","","","","","","",""
"kicad-footprints","","","","","","","",""
"kicad-symbols","","","","","","","",""
"kicad-templates","","","","","","","",""
"kickpass","https://github.com/kickpass/kickpass.git","","","","","","",""
"kiconthemes","","","","","","https://invent.kde.org/frameworks/kiconthemes","",""
"kid3","","","","","","","",""
"kidentitymanagement","","","","","","https://invent.kde.org/pim/kidentitymanagement","",""
"kidletime","","","","","","https://invent.kde.org/frameworks/kidletime","",""
"kig","","","","","","","",""
"kigo","","","","","","","",""
"kildclient","","","","","","","",""
"kile","","","","","","","",""
"killbots","","","","","","","",""
"kim-api","","","","","","","",""
"kimageannotator","https://github.com/ksnip/kimageannotator.git","","","","","","",""
"kimageformat6-plugins","","","","","","","",""
"kimagemapeditor","","","","","","","",""
"kimap","","","","","","https://invent.kde.org/pim/kimap","",""
"kinfocenter","","","","","","https://invent.kde.org/plasma/kinfocenter","",""
"kinit","","","","","","https://invent.kde.org/frameworks/kinit","",""
"kino","","","","","","","",""
"kio","","","","","","https://invent.kde.org/frameworks/kio","",""
"kio-ftps","","","","","","","",""
"kio-gopher","","","","","","","",""
"kio-ldap","","","","","","","",""
"kipi-plugins","","","","","","","",""
"kipi-plugins-common","","","","","","","",""
"kirigami-addons","","","","","","https://invent.kde.org/libraries/kirigami-addons/","",""
"kirigami-addons5","","","","","","https://invent.kde.org/libraries/kirigami-addons/","",""
"kirigami2","","","","","","https://invent.kde.org/frameworks/kirigami","",""
"kiriki","","","","","","","",""
"kissfft","https://github.com/mborgerding/kissfft.git","","","","","","",""
"kissplice","","","","","","","",""
"kitemmodels","","","","","","https://invent.kde.org/frameworks/kitemmodels","",""
"kitemviews","","","","","","https://invent.kde.org/frameworks/kitemviews","",""
"kiten","","","","","","","",""
"kitinerary","","","","","","https://invent.kde.org/pim/kitinerary","",""
"kjobwidgets","","","","","","https://invent.kde.org/frameworks/kjobwidgets","",""
"kjots","","","","","","","",""
"kjumpingcube","","","","","","","",""
"klash","","","","","","","",""
"klatexformula","","","","","","","",""
"kldap","","","","","","https://invent.kde.org/pim/kldap","",""
"kleopatra","","","","","","https://invent.kde.org/pim/kleopatra","",""
"klettres","","","","","","","",""
"klibc","","","","","","https://git.kernel.org/cgit/libs/klibc/klibc.git","",""
"klick","","","","","","","",""
"klickety","","","","","","","",""
"klines","","","","","","","",""
"klinkstatus","","","","","","","",""
"klipper","","","","","","","",""
"klog","https://github.com/ea4k/klog.git","","","","","","",""
"klone","","","","","","","",""
"kluppe","","","","","","","",""
"kmag","","","","","","","",""
"kmahjongg","","","","","","","",""
"kmail","","","","","","","",""
"kmailtransport","","","","","","https://invent.kde.org/pim/kmailtransport","",""
"kmbox","","","","","","https://invent.kde.org/pim/kmbox","",""
"kmc","","","","","","","",""
"kmediaplayer","","","","","","https://invent.kde.org/frameworks/kmediaplayer","",""
"kmenuedit","","","","","","https://invent.kde.org/plasma/kmenuedit","",""
"kmer","","","","","","","",""
"kmess","","","","","","","",""
"kmime","","","","","","https://invent.kde.org/pim/kmime","",""
"kmines","","","","","","","",""
"kmix","","","","","","","",""
"kmldonkey","","","","","","","",""
"kmod","","","","","","","",""
"kmousetool","","","","","","","",""
"kmouth","","","","","","","",""
"kmplayer","","","","","","","",""
"kmplot","","","","","","","",""
"kmtrace","","","","","","","",""
"kmymoney","","","","","","","",""
"kmymoney-dev","","","","","","","",""
"knemo","","","","","","","",""
"knetwalk","","","","","","","",""
"knews","","","","","","","",""
"knewstuff","","","","","","https://invent.kde.org/frameworks/knewstuff","",""
"knights","","","","","","","",""
"knockd","","","","","","","",""
"knocker","","","","","","","",""
"knode","","","","","","","",""
"knot","","","","","","","",""
"knot-keymgr","","","","","","","",""
"knotes","","","","","","","",""
"knotifications","","","","","","https://invent.kde.org/frameworks/knotifications","",""
"knotifyconfig","","","","","","https://invent.kde.org/frameworks/knotifyconfig","",""
"kodi","","","","","","","",""
"kodi-api-audiodecoder","","","","","","","",""
"kodi-api-audioencoder","","","","","","","",""
"kodi-api-filesystem","","","","","","","",""
"kodi-api-game","","","","","","","",""
"kodi-api-general","","","","","","","",""
"kodi-api-imagedecoder","","","","","","","",""
"kodi-api-inputstream","","","","","","","",""
"kodi-api-main","","","","","","","",""
"kodi-api-peripheral","","","","","","","",""
"kodi-api-pvr","","","","","","","",""
"kodi-api-screensaver","","","","","","","",""
"kodi-api-vfs","","","","","","","",""
"kodi-api-visualization","","","","","","","",""
"kodi-audiodecoder-fluidsynth","","","","","","","",""
"kodi-audiodecoder-openmpt","","","","","","","",""
"kodi-audiodecoder-sidplay","","","","","","","",""
"kodi-audioencoder-flac","","","","","","","",""
"kodi-audioencoder-lame","","","","","","","",""
"kodi-audioencoder-wav","","","","","","","",""
"kodi-eventclients-python","","","","","","","",""
"kodi-game-libretro","https://github.com/kodi-game/game.libretro.git","","","","","","",""
"kodi-imagedecoder-heif","","","","","","","",""
"kodi-imagedecoder-raw","","","","","","","",""
"kodi-inputstream-adaptive","","","","","","","",""
"kodi-inputstream-ffmpegdirect","","","","","","","",""
"kodi-peripheral-joystick","","","","","","","",""
"kodi-peripheral-xarcade","","","","","","","",""
"kodi-pvr-argustv","","","","","","","",""
"kodi-pvr-dvblink","","","","","","","",""
"kodi-pvr-dvbviewer","","","","","","","",""
"kodi-pvr-filmon","","","","","","","",""
"kodi-pvr-hdhomerun","","","","","","","",""
"kodi-pvr-iptvsimple","","","","","","","",""
"kodi-pvr-mediaportal-tvserver","https://github.com/kodi-pvr/pvr.mediaportal.tvserver.git","","","","","","",""
"kodi-pvr-mythtv","","","","","","","",""
"kodi-pvr-nextpvr","https://github.com/kodi-pvr/pvr.nextpvr.git","","","","","","",""
"kodi-pvr-njoy","","","","","","","",""
"kodi-pvr-octonet","","","","","","","",""
"kodi-pvr-pctv","","","","","","","",""
"kodi-pvr-sledovanitv-cz","","","","","","","",""
"kodi-pvr-stalker","","","","","","","",""
"kodi-pvr-teleboy","","","","","","","",""
"kodi-pvr-vdr-vnsi","","","","","","","",""
"kodi-pvr-vuplus","","","","","","","",""
"kodi-pvr-waipu","","","","","","","",""
"kodi-pvr-wmc","","","","","","","",""
"kodi-pvr-zattoo","","","","","","","",""
"kodi-screensaver-asteroids","","","","","","","",""
"kodi-screensaver-biogenesis","","","","","","","",""
"kodi-screensaver-greynetic","","","","","","","",""
"kodi-screensaver-pingpong","","","","","","","",""
"kodi-screensaver-pyro","","","","","","","",""
"kodi-screensaver-shadertoy","","","","","","","",""
"kodi-vfs-libarchive","","","","","","","",""
"kodi-vfs-sftp","","","","","","","",""
"kodi-visualization-fishbmc","","","","","","","",""
"kodi-visualization-pictureit","","","","","","","",""
"kodi-visualization-shadertoy","","","","","","","",""
"kodi-visualization-spectrum","","","","","","","",""
"kodi-visualization-waveform","","","","","","","",""
"kolabadmin","","","","","","","",""
"kolf","","","","","","","",""
"kollision","","","","","","","",""
"kolourpaint4","","","","","","","",""
"kommander","","","","","","","",""
"komparator","","","","","","","",""
"kompare","","","","","","","",""
"kompozer","","","","","","","",""
"konqueror","","","","","","","",""
"konqueror-nsplugins","","","","","","","",""
"konquest","","","","","","","",""
"konsole","","","","","","","",""
"kontact","","","","","","","",""
"kontactinterface","","","","","","https://invent.kde.org/pim/kontactinterface","",""
"konversation","","","","","","","",""
"kopeninghours","","","","","","https://invent.kde.org/libraries/kopeninghours/","",""
"kopete","","","","","","","",""
"korganizer","","","","","","","",""
"kosmindoormap","","","","","","https://invent.kde.org/libraries/kosmindoormap/","",""
"kover","","","","","","","",""
"kpackage","","","","","","https://invent.kde.org/frameworks/kpackage","",""
"kpackagetool5","","","","","","","",""
"kpackagetool6","","","","","","","",""
"kpart5-kompare","","","","","","","",""
"kparts","","","","","","https://invent.kde.org/frameworks/kparts","",""
"kpat","","","","","","","",""
"kpeople","","","","","","https://invent.kde.org/frameworks/kpeople","",""
"kpeoplevcard","","","","","","","",""
"kphotoalbum","","","","","","","",""
"kpimtextedit","","","","","","https://invent.kde.org/pim/kpimtextedit","",""
"kpipewire","","","","","","https://invent.kde.org/plasma/kpipewire","",""
"kpkpass","","","","","","https://invent.kde.org/pim/kpkpass","",""
"kplato","","","","","","","",""
"kplayer","","","","","","","",""
"kplotting","","","","","","https://invent.kde.org/frameworks/kplotting","",""
"kpmcore","","","","","","https://invent.kde.org/system/kpmcore","",""
"kppp","","","","","","","",""
"kpresenter","","","","","","","",""
"kproperty","","","","","","","",""
"kpty","","","","","","https://invent.kde.org/frameworks/kpty","",""
"kpublictransport","","","","","","https://invent.kde.org/libraries/kpublictransport","",""
"kpublictransport-data","","","","","","","",""
"kqtquickcharts","","","","","","https://invent.kde.org/libraries/kqtquickcharts","",""
"kquickcharts","","","","","","https://invent.kde.org/frameworks/kquickcharts","",""
"kquickimageeditor","","","","","","https://invent.kde.org/libraries/kquickimageeditor","",""
"kradio","","","","","","","",""
"kradio4","","","","","","","",""
"kraft","","","","","","","",""
"kraptor","","","","","","","",""
"krb5","","","","","","","",""
"krb5-clients","","","","","","","",""
"krb5-config","","","","","","","",""
"krb5-ftpd","","","","","","","",""
"krb5-rsh-server","","","","","","","",""
"krb5-telnetd","","","","","","","",""
"krdc","","","","","","","",""
"krecipes","","","","","","","",""
"kredentials","","","","","","","",""
"krename","","","","","","","",""
"kreport","","","","","","","",""
"kreversi","","","","","","","",""
"krfb","","","","","","","",""
"krita","","","","","","","",""
"kronosnet","","","","","","","",""
"kross","","","","","","https://invent.kde.org/frameworks/kross","",""
"krosspython","","","","","","","",""
"kruler","","","","","","","",""
"krunner","","","","","","https://invent.kde.org/frameworks/krunner","",""
"krusader","","","","","","","",""
"ksame","","","","","","","",""
"ksanecore","","","","","","https://invent.kde.org/libraries/ksanecore","",""
"kscd","","","","","","","",""
"kscope","","","","","","","",""
"kscreenlocker","","","","","","https://invent.kde.org/plasma/kscreenlocker","",""
"kscreensaver","","","","","","","",""
"kscreensaver-xsavers","","","","","","","",""
"kseexpr","","","","","","https://invent.kde.org/graphics/kseexpr","",""
"kseg","","","","","","","",""
"kservice","","","","","","https://invent.kde.org/frameworks/kservice","",""
"ksh","","","","","","","",""
"kshisen","","","","","","","",""
"kshutdown","","","","","","","",""
"ksirk","","","","","","","",""
"ksmtp","","","","","","https://invent.kde.org/pim/ksmtp","",""
"ksnapshot","","","","","","","",""
"kspaceduel","","","","","","","",""
"kspread","","","","","","","",""
"ksquares","","","","","","","",""
"ksshaskpass","","","","","","https://invent.kde.org/plasma/ksshaskpass","",""
"kst","","","","","","","",""
"kstars","","","","","","","",""
"kstart","","","","","","","",""
"ksudoku","","","","","","","",""
"ksyntax-highlighting","","","","","","https://invent.kde.org/frameworks/syntax-highlighting","",""
"ksysguard","","","","","","","",""
"ksysguard-data","","","","","","","",""
"ksysguardd","","","","","","","",""
"ksystemlog","","","","","","","",""
"kteatime","","","","","","","",""
"ktextaddons","","","","","","https://invent.kde.org/libraries/ktextaddons","",""
"ktexteditor","","","","","","https://invent.kde.org/frameworks/ktexteditor","",""
"ktexteditor-data","","","","","","","",""
"ktextwidgets","","","","","","https://invent.kde.org/frameworks/ktextwidgets","",""
"kthesaurus","","","","","","","",""
"ktikz","https://github.com/fhackenberger/ktikz.git","","","","","","",""
"ktimer","","","","","","","",""
"ktimetracker","","","","","","","",""
"ktnef","","","","","","https://invent.kde.org/pim/ktnef","",""
"ktoblzcheck","","","","","","","",""
"ktorrent","","","","","","","",""
"ktouch","","","","","","","",""
"ktron","","","","","","","",""
"kttsd","","","","","","","",""
"ktuberling","","","","","","","",""
"kturtle","","","","","","","",""
"ktux","","","","","","","",""
"kubrick","","","","","","","",""
"kunitconversion","","","","","","https://invent.kde.org/frameworks/kunitconversion","",""
"kuser","","","","","","","",""
"kuserfeedback","","","","","","https://invent.kde.org/libraries/kuserfeedback","",""
"kvantum","https://github.com/tsujan/kvantum.git","","","","","","",""
"kvazaar","https://github.com/ultravideo/kvazaar.git","","","","","","",""
"kvirc","","","","","","","",""
"kvkbd","","","","","","","",""
"kvm","","","","","","","",""
"kvpnc","","","","","","","",""
"kwallet-kf5","","","","","","https://invent.kde.org/frameworks/kwallet","",""
"kwalletcli","","","","","","","",""
"kwalletmanager","","","","","","","",""
"kwave","","","","","","","",""
"kwayland","","","","","","https://invent.kde.org/frameworks/kwayland","",""
"kwayland-kf5","","","","","","https://invent.kde.org/frameworks/kwayland","",""
"kweathercore","","","","","","https://invent.kde.org/libraries/kweathercore","",""
"kwidgetsaddons","","","","","","https://invent.kde.org/frameworks/kwidgetsaddons","",""
"kwin","","","","","","","",""
"kwin-common","","","","","","","",""
"kwin-style-crystal","","","","","","","",""
"kwin-style-dekorator","","","","","","","",""
"kwin-style-qtcurve","","","","","","","",""
"kwindowsystem","","","","","","https://invent.kde.org/frameworks/kwindowsystem","",""
"kword","","","","","","","",""
"kwordquiz","","","","","","","",""
"kxl","https://github.com/quipyowert2/libkxl.git","","","","","","",""
"kxmlgui","","","","","","https://invent.kde.org/frameworks/kxmlgui","",""
"kxmlrpcclient","","","","","","https://invent.kde.org/frameworks/kxmlrpcclient","",""
"kylin-burner","","","","","","","",""
"kyotocabinet","","","","","","","",""
"kytea","","","","","","","",""
"l2tp-ipsec-vpn","","","","","","","",""
"l2tp-ipsec-vpn-daemon","","","","","","","",""
"l7-filter-userspace","","","","","","","",""
"labrea","","","","","","","",""
"ladspa-sdk","","","","","","","",""
"ladvd","https://github.com/sspans/ladvd.git","","","","","","",""
"lager","https://github.com/arximboldi/lager.git","","","","","","",""
"lam","","","","","","","",""
"lame","","","","","","","",""
"langdrill","","","","","","","",""
"lapack","","","","","","","",""
"lapackpp","https://github.com/icl-utk-edu/lapackpp.git","","","","","","",""
"lasi","","","","","","","",""
"lasso","","","","","","","",""
"last-align","","https://gitlab.com/mcfrith/last.git","","","","","",""
"lastfm","","","","","","","",""
"laszip","","","","","","","",""
"launchtool","","","","","","","",""
"layer-shell-qt","","","","","","","",""
"lbcd","","","","","","","",""
"lbdb","","","","","","","",""
"lbfgsb","","","","","","","",""
"lbfgspp","https://github.com/yixuan/lbfgspp.git","","","","","","",""
"lbzip2","https://github.com/kjn/lbzip2.git","","","","","","",""
"lcalc","","","","","","","",""
"lcas","","","","","","","",""
"lcas-lcmaps-gt4-interface","","","","","","","",""
"lcm","","","","","","","",""
"lcmaps","","","","","","","",""
"lcmaps-plugins-basic","","","","","","","",""
"lcmaps-plugins-jobrep","","","","","","","",""
"lcmaps-plugins-verify-proxy","","","","","","","",""
"lcmaps-plugins-voms","","","","","","","",""
"lcms2","","","","","","","",""
"lcrack","","","","","","","",""
"lcrq","","","","","","","",""
"ldap2zone","","","","","","","",""
"ldapvi","","","","","","","",""
"ldc","https://github.com/ldc-developers/ldc.git","","","","","","",""
"ldm","","","","","","","",""
"ldm-server","","","","","","","",""
"ldns","","","","","","","",""
"le","","","","","","","",""
"leaflet-markercluster","https://github.com/leaflet/leaflet.markercluster.git","","","","","","",""
"leafnode","","","","","","","",""
"leafpad","","","","","","","",""
"leatherman","https://github.com/puppetlabs/leatherman.git","","","","","","",""
"lebiniou","","","","","","","",""
"lebiniou-data","","","","","","","",""
"ledger","","","","","","","",""
"lensfun","","","","","","","",""
"leptonlib","","","","","","","",""
"lerc","https://github.com/esri/lerc.git","","","","","","",""
"less","","","","","","","",""
"lesstif-bin","","","","","","","",""
"lesstif2","","","","","","","",""
"lesstif2-dbg","","","","","","","",""
"lesstif2-dev","","","","","","","",""
"level-zero","https://github.com/oneapi-src/level-zero.git","","","","","","",""
"leveldb","https://github.com/google/leveldb.git","","","","","","",""
"lfhex","","","","","","","",""
"lfortran","","","","","","","",""
"lgeneral","","","","","","","",""
"lgeneral-data","","","","","","","",""
"lhasa","","","","","","","",""
"lib1305","","","","","","","",""
"lib25519","","","","","","","",""
"lib2geom","","https://gitlab.com/inkscape/lib2geom.git","","","","","",""
"lib32asan8-amd64-cross","","","","","","","",""
"lib32asan8-ppc64-cross","","","","","","","",""
"lib32asan8-s390x-cross","","","","","","","",""
"lib32asan8-sparc64-cross","","","","","","","",""
"lib32asan8-x32-cross","","","","","","","",""
"lib32atomic1-amd64-cross","","","","","","","",""
"lib32atomic1-mips64-cross","","","","","","","",""
"lib32atomic1-mips64el-cross","","","","","","","",""
"lib32atomic1-mips64r6-cross","","","","","","","",""
"lib32atomic1-mips64r6el-cross","","","","","","","",""
"lib32atomic1-ppc64-cross","","","","","","","",""
"lib32atomic1-s390x-cross","","","","","","","",""
"lib32atomic1-sparc64-cross","","","","","","","",""
"lib32atomic1-x32-cross","","","","","","","",""
"lib32c-dev","","","","","","","",""
"lib32gcc-s1-amd64-cross","","","","","","","",""
"lib32gcc-s1-mips64-cross","","","","","","","",""
"lib32gcc-s1-mips64el-cross","","","","","","","",""
"lib32gcc-s1-mips64r6-cross","","","","","","","",""
"lib32gcc-s1-mips64r6el-cross","","","","","","","",""
"lib32gcc-s1-ppc64-cross","","","","","","","",""
"lib32gcc-s1-s390x-cross","","","","","","","",""
"lib32gcc-s1-sparc64-cross","","","","","","","",""
"lib32gcc-s1-x32-cross","","","","","","","",""
"lib32gfortran5-amd64-cross","","","","","","","",""
"lib32gfortran5-mips64-cross","","","","","","","",""
"lib32gfortran5-mips64el-cross","","","","","","","",""
"lib32gfortran5-mips64r6-cross","","","","","","","",""
"lib32gfortran5-mips64r6el-cross","","","","","","","",""
"lib32gfortran5-ppc64-cross","","","","","","","",""
"lib32gfortran5-s390x-cross","","","","","","","",""
"lib32gfortran5-sparc64-cross","","","","","","","",""
"lib32gfortran5-x32-cross","","","","","","","",""
"lib32go21-amd64-cross","","","","","","","",""
"lib32go21-ppc64-cross","","","","","","","",""
"lib32go21-s390x-cross","","","","","","","",""
"lib32go21-sparc64-cross","","","","","","","",""
"lib32go21-x32-cross","","","","","","","",""
"lib32go22-amd64-cross","","","","","","","",""
"lib32go22-mips64-cross","","","","","","","",""
"lib32go22-mips64el-cross","","","","","","","",""
"lib32go22-mips64r6-cross","","","","","","","",""
"lib32go22-mips64r6el-cross","","","","","","","",""
"lib32go22-ppc64-cross","","","","","","","",""
"lib32go22-s390x-cross","","","","","","","",""
"lib32go22-sparc64-cross","","","","","","","",""
"lib32go22-x32-cross","","","","","","","",""
"lib32go23-amd64-cross","","","","","","","",""
"lib32go23-mips64-cross","","","","","","","",""
"lib32go23-mips64el-cross","","","","","","","",""
"lib32go23-mips64r6-cross","","","","","","","",""
"lib32go23-mips64r6el-cross","","","","","","","",""
"lib32go23-ppc64-cross","","","","","","","",""
"lib32go23-s390x-cross","","","","","","","",""
"lib32go23-sparc64-cross","","","","","","","",""
"lib32go23-x32-cross","","","","","","","",""
"lib32gomp1-amd64-cross","","","","","","","",""
"lib32gomp1-mips64-cross","","","","","","","",""
"lib32gomp1-mips64el-cross","","","","","","","",""
"lib32gomp1-mips64r6-cross","","","","","","","",""
"lib32gomp1-mips64r6el-cross","","","","","","","",""
"lib32gomp1-ppc64-cross","","","","","","","",""
"lib32gomp1-s390x-cross","","","","","","","",""
"lib32gomp1-sparc64-cross","","","","","","","",""
"lib32gomp1-x32-cross","","","","","","","",""
"lib32gphobos3-amd64-cross","","","","","","","",""
"lib32gphobos3-ppc64-cross","","","","","","","",""
"lib32gphobos3-s390x-cross","","","","","","","",""
"lib32gphobos3-x32-cross","","","","","","","",""
"lib32gphobos4-amd64-cross","","","","","","","",""
"lib32gphobos4-mips64-cross","","","","","","","",""
"lib32gphobos4-mips64el-cross","","","","","","","",""
"lib32gphobos4-mips64r6-cross","","","","","","","",""
"lib32gphobos4-mips64r6el-cross","","","","","","","",""
"lib32gphobos4-ppc64-cross","","","","","","","",""
"lib32gphobos4-s390x-cross","","","","","","","",""
"lib32gphobos4-x32-cross","","","","","","","",""
"lib32gphobos5-amd64-cross","","","","","","","",""
"lib32gphobos5-mips64-cross","","","","","","","",""
"lib32gphobos5-mips64el-cross","","","","","","","",""
"lib32gphobos5-mips64r6-cross","","","","","","","",""
"lib32gphobos5-mips64r6el-cross","","","","","","","",""
"lib32gphobos5-ppc64-cross","","","","","","","",""
"lib32gphobos5-s390x-cross","","","","","","","",""
"lib32gphobos5-x32-cross","","","","","","","",""
"lib32itm1-amd64-cross","","","","","","","",""
"lib32itm1-ppc64-cross","","","","","","","",""
"lib32itm1-s390x-cross","","","","","","","",""
"lib32itm1-sparc64-cross","","","","","","","",""
"lib32itm1-x32-cross","","","","","","","",""
"lib32objc4-amd64-cross","","","","","","","",""
"lib32objc4-mips64-cross","","","","","","","",""
"lib32objc4-mips64el-cross","","","","","","","",""
"lib32objc4-mips64r6-cross","","","","","","","",""
"lib32objc4-mips64r6el-cross","","","","","","","",""
"lib32objc4-ppc64-cross","","","","","","","",""
"lib32objc4-s390x-cross","","","","","","","",""
"lib32objc4-sparc64-cross","","","","","","","",""
"lib32objc4-x32-cross","","","","","","","",""
"lib32quadmath0-amd64-cross","","","","","","","",""
"lib32quadmath0-x32-cross","","","","","","","",""
"lib32ubsan1-amd64-cross","","","","","","","",""
"lib32ubsan1-ppc64-cross","","","","","","","",""
"lib32ubsan1-s390x-cross","","","","","","","",""
"lib32ubsan1-sparc64-cross","","","","","","","",""
"lib32ubsan1-x32-cross","","","","","","","",""
"lib3ds","","","","","","","",""
"lib3mf","https://github.com/3mfconsortium/lib3mf.git","","","","","","",""
"lib64asan8","","","","","","","",""
"lib64asan8-i386-cross","","","","","","","",""
"lib64asan8-powerpc-cross","","","","","","","",""
"lib64asan8-x32-cross","","","","","","","",""
"lib64atomic1","","","","","","","",""
"lib64atomic1-i386-cross","","","","","","","",""
"lib64atomic1-mips-cross","","","","","","","",""
"lib64atomic1-mipsel-cross","","","","","","","",""
"lib64atomic1-mipsr6-cross","","","","","","","",""
"lib64atomic1-mipsr6el-cross","","","","","","","",""
"lib64atomic1-powerpc-cross","","","","","","","",""
"lib64atomic1-x32-cross","","","","","","","",""
"lib64gcc-12-dev","","","","","","","",""
"lib64gcc-13-dev","","","","","","","",""
"lib64gcc-14-dev","","","","","","","",""
"lib64gcc-s1","","","","","","","",""
"lib64gcc-s1-i386-cross","","","","","","","",""
"lib64gcc-s1-mips-cross","","","","","","","",""
"lib64gcc-s1-mipsel-cross","","","","","","","",""
"lib64gcc-s1-mipsr6-cross","","","","","","","",""
"lib64gcc-s1-mipsr6el-cross","","","","","","","",""
"lib64gcc-s1-powerpc-cross","","","","","","","",""
"lib64gcc-s1-x32-cross","","","","","","","",""
"lib64gfortran-12-dev","","","","","","","",""
"lib64gfortran-13-dev","","","","","","","",""
"lib64gfortran-14-dev","","","","","","","",""
"lib64gfortran5","","","","","","","",""
"lib64gfortran5-i386-cross","","","","","","","",""
"lib64gfortran5-mips-cross","","","","","","","",""
"lib64gfortran5-mipsel-cross","","","","","","","",""
"lib64gfortran5-mipsr6-cross","","","","","","","",""
"lib64gfortran5-mipsr6el-cross","","","","","","","",""
"lib64gfortran5-powerpc-cross","","","","","","","",""
"lib64gfortran5-x32-cross","","","","","","","",""
"lib64go-12-dev","","","","","","","",""
"lib64go21","","","","","","","",""
"lib64go21-i386-cross","","","","","","","",""
"lib64go21-powerpc-cross","","","","","","","",""
"lib64go21-x32-cross","","","","","","","",""
"lib64go22-i386-cross","","","","","","","",""
"lib64go22-mips-cross","","","","","","","",""
"lib64go22-mipsel-cross","","","","","","","",""
"lib64go22-mipsr6-cross","","","","","","","",""
"lib64go22-mipsr6el-cross","","","","","","","",""
"lib64go22-powerpc-cross","","","","","","","",""
"lib64go22-x32-cross","","","","","","","",""
"lib64go23-i386-cross","","","","","","","",""
"lib64go23-mips-cross","","","","","","","",""
"lib64go23-mipsel-cross","","","","","","","",""
"lib64go23-mipsr6-cross","","","","","","","",""
"lib64go23-mipsr6el-cross","","","","","","","",""
"lib64go23-powerpc-cross","","","","","","","",""
"lib64go23-x32-cross","","","","","","","",""
"lib64gomp1","","","","","","","",""
"lib64gomp1-i386-cross","","","","","","","",""
"lib64gomp1-mips-cross","","","","","","","",""
"lib64gomp1-mipsel-cross","","","","","","","",""
"lib64gomp1-mipsr6-cross","","","","","","","",""
"lib64gomp1-mipsr6el-cross","","","","","","","",""
"lib64gomp1-powerpc-cross","","","","","","","",""
"lib64gomp1-x32-cross","","","","","","","",""
"lib64gphobos3-i386-cross","","","","","","","",""
"lib64gphobos3-powerpc-cross","","","","","","","",""
"lib64gphobos3-x32-cross","","","","","","","",""
"lib64gphobos4-i386-cross","","","","","","","",""
"lib64gphobos4-mips-cross","","","","","","","",""
"lib64gphobos4-mipsel-cross","","","","","","","",""
"lib64gphobos4-mipsr6-cross","","","","","","","",""
"lib64gphobos4-mipsr6el-cross","","","","","","","",""
"lib64gphobos4-powerpc-cross","","","","","","","",""
"lib64gphobos4-x32-cross","","","","","","","",""
"lib64gphobos5-i386-cross","","","","","","","",""
"lib64gphobos5-mips-cross","","","","","","","",""
"lib64gphobos5-mipsel-cross","","","","","","","",""
"lib64gphobos5-mipsr6-cross","","","","","","","",""
"lib64gphobos5-mipsr6el-cross","","","","","","","",""
"lib64gphobos5-powerpc-cross","","","","","","","",""
"lib64gphobos5-x32-cross","","","","","","","",""
"lib64itm1","","","","","","","",""
"lib64itm1-i386-cross","","","","","","","",""
"lib64itm1-x32-cross","","","","","","","",""
"lib64ncurses-dev","","","","","","","",""
"lib64ncurses5","","","","","","","",""
"lib64ncurses5-dev","","","","","","","",""
"lib64ncurses6","","","","","","","",""
"lib64ncursesw6","","","","","","","",""
"lib64objc4","","","","","","","",""
"lib64objc4-i386-cross","","","","","","","",""
"lib64objc4-mips-cross","","","","","","","",""
"lib64objc4-mipsel-cross","","","","","","","",""
"lib64objc4-mipsr6-cross","","","","","","","",""
"lib64objc4-mipsr6el-cross","","","","","","","",""
"lib64objc4-powerpc-cross","","","","","","","",""
"lib64objc4-x32-cross","","","","","","","",""
"lib64quadmath0","","","","","","","",""
"lib64quadmath0-i386-cross","","","","","","","",""
"lib64quadmath0-x32-cross","","","","","","","",""
"lib64readline-dev","","","","","","","",""
"lib64readline5","","","","","","","",""
"lib64readline6","","","","","","","",""
"lib64readline8","","","","","","","",""
"lib64stdc++-12-dev","","","","","","","",""
"lib64stdc++-13-dev","","","","","","","",""
"lib64stdc++-14-dev","","","","","","","",""
"lib64stdc++6","","","","","","","",""
"lib64tinfo6","","","","","","","",""
"lib64ubsan1","","","","","","","",""
"lib64ubsan1-i386-cross","","","","","","","",""
"lib64ubsan1-powerpc-cross","","","","","","","",""
"lib64ubsan1-x32-cross","","","","","","","",""
"lib64z1","","","","","","","",""
"lib64z1-dev","","","","","","","",""
"libaacs","","","","","","","",""
"libabigail","","","","","","https://sourceware.org/libabigail/","",""
"libabw","","","","","","","",""
"libaccounts-glib","","https://gitlab.com/accounts-sso/libaccounts-glib.git","","","","","",""
"libaccounts-qt","","https://gitlab.com/accounts-sso/libaccounts-qt.git","","","","","",""
"libace-perl","","","","","","","",""
"libace-qtreactor-dev","","","","","","","",""
"libacme-damn-perl","","","","","","","",""
"libacpi","","","","","","","",""
"libacr38u","","","","","","","",""
"libacr38ucontrol0","","","","","","","",""
"libactivation-java","","","","","","","",""
"libad9361-iio","https://github.com/analogdevicesinc/libad9361-iio.git","","","","","","",""
"libadwaita-1","","","","","","","",""
"libaec","","https://gitlab.dkrz.de/k202009/libaec.git","","","","","",""
"libafs-pag-perl","","","","","","","",""
"libafsauthent1","","","","","","","",""
"libafsrpc1","","","","","","","",""
"libahp-gt","","","","","","","",""
"libai-fann-perl","","","","","","","",""
"libaio","","","","","","https://pagure.io/libaio","",""
"libaio1","","","","","","","",""
"libakonadi-calendar4","","","","","","","",""
"libakonadi-contact4","","","","","","","",""
"libakonadi-kabc4","","","","","","","",""
"libakonadi-kcal4","","","","","","","",""
"libakonadi-kde4","","","","","","","",""
"libakonadi-kmime4","","","","","","","",""
"libakonadi-ruby1.8","","","","","","","",""
"libakonadiprotocolinternals1","","","","","","","",""
"libalberta2","","","","","","","",""
"libalberta2-dev","","","","","","","",""
"libalgorithm-combinatorics-perl","","","","","","","",""
"libalgorithm-diff-perl","","","","","","","",""
"libalgorithm-diff-xs-perl","","","","","","","",""
"libalgorithm-lbfgs-perl","","","","","","","",""
"libalgorithm-permute-perl","","","","","","","",""
"libalias-perl","","","","","","","",""
"libaliased-perl","","","","","","","",""
"libalien-wxwidgets-perl","","","","","","","",""
"libalkimia-dev","","","","","","","",""
"liballegro4.2-dev","","","","","","","",""
"libalog","","","","","","","",""
"libalsa-ocaml","","","","","","","",""
"libalsa-ocaml-w0vh5","","","","","","","",""
"libam7xxx","","","","","","https://git.ao2.it/libam7xxx.git","",""
"libambix","","","","","","","",""
"libamplsolver","","","","","","","",""
"libamu-dev","","","","","","","",""
"libamu4","","","","","","","",""
"libancient2","","","","","","","",""
"libanjuta-3-0","","","","","","","",""
"libanjuta-dev","","","","","","","",""
"libansilove","https://github.com/ansilove/libansilove.git","","","","","","",""
"libantlr3c","","","","","","","",""
"libanyevent-perl","","","","","","","",""
"libao","","","","","","","",""
"libaosd","","","","","","","",""
"libapache-mod-auth-kerb","","","","","","","",""
"libapache-mod-encoding","","","","","","","",""
"libapache-mod-musicindex","","","","","","","",""
"libapache-mod-security","","","","","","","",""
"libapache-session-perl","","","","","","","",""
"libapache2-mod-auth-cas","https://github.com/apereo/mod_auth_cas.git","","","","","","",""
"libapache2-mod-auth-kerb","","","","","","","",""
"libapache2-mod-auth-mysql","","","","","","","",""
"libapache2-mod-auth-openid","","","","","","","",""
"libapache2-mod-auth-pgsql","","","","","","","",""
"libapache2-mod-authnz-external","","","","","","","",""
"libapache2-mod-authz-unixgroup","","","","","","","",""
"libapache2-mod-bw","","","","","","","",""
"libapache2-mod-fcgid","","","","","","","",""
"libapache2-mod-form","","","","","","","",""
"libapache2-mod-gnutls","","","","","","","",""
"libapache2-mod-lisp","","","","","","","",""
"libapache2-mod-macro","","","","","","","",""
"libapache2-mod-mono","","","","","","","",""
"libapache2-mod-passenger","","","","","","","",""
"libapache2-mod-perl2","","","","","","","",""
"libapache2-mod-php5","","","","","","","",""
"libapache2-mod-php5filter","","","","","","","",""
"libapache2-mod-qos","","","","","","","",""
"libapache2-mod-rivet","","","","","","","",""
"libapache2-mod-rpaf","","","","","","","",""
"libapache2-mod-shib2","","","","","","","",""
"libapache2-mod-spamhaus","","","","","","","",""
"libapache2-mod-speedycgi","","","","","","","",""
"libapache2-mod-vhost-hash-alias","","","","","","","",""
"libapache2-mod-wsgi","","","","","","","",""
"libapache2-modsecurity","","","","","","","",""
"libapache2-webauth","","","","","","","",""
"libapache2-webkdc","","","","","","","",""
"libaperture-0","","https://gitlab.gnome.org/jwestman/libaperture.git","","","","","",""
"libapogee3","https://github.com/indilib/indi-3rdparty.git","","","","","","",""
"libapparmor-perl","","","","","","","",""
"libappimage","https://github.com/appimagecommunity/libappimage.git","","","","","","",""
"libapr-memcache0","","","","","","","",""
"libapreq2","","","","","","","",""
"libapron","","","","","","","",""
"libapron-dev","","","","","","","",""
"libapron-ocaml","","","","","","","",""
"libapron-ocaml-dev","","","","","","","",""
"libaprutil1-dbd-freetds","","","","","","","",""
"libapt-pkg","","","","","","","",""
"libapt-pkg6.0","","","","","","","",""
"libaqbanking","","","","","","","",""
"libaqbanking-plugins-libgwenhywfar60","","","","","","","",""
"libaqbanking33","","","","","","","",""
"libaqbanking33-plugins","","","","","","","",""
"libaqbanking34","","","","","","","",""
"libaqhbci20","","","","","","","",""
"libaqhbci21","","","","","","","",""
"libaqhbci22","","","","","","","",""
"libaqofxconnect7","","","","","","","",""
"libarchive","","","","","","","",""
"libarchive-zip-perl","","","","","","","",""
"libarcus","https://github.com/ultimaker/libarcus.git","","","","","","",""
"libargparse","https://github.com/p-ranav/argparse.git","","","","","","",""
"libargs","https://github.com/taywee/args.git","","","","","","",""
"libarmnn33t64","","","","","","","",""
"libarmnntfliteparser24t64","","","","","","","",""
"libart-lgpl","","","","","","","",""
"libasa-perl","","","","","","","",""
"libasan8-amd64-cross","","","","","","","",""
"libasan8-arm64-cross","","","","","","","",""
"libasan8-armel-cross","","","","","","","",""
"libasan8-armhf-cross","","","","","","","",""
"libasan8-i386-cross","","","","","","","",""
"libasan8-loong64-cross","","","","","","","",""
"libasan8-powerpc-cross","","","","","","","",""
"libasan8-ppc64-cross","","","","","","","",""
"libasan8-ppc64el-cross","","","","","","","",""
"libasan8-riscv64-cross","","","","","","","",""
"libasan8-s390x-cross","","","","","","","",""
"libasan8-sparc64-cross","","","","","","","",""
"libasan8-x32-cross","","","","","","","",""
"libasn1-8-heimdal","","","","","","","",""
"libasound-dev","","","","","","","",""
"libass","https://github.com/libass/libass.git","","","","","","",""
"libass4","","","","","","","",""
"libass5","","","","","","","",""
"libassa","","","","","","","",""
"libassa3.5-5","","","","","","","",""
"libassuan","","","","","","","",""
"libast","","","","","","","",""
"libasync-interrupt-perl","","","","","","","",""
"libasyncns","","","","","","","",""
"libatasmart","","","","","","","",""
"libatk1-ruby","","","","","","","",""
"libatk1-ruby1.8","","","","","","","",""
"libatlas-cpp-0.6-1","","","","","","","",""
"libatlas-cpp-0.6-dev","","","","","","","",""
"libatlas-ecmwf-utils","","","","","","","",""
"libatomic-ops","https://github.com/ivmai/libatomic_ops.git","","","","","","",""
"libatomic-queue","https://github.com/max0x7ba/atomic_queue.git","","","","","","",""
"libatomic1-alpha-cross","","","","","","","",""
"libatomic1-amd64-cross","","","","","","","",""
"libatomic1-arc-cross","","","","","","","",""
"libatomic1-arm64-cross","","","","","","","",""
"libatomic1-armel-cross","","","","","","","",""
"libatomic1-armhf-cross","","","","","","","",""
"libatomic1-hppa-cross","","","","","","","",""
"libatomic1-i386-cross","","","","","","","",""
"libatomic1-loong64-cross","","","","","","","",""
"libatomic1-m68k-cross","","","","","","","",""
"libatomic1-mips-cross","","","","","","","",""
"libatomic1-mips64-cross","","","","","","","",""
"libatomic1-mips64el-cross","","","","","","","",""
"libatomic1-mips64r6-cross","","","","","","","",""
"libatomic1-mips64r6el-cross","","","","","","","",""
"libatomic1-mipsel-cross","","","","","","","",""
"libatomic1-mipsr6-cross","","","","","","","",""
"libatomic1-mipsr6el-cross","","","","","","","",""
"libatomic1-powerpc-cross","","","","","","","",""
"libatomic1-ppc64-cross","","","","","","","",""
"libatomic1-ppc64el-cross","","","","","","","",""
"libatomic1-riscv64-cross","","","","","","","",""
"libatomic1-s390x-cross","","","","","","","",""
"libatomic1-sh4-cross","","","","","","","",""
"libatomic1-sparc64-cross","","","","","","","",""
"libatomic1-x32-cross","","","","","","","",""
"libatomicbitvector","https://github.com/ekg/atomicbitvector.git","","","","","","",""
"libatomicparsley-dev","","","","","","","",""
"libatomicparsley0","","","","","","","",""
"libattica-dev","","","","","","","",""
"libattica0","","","","","","","",""
"libattica0.4","","","","","","","",""
"libaudclient","","","","","","","",""
"libaudcore1","","","","","","","",""
"libaudgui5","","","","","","","",""
"libaudio-ecasound-perl","","","","","","","",""
"libaudio-scan-perl","","","","","","","",""
"libaudiomask","","","","","","","",""
"libaudit0","","","","","","","",""
"libaudqt2","","","","","","","",""
"libaunit","https://github.com/adacore/aunit.git","","","","","","",""
"libauthen-dechpwd-perl","","","","","","","",""
"libauthen-krb5-admin-perl","","","","","","","",""
"libauthen-krb5-perl","","","","","","","",""
"libauthen-sasl-cyrus-perl","","","","","","","",""
"libauthen-sasl-saslprep-perl","","","","","","","",""
"libauthen-scram-perl","","","","","","","",""
"libauthen-tacacsplus-perl","","","","","","","",""
"libautobox-perl","","","","","","","",""
"libautotrace-dev","","","","","","","",""
"libautotrace3","","","","","","","",""
"libautovivification-perl","","","","","","","",""
"libavahi-qt4-1","","","","","","","",""
"libavahi-qt4-dev","","","","","","","",""
"libavahi-ui-dev","","","","","","","",""
"libavahi-ui0","","","","","","","",""
"libavalon-framework-java","","","","","","","",""
"libavc1394","","","","","","","",""
"libavcodec-extra58","","","","","","","",""
"libavcodec-extra59","","","","","","","",""
"libavcodec-extra62","","","","","","","",""
"libavcodec58","","","","","","","",""
"libavcodec59","","","","","","","",""
"libavcodec62","","","","","","","",""
"libavdevice58","","","","","","","",""
"libavdevice59","","","","","","","",""
"libavdevice62","","","","","","","",""
"libavfilter-extra11","","","","","","","",""
"libavfilter-extra7","","","","","","","",""
"libavfilter-extra8","","","","","","","",""
"libavfilter11","","","","","","","",""
"libavfilter7","","","","","","","",""
"libavfilter8","","","","","","","",""
"libavformat-extra59","","","","","","","",""
"libavformat-extra62","","","","","","","",""
"libavformat58","","","","","","","",""
"libavformat59","","","","","","","",""
"libavformat62","","","","","","","",""
"libavif","https://github.com/aomediacodec/libavif.git","","","","","","",""
"libavifile-0.7-common","","","","","","","",""
"libavl","","","","","","","",""
"libavresample-dev","","","","","","","",""
"libavresample4","","","","","","","",""
"libavtp","https://github.com/avnu/libavtp.git","","","","","","",""
"libavutil56","","","","","","","",""
"libavutil57","","","","","","","",""
"libavutil60","","","","","","","",""
"libax25","","","","","","","",""
"libayatana-appindicator","https://github.com/ayatanaindicators/libayatana-appindicator.git","","","","","","",""
"libayatana-common","https://github.com/ayatanaindicators/libayatana-common.git","","","","","","",""
"libayatana-indicator","https://github.com/ayatanaindicators/libayatana-indicator.git","","","","","","",""
"libb-compiling-perl","","","","","","","",""
"libb-hooks-endofscope-perl","","","","","","","",""
"libb-hooks-op-annotation-perl","","","","","","","",""
"libb-hooks-op-check-entersubforcv-perl","","","","","","","",""
"libb-hooks-op-check-perl","","","","","","","",""
"libb-hooks-op-ppaddr-perl","","","","","","","",""
"libb-hooks-parser-perl","","","","","","","",""
"libb-utils-perl","","","","","","","",""
"libb2","","","","","","","",""
"libb64","","","","","","","",""
"libbacktrace","https://github.com/ianlancetaylor/libbacktrace.git","","","","","","",""
"libbareword-filehandles-perl","","","","","","","",""
"libbase-ocaml-ynq48","","","","","","","",""
"libbash","","","","","","","",""
"libbasix0.9","","","","","","","",""
"libbatik-java","","","","","","","",""
"libbde","https://github.com/libyal/libbde.git","","","","","","",""
"libbdplus","","","","","","","",""
"libberkeleydb-perl","https://github.com/pmqs/berkeleydb.git","","","","","","",""
"libbfb-dev","","","","","","","",""
"libbfio","https://github.com/libyal/libbfio.git","","","","","","",""
"libbgcode","https://github.com/prusa3d/libbgcode.git","","","","","","",""
"libbibutils7","","","","","","","",""
"libbigwig","https://github.com/dpryan79/libbigwig.git","","","","","","",""
"libbind-dev","","","","","","","",""
"libbinio","","","","","","","",""
"libbio-perl-perl","","","","","","","",""
"libbio-samtools-perl","","","","","","","",""
"libbio-scf-perl","","","","","","","",""
"libbioparser-dev","https://github.com/rvaser/bioparser.git","","","","","","",""
"libbiosoup-dev","https://github.com/rvaser/biosoup.git","","","","","","",""
"libbit-vector-perl","","","","","","","",""
"libbitarray","https://github.com/noporpoise/bitarray.git","","","","","","",""
"libbitmask","","","","","","","",""
"libblis4","","","","","","","",""
"libblis64-4","","","","","","","",""
"libblkid1-udeb","","","","","","","",""
"libblkio","","","","","","","",""
"libblockdev","https://github.com/storaged-project/libblockdev.git","","","","","","",""
"libblocksruntime","","","","","","","",""
"libbloom","https://github.com/jvirkki/libbloom.git","","","","","","",""
"libbluedevil-dev","","","","","","","",""
"libbluedevil1","","","","","","","",""
"libbluray","","","","","","","",""
"libbobcat2","","","","","","","",""
"libbobcat3","","","","","","","",""
"libboolean-perl","","","","","","","",""
"libboost-dbg","","","","","","","",""
"libboost-geometry-utils-perl","","","","","","","",""
"libboost-python1.46.1","","","","","","","",""
"libboost-python1.48.0","","","","","","","",""
"libboost-python1.49.0","","","","","","","",""
"libboost-python1.53.0","","","","","","","",""
"libboost-python1.54.0","","","","","","","",""
"libboost-python1.55.0","","","","","","","",""
"libboost-python1.83.0-py313","","","","","","","",""
"libboost-python1.88.0-py313","","","","","","","",""
"libboost-signals-dev","","","","","","","",""
"libbox2d0","","","","","","","",""
"libbpf","","","","","","","",""
"libbpp-core","","","","","","","",""
"libbpp-phyl","","","","","","","",""
"libbpp-phyl-omics","","","","","","","",""
"libbpp-popgen","","","","","","","",""
"libbpp-qt","","","","","","","",""
"libbpp-raa","","","","","","","",""
"libbpp-seq","","","","","","","",""
"libbpp-seq-omics","","","","","","","",""
"libbrahe","","","","","","","",""
"libbraiding","https://github.com/miguelmarco/libbraiding.git","","","","","","",""
"libbs2b","","","","","","","",""
"libbsd","","","","","","","",""
"libbsd-arc4random-perl","","","","","","","",""
"libbson-perl","","","","","","","",""
"libbtbb","","","","","","","",""
"libbtparse0","","","","","","","",""
"libbtparse1","","","","","","","",""
"libbuffy-dev","","","","","","","",""
"libbuffy-perl","","","","","","","",""
"libbulletcollision2.81","","","","","","","",""
"libbulletcollision2.82","","","","","","","",""
"libbulletdynamics2.81","","","","","","","",""
"libbulletdynamics2.82","","","","","","","",""
"libbulletfileloader2.81","","","","","","","",""
"libbulletfileloader2.82","","","","","","","",""
"libbulletml0d2","","","","","","","",""
"libbulletsoftbody2.81","","","","","","","",""
"libbulletsoftbody2.82","","","","","","","",""
"libbulletworldimporter2.81","","","","","","","",""
"libbulletworldimporter2.82","","","","","","","",""
"libbulletxmlworldimporter2.81","","","","","","","",""
"libburn","","","","","","","",""
"libbytesize","https://github.com/storaged-project/libbytesize.git","","","","","","",""
"libc-dev","","","","","","","",""
"libc-icap-mod-clamav","","","","","","","",""
"libc-icap-mod-squidclamav","","","","","","","",""
"libc-l10n","","","","","","","",""
"libc0.1","","","","","","","",""
"libc6-amd64","","","","","","","",""
"libc6-dev-amd64","","","","","","","",""
"libc6-dev-s390","","","","","","","",""
"libc6-i686","","","","","","","",""
"libc6-pic","","","","","","","",""
"libc6-prof","","","","","","","",""
"libc6-s390","","","","","","","",""
"libc6.1","","","","","","","",""
"libca4.14.4","","","","","","","",""
"libcaca","","","","","","","",""
"libcacard","","","","","","https://cgit.freedesktop.org/spice/libcacard/","",""
"libcache-cache-perl","","","","","","","",""
"libcache-memcached-fast-perl","","","","","","","",""
"libcache-ref-perl","","","","","","","",""
"libcaes","https://github.com/libyal/libcaes.git","","","","","","",""
"libcairo-dev","","","","","","","",""
"libcairo-gobject-perl","","","","","","","",""
"libcairo-ocaml-2an28","","","","","","","",""
"libcairo-perl","","","","","","","",""
"libcairo-ruby1.8","","","","","","","",""
"libcamera","","","","","","","",""
"libcamomile-ocaml-data","","","","","","","",""
"libcanberra","","","","","","","",""
"libcangjie","","https://gitlab.freedesktop.org/cangjie/libcangjie.git","","","","","",""
"libcantorlibs28","","","","","","","",""
"libcantorlibs28abi1","","","","","","","",""
"libcap-ng","","","","","","","",""
"libcap2","","","","","","","",""
"libcapi20-3","","","","","","","",""
"libcapsinetwork-dev","","","","","","","",""
"libcapsinetwork0c2a","","","","","","","",""
"libcapture-tiny-perl","","","","","","","",""
"libcarp-always-perl","","","","","","","",""
"libcarp-clan-perl","","","","","","","",""
"libcbf0","","","","","","","",""
"libcbor","https://github.com/pjk/libcbor.git","","","","","","",""
"libccd","","","","","","","",""
"libccp4","","","","","","","",""
"libccrtp","","","","","","","",""
"libccscript-dev","","","","","","","",""
"libccss-1-5","","","","","","","",""
"libccss-dev","","","","","","","",""
"libccss-tools","","","","","","","",""
"libcdaudio","","","","","","","",""
"libcdb-file-perl","","","","","","","",""
"libcddb","","","","","","","",""
"libcddb-file-perl","","","","","","","",""
"libcdio","","","","","","","",""
"libcdio-paranoia","","","","","","","",""
"libcdk5","","","","","","","",""
"libcdr","","","","","","","",""
"libcds","https://github.com/khizmax/libcds.git","","","","","","",""
"libcdt-dev","","","","","","","",""
"libcdt6","","","","","","","",""
"libcec","","","","","","","",""
"libcegui-mk2-data","","","","","","","",""
"libcereal","","","","","","","",""
"libcerf","","","","","","https://jugit.fz-juelich.de/mlz/libcerf","",""
"libcfitsio-bin","","","","","","","",""
"libcg3-1","","","","","","","",""
"libcgi-fast-perl","","","","","","","",""
"libcgi-pm-perl","","","","","","","",""
"libcgi-struct-xs-perl","","","","","","","",""
"libcgicc","","","","","","","",""
"libcgns","","","","","","","",""
"libcgraph-dev","","","","","","","",""
"libcgraph8","","","","","","","",""
"libcgroup","","","","","","","",""
"libchamplain","","","","","","","",""
"libchardet","https://github.com/joungkyun/libchardet.git","","","","","","",""
"libchdr","https://github.com/rtissera/libchdr.git","","","","","","",""
"libcherokee-base0","","","","","","","",""
"libcherokee-base0-dev","","","","","","","",""
"libcherokee-client0","","","","","","","",""
"libcherokee-client0-dev","","","","","","","",""
"libcherokee-mod-rrd","","","","","","","",""
"libcherokee-server0","","","","","","","",""
"libcherokee-server0-dev","","","","","","","",""
"libchewing","","","","","","","",""
"libchewing3-data","","","","","","","",""
"libchipcard","","","","","","","",""
"libchipcard-libgwenhywfar47-plugins","","","","","","","",""
"libchipcard-libgwenhywfar60-plugins","","","","","","","",""
"libcib27","","","","","","","",""
"libcidr","","","","","","","",""
"libcifpp","https://github.com/pdb-redo/libcifpp.git","","","","","","",""
"libcitadel","","","","","","","",""
"libcitygml","https://github.com/jklimke/libcitygml.git","","","","","","",""
"libcityhash-dev","","","","","","","",""
"libclamav11","","","","","","","",""
"libclamav9","","","","","","","",""
"libclamunrar6","","","","","","","",""
"libclass-accessor-perl","","","","","","","",""
"libclass-gomor-perl","","","","","","","",""
"libclass-load-perl","","","","","","","",""
"libclass-load-xs-perl","","","","","","","",""
"libclass-xsaccessor-perl","","","","","","","",""
"libclaw","","","","","","","",""
"libcleri","https://github.com/cesbit/libcleri.git","","","","","","",""
"libcli","https://github.com/dparrish/libcli.git","","","","","","",""
"libclips","","","","","","","",""
"libclips-dev","","","","","","","",""
"libclone-fast-perl","","","","","","","",""
"libcloudproviders","","","","","","","",""
"libclutter-gst-dev","","","","","","","",""
"libclutter-imcontext-0.1-bin","","","","","","","",""
"libcluttergesture-0.0.2-0","","","","","","","",""
"libcluttergesture-dev","","","","","","","",""
"libcm256cc","https://github.com/f4exb/cm256cc.git","","","","","","",""
"libcmis","https://github.com/tdf/libcmis.git","","","","","","",""
"libcmtspeechdata","","","","","","","",""
"libcnf-dev","","","","","","","",""
"libcoap3","","","","","","","",""
"libcom3.23.1","","","","","","","",""
"libcomerr2","","","","","","","",""
"libcommon-sense-perl","","","","","","","",""
"libcommoncpp2-dev","","","","","","","",""
"libcommons-cli-java","","","","","","","",""
"libcommons-io-java","","","","","","","",""
"libcommons-lang-java","","","","","","","",""
"libcommuni","","","","","","","",""
"libcompface","","","","","","","",""
"libcompizconfig","","https://gitlab.com/compiz/libcompizconfig.git","","","","","",""
"libcompress-raw-bzip2-perl","","","","","","","",""
"libcompress-raw-lzma-perl","","","","","","","",""
"libcompress-raw-zlib-perl","","","","","","","",""
"libcomps","https://github.com/rpm-software-management/libcomps.git","","","","","","",""
"libconcord2","","","","","","","",""
"libconcord3","","","","","","","",""
"libconcord5","","","","","","","",""
"libconfig","","","","","","","",""
"libconfig-augeas-perl","","","","","","","",""
"libconfig-inifiles-perl","","","","","","","",""
"libconfuse","https://github.com/libconfuse/libconfuse.git","","","","","","",""
"libconfuse0","","","","","","","",""
"libcontactsdb0","","","","","","","",""
"libcontra","","","","","","https://git.alteholz.dev/libcontra","",""
"libconvert-asn1-perl","","","","","","","",""
"libconvert-binary-c-perl","","","","","","","",""
"libconvexdecomposition2.81","","","","","","","",""
"libconvexdecomposition2.82","","","","","","","",""
"libcorelinux-dev","","","","","","","",""
"libcorelinux-examples","","","","","","","",""
"libcork","https://github.com/dcreager/libcork.git","","","","","","",""
"libcorkipset","https://github.com/dcreager/libcorkipset.git","","","","","","",""
"libcoro-perl","","","","","","","",""
"libcorona-perl","","","","","","","",""
"libcos4-1","","","","","","","",""
"libcotp","https://github.com/paolostivanin/libcotp.git","","","","","","",""
"libcoverart","","","","","","","",""
"libcoverart0","","","","","","","",""
"libcoyotl-dev","","","","","","","",""
"libcpanel-json-xs-perl","","","","","","","",""
"libcplcore20","","","","","","","",""
"libcpldfs20","","","","","","","",""
"libcpldrs20","","","","","","","",""
"libcplui20","","","","","","","",""
"libcpucycles","","","","","","","",""
"libcpufreq-dev","","","","","","","",""
"libcpufreq0","","","","","","","",""
"libcpuid","https://github.com/anrieff/libcpuid.git","","","","","","",""
"libcpuset","","","","","","","",""
"libcrcutil","","","","","","","",""
"libcreg","https://github.com/libyal/libcreg.git","","","","","","",""
"libcrmcluster29","","","","","","","",""
"libcrmcommon34","","","","","","","",""
"libcrmservice28","","","","","","","",""
"libcroco-tools","","","","","","","",""
"libcroco3","","","","","","","",""
"libcrypt-cast5-perl","","","","","","","",""
"libcrypt-cracklib-perl","","","","","","","",""
"libcrypt-dh-gmp-perl","","","","","","","",""
"libcrypt-gcrypt-perl","","","","","","","",""
"libcrypt-openssl-x509-perl","","","","","","","",""
"libcrypt-smime-perl","","","","","","","",""
"libcrypt-ssleay-perl","","","","","","","",""
"libcrypto++","","","","","","","",""
"libcrypto++9","","","","","","","",""
"libcryptui","","","","","","","",""
"libcsfml","","","","","","","",""
"libcss-minifier-xs-perl","","","","","","","",""
"libcsv","https://github.com/rgamble/libcsv.git","","","","","","",""
"libctapimkt","","","","","","","",""
"libctdb-dev","","","","","","","",""
"libctemplate0","","","","","","","",""
"libctl","","","","","","","",""
"libcue","https://github.com/lipnitsk/libcue.git","","","","","","",""
"libcuneiform-dev","","","","","","","",""
"libcuneiform0","","","","","","","",""
"libcupscgi1","","","","","","","",""
"libcupsfilters","","","","","","","",""
"libcupsmime1","","","","","","","",""
"libcupsppdc1","","","","","","","",""
"libcurl-dev","","","","","","","",""
"libcurl-ocaml-gbxg0","","","","","","","",""
"libcurl3","","","","","","","",""
"libcurl3-gnutls","","","","","","","",""
"libcurl3-nss","","","","","","","",""
"libcurl4-dev","","","","","","","",""
"libcurl4-nss-dev","","","","","","","",""
"libcurses-ocaml-klhm8","","","","","","","",""
"libcutl","","","","","","","",""
"libcvd","","","","","","","",""
"libcwidget3","","","","","","","",""
"libcxx-serial","","","","","","","",""
"libcyaml","https://github.com/tlsa/libcyaml.git","","","","","","",""
"libdaemon","","","","","","","",""
"libdaemon-generic-perl","","","","","","","",""
"libdap","","","","","","","",""
"libdar64-7000","","","","","","","",""
"libdata-alias-perl","","","","","","","",""
"libdata-clone-perl","","","","","","","",""
"libdata-integer-perl","","","","","","","",""
"libdata-peek-perl","","","","","","","",""
"libdata-pond-perl","","","","","","","",""
"libdata-streamdeserializer-perl","","","","","","","",""
"libdata-streamserializer-perl","","","","","","","",""
"libdata-swap-perl","","","","","","","",""
"libdata-util-perl","","","","","","","",""
"libdata-uuid-libuuid-perl","","","","","","","",""
"libdata-uuid-perl","","","","","","","",""
"libdate-calc-perl","","","","","","","",""
"libdate-manip-perl","","","","","","","",""
"libdatetime-format-iso8601-perl","","","","","","","",""
"libdatrie","","","","","","","",""
"libdazzle","","https://gitlab.gnome.org/gnome/libdazzle.git","","","","","",""
"libdb4.8","","","","","","","",""
"libdb4.8-dev","","","","","","","",""
"libdb6.0","","","","","","","",""
"libdballe-dev","","","","","","","",""
"libdballef-dev","","","","","","","",""
"libdbd-oracle-perl","","","","","","","",""
"libdbd-sqlite","","","","","","","",""
"libdbd-sqlite3-perl","","","","","","","",""
"libdbi","","","","","","","",""
"libdbi-drivers","","","","","","","",""
"libdbi-perl","","","","","","","",""
"libdbus-c++-1-0","","","","","","","",""
"libdbus-c++-bin","","","","","","","",""
"libdbusmenu","","","","","","","",""
"libdbusmenu-lxqt","https://github.com/lxqt/libdbusmenu-lxqt.git","","","","","","",""
"libdbusmenu-qt","","","","","","","",""
"libdbusmenu-qt-dev","","","","","","","",""
"libdbusmenu-qt2","","","","","","","",""
"libdc1394","","","","","","","",""
"libdc1394-22","","","","","","","",""
"libdc1394-22-dev","","","","","","","",""
"libdca","","","","","","","",""
"libdcerpc-dev","","","","","","","",""
"libdcerpc-server0","","","","","","","",""
"libdcerpc0","","","","","","","",""
"libde265","https://github.com/strukturag/libde265.git","","","","","","",""
"libdebian-installer","","","","","","","",""
"libdebug","","","","","","","",""
"libdebuginfod-common","","","","","","","",""
"libdecaf","","","","","","","",""
"libdeclarative-multimedia","","","","","","","",""
"libdeclarative-publishsubscribe","","","","","","","",""
"libdeclarative-sensors","","","","","","","",""
"libdeclarative-serviceframework","","","","","","","",""
"libdecodeqr-examples","","","","","","","",""
"libdecor-0","","https://gitlab.freedesktop.org/libdecor/libdecor.git","","","","","",""
"libdeflate","https://github.com/ebiggers/libdeflate.git","","","","","","",""
"libdevel-bt-perl","","","","","","","",""
"libdevel-callsite-perl","","","","","","","",""
"libdevel-declare-perl","","","","","","","",""
"libdevel-dprof-perl","","","","","","","",""
"libdevel-findref-perl","","","","","","","",""
"libdevel-globaldestruction-perl","","","","","","","",""
"libdevel-leak-perl","","","","","","","",""
"libdevel-nytprof-perl","","","","","","","",""
"libdevel-pragma-perl","","","","","","","",""
"libdevel-refcount-perl","","","","","","","",""
"libdevel-size-perl","","","","","","","",""
"libdevel-stacktrace-perl","","","","","","","",""
"libdevice-cdio-perl","","","","","","","",""
"libdevice-usb-pcsensor-hidtemper-perl","","","","","","","",""
"libdevice-usb-perl","https://github.com/gwadej/perl-device-usb.git","","","","","","",""
"libdex","","https://gitlab.gnome.org/gnome/libdex.git","","","","","",""
"libdfu-ahp","","","","","","","",""
"libdico1","","","","","","","",""
"libdigest-crc-perl","","","","","","","",""
"libdigest-jhash-perl","","","","","","","",""
"libdigest-sha-perl","","","","","","","",""
"libdigest-whirlpool-perl","","","","","","","",""
"libdigidoc","https://github.com/open-eid/libdigidoc.git","","","","","","",""
"libdigidoc-common","","","","","","","",""
"libdime","","","","","","","",""
"libdirectfb-bin","","","","","","","",""
"libdirectfb-dev","","","","","","","",""
"libdirectfb-extra","","","","","","","",""
"libdisasm","","","","","","","",""
"libdiscid","","","","","","","",""
"libdisorder","https://github.com/locasto/libdisorder.git","","","","","","",""
"libdisplay-info","","https://gitlab.freedesktop.org/emersion/libdisplay-info.git","","","","","",""
"libdivide","","","","","","","",""
"libdivsufsort","https://github.com/y-256/libdivsufsort.git","","","","","","",""
"libdjconsole","","","","","","","",""
"libdjinterop","https://github.com/xsco/libdjinterop.git","","","","","","",""
"libdkim","","","","","","","",""
"libdmapsharing","","","","","","","",""
"libdmraid-dev","","","","","","","",""
"libdmraid1.0.0.rc16","","","","","","","",""
"libdmrconf0","","","","","","","",""
"libdmtx","","","","","","","",""
"libdmtx-utils","","","","","","","",""
"libdnet","","","","","","","",""
"libdnet-dev","","","","","","","",""
"libdnf","https://github.com/rpm-software-management/libdnf.git","","","","","","",""
"libdng","","https://gitlab.com/megapixels-org/libdng.git","","","","","",""
"libdns99","","","","","","","",""
"libdnssec10","","","","","","","",""
"libdnssec8","","","","","","","",""
"libdockapp","","","","","","","",""
"libdogleg","https://github.com/dkogan/libdogleg.git","","","","","","",""
"libdolphinvcs5","","","","","","","",""
"libdontdie","https://github.com/flonatel/libdontdie.git","","","","","","",""
"libdotconf1.0","","","","","","","",""
"libdpm-perl","","","","","","","",""
"libdr-sundown-perl","","","","","","","",""
"libdr-tarantool-perl","","","","","","","",""
"libdrawtk-dev","","","","","","","",""
"libdrawtk0","","","","","","","",""
"libdrilbo","","","","","","","",""
"libdrm","","https://gitlab.freedesktop.org/mesa/drm.git","","","","","",""
"libdrm-etnaviv1","","","","","","","",""
"libdrm-exynos1","","","","","","","",""
"libdrm-freedreno1","","","","","","","",""
"libdrm-omap1","","","","","","","",""
"libdrm-tegra0","","","","","","","",""
"libdrogon1t64","","","","","","","",""
"libdrpm","https://github.com/rpm-software-management/drpm.git","","","","","","",""
"libdrumstick","","","","","","","",""
"libdsdp-5.8gf","","","","","","","",""
"libdshconfig","","","","","","","",""
"libdsk","","","","","","","",""
"libdsocksd0","","","","","","","",""
"libdspam7","","","","","","","",""
"libdspam7-dev","","","","","","","",""
"libdspam7-drv-hash","","","","","","","",""
"libdspam7-drv-mysql","","","","","","","",""
"libdspam7-drv-pgsql","","","","","","","",""
"libdspam7-drv-sqlite3","","","","","","","",""
"libdssialsacompat","","","","","","","",""
"libdumb","","","","","","","",""
"libdumbnet","https://github.com/ofalk/libdnet.git","","","","","","",""
"libdumbtts","","","","","","","",""
"libdumbtts0","","","","","","","",""
"libdune-common-2.10.0","","","","","","","",""
"libdune-common-2.2.1","","","","","","","",""
"libdune-common-2.3.0","","","","","","","",""
"libdune-geometry-2.10.0","","","","","","","",""
"libdune-uggrid-2.10.0","","","","","","","",""
"libdv","","","","","","","",""
"libdvbcsa","","","","","","","",""
"libdvbpsi","","","","","","","",""
"libdvbpsi9","","","","","","","",""
"libdvdnav","","","","","","","",""
"libdvdread","","","","","","","",""
"libdyssol1.0","","","","","","","",""
"libdyssol1.0t64","","","","","","","",""
"libe-book","","","","","","","",""
"libe131","https://github.com/hhromic/libe131.git","","","","","","",""
"libeac3","","","","","","","",""
"libeatmydata","","","","","","","",""
"libebml","","","","","","","",""
"libebook-tools-perl","","","","","","","",""
"libebur128","https://github.com/jiixyj/libebur128.git","","","","","","",""
"libecap","","","","","","","",""
"libeccodes-data","","","","","","","",""
"libeccodes-tools","","","","","","","",""
"libeckit-utils","","","","","","","",""
"libeclipse-jdt-core-java","","","","","","","",""
"libeconf","https://github.com/opensuse/libeconf.git","","","","","","",""
"libecpint","https://github.com/robashaw/libecpint.git","","","","","","",""
"libedbus1","","","","","","","",""
"libedit","","","","","","","",""
"libeditline-dev","","","","","","","",""
"libeditline0","","","","","","","",""
"libedlib","https://github.com/martinsos/edlib.git","","","","","","",""
"libee","","","","","","","",""
"libefreet1","","","","","","","",""
"libegl1-mesa-drivers","","","","","","","",""
"libei","","https://gitlab.freedesktop.org/libinput/libei.git","","","","","",""
"libeigen2-dev","","","","","","","",""
"libeina1","","","","","","","",""
"libelektra-dev","","","","","","","",""
"libelektra3","","","","","","","",""
"libelementary-data","","","","","","","",""
"libelementary-svn-09","","","","","","","",""
"libemf","","","","","","","",""
"libemf2svg","https://github.com/kakwa/libemf2svg.git","","","","","","",""
"libemos-data","","","","","","","",""
"libenca-dbg","","","","","","","",""
"libenchant-voikko","","","","","","","",""
"libenchant1c2a","","","","","","","",""
"libencode-detect-perl","","","","","","","",""
"libencode-eucjpms-perl","","","","","","","",""
"libencode-hanextra-perl","","","","","","","",""
"libencode-jis2k-perl","","","","","","","",""
"libencode-perl","","","","","","","",""
"libendless-0-common","","","","","","","",""
"libenv-sanctify-perl","","","","","","","",""
"libeot","","","","","","","",""
"libepoxy","https://github.com/anholt/libepoxy.git","","","","","","",""
"libepsilon-dev","","","","","","","",""
"libepsilon0","","","","","","","",""
"libepsilon1","","","","","","","",""
"libept-dev","","","","","","","",""
"libepubgen","","","","","","","",""
"libequihash","https://github.com/stef/equihash.git","","","","","","",""
"liberasurecode","https://github.com/openstack/liberasurecode.git","","","","","","",""
"liberis-1.3-15","","","","","","","",""
"liberror-perl","","","","","","","",""
"libesedb","https://github.com/libyal/libesedb.git","","","","","","",""
"libesmtp","","","","","","","",""
"libest","https://github.com/cisco/libest.git","","","","","","",""
"libestr","","","","","","","",""
"libestraier-perl","","","","","","","",""
"libetonyek","","","","","","","",""
"libetpan","","","","","","","",""
"libev","","","","","","","",""
"libev-perl","","","","","","","",""
"libevas1-engine-fb","","","","","","","",""
"libevas1-engines-core","","","","","","","",""
"libevdev","","","","","","","",""
"libevdevplus","https://github.com/yukiworkshop/libevdevplus.git","","","","","","",""
"libevent","","","","","","","",""
"libeventdb-dev","","","","","","","",""
"libeventdb2","","","","","","","",""
"libevhtp","https://github.com/criticalstack/libevhtp.git","","","","","","",""
"libevocosm-dev","","","","","","","",""
"libevt","https://github.com/libyal/libevt.git","","","","","","",""
"libevtx","https://github.com/libyal/libevtx.git","","","","","","",""
"libewf","https://github.com/libyal/libewf-legacy.git","","","","","","",""
"libewf1","","","","","","","",""
"libexadrums","","","","","","","",""
"libexchangemapi-1.0-0","","","","","","","",""
"libexecs","","","","","","","",""
"libexempi3","","","","","","","",""
"libexif","","","","","","","",""
"libexif-gtk","","","","","","","",""
"libexiv2-27","","","","","","","",""
"libexo-1-0","","","","","","","",""
"libexo-1-dev","","","","","","","",""
"libexpat-dev","","","","","","","",""
"libexpat-ocaml-5qbp9","","","","","","","",""
"libexplain","","","","","","","",""
"libextractor","","","","","","","",""
"libextractor-java","","","","","","","",""
"libexttextcat","","","","","","","",""
"libexttextcat-data","","","","","","","",""
"libextutils-depends-perl","","","","","","","",""
"libf2c2","","","","","","","",""
"libfabric","","","","","","","",""
"libfakekey","","","","","","","",""
"libfam-dev","","","","","","","",""
"libfam0","","","","","","","",""
"libfam0c102","","","","","","","",""
"libfann","","","","","","","",""
"libfarstream-0.1-0","","","","","","","",""
"libfarstream-0.2-2","","","","","","","",""
"libfastahack","https://github.com/ekg/fastahack.git","","","","","","",""
"libfastjson","https://github.com/rsyslog/libfastjson.git","","","","","","",""
"libfbembed2.5","","","","","","","",""
"libfcgi","","","","","","","",""
"libfcrypto","https://github.com/libyal/libfcrypto.git","","","","","","",""
"libfdf","","https://gitlab.com/siesta-project/libraries/libfdf.git","","","","","",""
"libfduserdata","","","","","","","",""
"libfec","https://github.com/fblomqvi/libfec.git","","","","","","",""
"libffado","","","","","","","",""
"libffi","","","","","","https://sourceware.org/libffi/","",""
"libffi5","","","","","","","",""
"libfido2","","","","","","","",""
"libfile-extattr-perl","","","","","","","",""
"libfile-fcntllock-perl","","","","","","","",""
"libfile-flock-perl","","","","","","","",""
"libfile-fnmatch-perl","","","","","","","",""
"libfile-homedir-perl","","","","","","","",""
"libfile-lchown-perl","","","","","","","",""
"libfile-libmagic-perl","","","","","","","",""
"libfile-mimeinfo-perl","","","","","","","",""
"libfile-mmagic-perl","","","","","","","",""
"libfile-mmagic-xs-perl","","","","","","","",""
"libfile-ncopy-perl","","","","","","","",""
"libfile-slurp-perl","","","","","","","",""
"libfile-temp-perl","","","","","","","",""
"libfile-which-perl","","","","","","","",""
"libfilehandle-fmode-perl","","","","","","","",""
"libfilezilla","","","","","","","",""
"libfinance-quote-perl","","","","","","","",""
"libfirestring-dev","","","","","","","",""
"libfirestring0.9","","","","","","","",""
"libfishsound","","","","","","","",""
"libfiu","","","","","","","",""
"libfixbuf","","","","","","","",""
"libfixmath","https://github.com/petteriaimonen/libfixmath.git","","","","","","",""
"libfixposix","","","","","","","",""
"libfizmo","","","","","","","",""
"libflac8","","","","","","","",""
"libflame","https://github.com/flame/libflame.git","","","","","","",""
"libflathashmap","https://github.com/skarupke/flat_hash_map.git","","","","","","",""
"libflatzebra-0.1-2","","","","","","","",""
"libflexdock-java","","","","","","","",""
"libfli","https://github.com/indilib/indi-3rdparty.git","","","","","","",""
"libflorist","https://github.com/adacore/florist.git","","","","","","",""
"libfltk1.1","","","","","","","",""
"libfltk1.1-dbg","","","","","","","",""
"libfltk1.1-dev","","","","","","","",""
"libfluidsynth1","","","","","","","",""
"libfm","https://github.com/lxde/libfm.git","","","","","","",""
"libfm-data","","","","","","","",""
"libfm-gtk-data","","","","","","","",""
"libfm-qt","https://github.com/lxqt/libfm-qt.git","","","","","","",""
"libfm-qt5","https://github.com/lxqt/libfm-qt.git","","","","","","",""
"libfolia","","","","","","","",""
"libfont-freetype-perl","","","","","","","",""
"libfontenc","","","","","","","",""
"libforks-perl","","","","","","","",""
"libformfactor","","","","","","https://jugit.fz-juelich.de/mlz/libformfactor","",""
"libforms","","","","","","","",""
"libfosfat0","","","","","","","",""
"libfosgra0","","","","","","","",""
"libfplus","https://github.com/dobiasd/functionalplus.git","","","","","","",""
"libfprint","","","","","","","",""
"libfreeaptx","https://github.com/iamthehorker/libfreeaptx.git","","","","","","",""
"libfreecad-python3-0.19","","","","","","","",""
"libfreecad-python3-0.20","","","","","","","",""
"libfreecontact-perl","","","","","","","",""
"libfreefare","","","","","","","",""
"libfreehand","","","","","","","",""
"libfreehep-graphics2d-java","","","","","","","",""
"libfreehep-graphicsio-emf-java","","","","","","","",""
"libfreehep-graphicsio-java","","","","","","","",""
"libfreehep-util-java","","","","","","","",""
"libfreenect","","","","","","","",""
"libfreenect-bin","","","","","","","",""
"libfreenect-doc","","","","","","","",""
"libfreesrp","","","","","","","",""
"libfreetype6-dev","","","","","","","",""
"libfs","","","","","","","",""
"libfsapfs","https://github.com/libyal/libfsapfs.git","","","","","","",""
"libfsext","https://github.com/libyal/libfsext.git","","","","","","",""
"libfsfat","https://github.com/libyal/libfsfat.git","","","","","","",""
"libfshfs","https://github.com/libyal/libfshfs.git","","","","","","",""
"libfsntfs","https://github.com/libyal/libfsntfs.git","","","","","","",""
"libfsosystem3","","","","","","","",""
"libfsxfs","https://github.com/libyal/libfsxfs.git","","","","","","",""
"libftdi","","","","","","","",""
"libftdi1","","","","","","","",""
"libfuse-perl","","","","","","","",""
"libfvde","https://github.com/libyal/libfvde.git","","","","","","",""
"libfwnt","https://github.com/libyal/libfwnt.git","","","","","","",""
"libfwsi","https://github.com/libyal/libfwsi.git","","","","","","",""
"libfyaml","https://github.com/pantoniou/libfyaml.git","","","","","","",""
"libg15","","","","","","","",""
"libg15render","","","","","","","",""
"libg3d","","","","","","","",""
"libgadu","","","","","","","",""
"libgaiagraphics1","","","","","","","",""
"libgambc4-dev","","","","","","","",""
"libgamin-dev","","","","","","","",""
"libgamin0","","","","","","","",""
"libgammu7","","","","","","","",""
"libgarmin","","","","","","","",""
"libgav1","","","","","","","",""
"libgavl-ocaml-h21q0","","","","","","","",""
"libgc","","","","","","","",""
"libgcc-s1-alpha-cross","","","","","","","",""
"libgcc-s1-amd64-cross","","","","","","","",""
"libgcc-s1-arc-cross","","","","","","","",""
"libgcc-s1-arm64-cross","","","","","","","",""
"libgcc-s1-armel-cross","","","","","","","",""
"libgcc-s1-armhf-cross","","","","","","","",""
"libgcc-s1-i386-cross","","","","","","","",""
"libgcc-s1-loong64-cross","","","","","","","",""
"libgcc-s1-mips-cross","","","","","","","",""
"libgcc-s1-mips64-cross","","","","","","","",""
"libgcc-s1-mips64el-cross","","","","","","","",""
"libgcc-s1-mips64r6-cross","","","","","","","",""
"libgcc-s1-mips64r6el-cross","","","","","","","",""
"libgcc-s1-mipsel-cross","","","","","","","",""
"libgcc-s1-mipsr6-cross","","","","","","","",""
"libgcc-s1-mipsr6el-cross","","","","","","","",""
"libgcc-s1-powerpc-cross","","","","","","","",""
"libgcc-s1-ppc64-cross","","","","","","","",""
"libgcc-s1-ppc64el-cross","","","","","","","",""
"libgcc-s1-riscv64-cross","","","","","","","",""
"libgcc-s1-s390x-cross","","","","","","","",""
"libgcc-s1-sh4-cross","","","","","","","",""
"libgcc-s1-sparc64-cross","","","","","","","",""
"libgcc-s1-x32-cross","","","","","","","",""
"libgcc-s2-m68k-cross","","","","","","","",""
"libgcc-s4-hppa-cross","","","","","","","",""
"libgcc1","","","","","","","",""
"libgcgi-dev","","","","","","","",""
"libgcgi0","","","","","","","",""
"libgclib","https://github.com/gpertea/gclib.git","","","","","","",""
"libgconf2-4","","","","","","","",""
"libgcr410","","","","","","","",""
"libgcrypt11","","","","","","","",""
"libgcrypt11-dev","","","","","","","",""
"libgcrypt20","","","","","","","",""
"libgctp","https://github.com/okosanto/gctp.git","","","","","","",""
"libgd-graph3d-perl","","","","","","","",""
"libgd-perl","https://github.com/lstein/perl-gd.git","","","","","","",""
"libgd2","","","","","","","",""
"libgd2-xpm","","","","","","","",""
"libgda-5.0-common","","","","","","","",""
"libgda5","","","","","","","",""
"libgdal-java","","","","","","","",""
"libgdal-perl","","","","","","","",""
"libgdal1","","","","","","","",""
"libgdal1-1.10.1-grass","","","","","","","",""
"libgdal1-1.7.0","","","","","","","",""
"libgdal1-dev","","","","","","","",""
"libgdal1h","","","","","","","",""
"libgdata","","","","","","","",""
"libgdbm3","","","","","","","",""
"libgdbussyncevo0","","","","","","","",""
"libgdchart-gd2","","","","","","","",""
"libgdcm-cil","","","","","","","",""
"libgdcm2-dev","","","","","","","",""
"libgdcm2.0","","","","","","","",""
"libgdf","https://github.com/mbillingr/libgdf.git","","","","","","",""
"libgdiplus","","","","","","","",""
"libgdk-pixbuf2.0-0","","","","","","","",""
"libgdk-pixbuf2.0-dev","","","","","","","",""
"libgdome2-cpp-smart-dev","","","","","","","",""
"libgdome2-cpp-smart0c2a","","","","","","","",""
"libgdsii","https://github.com/homerreid/libgdsii.git","","","","","","",""
"libgdu-dev","","","","","","","",""
"libgdu-gtk-dev","","","","","","","",""
"libgdu-gtk0","","","","","","","",""
"libgdu0","","","","","","","",""
"libgearman8","","","","","","","",""
"libgearman8t64","","","","","","","",""
"libgeda-dev","","","","","","","",""
"libgeda38","","","","","","","",""
"libgeda42","","","","","","","",""
"libgedit-amtk","","","","","","","",""
"libgedit-gfls","","","","","","","",""
"libgedit-gtksourceview","","","","","","","",""
"libgedit-tepl","","","","","","","",""
"libgee-0.8","","","","","","","",""
"libgegl-common","","","","","","","",""
"libgen-ocaml-lt0a3","","","","","","","",""
"libgenome","","","","","","","",""
"libgenome-1.3-0","","","","","","","",""
"libgensec0","","","","","","","",""
"libgeo-distance-xs-perl","","","","","","","",""
"libgeo-proj4-perl","","","","","","","",""
"libgeoclue-dev","","","","","","","",""
"libgeoclue0","","","","","","","",""
"libgeos-3.2.2","","","","","","","",""
"libgeos-3.3.3","","","","","","","",""
"libgeos-3.4.2","","","","","","","",""
"libgeos-c1","","","","","","","",""
"libgeos-ruby1.8","","","","","","","",""
"libgeotiff","","","","","","","",""
"libgepub","","","","","","","",""
"libgetdata","","","","","","","",""
"libgetopt-argvfile-perl","","","","","","","",""
"libgetopt-tabular-perl","","","","","","","",""
"libgff","https://github.com/combine-lab/libgff.git","","","","","","",""
"libgfshare","https://github.com/kinnison/libgfshare.git","","","","","","",""
"libgfshare1","","","","","","","",""
"libghc-agda-dev","","","","","","","",""
"libghc6-curl-dev","","","","","","","",""
"libghemical-dev","","","","","","","",""
"libgif4","","","","","","","",""
"libgig","","","","","","","",""
"libgii1-dev","","","","","","","",""
"libgimp2.0","","","","","","","",""
"libgimp2.0-dev","","","","","","","",""
"libgimp2.0-doc","","","","","","","",""
"libgimpactutils2.81","","","","","","","",""
"libginspx-dev","","","","","","","",""
"libginspx0","","","","","","","",""
"libgirara-gtk3-0","","","","","","","",""
"libgirara-gtk3-1","","","","","","","",""
"libgirepository-1.0-1-with-libffi8","","","","","","","",""
"libgit-objectstore-perl","","","","","","","",""
"libgit2","","","","","","","",""
"libgit2-glib","","","","","","","",""
"libgjs0","","","","","","","",""
"libgkarrays","","","","","","","",""
"libgl1-mesa-glx","","","","","","","",""
"libglademm-2.4-dev","","","","","","","",""
"libglib-object-introspection-perl","","","","","","","",""
"libglib-perl","","","","","","","",""
"libglib-testing","","https://gitlab.gnome.org/pwithnall/libglib-testing.git","","","","","",""
"libglibmm-2.4-1c2a","","","","","","","",""
"libglide2","","","","","","","",""
"libglide2-dev","","","","","","","",""
"libgltf","","","","","","","",""
"libglu","","","","","","","",""
"libglu-dev","","","","","","","",""
"libglvnd","","https://gitlab.freedesktop.org/glvnd/libglvnd.git","","","","","",""
"libgm2-17-alpha-cross","","","","","","","",""
"libgm2-17-amd64-cross","","","","","","","",""
"libgm2-17-arc-cross","","","","","","","",""
"libgm2-17-arm64-cross","","","","","","","",""
"libgm2-17-armel-cross","","","","","","","",""
"libgm2-17-armhf-cross","","","","","","","",""
"libgm2-17-hppa-cross","","","","","","","",""
"libgm2-17-i386-cross","","","","","","","",""
"libgm2-17-m68k-cross","","","","","","","",""
"libgm2-17-ppc64el-cross","","","","","","","",""
"libgm2-17-riscv64-cross","","","","","","","",""
"libgm2-17-s390x-cross","","","","","","","",""
"libgm2-17-sparc64-cross","","","","","","","",""
"libgm2-17-x32-cross","","","","","","","",""
"libgm2-18-alpha-cross","","","","","","","",""
"libgm2-18-amd64-cross","","","","","","","",""
"libgm2-18-arc-cross","","","","","","","",""
"libgm2-18-arm64-cross","","","","","","","",""
"libgm2-18-armel-cross","","","","","","","",""
"libgm2-18-armhf-cross","","","","","","","",""
"libgm2-18-hppa-cross","","","","","","","",""
"libgm2-18-i386-cross","","","","","","","",""
"libgm2-18-m68k-cross","","","","","","","",""
"libgm2-18-mips-cross","","","","","","","",""
"libgm2-18-mips64-cross","","","","","","","",""
"libgm2-18-mips64el-cross","","","","","","","",""
"libgm2-18-mips64r6-cross","","","","","","","",""
"libgm2-18-mips64r6el-cross","","","","","","","",""
"libgm2-18-mipsel-cross","","","","","","","",""
"libgm2-18-mipsr6-cross","","","","","","","",""
"libgm2-18-mipsr6el-cross","","","","","","","",""
"libgm2-18-ppc64el-cross","","","","","","","",""
"libgm2-18-riscv64-cross","","","","","","","",""
"libgm2-18-s390x-cross","","","","","","","",""
"libgm2-18-sparc64-cross","","","","","","","",""
"libgm2-18-x32-cross","","","","","","","",""
"libgm2-19-alpha-cross","","","","","","","",""
"libgm2-19-amd64-cross","","","","","","","",""
"libgm2-19-arc-cross","","","","","","","",""
"libgm2-19-arm64-cross","","","","","","","",""
"libgm2-19-armel-cross","","","","","","","",""
"libgm2-19-armhf-cross","","","","","","","",""
"libgm2-19-hppa-cross","","","","","","","",""
"libgm2-19-i386-cross","","","","","","","",""
"libgm2-19-loong64-cross","","","","","","","",""
"libgm2-19-m68k-cross","","","","","","","",""
"libgm2-19-mips-cross","","","","","","","",""
"libgm2-19-mips64-cross","","","","","","","",""
"libgm2-19-mips64el-cross","","","","","","","",""
"libgm2-19-mips64r6-cross","","","","","","","",""
"libgm2-19-mips64r6el-cross","","","","","","","",""
"libgm2-19-mipsel-cross","","","","","","","",""
"libgm2-19-mipsr6-cross","","","","","","","",""
"libgm2-19-mipsr6el-cross","","","","","","","",""
"libgm2-19-ppc64el-cross","","","","","","","",""
"libgm2-19-riscv64-cross","","","","","","","",""
"libgm2-19-s390x-cross","","","","","","","",""
"libgm2-19-sparc64-cross","","","","","","","",""
"libgm2-19-x32-cross","","","","","","","",""
"libgmerlin0","","","","","","","",""
"libgmobile-common","","","","","","","",""
"libgmpada","","","","","","","",""
"libgnatcoll","https://github.com/adacore/gnatcoll-core.git","","","","","","",""
"libgnatcoll-bindings","https://github.com/adacore/gnatcoll-bindings.git","","","","","","",""
"libgnatcoll-db","https://github.com/adacore/gnatcoll-db.git","","","","","","",""
"libgnatcoll-dev-814b33e1","","","","","","","",""
"libgnatcoll-iconv-dev-09c051a0","","","","","","","",""
"libgnatprj-dev-f0b19c45","","","","","","","",""
"libgnet-dev","","","","","","","",""
"libgnet2.0-0","","","","","","","",""
"libgnome-games-support","","","","","","","",""
"libgnome-games-support1","","","","","","","",""
"libgnome-panel-doc","","","","","","","",""
"libgnome-panel0","","","","","","","",""
"libgnome-vfsmm-2.6-dev","","","","","","","",""
"libgnomecanvas","","","","","","","",""
"libgnomecanvasmm-2.6-dev","","","","","","","",""
"libgnomekbd","","","","","","","",""
"libgnomemm-2.6-dev","","","","","","","",""
"libgnt","","","","","","","",""
"libgnuift0-dev","","","","","","","",""
"libgnutls-dev","","","","","","","",""
"libgnutls-xssl0","","","","","","","",""
"libgnutls26","","","","","","","",""
"libgnutls28","","","","","","","",""
"libgnutlsxx27","","","","","","","",""
"libgnutlsxx28","","","","","","","",""
"libgo21-alpha-cross","","","","","","","",""
"libgo21-amd64-cross","","","","","","","",""
"libgo21-arm64-cross","","","","","","","",""
"libgo21-armel-cross","","","","","","","",""
"libgo21-armhf-cross","","","","","","","",""
"libgo21-i386-cross","","","","","","","",""
"libgo21-powerpc-cross","","","","","","","",""
"libgo21-ppc64-cross","","","","","","","",""
"libgo21-ppc64el-cross","","","","","","","",""
"libgo21-riscv64-cross","","","","","","","",""
"libgo21-s390x-cross","","","","","","","",""
"libgo21-sparc64-cross","","","","","","","",""
"libgo21-x32-cross","","","","","","","",""
"libgo22-alpha-cross","","","","","","","",""
"libgo22-amd64-cross","","","","","","","",""
"libgo22-arm64-cross","","","","","","","",""
"libgo22-armel-cross","","","","","","","",""
"libgo22-armhf-cross","","","","","","","",""
"libgo22-i386-cross","","","","","","","",""
"libgo22-mips-cross","","","","","","","",""
"libgo22-mips64-cross","","","","","","","",""
"libgo22-mips64el-cross","","","","","","","",""
"libgo22-mips64r6-cross","","","","","","","",""
"libgo22-mips64r6el-cross","","","","","","","",""
"libgo22-mipsel-cross","","","","","","","",""
"libgo22-mipsr6-cross","","","","","","","",""
"libgo22-mipsr6el-cross","","","","","","","",""
"libgo22-powerpc-cross","","","","","","","",""
"libgo22-ppc64-cross","","","","","","","",""
"libgo22-ppc64el-cross","","","","","","","",""
"libgo22-riscv64-cross","","","","","","","",""
"libgo22-s390x-cross","","","","","","","",""
"libgo22-sparc64-cross","","","","","","","",""
"libgo22-x32-cross","","","","","","","",""
"libgo23-alpha-cross","","","","","","","",""
"libgo23-amd64-cross","","","","","","","",""
"libgo23-arm64-cross","","","","","","","",""
"libgo23-armel-cross","","","","","","","",""
"libgo23-armhf-cross","","","","","","","",""
"libgo23-i386-cross","","","","","","","",""
"libgo23-mips-cross","","","","","","","",""
"libgo23-mips64-cross","","","","","","","",""
"libgo23-mips64el-cross","","","","","","","",""
"libgo23-mips64r6-cross","","","","","","","",""
"libgo23-mips64r6el-cross","","","","","","","",""
"libgo23-mipsel-cross","","","","","","","",""
"libgo23-mipsr6-cross","","","","","","","",""
"libgo23-mipsr6el-cross","","","","","","","",""
"libgo23-powerpc-cross","","","","","","","",""
"libgo23-ppc64-cross","","","","","","","",""
"libgo23-ppc64el-cross","","","","","","","",""
"libgo23-riscv64-cross","","","","","","","",""
"libgo23-s390x-cross","","","","","","","",""
"libgo23-sparc64-cross","","","","","","","",""
"libgo23-x32-cross","","","","","","","",""
"libgom","","","","","","","",""
"libgomp1-alpha-cross","","","","","","","",""
"libgomp1-amd64-cross","","","","","","","",""
"libgomp1-arc-cross","","","","","","","",""
"libgomp1-arm64-cross","","","","","","","",""
"libgomp1-armel-cross","","","","","","","",""
"libgomp1-armhf-cross","","","","","","","",""
"libgomp1-hppa-cross","","","","","","","",""
"libgomp1-i386-cross","","","","","","","",""
"libgomp1-loong64-cross","","","","","","","",""
"libgomp1-m68k-cross","","","","","","","",""
"libgomp1-mips-cross","","","","","","","",""
"libgomp1-mips64-cross","","","","","","","",""
"libgomp1-mips64el-cross","","","","","","","",""
"libgomp1-mips64r6-cross","","","","","","","",""
"libgomp1-mips64r6el-cross","","","","","","","",""
"libgomp1-mipsel-cross","","","","","","","",""
"libgomp1-mipsr6-cross","","","","","","","",""
"libgomp1-mipsr6el-cross","","","","","","","",""
"libgomp1-powerpc-cross","","","","","","","",""
"libgomp1-ppc64-cross","","","","","","","",""
"libgomp1-ppc64el-cross","","","","","","","",""
"libgomp1-riscv64-cross","","","","","","","",""
"libgomp1-s390x-cross","","","","","","","",""
"libgomp1-sh4-cross","","","","","","","",""
"libgomp1-sparc64-cross","","","","","","","",""
"libgomp1-x32-cross","","","","","","","",""
"libgoo-canvas-perl","","","","","","","",""
"libgooglepinyin","","","","","","","",""
"libgovirt","","","","","","","",""
"libgpds-dbg","","","","","","","",""
"libgpds0","","","","","","","",""
"libgpelaunch0","","","","","","","",""
"libgpepimc-dev","","","","","","","",""
"libgpepimc0","","","","","","","",""
"libgpepimc0-dbg","","","","","","","",""
"libgpeschedule0","","","","","","","",""
"libgpevtype1","","","","","","","",""
"libgpewidget1","","","","","","","",""
"libgpg-error","","","","","","","",""
"libgpgme++2","","","","","","","",""
"libgpgme11-dev","","","","","","","",""
"libgphobos3-amd64-cross","","","","","","","",""
"libgphobos3-arm64-cross","","","","","","","",""
"libgphobos3-armel-cross","","","","","","","",""
"libgphobos3-armhf-cross","","","","","","","",""
"libgphobos3-hppa-cross","","","","","","","",""
"libgphobos3-i386-cross","","","","","","","",""
"libgphobos3-powerpc-cross","","","","","","","",""
"libgphobos3-ppc64-cross","","","","","","","",""
"libgphobos3-ppc64el-cross","","","","","","","",""
"libgphobos3-riscv64-cross","","","","","","","",""
"libgphobos3-s390x-cross","","","","","","","",""
"libgphobos3-x32-cross","","","","","","","",""
"libgphobos4-amd64-cross","","","","","","","",""
"libgphobos4-arm64-cross","","","","","","","",""
"libgphobos4-armel-cross","","","","","","","",""
"libgphobos4-armhf-cross","","","","","","","",""
"libgphobos4-hppa-cross","","","","","","","",""
"libgphobos4-i386-cross","","","","","","","",""
"libgphobos4-mips-cross","","","","","","","",""
"libgphobos4-mips64-cross","","","","","","","",""
"libgphobos4-mips64el-cross","","","","","","","",""
"libgphobos4-mips64r6-cross","","","","","","","",""
"libgphobos4-mips64r6el-cross","","","","","","","",""
"libgphobos4-mipsel-cross","","","","","","","",""
"libgphobos4-mipsr6-cross","","","","","","","",""
"libgphobos4-mipsr6el-cross","","","","","","","",""
"libgphobos4-powerpc-cross","","","","","","","",""
"libgphobos4-ppc64-cross","","","","","","","",""
"libgphobos4-ppc64el-cross","","","","","","","",""
"libgphobos4-riscv64-cross","","","","","","","",""
"libgphobos4-s390x-cross","","","","","","","",""
"libgphobos4-x32-cross","","","","","","","",""
"libgphobos5-amd64-cross","","","","","","","",""
"libgphobos5-arm64-cross","","","","","","","",""
"libgphobos5-armel-cross","","","","","","","",""
"libgphobos5-armhf-cross","","","","","","","",""
"libgphobos5-hppa-cross","","","","","","","",""
"libgphobos5-i386-cross","","","","","","","",""
"libgphobos5-loong64-cross","","","","","","","",""
"libgphobos5-mips-cross","","","","","","","",""
"libgphobos5-mips64-cross","","","","","","","",""
"libgphobos5-mips64el-cross","","","","","","","",""
"libgphobos5-mips64r6-cross","","","","","","","",""
"libgphobos5-mips64r6el-cross","","","","","","","",""
"libgphobos5-mipsel-cross","","","","","","","",""
"libgphobos5-mipsr6-cross","","","","","","","",""
"libgphobos5-mipsr6el-cross","","","","","","","",""
"libgphobos5-powerpc-cross","","","","","","","",""
"libgphobos5-ppc64-cross","","","","","","","",""
"libgphobos5-ppc64el-cross","","","","","","","",""
"libgphobos5-riscv64-cross","","","","","","","",""
"libgphobos5-s390x-cross","","","","","","","",""
"libgphobos5-x32-cross","","","","","","","",""
"libgphoto2","https://github.com/gphoto/libgphoto2.git","","","","","","",""
"libgphoto2-2","","","","","","","",""
"libgphoto2-2-dev","","","","","","","",""
"libgphoto2-port0","","","","","","","",""
"libgpiod","","","","","","https://git.kernel.org/pub/scm/libs/libgpiod/libgpiod.git","",""
"libgpmg1-dev","","","","","","","",""
"libgpod","","","","","","","",""
"libgps28","","","","","","","",""
"libgranite-7-common","","","","","","","",""
"libgranite-common","","","","","","","",""
"libgrantlee-core0","","","","","","","",""
"libgrantlee-dev","","","","","","","",""
"libgrantlee-gui0","","","","","","","",""
"libgraphics-libplot-perl","","","","","","","",""
"libgravatar","","","","","","https://invent.kde.org/pim/libgravatar","",""
"libgrib-api-1.10.4","","","","","","","",""
"libgrib-api-dev","","","","","","","",""
"libgrib-api-tools","","","","","","","",""
"libgrib2c0d","","","","","","","",""
"libgringotts","","","","","","","",""
"libgromacs5","","","","","","","",""
"libgromacs7","","","","","","","",""
"libgs9","","","","","","","",""
"libgs9-common","","","","","","","",""
"libgsasl7","","","","","","","",""
"libgsasl7-dev","","","","","","","",""
"libgsecuredelete","","","","","","","",""
"libgsf","","","","","","","",""
"libgsf-gnome-1-114","","","","","","","",""
"libgsf-gnome-1-dev","","","","","","","",""
"libgsl0-dev","","","","","","","",""
"libgsl0ldbl","","","","","","","",""
"libgsm","","","","","","","",""
"libgsm1-dbg","","","","","","","",""
"libgsmsd7","","","","","","","",""
"libgsnmp0","","","","","","","",""
"libgssapi3-heimdal","","","","","","","",""
"libgssglue","","https://gitlab.com/gsasl/libgssglue.git","","","","","",""
"libgstreamer-interfaces-perl","","","","","","","",""
"libgstreamer-plugins-base0.10-0","","","","","","","",""
"libgstreamer-plugins-base0.10-dev","","","","","","","",""
"libgstreamer0.10-0","","","","","","","",""
"libgstreamer0.10-dev","","","","","","","",""
"libgtextutils","","","","","","","",""
"libgtk-3-common","","","","","","","",""
"libgtk-4-common","","","","","","","",""
"libgtk-4-media-gstreamer","","","","","","","",""
"libgtk2-appindicator-perl","","","","","","","",""
"libgtk2-imageview-perl","","","","","","","",""
"libgtk2-notify-perl","","","","","","","",""
"libgtk2-ruby1.8","","","","","","","",""
"libgtk2-sourceview2-perl","","","","","","","",""
"libgtk2-unique-perl","","","","","","","",""
"libgtkada","https://github.com/adacore/gtkada.git","","","","","","",""
"libgtkdatabox","","","","","","","",""
"libgtkgl2.0-1","","","","","","","",""
"libgtkgl2.0-dev","","","","","","","",""
"libgtkhex-3-0","","","","","","","",""
"libgtkhex-3-dev","","","","","","","",""
"libgtkimageview-dev","","","","","","","",""
"libgtkimageview0","","","","","","","",""
"libgtkmathview-bin","","","","","","","",""
"libgtkmathview-dev","","","","","","","",""
"libgtkmathview0c2a","","","","","","","",""
"libgtkmm-2.4-1c2a","","","","","","","",""
"libgtkpod-dev","","","","","","","",""
"libgtkpod1","","","","","","","",""
"libgtksourceview2.0-0","","","","","","","",""
"libgtksourceview2.0-dev","","","","","","","",""
"libgtksourceviewmm","","","","","","","",""
"libgtkstylus","","","","","","","",""
"libgtop2","","","","","","","",""
"libguac-client-vnc0","","","","","","","",""
"libguac1","","","","","","","",""
"libguac1-dev","","","","","","","",""
"libguac3","","","","","","","",""
"libguac5","","","","","","","",""
"libguard-perl","","","","","","","",""
"libgudev","","","","","","","",""
"libguess","https://github.com/kaniini/libguess.git","","","","","","",""
"libguestfs","","","","","","","",""
"libgupnp-igd-1.0-dev","","","","","","","",""
"libgusb","https://github.com/hughsie/libgusb.git","","","","","","",""
"libguytools2","","","","","","","",""
"libgv-php5","","","","","","","",""
"libgv-php7","","","","","","","",""
"libgv-python","","","","","","","",""
"libgvc-dev","","","","","","","",""
"libgvc7","","","","","","","",""
"libgvplugin-gd8","","","","","","","",""
"libgvplugin-neato-layout8","","","","","","","",""
"libgvplugin-pango8","","","","","","","",""
"libgweather4","","","","","","","",""
"libgwengui-fox16-0","","","","","","","",""
"libgwengui-gtk2-0","","","","","","","",""
"libgwengui-qt4-0","","","","","","","",""
"libgwenhywfar","","","","","","","",""
"libgwenhywfar60","","","","","","","",""
"libgwenhywfar60-dev","","","","","","","",""
"libgxps","","","","","","","",""
"libgzstream","","","","","","","",""
"libhacd2.81","","","","","","","",""
"libhal-dev","","","","","","","",""
"libhal-storage-dev","","","","","","","",""
"libhal-storage1","","","","","","","",""
"libhal1","","","","","","","",""
"libhandoff0","","","","","","","",""
"libhandy-1","","","","","","","",""
"libhangul","https://github.com/libhangul/libhangul.git","","","","","","",""
"libharu","","","","","","","",""
"libhash-fieldhash-perl","","","","","","","",""
"libhash-storediterator-perl","","","","","","","",""
"libhat-trie","https://github.com/dcjones/hat-trie.git","","","","","","",""
"libhbaapi","","","","","","","",""
"libhbalinux","","","","","","","",""
"libhcrypto4-heimdal","","","","","","","",""
"libhdate","","","","","","","",""
"libhdb9-heimdal","","","","","","","",""
"libhdf4","","","","","","","",""
"libhdhomerun","","","","","","","",""
"libhdhomerun1","","","","","","","",""
"libheif","","","","","","","",""
"libheimbase1-heimdal","","","","","","","",""
"libheimdal-kadm5-perl","","","","","","","",""
"libheimntlm0-heimdal","","","","","","","",""
"libhinawa","","","","","","https://git.kernel.org/pub/scm/libs/ieee1394/libhinawa.git/","",""
"libhinoko","","","","","","https://git.kernel.org/pub/scm/libs/ieee1394/libhinoko.git/","",""
"libhitaki","https://github.com/alsa-project/libhitaki.git","","","","","","",""
"libhkl4","","","","","","","",""
"libhmsbeagle","https://github.com/beagle-dev/beagle-lib.git","","","","","","",""
"libhomfly","https://github.com/miguelmarco/libhomfly.git","","","","","","",""
"libhpptools","https://github.com/mateidavid/hpptools.git","","","","","","",""
"libhtml-parser-perl","","","","","","","",""
"libhtml-tableextract-perl","","","","","","","",""
"libhtml-template-pro-perl","","","","","","","",""
"libhtml-tree-perl","","","","","","","",""
"libhtmlcxx3","","","","","","","",""
"libhtp","","","","","","","",""
"libhttp-parser-xs-perl","","","","","","","",""
"libhugetlbfs","https://github.com/libhugetlbfs/libhugetlbfs.git","","","","","","",""
"libhugs-unix-bundled","","","","","","","",""
"libhwasan0-amd64-cross","","","","","","","",""
"libhwasan0-arm64-cross","","","","","","","",""
"libhx","","","","","","","",""
"libhx509-5-heimdal","","","","","","","",""
"libiberty","","","","","","","",""
"libibtk","","","","","","","",""
"libica-dev","","","","","","","",""
"libica-utils","","","","","","","",""
"libica3","","","","","","","",""
"libical3","https://github.com/libical/libical.git","","","","","","",""
"libicapapi0","","","","","","","",""
"libicapapi3","","","","","","","",""
"libice","","","","","","","",""
"libicns","","","","","","","",""
"libics","","","","","","","",""
"libid3tag","","","","","","","",""
"libident","","","","","","","",""
"libideviceactivation","","","","","","","",""
"libidl","","","","","","","",""
"libidn","","","","","","","",""
"libidn11","","","","","","","",""
"libidn2","","","","","","","",""
"libiec16022-0","","","","","","","",""
"libiec61883","","","","","","","",""
"libieee1284","","","","","","","",""
"libigloo","","https://gitlab.xiph.org/xiph/icecast-libigloo.git","","","","","",""
"libiio","https://github.com/analogdevicesinc/libiio.git","","","","","","",""
"libiksemel","https://github.com/meduketto/iksemel.git","","","","","","",""
"libilmbase-dev","","","","","","","",""
"libilmbase6","","","","","","","",""
"libimage-exiftool-perl","","","","","","","",""
"libimage-seek-perl","","","","","","","",""
"libimage-size-perl","","","","","","","",""
"libimagequant","https://github.com/imageoptim/libimagequant.git","","","","","","",""
"libimager-perl","","","","","","","",""
"libimager-qrcode-perl","","","","","","","",""
"libime","https://github.com/fcitx/libime.git","","","","","","",""
"libime-data","","","","","","","",""
"libimobiledevice","","","","","","","",""
"libimobiledevice-glue","https://github.com/libimobiledevice/libimobiledevice-glue.git","","","","","","",""
"libindi-data","","","","","","","",""
"libindirect-perl","","","","","","","",""
"libinfinity","","","","","","","",""
"libinih","https://github.com/benhoyt/inih.git","","","","","","",""
"libinklevel","","","","","","","",""
"libinline-c-perl","","","","","","","",""
"libinline-java-perl","","","","","","","",""
"libinline-perl","","","","","","","",""
"libinput","","","","","","","",""
"libinsane","","https://gitlab.gnome.org/world/openpaperwork/libinsane.git","","","","","",""
"libinsighttoolkit3-dev","","","","","","","",""
"libinstpatch","https://github.com/swami/libinstpatch.git","","","","","","",""
"libint","","","","","","","",""
"libint2","https://github.com/evaleev/libint.git","","","","","","",""
"libinternals-perl","","","","","","","",""
"libintl-perl","","","","","","","",""
"libio-aio-perl","","","","","","","",""
"libio-compress-perl","","","","","","","",""
"libio-dirent-perl","","","","","","","",""
"libio-epoll-perl","","","","","","","",""
"libio-socket-inet6-perl","","","","","","","",""
"libio-socket-ip-perl","","","","","","","",""
"libio-socket-ssl-perl","","","","","","","",""
"libiodbc2","","","","","","","",""
"libioth","","","","","","","",""
"libipc-run-perl","","","","","","","",""
"libips4o","https://github.com/vgteam/ips4o.git","","","","","","",""
"libiptc0","","","","","","","",""
"libiptcdata","https://github.com/ianw/libiptcdata.git","","","","","","",""
"libircclient","","","","","","","",""
"libirecovery","","","","","","","",""
"libirman","","","","","","","",""
"libisal","https://github.com/intel/isa-l.git","","","","","","",""
"libisc95","","","","","","","",""
"libiscsi","https://github.com/sahlberg/libiscsi.git","","","","","","",""
"libisoburn","","","","","","","",""
"libisofs","","","","","","","",""
"libite","https://github.com/troglobit/libite.git","","","","","","",""
"libitl","https://github.com/arabeyes-org/itl.git","","","","","","",""
"libitl-gobject","https://github.com/aelmahmoudy/libitl-gobject.git","","","","","","",""
"libitm1-alpha-cross","","","","","","","",""
"libitm1-amd64-cross","","","","","","","",""
"libitm1-arm64-cross","","","","","","","",""
"libitm1-i386-cross","","","","","","","",""
"libitm1-loong64-cross","","","","","","","",""
"libitm1-ppc64-cross","","","","","","","",""
"libitm1-ppc64el-cross","","","","","","","",""
"libitm1-riscv64-cross","","","","","","","",""
"libitm1-s390x-cross","","","","","","","",""
"libitm1-sh4-cross","","","","","","","",""
"libitm1-sparc64-cross","","","","","","","",""
"libitm1-x32-cross","","","","","","","",""
"libitpp","","","","","","","",""
"libiulib-dev","","","","","","","",""
"libiulib0","","","","","","","",""
"libixion","","https://gitlab.com/ixion/ixion.git","","","","","",""
"libjakarta-activation-java","","","","","","","",""
"libjama","","","","","","","",""
"libjana-dev","","","","","","","",""
"libjana-gtk-dev","","","","","","","",""
"libjana-gtk0","","","","","","","",""
"libjana0","","","","","","","",""
"libjanino-java","","","","","","","",""
"libjavascript-minifier-xs-perl","","","","","","","",""
"libjaxb-java","","","","","","","",""
"libjaxp1.3-java","","","","","","","",""
"libjaylink","","","","","","http://git.zapb.de/libjaylink/libjaylink","",""
"libjcat","https://github.com/hughsie/libjcat.git","","","","","","",""
"libjdns","","","","","","","",""
"libjemalloc1","","","","","","","",""
"libjeuclid-core-java","","","","","","","",""
"libjgit-java","","","","","","","",""
"libjgoodies-looks-java","","","","","","","",""
"libjgraphx-java","","","","","","","",""
"libjlatexmath-fop-java","","","","","","","",""
"libjlatexmath-java","","","","","","","",""
"libjna-java","","","","","","","",""
"libjodycode","","","","","https://codeberg.org/jbruchon/libjodycode.git","","",""
"libjogl-jni","","","","","","","",""
"libjogl2-java","","","","","","","",""
"libjpeg-turbo","","","","","","","",""
"libjpeg-turbo-progs","","","","","","","",""
"libjpeg62","","","","","","","",""
"libjpeg8","","","","","","","",""
"libjrosetta-java","","","","","","","",""
"libjs-asciimathml","","","","","","","",""
"libjs-bootstrap","","","","","","","",""
"libjs-bootstrap5","","","","","","","",""
"libjs-codemirror","","","","","","","",""
"libjs-d3","","","","","","","",""
"libjs-dompurify","","","","","","","",""
"libjs-edit-area","","","","","","","",""
"libjs-elycharts","","","","","","","",""
"libjs-jquery","","","","","","","",""
"libjs-jquery-metadata","","","","","","","",""
"libjs-jquery-tablesorter","","","","","","","",""
"libjs-jquery-ui","","","","","","","",""
"libjs-jquery-ui-theme-smoothness","","","","","","","",""
"libjs-leaflet","","","","","","","",""
"libjs-leaflet.markercluster","","","","","","","",""
"libjs-marked","","","","","","","",""
"libjs-mathjax","","","","","","","",""
"libjs-mootools","","","","","","","",""
"libjs-prettify","","","","","","","",""
"libjs-prototype","","","","","","","",""
"libjs-raphael","","","","","","","",""
"libjs-slick","","","","","","","",""
"libjs-sphinxdoc","","","","","","","",""
"libjs-underscore","","","","","","","",""
"libjson-maybexs-perl","","","","","","","",""
"libjson-perl","","","","","","","",""
"libjson-rpc-cpp","https://github.com/cinemast/libjson-rpc-cpp.git","","","","","","",""
"libjson-xs-perl","","","","","","","",""
"libjson0","","","","","","","",""
"libjsoncpp","https://github.com/open-source-parsers/jsoncpp.git","","","","","","",""
"libjsonparser","https://github.com/udp/json-parser.git","","","","","","",""
"libjwt","https://github.com/benmcollins/libjwt.git","","","","","","",""
"libk3b6","","","","","","","",""
"libk3b6-extracodecs","","","","","","","",""
"libk3b7","","","","","","","",""
"libk3b7-extracodecs","","","","","","","",""
"libkabc4","","","","","","","",""
"libkadm5clnt-mit8","","","","","","","",""
"libkadm5clnt-mit9","","","","","","","",""
"libkadm5clnt7-heimdal","","","","","","","",""
"libkadm5srv-mit8","","","","","","","",""
"libkadm5srv-mit9","","","","","","","",""
"libkadm5srv8-heimdal","","","","","","","",""
"libkafs0-heimdal","","","","","","","",""
"libkainjow-mustache","https://github.com/kainjow/mustache.git","","","","","","",""
"libkal","","","","","","","",""
"libkarma","","","","","","","",""
"libkate","","","","","","","",""
"libkaz","","","","","","","",""
"libkblog4","","","","","","","",""
"libkcal4","","","","","","","",""
"libkcalcore4","","","","","","","",""
"libkcalutils4","","","","","","","",""
"libkcapi","","","","","","","",""
"libkcddb","","","","","","https://invent.kde.org/multimedia/libkcddb","",""
"libkcddb-dev","","","","","","","",""
"libkcddb4","","","","","","","",""
"libkcompactdisc","","","","","","https://invent.kde.org/multimedia/libkcompactdisc","",""
"libkdc2-heimdal","","","","","","","",""
"libkdcraw","","","","","","https://invent.kde.org/graphics/libkdcraw","",""
"libkdcraw-dev","","","","","","","",""
"libkde3support4","","","","","","","",""
"libkde4-ruby1.8","","","","","","","",""
"libkdecorations4","","","","","","","",""
"libkdecore5","","","","","","","",""
"libkdeedu-dev","","","","","","","",""
"libkdegames","","","","","","https://invent.kde.org/games/libkdegames","",""
"libkdegames-dev","","","","","","","",""
"libkdepim","","","","","","https://invent.kde.org/pim/libkdepim","",""
"libkdepim4","","","","","","","",""
"libkdesu5","","","","","","","",""
"libkdeui5","","","","","","","",""
"libkdewebkit5","","","","","","","",""
"libkdnssd4","","","","","","","",""
"libkdtree++","https://github.com/nvmd/libkdtree.git","","","","","","",""
"libkdumpfile","https://github.com/ptesarik/libkdumpfile.git","","","","","","",""
"libkeduvocdocument","","","","","","https://invent.kde.org/education/libkeduvocdocument","",""
"libkeepalive","","","","","","","",""
"libkexiv2","","","","","","https://invent.kde.org/graphics/libkexiv2","",""
"libkexiv2-dev","","","","","","","",""
"libkeyword-simple-perl","","","","","","","",""
"libkf5codecs-data","","","","","","","",""
"libkf5filemetadata-data","","","","","","","",""
"libkf5kexiv2","","","","","","https://invent.kde.org/graphics/libkexiv2","",""
"libkf5konq-dev","","","","","","","",""
"libkf5konq6","","","","","","","",""
"libkf6codecs-data","","","","","","","",""
"libkf6filemetadata-bin","","","","","","","",""
"libkf6filemetadata-data","","","","","","","",""
"libkf6texteditor-data","","","","","","","",""
"libkf6userfeedback-data","","","","","","","",""
"libkfile4","","","","","","","",""
"libkgapi","","","","","","https://invent.kde.org/pim/libkgapi","",""
"libkgapi5","","","","","","https://invent.kde.org/pim/libkgapi","",""
"libkglobalaccelmodel6","","","","","","","",""
"libkholidays4","","","","","","","",""
"libkhtml5","","","","","","","",""
"libkibi","","","","","","","",""
"libkimap4","","","","","","","",""
"libkimproxy4","","","","","","","",""
"libkinosearch1-perl","","","","","","","",""
"libkio5","","","","","","","",""
"libkipi-dev","","","","","","","",""
"libkipi11","","","","","","","",""
"libkiten-dev","","","","","","","",""
"libkiten4","","","","","","","",""
"libkiwix","https://github.com/kiwix/libkiwix.git","","","","","","",""
"libkjsapi4","","","","","","","",""
"libkjsembed4","","","","","","","",""
"libkkc","https://github.com/ueno/libkkc.git","","","","","","",""
"libkkc-common","","","","","","","",""
"libkkc-data","","","","","","","",""
"libkldap4","","","","","","","",""
"libkleo","","","","","","https://invent.kde.org/pim/libkleo","",""
"libkleo4","","","","","","","",""
"libkmahjongg","","","","","","https://invent.kde.org/games/libkmahjongg","",""
"libkmbox4","","","","","","","",""
"libkmediaplayer4","","","","","","","",""
"libkmime4","","","","","","","",""
"libkml","https://github.com/libkml/libkml.git","","","","","","",""
"libkml-java","","","","","","","",""
"libkml0","","","","","","","",""
"libkms1","","","","","","","",""
"libknewstuff2-4","","","","","","","",""
"libknewstuff3-4","","","","","","","",""
"libknot11","","","","","","","",""
"libknot13","","","","","","","",""
"libknot16","","","","","","","",""
"libknotifyconfig4","","","","","","","",""
"libkntlm4","","","","","","","",""
"libkode","https://github.com/cornelius/libkode.git","","","","","","",""
"libkolabxml","","","","","","https://git.kolab.org/diffusion/lkx/","",""
"libkomparediff2","","","","","","https://invent.kde.org/sdk/libkomparediff2","",""
"libkompareinterface5","","","","","","","",""
"libkonq5-dev","","","","","","","",""
"libkonqsidebarplugin-dev","","","","","","","",""
"libkonqsidebarplugin4a","","","","","","","",""
"libkontactinterface4","","","","","","","",""
"libkopenafs1","","","","","","","",""
"libkopeninghours1-25.04","","","","","","","",""
"libkopete-dev","","","","","","","",""
"libkopete4","","","","","","","",""
"libkosm1-25.04","","","","","","","",""
"libkosmindoormap1-25.04","","","","","","","",""
"libkosmindoorrouting1-25.04","","","","","","","",""
"libkparts4","","","","","","","",""
"libkpathsea5","","","","","","","",""
"libkpgp4","","","","","","","",""
"libkpim6addressbookimportexport6-24.12","","","","","","","",""
"libkpim6akonadiagentbase6-24.12","","","","","","","",""
"libkpim6akonadicalendar6-24.12","","","","","","","",""
"libkpim6akonadicontactcore6-24.12","","","","","","","",""
"libkpim6akonadicontactwidgets6-24.12","","","","","","","",""
"libkpim6akonadicore6-24.12","","","","","","","",""
"libkpim6akonadimime6-24.12","","","","","","","",""
"libkpim6akonadiprivate6-24.12","","","","","","","",""
"libkpim6akonadisearchcore6-24.12","","","","","","","",""
"libkpim6akonadisearchdebug6-24.12","","","","","","","",""
"libkpim6akonadisearchpim6-24.12","","","","","","","",""
"libkpim6akonadisearchxapian6-24.12","","","","","","","",""
"libkpim6akonadiwidgets6-24.12","","","","","","","",""
"libkpim6akonadixml6-24.12","","","","","","","",""
"libkpim6calendarsupport6-24.12","","","","","","","",""
"libkpim6calendarutils6-24.12","","","","","","","",""
"libkpim6eventviews6-24.12","","","","","","","",""
"libkpim6gapicalendar6-24.12","","","","","","","",""
"libkpim6gapicore6-24.12","","","","","","","",""
"libkpim6gapipeople6-24.12","","","","","","","",""
"libkpim6gapitasks6-24.12","","","","","","","",""
"libkpim6grantleetheme6-24.12","","","","","","","",""
"libkpim6gravatar6-24.12","","","","","","","",""
"libkpim6identitymanagementcore6-24.12","","","","","","","",""
"libkpim6identitymanagementquick6-24.12","","","","","","","",""
"libkpim6identitymanagementwidgets6-24.12","","","","","","","",""
"libkpim6imap6-24.12","","","","","","","",""
"libkpim6incidenceeditor6-24.12","","","","","","","",""
"libkpim6itinerary6-24.12","","","","","","","",""
"libkpim6kmanagesieve6-24.12","","","","","","","",""
"libkpim6kontactinterface6-24.12","","","","","","","",""
"libkpim6ksieve6-24.12","","","","","","","",""
"libkpim6ksievecore6-24.12","","","","","","","",""
"libkpim6ksieveui6-24.12","","","","","","","",""
"libkpim6ldapcore6-24.12","","","","","","","",""
"libkpim6ldapwidgets6-24.12","","","","","","","",""
"libkpim6libkdepim6-24.12","","","","","","","",""
"libkpim6libkleo6-24.12","","","","","","","",""
"libkpim6mailcommon6-24.12","","","","","","","",""
"libkpim6mailimporter6-24.12","","","","","","","",""
"libkpim6mailtransport6-24.12","","","","","","","",""
"libkpim6mbox6-24.12","","","","","","","",""
"libkpim6messagecomposer6-24.12","","","","","","","",""
"libkpim6messagecore6-24.12","","","","","","","",""
"libkpim6messagelist6-24.12","","","","","","","",""
"libkpim6messageviewer6-24.12","","","","","","","",""
"libkpim6mime6-24.12","","","","","","","",""
"libkpim6mimetreeparser6-24.12","","","","","","","",""
"libkpim6mimetreeparsercore6-24.12","","","","","","","",""
"libkpim6mimetreeparserwidgets6-24.12","","","","","","","",""
"libkpim6pimcommon6-24.12","","","","","","","",""
"libkpim6pimcommonactivities6-24.12","","","","","","","",""
"libkpim6pimcommonakonadi6-24.12","","","","","","","",""
"libkpim6pkpass6-24.12","","","","","","","",""
"libkpim6smtp6-24.12","","","","","","","",""
"libkpim6templateparser6-24.12","","","","","","","",""
"libkpim6textedit6-24.12","","","","","","","",""
"libkpim6tnef6-24.12","","","","","","","",""
"libkpim6webengineviewer6-24.12","","","","","","","",""
"libkpimaddressbookimportexport-dev","","","","","","","",""
"libkpimaddressbookimportexport5","","","","","","","",""
"libkpimgapicore5-22.12","","","","","","","",""
"libkpimidentities4","","","","","","","",""
"libkpimtextedit4","","","","","","","",""
"libkpimutils4","","","","","","","",""
"libkpty4","","","","","","","",""
"libkpublictransport1-25.04","","","","","","","",""
"libkrb5-26-heimdal","","","","","","","",""
"libkresources4","","","","","","","",""
"libkrosscore4","","","","","","","",""
"libkrossui4","","","","","","","",""
"libksane","","","","","","https://invent.kde.org/graphics/libksane","",""
"libksane0","","","","","","","",""
"libksba","","","","","","","",""
"libkscreen","","","","","","https://invent.kde.org/plasma/libkscreen","",""
"libkscreensaver5","","","","","","","",""
"libkseexpr-data","","","","","","","",""
"libksgrd4","","","","","","","",""
"libksieve","","","","","","https://invent.kde.org/pim/libksieve","",""
"libksieve4","","","","","","","",""
"libksignalplotter4","","","","","","","",""
"libksysguard","","","","","","https://invent.kde.org/plasma/libksysguard","",""
"libktexteditor4","","","","","","","",""
"libktnef4","","","","","","","",""
"libktoblzcheck1-dev","","","","","","","",""
"libktoblzcheck1c2a","","","","","","","",""
"libktorrent","","","","","","https://invent.kde.org/network/libktorrent","",""
"libktorrent-l10n","","","","","","","",""
"libktorrent3","","","","","","","",""
"libkunitconversion4","","","","","","","",""
"libkuserfeedback-l10n","","","","","","","",""
"libkutils4","","","","","","","",""
"libkvilib4","","","","","","","",""
"libkxmlrpcclient4","","","","","","","",""
"libkysdk-applications","","","","","","","",""
"libkysdk-base","","","","","","","",""
"libkytea-dev","","","","","","","",""
"libkytea0","","","","","","","",""
"liblablgtk2-gl-ocaml","","","","","","","",""
"liblablgtk2-gl-ocaml-dev","","","","","","","",""
"libladspa-ocaml-gs878","","","","","","","",""
"liblammps0","","","","","","","",""
"liblammps0t64","","","","","","","",""
"liblangtag","","","","","","","",""
"liblas-bin","","","","","","","",""
"liblas-c-dev","","","","","","","",""
"liblas-dev","","","","","","","",""
"liblas1","","","","","","","",""
"liblastfm","https://github.com/lastfm/liblastfm.git","","","","","","",""
"liblaxjson","https://github.com/andrewrk/liblaxjson.git","","","","","","",""
"liblbfgs","","","","","","","",""
"liblc3","https://github.com/google/liblc3.git","","","","","","",""
"liblchown-perl","","","","","","","",""
"liblcms-dev","","","","","","","",""
"liblcms1","","","","","","","",""
"liblcms2-utils","","","","","","","",""
"libldac","","","","","","","",""
"libldap-2.4-2","","","","","","","",""
"libldb1","","","","","","","",""
"libldm","https://github.com/mdbooth/libldm.git","","","","","","",""
"libldns1","","","","","","","",""
"libleidenalg","https://github.com/vtraag/libleidenalg.git","","","","","","",""
"liblemon","","","","","","","",""
"liblensfun0","","","","","","","",""
"liblexical-sealrequirehints-perl","","","","","","","",""
"liblexical-var-perl","","","","","","","",""
"liblfc-perl","","","","","","","",""
"liblfunction0","","","","","","","",""
"liblibreoffice-java","","","","","","","",""
"liblibreofficekitgtk","","","","","","","",""
"libliftoff","","https://gitlab.freedesktop.org/emersion/libliftoff.git","","","","","",""
"liblinear","","","","","","","",""
"liblinear1","","","","","","","",""
"liblinearmath2.81","","","","","","","",""
"liblinearmath2.82","","","","","","","",""
"liblingua-en-nameparse-perl","","","","","","","",""
"liblingua-stem-snowball-perl","","","","","","","",""
"liblingua-stopwords-perl","","","","","","","",""
"liblinphone++10","","","","","","","",""
"liblinphone10","","","","","","","",""
"liblinphone3","","","","","","","",""
"liblinphone4","","","","","","","",""
"liblinphone5","","","","","","","",""
"liblinux-dvb-perl","","","","","","","",""
"liblinux-epoll-perl","","","","","","","",""
"liblinux-prctl-perl","","","","","","","",""
"liblip","","","","","","","",""
"liblircclient-dev","","","","","","","",""
"liblircclient0","","","","","","","",""
"liblist-moreutils-perl","","","","","","","",""
"liblms7compact","https://github.com/xtrx-sdr/liblms7002m.git","","","","","","",""
"liblnk","https://github.com/libyal/liblnk.git","","","","","","",""
"liblo","https://github.com/radarsat1/liblo.git","","","","","","",""
"libloc","","","","","","","",""
"liblocale-gettext-perl","","","","","","","",""
"liblocale-hebrew-perl","","","","","","","",""
"liblockfile","https://github.com/miquels/liblockfile.git","","","","","","",""
"liblog4ada","","","","","","","",""
"liblog4cxx10","","","","","","","",""
"liblognorm","","","","","","","",""
"libloki","","","","","","","",""
"liblouis","","","","","","","",""
"liblouis-data","","","","","","","",""
"liblouisutdml","","","","","","","",""
"liblouisutdml-data","","","","","","","",""
"liblouisxml","","","","","","","",""
"liblouisxml-data","","","","","","","",""
"liblqr","","","","","","","",""
"liblrdf","https://github.com/swh/lrdf.git","","","","","","",""
"liblrmd28","","","","","","","",""
"liblrs2","","","","","","","",""
"liblsan0-amd64-cross","","","","","","","",""
"liblsan0-arm64-cross","","","","","","","",""
"liblsan0-loong64-cross","","","","","","","",""
"liblsan0-ppc64-cross","","","","","","","",""
"liblsan0-ppc64el-cross","","","","","","","",""
"liblsan0-riscv64-cross","","","","","","","",""
"liblscp","","","","","","","",""
"liblsofui4","","","","","","","",""
"libltc","https://github.com/x42/libltc.git","","","","","","",""
"liblttoolbox3-3.5-1","","","","","","","",""
"liblua5.1-0-dbg","","","","","","","",""
"liblua5.1-curl-dev","","","","","","","",""
"liblua5.1-curl0","","","","","","","",""
"liblua5.1-dev","","","","","","","",""
"liblua5.1-expat-dev","","","","","","","",""
"liblua5.1-expat0","","","","","","","",""
"liblua5.1-filesystem-dev","","","","","","","",""
"liblua5.1-filesystem0","","","","","","","",""
"liblua5.1-lpeg-dev","","","","","","","",""
"liblua5.1-lpeg2","","","","","","","",""
"liblua5.1-md5-0","","","","","","","",""
"liblua5.1-md5-dev","","","","","","","",""
"liblua5.1-posix-dev","","","","","","","",""
"liblua5.1-posix1","","","","","","","",""
"liblua5.1-rings-dev","","","","","","","",""
"liblua5.1-rings0","","","","","","","",""
"liblua5.1-socket-dev","","","","","","","",""
"liblua5.1-socket2","","","","","","","",""
"liblua5.1-sql-mysql-2","","","","","","","",""
"liblua5.1-sql-mysql-dev","","","","","","","",""
"liblua5.1-sql-postgres-2","","","","","","","",""
"liblua5.1-sql-postgres-dev","","","","","","","",""
"liblua5.1-sql-sqlite3-2","","","","","","","",""
"liblua5.1-sql-sqlite3-dev","","","","","","","",""
"liblua5.1-svn-dev","","","","","","","",""
"liblua5.1-svn1","","","","","","","",""
"liblua5.1-wsapi-fcgi-1","","","","","","","",""
"liblua5.1-wsapi-fcgi-dev","","","","","","","",""
"liblua5.1-zip-dev","","","","","","","",""
"liblua5.1-zip0","","","","","","","",""
"liblua50","","","","","","","",""
"liblua50-dev","","","","","","","",""
"liblua50-socket-dev","","","","","","","",""
"liblua50-socket2","","","","","","","",""
"libluajit-5.1-common","","","","","","","",""
"liblualib50","","","","","","","",""
"liblualib50-dev","","","","","","","",""
"liblucene8-java","","","","","","","",""
"libluksde","https://github.com/libyal/libluksde.git","","","","","","",""
"liblwgeom-2.1.1","","","","","","","",""
"liblwgeom-dev","","","","","","","",""
"liblwp-protocol-https-perl","","","","","","","",""
"liblwt-ocaml-dev-mo111","","","","","","","",""
"liblxi","","","","","","","",""
"liblxqt","https://github.com/lxqt/liblxqt.git","","","","","","",""
"liblzf","","","","","","","",""
"libm2k","https://github.com/analogdevicesinc/libm2k.git","","","","","","",""
"libm4ri","https://github.com/malb/m4ri.git","","","","","","",""
"libm4rie","https://github.com/malb/m4rie.git","","","","","","",""
"libmaa","","","","","","","",""
"libmacaroons","https://github.com/rescrv/libmacaroons.git","","","","","","",""
"libmad","","","","","","","",""
"libmagic-ocaml","","","","","","","",""
"libmagic-ocaml-3s6q6","","","","","","","",""
"libmagick++-6-headers","","","","","","","",""
"libmagick++-6.q16-8","","","","","","","",""
"libmagick++-6.q16-dev","","","","","","","",""
"libmagick++-6.q16hdri-8","","","","","","","",""
"libmagick++-6.q16hdri-dev","","","","","","","",""
"libmagickcore-6-arch-config","","","","","","","",""
"libmagickcore-6-headers","","","","","","","",""
"libmagickcore-6.q16-6","","","","","","","",""
"libmagickcore-6.q16-6-extra","","","","","","","",""
"libmagickcore-6.q16-dev","","","","","","","",""
"libmagickcore-6.q16hdri-6","","","","","","","",""
"libmagickcore-6.q16hdri-6-extra","","","","","","","",""
"libmagickcore-6.q16hdri-dev","","","","","","","",""
"libmagickwand-6-headers","","","","","","","",""
"libmagickwand-6.q16-6","","","","","","","",""
"libmagickwand-6.q16-dev","","","","","","","",""
"libmagickwand-6.q16hdri-6","","","","","","","",""
"libmagickwand-6.q16hdri-dev","","","","","","","",""
"libmagics++-data","","","","","","","",""
"libmagics++-metview-dev","","","","","","","",""
"libmail-box-perl","","","","","","","",""
"libmailtools-perl","","","","","","","",""
"libmailtransport4","","","","","","","",""
"libmalaga-dev","","","","","","","",""
"libmalaga7","","","","","","","",""
"libmanette","","","","","","","",""
"libmapcache1-dev","","","","","","","",""
"libmapi0","","","","","","","",""
"libmapiadmin0","","","","","","","",""
"libmapiproxy0","","","","","","","",""
"libmapistore0","","","","","","","",""
"libmapscript-ruby1.8","","","","","","","",""
"libmapscript-ruby1.9.1","","","","","","","",""
"libmapserver1","","","","","","","",""
"libmapserver1-dev","","","","","","","",""
"libmarblewidget-qt5-28","","","","","","","",""
"libmarc-record-perl","","","","","","","",""
"libmatchbox","","","","","","","",""
"libmatekbd","","","","","","","",""
"libmatemixer","","","","","","","",""
"libmateweather","","","","","","","",""
"libmath++-dev","","","","","","","",""
"libmath++0c2a","","","","","","","",""
"libmath-clipper-perl","","","","","","","",""
"libmath-convexhull-monotonechain-perl","","","","","","","",""
"libmath-geometry-voronoi-perl","","","","","","","",""
"libmath-int64-perl","","","","","","","",""
"libmath-libm-perl","","","","","","","",""
"libmath-mpfr-perl","","","","","","","",""
"libmath-prime-util-gmp-perl","","","","","","","",""
"libmath-prime-util-perl","","","","","","","",""
"libmath-random-isaac-xs-perl","","","","","","","",""
"libmath-random-mt-perl","","","","","","","",""
"libmath-random-perl","","","","","","","",""
"libmath-random-tt800-perl","","","","","","","",""
"libmath-tamuanova-perl","","","","","","","",""
"libmatheval","","","","","","","",""
"libmatio","","","","","","","",""
"libmatroska","","","","","","","",""
"libmaus2","","https://gitlab.com/german.tischler/libmaus2.git","","","","","",""
"libmawk","","","","","","","",""
"libmaxminddb","","","","","","","",""
"libmbim","","","","","","","",""
"libmbim-proxy","","","","","","","",""
"libmceliece","","","","","","","",""
"libmcfp","https://github.com/mhekkel/libmcfp.git","","","","","","",""
"libmcl-ocaml-dev","","","","","","","",""
"libmcrypt","","","","","","","",""
"libmcs-backend-gconf","","","","","","","",""
"libmcs-utils","","","","","","","",""
"libmd","","","","","","","",""
"libmdb2","","","","","","","",""
"libmdbodbc1","","","","","","","",""
"libmdbsql2","","","","","","","",""
"libmedc-dev","","","","","","","",""
"libmediaart","","","","","","","",""
"libmediainfo","","","","","","","",""
"libmediascan","https://github.com/andygrundman/libmediascan.git","","","","","","",""
"libmediastreamer0","","","","","","","",""
"libmediastreamer1","","","","","","","",""
"libmediawiki-api-perl","","","","","","","",""
"libmeep23","","","","","","","",""
"libmeep30","","","","","","","",""
"libmegapixels","","https://gitlab.com/megapixels-org/libmegapixels.git","","","","","",""
"libmemcached","","","","","","","",""
"libmems","","","","","","","",""
"libmeshb","https://github.com/loicmarechal/libmeshb.git","","","","","","",""
"libmessagecore4","","","","","","","",""
"libmessagelist4","","","","","","","",""
"libmessageviewer4","","","","","","","",""
"libmetkit-data","","","","","","","",""
"libmgl-data","","","","","","","",""
"libmialm","","","","","","","",""
"libmicroblog4","","","","","","","",""
"libmicrodns","https://github.com/videolabs/libmicrodns.git","","","","","","",""
"libmicrohttpd","","","","","","","",""
"libmikmod","","","","","","","",""
"libmikmod2","","","","","","","",""
"libmikmod2-dev","","","","","","","",""
"libmime-charset-perl","","","","","","","",""
"libmime-tools-perl","","","","","","","",""
"libmime-types-perl","","","","","","","",""
"libmimelib4","","","","","","","",""
"libmimetic0","","","","","","","",""
"libmimic-dev","","","","","","","",""
"libmimic0","","","","","","","",""
"libminc","https://github.com/bic-mni/libminc.git","","","","","","",""
"libminc2-1","","","","","","","",""
"libminc2-3","","","","","","","",""
"libminini","","","","","","","",""
"libmirage","","","","","","","",""
"libmirisdr","https://github.com/f4exb/libmirisdr-4.git","","","","","","",""
"libmlocale","https://github.com/sailfishos/libmlocale.git","","","","","","",""
"libmmap-allocator","https://github.com/ekg/mmap_allocator.git","","","","","","",""
"libmmmulti","https://github.com/ekg/mmmulti.git","","","","","","",""
"libmmpong0.9","","","","","","","",""
"libmms","","","","","","","",""
"libmng","","","","","","","",""
"libmnl","","","","","","","",""
"libmobi","https://github.com/bfabiszewski/libmobi.git","","","","","","",""
"libmodbus","","","","","","","",""
"libmodi","https://github.com/libyal/libmodi.git","","","","","","",""
"libmodplug","","","","","","","",""
"libmodule-install-perl","","","","","","","",""
"libmodule-install-xsutil-perl","","","","","","","",""
"libmodule-scandeps-perl","","","","","","","",""
"libmodulemd","https://github.com/fedora-modularity/libmodulemd.git","","","","","","",""
"libmoe","","","","","","","",""
"libmojolicious-perl","","","","","","","",""
"libmongo-client","https://github.com/algernon/libmongo-client.git","","","","","","",""
"libmongocrypt","https://github.com/mongodb/libmongocrypt.git","","","","","","",""
"libmongodb-perl","","","","","","","",""
"libmono-corlib4.5-cil","","","","","","","",""
"libmonospaceif","","","","","","","",""
"libmoo-perl","","","","","","","",""
"libmoose-perl","","","","","","","",""
"libmoosex-role-withoverloading-perl","","","","","","","",""
"libmoosex-types-perl","","","","","","","",""
"libmosquitto0-dev","","","","","","","",""
"libmosquittopp0-dev","","","","","","","",""
"libmouse-perl","","","","","","","",""
"libmowgli-dev","","","","","","","",""
"libmozilla-ldap-perl","","","","","","","",""
"libmp3splt-ogg","","","","","","","",""
"libmpack","https://github.com/libmpack/libmpack.git","","","","","","",""
"libmpack-lua","https://github.com/libmpack/libmpack-lua.git","","","","","","",""
"libmpc","","","","","","","",""
"libmpd","","","","","","","",""
"libmpdclient","","","","","","","",""
"libmpeg3","","","","","","","",""
"libmpfr4","","","","","","","",""
"libmrss","https://github.com/bakulf/libmrss.git","","","","","","",""
"libmseed","","","","","","","",""
"libmsgcat-perl","","","","","","","",""
"libmsiecf","https://github.com/libyal/libmsiecf.git","","","","","","",""
"libmspack","","","","","","","",""
"libmspub","","","","","","","",""
"libmstoolkit","https://github.com/mhoopmann/mstoolkit.git","","","","","","",""
"libmsv","","","","","","","",""
"libmtp","","","","","","","",""
"libmultidimensional-perl","","","","","","","",""
"libmuparser0debian1","","","","","","","",""
"libmurmurhash","https://github.com/kloetzl/libmurmurhash.git","","","","","","",""
"libmuroar0","","","","","","","",""
"libmuroard3","","","","","","","",""
"libmuscle","","","","","","","",""
"libmusicbrainz-discid-perl","","","","","","","",""
"libmusicbrainz5","","","","","","","",""
"libmutter-11-0","","","","","","","",""
"libmutter-11-dev","","","","","","","",""
"libmutter-17-0","","","","","","","",""
"libmutter-17-dev","","","","","","","",""
"libmutter-7-0","","","","","","","",""
"libmutter-7-dev","","","","","","","",""
"libmutter-test-11","","","","","","","",""
"libmutter-test-17","","","","","","","",""
"libmutter0","","","","","","","",""
"libmwaw","","","","","","","",""
"libmx-1.0-2","","","","","","","",""
"libmx-dev","","","","","","","",""
"libmygpo-qt","","","","","","","",""
"libmygpo-qt5-1","","","","","","","",""
"libmypaint","https://github.com/mypaint/libmypaint.git","","","","","","",""
"libmysofa","https://github.com/hoene/libmysofa.git","","","","","","",""
"libmysql-ruby","","","","","","","",""
"libmysql-ruby1.8","","","","","","","",""
"libmysql-ruby1.9.1","","","","","","","",""
"libn32atomic1-mips-cross","","","","","","","",""
"libn32atomic1-mips64-cross","","","","","","","",""
"libn32atomic1-mips64el-cross","","","","","","","",""
"libn32atomic1-mips64r6-cross","","","","","","","",""
"libn32atomic1-mips64r6el-cross","","","","","","","",""
"libn32atomic1-mipsel-cross","","","","","","","",""
"libn32atomic1-mipsr6-cross","","","","","","","",""
"libn32atomic1-mipsr6el-cross","","","","","","","",""
"libn32gcc-s1-mips-cross","","","","","","","",""
"libn32gcc-s1-mips64-cross","","","","","","","",""
"libn32gcc-s1-mips64el-cross","","","","","","","",""
"libn32gcc-s1-mips64r6-cross","","","","","","","",""
"libn32gcc-s1-mips64r6el-cross","","","","","","","",""
"libn32gcc-s1-mipsel-cross","","","","","","","",""
"libn32gcc-s1-mipsr6-cross","","","","","","","",""
"libn32gcc-s1-mipsr6el-cross","","","","","","","",""
"libn32gfortran5-mips-cross","","","","","","","",""
"libn32gfortran5-mips64-cross","","","","","","","",""
"libn32gfortran5-mips64el-cross","","","","","","","",""
"libn32gfortran5-mips64r6-cross","","","","","","","",""
"libn32gfortran5-mips64r6el-cross","","","","","","","",""
"libn32gfortran5-mipsel-cross","","","","","","","",""
"libn32gfortran5-mipsr6-cross","","","","","","","",""
"libn32gfortran5-mipsr6el-cross","","","","","","","",""
"libn32go22-mips-cross","","","","","","","",""
"libn32go22-mips64-cross","","","","","","","",""
"libn32go22-mips64el-cross","","","","","","","",""
"libn32go22-mips64r6-cross","","","","","","","",""
"libn32go22-mips64r6el-cross","","","","","","","",""
"libn32go22-mipsel-cross","","","","","","","",""
"libn32go22-mipsr6-cross","","","","","","","",""
"libn32go22-mipsr6el-cross","","","","","","","",""
"libn32go23-mips-cross","","","","","","","",""
"libn32go23-mips64-cross","","","","","","","",""
"libn32go23-mips64el-cross","","","","","","","",""
"libn32go23-mips64r6-cross","","","","","","","",""
"libn32go23-mips64r6el-cross","","","","","","","",""
"libn32go23-mipsel-cross","","","","","","","",""
"libn32go23-mipsr6-cross","","","","","","","",""
"libn32go23-mipsr6el-cross","","","","","","","",""
"libn32gomp1-mips-cross","","","","","","","",""
"libn32gomp1-mips64-cross","","","","","","","",""
"libn32gomp1-mips64el-cross","","","","","","","",""
"libn32gomp1-mips64r6-cross","","","","","","","",""
"libn32gomp1-mips64r6el-cross","","","","","","","",""
"libn32gomp1-mipsel-cross","","","","","","","",""
"libn32gomp1-mipsr6-cross","","","","","","","",""
"libn32gomp1-mipsr6el-cross","","","","","","","",""
"libn32gphobos4-mips-cross","","","","","","","",""
"libn32gphobos4-mips64-cross","","","","","","","",""
"libn32gphobos4-mips64el-cross","","","","","","","",""
"libn32gphobos4-mips64r6-cross","","","","","","","",""
"libn32gphobos4-mips64r6el-cross","","","","","","","",""
"libn32gphobos4-mipsel-cross","","","","","","","",""
"libn32gphobos4-mipsr6-cross","","","","","","","",""
"libn32gphobos4-mipsr6el-cross","","","","","","","",""
"libn32gphobos5-mips-cross","","","","","","","",""
"libn32gphobos5-mips64-cross","","","","","","","",""
"libn32gphobos5-mips64el-cross","","","","","","","",""
"libn32gphobos5-mips64r6-cross","","","","","","","",""
"libn32gphobos5-mips64r6el-cross","","","","","","","",""
"libn32gphobos5-mipsel-cross","","","","","","","",""
"libn32gphobos5-mipsr6-cross","","","","","","","",""
"libn32gphobos5-mipsr6el-cross","","","","","","","",""
"libn32objc4-mips-cross","","","","","","","",""
"libn32objc4-mips64-cross","","","","","","","",""
"libn32objc4-mips64el-cross","","","","","","","",""
"libn32objc4-mips64r6-cross","","","","","","","",""
"libn32objc4-mips64r6el-cross","","","","","","","",""
"libn32objc4-mipsel-cross","","","","","","","",""
"libn32objc4-mipsr6-cross","","","","","","","",""
"libn32objc4-mipsr6el-cross","","","","","","","",""
"libnamespace-autoclean-perl","","","","","","","",""
"libnamespace-clean-perl","","","","","","","",""
"libnatpmp","","","","","","","",""
"libnautilus-extension1a","","","","","","","",""
"libnbcompat","","","","","","","",""
"libnbd","https://github.com/libguestfs/libnbd.git","","","","","","",""
"libncarg-data","","","","","","","",""
"libncbi6-dbg","","","","","","","",""
"libncl","https://github.com/mtholder/ncl.git","","","","","","",""
"libncurses5","","","","","","","",""
"libncurses5-dev","","","","","","","",""
"libncursesada","","","","","","","",""
"libncursesw5","","","","","","","",""
"libncursesw5-dev","","","","","","","",""
"libndp","","","","","","","",""
"libndr-dev","","","","","","","",""
"libndr-standard0","","","","","","","",""
"libndr0","","","","","","","",""
"libndr6","","","","","","","",""
"libnepomuk4","","","","","","","",""
"libnepomukquery4a","","","","","","","",""
"libnest2d","https://github.com/ultimaker/libnest2d.git","","","","","","",""
"libnet","https://github.com/libnet/libnet.git","","","","","","",""
"libnet-bluetooth-perl","","","","","","","",""
"libnet-cups-perl","","","","","","","",""
"libnet-dbus-glib-perl","","","","","","","",""
"libnet-dbus-perl","","","","","","","",""
"libnet-dns-perl","","","","","","","",""
"libnet-freedb-perl","","","","","","","",""
"libnet-idn-encode-perl","","","","","","","",""
"libnet-ldapapi-perl","https://github.com/quanah/net-ldapapi.git","","","","","","",""
"libnet-libdnet-perl","","","","","","","",""
"libnet-server-coro-perl","","","","","","","",""
"libnet-server-perl","","","","","","","",""
"libnet-snmp-perl","","","","","","","",""
"libnet-ssh2-perl","","","","","","","",""
"libnet-z3950-simpleserver-perl","","","","","","","",""
"libnet-z3950-zoom-perl","","","","","","","",""
"libnet6-1.3-0","","","","","","","",""
"libnet6-1.3-dev","","","","","","","",""
"libnetaddr-ip-perl","","","","","","","",""
"libnetconf2","https://github.com/cesnet/libnetconf2.git","","","","","","",""
"libnetfilter-acct","","","","","","","",""
"libnetfilter-conntrack","","","","","","","",""
"libnetfilter-cthelper","","","","","","","",""
"libnetfilter-cttimeout","","","","","","","",""
"libnetfilter-log","","","","","","","",""
"libnetfilter-queue","","","","","","","",""
"libnethogs-dev","","","","","","","",""
"libnethogs0","","","","","","","",""
"libnetpbm10","","","","","","","",""
"libnetpbm10-dev","","","","","","","",""
"libnetpbm9","","","","","","","",""
"libnetpbm9-dev","","","","","","","",""
"libnewuoa","https://github.com/elsid/newuoa-cpp.git","","","","","","",""
"libnexstar","","","","","","","",""
"libnfc","","","","","","","",""
"libnfnetlink","","","","","","https://git.netfilter.org/libnfnetlink","",""
"libnfo","","","","","","","",""
"libnfqueue-perl","","","","","","","",""
"libnfs","https://github.com/sahlberg/libnfs.git","","","","","","",""
"libnftnl","","","","","","https://git.netfilter.org/libnftnl","",""
"libnginx-mod-http-auth-pam","https://github.com/sto/ngx_http_auth_pam_module.git","","","","","","",""
"libnginx-mod-http-cache-purge","https://github.com/frickle/ngx_cache_purge.git","","","","","","",""
"libnginx-mod-http-dav-ext","https://github.com/arut/nginx-dav-ext-module.git","","","","","","",""
"libnginx-mod-http-echo","https://github.com/agentzh/echo-nginx-module.git","","","","","","",""
"libnginx-mod-http-fancyindex","https://github.com/aperezdc/ngx-fancyindex.git","","","","","","",""
"libnginx-mod-http-geoip2","https://github.com/leev/ngx_http_geoip2_module.git","","","","","","",""
"libnginx-mod-http-headers-more-filter","https://github.com/openresty/headers-more-nginx-module.git","","","","","","",""
"libnginx-mod-http-lua","https://github.com/openresty/lua-nginx-module.git","","","","","","",""
"libnginx-mod-http-ndk","https://github.com/simpl/ngx_devel_kit.git","","","","","","",""
"libnginx-mod-http-subs-filter","https://github.com/yaoweibin/ngx_http_substitutions_filter_module.git","","","","","","",""
"libnginx-mod-http-uploadprogress","https://github.com/masterzen/nginx-upload-progress-module.git","","","","","","",""
"libnginx-mod-http-upstream-fair","https://github.com/gnosek/nginx-upstream-fair.git","","","","","","",""
"libnginx-mod-nchan","https://github.com/slact/nchan.git","","","","","","",""
"libnginx-mod-rtmp","https://github.com/arut/nginx-rtmp-module.git","","","","","","",""
"libnice","","","","","","","",""
"libnids","https://github.com/mitrecnd/libnids.git","","","","","","",""
"libnitrokey","https://github.com/nitrokey/libnitrokey.git","","","","","","",""
"libnjb","","","","","","","",""
"libnl-dev","","","","","","","",""
"libnl1","","","","","","","",""
"libnl3","https://github.com/thom311/libnl.git","","","","","","",""
"libnm-glib-dev","","","","","","","",""
"libnm-glib-vpn-dev","","","","","","","",""
"libnm-glib-vpn1","","","","","","","",""
"libnm-util-dev","","","","","","","",""
"libnma","","","","","","","",""
"libnng1","","","","","","","",""
"libnode108","","","","","","","",""
"libnode127","","","","","","","",""
"libnode72","","","","","","","",""
"libnoise","","","","","","","",""
"libnop","https://github.com/google/libnop.git","","","","","","",""
"libnotify","","","","","","","",""
"libnova","","","","","","","",""
"libns3-3v5","","","","","","","",""
"libns3.37","","","","","","","",""
"libnsl","https://github.com/thkukuk/libnsl.git","","","","","","",""
"libnss-extrausers","","","","","","","",""
"libnss-ldap","","","","","","","",""
"libnss-mysql-bg","","","","","","","",""
"libnss-pgsql2","","","","","","","",""
"libnss-rainbow2","","","","","","","",""
"libntfs-3g883","","","","","","","",""
"libntlm","","","","","","","",""
"libntru","https://github.com/tbuktu/libntru.git","","","","","","",""
"libntruprime","","","","","","","",""
"libnuclient-dev","","","","","","","",""
"libnuclient4","","","","","","","",""
"libnumbertext","","","","","","","",""
"libnvme","https://github.com/linux-nvme/libnvme.git","","","","","","",""
"libnxcl-bin","","","","","","","",""
"libnxcl-dev","","","","","","","",""
"libnxcl1","","","","","","","",""
"libnxml","https://github.com/bakulf/libnxml.git","","","","","","",""
"liboauth","","","","","","","",""
"liboauth2","https://github.com/zmartzone/liboauth2.git","","","","","","",""
"libobby-0.4-dev","","","","","","","",""
"libobjc4-alpha-cross","","","","","","","",""
"libobjc4-amd64-cross","","","","","","","",""
"libobjc4-arc-cross","","","","","","","",""
"libobjc4-arm64-cross","","","","","","","",""
"libobjc4-armel-cross","","","","","","","",""
"libobjc4-armhf-cross","","","","","","","",""
"libobjc4-hppa-cross","","","","","","","",""
"libobjc4-i386-cross","","","","","","","",""
"libobjc4-loong64-cross","","","","","","","",""
"libobjc4-m68k-cross","","","","","","","",""
"libobjc4-mips-cross","","","","","","","",""
"libobjc4-mips64-cross","","","","","","","",""
"libobjc4-mips64el-cross","","","","","","","",""
"libobjc4-mips64r6-cross","","","","","","","",""
"libobjc4-mips64r6el-cross","","","","","","","",""
"libobjc4-mipsel-cross","","","","","","","",""
"libobjc4-mipsr6-cross","","","","","","","",""
"libobjc4-mipsr6el-cross","","","","","","","",""
"libobjc4-powerpc-cross","","","","","","","",""
"libobjc4-ppc64-cross","","","","","","","",""
"libobjc4-ppc64el-cross","","","","","","","",""
"libobjc4-riscv64-cross","","","","","","","",""
"libobjc4-s390x-cross","","","","","","","",""
"libobjc4-sh4-cross","","","","","","","",""
"libobjc4-sparc64-cross","","","","","","","",""
"libobjc4-x32-cross","","","","","","","",""
"libobjcryst","https://github.com/diffpy/libobjcryst.git","","","","","","",""
"libobrender32","","","","","","","",""
"libobt2","","","","","","","",""
"libocas","","","","","","","",""
"libocpf0","","","","","","","",""
"libodb","","","","","","","",""
"libodb-boost","","","","","","","",""
"libodb-mysql","","","","","","","",""
"libodb-pgsql","","","","","","","",""
"libodb-qt","","","","","","","",""
"libodb-sqlite","","","","","","","",""
"libodbc1","","","","","","","",""
"libodfgen","","","","","","","",""
"libodsstream","","","","","","","",""
"libofa","https://github.com/tanob/libofa.git","","","","","","",""
"libofono-qt","https://github.com/kaffeine/libofono-qt.git","","","","","","",""
"libofx","https://github.com/libofx/libofx.git","","","","","","",""
"libofx4","","","","","","","",""
"libogdf-tulip-5.4-0","","","","","","","",""
"libogg","","","","","","","",""
"liboggplay","","","","","","","",""
"liboggz","","","","","","","",""
"liboggz-dev","","","","","","","",""
"liboglappth","","","","","","","",""
"libogre-perl","","","","","","","",""
"libois-perl","","","","","","","",""
"libokular5core10","","","","","","","",""
"libokular5core9","","","","","","","",""
"libokular6core4","","","","","","","",""
"libokularcore1","","","","","","","",""
"libokularcore3","","","","","","","",""
"libolecf","https://github.com/libyal/libolecf.git","","","","","","",""
"libomemo","https://github.com/gkdr/libomemo.git","","","","","","",""
"libomemo-c","https://github.com/dino/libomemo-c.git","","","","","","",""
"libomhacks0","","","","","","","",""
"libomnievents2","","","","","","","",""
"libomniorb4-1","","","","","","","",""
"libomnithread3-dev","","","","","","","",""
"libomnithread3c2","","","","","","","",""
"libomnithread3c2-dbg","","","","","","","",""
"libomp-jonathonl","https://github.com/jonathonl/omp.git","","","","","","",""
"libomp5-17","","","","","","","",""
"libomp5-17t64","","","","","","","",""
"libomp5-18","","","","","","","",""
"libomp5-19","","","","","","","",""
"libomxil-bellagio-dev","","","","","","","",""
"libomxil-bellagio0","","","","","","","",""
"libomxil-bellagio0-components-alsa","","","","","","","",""
"libonig","https://github.com/kkos/oniguruma.git","","","","","","",""
"libonig2","","","","","","","",""
"libonnx1","","","","","","","",""
"libonnx1t64","","","","","","","",""
"liboobs","","","","","","","",""
"liboop","","","","","","","",""
"libopaque","https://github.com/stef/libopaque.git","","","","","","",""
"libopenaptx","https://github.com/pali/libopenaptx.git","","","","","","",""
"libopenblas0","","","","","","","",""
"libopenblas64-dev","","","","","","","",""
"libopencsd","https://github.com/linaro/opencsd.git","","","","","","",""
"libopendbx","","","","","","","",""
"libopenexr25","","","","","","","",""
"libopenexr6","","","","","","","",""
"libopengl-perl","","","","","","","",""
"libopengl-xscreensaver-perl","","","","","","","",""
"libopenhmd","","","","","","","",""
"libopenimageio-doc","","","","","","","",""
"libopenmpt","","","","","","","",""
"libopenmpt-modplug","","","","","","","",""
"libopenobex","","","","","","","",""
"libopenobex1","","","","","","","",""
"libopenobex1-dev","","","","","","","",""
"libopenraw","","","","","","","",""
"libopenraw1","","","","","","","",""
"libopenscenegraph99","","","","","","","",""
"libopenshot","","","","","","","",""
"libopenshot-audio","","","","","","","",""
"libopensmtpd","","","","","","","",""
"libopenusb-dev","","","","","","","",""
"libopenusb0","","","","","","","",""
"libopenvrml-dev","","","","","","","",""
"libopenvrml9","","","","","","","",""
"liboping","","","","","","","",""
"libopm-common-2024.10","","","","","","","",""
"libopm-grid-2024.10","","","","","","","",""
"libopm-simulators-2024.10","","","","","","","",""
"libopm-upscaling-2024.10","","","","","","","",""
"liboprf","https://github.com/stef/liboprf.git","","","","","","",""
"libopusenc","","","","","","","",""
"liborange0","","","","","","","",""
"liborcus","","https://gitlab.com/orcus/orcus.git","","","","","",""
"liborigin2","","","","","","","",""
"libortp8","","","","","","","",""
"libortp9","","","","","","","",""
"libosgearth-dev","","","","","","","",""
"libosgearth1","","","","","","","",""
"libosgearth3","","","","","","","",""
"libosgearthannotation3","","","","","","","",""
"libosgearthfeatures3","","","","","","","",""
"libosgearthqt3","","","","","","","",""
"libosgearthsymbology3","","","","","","","",""
"libosgearthutil3","","","","","","","",""
"libosinfo","","","","","","","",""
"libosinfo-l10n","","","","","","","",""
"libosip2","","","","","","","",""
"libosl","","","","","","","",""
"libosmium","","","","","","","",""
"libosmo-abis","","","","","","","",""
"libosmo-netif","","","","","","http://git.osmocom.org/libosmo-netif/","",""
"libosmo-sccp","","","","","","http://cgit.osmocom.org/libosmo-sccp/","",""
"libosmo-sigtran","","","","","","http://cgit.osmocom.org/libosmo-sigtran/","",""
"libosmocore","","","","","","","",""
"libosmosdr","","","","","","","",""
"libossp-uuid-perl","","","","","","","",""
"libotf","","","","","","","",""
"libotp0-heimdal","","","","","","","",""
"libotr","","","","","","","",""
"libotr2","","","","","","","",""
"libotr2-bin","","","","","","","",""
"libotr2-dev","","","","","","","",""
"libowfat","","","","","","","",""
"libp11","https://github.com/opensc/libp11.git","","","","","","",""
"libpacemaker1","","","","","","","",""
"libpackage-stash-xs-perl","","","","","","","",""
"libpagemaker","","","","","","","",""
"libpalm-perl","","","","","","","",""
"libpam-afs-session","","","","","","","",""
"libpam-alreadyloggedin","","","","","","","",""
"libpam-blue","","","","","","","",""
"libpam-dev","","","","","","","",""
"libpam-krb5","","","","","","","",""
"libpam-krb5-migrate-heimdal","","","","","","","",""
"libpam-ldap","","","","","","","",""
"libpam-mount","","","","","","","",""
"libpam-ncp","","","","","","","",""
"libpam-nufw","","","","","","","",""
"libpam-ocaml-sy8a0","","","","","","","",""
"libpam-pgsql","","","","","","","",""
"libpam-pwdfile","","","","","","https://git.tiwe.de/libpam-pwdfile.git","",""
"libpam-rsa","","","","","","","",""
"libpam-runtime","","","","","","","",""
"libpam-smbpass","","","","","","","",""
"libpam-ssh","","","","","","","",""
"libpam-systemd","","","","","","","",""
"libpam-ufpidentity","https://github.com/ufpidentity/pam_ufpidentity.git","","","","","","",""
"libpam-unix2","","","","","","","",""
"libpam-usb","","","","","","","",""
"libpam-x2go","https://github.com/arcticaproject/libpam-x2go.git","","","","","","",""
"libpanel","","https://gitlab.gnome.org/gnome/libpanel.git","","","","","",""
"libpango1.0-0","","","","","","","",""
"libpano13","","","","","","","",""
"libpano13-2","","","","","","","",""
"libpaper","https://github.com/rrthomas/libpaper.git","","","","","","",""
"libpaper-utils","","","","","","","",""
"libpappsomspp","","","","","","","",""
"libpar-dist-perl","","","","","","","",""
"libpar-packer-perl","","","","","","","",""
"libpar-perl","","","","","","","",""
"libpar2-0","","","","","","","",""
"libpar2-0-dev","","","","","","","",""
"libpar2-1","","","","","","","",""
"libparams-classify-perl","","","","","","","",""
"libparams-validate-perl","","","","","","","",""
"libparse-exuberantctags-perl","","","","","","","",""
"libparse-method-signatures-perl","","","","","","","",""
"libparser++-dev","","","","","","","",""
"libparted0","","","","","","","",""
"libpath-tiny-perl","","","","","","","",""
"libpathplan-dev","","","","","","","",""
"libpcap","","","","","","","",""
"libpciaccess","","","","","","","",""
"libpcre3","","","","","","","",""
"libpcsc-perl","","","","","","","",""
"libpdb-redo","https://github.com/pdb-redo/libpdb-redo.git","","","","","","",""
"libpdbg5","","","","","","","",""
"libpdf-api2-perl","","","","","","","",""
"libpdl-io-hdf5-perl","","","","","","","",""
"libpdl-io-matlab-perl","https://github.com/jlapeyre/pdl-io-matlab.git","","","","","","",""
"libpdl-linearalgebra-perl","","","","","","","",""
"libpdl-netcdf-perl","","","","","","","",""
"libpdl-stats-perl","","","","","","","",""
"libpe-rules26","","","","","","","",""
"libpe-status28","","","","","","","",""
"libpeas","","","","","","","",""
"libpeas2","","","","","","","",""
"libperl-destruct-level-perl","","","","","","","",""
"libperl4-corelibs-perl","","","","","","","",""
"libperl5.32","","","","","","","",""
"libperl5.36","","","","","","","",""
"libperl5i-perl","","","","","","","",""
"libperlbal-perl","","","","","","","",""
"libperlbal-xs-httpheaders-perl","","","","","","","",""
"libperlio-gzip-perl","","","","","","","",""
"libperlio-utf8-strict-perl","","","","","","","",""
"libperlx-maybe-xs-perl","","","","","","","",""
"libpff","https://github.com/libyal/libpff.git","","","","","","",""
"libpfm4","","","","","","","",""
"libpfqueue-dev","","","","","","","",""
"libpfqueue0","","","","","","","",""
"libpg-hstore-perl","","","","","","","",""
"libpg-query","https://github.com/pganalyze/libpg_query.git","","","","","","",""
"libpgf","","","","","","","",""
"libpgm","https://github.com/steve-o/openpgm.git","","","","","","",""
"libpgm-5.1-0","","","","","","","",""
"libpgplot-perl","","","","","","","",""
"libpgpool0","","","","","","","",""
"libpgsql-ruby","","","","","","","",""
"libpgsql-ruby1.8","","","","","","","",""
"libpgsql-ruby1.9.1","","","","","","","",""
"libphat-tools","","","","","","","",""
"libphdi","https://github.com/libyal/libphdi.git","","","","","","",""
"libphone-utils-dev","","","","","","","",""
"libphonenumber","https://github.com/googlei18n/libphonenumber.git","","","","","","",""
"libphonenumber8t64-protobuf32","","","","","","","",""
"libphonon-dev","","","","","","","",""
"libphonon-l10n","","","","","","","",""
"libphonon4","","","","","","","",""
"libphononexperimental-dev","","","","","","","",""
"libphononexperimental4","","","","","","","",""
"libphp-embed","","","","","","","",""
"libphysfs","","","","","","","",""
"libpigpiod-if1","","","","","","","",""
"libpigpiod-if1t64","","","","","","","",""
"libpigpiod-if2-1","","","","","","","",""
"libpigpiod-if2-1t64","","","","","","","",""
"libpillowfight","","https://gitlab.gnome.org/world/openpaperwork/libpillowfight.git","","","","","",""
"libpilotobjects0","","","","","","","",""
"libpinyin","https://github.com/libpinyin/libpinyin.git","","","","","","",""
"libpipeline","","","","","","","",""
"libpisock-dev","","","","","","","",""
"libpisock9","","","","","","","",""
"libpisp","https://github.com/raspberrypi/libpisp.git","","","","","","",""
"libpisync1","","","","","","","",""
"libpixelif","","","","","","","",""
"libpktriggercord","https://github.com/indilib/indi-3rdparty.git","","","","","","",""
"libplacebo","","","","","","","",""
"libplack-perl","","","","","","","",""
"libplank-common","","","","","","","",""
"libplasma","","","","","","https://invent.kde.org/plasma/libplasma","",""
"libplasma-geolocation-interface4","","","","","","","",""
"libplasma3","","","","","","","",""
"libplasmagenericshell4","","","","","","","",""
"libplayer-dev","","","","","","","",""
"libplayer2","","","","","","","",""
"libplist","","","","","","","",""
"libplist1","","","","","","","",""
"libpll","","","","","","","",""
"libpmount-dev","","","","","","","",""
"libpmount0.0","","","","","","","",""
"libpng1.6","","","","","","","",""
"libpng12-0","","","","","","","",""
"libpng12-dev","","","","","","","",""
"libpocl2-common","","","","","","","",""
"libpodofo","","","","","","","",""
"libpog","https://github.com/metthal/pog.git","","","","","","",""
"libpolkit-backend-1-0","","","","","","","",""
"libpolkit-qt-1-1","","","","","","","",""
"libpolkit-qt-1-dev","","","","","","","",""
"libpolyclipping","","","","","","","",""
"libpoppler-qt4-3","","","","","","","",""
"libpoppler-qt4-4","","","","","","","",""
"libpoppler37","","","","","","","",""
"libportal","https://github.com/flatpak/libportal.git","","","","","","",""
"libportaudio-ocaml","","","","","","","",""
"libportaudio-ocaml-n38e4","","","","","","","",""
"libposix-atfork-perl","","","","","","","",""
"libposix-strptime-perl","","","","","","","",""
"libpostproc55","","","","","","","",""
"libpostproc56","","","","","","","",""
"libppl12","","","","","","","",""
"libppl13","","","","","","","",""
"libppl9","","","","","","","",""
"libppx-hash-ocaml-kq153","","","","","","","",""
"libppx-string-ocaml-eqyr4","","","","","","","",""
"libpqxx","https://github.com/jtv/libpqxx.git","","","","","","",""
"libpqxx-3.1","","","","","","","",""
"libpqxx-4.0","","","","","","","",""
"libpqxx3-dev","","","","","","","",""
"libprelude-perl","","","","","","","",""
"libpri","","","","","","","",""
"libprima-perl","","","","","","","",""
"libprinterconf0c2a","","","","","","","",""
"libprintsys","","","","","","","",""
"libproc-daemon-perl","","","","","","","",""
"libproc-wait3-perl","","","","","","","",""
"libproc2-1","","","","","","","",""
"libprocessui4a","","","","","","","",""
"libprocps-dev","","","","","","","",""
"libprocps8","","","","","","","",""
"libproj0","","","","","","","",""
"libprotobuf-lite7","","","","","","","",""
"libprotobuf-lite8","","","","","","","",""
"libprotobuf7","","","","","","","",""
"libprotobuf8","","","","","","","",""
"libprotoc7","","","","","","","",""
"libprotoc8","","","","","","","",""
"libproxy","","","","","","","",""
"libpsl","https://github.com/rockdaboot/libpsl.git","","","","","","",""
"libpsm2","https://github.com/01org/opa-psm2.git","","","","","","",""
"libpsortb","","","","","","","",""
"libpst","","","","","","","",""
"libpstoedit0c2a","","","","","","","",""
"libpthread-stubs","","","","","","","",""
"libpthread-stubs0","","","","","","","",""
"libptytty","","","","","","","",""
"libpulse-ocaml-rzij7","","","","","","","",""
"libpuzzle","https://github.com/jedisct1/libpuzzle.git","","","","","","",""
"libpvm3","","","","","","","",""
"libpwizlite","","https://salsa.debian.org/debichem-team/libpwizlite.git","","","","","",""
"libpwl-dev","","","","","","","",""
"libpwl5","","","","","","","",""
"libpwquality","https://github.com/libpwquality/libpwquality.git","","","","","","",""
"libpython2.7","","","","","","","",""
"libpython2.7-dbg","","","","","","","",""
"libpython2.7-dev","","","","","","","",""
"libpython2.7-minimal","","","","","","","",""
"libpython2.7-stdlib","","","","","","","",""
"libpython2.7-testsuite","","","","","","","",""
"libpython3-dev","","","","","","","",""
"libpython3-stdlib","","","","","","","",""
"libpython3.13-stdlib","","","","","","","",""
"libpyzy","https://github.com/hsumita/libpyzy.git","","","","","","",""
"libqaccessibilityclient","","","","","","https://invent.kde.org/libraries/libqaccessibilityclient","",""
"libqalculate","","","","","","","",""
"libqalculate5","","","","","","","",""
"libqapt","","","","","","https://invent.kde.org/system/libqapt","",""
"libqb","https://github.com/clusterlabs/libqb.git","","","","","","",""
"libqb-tools","","","","","","","",""
"libqca2","","","","","","","",""
"libqca2-dev","","","","","","","",""
"libqca2-plugin-gnupg","","","","","","","",""
"libqca2-plugin-ossl","","","","","","","",""
"libqcow","https://github.com/libyal/libqcow.git","","","","","","",""
"libqedje-dev","","","","","","","",""
"libqedje0a","","","","","","","",""
"libqes","https://github.com/kdmurray91/libqes.git","","","","","","",""
"libqgis-3d3.10.14","","","","","","","",""
"libqgis-3d3.22.16","","","","","","","",""
"libqgis-3d3.40.10","","","","","","","",""
"libqgis-3d3.40.11","","","","","","","",""
"libqgis-3d3.40.12","","","","","","","",""
"libqgis-analysis3.10.14","","","","","","","",""
"libqgis-analysis3.22.16","","","","","","","",""
"libqgis-analysis3.40.10","","","","","","","",""
"libqgis-analysis3.40.11","","","","","","","",""
"libqgis-analysis3.40.12","","","","","","","",""
"libqgis-app3.10.14","","","","","","","",""
"libqgis-app3.22.16","","","","","","","",""
"libqgis-app3.40.10","","","","","","","",""
"libqgis-app3.40.11","","","","","","","",""
"libqgis-app3.40.12","","","","","","","",""
"libqgis-core3.10.14","","","","","","","",""
"libqgis-core3.22.16","","","","","","","",""
"libqgis-core3.40.10","","","","","","","",""
"libqgis-core3.40.11","","","","","","","",""
"libqgis-core3.40.12","","","","","","","",""
"libqgis-gui3.10.14","","","","","","","",""
"libqgis-gui3.22.16","","","","","","","",""
"libqgis-gui3.40.10","","","","","","","",""
"libqgis-gui3.40.11","","","","","","","",""
"libqgis-gui3.40.12","","","","","","","",""
"libqgis-native3.10.14","","","","","","","",""
"libqgis-native3.22.16","","","","","","","",""
"libqgis-native3.40.10","","","","","","","",""
"libqgis-native3.40.11","","","","","","","",""
"libqgis-native3.40.12","","","","","","","",""
"libqgis-server3.10.14","","","","","","","",""
"libqgis-server3.22.16","","","","","","","",""
"libqgis-server3.40.10","","","","","","","",""
"libqgis-server3.40.11","","","","","","","",""
"libqgis-server3.40.12","","","","","","","",""
"libqgis1.7.5","","","","","","","",""
"libqgisgrass7-3.10.14","","","","","","","",""
"libqgisgrass8-3.22.16","","","","","","","",""
"libqgisgrass8-3.40.10","","","","","","","",""
"libqgisgrass8-3.40.11","","","","","","","",""
"libqgisgrass8-3.40.12","","","","","","","",""
"libqgispython3.10.14","","","","","","","",""
"libqgispython3.22.16","","","","","","","",""
"libqgispython3.40.10","","","","","","","",""
"libqgispython3.40.11","","","","","","","",""
"libqgispython3.40.12","","","","","","","",""
"libqglviewer","","","","","","","",""
"libqglviewer-dev-common","","","","","","","",""
"libqglviewer-headers","","","","","","","",""
"libqglviewer-qt3-2","","","","","","","",""
"libqglviewer-qt3-dev","","","","","","","",""
"libqglviewer-qt4-2","","","","","","","",""
"libqglviewer-qt4-dev","","","","","","","",""
"libqgpgme1","","","","","","","",""
"libqgpsmm28","","","","","","","",""
"libqimageblitz-dev","","","","","","","",""
"libqimageblitz4","","","","","","","",""
"libqjson-dev","","","","","","","",""
"libqjson0","","","","","","","",""
"libqmfclient1","","","","","","","",""
"libqmfmessageserver1","","","","","","","",""
"libqmfutil1","","","","","","","",""
"libqmi","","","","","","","",""
"libqof2","","","","","","","",""
"libqof2-backend-qsf","","","","","","","",""
"libqofexpensesobjects1","","","","","","","",""
"libqofono","https://github.com/sailfishos/libqofono.git","","","","","","",""
"libqofonoext","https://github.com/sailfishos/libqofonoext.git","","","","","","",""
"libqrtr-glib","","https://gitlab.freedesktop.org/mobile-broadband/libqrtr-glib.git","","","","","",""
"libqscintilla2-qt6-l10n","","","","","","","",""
"libqt3-compat-headers","","","","","","","",""
"libqt3-headers","","","","","","","",""
"libqt3-mt","","","","","","","",""
"libqt3-mt-dev","","","","","","","",""
"libqt3-mt-mysql","","","","","","","",""
"libqt3-mt-odbc","","","","","","","",""
"libqt3-mt-psql","","","","","","","",""
"libqt3-mt-sqlite","","","","","","","",""
"libqt4-assistant","","","","","","","",""
"libqt4-dbus","","","","","","","",""
"libqt4-declarative","","","","","","","",""
"libqt4-designer","","","","","","","",""
"libqt4-dev","","","","","","","",""
"libqt4-help","","","","","","","",""
"libqt4-network","","","","","","","",""
"libqt4-opengl","","","","","","","",""
"libqt4-opengl-dev","","","","","","","",""
"libqt4-phonon","","","","","","","",""
"libqt4-private-dev","","","","","","","",""
"libqt4-qt3support","","","","","","","",""
"libqt4-ruby1.8","","","","","","","",""
"libqt4-script","","","","","","","",""
"libqt4-scripttools","","","","","","","",""
"libqt4-sql","","","","","","","",""
"libqt4-sql-mysql","","","","","","","",""
"libqt4-sql-odbc","","","","","","","",""
"libqt4-sql-psql","","","","","","","",""
"libqt4-sql-sqlite","","","","","","","",""
"libqt4-sql-sqlite2","","","","","","","",""
"libqt4-sql-tds","","","","","","","",""
"libqt4-svg","","","","","","","",""
"libqt4-test","","","","","","","",""
"libqt4-webkit","","","","","","","",""
"libqt4-xml","","","","","","","",""
"libqt4-xmlpatterns","","","","","","","",""
"libqt4pas-dev","","","","","","","",""
"libqt4pas5","","","","","","","",""
"libqt5bluetooth5-bin","","","","","","","",""
"libqt5qxlsx","https://github.com/dantti/qxlsx.git","","","","","","",""
"libqt5xdg","https://github.com/lxqt/libqtxdg.git","","","","","","",""
"libqt6bluetooth6-bin","","","","","","","",""
"libqt6core5compat6-dev","","","","","","","",""
"libqt6opengl6-dev","","","","","","","",""
"libqt6pas","","https://gitlab.com/freepascal.org/lazarus.git","","","","","",""
"libqt6remoteobjects6-bin","","","","","","","",""
"libqt6scxml6-bin","","","","","","","",""
"libqt6serialbus6-bin","","","","","","","",""
"libqtassistantclient-dev","","","","","","","",""
"libqtassistantclient4","","","","","","","",""
"libqtconnectivity1","","","","","","","",""
"libqtcontacts1","","","","","","","",""
"libqtcore4","","","","","","","",""
"libqtcore4-perl","","","","","","","",""
"libqtdbusmock","","https://gitlab.com/ubports/development/core/libqtdbusmock.git","","","","","",""
"libqtdbustest","","https://gitlab.com/ubports/development/core/libqtdbustest.git","","","","","",""
"libqtfeedback1","","","","","","","",""
"libqtgallery1","","","","","","","",""
"libqtgui4","","","","","","","",""
"libqtgui4-perl","","","","","","","",""
"libqtlocation1","","","","","","","",""
"libqtmultimediakit1","","","","","","","",""
"libqtnetwork4-perl","","","","","","","",""
"libqtorganizer1","","","","","","","",""
"libqtpas","","","","","","","",""
"libqtpublishsubscribe1","","","","","","","",""
"libqtsensors1","","","","","","","",""
"libqtserviceframework1","","","","","","","",""
"libqtsysteminfo1","","","","","","","",""
"libqttest4-perl","","","","","","","",""
"libqtversit1","","","","","","","",""
"libqtversitorganizer1","","","","","","","",""
"libqtwebkit-dev","","","","","","","",""
"libqtwebkit4","","","","","","","",""
"libqtxdg","https://github.com/lxqt/libqtxdg.git","","","","","","",""
"libqtxml4-perl","","","","","","","",""
"libquadmath0-amd64-cross","","","","","","","",""
"libquadmath0-i386-cross","","","","","","","",""
"libquadmath0-ppc64el-cross","","","","","","","",""
"libquadmath0-x32-cross","","","","","","","",""
"libquantum","","","","","","","",""
"libquazip","https://github.com/stachenov/quazip.git","","","","","","",""
"libquazip1-qt5","https://github.com/stachenov/quazip.git","","","","","","",""
"libquazip1-qt6","https://github.com/stachenov/quazip.git","","","","","","",""
"libquicktime","","","","","","","",""
"libquotient","https://github.com/quotient-im/libquotient.git","","","","","","",""
"libqupzilla-dev","","","","","","","",""
"libqupzilla1","","","","","","","",""
"libquvi","","","","","","","",""
"libquvi-scripts","","","","","","","",""
"libqxp","","","","","","","",""
"libqzeitgeist-dev","","","","","","","",""
"libqzion-dev","","","","","","","",""
"libqzion0a","","","","","","","",""
"librabbitmq","https://github.com/alanxz/rabbitmq-c.git","","","","","","",""
"libradare2-6.0.0t64","","","","","","","",""
"libradare2-common","","","","","","","",""
"libradare2-dev","","","","","","","",""
"libradsec","","","","","","","",""
"librandom123","","","","","","","",""
"librandombytes","","","","","","","",""
"librandomx","https://github.com/tevador/randomx.git","","","","","","",""
"libranlip","","","","","","","",""
"librasterlite-dev","","","","","","","",""
"librasterlite1","","","","","","","",""
"librasterlite2","","","","","","","",""
"libratbag","https://github.com/libratbag/libratbag.git","","","","","","",""
"libraw","","","","","","","",""
"libraw1394","","","","","","","",""
"librcc","","","","","","","",""
"librcd","","","","","","","",""
"librcsb-core-wrapper","","","","","","","",""
"librda","https://github.com/arcticaproject/librda.git","","","","","","",""
"librdata","https://github.com/wizardmac/librdata.git","","","","","","",""
"librdkafka","https://github.com/confluentinc/librdkafka.git","","","","","","",""
"libre","https://github.com/baresip/re.git","","","","","","",""
"libre2-11-absl20240722","","","","","","","",""
"libreadline5","","","","","","","",""
"libreadline6","","","","","","","",""
"librec-dev","","","","","","","",""
"librecast","","","","","","","",""
"libredis-fast-perl","","","","","","","",""
"libregf","https://github.com/libyal/libregf.git","","","","","","",""
"libregistry0","","","","","","","",""
"librelp","","","","","","","",""
"libreoffice","","","","","","","",""
"libreoffice-base-core","","","","","","","",""
"libreoffice-base-drivers","","","","","","","",""
"libreoffice-common","","","","","","","",""
"libreoffice-uiconfig-base","","","","","","","",""
"libreoffice-uiconfig-calc","","","","","","","",""
"libreoffice-uiconfig-draw","","","","","","","",""
"libreoffice-uiconfig-impress","","","","","","","",""
"libreoffice-uiconfig-writer","","","","","","","",""
"librep","","","","","","","",""
"librepfunc","https://github.com/wirbel-at-vdr-portal/librepfunc.git","","","","","","",""
"libreplaygain","","","","","","","",""
"librepo","https://github.com/rpm-software-management/librepo.git","","","","","","",""
"libresample","https://github.com/minorninth/libresample.git","","","","","","",""
"librest","","","","","","","",""
"librest-0.7-0","","","","","","","",""
"librest-extras-0.7-0","","","","","","","",""
"libretls","","","","","","","",""
"librevenge","","","","","","","",""
"librevisa","","","","","","","",""
"librg-blast-parser-perl","","","","","","","",""
"librime","https://github.com/rime/librime.git","","","","","","",""
"librime-data","","","","","","","",""
"librist","","","","","","","",""
"librnd4","","","","","","","",""
"librnd4t64","","","","","","","",""
"libroar-compat-tools","","","","","","","",""
"libroar-compat2","","","","","","","",""
"libroar-dev","","","","","","","",""
"libroar-plugins-universal","","","","","","","",""
"libroar1","","","","","","","",""
"libroar2","","","","","","","",""
"libroboptim-core2","","","","","","","",""
"libroken18-heimdal","","","","","","","",""
"librostlab","","","","","","","",""
"librostlab-blast","","","","","","","",""
"librostlab-dev","","","","","","","",""
"librpm2","","","","","","","",""
"librpm3","","","","","","","",""
"librpm9","","","","","","","",""
"librpmbuild2","","","","","","","",""
"librpmbuild3","","","","","","","",""
"librpmbuild9","","","","","","","",""
"librpmio2","","","","","","","",""
"librpmio3","","","","","","","",""
"librpmio9","","","","","","","",""
"librpmsign9","","","","","","","",""
"librra-tools","","","","","","","",""
"librsb","","","","","","","",""
"librscode","","","","","","","",""
"librsvg","","","","","","","",""
"librsvg2-bin","","","","","","","",""
"librsync","https://github.com/librsync/librsync.git","","","","","","",""
"librsync1","","","","","","","",""
"librtas-dev","","","","","","","",""
"librtas2","","","","","","","",""
"librtasevent-dev","","","","","","","",""
"librtasevent2","","","","","","","",""
"librtpi","","https://gitlab.com/linux-rt/librtpi.git","","","","","",""
"librtr","","","","","","","",""
"librttopo","","","","","","https://git.osgeo.org/gitea/rttopo/librttopo","",""
"libruby1.8","","","","","","","",""
"libruby2.0","","","","","","","",""
"libruby2.1","","","","","","","",""
"librust-base64-0.22+default-dev","","","","","","","",""
"librust-data-url-0.3+default-dev","","","","","","","",""
"librust-flate2-1+rust-backend-dev","","","","","","","",""
"librust-fontdb-0.22+default-dev","","","","","","","",""
"librust-fontdb-0.22+fontconfig-dev","","","","","","","",""
"librust-fontdb-0.22+fs-dev","","","","","","","",""
"librust-fontdb-0.22+memmap-dev","","","","","","","",""
"librust-gif-0.13+default-dev","","","","","","","",""
"librust-image-webp-0.2+default-dev","","","","","","","",""
"librust-imagesize-0.13+default-dev","","","","","","","",""
"librust-kurbo-0.11+default-dev","","","","","","","",""
"librust-log-0.4+default-dev","","","","","","","",""
"librust-pico-args-0.5+default-dev","","","","","","","",""
"librust-pico-args-0.5+eq-separator-dev","","","","","","","",""
"librust-rgb-0.8+default-dev","","","","","","","",""
"librust-roxmltree-0.20+default-dev","","","","","","","",""
"librust-rustybuzz-0.18+default-dev","","","","","","","",""
"librust-simplecss-0.2+default-dev","","","","","","","",""
"librust-siphasher-1+default-dev","","","","","","","",""
"librust-strict-num-0.1+default-dev","","","","","","","",""
"librust-svgtypes-0.15+default-dev","","","","","","","",""
"librust-tiny-skia-0.11+default-dev","","","","","","","",""
"librust-tiny-skia-path-0.11+default-dev","","","","","","","",""
"librust-unicode-bidi-0.3+default-dev","","","","","","","",""
"librust-unicode-script-0.5+default-dev","","","","","","","",""
"librust-unicode-vo-0.1+default-dev","","","","","","","",""
"librust-usvg-0.45+default-dev","","","","","","","",""
"librust-usvg-0.45+memmap-fonts-dev","","","","","","","",""
"librust-usvg-0.45+system-fonts-dev","","","","","","","",""
"librust-usvg-0.45+text-dev","","","","","","","",""
"librust-xmlwriter-0.1+default-dev","","","","","","","",""
"librust-zune-jpeg-0.4+default-dev","","","","","","","",""
"libs3","https://github.com/bji/libs3.git","","","","","","",""
"libsafe-isa-perl","","","","","","","",""
"libsaga","","","","","","","",""
"libsaga-api-7.3.0","","","","","","","",""
"libsaga-api8","","","","","","","",""
"libsaga-gdi-7.3.0","","","","","","","",""
"libsaga-gdi8","","","","","","","",""
"libsamba-credentials-dev","","","","","","","",""
"libsamba-credentials0","","","","","","","",""
"libsamba-hostconfig-dev","","","","","","","",""
"libsamba-hostconfig0","","","","","","","",""
"libsamba-policy-dev","","","","","","","",""
"libsamba-policy0","","","","","","","",""
"libsamba-util-dev","","","","","","","",""
"libsamba-util0","","","","","","","",""
"libsamdb-dev","","","","","","","",""
"libsamdb0","","","","","","","",""
"libsaml2-dev","","","","","","","",""
"libsamplerate","","","","","","","",""
"libsamplerate-dev","","","","","","","",""
"libsamplerate-ocaml-yj2l7","","","","","","","",""
"libsane-perl","","","","","","","",""
"libsass","","","","","","","",""
"libsavitar","https://github.com/ultimaker/libsavitar.git","","","","","","",""
"libsaxonhe-java","","","","","","","",""
"libsbml","","","","","","","",""
"libsbsms","","","","","","","",""
"libsc-data","","","","","","","",""
"libsc-dev","","","","","","","",""
"libsc-doc","","","","","","","",""
"libsc7","","","","","","","",""
"libsc7v5","","","","","","","",""
"libscalar-list-utils-perl","","","","","","","",""
"libscalar-number-perl","","","","","","","",""
"libscalar-string-perl","","","","","","","",""
"libscalar-util-numeric-perl","","","","","","","",""
"libscca","https://github.com/libyal/libscca.git","","","","","","",""
"libscope-guard-perl","","","","","","","",""
"libscope-upper-perl","","","","","","","",""
"libscrypt","","","","","","","",""
"libsdl-sge","","","","","","","",""
"libsdl2","","","","","","","",""
"libsdl2-gfx","","","","","","","",""
"libsdl2-image","https://github.com/libsdl-org/sdl_image.git","","","","","","",""
"libsdl2-mixer","https://github.com/libsdl-org/sdl_mixer.git","","","","","","",""
"libsdl2-net","","","","","","","",""
"libsdl2-ttf","","","","","","","",""
"libsdl3","","","","","","","",""
"libsdl3-image","https://github.com/libsdl-org/sdl_image.git","","","","","","",""
"libsdl3-ttf","https://github.com/libsdl-org/sdl_ttf.git","","","","","","",""
"libsdsl","https://github.com/simongog/sdsl-lite.git","","","","","","",""
"libsearch-xapian-perl","","","","","","","",""
"libsearchclient-dev","","","","","","","",""
"libsearchclient0","","","","","","","",""
"libsearpc","https://github.com/haiwen/libsearpc.git","","","","","","",""
"libseccomp","https://github.com/seccomp/libseccomp.git","","","","","","",""
"libsecp256k1","https://github.com/bitcoin/secp256k1.git","","","","","","",""
"libsecrecy","","https://gitlab.com/german.tischler/libsecrecy.git","","","","","",""
"libsecret","","","","","","","",""
"libsedlex-ocaml-sxu80","","","","","","","",""
"libselinux","","","","","","","",""
"libselinux-dev","","","","","","","",""
"libsemanage","","","","","","","",""
"libsensors-applet-plugin-dev","","","","","","","",""
"libsensors-applet-plugin0","","","","","","","",""
"libsensors4","","","","","","","",""
"libsensors4-dev","","","","","","","",""
"libsepol","","","","","","","",""
"libsepol1","","","","","","","",""
"libsepol1-dev","","","","","","","",""
"libseqlib","https://github.com/walaj/seqlib.git","","","","","","",""
"libsereal-decoder-perl","","","","","","","",""
"libsereal-encoder-perl","","","","","","","",""
"libserial","https://github.com/crayzeewulf/libserial.git","","","","","","",""
"libserialport","","","","","","","",""
"libservicelog-1.1-1","","","","","","","",""
"libservlet3.1-java","","","","","","","",""
"libset-scalar-perl","","","","","","","",""
"libsexplib0-ocaml-yj523","","","","","","","",""
"libsfdo","","https://gitlab.freedesktop.org/vyivel/libsfdo.git","","","","","",""
"libsfml","","","","","","","",""
"libsframe-dev","","","","","","","",""
"libsgml-parser-opensp-perl","","","","","","","",""
"libshairport","","","","","","","",""
"libsharp","","","","","","","",""
"libshout","","","","","","","",""
"libshout-idjc","","","","","","","",""
"libshp1","","","","","","","",""
"libshp2","","","","","","","",""
"libshrinkwrap","https://github.com/jonathonl/shrinkwrap.git","","","","","","",""
"libshumate","","https://gitlab.gnome.org/gnome/libshumate.git","","","","","",""
"libsidplay","","","","","","","",""
"libsidplayfp","https://github.com/libsidplayfp/libsidplayfp.git","","","","","","",""
"libsieve","","","","","","","",""
"libsigc++-1.2-dev","","","","","","","",""
"libsigc++-2.0","","","","","","","",""
"libsigc++-2.0-0c2a","","","","","","","",""
"libsigc++-3.0","","","","","","","",""
"libsigc++-dev","","","","","","","",""
"libsignal-protocol-c","https://github.com/signalapp/libsignal-protocol-c.git","","","","","","",""
"libsignatures-perl","","","","","","","",""
"libsignon-glib","","https://gitlab.com/accounts-sso/libsignon-glib.git","","","","","",""
"libsigrok","","","","","","","",""
"libsigrokdecode","","","","","","","",""
"libsigscan","https://github.com/libyal/libsigscan.git","","","","","","",""
"libsigsegv","","","","","","","",""
"libsimpleini","https://github.com/brofield/simpleini.git","","","","","","",""
"libsimplelist0","","","","","","","",""
"libsixel","https://github.com/libsixel/libsixel.git","","","","","","",""
"libskinlf-java","","","","","","","",""
"libskk","https://github.com/ueno/libskk.git","","","","","","",""
"libskstream-0.3-dev","","","","","","","",""
"libsl0-heimdal","","","","","","","",""
"libslirp","","https://gitlab.freedesktop.org/slirp/libslirp.git","","","","","",""
"libslopy7.6","","","","","","","",""
"libslow5lib","https://github.com/hasindu2008/slow5lib.git","","","","","","",""
"libsm","","","","","","","",""
"libsmacker","","","","","","","",""
"libsmb2","https://github.com/sahlberg/libsmb2.git","","","","","","",""
"libsmbclient","","","","","","","",""
"libsmbclient-raw0","","","","","","","",""
"libsmbldap2","","","","","","","",""
"libsmdev","https://github.com/libyal/libsmdev.git","","","","","","",""
"libsmf","","","","","","","",""
"libsmi","","","","","","","",""
"libsmi2ldbl","","","","","","","",""
"libsmithwaterman","https://github.com/ekg/smithwaterman.git","","","","","","",""
"libsml","https://github.com/volkszaehler/libsml.git","","","","","","",""
"libsmokeakonadi3","","","","","","","",""
"libsmokeattica3","","","","","","","",""
"libsmokekde-dev","","","","","","","",""
"libsmokekdecore4-3","","","","","","","",""
"libsmokekdeui4-3","","","","","","","",""
"libsmokekfile3","","","","","","","",""
"libsmokekhtml3","","","","","","","",""
"libsmokekio3","","","","","","","",""
"libsmokeknewstuff2-3","","","","","","","",""
"libsmokeknewstuff3-3","","","","","","","",""
"libsmokekparts3","","","","","","","",""
"libsmokektexteditor3","","","","","","","",""
"libsmokekutils3","","","","","","","",""
"libsmokenepomuk3","","","","","","","",""
"libsmokenepomukquery3","","","","","","","",""
"libsmokeokular3","","","","","","","",""
"libsmokephonon3","","","","","","","",""
"libsmokeplasma3","","","","","","","",""
"libsmokeqimageblitz3","","","","","","","",""
"libsmokeqt4-dev","","","","","","","",""
"libsmokeqtcore4-3","","","","","","","",""
"libsmokeqtdbus4-3","","","","","","","",""
"libsmokeqtgui4-3","","","","","","","",""
"libsmokeqtnetwork4-3","","","","","","","",""
"libsmokeqtopengl4-3","","","","","","","",""
"libsmokeqtscript4-3","","","","","","","",""
"libsmokeqtsql4-3","","","","","","","",""
"libsmokeqtsvg4-3","","","","","","","",""
"libsmokeqttest4-3","","","","","","","",""
"libsmokeqtuitools4-3","","","","","","","",""
"libsmokeqtwebkit4-3","","","","","","","",""
"libsmokeqtxml4-3","","","","","","","",""
"libsmokeqtxmlpatterns4-3","","","","","","","",""
"libsmokesolid3","","","","","","","",""
"libsmokesoprano3","","","","","","","",""
"libsmokesopranoclient3","","","","","","","",""
"libsmokesopranoserver3","","","","","","","",""
"libsmpp34","","","","","","","",""
"libsmraw","https://github.com/libyal/libsmraw.git","","","","","","",""
"libsndfile","","","","","","","",""
"libsndfile-dev","","","","","","","",""
"libsndifsdl2","","","","","","","",""
"libsnmp15","","","","","","","",""
"libsnmp15-dbg","","","","","","","",""
"libsnmp30","","","","","","","",""
"libsocialcache","https://github.com/sailfishos/libsocialcache.git","","","","","","",""
"libsocialweb-client-dev","","","","","","","",""
"libsocialweb-client2","","","","","","","",""
"libsocialweb-dev","","","","","","","",""
"libsocialweb0","","","","","","","",""
"libsocket-getaddrinfo-perl","","","","","","","",""
"libsocket-linux-perl","","","","","","","",""
"libsocket-multicast6-perl","","","","","","","",""
"libsocket-perl","","","","","","","",""
"libsocket6-perl","","","","","","","",""
"libsocketcan","","","","","","http://git.pengutronix.de/?p=tools/libsocketcan.git","",""
"libsocksd0","","","","","","","",""
"libsocksd0-dev","","","","","","","",""
"libsodium","","","","","","","",""
"libsoil","","","","","","","",""
"libsoldout","","","","","","","",""
"libsolid4","","","","","","","",""
"libsolv","https://github.com/opensuse/libsolv.git","","","","","","",""
"libsolv-tools","","","","","","","",""
"libsoprano-dev","","","","","","","",""
"libsoprano4","","","","","","","",""
"libsort-key-perl","","","","","","","",""
"libsort-key-top-perl","","","","","","","",""
"libsoundgen0","","","","","","","",""
"libsoundio","","","","","","","",""
"libsoundtouch0","","","","","","","",""
"libsoup-3.0-common","","","","","","","",""
"libsoup2.4","","","","","","","",""
"libsoup2.4-1","","","","","","","",""
"libsoup2.4-common","","","","","","","",""
"libsoup3","","","","","","","",""
"libsource-highlight4v5","","","","","","","",""
"libsox-fmt-ffmpeg","","","","","","","",""
"libsoxr","","","","","","","",""
"libspatialaudio","https://github.com/videolabs/libspatialaudio.git","","","","","","",""
"libspatialindex-c3","","","","","","","",""
"libspatialindex1","","","","","","","",""
"libspatialindex3","","","","","","","",""
"libspatialite3","","","","","","","",""
"libspatialite5","","","","","","","",""
"libspctag","","","","","","","",""
"libspdlog1.15-fmt10","","","","","","","",""
"libspectre","","","","","","","",""
"libspectrum","","","","","","","",""
"libspelling","","https://gitlab.gnome.org/chergert/libspelling.git","","","","","",""
"libspf2","","","","","","","",""
"libspiro","https://github.com/fontforge/libspiro.git","","","","","","",""
"libspnav","","","","","","","",""
"libspng","","","","","","","",""
"libsqlite3-ruby","","","","","","","",""
"libsqlite3-ruby1.8","","","","","","","",""
"libsqlite3-ruby1.9.1","","","","","","","",""
"libsquish","","","","","","","",""
"libsquizz","","","","","","","",""
"libsquizz-dev","","","","","","","",""
"libsrm","","","","","","","",""
"libsrtp2","https://github.com/cisco/libsrtp.git","","","","","","",""
"libss7","","","","","","","",""
"libssh","","","","","","","",""
"libssh2","","","","","","","",""
"libssl0.9.8","","","","","","","",""
"libssl1.0.0","","","","","","","",""
"libssl1.1","","","","","","","",""
"libssw","https://github.com/mengyao/complete-striped-smith-waterman-library.git","","","","","","",""
"libstaroffice","https://github.com/fosnola/libstaroffice.git","","","","","","",""
"libstatgen","","","","","","","",""
"libstatgrab","","","","","","","",""
"libstb","https://github.com/nothings/stb.git","","","","","","",""
"libstdc++-arm-none-eabi-newlib","","","","","","","",""
"libstdc++5","","","","","","","",""
"libstdc++6-4.5-dev","","","","","","","",""
"libstdlib-ocaml-dev-m4xw9","","","","","","","",""
"libstdlib-ocaml-m4xw9","","","","","","","",""
"libstonithd26","","","","","","","",""
"libstore-opaque-perl","","","","","","","",""
"libstorj","https://github.com/storj/libstorj.git","","","","","","",""
"libstreamanalyzer-dev","","","","","","","",""
"libstreamanalyzer0","","","","","","","",""
"libstreams-dev","","","","","","","",""
"libstreams0","","","","","","","",""
"libstreamvbyte","https://github.com/lemire/streamvbyte.git","","","","","","",""
"libstrigihtmlgui-dev","","","","","","","",""
"libstrigihtmlgui0","","","","","","","",""
"libstrigiqtdbusclient-dev","","","","","","","",""
"libstrigiqtdbusclient0","","","","","","","",""
"libstring-compare-constanttime-perl","","","","","","","",""
"libstring-crc32-perl","","","","","","","",""
"libstring-escape-perl","","","","","","","",""
"libstring-similarity-perl","","","","","","","",""
"libstroke","","","","","","","",""
"libstrophe","","","","","","","",""
"libstropt","","","","","","","",""
"libstxxl","","","","","","","",""
"libsub-current-perl","","","","","","","",""
"libsub-exporter-perl","","","","","","","",""
"libsub-exporter-progressive-perl","","","","","","","",""
"libsub-identify-perl","","","","","","","",""
"libsub-name-perl","","","","","","","",""
"libsub-prototype-perl","","","","","","","",""
"libsub-quote-perl","","","","","","","",""
"libsublime-dev","","","","","","","",""
"libsublime7","","","","","","","",""
"libsuperlu3","","","","","","","",""
"libsuperlu4","","","","","","","",""
"libsv","https://github.com/uael/sv.git","","","","","","",""
"libsvga1","","","","","","","",""
"libsvga1-dev","","","","","","","",""
"libsvm","","","","","","","",""
"libsvncpp-dev","","","","","","","",""
"libsvnqt-dev","","","","","","","",""
"libsvnqt6","","","","","","","",""
"libsvnqt7","","","","","","","",""
"libswe","","","","","","","",""
"libswipl9t64","","","","","","","",""
"libsword-common","","","","","","","",""
"libswresample3","","","","","","","",""
"libswresample4","","","","","","","",""
"libswresample6","","","","","","","",""
"libswscale5","","","","","","","",""
"libswscale6","","","","","","","",""
"libswscale9","","","","","","","",""
"libsx","","","","","","","",""
"libsyfi1.0-dev","","","","","","","",""
"libsylph","","","","","","","",""
"libsyncevo-dbus0","","","","","","","",""
"libsyncevolution0","","","","","","","",""
"libsyncml-utils","","","","","","","",""
"libsyndication4","","","","","","","",""
"libsynfig-dev","","","","","","","",""
"libsynfig0","","","","","","","",""
"libsynfig0a","","","","","","","",""
"libsynfig0t64","","","","","","","",""
"libsys-gamin-perl","","","","","","","",""
"libsys-mmap-perl","","","","","","","",""
"libsys-sigaction-perl","","","","","","","",""
"libsys-virt-perl","","","","","","","",""
"libsysactivity-dev","","","","","","","",""
"libsysprof-4","","","","","","","",""
"libsysprof-4-dev","","","","","","","",""
"libsysprof-ui-5","","","","","","","",""
"libsysstat","https://github.com/lxqt/libsysstat.git","","","","","","",""
"libsystemd-login0","","","","","","","",""
"libt1-5","","","","","","","",""
"libt1-dev","","","","","","","",""
"libt3config","","","","","","","",""
"libt3highlight","","","","","","","",""
"libt3key","","","","","","","",""
"libtabixpp","https://github.com/ekg/tabixpp.git","","","","","","",""
"libtagcoll2-dev","","","","","","","",""
"libtaint-runtime-perl","","","","","","","",""
"libtaint-util-perl","","","","","","","",""
"libtap-parser-sourcehandler-pgtap-perl","","","","","","","",""
"libtasn1-3","","","","","","","",""
"libtasn1-3-bin","","","","","","","",""
"libtasn1-3-dev","","","","","","","",""
"libtasn1-6","","","","","","","",""
"libtatsu","","","","","","","",""
"libtcl","","","","","","","",""
"libtcod","https://github.com/libtcod/libtcod.git","","","","","","",""
"libteam","","","","","","","",""
"libtecla","","","","","","","",""
"libteec2","","","","","","","",""
"libtelepathy-logger2","","","","","","","",""
"libtelepathy-qt4-dbg","","","","","","","",""
"libtelepathy-qt4-dev","","","","","","","",""
"libtelnet","https://github.com/seanmiddleditch/libtelnet.git","","","","","","",""
"libtemplate-perl","","","","","","","",""
"libtemplates-parser","https://github.com/adacore/templates-parser.git","","","","","","",""
"libterm-readkey-perl","","","","","","","",""
"libterm-readline-gnu-perl","","","","","","","",""
"libterm-size-perl-perl","","","","","","","",""
"libtermkey","","","","","","","",""
"libterralib","","","","","","","",""
"libtess2-tulip-5.4","","","","","","","",""
"libtest-deep-perl","","","","","","","",""
"libtest-leaktrace-perl","","","","","","","",""
"libtest-simple-perl","","","","","","","",""
"libtest-taint-perl","","","","","","","",""
"libtest-valgrind-perl","","","","","","","",""
"libtet-dev","","","","","","","",""
"libtet1.6","","","","","","","",""
"libtext-aligner-perl","","","","","","","",""
"libtext-bibtex-perl","","","","","","","",""
"libtext-bidi-perl","","","","","","","",""
"libtext-format-perl","","","","","","","",""
"libtext-hunspell-perl","","","","","","","",""
"libtext-levenshteinxs-perl","","","","","","","",""
"libtext-markdown-discount-perl","","","","","","","",""
"libtext-mecab-perl","","","","","","","",""
"libtext-ngram-perl","","","","","","","",""
"libtext-qrcode-perl","","","","","","","",""
"libtext-reflow-perl","","","","","","","",""
"libtext-soundex-perl","","","","","","","",""
"libtext-table-perl","","","","","","","",""
"libtext-vimcolor-perl","","","","","","","",""
"libtexttools","","","","","","","",""
"libtextwrap","","","","","","","",""
"libtfbs-perl","","","","","","","",""
"libtgowt","https://github.com/desktop-app/tg_owt.git","","","","","","",""
"libthai","","","","","","","",""
"libtheora","","","","","","","",""
"libthread-pool","https://github.com/rvaser/thread_pool.git","","","","","","",""
"libthreadar","","","","","","","",""
"libthreads-perl","","","","","","","",""
"libthreads-shared-perl","","","","","","","",""
"libthreadweaver4","","","","","","","",""
"libthunar-vfs-1-2","","","","","","","",""
"libthunar-vfs-1-dev","","","","","","","",""
"libticables","https://github.com/debrouxl/tilibs.git","","","","","","",""
"libticalcs","https://github.com/debrouxl/tilibs.git","","","","","","",""
"libtickit","","","","","","","",""
"libticonv","https://github.com/debrouxl/tilibs.git","","","","","","",""
"libtie-ixhash-perl","","","","","","","",""
"libtifiles","https://github.com/debrouxl/tilibs.git","","","","","","",""
"libtimbl4","","","","","","","",""
"libtime-duration-perl","","","","","","","",""
"libtime-local-perl","","","","","","","",""
"libtime-warp-perl","","","","","","","",""
"libtime-y2038-perl","","","","","","","",""
"libtimedate-perl","","","","","","","",""
"libtimezonemap","","","","","","","",""
"libtimezonemap-data","","","","","","","",""
"libtinfo-dev","","","","","","","",""
"libtins","","","","","","","",""
"libtinysparql-doc","","","","","","","",""
"libtinyxml2.6.2","","","","","","","",""
"libtioga-ruby1.8","","","","","","","",""
"libtioga-ruby1.9.1","","","","","","","",""
"libtirpc","","","","","","","",""
"libtk","","","","","","","",""
"libtk-img","","","","","","","",""
"libtlsrpt","https://github.com/sys4/libtlsrpt.git","","","","","","",""
"libtnt","","","","","","","",""
"libtntnet12v5","","","","","","","",""
"libtododb0","","","","","","","",""
"libtokyocabinet-perl","","","","","","","",""
"libtolua-dev","","","","","","","",""
"libtomcrypt","","","","","","","",""
"libtommath","","","","","","","",""
"libtommath0","","","","","","","",""
"libtool","","","","","","","",""
"libtorrent","","","","","","","",""
"libtorrent-rasterbar","","","","","","","",""
"libtorrent-rasterbar-dbg","","","","","","","",""
"libtorrent-rasterbar6","","","","","","","",""
"libtorrent-rasterbar7","","","","","","","",""
"libtorture-dev","","","","","","","",""
"libtorture0","","","","","","","",""
"libtoxcore","","","","","","","",""
"libtpl","","","","","","","",""
"libtpms","https://github.com/stefanberger/libtpms.git","","","","","","",""
"libtrace3","","","","","","","",""
"libtraceevent","","","","","","","",""
"libtracefs","","","","","","https://git.kernel.org/pub/scm/libs/libtrace/libtracefs.git","",""
"libtracker-control-2.0-0","","","","","","","",""
"libtracker-control-2.0-dev","","","","","","","",""
"libtracker-control-doc","","","","","","","",""
"libtracker-miner-2.0-0","","","","","","","",""
"libtracker-miner-2.0-dev","","","","","","","",""
"libtracker-miner-doc","","","","","","","",""
"libtracker-sparql-2.0-0","","","","","","","",""
"libtracker-sparql-2.0-dev","","","","","","","",""
"libtracker-sparql-3.0-0","","","","","","","",""
"libtracker-sparql-doc","","","","","","","",""
"libtreil-dev","","","","","","","",""
"libtreil0","","","","","","","",""
"libtrexio","https://github.com/trex-coe/trexio.git","","","","","","",""
"libtrexio0","","","","","","","",""
"libtrio","","","","","","","",""
"libtrue-perl","","","","","","","",""
"libtry-tiny-perl","","","","","","","",""
"libtrycatch-perl","","","","","","","",""
"libts-0.0-0","","","","","","","",""
"libtsan2-amd64-cross","","","","","","","",""
"libtsan2-arm64-cross","","","","","","","",""
"libtsan2-loong64-cross","","","","","","","",""
"libtsan2-ppc64-cross","","","","","","","",""
"libtsan2-ppc64el-cross","","","","","","","",""
"libtsan2-riscv64-cross","","","","","","","",""
"libtsm","https://github.com/aetf/libtsm.git","","","","","","",""
"libtulip-core-5.4","","","","","","","",""
"libtulip-core-6.0","","","","","","","",""
"libtulip-dev","","","","","","","",""
"libtulip-gui-5.4","","","","","","","",""
"libtulip-gui-6.0","","","","","","","",""
"libtulip-ogdf-5.4","","","","","","","",""
"libtulip-ogl-5.4","","","","","","","",""
"libtulip-ogl-6.0","","","","","","","",""
"libtulip-python-5.4","","","","","","","",""
"libtut","","","","","","","",""
"libtwin","","","","","","http://git.kernel.org/cgit/linux/kernel/git/geoff/libtwin.git","",""
"libtwofish-dev","","","","","","","",""
"libtwofish0","","","","","","","",""
"libtype-tiny-xs-perl","","","","","","","",""
"libtypec","https://github.com/libtypec/libtypec.git","","","","","","",""
"libtypes-serialiser-perl","","","","","","","",""
"libu2f-host","","","","","","","",""
"libu2f-server","","","","","","","",""
"libubootenv","https://github.com/sbabic/libubootenv.git","","","","","","",""
"libubsan1-amd64-cross","","","","","","","",""
"libubsan1-arm64-cross","","","","","","","",""
"libubsan1-armel-cross","","","","","","","",""
"libubsan1-armhf-cross","","","","","","","",""
"libubsan1-i386-cross","","","","","","","",""
"libubsan1-loong64-cross","","","","","","","",""
"libubsan1-powerpc-cross","","","","","","","",""
"libubsan1-ppc64-cross","","","","","","","",""
"libubsan1-ppc64el-cross","","","","","","","",""
"libubsan1-riscv64-cross","","","","","","","",""
"libubsan1-s390x-cross","","","","","","","",""
"libubsan1-sparc64-cross","","","","","","","",""
"libubsan1-x32-cross","","","","","","","",""
"libucimf","https://github.com/matlinuxer2/ucimf.git","","","","","","",""
"libucto5","","","","","","","",""
"libudev0-shim","https://github.com/archlinux/libudev0-shim.git","","","","","","",""
"libudfread","","","","","","","",""
"libudis86","https://github.com/canihavesomecoffee/udis86.git","","","","","","",""
"libudisks2-qt5-0","","","","","","","",""
"libudunits2-data","","","","","","","",""
"libuecc","https://github.com/neoraider/libuecc.git","","","","","","",""
"libuemf","","","","","","","",""
"libuev","https://github.com/troglobit/libuev.git","","","","","","",""
"libuim-data","","","","","","","",""
"libuim6","","","","","","","",""
"libuim7","","","","","","","",""
"libuinputplus","https://github.com/yukiworkshop/libuinputplus.git","","","","","","",""
"libuio","https://github.com/missinglinkelectronics/libuio.git","","","","","","",""
"libunbound2","","","","","","","",""
"libunibreak","https://github.com/adah1972/libunibreak.git","","","","","","",""
"libunicode-casefold-perl","","","","","","","",""
"libunicode-collate-perl","","","","","","","",""
"libunicode-linebreak-perl","https://github.com/hatukanezumi/unicode-linebreak.git","","","","","","",""
"libunicode-utf8-perl","","","","","","","",""
"libuninameslist","https://github.com/fontforge/libuninameslist.git","","","","","","",""
"libuninum","","","","","","","",""
"libunistring","","","","","","","",""
"libunity","","","","","","","",""
"libunity-scopes-json-def-desktop","","","","","","","",""
"libunivalue","https://github.com/jgarzik/univalue.git","","","","","","",""
"libunix-mknod-perl","","","","","","","",""
"libunshield1","","","","","","","",""
"libunwind","https://github.com/libunwind/libunwind.git","","","","","","",""
"libupnp3","","","","","","","",""
"libupnp6","","","","","","","",""
"libupower-glib1","","","","","","","",""
"libuptimed-dev","","","","","","","",""
"libuptimed0","","","","","","","",""
"liburcu","","","","","","","",""
"liburi-escape-xs-perl","","","","","","","",""
"liburing","https://github.com/axboe/liburing.git","","","","","","",""
"liburjtag","","","","","","","",""
"libusb","","","","","","","",""
"libusb++-dev","","","","","","","",""
"libusb-1.0","","","","","","","",""
"libusb3380","https://github.com/xtrx-sdr/libusb3380.git","","","","","","",""
"libusbauth-configparser","https://github.com/kochstefan/usbauth-all.git","","","","","","",""
"libusbgx","https://github.com/linux-usb-gadgets/libusbgx.git","","","","","","",""
"libusbmuxd","","","","","","","",""
"libuser","","","","","","https://pagure.io/libuser/","",""
"libusermetrics","","https://gitlab.com/ubports/development/core/libusermetrics.git","","","","","",""
"libusrsctp","https://github.com/sctplab/usrsctp.git","","","","","","",""
"libustr-dev","","","","","","","",""
"libutempter","","","","","","https://git.altlinux.org/people/ldv/packages/?p=libutempter.git","",""
"libuuid-urandom-perl","","","","","","","",""
"libuuid1-udeb","","","","","","","",""
"libuv1","https://github.com/libuv/libuv.git","","","","","","",""
"libuvc","https://github.com/ktossell/libuvc.git","","","","","","",""
"libv8-dev","","","","","","","",""
"libva","https://github.com/intel/libva.git","","","","","","",""
"libvalacodegen-0.56-0","","","","","","","",""
"libvaladoc-0.56-data","","","","","","","",""
"libvalhalla2","","","","","","","",""
"libvamp-hostsdk3","","","","","","","",""
"libvamp-sdk2","","","","","","","",""
"libvarconf-dev","","","","","","","",""
"libvariable-magic-perl","","","","","","","",""
"libvarnishapi1","","","","","","","",""
"libvarnishapi2","","","","","","","",""
"libvbz-hdf-plugin","https://github.com/nanoporetech/vbz_compression.git","","","","","","",""
"libvc","","","","","","","",""
"libvcflib","https://github.com/vcflib/vcflib.git","","","","","","",""
"libvdeslirp","","","","","","","",""
"libvdestack","","","","","","","",""
"libvdpau","","","","","","","",""
"libvdpau-va-gl","https://github.com/i-rinat/libvdpau-va-gl.git","","","","","","",""
"libvecmath-java","","","","","","","",""
"libverbiste-0.1-0","","","","","","","",""
"libverilog-perl","","","","","","","",""
"libversion-perl","","","","","","","",""
"libverto","https://github.com/latchset/libverto.git","","","","","","",""
"libvformat-dev","","","","","","","",""
"libvformat0","","","","","","","",""
"libvhdi","https://github.com/libyal/libvhdi.git","","","","","","",""
"libvibrant6a","","","","","","","",""
"libvideo-info-perl","","","","","","","",""
"libvidstab","","","","","","","",""
"libvigraimpex","","","","","","","",""
"libvirt","","","","","","","",""
"libvirt-bin","","","","","","","",""
"libvirt-daemon-plugin-sanlock","","","","","","","",""
"libvirt-glib","","","","","","","",""
"libvisio","","","","","","","",""
"libvistaio","","","","","","","",""
"libvisual","","","","","","","",""
"libvmdk","https://github.com/libyal/libvmdk.git","","","","","","",""
"libvmime","","","","","","","",""
"libvncserver","","","","","","","",""
"libvnlog-perl","","","","","","","",""
"libvoikko","","","","","","","",""
"libvolatilestream","","","","","","","",""
"libvorbis","","","","","","","",""
"libvorbisidec","","","","","","","",""
"libvpl","https://github.com/intel/libvpl.git","","","","","","",""
"libvpoll-eventfd","","","","","","","",""
"libvpx","","","","","","","",""
"libvsapm","https://github.com/libyal/libvsapm.git","","","","","","",""
"libvsgpt","https://github.com/libyal/libvsgpt.git","","","","","","",""
"libvshadow","https://github.com/libyal/libvshadow.git","","","","","","",""
"libvslvm","https://github.com/libyal/libvslvm.git","","","","","","",""
"libvsqlitepp","https://github.com/vinzenz/vsqlite--.git","","","","","","",""
"libvterm","","","","","","","",""
"libvtk9-java","","","","","","","",""
"libvtkgdcm-cil","","","","","","","",""
"libvtkgdcm2-dev","","","","","","","",""
"libvtkgdcm2.0","","","","","","","",""
"libwacom","","","","","","","",""
"libwbxml2-dev","","","","","","","",""
"libwcs4","","","","","","","",""
"libwebauth-dev","","","","","","","",""
"libwebauth-perl","","","","","","","",""
"libwebcam","","","","","","","",""
"libwebm","","","","","","","",""
"libwebp","","","","","","","",""
"libwebservice-validator-html-w3c-perl","","","","","","","",""
"libwebsockets","","","","","","","",""
"libwf-utils0","","","","","","","",""
"libwf-utils0t64","","","","","","","",""
"libwfa2","https://github.com/smarco/wfa2-lib.git","","","","","","",""
"libwfmath-0.3-4","","","","","","","",""
"libwfmath-0.3-dev","","","","","","","",""
"libwhereami","https://github.com/gpakosz/whereami.git","","","","","","",""
"libwibble-dev","","","","","","","",""
"libwildmagic","","","","","","","",""
"libwind0-heimdal","","","","","","","",""
"libwireshark14","","","","","","","",""
"libwireshark16","","","","","","","",""
"libwireshark19","","","","","","","",""
"libwiretap11","","","","","","","",""
"libwiretap13","","","","","","","",""
"libwiretap16","","","","","","","",""
"libwmf","","","","","","","",""
"libwnck3","","https://gitlab.gnome.org/gnome/libwnck.git","","","","","",""
"libwpd","","","","","","","",""
"libwpe","","","","","","","",""
"libwpg","","","","","","","",""
"libwps","","","","","","","",""
"libwreport2","","","","","","","",""
"libwsutil12","","","","","","","",""
"libwsutil14","","","","","","","",""
"libwsutil17","","","","","","","",""
"libwv2-4","","","","","","","",""
"libwww-perl","","","","","","","",""
"libwx-perl","","","","","","","",""
"libwx-scintilla-perl","","","","","","","",""
"libwxbase2.6-dev","","","","","","","",""
"libwxbase2.8-0","","","","","","","",""
"libwxbase2.8-dbg","","","","","","","",""
"libwxbase2.8-dev","","","","","","","",""
"libwxgtk2.6-dev","","","","","","","",""
"libx11","","","","","","","",""
"libx11-data","","","","","","","",""
"libx11-guitest-perl","","","","","","","",""
"libx264-160","","","","","","","",""
"libx264-165","","","","","","","",""
"libx32asan8-amd64-cross","","","","","","","",""
"libx32asan8-i386-cross","","","","","","","",""
"libx32atomic1-amd64-cross","","","","","","","",""
"libx32atomic1-i386-cross","","","","","","","",""
"libx32gcc-s1-amd64-cross","","","","","","","",""
"libx32gcc-s1-i386-cross","","","","","","","",""
"libx32gfortran5-amd64-cross","","","","","","","",""
"libx32gfortran5-i386-cross","","","","","","","",""
"libx32go21-amd64-cross","","","","","","","",""
"libx32go21-i386-cross","","","","","","","",""
"libx32go22-amd64-cross","","","","","","","",""
"libx32go22-i386-cross","","","","","","","",""
"libx32go23-amd64-cross","","","","","","","",""
"libx32go23-i386-cross","","","","","","","",""
"libx32gomp1-amd64-cross","","","","","","","",""
"libx32gomp1-i386-cross","","","","","","","",""
"libx32gphobos3-amd64-cross","","","","","","","",""
"libx32gphobos3-i386-cross","","","","","","","",""
"libx32gphobos4-amd64-cross","","","","","","","",""
"libx32gphobos4-i386-cross","","","","","","","",""
"libx32gphobos5-amd64-cross","","","","","","","",""
"libx32gphobos5-i386-cross","","","","","","","",""
"libx32itm1-amd64-cross","","","","","","","",""
"libx32itm1-i386-cross","","","","","","","",""
"libx32objc4-amd64-cross","","","","","","","",""
"libx32objc4-i386-cross","","","","","","","",""
"libx32quadmath0-amd64-cross","","","","","","","",""
"libx32quadmath0-i386-cross","","","","","","","",""
"libx32ubsan1-amd64-cross","","","","","","","",""
"libx32ubsan1-i386-cross","","","","","","","",""
"libx86","","","","","","","",""
"libx86emu","https://github.com/wfeldt/libx86emu.git","","","","","","",""
"libxalan110-dev","","","","","","","",""
"libxapian22","","","","","","","",""
"libxau","","","","","","","",""
"libxaw","","","","","","","",""
"libxaw3dxft","","","","","","","",""
"libxbae4","","","","","","","",""
"libxc","","","","","","","",""
"libxcb","","","","","","","",""
"libxcb-sync0","","","","","","","",""
"libxcb-util0","","","","","","","",""
"libxcb-xevie0","","","","","","","",""
"libxcb-xprint0","","","","","","","",""
"libxcomposite","","","","","","","",""
"libxcrypt","","","","","","","",""
"libxcursor","","","","","","","",""
"libxcvt","","","","","","","",""
"libxdamage","","","","","","","",""
"libxdf","https://github.com/yida-lin/libxdf.git","","","","","","",""
"libxdg-basedir","","","","","","","",""
"libxdmcp","","","","","","","",""
"libxeddsa","https://github.com/syndace/libxeddsa.git","","","","","","",""
"libxext","","","","","","","",""
"libxfce4ui","","","","","","","",""
"libxfce4ui-common","","","","","","","",""
"libxfce4util","","","","","","","",""
"libxfce4util-common","","","","","","","",""
"libxfce4util4","","","","","","","",""
"libxfce4util6","","","","","","","",""
"libxfce4windowing","","","","","","","",""
"libxfce4windowing-common","","","","","","","",""
"libxfcegui4-4","","","","","","","",""
"libxfcegui4-dev","","","","","","","",""
"libxfixes","","","","","","","",""
"libxfont","","","","","","","",""
"libxft2-dev","","","","","","","",""
"libxgks2-data","","","","","","","",""
"libxi","","","","","","","",""
"libxine1-bin","","","","","","","",""
"libxine2-xvdr","","","","","","","",""
"libxinerama","","","","","","","",""
"libxisf","","","","","","","",""
"libxkbcommon","","","","","","","",""
"libxkbfile","","","","","","","",""
"libxklavier","","","","","","","",""
"libxlsxwriter","https://github.com/jmcnamara/libxlsxwriter.git","","","","","","",""
"libxml++2.6","","","","","","","",""
"libxml-bare-perl","","","","","","","",""
"libxml-easy-perl","","","","","","","",""
"libxml-libxml-perl","","","","","","","",""
"libxml-light-ocaml-uefm1","","","","","","","",""
"libxml-quote-perl","","","","","","","",""
"libxml-sax-expatxs-perl","","","","","","","",""
"libxml-sax-perl","","","","","","","",""
"libxml-security-c16","","","","","","","",""
"libxml-security-c17","","","","","","","",""
"libxml-simple-perl","","","","","","","",""
"libxml-twig-perl","","","","","","","",""
"libxml-writer-perl","","","","","","","",""
"libxml-xpath-perl","","","","","","","",""
"libxml2","","","","","","","",""
"libxml2-16","","","","","","","",""
"libxml2-source","","","","","","","",""
"libxmlada","https://github.com/adacore/xmlada.git","","","","","","",""
"libxmlada-dom-dev-3ce4a125","","","","","","","",""
"libxmlada-input-dev-22e31777","","","","","","","",""
"libxmlada-sax-dev-68924724","","","","","","","",""
"libxmlada-schema-dev-e6391b3d","","","","","","","",""
"libxmlada-unicode-dev-40169e21","","","","","","","",""
"libxmlb","https://github.com/hughsie/libxmlb.git","","","","","","",""
"libxmlbird","","","","","","","",""
"libxmlezout","","","","","","","",""
"libxmlezout-dev-f268ac52","","","","","","","",""
"libxmlsec1-1","","","","","","","",""
"libxmlsec1-gcrypt","","","","","","","",""
"libxmlsec1-gnutls","","","","","","","",""
"libxmlsec1-gnutls1","","","","","","","",""
"libxmlsec1-nss","","","","","","","",""
"libxmlsec1-nss1","","","","","","","",""
"libxmlsec1-openssl","","","","","","","",""
"libxmlsec1-openssl1","","","","","","","",""
"libxmltooling5","","","","","","","",""
"libxmmsclient++-glib1","","","","","","","",""
"libxmmsclient-ruby1.8","","","","","","","",""
"libxmp","","","","","","","",""
"libxmu","","","","","","","",""
"libxnvctrl","","","","","","","",""
"libxpertmass","","","","","","","",""
"libxpm","","","","","","","",""
"libxpresent","","https://gitlab.freedesktop.org/xorg/lib/libxpresent.git","","","","","",""
"libxqilla-dev","","","","","","","",""
"libxqilla6v5","","","","","","","",""
"libxrandr","","","","","","","",""
"libxrender","","","","","","","",""
"libxres","","","","","","","",""
"libxs-object-magic-perl","","","","","","","",""
"libxsettings","","","","","","","",""
"libxsettings-client","","","","","","","",""
"libxshmfence","","https://gitlab.freedesktop.org/xorg/lib/libxshmfence.git","","","","","",""
"libxslt","","https://gitlab.gnome.org/gnome/libxslt.git","","","","","",""
"libxslt-dev","","","","","","","",""
"libxsmm","https://github.com/libxsmm/libxsmm.git","","","","","","",""
"libxss","","","","","","","",""
"libxt","","","","","","","",""
"libxtrx","https://github.com/xtrx-sdr/libxtrx.git","","","","","","",""
"libxtrxdsp","https://github.com/xtrx-sdr/libxtrxdsp.git","","","","","","",""
"libxtrxll","https://github.com/xtrx-sdr/libxtrxll.git","","","","","","",""
"libxtst","","","","","","","",""
"libxv","","","","","","","",""
"libxvmc","","","","","","","",""
"libxxf86dga","","","","","","","",""
"libxxf86vm","","","","","","","",""
"libyahoo2-dev","","","","","","","",""
"libyaml","https://github.com/yaml/libyaml.git","","","","","","",""
"libyaml-libyaml-perl","","","","","","","",""
"libyaml-perl","","","","","","","",""
"libyang","https://github.com/cesnet/libyang.git","","","","","","",""
"libyder2.0","","","","","","","",""
"libyder2.0t64","","","","","","","",""
"libydpdict2","","","","","","","",""
"libydpdict2-dev","","","","","","","",""
"libyelp-1-0","","","","","","","",""
"libytnef","https://github.com/yeraze/ytnef.git","","","","","","",""
"libyubikey","","","","","","","",""
"libyuv","","","","","","","",""
"libz-dev","","","","","","","",""
"libz-mingw-w64","","","","","","","",""
"libzbd","","","","","","","",""
"libzc","https://github.com/mferland/libzc.git","","","","","","",""
"libzdb","","","","","","","",""
"libzeep","https://github.com/mhekkel/libzeep.git","","","","","","",""
"libzen","https://github.com/mediaarea/zenlib.git","","","","","","",""
"libzerg","","","","","","","",""
"libzerg-perl","","","","","","","",""
"libzeroc-icestorm3.7","","","","","","","",""
"libzeroc-icestorm3.7t64","","","","","","","",""
"libzeromq-perl","","","","","","","",""
"libzim","","","","","","","",""
"libzip","","","","","","","",""
"libzlui-gtk","","","","","","","",""
"libzmf","","","","","","","",""
"libzmq-dev","","","","","","","",""
"libzn-poly","","https://gitlab.com/sagemath/zn_poly.git","","","","","",""
"libzscanner3","","","","","","","",""
"libzscanner5","","","","","","","",""
"libzstd","https://github.com/facebook/zstd.git","","","","","","",""
"libzt","https://github.com/zyga/libzt.git","","","","","","",""
"libzvbi-common","","","","","","","",""
"libzypp","https://github.com/opensuse/libzypp.git","","","","","","",""
"licenseutils","","","","","","","",""
"licq","","","","","","","",""
"licq-dev","","","","","","","",""
"licq-plugin-autoreply","","","","","","","",""
"licq-plugin-console","","","","","","","",""
"licq-plugin-forwarder","","","","","","","",""
"licq-plugin-jabber","","","","","","","",""
"licq-plugin-kde4","","","","","","","",""
"licq-plugin-msn","","","","","","","",""
"licq-plugin-osd","","","","","","","",""
"licq-plugin-qt4","","","","","","","",""
"licq-plugin-rms","","","","","","","",""
"lifeograph","","","","","","","",""
"liferea","","","","","","","",""
"liggghts","","","","","","","",""
"lightdm","","","","","","","",""
"lightsoff","","","","","","","",""
"lighttpd","","","","","","","",""
"lighttpd-mod-cml","","","","","","","",""
"lighttpd-mod-geoip","","","","","","","",""
"lighttpd-mod-magnet","","","","","","","",""
"lighttpd-mod-mysql-vhost","","","","","","","",""
"lighttpd-mod-trigger-b4-dl","","","","","","","",""
"lighttpd-mod-vhostdb-dbi","","","","","","","",""
"lilo","","","","","","","",""
"lilv","","","","","","","",""
"lilypond","","","","","","","",""
"lime","","","","","","","",""
"limesuite","","","","","","","",""
"linamc","","","","","","","",""
"linbox","","","","","","","",""
"lincity-ng","https://github.com/lincity-ng/lincity-ng.git","","","","","","",""
"lingot","","","","","","","",""
"link-grammar","","","","","","","",""
"link-grammar-dictionaries-en","","","","","","","",""
"links2","","","","","","","",""
"linphone","","","","","","","",""
"linphone-nogtk","","","","","","","",""
"linphone-nox","","","","","","","",""
"linsmith","","","","","","","",""
"linthesia","","","","","","","",""
"linux","","","","","","","",""
"linux-atm","","","","","","","",""
"linux-base","","","","","","","",""
"linux-headers-3.2.0-61","","","","","","","",""
"linux-headers-3.2.0-61-generic-pae","","","","","","","",""
"linux-headers-3.5.0-30","","","","","","","",""
"linux-headers-3.5.0-30-generic","","","","","","","",""
"linux-headers-3.5.0-36","","","","","","","",""
"linux-headers-3.5.0-36-generic","","","","","","","",""
"linux-headers-generic","","","","","","","",""
"linux-headers-generic-lts-raring","","","","","","","",""
"linux-headers-generic-lts-saucy","","","","","","","",""
"linux-igd","","","","","","","",""
"linux-kbuild-3.2","","","","","","","",""
"linux-libc-dev-alpha-cross","","","","","","","",""
"linux-libc-dev-amd64-cross","","","","","","","",""
"linux-libc-dev-arc-cross","","","","","","","",""
"linux-libc-dev-arm64-cross","","","","","","","",""
"linux-libc-dev-armel-cross","","","","","","","",""
"linux-libc-dev-armhf-cross","","","","","","","",""
"linux-libc-dev-hppa-cross","","","","","","","",""
"linux-libc-dev-i386-cross","","","","","","","",""
"linux-libc-dev-loong64-cross","","","","","","","",""
"linux-libc-dev-m68k-cross","","","","","","","",""
"linux-libc-dev-mips-cross","","","","","","","",""
"linux-libc-dev-mips64-cross","","","","","","","",""
"linux-libc-dev-mips64el-cross","","","","","","","",""
"linux-libc-dev-mips64r6-cross","","","","","","","",""
"linux-libc-dev-mips64r6el-cross","","","","","","","",""
"linux-libc-dev-mipsel-cross","","","","","","","",""
"linux-libc-dev-mipsn32-cross","","","","","","","",""
"linux-libc-dev-mipsn32el-cross","","","","","","","",""
"linux-libc-dev-mipsn32r6-cross","","","","","","","",""
"linux-libc-dev-mipsn32r6el-cross","","","","","","","",""
"linux-libc-dev-mipsr6-cross","","","","","","","",""
"linux-libc-dev-mipsr6el-cross","","","","","","","",""
"linux-libc-dev-powerpc-cross","","","","","","","",""
"linux-libc-dev-ppc64-cross","","","","","","","",""
"linux-libc-dev-ppc64el-cross","","","","","","","",""
"linux-libc-dev-riscv64-cross","","","","","","","",""
"linux-libc-dev-s390x-cross","","","","","","","",""
"linux-libc-dev-sh4-cross","","","","","","","",""
"linux-libc-dev-sparc64-cross","","","","","","","",""
"linux-libc-dev-x32-cross","","","","","","","",""
"linux-patch-lustre","","","","","","","",""
"linux-patch-xenomai","","","","","","","",""
"linux-support-3.10-0.bpo.2","","","","","","","",""
"linux-support-3.10-0.bpo.3","","","","","","","",""
"linux-support-3.10-2","","","","","","","",""
"linux-support-3.11-0.bpo.2","","","","","","","",""
"linux-support-3.11-2","","","","","","","",""
"linux-support-3.13-1","","","","","","","",""
"linux-support-3.2.0-4","","","","","","","",""
"linux-wlan-ng","","","","","","","",""
"linux-wlan-ng-source","","","","","","","",""
"linuxdcpp","","","","","","","",""
"linuxinfo","","","","","","","",""
"liquid-dsp","","","","","","","",""
"liquidsoap","","","","","","","",""
"lirc","","","","","","","",""
"lisaac","","","","","","","",""
"lisaac-common","","","","","","","",""
"lisaac-doc","","","","","","","",""
"lisaac-mode","","","","","","","",""
"listserialportsc","https://github.com/arduino/listserialportsc.git","","","","","","",""
"litehtml","https://github.com/litehtml/litehtml.git","","","","","","",""
"litl","https://github.com/trahay/litl.git","","","","","","",""
"littler","","","","","","","",""
"littlewizard","","","","","","","",""
"live-f1","","","","","","","",""
"liwc","","","","","","","",""
"lksctp-tools","https://github.com/sctp/lksctp-tools.git","","","","","","",""
"ll-scope","","","","","","","",""
"lld-17","","","","","","","",""
"lld-18","","","","","","","",""
"lld-19","","","","","","","",""
"lldb-17","","","","","","","",""
"lldb-18","","","","","","","",""
"lldb-19","","","","","","","",""
"lldpad","https://github.com/intel/openlldp.git","","","","","","",""
"lldpd","","","","","","","",""
"llvm-19-dev","","","","","","","",""
"llvm-defaults","","","","","","","",""
"llvm-dev","","","","","","","",""
"llvm-toolchain-17","","","","","","","",""
"llvm-toolchain-18","","","","","","","",""
"llvm-toolchain-19","","","","","","","",""
"lm-sensors","https://github.com/hramrach/lm-sensors.git","","","","","","",""
"lmarbles","","","","","","","",""
"lmbench","","","","","","","",""
"lmbench-doc","","","","","","","",""
"lmdb","","","","","","","",""
"lmdbxx","https://github.com/bendiken/lmdbxx.git","","","","","","",""
"lmemory","","","","","","","",""
"lmms","","","","","","","",""
"lmms-vst-server","","","","","","","",""
"lnpd","","","","","","","",""
"locales-all","","","","","","","",""
"localsearch","","","","","","","",""
"lockfile-progs","","","","","","","",""
"lodepng","","","","","","","",""
"log4c","","","","","","","",""
"log4cplus","","","","","","","",""
"log4cpp","","","","","","","",""
"log4cxx","","","","","","","",""
"log4shib","","","","","","","",""
"logapp","","","","","","","",""
"logfs-tools","","","","","","","",""
"login.defs","","","","","","","",""
"logkeys","","","","","","","",""
"logrotate","https://github.com/logrotate/logrotate.git","","","","","","",""
"logstalgia","","","","","","","",""
"lokalize","","","","","","","",""
"loki","","","","","","","",""
"lomiri","","https://gitlab.com/ubports/development/core/lomiri.git","","","","","",""
"lomiri-action-api","","https://gitlab.com/ubports/development/core/lomiri-action-api.git","","","","","",""
"lomiri-api","","https://gitlab.com/ubports/development/core/lomiri-api.git","","","","","",""
"lomiri-app-launch","","https://gitlab.com/ubports/development/core/lomiri-app-launch.git","","","","","",""
"lomiri-content-hub","","https://gitlab.com/ubports/development/core/lomiri-content-hub.git","","","","","",""
"lomiri-content-hub-common","","","","","","","",""
"lomiri-download-manager","","https://gitlab.com/ubports/development/core/lomiri-download-manager.git","","","","","",""
"lomiri-download-manager-common","","","","","","","",""
"lomiri-history-service","","https://gitlab.com/ubports/development/core/lomiri-history-service.git","","","","","",""
"lomiri-indicator-network","","https://gitlab.com/ubports/development/core/lomiri-indicator-network.git","","","","","",""
"lomiri-indicator-transfer","","https://gitlab.com/ubports/development/core/lomiri-indicator-transfer.git","","","","","",""
"lomiri-keyboard","","https://gitlab.com/ubports/development/core/lomiri-keyboard.git","","","","","",""
"lomiri-location-service","","https://gitlab.com/ubports/development/core/lomiri-location-service.git","","","","","",""
"lomiri-notifications","","https://gitlab.com/ubports/development/core/lomiri-notifications.git","","","","","",""
"lomiri-online-accounts","","https://gitlab.com/ubports/development/core/lomiri-online-accounts.git","","","","","",""
"lomiri-schemas","","","","","","","",""
"lomiri-system-settings","","https://gitlab.com/ubports/development/core/lomiri-system-settings.git","","","","","",""
"lomiri-telephony-service","","https://gitlab.com/ubports/development/core/telephony-service.git","","","","","",""
"lomiri-thumbnailer","","https://gitlab.com/ubports/development/core/lomiri-thumbnailer.git","","","","","",""
"lomiri-thumbnailer-service","","","","","","","",""
"lomiri-ui-toolkit","","https://gitlab.com/ubports/development/core/lomiri-ui-toolkit.git","","","","","",""
"lomiri-url-dispatcher","","https://gitlab.com/ubports/development/core/lomiri-url-dispatcher.git","","","","","",""
"lomoco","","","","","","","",""
"looptools","","","","","","","",""
"lorene","","","","","","","",""
"loudmouth","","","","","","","",""
"lout","","","","","","","",""
"lowdown","","","","","","","",""
"lp-solve","","","","","","","",""
"lprint","","","","","","","",""
"lprof","","","","","","","",""
"lrcalc","","","","","","","",""
"lrslib","","","","","","","",""
"lsat","","","","","","","",""
"lsb-base","","","","","","","",""
"lsb-core","","","","","","","",""
"lsb-release","","","","","","","",""
"lsh-client","","","","","","","",""
"lsh-doc","","","","","","","",""
"lsh-server","","","","","","","",""
"lsh-utils","","","","","","","",""
"lshw","https://github.com/lyonel/lshw.git","","","","","","",""
"lskat","","","","","","","",""
"lsmbox","","","","","","","",""
"lsof","https://github.com/lsof-org/lsof.git","","","","","","",""
"lsscsi","","","","","","","",""
"lsyncd","https://github.com/axkibe/lsyncd.git","","","","","","",""
"ltpanel","","","","","","","",""
"ltrace","","","","","","","",""
"ltspfs","","","","","","","",""
"ltt-control","","","","","","","",""
"lttng-tools","","","","","","","",""
"lttoolbox","","","","","","","",""
"lua-augeas","","","","","","","",""
"lua-bit32","","","","","","","",""
"lua-bitop","","","","","","","",""
"lua-cjson","","","","","","","",""
"lua-compat53","https://github.com/keplerproject/lua-compat-5.3.git","","","","","","",""
"lua-cosmo","","","","","","","",""
"lua-curl","","","","","","","",""
"lua-curses","https://github.com/lcurses/lcurses.git","","","","","","",""
"lua-cyrussasl","https://github.com/jorjbauer/lua-cyrussasl.git","","","","","","",""
"lua-dbi","https://github.com/mwild1/luadbi.git","","","","","","",""
"lua-dbi-mysql","","","","","","","",""
"lua-dbi-postgresql","","","","","","","",""
"lua-dbi-sqlite3","","","","","","","",""
"lua-discount","","","","","","","",""
"lua-event","https://github.com/harningt/luaevent.git","","","","","","",""
"lua-expat","https://github.com/lunarmodules/luaexpat.git","","","","","","",""
"lua-filesystem","https://github.com/keplerproject/luafilesystem.git","","","","","","",""
"lua-geoip","https://github.com/agladysh/lua-geoip.git","","","","","","",""
"lua-inotify","https://github.com/hoelzro/linotify.git","","","","","","",""
"lua-json","","","","","","","",""
"lua-ldap","https://github.com/lualdap/lualdap.git","","","","","","",""
"lua-leg","","","","","","","",""
"lua-lemock","","","","","","","",""
"lua-lgi","https://github.com/pavouk/lgi.git","","","","","","",""
"lua-lpeg","","","","","","","",""
"lua-lpty","","","","","","","",""
"lua-lsqlite3","","","","","","","",""
"lua-luv","https://github.com/luvit/luv.git","","","","","","",""
"lua-md5","https://github.com/keplerproject/md5.git","","","","","","",""
"lua-penlight","https://github.com/lunarmodules/penlight.git","","","","","","",""
"lua-posix","https://github.com/luaposix/luaposix.git","","","","","","",""
"lua-readline","","","","","","","",""
"lua-redis","https://github.com/nrk/redis-lua.git","","","","","","",""
"lua-resty-core","","","","","","","",""
"lua-rex-gnu","","","","","","","",""
"lua-rex-onig","","","","","","","",""
"lua-rex-pcre2","","","","","","","",""
"lua-rex-posix","","","","","","","",""
"lua-rex-tre","","","","","","","",""
"lua-rexlib","","","","","","","",""
"lua-rings","https://github.com/keplerproject/rings.git","","","","","","",""
"lua-sec","https://github.com/brunoos/luasec.git","","","","","","",""
"lua-socket","","","","","","","",""
"lua-sql","https://github.com/keplerproject/luasql.git","","","","","","",""
"lua-sql-mysql","","","","","","","",""
"lua-sql-odbc","","","","","","","",""
"lua-sql-postgres","","","","","","","",""
"lua-sql-sqlite3","","","","","","","",""
"lua-svn","","","","","","","",""
"lua-system","https://github.com/lunarmodules/luasystem.git","","","","","","",""
"lua-systemd","https://github.com/daurnimator/lua-systemd.git","","","","","","",""
"lua-term","https://github.com/hoelzro/lua-term.git","","","","","","",""
"lua-unbound","","","","","","","",""
"lua-uri","","","","","","","",""
"lua-yaml","https://github.com/gvvaughan/lyaml.git","","","","","","",""
"lua-zip","https://github.com/luaforge/luazip.git","","","","","","",""
"lua-zlib","https://github.com/brimworks/lua-zlib.git","","","","","","",""
"lua5.1","","","","","","","",""
"lua5.1-filesystem","","","","","","","",""
"lua5.2","","","","","","","",""
"lua5.3","","","","","","","",""
"lua5.4","","","","","","","",""
"lua50","","","","","","","",""
"lua50-doc","","","","","","","",""
"luabind","https://github.com/valyriatear/luabind.git","","","","","","",""
"luajit","https://github.com/openresty/luajit2.git","","","","","","",""
"luakit","","","","","","","",""
"luanti","","","","","","","",""
"luanti-data","","","","","","","",""
"luanti-server","","","","","","","",""
"luasocket","","","","","","","",""
"lucene++","https://github.com/luceneplusplus/luceneplusplus.git","","","","","","",""
"luckybackup","","","","","","","",""
"lugaru","","https://gitlab.com/osslugaru/lugaru.git","","","","","",""
"luksmeta","https://github.com/latchset/luksmeta.git","","","","","","",""
"lunar","","","","","","","",""
"lunar-calendar","https://github.com/yetist/lunar-calendar.git","","","","","","",""
"lunar-date","https://github.com/yetist/lunar-date.git","","","","","","",""
"lutefisk","","","","","","","",""
"lutok","https://github.com/jmmv/lutok.git","","","","","","",""
"lv2","","","","","","","",""
"lv2dynparam1","","","","","","","",""
"lv2fil","","","","","","","",""
"lvm2","","","","","","https://sourceware.org/lvm2/","",""
"lvm2-dbusd","","","","","","","",""
"lwatch","","","","","","","",""
"lwatch-dbg","","","","","","","",""
"lwip","","","","","","","",""
"lwipv6","","","","","","","",""
"lwresd","","","","","","","",""
"lxc","","","","","","","",""
"lxinput","https://github.com/lxde/lxinput.git","","","","","","",""
"lxinput-dbg","","","","","","","",""
"lxlauncher","","","","","","","",""
"lxlauncher-dbg","","","","","","","",""
"lxmenu-data","","","","","","","",""
"lxmusic","","","","","","","",""
"lxmusic-dbg","","","","","","","",""
"lxqt-build-tools","","","","","","","",""
"lxqt-globalkeys","https://github.com/lxqt/lxqt-globalkeys.git","","","","","","",""
"lxqt-menu-data","https://github.com/lxqt/lxqt-menu-data.git","","","","","","",""
"lxsession","https://github.com/lxde/lxsession.git","","","","","","",""
"lxsession-data","","","","","","","",""
"lxshortcut","","","","","","","",""
"lynkeos.app","","","","","","","",""
"lynx","","","","","","","",""
"lynx-cur","","","","","","","",""
"lyskom-server","","","","","","","",""
"lyx","","","","","","","",""
"lz4","https://github.com/lz4/lz4.git","","","","","","",""
"lzfse","https://github.com/lzfse/lzfse.git","","","","","","",""
"lzip","","","","","","","",""
"lzlib","","","","","","","",""
"lzma","","","","","","","",""
"lzma-dev","","","","","","","",""
"lzo2","","","","","","","",""
"lzop","","","","","","","",""
"m16c-flash","","","","","","","",""
"m17n-db","","","","","","","",""
"m17n-lib","","","","","","","",""
"m4","","","","","","","",""
"m4api","https://github.com/ktossell/m4api.git","","","","","","",""
"macopix-gtk2","","","","","","","",""
"macromoleculebuilder","","","","","","","",""
"mactelnet","https://github.com/haakonnessjoen/mac-telnet.git","","","","","","",""
"mactelnet-locales","","","","","","","",""
"madlib","","","","","","","",""
"madness","https://github.com/m-a-d-n-e-s-s/madness.git","","","","","","",""
"mafft","","","","","","","",""
"magic-enum","https://github.com/neargye/magic_enum.git","","","","","","",""
"magicrescue","https://github.com/jbj/magicrescue.git","","","","","","",""
"magics++","","","","","","","",""
"magpie","https://github.com/buddiesofbudgie/magpie.git","","","","","","",""
"magpie-common","","","","","","","",""
"mail-notification","","","","","","","",""
"mailavenger","","","","","","","",""
"mailcap","","","","","","","",""
"mailcheck","","","","","","","",""
"mailcommon","","","","","","https://invent.kde.org/pim/mailcommon","",""
"mailfilter","","","","","","","",""
"mailimporter","","","","","","https://invent.kde.org/pim/mailimporter","",""
"mailio","https://github.com/karastojko/mailio.git","","","","","","",""
"mailsync","","","","","","","",""
"mailtextbody","","","","","","","",""
"mailto","","","","","","","",""
"mailutils","","","","","","","",""
"mailutils-common","","","","","","","",""
"make-dfsg","","","","","","","",""
"makebootfat","","","","","","","",""
"makedev","","","","","","","",""
"makedumpfile","https://github.com/makedumpfile/makedumpfile.git","","","","","","",""
"makefs","","","","","","","",""
"malaga-bin","","","","","","","",""
"malcontent","","https://gitlab.freedesktop.org/pwithnall/malcontent.git","","","","","",""
"maliit-framework","https://github.com/maliit/framework.git","","","","","","",""
"maloc","","","","","","","",""
"man-db","","","","","","","",""
"man2html","","","","","","","",""
"mancala","","","","","","","",""
"mandos","","","","","","","",""
"mangler","https://github.com/econnell/mangler.git","","","","","","",""
"mango-lassi","","","","","","","",""
"mapbox-geometry","https://github.com/mapbox/geometry.hpp.git","","","","","","",""
"mapbox-polylabel","https://github.com/mapbox/polylabel.git","","","","","","",""
"mapbox-variant","https://github.com/mapbox/variant.git","","","","","","",""
"mapcache","","","","","","","",""
"mapnik","","","","","","","",""
"mapserver","","","","","","","",""
"maq","","","","","","","",""
"maradns","","","","","","","",""
"maradns-deadwood","","","","","","","",""
"maradns-docs","","","","","","","",""
"maradns-zoneserver","","","","","","","",""
"marble","","","","","","","",""
"marco","","","","","","","",""
"mariadb","","","","","","","",""
"mariadb-common","","","","","","","",""
"marisa","https://github.com/s-yata/marisa-trie.git","","","","","","",""
"marsshooter","https://github.com/thelaui/m.a.r.s..git","","","","","","",""
"martchus-cpp-utilities","https://github.com/martchus/cpp-utilities.git","","","","","","",""
"martchus-qtforkawesome","https://github.com/martchus/qtforkawesome.git","","","","","","",""
"martchus-qtutilities","https://github.com/martchus/qtutilities.git","","","","","","",""
"mash","","","","","","","",""
"masqmail","","","","","","","",""
"massivethreads","https://github.com/massivethreads/massivethreads.git","","","","","","",""
"massxpert-data","","","","","","","",""
"massxpert2","","","","","","","",""
"massxpert2-doc","","","","","","","",""
"mate-control-center","","","","","","","",""
"mate-desktop","","","","","","","",""
"mate-menus","","","","","","","",""
"mate-panel","","","","","","","",""
"mate-sensors-applet","","","","","","","",""
"mate-utils","","","","","","","",""
"mathgl","","","","","","","",""
"mathic","https://github.com/macaulay2/mathic.git","","","","","","",""
"mathicgb","https://github.com/macaulay2/mathicgb.git","","","","","","",""
"mathomatic","","","","","","","",""
"mathopd","","","","","","","",""
"mawk","","","","","","","",""
"maxflow","https://github.com/gerddie/maxflow.git","","","","","","",""
"maxima","","","","","","","",""
"maxima-share","","","","","","","",""
"mazeofgalious","","","","","","","",""
"mbedtls","","","","","","","",""
"mbt","","","","","","","",""
"mbtserver","","","","","","","",""
"mc","","","","","","","",""
"mcabber","","","","","","","",""
"mcelog","","","","","","","",""
"mcl","","","","","","","",""
"mcpp","","","","","","","",""
"mctc-lib","https://github.com/grimme-lab/mctc-lib.git","","","","","","",""
"md4c","https://github.com/mity/md4c.git","","","","","","",""
"mdadm","https://github.com/md-raid-utilities/mdadm.git","","","","","","",""
"mdbtools","https://github.com/mdbtools/mdbtools.git","","","","","","",""
"mdbtools-gmdb","","","","","","","",""
"mdds","","https://gitlab.com/mdds/mdds.git","","","","","",""
"mdf2iso","","","","","","","",""
"mdk","","","","","","","",""
"mdm","https://github.com/cklin/mdm.git","","","","","","",""
"mdnsd","https://github.com/troglobit/mdnsd.git","","","","","","",""
"mdocml","","","","","","","",""
"me-tv","","","","","","","",""
"meanwhile","https://github.com/obriencj/meanwhile.git","","","","","","",""
"mecab","","","","","","","",""
"mecab-naist-jdic","","","","","","","",""
"med-fichier","","","","","","","",""
"mediainfo","","","","","","","",""
"mediascanner2","","https://gitlab.com/ubports/development/core/mediascanner2.git","","","","","",""
"mediascanner2.0","","","","","","","",""
"mediastreamer2","","","","","","","",""
"mednafen","","","","","","","",""
"medusa","","","","","","","",""
"meep","","","","","","","",""
"meep-mpi","","","","","","","",""
"meep-mpi-default","","","","","","","",""
"melting","","","","","","","",""
"memcached","","","","","","","",""
"memcachedb","","","","","","","",""
"memchan","","","","","","","",""
"memdump","","","","","","","",""
"memtailor","https://github.com/macaulay2/memtailor.git","","","","","","",""
"memtester","","","","","","","",""
"mensis","","","","","","","",""
"menu","","","","","","","",""
"menu-cache","","","","","","","",""
"menu-xdg","","","","","","","",""
"mergelog","","","","","","","",""
"mesa","","","","","","","",""
"mesa-teflon-delegate","","","","","","","",""
"mesa-utils","","","","","","","",""
"meschach","","","","","","","",""
"meshoptimizer","https://github.com/zeux/meshoptimizer.git","","","","","","",""
"meshsdfilter","https://github.com/bldeng/meshsdfilter.git","","","","","","",""
"messagelib","","","","","","https://invent.kde.org/pim/messagelib","",""
"meta-gnome3","","","","","","","",""
"metacam","","","","","","","",""
"metacity","","https://gitlab.gnome.org/gnome/metacity.git","","","","","",""
"metalink","","","","","","","",""
"metastore","https://github.com/przemoc/metastore.git","","","","","","",""
"metis","","","","","","","",""
"metkit","https://github.com/ecmwf/metkit.git","","","","","","",""
"metrohash","https://github.com/jandrewrogers/metrohash.git","","","","","","",""
"metview","","","","","","","",""
"mfem","https://github.com/mfem/mfem.git","","","","","","",""
"mffm-fftw","","","","","","","",""
"mffm-timecode-dev","","","","","","","",""
"mg","","","","","","","",""
"mga-vid-source","","","","","","","",""
"mgba","","","","","","","",""
"mgt","","","","","","","",""
"mhash","","","","","","","",""
"micro-httpd","","","","","","","",""
"micro-inetd","","","","","","","",""
"microcom","","","","","","","",""
"microdc2","","","","","","","",""
"microprofile","https://github.com/jonasmr/microprofile.git","","","","","","",""
"midish","","","","","","","",""
"midori","","","","","","","",""
"mii-diag","","","","","","","",""
"mikmod","","","","","","","",""
"milkytracker","","","","","","","",""
"milter-greylist","","","","","","","",""
"mimalloc","https://github.com/microsoft/mimalloc.git","","","","","","",""
"mimetic","","","","","","","",""
"mimetreeparser","","","","","","https://invent.kde.org/pim/mimetreeparser","",""
"min12xxw","","","","","","","",""
"minbif","","","","","","","",""
"minbif-common","","","","","","","",""
"minc-tools","","","","","","","",""
"mingetty","","","","","","","",""
"mini-httpd","","","","","","","",""
"mini18n","","","","","","","",""
"miniaudio","https://github.com/mackron/miniaudio.git","","","","","","",""
"minicoredumper","","","","","","","",""
"minidjvu","","","","","","","",""
"minidlna","","","","","","","",""
"minimap","https://github.com/lh3/minimap.git","","","","","","",""
"minimap2","https://github.com/lh3/minimap2.git","","","","","","",""
"minisat2","","","","","","","",""
"minissdpd","","","","","","","",""
"minit","","","","","","","",""
"minitube","","","","","","","",""
"miniupnpc","","","","","","","",""
"minpack","","","","","","","",""
"mir","","","","","","","",""
"mir-core","https://github.com/libmir/mir-core.git","","","","","","",""
"mir-test-tools","","","","","","","",""
"miredo","","","","","","","",""
"mitools","","","","","","","",""
"miwm","","","","","","","",""
"mixer.app","","","","","","","",""
"mixxx","","","","","","","",""
"mjpegtools","","","","","","","",""
"mkcal","https://github.com/sailfishos/mkcal.git","","","","","","",""
"mkcue","","","","","","","",""
"mkelfimage","","","","","","","",""
"mksh","","","","","","","",""
"mktemp","","","","","","","",""
"mktorrent","https://github.com/pobrn/mktorrent.git","","","","","","",""
"mlmmj","","","","","","","",""
"mlocate","","","","","","","",""
"mlpack","","","","","","","",""
"mlt","","","","","","","",""
"mlterm","","","","","","","",""
"mlterm-common","","","","","","","",""
"mlterm-im-fcitx","","","","","","","",""
"mlterm-im-ibus","","","","","","","",""
"mlterm-im-m17nlib","","","","","","","",""
"mlterm-im-scim","","","","","","","",""
"mlterm-im-skk","","","","","","","",""
"mlterm-im-uim","","","","","","","",""
"mlterm-im-wnn","","","","","","","",""
"mlterm-tiny","","","","","","","",""
"mlterm-tools","","","","","","","",""
"mm","","","","","","","",""
"mm3d","","","","","","","",""
"mmdb","","","","","","","",""
"mmlib","https://github.com/mmlabs-mindmaze/mmlib.git","","","","","","",""
"mmpong-caca","","","","","","","",""
"mmpong-gl","","","","","","","",""
"mmpongd","","","","","","","",""
"moc","","","","","","","",""
"mod-dnssd","","","","","","","",""
"mod-mime-xattr","","","","","","","",""
"mod-musicindex-common","","","","","","","",""
"modemmanager","","","","","","","",""
"modemmanager-qt","","","","","","https://invent.kde.org/frameworks/modemmanager-qt","",""
"modest","https://github.com/lexborisov/modest.git","","","","","","",""
"modsecurity","","","","","","","",""
"module-assistant","","","","","","","",""
"module-init-tools","","","","","","","",""
"mojoshader","","","","","","","",""
"mokomaze","","","","","","","",""
"molequeue","","","","","","","",""
"molmodel","","","","","","","",""
"monado","","","","","","","",""
"mongo-c-driver","https://github.com/mongodb/mongo-c-driver.git","","","","","","",""
"monit","","","","","","","",""
"monkey","","","","","","","",""
"monkeystudio","","","","","","","",""
"mono","","","","","","","",""
"monopd","","","","","","","",""
"monster-masher","","","","","","","",""
"moodbar","","","","","","","",""
"moon-buggy","","","","","","","",""
"moon-lander","","","","","","","",""
"moosefs","","","","","","","",""
"mopac7","","","","","","","",""
"moreutils","","","","","","","",""
"moria","","","","","","","",""
"mosquitto","","","","","","","",""
"most","","","","","","","",""
"motif","","","","","","","",""
"motion","","","","","","","",""
"mousepad","","","","","","","",""
"mousetweaks","","","","","","","",""
"movit","","","","","","","",""
"mozc","https://github.com/google/mozc.git","","","","","","",""
"mozc-data","","","","","","","",""
"mozc-server","","","","","","","",""
"mozjs128","","","","","","","",""
"mozvoikko","","","","","","","",""
"mp3diags","","","","","","","",""
"mp3gain","","","","","","","",""
"mp3splt","","","","","","","",""
"mp4h","","","","","","","",""
"mpc","","","","","","","",""
"mpc123","https://github.com/bucciarati/mpc123.git","","","","","","",""
"mpclib3","","","","","","","",""
"mpd","","","","","","","",""
"mpdecimal","","","","","","","",""
"mpdscribble","","","","","","","",""
"mpeg2dec","","","","","","","",""
"mpfi","","https://gitlab.inria.fr/mpfi/mpfi.git","","","","","",""
"mpfr4","","","","","","","",""
"mpfrc++","","","","","","","",""
"mpg123","","","","","","","",""
"mpg123-alsa","","","","","","","",""
"mpg123-esd","","","","","","","",""
"mpi-defaults","","","","","","","",""
"mpich","","","","","","","",""
"mpich2","","","","","","","",""
"mplayer","","","","","","","",""
"mplayer2","","","","","","","",""
"mplayerthumbs","","","","","","","",""
"mpop","","","","","","","",""
"mppenc","","","","","","","",""
"mpqc","","","","","","","",""
"mpqc-support","","","","","","","",""
"mpsolve","","","","","","","",""
"mptcpd","https://github.com/multipath-tcp/mptcpd.git","","","","","","",""
"mpv","","","","","","","",""
"mpvqt","","","","","","https://invent.kde.org/libraries/mpvqt","",""
"mrcal","","","","","","","",""
"mrd6","","","","","","","",""
"mrgingham","https://github.com/dkogan/mrgingham.git","","","","","","",""
"mrmpi","","","","","","","",""
"mrpt","","","","","","","",""
"mrtdreader","https://github.com/rubund/mrtdreader.git","","","","","","",""
"mrtgutils","","","","","","","",""
"mruby","","","","","","","",""
"mrwtoppm","","","","","","","",""
"mrwtoppm-gimp","","","","","","","",""
"mrwtoppm-utils","","","","","","","",""
"mrxvt","","","","","","","",""
"ms-gsl","https://github.com/microsoft/gsl.git","","","","","","",""
"mscgen","","","","","","","",""
"mscompress","https://github.com/stapelberg/mscompress.git","","","","","","",""
"msgpack-c","https://github.com/msgpack/msgpack-c.git","","","","","","",""
"msgpack-cxx","https://github.com/msgpack/msgpack-c.git","","","","","","",""
"msgpuck","https://github.com/rtsisyk/msgpuck.git","","","","","","",""
"msgraph","","","","","","","",""
"mshr","","","","","","","",""
"msitools","","","","","","","",""
"msmtp","","","","","","","",""
"msn-pecan","","","","","","","",""
"msolve","","","","","","","",""
"msopenh264","","https://gitlab.linphone.org/bc/public/msopenh264.git","","","","","",""
"msort","","","","","","","",""
"msrtool","","","","","","","",""
"mssh","","","","","","","",""
"mssstest","","","","","","","",""
"mstch","https://github.com/no1msd/mstch.git","","","","","","",""
"mt-st","https://github.com/iustin/mt-st.git","","","","","","",""
"mtbl","","","","","","","",""
"mtd-utils","","","","","","","",""
"mtdev","","","","","","","",""
"mtink","","","","","","","",""
"mtools","","","","","","","",""
"mtpfs","","","","","","","",""
"muffin","https://github.com/linuxmint/muffin.git","","","","","","",""
"muffin-common","","","","","","","",""
"mujoco","","","","","","","",""
"mujs","","","","","","","",""
"multicat","","","","","","","",""
"multiget","","","","","","","",""
"multimail","","","","","","","",""
"multipath-tools","","","","","","","",""
"multispeech","https://github.com/poretsky/multispeech.git","","","","","","",""
"multispeech-common","","","","","","","",""
"mumble","","","","","","","",""
"mummer","","","","","","","",""
"mumps","","","","","","","",""
"mumudvb","","","","","","","",""
"munge","","","","","","","",""
"muparser","","","","","","","",""
"muparserx","","","","","","","",""
"mupdf","","","","","","","",""
"mupen64plus","","","","","","","",""
"mupen64plus-audio-sdl","","","","","","","",""
"mupen64plus-core","","","","","","","",""
"mupen64plus-data","","","","","","","",""
"mupen64plus-input-sdl","","","","","","","",""
"mupen64plus-rsp-hle","","","","","","","",""
"mupen64plus-video-glide64mk2","","","","","","","",""
"mupen64plus-video-rice","","","","","","","",""
"muroard","","","","","","","",""
"muroard-dev","","","","","","","",""
"muscle","","","","","","","",""
"muse","","","","","","","",""
"museekd","","","","","","","",""
"music","https://github.com/incf/music.git","","","","","","",""
"musique","","","","","","","",""
"musl","","","","","","","",""
"mustache-d","https://github.com/repeatedly/mustache-d.git","","","","","","",""
"mustang","","","","","","","",""
"mutt","","","","","","","",""
"mutt-dbg","","","","","","","",""
"mutt-patched","","","","","","","",""
"mutter","","","","","","","",""
"mutter-11-tests","","","","","","","",""
"mutter-17-tests","","","","","","","",""
"mutter-dev-bin","","","","","","","",""
"mxallowd","","","","","","","",""
"mxml","","","","","","","",""
"mygui","","","","","","","",""
"mypaint","","","","","","","",""
"mypaint-brushes","","","","","","","",""
"myproxy","","","","","","","",""
"myspell-cs","","","","","","","",""
"myspell-eo","","","","","","","",""
"myspell-es","","","","","","","",""
"myspell-fa","","","","","","","",""
"myspell-gd","","","","","","","",""
"myspell-he","","","","","","","",""
"myspell-nb","","","","","","","",""
"myspell-pt","","","","","","","",""
"myspell-tools","","","","","","","",""
"myspell-uk","","","","","","","",""
"mysql++","","","","","","","",""
"mysql-client","","","","","","","",""
"mysql-connector-c++","","","","","","","",""
"mysql-defaults","","","","","","","",""
"mysql-server","","","","","","","",""
"mythes","","","","","","","",""
"mz","","","","","","","",""
"n2n","","","","","","","",""
"nabi","https://github.com/libhangul/nabi.git","","","","","","",""
"nacl","","","","","","","",""
"nagios-plugins","","","","","","","",""
"nagios3","","","","","","","",""
"nam","","","","","","","",""
"nam-dbg","","","","","","","",""
"namazu2","","","","","","","",""
"nana","","","","","","","",""
"nano","","","","","","","",""
"nanoflann","https://github.com/jlblancoc/nanoflann.git","","","","","","",""
"nanomsg","","","","","","","",""
"nanopb","","","","","","","",""
"nanosvg","https://github.com/memononen/nanosvg.git","","","","","","",""
"nanovg","https://github.com/memononen/nanovg.git","","","","","","",""
"nas","","","","","","","",""
"nasm","","","","","","","",""
"naspro-bridge-it","","","","","","","",""
"naspro-bridges","","","","","","","",""
"naspro-core","","","","","","","",""
"native-architecture","","","","","","","",""
"nats.c","https://github.com/nats-io/nats.c.git","","","","","","",""
"nautilus","","","","","","","",""
"nautilus-filename-repairer","","","","","","","",""
"nautilus-gtkhash","","","","","","","",""
"nautilus-image-converter","","","","","","","",""
"nautilus-open-terminal","","","","","","","",""
"nautilus-sendto","","","","","","","",""
"nautilus-sendto-empathy","","","","","","","",""
"nauty","","","","","","","",""
"navit","","","","","","","",""
"nbd","","","","","","","",""
"nbdkit","","https://gitlab.com/nbdkit/nbdkit.git","","","","","",""
"ncap","","","","","","","",""
"ncbi-blast+","","","","","","","",""
"ncbi-cn3d","","","","","","","",""
"ncbi-tools6","","","","","","","",""
"ncbi-vdb","https://github.com/ncbi/ncbi-vdb.git","","","","","","",""
"ncdu","","","","","","","",""
"ncl","","","","","","","",""
"ncl-ncarg","","","","","","","",""
"ncmpc","","","","","","","",""
"ncrystal","","","","","","","",""
"ncurses","","","","","","","",""
"ncurses-term","","","","","","","",""
"ncview","","","","","","","",""
"nd","","","","","","","",""
"ndctl","https://github.com/pmem/ndctl.git","","","","","","",""
"ndisc6","","","","","","","",""
"ndiswrapper-dkms","","","","","","","",""
"ndiswrapper-source","","","","","","","",""
"ndiswrapper-utils-1.9","","","","","","","",""
"ndpi","","","","","","","",""
"neartree","","","","","","","",""
"neatvnc","https://github.com/any1/neatvnc.git","","","","","","",""
"nec2c","","","","","","","",""
"nedit","","","","","","","",""
"neko","","","","","","","",""
"nemiver","","","","","","","",""
"nemo","https://github.com/linuxmint/nemo.git","","","","","","",""
"nemo-python","","","","","","","",""
"nemo-qml-plugin-contacts","https://github.com/sailfishos/nemo-qml-plugin-contacts.git","","","","","","",""
"neon-2-sse","https://github.com/intel/arm_neon_2_x86_sse.git","","","","","","",""
"neon27","","","","","","","",""
"net-acct","","","","","","","",""
"net-cpp","","https://gitlab.com/ubports/development/core/lib-cpp/net-cpp.git","","","","","",""
"net-snmp","","","","","","","",""
"net-tools","","","","","","","",""
"netatalk","https://github.com/netatalk/netatalk.git","","","","","","",""
"netbase","","","","","","","",""
"netcat","","","","","","","",""
"netcat-openbsd","","","","","","","",""
"netcat6","","","","","","","",""
"netcdf","","","","","","","",""
"netcdf-bin","","","","","","","",""
"netcdf-cxx","","","","","","","",""
"netcdf-fortran","","","","","","","",""
"netcdf-parallel","","","","","","","",""
"netemul","","","","","","","",""
"netgen","https://github.com/ngsolve/netgen.git","","","","","","",""
"nethack","","","","","","","",""
"nethack-common","","","","","","","",""
"nethogs","https://github.com/raboof/nethogs.git","","","","","","",""
"netkit-telnet-ssl","","","","","","","",""
"netpbm-free","","","","","","","",""
"netperf","https://github.com/hewlettpackard/netperf.git","","","","","","",""
"netpipes","","","","","","","",""
"netplan.io","","","","","","","",""
"netplug","","","","","","","",""
"netris","","","","","","","",""
"netrw","","","","","","","",""
"netsend","","","","","","","",""
"netsniff-ng","","","","","","","",""
"netstat-nat","","","","","","","",""
"netsurf","","","","","","","",""
"netsurf-common","","","","","","","",""
"nettle","","","","","","","",""
"nettoe","","","","","","","",""
"network-manager","","","","","","","",""
"network-manager-applet","","","","","","","",""
"network-manager-kde","","","","","","","",""
"network-manager-openconnect","","","","","","","",""
"network-manager-openvpn","","","","","","","",""
"network-manager-pptp","","","","","","","",""
"network-manager-vpnc","","","","","","","",""
"networkmanager-qt","","","","","","https://invent.kde.org/frameworks/networkmanager-qt","",""
"neverball","","","","","","","",""
"neverputt-data","","","","","","","",""
"newlib","","","","","","https://sourceware.org/newlib/","",""
"newmat","","","","","","","",""
"newsbeuter","","","","","","","",""
"newt","","","","","","https://pagure.io/newt","",""
"nextcloud-desktop","","","","","","","",""
"nexuiz","","","","","","","",""
"nexuiz-data","","","","","","","",""
"nexus","","","","","","","",""
"nfdump","https://github.com/phaag/nfdump.git","","","","","","",""
"nfft","","","","","","","",""
"nfs-ganesha","https://github.com/nfs-ganesha/nfs-ganesha.git","","","","","","",""
"nfs-utils","","","","","","","",""
"nfswatch","","","","","","","",""
"nftables","","","","","","","",""
"ng-utils","","https://salsa.debian.org/debian/ng-utils.git","","","","","",""
"ngetty","","","","","","","",""
"nghttp2","","","","","","","",""
"nghttp3","https://github.com/ngtcp2/nghttp3.git","","","","","","",""
"nginx","","","","","","","",""
"nginx-abi-1.26.3-1","","","","","","","",""
"ngircd","","","","","","","",""
"ngraph-gtk","","","","","","","",""
"ngspice","","","","","","","",""
"ngtcp2","https://github.com/ngtcp2/ngtcp2.git","","","","","","",""
"nicstat","","","","","","","",""
"nictools-pci","","","","","","","",""
"nifticlib","https://github.com/nifti-imaging/nifti_clib.git","","","","","","",""
"nilfs-tools","","","","","","","",""
"ninja","","","","","","","",""
"ninvaders","","","","","","","",""
"nis","","","","","","","",""
"nitrogen","","","","","","","",""
"njam","","","","","","","",""
"njplot","","","","","","","",""
"nkf","","","","","","","",""
"nlinline","","","","","","","",""
"nlkt","","","","","","","",""
"nload","","","","","","","",""
"nlohmann-json3","","","","","","","",""
"nlopt","https://github.com/stevengj/nlopt.git","","","","","","",""
"nm-connection-editor","","","","","","","",""
"nmap","","","","","","","",""
"nmapsi4","","","","","","","",""
"nmh","","","","","","","",""
"nmon","","","","","","","",""
"nmzmail","","","","","","","",""
"nn","","","","","","","",""
"nng","","","","","","","",""
"node-acorn","","","","","","","",""
"node-cjs-module-lexer","","","","","","","",""
"node-corepack","","","","","","","",""
"node-mathjax-full","","","","","","","",""
"node-minimatch","","","","","","","",""
"node-normalize.css","","","","","","","",""
"node-undici","https://github.com/nodejs/llhttp.git","","","","","","",""
"nodejs","","","","","","","",""
"nordugrid-arc","","","","","","","",""
"norm","","","","","","","",""
"normaliz","","","","","","","",""
"notification-daemon","","","","","","","",""
"notify-osd","","","","","","","",""
"notmuch","","","","","","","",""
"npth","","","","","","","",""
"nqc","","","","","","","",""
"nrg2iso","","","","","","","",""
"nrn-iv","https://github.com/neuronsimulator/iv.git","","","","","","",""
"ns3","","","","","","","",""
"nsd3","","","","","","","",""
"nsf","","","","","","","",""
"nsis","","","","","","","",""
"nslint","","","","","","","",""
"nspluginwrapper","","","","","","","",""
"nspr","","","","","","","",""
"nss","","","","","","","",""
"nss-pam-ldapd","","","","","","","",""
"nss-pem","https://github.com/kdudka/nss-pem.git","","","","","","",""
"nsync","https://github.com/google/nsync.git","","","","","","",""
"ntfs-3g","https://github.com/tuxera/ntfs-3g.git","","","","","","",""
"nthash","https://github.com/bcgsc/nthash.git","","","","","","",""
"ntirpc","https://github.com/nfs-ganesha/ntirpc.git","","","","","","",""
"ntl","","","","","","","",""
"ntop","","","","","","","",""
"ntp","","","","","","","",""
"ntp-doc","","","","","","","",""
"ntpdate","","","","","","","",""
"nuauth","","","","","","","",""
"nullidentd","","","","","","","",""
"numactl","https://github.com/numactl/numactl.git","","","","","","",""
"numdiff","","","","","","","",""
"numlockx","","","","","","","",""
"nuspell","","","","","","","",""
"nut","","","","","","","",""
"nut-nutrition","","","","","","","",""
"nutcpc","","","","","","","",""
"nuttcp","","","","","","","",""
"nv-codec-headers","","","","","","https://git.videolan.org/?p=ffmpeg/nv-codec-headers.git","",""
"nvclock","","","","","","","",""
"nvclock-gtk","","","","","","","",""
"nvclock-qt","","","","","","","",""
"nvi","","","","","","https://repo.or.cz/nvi.git","",""
"nvidia-settings","","","","","","","",""
"nvidia-texture-tools","https://github.com/castano/nvidia-texture-tools.git","","","","","","",""
"nvramtool","","","","","","","",""
"nx-libs","https://github.com/arcticaproject/nx-libs.git","","","","","","",""
"nx-x11-common","","","","","","","",""
"nzbget","","","","","","","",""
"o2","https://github.com/rbdannenberg/o2.git","","","","","","",""
"o3dgc","","","","","","","",""
"oakleaf","","","","","","","",""
"oaknut","https://github.com/merryhime/oaknut.git","","","","","","",""
"oar","","","","","","","",""
"oas","https://github.com/thomasnoll/oas.git","","","","","","",""
"oasis3","","","","","","","",""
"oath-toolkit","","","","","","","",""
"obconf","https://github.com/danakj/obconf.git","","","","","","",""
"obex-data-server","","","","","","","",""
"obexfs","","","","","","","",""
"obexftp","","","","","","","",""
"obexpushd","","","","","","","",""
"obs-studio","","","","","","","",""
"ocaml-5.3.0","","","","","","","",""
"ocaml-alsa","https://github.com/savonet/ocaml-alsa.git","","","","","","",""
"ocaml-base","","","","","","","",""
"ocaml-base-5.3.0","","","","","","","",""
"ocaml-curses","https://github.com/mbacarella/curses.git","","","","","","",""
"ocaml-expat","https://github.com/whitequark/ocaml-expat.git","","","","","","",""
"ocaml-findlib","","","","","","","",""
"ocaml-gavl","https://github.com/savonet/ocaml-gavl.git","","","","","","",""
"ocaml-ladspa","https://github.com/savonet/ocaml-ladspa.git","","","","","","",""
"ocaml-magic","","","","","","","",""
"ocaml-portaudio","https://github.com/savonet/ocaml-portaudio.git","","","","","","",""
"ocaml-pulseaudio","https://github.com/savonet/ocaml-pulseaudio.git","","","","","","",""
"ocaml-samplerate","https://github.com/savonet/ocaml-samplerate.git","","","","","","",""
"ocaml-soundtouch","https://github.com/savonet/ocaml-soundtouch.git","","","","","","",""
"ocaml-sqlite3","","","","","","","",""
"ocamlpam","","","","","","","",""
"occt-misc","","","","","","","",""
"ocean-sound-theme","","","","","","","",""
"ocl-icd","https://github.com/ocl-dev/ocl-icd.git","","","","","","",""
"ocp","","","","","","","",""
"ocrad","","","","","","","",""
"ocropus","","","","","","","",""
"octave","","","","","","","",""
"octave-abi-59","","","","","","","",""
"octave-statistics","","","","","","","",""
"octomap","","","","","","","",""
"ocurl","https://github.com/ygrek/ocurl.git","","","","","","",""
"odbcinst1debian2","","","","","","","",""
"odc","https://github.com/ecmwf/odc.git","","","","","","",""
"ode","","","","","","","",""
"odil","https://github.com/lamyj/odil.git","","","","","","",""
"odin","","","","","","","",""
"odt2txt","https://github.com/dstosberg/odt2txt.git","","","","","","",""
"oflib","","","","","","","",""
"ofono","","","","","","https://git.kernel.org/pub/scm/network/ofono/ofono.git","",""
"oftc-hybrid-respond","","","","","","","",""
"ogdi-dfsg","","","","","","","",""
"oggfwd","","","","","","","",""
"ogmrip","","","","","","","",""
"ogre-1.12","","","","","","","",""
"ogre-tools","","","","","","","",""
"oidc-agent","https://github.com/indigo-dc/oidc-agent.git","","","","","","",""
"ois","","","","","","","",""
"okteta","","","","","","","",""
"okular","","","","","","","",""
"ola","","","","","","","",""
"olm","","https://gitlab.matrix.org/matrix-org/olm.git","","","","","",""
"omega-rpg","","","","","","","",""
"omhacks","","","","","","","",""
"omniidl","","","","","","","",""
"omniorb-dfsg","","","","","","","",""
"ompl","","","","","","","",""
"ondselsolver","https://github.com/ondsel-development/ondselsolver.git","","","","","","",""
"onednn","https://github.com/oneapi-src/onednn.git","","","","","","",""
"oneko","","","","","","","",""
"onesixtyone","https://github.com/trailofbits/onesixtyone.git","","","","","","",""
"onetbb","","","","","","","",""
"onnxruntime","https://github.com/microsoft/onnxruntime.git","","","","","","",""
"onscripter","","","","","","","",""
"opa-ff","https://github.com/intel/opa-ff.git","","","","","","",""
"opari","","","","","","","",""
"opari2","","","","","","","",""
"open-coarrays","","","","","","","",""
"open-invaders","","","","","","","",""
"open-iscsi","","","","","","","",""
"open-isns","https://github.com/open-iscsi/open-isns.git","","","","","","",""
"open-jtalk","","","","","","","",""
"open-vm-dkms","","","","","","","",""
"open3d","","","","","","","",""
"open62541","","","","","","","",""
"openafs","","","","","","","",""
"openal-soft","https://github.com/kcat/openal-soft.git","","","","","","",""
"openarena","","","","","","","",""
"openarena-081-maps","","","","","","","",""
"openarena-081-misc","","","","","","","",""
"openarena-081-players","","","","","","","",""
"openarena-081-players-mature","","","","","","","",""
"openarena-081-textures","","","","","","","",""
"openarena-085-data","","","","","","","",""
"openarena-088-data","","","","","","","",""
"openarena-data","","","","","","","",""
"openbabel","","","","","","","",""
"openblas","","","","","","","",""
"openbox","","","","","","","",""
"openbsd-inetd","","","","","","","",""
"opencamlib","","","","","","","",""
"opencascade","","","","","","","",""
"opencc","https://github.com/byvoid/opencc.git","","","","","","",""
"openchangeclient","","","","","","","",""
"openchangeproxy","","","","","","","",""
"openchangeserver","","","","","","","",""
"openchrome-tool","","","","","","","",""
"opencity","","","","","","","",""
"opencl-clang-17","https://github.com/intel/opencl-clang.git","","","","","","",""
"opencl-clang-18","https://github.com/intel/opencl-clang.git","","","","","","",""
"opencl-clang-19","https://github.com/intel/opencl-clang.git","","","","","","",""
"opencolorio","","","","","","","",""
"openconnect","","","","","","","",""
"opencore-amr","","","","","","","",""
"opencryptoki","https://github.com/opencryptoki/opencryptoki.git","","","","","","",""
"opencsg","","","","","","","",""
"openct","","","","","","","",""
"openctm","","","","","","","",""
"opencv","","","","","","","",""
"opendkim","","","","","","","",""
"opendmarc","","","","","","","",""
"openexr","","","","","","","",""
"openexr-doc","","","","","","","",""
"openexr-viewers","","","","","","","",""
"openfec","https://github.com/roc-streaming/openfec.git","","","","","","",""
"openfoam","","","","","","","",""
"openfst","","","","","","","",""
"opengv","","","","","","","",""
"openh264","","","","","","","",""
"openhpi","","","","","","","",""
"openigtlink","","","","","","","",""
"openimageio","","","","","","","",""
"openipmi","","","","","","","",""
"openjade","","","","","","","",""
"openjpeg2","","","","","","","",""
"openjph","https://github.com/aous72/openjph.git","","","","","","",""
"openkim-models","","","","","","","",""
"openldap","","","","","","","",""
"openmesh","","","","","","","",""
"openmm","","","","","","","",""
"openmpi","","","","","","","",""
"openmpi-common","","","","","","","",""
"openms","","","","","","","",""
"openms-common","","","","","","","",""
"openmsx","","","","","","","",""
"openmsx-catapult","","","","","","","",""
"openmsx-debugger","","","","","","","",""
"openni","","","","","","","",""
"openni-sensor-pointclouds","","","","","","","",""
"openni-sensor-primesense","","","","","","","",""
"openni-utils","","","","","","","",""
"openni2","","","","","","","",""
"openocd","","","","","","","",""
"openoffice.org-base","","","","","","","",""
"openoffice.org-calc","","","","","","","",""
"openoffice.org-draw","","","","","","","",""
"openoffice.org-evolution","","","","","","","",""
"openoffice.org-filter-binfilter","","","","","","","",""
"openoffice.org-gnome","","","","","","","",""
"openoffice.org-impress","","","","","","","",""
"openoffice.org-voikko","","","","","","","",""
"openoffice.org-writer","","","","","","","",""
"openr2","","","","","","","",""
"openrc","https://github.com/openrc/openrc.git","","","","","","",""
"opensaml","","","","","","","",""
"opensaml-schemas","","","","","","","",""
"opensc","https://github.com/opensc/opensc.git","","","","","","",""
"openscap","","","","","","","",""
"openscenegraph","","","","","","","",""
"openscenegraph-plugin-osgearth","","","","","","","",""
"openslide","","","","","","","",""
"opensm","https://github.com/linux-rdma/opensm.git","","","","","","",""
"opensp","","","","","","","",""
"openssh","","","","","","","",""
"openssh-sftp-server","","","","","","","",""
"openssl","","","","","","","",""
"openssl-ibmca","","","","","","","",""
"opensta","https://github.com/the-openroad-project/opensta.git","","","","","","",""
"openstructure","","","","","","","",""
"opensubdiv","","","","","","","",""
"openswan-modules-dkms","","","","","","","",""
"opentelemetry-cpp","https://github.com/open-telemetry/opentelemetry-cpp.git","","","","","","",""
"opentelemetry-proto","","","","","","","",""
"opentracing-c-wrapper","https://github.com/haproxytech/opentracing-c-wrapper.git","","","","","","",""
"opentracing-cpp","https://github.com/opentracing/opentracing-cpp.git","","","","","","",""
"openttd","","","","","","","",""
"openturns","","","","","","","",""
"openturns-common","","","","","","","",""
"openvas-client","","","","","","","",""
"openvas-server","","","","","","","",""
"openvdb","","","","","","","",""
"openvlbi","","","","","","","",""
"openvrml-lookat","","","","","","","",""
"openxr-sdk-source","https://github.com/khronosgroup/openxr-sdk-source.git","","","","","","",""
"openyahtzee","","","","","","","",""
"openzwave","","","","","","","",""
"ophcrack","","","","","","","",""
"opm-common","","","","","","","",""
"opm-grid","","","","","","","",""
"opm-simulators","","","","","","","",""
"opm-upscaling","","","","","","","",""
"oprofile-gui","","","","","","","",""
"optipng","","","","","","","",""
"opus","","","","","","","",""
"opusfile","","","","","","","",""
"orage","","","","","","","",""
"orange","","","","","","","",""
"orbital-eunuchs-sniper","","","","","","","",""
"orc","","","","","","https://cgit.freedesktop.org/gstreamer/orc","",""
"orcania","https://github.com/babelouest/orcania.git","","","","","","",""
"ordered-map","https://github.com/tessil/ordered-map.git","","","","","","",""
"original-awk","https://github.com/onetrueawk/awk.git","","","","","","",""
"orocos-bfl","","","","","","","",""
"orocos-kdl","","","","","","","",""
"orthanc","","","","","","","",""
"ortp","","","","","","","",""
"oscpack","","","","","","","",""
"osgearth","","","","","","","",""
"osinfo-db","","","","","","","",""
"osm-gps-map","https://github.com/nzjrs/osm-gps-map.git","","","","","","",""
"osm2pgsql","","","","","","","",""
"osmo","","","","","","","",""
"osmo-fl2k","","","","","","","",""
"osmo-ggsn","","","","","","","",""
"osmo-hlr","","","","","","","",""
"osmo-iuh","","","","","","","",""
"osmo-libasn1c","","","","","","https://git.osmocom.org/libasn1c/","",""
"osmo-mgw","","","","","","","",""
"osmpbf","https://github.com/openstreetmap/osm-binary.git","","","","","","",""
"ospray","","","","","","","",""
"osptoolkit","","","","","","","",""
"osra","","","","","","","",""
"oss-compat","","","","","","","",""
"oss4-dkms","","","","","","","",""
"ossp-uuid","","","","","","","",""
"osspd","","","","","","","",""
"ostree","https://github.com/ostreedev/ostree.git","","","","","","",""
"otcl","","","","","","","",""
"otf","","","","","","","",""
"otf2","","","","","","","",""
"otf2bdf","","","","","","","",""
"otpw","","","","","","","",""
"ots","","","","","","","",""
"ov51x-jpeg-source","","","","","","","",""
"owfs","","","","","","","",""
"owfs-common","","","","","","","",""
"owncloud-client","","","","","","","",""
"owncloud-client-desktop-shell-integration-dolphin","https://github.com/owncloud/client-desktop-shell-integration-dolphin.git","","","","","","",""
"owncloud-client-desktop-shell-integration-nautilus","https://github.com/owncloud/client-desktop-shell-integration-nautilus.git","","","","","","",""
"owx","","","","","","","",""
"oxygen","","","","","","https://invent.kde.org/plasma/oxygen","",""
"oxygen-sounds","","","","","","","",""
"p11-kit","","","","","","","",""
"p4est","","","","","","","",""
"p7zip","","","","","","","",""
"p7zip-rar","","","","","","","",""
"p8-platform","https://github.com/pulse-eight/platform.git","","","","","","",""
"p910nd","","","","","","","",""
"pacemaker","","","","","","","",""
"packagekit","","","","","","","",""
"packagekit-qt","","","","","","","",""
"packagesearch","","","","","","","",""
"packeth","https://github.com/jemcek/packeth.git","","","","","","",""
"pacman","","","","","","","",""
"pacman-package-manager","","","","","","","",""
"pacman4console","","","","","","","",""
"paco","","","","","","","",""
"pacparser","https://github.com/manugarg/pacparser.git","","","","","","",""
"pads","","","","","","","",""
"pagmo","https://github.com/esa/pagmo2.git","","","","","","",""
"paho.mqtt.c","https://github.com/eclipse-paho/paho.mqtt.c.git","","","","","","",""
"paho.mqtt.cpp","https://github.com/eclipse-paho/paho.mqtt.cpp.git","","","","","","",""
"pajeng","https://github.com/schnorr/pajeng.git","","","","","","",""
"palapeli","","","","","","","",""
"pam","","","","","","","",""
"pam-pkcs11","https://github.com/opensc/pam_pkcs11.git","","","","","","",""
"pam-wrapper","","","","","","","",""
"pamusb-tools","","","","","","","",""
"pango1.0","","","","","","","",""
"pangomm","","","","","","","",""
"pangomm2.48","","","","","","","",""
"pantomime","","","","","","","",""
"paperkey","","","","","","","",""
"papers","","","","","","","",""
"papi","","","","","","","",""
"papilo","https://github.com/scipopt/papilo.git","","","","","","",""
"pappl","","","","","","","",""
"paps","","","","","","","",""
"papyrus","","","","","","","",""
"par","","","","","","","",""
"par2","","","","","","","",""
"paraglob","https://github.com/zeek/paraglob.git","","","","","","",""
"parallel-hashmap","https://github.com/greg7mdp/parallel-hashmap.git","","","","","","",""
"parasail","https://github.com/jeffdaily/parasail.git","","","","","","",""
"paraview","","","","","","","",""
"parcellite","","","","","","","",""
"pari","","","","","","","",""
"pari-gp","","","","","","","",""
"paris-traceroute","","","","","","","",""
"parlatype","","","","","","","",""
"parley","","","","","","","",""
"parole","","","","","","","",""
"parrot","","","","","","","",""
"parser","","","","","","","",""
"parser-mysql","","","","","","","",""
"parser3-common","","","","","","","",""
"partclone","","","","","","","",""
"parted","","","","","","","",""
"partimage","","","","","","","",""
"partitionmanager","","","","","","","",""
"paryfor","https://github.com/ekg/paryfor.git","","","","","","",""
"pasmo","","","","","","","",""
"passage","","","","","","","",""
"passepartout","","","","","","","",""
"passwdqc","","","","","","","",""
"pastedeploy","","","","","","","",""
"patch","","","","","","","",""
"patchage","","","","","","","",""
"patchutils","","","","","","","",""
"pathogen","","","","","","","",""
"pavucontrol","","","","","","","",""
"pax","","","","","","","",""
"pax-utils","","","","","","","",""
"pbbam","","","","","","","",""
"pbcopper","https://github.com/pacificbiosciences/pbcopper.git","","","","","","",""
"pbseqlib","https://github.com/pacificbiosciences/blasr_libcpp.git","","","","","","",""
"pbuilder","","","","","","","",""
"pbzip2","","","","","","","",""
"pcaudiolib","https://github.com/espeak-ng/pcaudiolib.git","","","","","","",""
"pcb-gtk","","","","","","","",""
"pcb-lesstif","","","","","","","",""
"pcb2gcode","","","","","","","",""
"pcb2gcode-dbg","","","","","","","",""
"pcc-libs","","","","","","","",""
"pcg-cpp","","","","","","","",""
"pci.ids","","","","","","","",""
"pciutils","","","","","","","",""
"pcl","","","","","","","",""
"pclock","","","","","","","",""
"pcmanfm","https://github.com/lxde/pcmanfm.git","","","","","","",""
"pcmanx-gtk2","","","","","","","",""
"pcmciautils","","","","","","","",""
"pconsole","","","","","","","",""
"pcp","","","","","","","",""
"pcre2","https://github.com/pcre2project/pcre2.git","","","","","","",""
"pcregrep","","","","","","","",""
"pcsc-cyberjack","","","","","","","",""
"pcsc-lite","","","","","","","",""
"pcsc-tools","","","","","","","",""
"pcscada","","","","","","","",""
"pcsxr","","","","","","","",""
"pd-flext","","","","","","","",""
"pd-iemnet","","","","","","","",""
"pd-zexy","","","","","","","",""
"pdf2djvu","","","","","","","",""
"pdf2svg","","","","","","","",""
"pdfchain","","","","","","","",""
"pdfcrack","","","","","","","",""
"pdfcube","","","","","","","",""
"pdfcube-dbg","","","","","","","",""
"pdfedit","","","","","","","",""
"pdfgrep","","","","","","","",""
"pdfresurrect","https://github.com/enferex/pdfresurrect.git","","","","","","",""
"pdftk","","","","","","","",""
"pdftk-java","","","","","","","",""
"pdksh","","","","","","","",""
"pdl","","","","","","","",""
"pdlapi-20","","","","","","","",""
"pdlzip","","","","","","","",""
"pdqsort","https://github.com/orlp/pdqsort.git","","","","","","",""
"pdsh","","","","","","","",""
"pecomato","","","","","","","",""
"peg-e","","","","","","","",""
"peg-solitaire","","","","","","","",""
"pekwm","https://github.com/pekdon/pekwm.git","","","","","","",""
"pen","","","","","","","",""
"penguin-command","","","","","","","",""
"pentobi","","","","","","","",""
"pentobi-kde-thumbnailer","","","","","","","",""
"peony","","","","","","","",""
"pepper","","","","","","","",""
"perftest","https://github.com/linux-rdma/perftest.git","","","","","","",""
"perl","","","","","","","",""
"perl-imagerapi-5","","","","","","","",""
"perl-mapscript","","","","","","","",""
"perl-modules-5.32","","","","","","","",""
"perl-modules-5.36","","","","","","","",""
"perl-openssl-abi-3","","","","","","","",""
"perl-tk","","","","","","","",""
"perlapi-5.40.0","","","","","","","",""
"perlapi-5.40.1","","","","","","","",""
"persalys","","","","","","","",""
"persistent-cache-cpp","","https://gitlab.com/ubports/development/core/lib-cpp/persistent-cache-cpp.git","","","","","",""
"petsc","","","","","","","",""
"pfqueue","","","","","","","",""
"pfstools","","","","","","","",""
"pgbouncer","","","","","","","",""
"pgdbf","https://github.com/kstrauser/pgdbf.git","","","","","","",""
"pgextwlist","https://github.com/dimitri/pgextwlist.git","","","","","","",""
"pgn-extract","","","","","","","",""
"pgn2web","","","","","","","",""
"pgpool2","","","","","","","",""
"pgtap","","","","","","","",""
"pgtcl","https://github.com/flightaware/pgtcl.git","","","","","","",""
"phat","","","https://bitbucket.org/phat-code/phat.git","","","","",""
"phlipple","","","","","","","",""
"phnxdeco","","","","","","","",""
"phodav","","","","","","","",""
"phonon","","","","","","","",""
"phonon-backend-gstreamer","","","","","","","",""
"phonon-backend-null","","","","","","","",""
"phonon-backend-vlc","","","","","","","",""
"phonon-backend-xine","","","","","","","",""
"phonon4qt5","","","","","","","",""
"phonon4qt5-backend-null","","","","","","","",""
"phonon4qt6","","","","","","","",""
"phonon4qt6-backend-null","","","","","","","",""
"phosh","","","","","","","",""
"phosh-common","","","","","","","",""
"phosh-dev","","","","","","","",""
"php","","","","","","","",""
"php-cache","","","","","","","",""
"php-cli","","","","","","","",""
"php5","","","","","","","",""
"php5-adodb","","","","","","","",""
"php5-cgi","","","","","","","",""
"php5-cli","","","","","","","",""
"php5-curl","","","","","","","",""
"php5-dev","","","","","","","",""
"php5-enchant","","","","","","","",""
"php5-exactimage","","","","","","","",""
"php5-ffmpeg","","","","","","","",""
"php5-fpm","","","","","","","",""
"php5-gd","","","","","","","",""
"php5-geoip","","","","","","","",""
"php5-gmp","","","","","","","",""
"php5-imap","","","","","","","",""
"php5-interbase","","","","","","","",""
"php5-intl","","","","","","","",""
"php5-lasso","","","","","","","",""
"php5-ldap","","","","","","","",""
"php5-mapscript","","","","","","","",""
"php5-mcrypt","","","","","","","",""
"php5-memcached","","","","","","","",""
"php5-ming","","","","","","","",""
"php5-mysql","","","","","","","",""
"php5-odbc","","","","","","","",""
"php5-pgsql","","","","","","","",""
"php5-pspell","","","","","","","",""
"php5-radius","","","","","","","",""
"php5-recode","","","","","","","",""
"php5-rrd","","","","","","","",""
"php5-snmp","","","","","","","",""
"php5-sqlite","","","","","","","",""
"php5-suhosin","","","","","","","",""
"php5-sybase","","","","","","","",""
"php5-tidy","","","","","","","",""
"php5-uuid","","","","","","","",""
"php5-xcache","","","","","","","",""
"php5-xdebug","","","","","","","",""
"php5-xmlrpc","","","","","","","",""
"php5-xsl","","","","","","","",""
"phylip","","","","","","","",""
"phyml","","","","","","","",""
"pianobar","","","","","","","",""
"pico-sdk","https://github.com/raspberrypi/pico-sdk.git","","","","","","",""
"picojson","https://github.com/kazuho/picojson.git","","","","","","",""
"picosat","","","","","","","",""
"picotool","https://github.com/raspberrypi/picotool.git","","","","","","",""
"picprog","","","","","","","",""
"pidgin","","","","","","","",""
"pidgin-awayonlock","","","","","","","",""
"pidgin-blinklight","https://github.com/nomeata/pidgin-blinklight.git","","","","","","",""
"pidgin-encryption","","","","","","","",""
"pidgin-extprefs","","","","","","","",""
"pidgin-hotkeys","","","","","","","",""
"pidgin-latex","","","","","","","",""
"pidgin-libnotify","","","","","","","",""
"pidgin-microblog","","","","","","","",""
"pidgin-nateon","","","","","","","",""
"pidgin-nateon-dbg","","","","","","","",""
"pidgin-otr","","","","","","","",""
"pidgin-sipe","","","","","","","",""
"pidgin-skype","","","","","","","",""
"pidgin-skype-common","","","","","","","",""
"pidgin-skype-dbg","","","","","","","",""
"pidgin-twitter","","","","","","","",""
"pigz","","","","","","","",""
"pike7.8-core","","","","","","","",""
"pike7.8-dev","","","","","","","",""
"pike7.8-gtk","","","","","","","",""
"pilot-link","","","","","","","",""
"pilot-qof","","","","","","","",""
"pimcommon","","","","","","https://invent.kde.org/pim/pimcommon","",""
"pinball","","","","","","","",""
"pinentry-gnome3","","","","","","","",""
"pinentry-gtk2","","","","","","","",""
"pinentry-qt","","","","","","","",""
"pinentry-qt4","","","","","","","",""
"pinfo","https://github.com/baszoetekouw/pinfo.git","","","","","","",""
"pinot","https://github.com/fabricecolin/pinot.git","","","","","","",""
"pioneers","","","","","","","",""
"pioneers-meta-server","","","","","","","",""
"pipewalker","","","","","","","",""
"pipewire","","","","","","","",""
"pipewire-alsa","","","","","","","",""
"pipewire-audio","","","","","","","",""
"pipewire-jack","","","","","","","",""
"pipewire-pulse","","","","","","","",""
"pipexec","https://github.com/flonatel/pipexec.git","","","","","","",""
"pistache","","","","","","","",""
"pixman","","","","","","","",""
"pkcs11-helper","https://github.com/opensc/pkcs11-helper.git","","","","","","",""
"pkcs11-provider","https://github.com/latchset/pkcs11-provider.git","","","","","","",""
"pkcs11-proxy","","","","","","","",""
"pkg-config","","","","","","","",""
"pkg-kde-tools","","","","","","","",""
"pkgconf","","","","","","","",""
"pktools","","","","","","","",""
"pktstat","https://github.com/dleonard0/pktstat.git","","","","","","",""
"plank","","https://gitlab.gnome.org/ricotz/plank.git","","","","","",""
"planner","","","","","","","",""
"planner-dev","","","","","","","",""
"plasma-activities","","","","","","https://invent.kde.org/plasma/plasma-activities","",""
"plasma-activities-stats","","","","","","https://invent.kde.org/plasma/plasma-activities-stats","",""
"plasma-dataengines-workspace","","","","","","","",""
"plasma-dataengines-yawp","","","","","","","",""
"plasma-desktop","","","","","","https://invent.kde.org/plasma/plasma-desktop","",""
"plasma-framework","","","","","","https://invent.kde.org/frameworks/plasma-framework","",""
"plasma-integration","","","","","","","",""
"plasma-netbook","","","","","","","",""
"plasma-scriptengine-javascript","","","","","","","",""
"plasma-scriptengine-python","","","","","","","",""
"plasma-scriptengine-ruby","","","","","","","",""
"plasma-scriptengine-superkaramba","","","","","","","",""
"plasma-scriptengine-webkit","","","","","","","",""
"plasma-wayland-protocols","","","","","","https://invent.kde.org/libraries/plasma-wayland-protocols","",""
"plasma-widget-cwp","","","","","","","",""
"plasma-widget-fastuserswitch","","","","","","","",""
"plasma-widget-folderview","","","","","","","",""
"plasma-widget-ktorrent","","","","","","","",""
"plasma-widget-lancelot","","","","","","","",""
"plasma-widget-networkmanagement","","","","","","","",""
"plasma-widget-smooth-tasks","","","","","","","",""
"plasma-widget-translatoid","","","","","","","",""
"plasma-widget-uim","","","","","","","",""
"plasma-widget-yawp","","","","","","","",""
"plasma-widget-yawp-dbg","","","","","","","",""
"plasma-widgets-workspace","","","","","","","",""
"plasma-workspace","","","","","","https://invent.kde.org/plasma/plasma-workspace","",""
"plasma5support","","","","","","https://invent.kde.org/plasma/plasma5support","",""
"playerctl","https://github.com/altdesktop/playerctl.git","","","","","","",""
"playmidi","","","","","","","",""
"plee-the-bear","","","","","","","",""
"plfit","https://github.com/ntamas/plfit.git","","","","","","",""
"plib","","","","","","","",""
"plink","","","","","","","",""
"plog","https://github.com/sergiusthebest/plog.git","","","","","","",""
"ploticus","","","","","","","",""
"plotutils","","","","","","","",""
"plplot","","","","","","","",""
"plt-scheme","","","","","","","",""
"plucker","","","","","","","",""
"plymouth","","","","","","","",""
"plzip","","","","","","","",""
"pmdk","","","","","","","",""
"pmidi","","","","","","","",""
"pmix","https://github.com/pmix/pmix.git","","","","","","",""
"pmk","","","","","","","",""
"pmount","","","","","","","",""
"pnetcdf","","","","","","","",""
"png++","","","","","","","",""
"png23d","https://github.com/kyllikki/png23d.git","","","","","","",""
"pngcrush","","","","","","","",""
"pnglite","","","","","","","",""
"pngmeta","","","","","","","",""
"pngnq","","","","","","","",""
"pngquant","","","","","","","",""
"pngtools","https://github.com/mikalstill/pngtools.git","","","","","","",""
"pnm2ppa","","","","","","","",""
"pnputils","","","","","","","",""
"po-debconf","","","","","","","",""
"poa","","","","","","","",""
"pocketsphinx","","","","","","","",""
"pocl","","","","","","","",""
"poco","","","","","","","",""
"poke","","","","","","","",""
"pokerth","","","","","","","",""
"poldi","","","","","","","",""
"policycoreutils","","","","","","","",""
"policykit-1","https://github.com/polkit-org/polkit.git","","","","","","",""
"policykit-1-gnome","","","","","","","",""
"polipo","","","","","","","",""
"polkit-kde-1","","","","","","","",""
"polkit-kde-agent-1","","","","","","","",""
"polkit-qt-1","","","","","","https://invent.kde.org/libraries/polkit-qt-1","",""
"polkitd-javascript","","","","","","","",""
"polkitd-pkla","","","","","","","",""
"polyglot","","","","","","","",""
"polylib","","","","","","","",""
"polymake","","","","","","","",""
"polymake-common","","","","","","","",""
"polyseed","https://github.com/tevador/polyseed.git","","","","","","",""
"pommed","","","","","","","",""
"poppler","","","","","","","",""
"poppler-data","","","","","","","",""
"popplerkit.framework","","","","","","","",""
"popt","https://github.com/rpm-software-management/popt.git","","","","","","",""
"pork","","","","","","","",""
"portaudio19","","","","","","","",""
"portaudio19-dev","","","","","","","",""
"portmidi","","","","","","","",""
"portsentry","","","","","","","",""
"portsmf","","","","","","","",""
"posixsignalmanager","https://github.com/textshell/posixsignalmanager.git","","","","","","",""
"posterazor","","","","","","","",""
"postfix","","","","","","","",""
"postfix-gld","","","","","","","",""
"postgis","","","","","","","",""
"postgresql-13-pgpool2","","","","","","","",""
"postgresql-13-pgtap","","","","","","","",""
"postgresql-13-postgis-3","","","","","","","",""
"postgresql-13-postgis-3-scripts","","","","","","","",""
"postgresql-15-pgpool2","","","","","","","",""
"postgresql-15-pgtap","","","","","","","",""
"postgresql-15-postgis-3","","","","","","","",""
"postgresql-15-postgis-3-scripts","","","","","","","",""
"postgresql-17","","","","","","","",""
"postgresql-17-jit-llvm","","","","","","","",""
"postgresql-18-pgtap","","","","","","","",""
"postgresql-18-postgis-3","","","","","","","",""
"postgresql-18-postgis-3-scripts","","","","","","","",""
"postgresql-8.4","","","","","","","",""
"postgresql-9.1","","","","","","","",""
"postgresql-9.1-postgis","","","","","","","",""
"postgresql-9.3-postgis-2.1","","","","","","","",""
"postgresql-9.3-postgis-scripts","","","","","","","",""
"postgresql-client","","","","","","","",""
"postgresql-client-17","","","","","","","",""
"postgresql-common","","","","","","","",""
"postgresql-contrib-8.4","","","","","","","",""
"postgresql-contrib-9.1","","","","","","","",""
"postgresql-pgtap","","","","","","","",""
"potool","","","","","","","",""
"potrace","","","","","","","",""
"powder","","","","","","","",""
"powercap","https://github.com/powercap/powercap.git","","","","","","",""
"powerdevil","","","","","","https://invent.kde.org/plasma/powerdevil","",""
"powerman","https://github.com/chaos/powerman.git","","","","","","",""
"powermgmt-base","","","","","","","",""
"powertop","https://github.com/fenrus75/powertop.git","","","","","","",""
"poxml","","","","","","https://invent.kde.org/sdk/poxml","",""
"ppl","","","","","","","",""
"ppmd","","","","","","","",""
"ppp","","","","","","","",""
"pptp-linux","","","","","","","",""
"pqiv","https://github.com/phillipberndt/pqiv.git","","","","","","",""
"pqmarble","","https://gitlab.gnome.org/raggesilver/marble.git","","","","","",""
"prads","","","","","","","",""
"prayer","","","","","","","",""
"prayer-accountd","","","","","","","",""
"prayer-templates-dev","","","","","","","",""
"prayer-templates-src","","","","","","","",""
"prboom","","","","","","","",""
"prelink","","","","","","","",""
"preload","","","","","","","",""
"presage","","","","","","","",""
"preview-latex-style","","","","","","","",""
"primecount","https://github.com/kimwalisch/primecount.git","","","","","","",""
"primer3","","","","","","","",""
"primesieve","https://github.com/kimwalisch/primesieve.git","","","","","","",""
"primrose","","","","","","","",""
"primus-vk","https://github.com/felixdoerre/primus_vk.git","","","","","","",""
"prips","","","","","","","",""
"prison-kf5","","","","","","https://invent.kde.org/frameworks/prison","",""
"privoxy","","","","","","","",""
"probcons","","","","","","","",""
"process-cpp","","https://gitlab.com/ubports/development/core/lib-cpp/process-cpp.git","","","","","",""
"procinfo","","","","","","","",""
"procmail","https://github.com/buglessrb/procmail.git","","","","","","",""
"procps","","https://gitlab.com/procps-ng/procps.git","","","","","",""
"proda","","","","","","","",""
"proj","","","","","","","",""
"projectm","https://github.com/projectm-visualizer/projectm.git","","","","","","",""
"prometheus-cpp","https://github.com/jupp0r/prometheus-cpp.git","","","","","","",""
"promoe","","","","","","","",""
"proot","","","","","","","",""
"properties-cpp","","https://gitlab.com/ubports/development/core/lib-cpp/properties-cpp.git","","","","","",""
"protobuf","https://github.com/google/protobuf.git","","","","","","",""
"protobuf-api-32-0","","","","","","","",""
"protobuf-c","https://github.com/protobuf-c/protobuf-c.git","","","","","","",""
"protozero","https://github.com/mapbox/protozero.git","","","","","","",""
"proxychains","","","","","","","",""
"proxychains-ng","https://github.com/rofl0r/proxychains-ng.git","","","","","","",""
"proxycheck","","","","","","","",""
"proxytunnel","","","","","","","",""
"ps2eps","","","","","","","",""
"pscan","","","","","","","",""
"psi","","","","","","","",""
"psi3","","","","","","","",""
"psignifit","","","","","","","",""
"psimd","","","","","","","",""
"pslib","","","","","","","",""
"psmisc","","","","","","","",""
"psocksxx","","","","","","","",""
"psqlodbc","","","","","","","",""
"pstack","","","","","","","",""
"pstoedit","","","","","","","",""
"pstotext","","","","","","","",""
"pstreams","","","","","","","",""
"psurface","","","","","","","",""
"psutils","https://github.com/rrthomas/psutils.git","","","","","","",""
"pthreadpool","https://github.com/maratyszcza/pthreadpool.git","","","","","","",""
"ptl","https://github.com/jrmadsen/ptl.git","","","","","","",""
"ptop","","","","","","","",""
"ptpd","","","","","","","",""
"ptunnel","","","","","","","",""
"publib","","","","","","","",""
"puf","","","","","","","",""
"pugixml","","","","","","","",""
"pugl","","","","","","","",""
"pulseaudio","","","","","","","",""
"pulseaudio-esound-compat","","","","","","","",""
"pulseaudio-qt","","","","","","https://invent.kde.org/libraries/pulseaudio-qt","",""
"pupnp","","","","","","","",""
"puredata","","","","","","","",""
"purelibc","","","","","","","",""
"purify","","","","","","","",""
"purple-plugin-pack","","","","","","","",""
"purpose","","","","","","https://invent.kde.org/frameworks/purpose","",""
"putty","","","","","","","",""
"pv","","","","","","","",""
"pvm","","","","","","","",""
"pvm-dev","","","","","","","",""
"pvm-examples","","","","","","","",""
"pvrg-jpeg","","","","","","","",""
"pwauth","","","","","","","",""
"pwgen","https://github.com/tytso/pwgen.git","","","","","","",""
"pxlib","","","","","","","",""
"pybind11","https://github.com/pybind/pybind11.git","","","","","","",""
"pybind11-json","https://github.com/pybind/pybind11_json.git","","","","","","",""
"pyepr","","","","","","","",""
"pygame-sdl2","https://github.com/renpy/pygame_sdl2.git","","","","","","",""
"pyotherside","","","","","","","",""
"pypy-coverage","","","","","","","",""
"pyqt-tools","","","","","","","",""
"pyqt4-dev-tools","","","","","","","",""
"pyqt5-dev","","","","","","","",""
"pyqt5-dev-tools","","","","","","","",""
"pyqt6-dev","","","","","","","",""
"pyrit","","","","","","","",""
"pyside2","","","","","","","",""
"pyside6","","","","","","","",""
"pystemmer","","","","","","","",""
"pystring","https://github.com/imageworks/pystring.git","","","","","","",""
"python","","","","","","","",""
"python-alsaaudio","","","","","","","",""
"python-antlr","","","","","","","",""
"python-avahi","","","","","","","",""
"python-bluez","","","","","","","",""
"python-buffy","","","","","","","",""
"python-bumps","https://github.com/bumps/bumps.git","","","","","","",""
"python-bzrlib","","","","","","","",""
"python-coverage","","","","","","","",""
"python-coverage-dbg","","","","","","","",""
"python-cpl","","","","","","","",""
"python-cracklib","","","","","","","",""
"python-crypto","","","","","","","",""
"python-cups","https://github.com/openprinting/pycups.git","","","","","","",""
"python-cvxopt","","","","","","","",""
"python-cxx","","","","","","","",""
"python-dballe","","","","","","","",""
"python-dbus","","","","","","","",""
"python-django-djapian","","","","","","","",""
"python-djvu-dbg","","","","","","","",""
"python-dolfin","","","","","","","",""
"python-egenix-mx-base-dev","","","","","","","",""
"python-enchant","","","","","","","",""
"python-epr","","","","","","","",""
"python-exactimage","","","","","","","",""
"python-gamera","","","","","","","",""
"python-gamera-dev","","","","","","","",""
"python-gammu","","","","","","","",""
"python-gammu-dbg","","","","","","","",""
"python-gdal","","","","","","","",""
"python-gmenu","","","","","","","",""
"python-gobject","","","","","","","",""
"python-gobject-dev","","","","","","","",""
"python-gtk-gnash","","","","","","","",""
"python-hiredis","https://github.com/redis/hiredis-py.git","","","","","","",""
"python-inotifyx","","","","","","","",""
"python-jinja2","","","","","","","",""
"python-kde4","","","","","","","",""
"python-keybinder","","","","","","","",""
"python-kml","","","","","","","",""
"python-ktoblzcheck","","","","","","","",""
"python-ldap","","","","","","","",""
"python-ldb","","","","","","","",""
"python-ldb-dev","","","","","","","",""
"python-levenshtein","","","","","","","",""
"python-libmimic","","","","","","","",""
"python-libtorrent","","","","","","","",""
"python-libvirt","","","","","","","",""
"python-libxslt1","","","","","","","",""
"python-lxml","","","","","","","",""
"python-m2crypto","","","","","","","",""
"python-magic","https://github.com/ahupp/python-magic.git","","","","","","",""
"python-mapnik","https://github.com/mapnik/python-mapnik.git","","","","","","",""
"python-mapscript","","","","","","","",""
"python-meliae","","","","","","","",""
"python-minimal","","","","","","","",""
"python-mmkeys","","","","","","","",""
"python-nautilus","","","","","","","",""
"python-netifaces","","","","","","","",""
"python-openbabel","","","","","","","",""
"python-openssl","","","","","","","",""
"python-pisock","","","","","","","",""
"python-poppler","","","","","","","",""
"python-pqueue","","","","","","","",""
"python-pycurl","","","","","","","",""
"python-pydds","","","","","","","",""
"python-pyepl","","","","","","","",""
"python-pyexiv2","","","","","","","",""
"python-pyfann","","","","","","","",""
"python-pyfann-dbg","","","","","","","",""
"python-pyfribidi","","","","","","","",""
"python-pygame","","","","","","","",""
"python-pygraphviz","","","","","","","",""
"python-pyinotify","","","","","","","",""
"python-pykcs11","","","","","","","",""
"python-pylibacl","","","","","","","",""
"python-pymongo","","","","","","","",""
"python-pyproj","https://github.com/pyproj4/pyproj.git","","","","","","",""
"python-pyscard","","","","","","","",""
"python-pyspatialite","","","","","","","",""
"python-pytc","","","","","","","",""
"python-pywcs","","","","","","","",""
"python-pyxattr","","","","","","","",""
"python-qt3","","","","","","","",""
"python-rabbyt","","","","","","","",""
"python-reportlab-accel","","","","","","","",""
"python-rpm","","","","","","","",""
"python-saga","","","","","","","",""
"python-samba","","","","","","","",""
"python-scipy","","","","","","","",""
"python-simpleparse-mxtexttools","","","","","","","",""
"python-sip","","","","","","","",""
"python-soya","","","","","","","",""
"python-sqlalchemy-ext","","","","","","","",""
"python-sqlite","","","","","","","",""
"python-stfl","","","","","","","",""
"python-subvertpy","","","","","","","",""
"python-swiginac","","","","","","","",""
"python-tagpy","","","","","","","",""
"python-talloc","","","","","","","",""
"python-talloc-dev","","","","","","","",""
"python-tdb","","","","","","","",""
"python-telepathy","","","","","","","",""
"python-vigra","","","","","","","",""
"python-xapian","","","","","","","",""
"python-xmmsclient","","","","","","","",""
"python2.6","","","","","","","",""
"python2.6-minimal","","","","","","","",""
"python2.7","","","","","","","",""
"python2.7-dbg","","","","","","","",""
"python2.7-dev","","","","","","","",""
"python2.7-doc","","","","","","","",""
"python2.7-examples","","","","","","","",""
"python2.7-minimal","","","","","","","",""
"python3-all-dev","","","","","","","",""
"python3-ament-cmake-google-benchmark","","","","","","","",""
"python3-astropy","","","","","","","",""
"python3-basix","","","","","","","",""
"python3-bs4","","","","","","","",""
"python3-bsddb3","","","","","","","",""
"python3-cairo","","","","","","","",""
"python3-caja","","","","","","","",""
"python3-certifi","","","","","","","",""
"python3-cffi-backend","","","","","","","",""
"python3-cffi-backend-api-max","","","","","","","",""
"python3-cffi-backend-api-min","","","","","","","",""
"python3-charset-normalizer","","","","","","","",""
"python3-cryptography","","","","","","","",""
"python3-cwiid","","","","","","","",""
"python3-dartpy","","","","","","","",""
"python3-dbus.mainloop.pyqt5","","","","","","","",""
"python3-dbusmock","","","","","","","",""
"python3-defaults","","","","","","","",""
"python3-dev","","","","","","","",""
"python3-distro","","","","","","","",""
"python3-django","","","","","","","",""
"python3-dnspython","","","","","","","",""
"python3-dolfin","","","","","","","",""
"python3-dolfinx","","","","","","","",""
"python3-dolfinx-real","","","","","","","",""
"python3-doxypypy","","","","","","","",""
"python3-ffc","","","","","","","",""
"python3-ffcx","","","","","","","",""
"python3-gi","","","","","","","",""
"python3-gi-cairo","","","","","","","",""
"python3-h5py","","","","","","","",""
"python3-halide","","","","","","","",""
"python3-idna","","","","","","","",""
"python3-jcc","","","","","","","",""
"python3-jinja2","","","","","","","",""
"python3-jwt","","","","","","","",""
"python3-ldap-dbg","","","","","","","",""
"python3-ldb-dev","","","","","","","",""
"python3-levenshtein-dbg","","","","","","","",""
"python3-libevdev","","","","","","","",""
"python3-libxml2-dbg","","","","","","","",""
"python3-lxml","","","","","","","",""
"python3-markdown","","","","","","","",""
"python3-markupsafe","","","","","","","",""
"python3-matplotlib","","","","","","","",""
"python3-memcache","","","","","","","",""
"python3-mpi4py","","","","","","","",""
"python3-nautilus","","","","","","","",""
"python3-notify2","","","","","","","",""
"python3-notmuch","","","","","","","",""
"python3-ns3","","","","","","","",""
"python3-numpy","","","","","","","",""
"python3-numpy2-abi0","","","","","","","",""
"python3-opm-common","","","","","","","",""
"python3-owslib","","","","","","","",""
"python3-packaging","","","","","","","",""
"python3-pastedeploy-tpl","","","","","","","",""
"python3-petsc4py","","","","","","","",""
"python3-petsc4py-real3.22","","","","","","","",""
"python3-pil","","","","","","","",""
"python3-pivy","","","","","","","",""
"python3-plotly","","","","","","","",""
"python3-ply","","","","","","","",""
"python3-prettytable","","","","","","","",""
"python3-prometheus-client","","","","","","","",""
"python3-protobuf","","","","","","","",""
"python3-psutil","","","","","","","",""
"python3-psycopg2","","","","","","","",""
"python3-puremagic","","","","","","","",""
"python3-pyasn1","","","","","","","",""
"python3-pyasn1-modules","","","","","","","",""
"python3-pyelftools","","","","","","","",""
"python3-pygments","","","","","","","",""
"python3-pygraphviz-dbg","","","","","","","",""
"python3-pylibacl-dbg","","","","","","","",""
"python3-pyosmium","","","","","","","",""
"python3-pyparsing","","","","","","","",""
"python3-pypdf","","","","","","","",""
"python3-pyqt5","","","","","","","",""
"python3-pyqt5.qsci","","","","","","","",""
"python3-pyqt5.qtmultimedia","","","","","","","",""
"python3-pyqt5.qtpositioning","","","","","","","",""
"python3-pyqt5.qtserialport","","","","","","","",""
"python3-pyqt5.qtsql","","","","","","","",""
"python3-pyqt5.qtsvg","","","","","","","",""
"python3-pyqt5.sip","","","","","","","",""
"python3-pyqt6","","","","","","","",""
"python3-pyqtbuild","","","","","","","",""
"python3-pyside2.qtcore","","","","","","","",""
"python3-pyside2.qtgui","","","","","","","",""
"python3-pyside2.qtnetwork","","","","","","","",""
"python3-pyside2.qtsvg","","","","","","","",""
"python3-pyside2.qtuitools","","","","","","","",""
"python3-pyside2.qtwidgets","","","","","","","",""
"python3-pyside2.qtxml","","","","","","","",""
"python3-pyudev","","","","","","","",""
"python3-pyxattr-dbg","","","","","","","",""
"python3-rapidfuzz","","","","","","","",""
"python3-requests","","","","","","","",""
"python3-rosidl","","","","","","","",""
"python3-rospy","","","","","","","",""
"python3-rosunit","","","","","","","",""
"python3-rrdtool-dbg","","","","","","","",""
"python3-ruamel.yaml","","","","","","","",""
"python3-searpc","","","","","","","",""
"python3-serial","","","","","","","",""
"python3-simplejson","","","","","","","",""
"python3-six","","","","","","","",""
"python3-systemd","","","","","","","",""
"python3-tk","","","","","","","",""
"python3-ufl","","","","","","","",""
"python3-ukui-menu","","","","","","","",""
"python3-unidecode","","","","","","","",""
"python3-uno","","","","","","","",""
"python3-urllib3","","","","","","","",""
"python3-vtk9","","","","","","","",""
"python3-wikitrans","","","","","","","",""
"python3-wxgtk4.0","","","","","","","",""
"python3-xdg","","","","","","","",""
"python3-xyzservices","","","","","","","",""
"python3-yaml","","","","","","","",""
"python3-zmq","","","","","","","",""
"python3.13","","","","","","","",""
"python3.13-minimal","","","","","","","",""
"pytorch","","","","","","","",""
"pyxplot","","","","","","","",""
"q4wine","","","","","","","",""
"qalculate","","","","","","","",""
"qalculate-gtk","","","","","","","",""
"qantenna","","","","","","","",""
"qastools","","https://gitlab.com/sebholt/qastools.git","","","","","",""
"qastools-common","","","","","","","",""
"qatlib","https://github.com/intel/qatlib.git","","","","","","",""
"qatzip","https://github.com/intel/qatzip.git","","","","","","",""
"qbankmanager","","","","","","","",""
"qbittorrent","","","","","","","",""
"qbittorrent-dbg","","","","","","","",""
"qbrew","","","","","","","",""
"qbs","","","","","","","",""
"qbs-common","","","","","","","",""
"qca2","","","","","","","",""
"qcodeeditor","https://github.com/megaxela/qcodeeditor.git","","","","","","",""
"qcomicbook","https://github.com/stolowski/qcomicbook.git","","","","","","",""
"qcoro","","","","","","","",""
"qcustomplot","","","","","","","",""
"qd","","","","","","","",""
"qdacco","https://github.com/cpina/qdacco.git","","","","","","",""
"qdbm","","","","","","","",""
"qdjango","https://github.com/jlaine/qdjango.git","","","","","","",""
"qdmr","","","","","","","",""
"qelectrotech","","","","","","","",""
"qemu","","","","","","","",""
"qemu-kvm","","","","","","","",""
"qemu-system-arm","","","","","","","",""
"qemu-system-mips","","","","","","","",""
"qemu-system-misc","","","","","","","",""
"qemu-system-ppc","","","","","","","",""
"qemu-system-riscv","","","","","","","",""
"qemu-system-s390x","","","","","","","",""
"qemu-system-sparc","","","","","","","",""
"qemu-system-x86","","","","","","","",""
"qfits","","","","","","","",""
"qgis","","","","","","","",""
"qgis-mapserver","","","","","","","",""
"qgis-plugin-globe","","","","","","","",""
"qgis-server-dummy","","","","","","","",""
"qgis-sqlanywhere","","","","","","","",""
"qgit","https://github.com/tibirna/qgit.git","","","","","","",""
"qgnomeplatform","https://github.com/fedoraqt/qgnomeplatform.git","","","","","","",""
"qhttpengine","https://github.com/nitroshare/qhttpengine.git","","","","","","",""
"qhull","","","","","","","",""
"qingy","","","","","","","",""
"qlandkarte","","","","","","","",""
"qlandkartegt","","","","","","","",""
"qlandkartegt-garmin","","","","","","","",""
"qliss3d","","","","","","","",""
"qm-dsp","","","","","","","",""
"qmake6","","","","","","","",""
"qmath3d","https://github.com/vpicaver/qmath3d.git","","","","","","",""
"qmenumodel","https://github.com/ayatanaindicators/qmenumodel.git","","","","","","",""
"qmf","","","","","","https://code.qt.io/cgit/qt-labs/messagingframework.git/","",""
"qmf-dev","","","","","","","",""
"qml-module-org-kde-kirigami2","","","","","","","",""
"qml-module-org-kde-okular","","","","","","","",""
"qml-module-org-kde-qqc2desktopstyle","","","","","","","",""
"qml6-module-org-kde-baloo","","","","","","","",""
"qml6-module-org-kde-breeze","","","","","","","",""
"qml6-module-org-kde-desktop","","","","","","","",""
"qml6-module-org-kde-kaccounts","","","","","","","",""
"qml6-module-org-kde-kpublictransport","","","","","","","",""
"qmltermwidget","https://github.com/swordfish90/qmltermwidget.git","","","","","","",""
"qmmp","","","","","","","",""
"qmpdclient","","","","","","","",""
"qoauth","","","","","","","",""
"qoi","https://github.com/phoboslab/qoi.git","","","","","","",""
"qonk","","","","","","","",""
"qpdf","","","","","","","",""
"qpid-proton","","","","","","","",""
"qprint","","","","","","","",""
"qpxtool","","","","","","","",""
"qqc2-breeze-style","","","","","","https://invent.kde.org/plasma/qqc2-breeze-style","",""
"qqc2-desktop-style","","","","","","https://invent.kde.org/frameworks/qqc2-desktop-style","",""
"qqc2-suru-style","","https://gitlab.com/ubports/development/core/qqc2-suru-style.git","","","","","",""
"qqwing","","","","","","","",""
"qr-code-generator","https://github.com/nayuki/qr-code-generator.git","","","","","","",""
"qrencode","","","","","","","",""
"qrfcview","","","","","","","",""
"qrtr","https://github.com/linux-msm/qrtr.git","","","","","","",""
"qrupdate","","https://gitlab.mpi-magdeburg.mpg.de/koehlerm/qrupdate-ng.git","","","","","",""
"qsampler","","","","","","","",""
"qsapecng","","","","","","","",""
"qscintilla2","","","","","","","",""
"qsf","","","","","","","",""
"qsopt-ex","","","","","","","",""
"qstardict","","","","","","","",""
"qsynth","","","","","","","",""
"qt-advanced-docking-system","https://github.com/githubuser0xffff/qt-advanced-docking-system.git","","","","","","",""
"qt-assistant-compat","","","","","","","",""
"qt-color-widgets","","https://gitlab.com/mattbas/qt-color-widgets.git","","","","","",""
"qt-qml-models","https://github.com/cavewhere/qt-qml-models.git","","","","","","",""
"qt-style-kvantum","","","","","","","",""
"qt3-apps-dev","","","","","","","",""
"qt3-assistant","","","","","","","",""
"qt3-designer","","","","","","","",""
"qt3-dev-tools","","","","","","","",""
"qt3-dev-tools-compat","","","","","","","",""
"qt3-examples","","","","","","","",""
"qt3-linguist","","","","","","","",""
"qt3-qtconfig","","","","","","","",""
"qt3d-opensource-src","","","","","","","",""
"qt4-designer","","","","","","","",""
"qt4-dev-tools","","","","","","","",""
"qt4-qmake","","","","","","","",""
"qt4-qmlviewer","","","","","","","",""
"qt4-qtconfig","","","","","","","",""
"qt5-qmake","","","","","","","",""
"qt5ct","","","","","","","",""
"qt6-3d","","","","","","","",""
"qt6-5compat","","","","","","","",""
"qt6-base","","","","","","","",""
"qt6-base-dev-tools","","","","","","","",""
"qt6-base-private-abi","","","","","","","",""
"qt6-charts","","","","","","","",""
"qt6-connectivity","","","","","","","",""
"qt6-datavis3d","","","","","","","",""
"qt6-declarative","","","","","","","",""
"qt6-declarative-dev-tools","","","","","","","",""
"qt6-declarative-private-abi","","","","","","","",""
"qt6-designer-private-abi","","","","","","","",""
"qt6-graphs","","","","","","","",""
"qt6-grpc","","","","","","","",""
"qt6-httpserver","","","","","","","",""
"qt6-imageformats","","","","","","","",""
"qt6-languageserver","","","","","","","",""
"qt6-location","","","","","","","",""
"qt6-lottie","","","","","","","",""
"qt6-multimedia","","","","","","","",""
"qt6-networkauth","","","","","","","",""
"qt6-positioning","","","","","","","",""
"qt6-positioning-private-abi","","","","","","","",""
"qt6-quick3d","","","","","","","",""
"qt6-quick3d-dev-tools","","","","","","","",""
"qt6-quick3d-private-abi","","","","","","","",""
"qt6-quick3dphysics","","","","","","","",""
"qt6-quickeffectmaker","","","","","","","",""
"qt6-quicktimeline","","","","","","","",""
"qt6-remoteobjects","","","","","","","",""
"qt6-scxml","","","","","","","",""
"qt6-sensors","","","","","","","",""
"qt6-serialbus","","","","","","","",""
"qt6-serialport","","","","","","","",""
"qt6-shadertools","","","","","","","",""
"qt6-shadertools-private-abi","","","","","","","",""
"qt6-speech","","","","","","","",""
"qt6-svg","","","","","","","",""
"qt6-svg-private-abi","","","","","","","",""
"qt6-tools","","","","","","","",""
"qt6-tools-dev-tools","","","","","","","",""
"qt6-virtualkeyboard","","","","","","","",""
"qt6-wayland","","","","","","","",""
"qt6-wayland-dev-tools","","","","","","","",""
"qt6-waylandclient-private-abi","","","","","","","",""
"qt6-waylandcompositor-private-abi","","","","","","","",""
"qt6-webchannel","","","","","","","",""
"qt6-webengine","","","","","","","",""
"qt6-webengine-dev-tools","","","","","","","",""
"qt6-webengine-private-abi","","","","","","","",""
"qt6-websockets","","","","","","","",""
"qt6-webview","","","","","","","",""
"qtbase-abi-5-15-15","","","","","","","",""
"qtbase-opensource-src","","","","","","","",""
"qtbase-opensource-src-gles","","","","","","","",""
"qtbase5-dev-tools","","","","","","","",""
"qtcharts-opensource-src","","","","","","","",""
"qtchooser","","","","","","","",""
"qtconnectivity-opensource-src","","","","","","","",""
"qtcontacts-sqlite","https://github.com/sailfishos/qtcontacts-sqlite.git","","","","","","",""
"qtcreator","","","","","","","",""
"qtcurve","","","","","","https://invent.kde.org/system/qtcurve","",""
"qtdatavis3d-everywhere-src","","","","","","","",""
"qtdbusextended","https://github.com/nemomobile/qtdbusextended.git","","","","","","",""
"qtdeclarative-abi-5-15-15","","","","","","","",""
"qtdeclarative-opensource-src","","","","","","","",""
"qtdeclarative-opensource-src-gles","","","","","","","",""
"qtdeclarative5-dev-tools","","","","","","","",""
"qtemu","","","","","","","",""
"qterm","https://github.com/qterm/qterm.git","","","","","","",""
"qtermwidget","https://github.com/lxqt/qtermwidget.git","","","","","","",""
"qtfeedback-opensource-src","","","","","","","",""
"qtgamepad-everywhere-src","","","","","","","",""
"qtgraphicaleffects-opensource-src","","","","","","","",""
"qtilitools","","","","","","","",""
"qtimageformats-opensource-src","","","","","","","",""
"qtkeychain","https://github.com/frankosterfeld/qtkeychain.git","","","","","","",""
"qtlocation-opensource-src","","","","","","","",""
"qtlomiri-appmenutheme","","https://gitlab.com/ubports/development/core/qtlomiri-appmenutheme.git","","","","","",""
"qtmir","","https://gitlab.com/ubports/development/core/qtmir.git","","","","","",""
"qtmobility-dev","","","","","","","",""
"qtmpris","https://github.com/sailfishos/qtmpris.git","","","","","","",""
"qtmultimedia-opensource-src","","","","","","","",""
"qtnetworkauth-everywhere-src","","","","","","","",""
"qtnx","","","","","","","",""
"qtoctave","","","","","","","",""
"qtpim-opensource-src","","","","","","","",""
"qtquickcontrols-opensource-src","","","","","","","",""
"qtquickcontrols2-opensource-src","","","","","","","",""
"qtractor","","","","","","","",""
"qtscript-opensource-src","","","","","","","",""
"qtsensors-opensource-src","","","","","","","",""
"qtserialport-opensource-src","","","","","","","",""
"qtspeech-opensource-src","","","","","","","",""
"qtspell","https://github.com/manisandro/qtspell.git","","","","","","",""
"qtstalker","","","","","","","",""
"qtsvg-opensource-src","","","","","","","",""
"qtsystems-opensource-src","","","","","","","",""
"qttools-opensource-src","","","","","","","",""
"qttools5-dev-tools","","","","","","","",""
"qttranslations5-l10n","","","","","","","",""
"qtvirtualkeyboard-opensource-src","","","","","","","",""
"qtwayland-client-abi-5-15-15","","","","","","","",""
"qtwayland-compositor-abi-5-15-15","","","","","","","",""
"qtwayland-opensource-src","","","","","","","",""
"qtwebchannel-opensource-src","","","","","","","",""
"qtwebengine-abi-5-15-18","","","","","","","",""
"qtwebengine-opensource-src","","","","","","","",""
"qtwebsockets-opensource-src","","","","","","","",""
"qtwebview-opensource-src","","","","","","","",""
"qtx11extras-opensource-src","","","","","","","",""
"qtxdg-tools","https://github.com/lxqt/qtxdg-tools.git","","","","","","",""
"qtxmlpatterns-opensource-src","","","","","","","",""
"quadrapassel","","","","","","","",""
"quadrule","","","","","","","",""
"quagga","","","","","","","",""
"quake","","","","","","","",""
"quake-server","","","","","","","",""
"quake2","","","","","","","",""
"quake2-server","","","","","","","",""
"quake3","","","","","","","",""
"quake3-server","","","","","","","",""
"quakespasm","","","","","","","",""
"quantlib","","","","","","","",""
"quarry","","","","","","","",""
"quassel","","","","","","","",""
"qucs","","","","","","","",""
"quesoglc","","","","","","","",""
"quickfix","https://github.com/quickfix/quickfix.git","","","","","","",""
"quickflux","https://github.com/benlau/quickflux.git","","","","","","",""
"quicktree","https://github.com/khowe/quicktree.git","","","","","","",""
"quitcount","","","","","","","",""
"qupzilla","","","","","","","",""
"qutecom","","","","","","","",""
"qutemol","","","","","","","",""
"quvi","","","","","","","",""
"qwebdavlib","https://github.com/fredldotme/qwebdavlib.git","","","","","","",""
"qwo","","","","","","","",""
"qwprot","https://github.com/qw-group/qwprot.git","","","","","","",""
"qwt","","","","","","","",""
"qwtplot3d","","","","","","","",""
"qxmpp","","","","","","https://invent.kde.org/libraries/qxmpp","",""
"qxw","","","","","","","",""
"qzxing","https://github.com/ftylitak/qzxing.git","","","","","","",""
"r-api-4.0","","","","","","","",""
"r-base","","","","","","","",""
"r-base-core-dbg","","","","","","","",""
"r-cran-boot","","","","","","","",""
"r-cran-class","","","","","","","",""
"r-cran-cluster","","","","","","","",""
"r-cran-codetools","","","","","","","",""
"r-cran-foreign","","","","","","","",""
"r-cran-kernsmooth","","","","","","","",""
"r-cran-lattice","","","","","","","",""
"r-cran-mass","","","","","","","",""
"r-cran-matrix","","","","","","","",""
"r-cran-mgcv","","","","","","","",""
"r-cran-nlme","","","","","","","",""
"r-cran-nnet","","","","","","","",""
"r-cran-rpart","","","","","","","",""
"r-cran-spatial","","","","","","","",""
"r-cran-survival","","","","","","","",""
"r-graphics-engine-16","","","","","","","",""
"radare2","","","","","","","",""
"radcli","","","","","","","",""
"radeontool","","","","","","","",""
"radiance","","","","","","","",""
"radioclk","","","","","","","",""
"radiusd-livingston","","","","","","","",""
"radlib","","","","","","","",""
"radvd","","","","","","","",""
"rafkill","","","","","","","",""
"raft","","","","","","","",""
"ragel","https://github.com/adrian-thurston/ragel.git","","","","","","",""
"rainbow","","","","","","","",""
"raintpl","https://github.com/feulf/raintpl3.git","","","","","","",""
"rake","","","","","","","",""
"ramond","","","","","","","",""
"randomize-lines","","","","","","","",""
"randomsound","","","","","","","",""
"rang","https://github.com/agauniyal/rang.git","","","","","","",""
"range-v3","https://github.com/ericniebler/range-v3.git","","","","","","",""
"rapidfuzz-cpp","https://github.com/maxbachmann/rapidfuzz.git","","","","","","",""
"rapidjson","","","","","","","",""
"rapidxml","","","","","","","",""
"raptor-utils","","","","","","","",""
"raptor2","","","","","","","",""
"raqm","https://github.com/host-oman/libraqm.git","","","","","","",""
"rasqal","","","","","","","",""
"rasterlite-bin","","","","","","","",""
"ratpoints","","","","","","","",""
"ratpoison","","","","","","","",""
"ratproxy","","","","","","","",""
"rawtherapee","","","","","","","",""
"rblcheck","","","","","","","",""
"rc","https://github.com/rakitzis/rc.git","","","","","","",""
"rccl","https://github.com/rocm/rccl.git","","","","","","",""
"rcheevos","https://github.com/retroachievements/rcheevos.git","","","","","","",""
"rcs-blame","","","","","","","",""
"rdfind","","","","","","","",""
"rdist","","","","","","","",""
"rdkit","","","","","","","",""
"rdma-core","https://github.com/linux-rdma/rdma-core.git","","","","","","",""
"re2","https://github.com/google/re2.git","","","","","","",""
"read-edid","","","","","","","",""
"readahead-fedora","","","","","","","",""
"readerwriterqueue","https://github.com/cameron314/readerwriterqueue.git","","","","","","",""
"readline","","","","","","","",""
"readline-common","","","","","","","",""
"readosm","","","","","","","",""
"readpe","https://github.com/mentebinaria/readpe.git","","","","","","",""
"readpst","","","","","","","",""
"readseq","","","","","","","",""
"readstat","https://github.com/wizardmac/readstat.git","","","","","","",""
"realpath","","","","","","","",""
"realtimebattle","","","","","","","",""
"recastnavigation","https://github.com/recastnavigation/recastnavigation.git","","","","","","",""
"recode","https://github.com/rrthomas/recode.git","","","","","","",""
"recoll","","","","","","","",""
"recordmydesktop","","","","","","","",""
"recover","","","","","","","",""
"redis","","","","","","","",""
"redis-tools","","","","","","","",""
"redland","","","","","","","",""
"redshift","","","","","","","",""
"redsocks","","","","","","","",""
"refit","","","","","","","",""
"reflect-cpp","","","","","","","",""
"regina-rexx","","","","","","","",""
"reglookup","","","","","","","",""
"reiserfsprogs","","","","","","","",""
"rekonq","","","","","","","",""
"relacy","https://github.com/dvyukov/relacy.git","","","","","","",""
"rem","https://github.com/baresip/rem.git","","","","","","",""
"remake","","","","","","","",""
"remctl","","","","","","","",""
"renaissance","","","","","","","",""
"renameutils","","","","","","","",""
"rep","","","","","","","",""
"reprepro","","","","","","","",""
"reproc","https://github.com/daandemeyer/reproc.git","","","","","","",""
"reptyr","https://github.com/nelhage/reptyr.git","","","","","","",""
"resource-agents","","","","","","","",""
"restinio","https://github.com/stiffstream/restinio.git","","","","","","",""
"resvg","https://github.com/linebender/resvg.git","","","","","","",""
"retty","","","","","","","",""
"rfdump","","","","","","","",""
"rgbpaint","","","","","","","",""
"rgxg","","","","","","","",""
"rhash","","","","","","","",""
"rheolef","","","","","","","",""
"rhonabwy","https://github.com/babelouest/rhonabwy.git","","","","","","",""
"rhythmbox","","","","","","","",""
"ri","","","","","","","",""
"riemann-c-client","","","","","","https://git.madhouse-project.org/algernon/riemann-c-client","",""
"rifiuti2","","","","","","","",""
"ripole","","","","","","","",""
"ristretto","","","","","","","",""
"rkcommon","https://github.com/renderkit/rkcommon.git","","","","","","",""
"rkward","","","","","","","",""
"rlinetd","","https://salsa.debian.org/debian/rlinetd.git","","","","","",""
"rlottie","https://github.com/samsung/rlottie.git","","","","","","",""
"rlottie-qml","","https://gitlab.com/mymike00/rlottie-qml.git","","","","","",""
"rlplot","","","","","","","",""
"rlvm","","","","","","","",""
"rlwrap","https://github.com/hanslub42/rlwrap.git","","","","","","",""
"rmagic","https://github.com/jeremywadsack/reportmagic.git","","","","","","",""
"rnahybrid","","","","","","","",""
"rnp","","","","","","","",""
"roaraudio","","","","","","","",""
"roarclients","","","","","","","",""
"roarplaylistd","","","","","","","",""
"roarplaylistd-codechelper-gst","","","","","","","",""
"roarplaylistd-dev","","","","","","","",""
"roarplaylistd-tools","","","","","","","",""
"robin-map","https://github.com/tessil/robin-map.git","","","","","","",""
"roc-toolkit","","","","","","","",""
"rocalution","https://github.com/rocm/rocalution.git","","","","","","",""
"rocblas","https://github.com/rocm/rocblas.git","","","","","","",""
"rocdbgapi","https://github.com/rocm/rocdbgapi.git","","","","","","",""
"rocfft","https://github.com/rocm/rocfft.git","","","","","","",""
"rocksdb","","","","","","","",""
"rocksndiamonds","","","","","","","",""
"rocm-compilersupport","https://github.com/rocm/rocm-compilersupport.git","","","","","","",""
"rocm-device-libs","https://github.com/rocm/rocm-device-libs.git","","","","","","",""
"rocm-hipamd","https://github.com/rocm/clr.git","","","","","","",""
"rocm-smi-lib","https://github.com/rocm/rocm_smi_lib.git","","","","","","",""
"rocprim","https://github.com/rocm/rocprim.git","","","","","","",""
"rocr-runtime","https://github.com/rocm/rocr-runtime.git","","","","","","",""
"rocrand","https://github.com/rocm/rocrand.git","","","","","","",""
"rocs","","","","","","","",""
"rocsolver","https://github.com/rocm/rocsolver.git","","","","","","",""
"rocsparse","https://github.com/rocm/rocsparse.git","","","","","","",""
"roct-thunk-interface","https://github.com/rocm/roct-thunk-interface.git","","","","","","",""
"rocthrust","https://github.com/rocm/rocthrust.git","","","","","","",""
"roctracer","https://github.com/rocm/roctracer.git","","","","","","",""
"rolldice","https://github.com/sstrickl/rolldice.git","","","","","","",""
"root-system-bin","","","","","","","",""
"root-tail","","","","","","","",""
"ros-actionlib","","","","","","","",""
"ros-angles","","","","","","","",""
"ros-bond-core","","","","","","","",""
"ros-class-loader","","","","","","","",""
"ros-cmake-modules","","","","","","","",""
"ros-collada-urdf","","","","","","","",""
"ros-common-msgs","","","","","","","",""
"ros-diagnostics","","","","","","","",""
"ros-dynamic-reconfigure","","","","","","","",""
"ros-eigen-stl-containers","","","","","","","",""
"ros-environment","","","","","","","",""
"ros-geometric-shapes","","","","","","","",""
"ros-geometry","","","","","","","",""
"ros-geometry2","","","","","","","",""
"ros-image-common","","","","","","","",""
"ros-image-pipeline","","","","","","","",""
"ros-image-proc","","","","","","","",""
"ros-image-transport-plugins","","","","","","","",""
"ros-interactive-markers","","","","","","","",""
"ros-kdl-parser","","","","","","","",""
"ros-laser-geometry","","","","","","","",""
"ros-message-generation","","","","","","","",""
"ros-message-runtime","","","","","","","",""
"ros-navigation-msgs","https://github.com/ros-planning/navigation_msgs.git","","","","","","",""
"ros-nodelet-core","","","","","","","",""
"ros-opencv-apps","","","","","","","",""
"ros-pcl-msgs","","","","","","","",""
"ros-perception-pcl","","","","","","","",""
"ros-pluginlib","","","","","","","",""
"ros-random-numbers","","","","","","","",""
"ros-resource-retriever","","","","","","","",""
"ros-robot-state-publisher","","","","","","","",""
"ros-ros","","","","","","","",""
"ros-ros-comm","","","","","","","",""
"ros-ros-comm-msgs","","","","","","","",""
"ros-rosconsole","","","","","","","",""
"ros-rosconsole-bridge","","","","","","","",""
"ros-roscpp-core","","","","","","","",""
"ros-rospack","","","","","","","",""
"ros-rviz","","","","","","","",""
"ros-std-msgs","","","","","","","",""
"ros-urdf","","","","","","","",""
"ros-vision-opencv","","","","","","","",""
"ros2-ament-index","https://github.com/ament/ament_index.git","","","","","","",""
"ros2-osrf-testing-tools-cpp","https://github.com/osrf/osrf_testing_tools_cpp.git","","","","","","",""
"ros2-performance-test-fixture","https://github.com/ros2/performance_test_fixture.git","","","","","","",""
"ros2-rcpputils","https://github.com/ros2/rcpputils.git","","","","","","",""
"ros2-rcutils","https://github.com/ros2/rcutils.git","","","","","","",""
"ros2-rosidl","https://github.com/ros2/rosidl.git","","","","","","",""
"rosegarden","","","","","","","",""
"rotix","https://github.com/shemminga/rotix.git","","","","","","",""
"routino","","","","","","","",""
"rovclock","","","","","","","",""
"rp-pppoe","","","","","","","",""
"rpcbind","","","","","","","",""
"rpcsvc-proto","https://github.com/thkukuk/rpcsvc-proto.git","","","","","","",""
"rplay","","","","","","","",""
"rpld","","","","","","","",""
"rply","","","","","","","",""
"rpm","","","","","","","",""
"rpm2html","","","","","","","",""
"rpma","https://github.com/pmem/rpma.git","","","","","","",""
"rrdcollect","","","","","","","",""
"rrdcollect-dbg","","","","","","","",""
"rrdtool","","","","","","","",""
"rrep","","","","","","","",""
"rrootage","","","","","","","",""
"rsakeyfind","","","","","","","",""
"rsh-redone-client","","","","","","","",""
"rsh-redone-server","","","","","","","",""
"rsibreak","","","","","","","",""
"rsplib","","","","","","","",""
"rsrce","","","","","","","",""
"rssh","","","","","","","",""
"rsskit","","","","","","","",""
"rsync","","","","","","","",""
"rsyslog","","","","","","","",""
"rsyslog-doc","","","","","","","",""
"rsyslog-http","","","","","","","",""
"rt-tests","","","","","","","",""
"rtaudio","","","","","","","",""
"rtfilter","","","","","","","",""
"rtkit","https://github.com/heftig/rtkit.git","","","","","","",""
"rtklib","","","","","","","",""
"rtl-sdr","","","","","","","",""
"rtmidi","","","","","","","",""
"rtmpdump","","","","","","","",""
"rtorrent","","","","","","","",""
"rtpproxy","","","","","","","",""
"rttr","","","","","","","",""
"ru-tts","https://github.com/poretsky/ru_tts.git","","","","","","",""
"rubberband","","","","","","","",""
"ruby","","","","","","","",""
"ruby-all-dev","","","","","","","",""
"ruby-csv","","","","","","","",""
"ruby-defaults","","","","","","","",""
"ruby-dev","","","","","","","",""
"ruby-did-you-mean","","","","","","","",""
"ruby-gnome","","","","","","","",""
"ruby-hiredis","https://github.com/redis/hiredis-rb.git","","","","","","",""
"ruby-mapscript","","","","","","","",""
"ruby-net-telnet","","","","","","","",""
"ruby-pkg-config","","","","","","","",""
"ruby-prof","https://github.com/ruby-prof/ruby-prof.git","","","","","","",""
"ruby-rpatricia","","","","","","","",""
"ruby-ruby2-keywords","","","","","","","",""
"ruby-webrick","","","","","","","",""
"ruby-xmlrpc","","","","","","","",""
"ruby1.8","","","","","","","",""
"ruby3.3","","","","","","","",""
"rudecgi","","","","","","","",""
"rulex","https://github.com/poretsky/rulex.git","","","","","","",""
"ruli","","","","","","","",""
"rungetty","","","","","","","",""
"runit-helper","","","","","","","",""
"rust-dolby-vision","https://github.com/quietvoid/dovi_tool.git","","","","","","",""
"rust-fips203-ffi","https://github.com/integritychain/fips203.git","","","","","","",""
"rust-rav1e","https://github.com/xiph/rav1e.git","","","","","","",""
"rust-rpm-sequoia","","","","","","","",""
"rust-sequoia-octopus-librnp","","","","","","","",""
"rustc","","","","","","","",""
"rutilt","","","","","","","",""
"ruy","https://github.com/google/ruy.git","","","","","","",""
"rw","","","","","","","",""
"rxp","","","","","","","",""
"rxvt","","","","","","","",""
"rxvt-beta","","","","","","","",""
"rxvt-ml","","","","","","","",""
"rxvt-unicode","","","","","","","",""
"rxvt-unicode-256color","","","","","","","",""
"rxvt-unicode-lite","","","","","","","",""
"rygel","","","","","","","",""
"rzip","","","","","","","",""
"s3d","","","","","","","",""
"s3d-data","","","","","","","",""
"s51dude","","","","","","","",""
"s6","","","","","","","",""
"sa-exim","","","","","","","",""
"saclib","","","","","","","",""
"safe-iop","","","","","","","",""
"safecat","https://github.com/aperezdc/safecat.git","","","","","","",""
"safeclib","","","","","","","",""
"safecopy","","","","","","","",""
"safeint","https://github.com/dcleblanc/safeint.git","","","","","","",""
"saga","","","","","","","",""
"sail","https://github.com/happyseafox/sail.git","","","","","","",""
"sail-codecs","","","","","","","",""
"sailcut","","","","","","","",""
"sakura","","","","","","","",""
"sam2p","","","","","","","",""
"samba","","","","","","","",""
"samba-tools","","","","","","","",""
"samba4","","","","","","","",""
"samba4-clients","","","","","","","",""
"samba4-common-bin","","","","","","","",""
"samba4-dev","","","","","","","",""
"samba4-testsuite","","","","","","","",""
"samdump2","","","","","","","",""
"samplerate-programs","","","","","","","",""
"samtools","","","","","","","",""
"samtools-legacy","","","","","","","",""
"sandboxgamemaker","","","","","","","",""
"sane-backends","","","","","","","",""
"sanlock","","","","","","","",""
"saods9","","","","","","","",""
"sapphire","","","","","","","",""
"sarg","","","","","","","",""
"sasmodels","","","","","","","",""
"sauerbraten","","","","","","","",""
"sauerbraten-server","","","","","","","",""
"savi","","","","","","","",""
"savvy","https://github.com/statgen/savvy.git","","","","","","",""
"sawfish-dbg","","","","","","","",""
"sb16ctrl-bochs","","","","","","","",""
"sbc","","","","","","","",""
"sbjson","https://github.com/sbjson/sbjson.git","","","","","","",""
"scalapack","","","","","","","",""
"scamper","","","","","","","",""
"scanbuttond","","","","","","","",""
"scanlogd","","","","","","","",""
"scanmem","https://github.com/scanmem/scanmem.git","","","","","","",""
"scdaemon","","","","","","","",""
"schedtool","","","","","","","",""
"schism","","","","","","","",""
"schroedinger-coordgenlibs","https://github.com/schrodinger/coordgenlibs.git","","","","","","",""
"schroedinger-maeparser","","","","","","","",""
"scidavis","","","","","","","",""
"scifem","","","","","","","",""
"scilab","","","","","","","",""
"scim","https://github.com/scim-im/scim.git","","","","","","",""
"scim-bridge-agent","","","","","","","",""
"scim-bridge-client-gtk","","","","","","","",""
"scim-bridge-client-qt","","","","","","","",""
"scim-bridge-client-qt4","","","","","","","",""
"scim-clutter-immodule","","","","","","","",""
"scim-gtk2-immodule","","","","","","","",""
"scim-hangul","","","","","","","",""
"scim-pinyin","https://github.com/scim-im/scim-pinyin.git","","","","","","",""
"sciplot","","","","","","","",""
"scite","","","","","","","",""
"sciteproj","","","","","","","",""
"scitokens-cpp","https://github.com/scitokens/scitokens-cpp.git","","","","","","",""
"scm","","","","","","","",""
"scorched3d","","","","","","","",""
"scotch","","","","","","","",""
"screen","","","","","","","",""
"screentest","","","","","","","",""
"scribus","","","","","","","",""
"scribus-ng","","","","","","","",""
"scribus-ng-data","","","","","","","",""
"scrotwm","","","","","","","",""
"scrounge-ntfs","","","","","","","",""
"scrub","https://github.com/chaos/scrub.git","","","","","","",""
"scrypt","","","","","","","",""
"scscp-imcce","","","","","","","",""
"scummvm","","","","","","","",""
"scythestat","","","","","","","",""
"sdate","","","","","","","",""
"sdbus-cpp","https://github.com/kistler-group/sdbus-cpp.git","","","","","","",""
"sdcc","","","","","","","",""
"sdcv","","","","","","","",""
"sddm","","","","","","","",""
"sdl-image1.2","","","","","","","",""
"sdl-kitchensink","https://github.com/katajakasa/sdl_kitchensink.git","","","","","","",""
"sdl-mixer1.2","","","","","","","",""
"sdl-net1.2","","","","","","","",""
"sdl-sound1.2","","","","","","","",""
"sdl-ttf2.0","","","","","","","",""
"sdl12-compat","https://github.com/libsdl-org/sdl12-compat.git","","","","","","",""
"sdl2-compat","https://github.com/libsdl-org/sdl2-compat.git","","","","","","",""
"sdl2-pango","https://github.com/markuskimius/sdl2_pango.git","","","","","","",""
"sdlgfx","","","","","","","",""
"sdlpango","","","","","","","",""
"sdop","https://github.com/philiphazel/sdop.git","","","","","","",""
"sdparm","","","","","","","",""
"seafile","https://github.com/haiwen/seafile.git","","","","","","",""
"seahorse-daemon","","","","","","","",""
"searchmonkey","","","","","","","",""
"seatd","","","","","","","",""
"seaview","","","","","","","",""
"seccure","","","","","","","",""
"secsipidx","https://github.com/asipto/secsipidx.git","","","","","","",""
"secure-delete","","","","","","","",""
"sed","","","","","","","",""
"seed","","","","","","","",""
"seetxt","","","","","","","",""
"selinux-utils","","","","","","","",""
"sendmail","","","","","","","",""
"sensible-utils","","","","","","","",""
"sensors-applet","","","","","","","",""
"sentencepiece","https://github.com/google/sentencepiece.git","","","","","","",""
"sentinella","","","","","","","",""
"sep","https://github.com/sep-developers/sep.git","","","","","","",""
"seqan2","","","","","","","",""
"seqan3","","","","","","","",""
"seqtools","","","","","","","",""
"serd","","","","","","","",""
"serf","","","","","","","",""
"serialdv","https://github.com/f4exb/serialdv.git","","","","","","",""
"servicefw","","","","","","","",""
"set6x86","","","","","","","",""
"setcover","https://github.com/martin-steinegger/setcover.git","","","","","","",""
"sexpp","https://github.com/rnpgp/sexpp.git","","","","","","",""
"sextractor","","","","","","","",""
"seyon","","","","","","","",""
"sfarklib","https://github.com/raboof/sfarklib.git","","","","","","",""
"sfcgal","","","","","","","",""
"sfftobmp","","","","","","","",""
"sfftw-dev","","","","","","","",""
"sffview","","","","","","","",""
"sfsexp","https://github.com/mjsottile/sfsexp.git","","","","","","",""
"sfst","https://github.com/santhoshtr/sfst.git","","","","","","",""
"sg3-utils","","","","","","","",""
"sgt-puzzles","","","","","","","",""
"shaderc","https://github.com/google/shaderc.git","","","","","","",""
"shadow","https://github.com/shadow-maint/shadow.git","","","","","","",""
"shadowsocks-libev","","","","","","","",""
"shairplay","https://github.com/juhovh/shairplay.git","","","","","","",""
"shapelib","","","","","","","",""
"shared-mime-info","","","","","","","",""
"sharutils","","","","","","","",""
"shed","","","","","","","",""
"shell-fm","","","","","","","",""
"shellia","","","","","","","",""
"shhmsg","","","","","","","",""
"shhopt","","","","","","","",""
"shibboleth-resolver","","","","","","","",""
"shibboleth-sp","","","","","","","",""
"shiboken2","","","","","","","",""
"shiboken6","","","","","","","",""
"shine","https://github.com/savonet/shine.git","","","","","","",""
"shishi","","","","","","","",""
"shogun-python-modular","","","","","","","",""
"shotwell","","","","","","","",""
"shush","","","","","","","",""
"shutdown-qapps","","","","","","","",""
"sibsim4","","","","","","","",""
"sic","","","","","","","",""
"sidplay-libs","","","","","","","",""
"sight","","","","","","https://git.ircad.fr/sight/sight","",""
"sigma-align","","","","","","","",""
"signond","","https://gitlab.com/accounts-sso/signond.git","","","","","",""
"sigscheme","https://github.com/uim/sigscheme.git","","","","","","",""
"sigscheme-runtime","","","","","","","",""
"sigviewer","https://github.com/cbrnr/sigviewer.git","","","","","","",""
"silly","","","","","","","",""
"silo-llnl","","","","","","","",""
"sim4","","","","","","","",""
"simage","","","https://bitbucket.org/coin3d/simage.git","","","","",""
"simavr","https://github.com/buserror/simavr.git","","","","","","",""
"simbody","","","","","","","",""
"simde","https://github.com/simd-everywhere/simde.git","","","","","","",""
"simdjson","https://github.com/lemire/simdjson.git","","","","","","",""
"simgear","","","","","","","",""
"simgrid","","","","","","","",""
"simhash","","","","","","","",""
"simplescreenrecorder","","","","","","","",""
"simstring","","","","","","","",""
"simutrans","","","","","","","",""
"simutrans-pak64","","","","","","","",""
"since","","","","","","","",""
"sineshaper","","","","","","","",""
"singleapplication","https://github.com/itay-grudev/singleapplication.git","","","","","","",""
"singular","","","","","","","",""
"sip-tester","","","","","","","",""
"sip-tools","","","","","","","",""
"sipcrack","","","","","","","",""
"siscone","","","","","","","",""
"sisl","","","","","","","",""
"sitecopy","","","","","","","",""
"skalibs","","","","","","","",""
"skanlite","","","","","","","",""
"sketch","","","","","","","",""
"skkdic","","","","","","","",""
"skkdic-cdb","","","","","","","",""
"skksearch","","","","","","","",""
"skrooge","","","","","","","",""
"sks-ecc","","","","","","","",""
"skycat","","","","","","","",""
"skypat","https://github.com/skymizer/skypat.git","","","","","","",""
"sl-modem-daemon","","","","","","","",""
"sl-modem-source","","","","","","","",""
"slang2","","","","","","","",""
"slashem","","","","","","","",""
"slashem-gtk","","","","","","","",""
"sleef","","","","","","","",""
"sleepd","","","","","","","",""
"slepc","","","","","","","",""
"sleuthkit","","","","","","","",""
"slib","","","","","","","",""
"slicot","","","","","","","",""
"slim","","","","","","","",""
"slop","https://github.com/naelstrof/slop.git","","","","","","",""
"slrn","","","","","","","",""
"slrnface","","","","","","","",""
"sludge","","","","","","","",""
"sludge-devkit","","","","","","","",""
"slurm-wlm","","","","","","","",""
"slurm-wlm-basic-plugins","","","","","","","",""
"sma","","","","","","","",""
"smartlist","","","","","","","",""
"smartmontools","","","","","","","",""
"smb4k","","","","","","","",""
"smbfs","","","","","","","",""
"smc","","","","","","","",""
"smcroute","","","","","","","",""
"smpeg","","","","","","","",""
"snack","","","","","","","",""
"snap7","","","","","","","",""
"snapd-glib","https://github.com/snapcore/snapd-glib.git","","","","","","",""
"snaphu","","","","","","","",""
"snapper","","","","","","","",""
"snappy","","","","","","","",""
"sndio","","","","","","","",""
"sndobj","","","","","","","",""
"snmptrapfmt","","","","","","","",""
"snort-common-libraries","","","","","","","",""
"snowball","","","","","","","",""
"snowball-data","https://github.com/snowballstem/snowball-data.git","","","","","","",""
"snp-sites","https://github.com/sanger-pathogens/snp-sites.git","","","","","","",""
"sntp","","","","","","","",""
"soapysdr","https://github.com/pothosware/soapysdr.git","","","","","","",""
"sobby","","","","","","","",""
"socat","","","","","","","",""
"soci","","","","","","","",""
"socket++","https://github.com/malaterre/socketxx-1.git","","","","","","",""
"sockstat","https://github.com/alteholz/sockstat.git","","","","","","",""
"socnetv","","","","","","","",""
"sofia-sip","","","","","","","",""
"softflowd","https://github.com/irino/softflowd.git","","","","","","",""
"softgun","","","","","","","",""
"softhsm2","","","","","","","",""
"softhsm2-common","","","","","","","",""
"solid","","","","","","https://invent.kde.org/frameworks/solid","",""
"solid-pop3d","","","","","","","",""
"sollya","","","","","","","",""
"solvespace","","","","","","","",""
"sombok","https://github.com/hatukanezumi/sombok.git","","","","","","",""
"sonic","https://github.com/waywardgeek/sonic.git","","","","","","",""
"sonivox","https://github.com/pedrolcl/sonivox.git","","","","","","",""
"sonnet","","","","","","https://invent.kde.org/frameworks/sonnet","",""
"sope","","","","","","","",""
"soplex","https://github.com/scipopt/soplex.git","","","","","","",""
"soprano-daemon","","","","","","","",""
"sopt","","","","","","","",""
"sopwith","","","","","","","",""
"soqt","https://github.com/coin3d/soqt.git","","","","","","",""
"sord","","","","","","","",""
"sound-juicer","","","","","","","",""
"sound-theme-freedesktop","","","","","","","",""
"soundkonverter","","","","","","","",""
"soundtouch","","","","","","","",""
"source-highlight","","","","","","","",""
"sox","","","","","","","",""
"spamass-milter","","","","","","","",""
"spamassassin","","","","","","","",""
"spamprobe","","","","","","","",""
"spandsp","","","","","","","",""
"sparse","","","","","","","",""
"sparsehash","https://github.com/sparsehash/sparsehash.git","","","","","","",""
"sparskit","","","","","","","",""
"spatialindex","","","","","","","",""
"spatialite","","","","","","","",""
"spatialite-gui","","","","","","","",""
"spatialite-tools","","","","","","","",""
"spawn-fcgi","","","","","","","",""
"spdlog","https://github.com/gabime/spdlog.git","","","","","","",""
"speakup-source","","","","","","","",""
"spectemu-x11","","","","","","","",""
"spectools","","","","","","","",""
"spectra","","","","","","","",""
"spectrwm","https://github.com/conformal/spectrwm.git","","","","","","",""
"speech-dispatcher","","","","","","","",""
"speech-tools","","","","","","","",""
"speex","","","","","","","",""
"speexdsp","","","","","","","",""
"spellutils","","","","","","","",""
"spew","","","","","","","",""
"spfft","https://github.com/eth-cscs/spfft.git","","","","","","",""
"spglib","","","","","","","",""
"spherepack","","","","","","","",""
"sphinx-common","","","","","","","",""
"sphinx-rtd-theme-common","","","","","","","",""
"sphinxbase","","","","","","","",""
"sphinxsearch","","","","","","","",""
"spice","","","","","","","",""
"spice-client-glib-usb-acl-helper","","","","","","","",""
"spice-gtk","","","","","","","",""
"spice-protocol","","","","","","","",""
"spinner","","","","","","","",""
"spirv-cross","https://github.com/khronosgroup/spirv-cross.git","","","","","","",""
"spirv-headers","https://github.com/khronosgroup/spirv-headers.git","","","","","","",""
"spirv-llvm-translator-17","https://github.com/khronosgroup/spirv-llvm-translator.git","","","","","","",""
"spirv-llvm-translator-18","https://github.com/khronosgroup/spirv-llvm-translator.git","","","","","","",""
"spirv-llvm-translator-19","https://github.com/khronosgroup/spirv-llvm-translator.git","","","","","","",""
"spirv-tools","https://github.com/khronosgroup/spirv-tools.git","","","","","","",""
"spline","","","","","","","",""
"splint","","","","","","","",""
"splitvt","","","","","","","",""
"spoa","https://github.com/rvaser/spoa.git","","","","","","",""
"spotlighter","","","","","","","",""
"spout","","","","","","","",""
"spread-sheet-widget","","","","","","","",""
"spring","","","","","","","",""
"springlobby","","","","","","","",""
"sprng","","","","","","","",""
"sqlcipher","","","","","","","",""
"sqlite","","","","","","","",""
"sqlite-modern-cpp","https://github.com/sqlitemoderncpp/sqlite_modern_cpp.git","","","","","","",""
"sqlite3","","","","","","","",""
"sqlitecpp","","","","","","","",""
"sqliteodbc","","","","","","","",""
"squashfs-tools","","","","","","","",""
"squashfs-tools-ng","https://github.com/agentd/squashfs-tools-ng.git","","","","","","",""
"squashfuse","https://github.com/vasi/squashfuse.git","","","","","","",""
"squeeze","","","","","","","",""
"squid","","","","","","","",""
"squid-langpack","","","","","","","",""
"squid3","","","","","","","",""
"squid3-dbg","","","","","","","",""
"squidguard","","","","","","","",""
"squirrel3","","","","","","","",""
"squizz","","","","","","","",""
"sqv","","","","","","","",""
"sra-sdk","https://github.com/ncbi/sra-tools.git","","","","","","",""
"sratom","","","","","","","",""
"srecord","","","","","","","",""
"srf","","","","","","","",""
"srg","","","","","","","",""
"srm-ifce","","","","","","","",""
"srpc","https://github.com/sogou/srpc.git","","","","","","",""
"srt","https://github.com/haivision/srt.git","","","","","","",""
"ssdeep","https://github.com/ssdeep-project/ssdeep.git","","","","","","",""
"sse3-support","","","","","","","",""
"sse4.2-support","","","","","","","",""
"ssh-agent-filter","","","","","","https://git.tiwe.de/ssh-agent-filter.git","",""
"ssh-askpass","","","","","","","",""
"sshfs-fuse","https://github.com/libfuse/sshfs.git","","","","","","",""
"sshguard","","","","","","","",""
"sshpass","","","","","","","",""
"ssl-cert","","","","","","","",""
"sslh","","","","","","","",""
"sslscan","https://github.com/rbsec/sslscan.git","","","","","","",""
"ssm","","","","","","","",""
"sssd","https://github.com/sssd/sssd.git","","","","","","",""
"sstp-client","","https://gitlab.com/eivnaes/sstp-client.git","","","","","",""
"ssvnc","","","","","","","",""
"st","","","","","","","",""
"staden-io-lib","https://github.com/jkbonfield/io_lib.git","","","","","","",""
"starlink-ast","","","","","","","",""
"starlink-pal","","","","","","","",""
"starplot","","","","","","","",""
"starpu","","","","","","","",""
"startpar","","","","","","","",""
"startup-notification","","","","","","","",""
"stdgpu","https://github.com/stotko/stdgpu.git","","","","","","",""
"stealth","","","","","","https://fbb-git.gitlab.io/stealth","",""
"stella","","","","","","","",""
"stellarsolver","https://github.com/rlancaste/stellarsolver.git","","","","","","",""
"step","","","","","","","",""
"steptalk","","","","","","","",""
"stfl","","","","","","","",""
"stk","","","","","","","",""
"stlink","https://github.com/stlink-org/stlink.git","","","","","","",""
"stockfish","","","","","","","",""
"stoken","","","","","","","",""
"stops","","","","","","","",""
"stopt","","https://gitlab.com/stochastic-control/stopt.git","","","","","",""
"stormbaancoureur","","","","","","","",""
"stormlib","","","","","","","",""
"strace","","","","","","","",""
"strace64","","","","","","","",""
"stratoshark","","","","","","","",""
"strcase","","","","","","","",""
"strigi-client","","","","","","","",""
"strigi-daemon","","","","","","","",""
"strigi-utils","","","","","","","",""
"stringencoders","https://github.com/client9/stringencoders.git","","","","","","",""
"stroq","","","","","","","",""
"structure-synth","","","","","","","",""
"structure-synth-dbg","","","","","","","",""
"stterm","","","","","","","",""
"stunnel4","","","","","","","",""
"subcommander","","","","","","","",""
"subnetcalc","","","","","","","",""
"subtitlecomposer","","","","","","","",""
"subtitleeditor","","","","","","","",""
"subunit","","","","","","","",""
"subversion","","","","","","","",""
"suckless-tools","","","","","","","",""
"sudo","","","","","","","",""
"sudoku","https://github.com/cinemast/sudoku.git","","","","","","",""
"sugar-toolkit-gtk3","","","","","","","",""
"suil","","","","","","","",""
"suitesparse","","","","","","","",""
"suitesparse-graphblas","","","","","","","",""
"sumalibs","","","","","","https://git.metabarcoding.org/obitools/sumalibs","",""
"sunclock","https://github.com/nongiach/sunclock.git","","","","","","",""
"sundials","","","","","","","",""
"sunpinyin","https://github.com/sunpinyin/sunpinyin.git","","","","","","",""
"sup","","","","","","","",""
"super","","","","","","","",""
"supercat","","","","","","","",""
"supercollider","","","","","","","",""
"superiotool","","","","","","","",""
"superlu","https://github.com/xiaoyeli/superlu.git","","","","","","",""
"superlu-dist","https://github.com/xiaoyeli/superlu_dist.git","","","","","","",""
"supermin","","","","","","","",""
"supernovas","","","","","","","",""
"supertransball2","","","","","","","",""
"supertux","","","","","","","",""
"supertuxkart","","","","","","","",""
"surgescript","","","","","","","",""
"suricata","","","","","","","",""
"suricata-oinkmaster","","","","","","","",""
"suru-icon-theme","","","","","","","",""
"survex","","","","","","","",""
"svgalib-bin","","","","","","","",""
"svgpp","https://github.com/svgpp/svgpp.git","","","","","","",""
"svn-all-fast-export","https://github.com/svn-all-fast-export/svn2git.git","","","","","","",""
"svt-av1","","https://gitlab.com/aomediacodec/svt-av1.git","","","","","",""
"svxlink","","","","","","","",""
"swami","https://github.com/swami/swami.git","","","","","","",""
"swapspace","https://github.com/tookmund/swapspace.git","","","","","","",""
"swat","","","","","","","",""
"swe-data","","","","","","","",""
"swe-standard-data","","","","","","","",""
"sweeper","","","","","","","",""
"swell-foop","","","","","","","",""
"swfmill","","","","","","","",""
"swi-prolog","","","","","","","",""
"swiftlang","","","","","","","",""
"swig2.0","","","","","","","",""
"swish++","","","","","","","",""
"switchsh","","","","","","","",""
"sword","","","","","","","",""
"swt4-gtk","","","","","","","",""
"swupdate","","","","","","","",""
"sxid","","","","","","","",""
"syfi-dev","","","","","","","",""
"sylfilter","","","","","","","",""
"sylph-searcher","","","","","","","",""
"sylpheed","","","","","","","",""
"symfpu","https://github.com/martin-cs/symfpu.git","","","","","","",""
"symmetrica","","https://gitlab.com/sagemath/symmetrica.git","","","","","",""
"synaptic","https://github.com/mvo5/synaptic.git","","","","","","",""
"sync-ui","","","","","","","",""
"synce-hal","","","","","","","",""
"syncevolution","","","","","","","",""
"syncevolution-common","","","","","","","",""
"syncevolution-dbus","","","","","","","",""
"syncevolution-http","","","","","","","",""
"syncevolution-libs","","","","","","","",""
"syncevolution-libs-gnome","","","","","","","",""
"syndication","","","","","","https://invent.kde.org/frameworks/syndication","",""
"synergy","","","","","","","",""
"synfig","","","","","","","",""
"synfig-dbg","","","","","","","",""
"synfig-examples","","","","","","","",""
"synfigstudio","","","","","","","",""
"synopsis","","","","","","","",""
"syrep","","","","","","","",""
"syrthes","","","","","","","",""
"syrthes-gui","","","","","","","",""
"syrthes-tests","","","","","","","",""
"syrthes-tools","","","","","","","",""
"sysbench","https://github.com/akopytov/sysbench.git","","","","","","",""
"sysfsutils","https://github.com/linux-ras/sysfsutils.git","","","","","","",""
"sysinfo","","","","","","","",""
"syslinux","","","","","","","",""
"syslog-ng","","","","","","","",""
"syslog-ng-core","","","","","","","",""
"sysprof","","","","","","","",""
"sysrqd","","","","","","","",""
"sysstat","","","","","","","",""
"system-tools-backends","","","","","","","",""
"systemc","https://github.com/accellera-official/systemc.git","","","","","","",""
"systemd","","","","","","","",""
"systemd-cryptsetup","","","","","","","",""
"systemd-sysv","","","","","","","",""
"systempreferences.app","","","","","","","",""
"systemsettings","","","","","","https://invent.kde.org/plasma/systemsettings","",""
"systemtap","","","","","","http://sourceware.org/systemtap/","",""
"sysvinit","https://github.com/slicer69/sysvinit.git","https://salsa.debian.org/debian/sysvinit.git","","","","","",""
"t-coffee","","","","","","","",""
"t38modem","","","","","","","",""
"t4kcommon","","","","","","","",""
"tacacs+","","","","","","","",""
"tachyon","","","","","","","",""
"tads2","","","","","","","",""
"tads3","","","","","","","",""
"tagainijisho","","","","","","","",""
"tagcoll","","","","","","","",""
"taggrepper","https://github.com/kumanna/taggrepper.git","","","","","","",""
"taglib","","","","","","","",""
"tagtool","","","","","","","",""
"tagua","","","","","","","",""
"tagua-data","","","","","","","",""
"taktuk","","","","","","","",""
"tali","","","","","","","",""
"tamuanova","","","","","","","",""
"tango","","","","","","","",""
"tango-common","","","","","","","",""
"taningia","","","","","","","",""
"tao-config","https://github.com/taocpp/config.git","","","","","","",""
"tao-json","https://github.com/taocpp/json.git","","","","","","",""
"tao-pegtl","https://github.com/taocpp/pegtl.git","","","","","","",""
"tar","","","","","","","",""
"tarantool","","","","","","","",""
"tardy","","","","","","","",""
"tart","","","","","","","",""
"task","","","","","","","",""
"task-spooler","","","","","","","",""
"taskflow","","","","","","","",""
"tasmanian","https://github.com/ornl/tasmanian.git","","","","","","",""
"tau","","","","","","","",""
"tayga","","","","","","","",""
"tbox","https://github.com/tboox/tbox.git","","","","","","",""
"tcc","","","","","","","",""
"tcd-utils","","","","","","","",""
"tcl","","","","","","","",""
"tcl-awthemes","","","","","","","",""
"tcl-expect","","","","","","","",""
"tcl-fitstcl","","","","","","","",""
"tcl-memchan","","","","","","","",""
"tcl-signal","","","","","","","",""
"tcl-syslog","https://github.com/mxmanghi/tcl-syslog.git","","","","","","",""
"tcl-tls","","","","","","","",""
"tcl-trf","","","","","","","",""
"tcl-ttkthemes","","","","","","","",""
"tcl-unix-sockets","https://github.com/cyanogilvie/unix_sockets.git","","","","","","",""
"tcl-xpa","","","","","","","",""
"tcl8.6","","","","","","","",""
"tcl8.6-dev","","","","","","","",""
"tcl9.0","","","","","","","",""
"tclcl","","","","","","","",""
"tcliis","","","","","","","",""
"tcllib","","","","","","","",""
"tcltk-defaults","","","","","","","",""
"tcltrf","","","","","","","",""
"tcludp","","","","","","","",""
"tclxml","https://github.com/wjoye/tclxml.git","","","","","","",""
"tcm","","","","","","","",""
"tcmu","https://github.com/open-iscsi/tcmu-runner.git","","","","","","",""
"tcp-wrappers","","","","","","","",""
"tcpdump","","","","","","","",""
"tcpflow","https://github.com/simsong/tcpflow.git","","","","","","",""
"tcplay","https://github.com/bwalex/tc-play.git","","","","","","",""
"tcpreen","","","","","","","",""
"tcpslice","","","","","","","",""
"tcpspy","","","","","","","",""
"tcpstat","","","","","","","",""
"tcptraceroute","https://github.com/mct/tcptraceroute.git","","","","","","",""
"tcpxtract","","","","","","","",""
"tcsh","","","","","","","",""
"td","https://github.com/tdlib/td.git","","","","","","",""
"td1.8.11","https://github.com/tdlib/td.git","","","","","","",""
"tdbc","","","","","","","",""
"tdbcmysql","","","","","","","",""
"tdbcodbc","","","","","","","",""
"tdbcpostgres","","","","","","","",""
"tdbcsqlite3","","","","","","","",""
"tdl","","","","","","","",""
"tdom","","","","","","","",""
"tea","","","","","","","",""
"teckit","https://github.com/silnrsi/teckit.git","","","","","","",""
"tecla","","","","","","","",""
"tecnoballz","","","","","","","",""
"tee-supplicant","","","","","","","",""
"teem","","","","","","","",""
"teeworlds","","","","","","","",""
"teg","https://github.com/wfx/teg.git","","","","","","",""
"telegnome","","","","","","","",""
"telepathy-farstream","","","","","","","",""
"telepathy-gabble","","","","","","","",""
"telepathy-glib","","","","","","","",""
"telepathy-haze","","","","","","","",""
"telepathy-idle","","","","","","","",""
"telepathy-logger","","","","","","","",""
"telepathy-mission-control-5","","","","","","","",""
"telepathy-qt","","","","","","","",""
"telepathy-rakia","","","","","","","",""
"telepathy-salut","","","","","","","",""
"tellico","","","","","","","",""
"template-glib","","","","","","","",""
"tenace","","","","","","","",""
"tennix","","","","","","","",""
"tensorpipe","https://github.com/pytorch/tensorpipe.git","","","","","","",""
"tercpp","","","","","","","",""
"termbox","https://github.com/nsf/termbox.git","","","","","","",""
"termpaint","","","","","","","",""
"terraphast","https://github.com/amkozlov/terraphast-one.git","","","","","","",""
"tessa","","","","","","","",""
"tesseract","","","","","","","",""
"tesseract-ocr-eng","","","","","","","",""
"tesseract-ocr-osd","","","","","","","",""
"tetgen","","","","","","","",""
"tetradraw","","","","","","","",""
"tetraproc","","","","","","","",""
"tetrinet","","","","","","","",""
"tex-common","","","","","","","",""
"texinfo","","","","","","","",""
"texlive-base","","","","","","","",""
"texlive-bin","","","","","","","",""
"texlive-extra-utils","","","","","","","",""
"texlive-font-utils","","","","","","","",""
"texlive-fonts-recommended","","","","","","","",""
"texlive-lang-indic","","","","","","","",""
"texlive-latex-base","","","","","","","",""
"texlive-latex-extra","","","","","","","",""
"texlive-latex-recommended","","","","","","","",""
"texlive-metapost","","","","","","","",""
"texlive-pictures","","","","","","","",""
"texlive-plain-generic","","","","","","","",""
"texmaker","","","","","","","",""
"texworks","","","","","","","",""
"tf5","","","","","","","",""
"tgif","","","","","","","",""
"therion","","","","","","","",""
"theseus","","","","","","","",""
"thewidgetfactory","","","","","","","",""
"thinkfan","https://github.com/vmatare/thinkfan.git","","","","","","",""
"thoggen","","","","","","","",""
"threadweaver","","","","","","https://invent.kde.org/frameworks/threadweaver","",""
"thrift","","","","","","","",""
"thunar","","","","","","","",""
"thunar-archive-plugin","","","","","","","",""
"thunar-media-tags-plugin","","","","","","","",""
"thunar-volman","","","","","","","",""
"ticcutils","https://github.com/languagemachines/ticcutils.git","","","","","","",""
"tickr","","","","","","","",""
"tidy-html5","","","","","","","",""
"tiff","","","","","","","",""
"tig","","","","","","","",""
"tiger","","","","","","","",""
"tigr-glimmer","","","","","","","",""
"tijmp","","","","","","","",""
"tilda","https://github.com/lanoxx/tilda.git","","","","","","",""
"tiled-qt","","","","","","","",""
"timbl","","","","","","","",""
"timblserver","","","","","","","",""
"time","","","","","","","",""
"timelimit","","","","","","","",""
"timgm6mb-soundfont","","","","","","","",""
"timidity","","","","","","","",""
"tin","","","","","","","",""
"tinc","","","","","","","",""
"tint2","","https://gitlab.com/o9000/tint2.git","","","","","",""
"tintii","","","","","","","",""
"tinycbor","https://github.com/intel/tinycbor.git","","","","","","",""
"tinycdb","","","","","","","",""
"tinyexr","https://github.com/syoyo/tinyexr.git","","","","","","",""
"tinyframe","https://github.com/dns-oarc/tinyframe.git","","","","","","",""
"tinygltf","https://github.com/syoyo/tinygltf.git","","","","","","",""
"tinyobjloader","https://github.com/tinyobjloader/tinyobjloader.git","","","","","","",""
"tinyows","","","","","","","",""
"tinysparql","","","","","","","",""
"tinyusb","https://github.com/hathach/tinyusb.git","","","","","","",""
"tinywm","","","","","","","",""
"tinyxml","","","","","","","",""
"tinyxml2","","","","","","","",""
"tiobench","","","","","","","",""
"tioga","","","","","","","",""
"tix","","","","","","","",""
"tk","","","","","","","",""
"tk-dev","","","","","","","",""
"tk-html1","","","","","","","",""
"tk-mpeg","","","","","","","",""
"tk-table","","","","","","","",""
"tk8.6","","","","","","","",""
"tk8.6-dev","","","","","","","",""
"tk9.0","","","","","","","",""
"tkblt","","","","","","","",""
"tkcon","","","","","","","",""
"tklib","","","","","","","",""
"tkrzw","","","","","","","",""
"tl-expected","","","","","","","",""
"tl-optional","https://github.com/tartanllama/optional.git","","","","","","",""
"tla","","","","","","","",""
"tla-doc","","","","","","","",""
"tllist","","","","","https://codeberg.org/dnkl/tllist.git","","",""
"tlsh","https://github.com/trendmicro/tlsh.git","","","","","","",""
"tmispell-voikko","","","","","","","",""
"tmux","https://github.com/tmux/tmux.git","","","","","","",""
"tnat64","https://github.com/andrewshadura/tnat64.git","","","","","","",""
"tnef","https://github.com/verdammelt/tnef.git","","","","","","",""
"tnftp","","","","","","","",""
"tntdb","","","","","","","",""
"tntnet","","","","","","","",""
"tofrodos","","","","","","","",""
"toga2","","","","","","","",""
"togl","","","","","","","",""
"tokyocabinet","","","","","","","",""
"tokyotyrant","","","","","","","",""
"tokyotyrant-utils","","","","","","","",""
"tolua++","","","","","","","",""
"tomcat-native","","","","","","","",""
"toml11","https://github.com/toruniina/toml11.git","","","","","","",""
"tomlplusplus","","","","","","","",""
"tomsfastmath","","","","","","","",""
"toon","","","","","","","",""
"toontag","","","","","","","",""
"topcom","","","","","","","",""
"tor","","","","","","","",""
"tora","","","","","","","",""
"torcs","","","","","","","",""
"torrus","","","","","","","",""
"toshset","","","","","","","",""
"totem","","","","","","","",""
"totem-pl-parser","","","","","","","",""
"totem-video-thumbnailer","","","","","","","",""
"tp-smapi","https://github.com/linux-thinkpad/tp_smapi.git","","","","","","",""
"tp-smapi-source","","","","","","","",""
"tpb","","","","","","","",""
"tpm-tools","","","","","","","",""
"tpm-udev","","","","","","","",""
"tpm2-abrmd","https://github.com/intel/tpm2-abrmd.git","","","","","","",""
"tpm2-openssl","https://github.com/tpm2-software/tpm2-openssl.git","","","","","","",""
"tpm2-pkcs11","https://github.com/tpm2-software/tpm2-pkcs11.git","","","","","","",""
"tpm2-tss","https://github.com/tpm2-software/tpm2-tss.git","","","","","","",""
"tpm2-tss-engine","https://github.com/tpm2-software/tpm2-tss-engine.git","","","","","","",""
"trace-cmd","","","","","","","",""
"traceroute","","","","","","","",""
"tracker-miners","","","","","","","",""
"tracker-utils","","","","","","","",""
"traildb","https://github.com/traildb/traildb.git","","","","","","",""
"transcend","","","","","","","",""
"transfermii","","","","","","","",""
"transfermii-gui","","","","","","","",""
"transfig","","","","","","","",""
"transmission","","","","","","","",""
"traverso","","","","","","","",""
"trayer","https://github.com/sargon/trayer-srg.git","","","","","","",""
"tre","","","","","","","",""
"tree","","","","","","","",""
"tree-puzzle","","","","","","","",""
"tree-sitter","","","","","","","",""
"tree-sitter-c","https://github.com/tree-sitter/tree-sitter-c.git","","","","","","",""
"tree-sitter-lua","https://github.com/tree-sitter-grammars/tree-sitter-lua.git","","","","","","",""
"tree-sitter-markdown","https://github.com/tree-sitter-grammars/tree-sitter-markdown.git","","","","","","",""
"tree-sitter-query","https://github.com/tree-sitter-grammars/tree-sitter-query.git","","","","","","",""
"tree-sitter-vim","https://github.com/tree-sitter-grammars/tree-sitter-vim.git","","","","","","",""
"tree-sitter-vimdoc","https://github.com/neovim/tree-sitter-vimdoc.git","","","","","","",""
"treeland-protocols","https://github.com/linuxdeepin/treeland-protocols.git","","","","","","",""
"treeviewx","https://github.com/rdmpage/treeviewx.git","","","","","","",""
"treil","","","","","","","",""
"tremulous","","","","","","","",""
"tremulous-server","","","","","","","",""
"trend","","","","","","","",""
"trickle","https://github.com/mariusae/trickle.git","","","","","","",""
"trigger-rally","","","","","","","",""
"trilinos","","","","","","","",""
"triplane","","","","","","","",""
"trn4","","","","","","","",""
"trompeloeil-cpp","https://github.com/rollbear/trompeloeil.git","","","","","","",""
"trophy","","","","","","","",""
"trousers","","","","","","","",""
"tse3","","","","","","","",""
"tslib","","","","","","","",""
"tsocks","","","","","","","",""
"tstools","https://github.com/kynesim/tstools.git","","","","","","",""
"ttfautohint","","","","","","","",""
"tth","","","","","","","",""
"tty-clock","https://github.com/xorg62/tty-clock.git","","","","","","",""
"ttylog","","","","","","","",""
"ttyrec","https://github.com/ovh/ovh-ttyrec.git","","","","","","",""
"ttysnoop","","","","","","","",""
"tucnak2","","","","","","","",""
"tudu","","","","","","","",""
"tuiwidgets","","","","","","","",""
"tulip","","","","","","","",""
"tumbler","","","","","","","",""
"tuning-library","https://github.com/surge-synthesizer/tuning-library.git","","","","","","",""
"turqstat","","","","","","","",""
"tuxcmd-modules","","","","","","","",""
"tuxmath","","","","","","","",""
"tuxpaint-config","","","","","","","",""
"tuxpuck","","","","","","","",""
"tuxtype","","","","","","","",""
"tweeny","https://github.com/mobius3/tweeny.git","","","","","","",""
"twinkle","","","","","","","",""
"twm","","","","","","","",""
"twolame","","","","","","","",""
"tworld","","","","","","","",""
"tworld-data","","","","","","","",""
"txt2html","","","","","","","",""
"txtreader","","","","","","","",""
"tzdata","","","","","","","",""
"tzdata-legacy","","","","","","","",""
"u1db-qt","","https://gitlab.com/ubports/development/core/u1db-qt.git","","","","","",""
"u3-tool","","","","","","","",""
"uanytun","","","","","","","",""
"ubertooth","","","","","","","",""
"uboot-mkimage","","","","","","","",""
"ucf","","","","","","","",""
"uchardet","","","","","","","",""
"ucl","","","","","","","",""
"ucommon","","","","","","","",""
"ucpp","","","","","","","",""
"ucspi-tcp","","","","","","","",""
"ucspi-unix","","","","","","","",""
"ucto","","","","","","","",""
"uctodata","","","","","","","",""
"ucx","","","","","","","",""
"udisks","","","","","","","",""
"udisks2","","","","","","","",""
"udisks2-qt5","https://github.com/linuxdeepin/udisks2-qt5.git","","","","","","",""
"udns","","","","","","","",""
"udpcast","","","","","","","",""
"udt","","","","","","","",""
"udunits","","","","","","","",""
"ufc","","","","","","","",""
"ufo-core","","","","","","","",""
"ufo-filters","","","","","","","",""
"ufraw-batch","","","","","","","",""
"ufsutils","","","","","","","",""
"uget","","","","","","","",""
"uhd","","","","","","","",""
"uhttpmock","","https://gitlab.freedesktop.org/pwithnall/uhttpmock.git","","","","","",""
"uhttpmock0","","https://gitlab.freedesktop.org/pwithnall/uhttpmock.git","","","","","",""
"ui-gxmlcpp","","","","","","","",""
"ui-utilcpp","","","","","","","",""
"uif2iso","","","","","","","",""
"uil","","","","","","","",""
"uim","https://github.com/uim/uim.git","","","","","","",""
"uim-applet-gnome","","","","","","","",""
"uim-data","","","","","","","",""
"uim-dict-gtk","","","","","","","",""
"uim-dict-gtk3","","","","","","","",""
"uim-gtk2.0-immodule","","","","","","","",""
"uim-gtk3-immodule","","","","","","","",""
"uim-qt","","","","","","","",""
"uim-utils","","","","","","","",""
"uisp","","","","","","","",""
"ukui-app-widget","","","","","","","",""
"ukui-interface","https://github.com/ukui/ukui-interface.git","","","","","","",""
"ukui-menus","","","","","","","",""
"ukwm","","","","","","","",""
"ukwm-common","","","","","","","",""
"ulfius","https://github.com/babelouest/ulfius.git","","","","","","",""
"umbrello","","","","","","","",""
"umockdev","https://github.com/martinpitt/umockdev.git","","","","","","",""
"unac","","","","","","","",""
"unace","","","","","","","",""
"unace-nonfree","","","","","","","",""
"unadf","","","","","","","",""
"unalz","","","","","","","",""
"unar","","","","","","","",""
"unbound","","","","","","","",""
"unclutter","","","","","","","",""
"unetbootin","","","","","","","",""
"unhide","","","","","","","",""
"unhtml","","","","","","","",""
"uni2ascii","","","","","","","",""
"unibilium","https://github.com/neovim/unibilium.git","","","","","","",""
"unicap","","","","","","","",""
"unicorn-engine","","","","","","","",""
"unidic-mecab","","","","","","","",""
"unifont","","","","","","","",""
"unifrac-tools","https://github.com/biocore/unifrac-binaries.git","","","","","","",""
"unilog","https://github.com/xilinx/vitis-ai.git","","","","","","",""
"units","","","","","","","",""
"units-cpp","https://github.com/nholthaus/units.git","","","","","","",""
"units-filter","","","","","","","",""
"unittest++","https://github.com/unittest-cpp/unittest-cpp.git","","","","","","",""
"universal-detector","https://github.com/macpaw/universal-detector.git","","","","","","",""
"unixcw","","","","","","","",""
"unixodbc","","","","","","","",""
"unixodbc-bin","","","","","","","",""
"unmass","","","","","","","",""
"unmo3","","","","","","","",""
"unpaper","","","","","","","",""
"unrar","","","","","","","",""
"unrar-free","","https://gitlab.com/bgermann/unrar-free.git","","","","","",""
"unrtf","","","","","","","",""
"unscd","","","","","","","",""
"unshield","https://github.com/twogood/unshield.git","","","","","","",""
"unsort","","","","","","https://git.fruit.je/unsort","",""
"unuran","","","","","","","",""
"unworkable","https://github.com/niallo/unworkable.git","","","","","","",""
"unzip","","","","","","","",""
"up-imapproxy","","","","","","","",""
"upb","https://github.com/protocolbuffers/upb.git","","","","","","",""
"update-inetd","","","","","","","",""
"update-notifier-kde","","","","","","","",""
"uphpmvault","","","","","","","",""
"upower","","","","","","","",""
"uprecords-cgi","","","","","","","",""
"upse","","","","","","","",""
"upstart","","","","","","","",""
"uptimed","https://github.com/rpodgorny/uptimed.git","","","","","","",""
"upx-ucl","","","","","","","",""
"uqwk","","","","","","","",""
"uqwk-spool","","","","","","","",""
"urdfdom","https://github.com/ros/urdfdom.git","","","","","","",""
"urdfdom-headers","https://github.com/ros/urdfdom_headers.git","","","","","","",""
"urfkill","","","","","","","",""
"uriparser","","","","","","","",""
"urjtag","","","","","","","",""
"urlview","","","","","","","",""
"usb-modeswitch","","","","","","","",""
"usb-modeswitch-data","","","","","","","",""
"usb.ids","","","","","","","",""
"usbguard","","","","","","","",""
"usbmuxd","https://github.com/libimobiledevice/usbmuxd.git","","","","","","",""
"usbredir","","","","","","","",""
"usbutils","https://github.com/gregkh/usbutils.git","","","","","","",""
"usepackage","https://github.com/jonathanhogg/usepackage.git","","","","","","",""
"user-mode-linux","","","","","","","",""
"userbindmount","","","","","","","",""
"userinfo","","","","","","","",""
"usermode","","","","","","https://pagure.io/usermode/","",""
"usrmerge","","","","","","","",""
"ussp-push","","","","","","","",""
"ust","","","","","","","",""
"utf8-locale","","","","","","","",""
"utf8proc","https://github.com/juliastrings/utf8proc.git","","","","","","",""
"utfcpp","https://github.com/nemtrif/utfcpp.git","","","","","","",""
"util-linux","https://github.com/util-linux/util-linux.git","","","","","","",""
"util-vserver","","","","","","","",""
"uucp","","","","","","","",""
"uudeview","https://github.com/hannob/uudeview.git","","","","","","",""
"uuidcdef","","","","","","","",""
"uvccapture","","","","","","","",""
"uw-imapd","","","","","","","",""
"uw-mailutils","","","","","","","",""
"uwsgi","","","","","","","",""
"uwsgi-core","","","","","","","",""
"uzbl","","","","","","","",""
"v-sim","","https://gitlab.com/l_sim/v_sim.git","","","","","",""
"v4l-utils","","","","","","","",""
"v4l2loopback","https://github.com/umlaeute/v4l2loopback.git","","","","","","",""
"v86d","","","","","","","",""
"vacation","","","","","","","",""
"vagalume","https://github.com/bertogg/vagalume.git","","","","","","",""
"vala","","","","","","","",""
"vala-panel","https://github.com/rilian-la-te/vala-panel.git","","","","","","",""
"valgrind","","","","","","","",""
"valgrind-dbg","","","","","","","",""
"valijson","https://github.com/tristanpenman/valijson.git","","","","","","",""
"valkyrie","","","","","","","",""
"vamp-plugin-sdk","","","","","","","",""
"vamps","","","","","","","",""
"vanessa-adt","","","","","","","",""
"vanessa-logger","","","","","","","",""
"vanessa-socket","","","","","","","",""
"varnish","","","","","","","",""
"vart","https://github.com/xilinx/vitis-ai.git","","","","","","",""
"vbindiff","","","","","","","",""
"vbrfix","","","","","","","",""
"vbuf","","","","","","","",""
"vc","https://github.com/vcdevel/vc.git","","","","","","",""
"vcdimager","","","","","","","",""
"vcheck","","","","","","","",""
"vde2","","","","","","","",""
"vdeplug-agno","","","","","","","",""
"vdeplug-pcap","","","","","","","",""
"vdeplug-slirp","","","","","","","",""
"vdeplug-vdesl","","","","","","","",""
"vdeplug-vlan","","","","","","","",""
"vdeplug4","","","","","","","",""
"vdetelweb","","","","","","","",""
"vdr","","","","","","","",""
"vdr-plugin-xineliboutput","","","","","","","",""
"vdt","https://github.com/dpiparo/vdt.git","","","","","","",""
"veccore","https://github.com/root-project/veccore.git","","","","","","",""
"vecgeom","","https://gitlab.cern.ch/vecgeom/vecgeom.git","","","","","",""
"vectorscan","","","","","","","",""
"velvet","https://github.com/dzerbino/velvet.git","","","","","","",""
"verbiste","","","","","","","",""
"verbiste-el","","","","","","","",""
"verilator","","","","","","","",""
"vflib3","","","","","","","",""
"vgabios","","","","","","","",""
"vibes","","","","","","","",""
"vidalia","","","","","","","",""
"viennacl","","","","","","","",""
"vifm","","","","","","","",""
"vigor","","","","","","","",""
"viking","","","","","","","",""
"vilistextum","","","","","","","",""
"vim","","","","","","","",""
"vim-gnome","","","","","","","",""
"vim-gtk","","","","","","","",""
"vim-lesstif","","","","","","","",""
"vim-ruby","","","","","","","",""
"vips","","","","","","","",""
"virglrenderer","","","","","","","",""
"virt-what","","","","","","","",""
"virtualbox","","","","","","","",""
"virtualbox-dkms","","","","","","","",""
"virtualbox-guest-utils","","","","","","","",""
"virtualbox-guest-utils-hwe","","","","","","","",""
"virtualbox-guest-x11","","","","","","","",""
"virtualbox-guest-x11-hwe","","","","","","","",""
"virtualbox-ose","","","","","","","",""
"virtualbox-ose-dkms","","","","","","","",""
"virtualbox-ose-fuse","","","","","","","",""
"virtualbox-ose-guest-dkms","","","","","","","",""
"virtualbox-ose-guest-source","","","","","","","",""
"virtualbox-ose-qt","","","","","","","",""
"virtualbox-ose-source","","","","","","","",""
"virtualbox-qt","","","","","","","",""
"virtualbox-source","","","","","","","",""
"virtualpg","","","","","","","",""
"virtuoso-opensource","","","","","","","",""
"virtuoso-opensource-7-common","","","","","","","",""
"viruskiller","","","","","","","",""
"visp","","","","","","","",""
"visualboyadvance","","","","","","","",""
"vite","","","","","","","",""
"vixl","https://github.com/linaro/vixl.git","","","","","","",""
"vkd3d","","","","","","","",""
"vkeybd","","","","","","","",""
"vkfft","https://github.com/dtolm/vkfft.git","","","","","","",""
"vlc","","","","","","","",""
"vlc-nox","","","","","","","",""
"vlc-plugin-abi-3-0-0ft64","","","","","","","",""
"vlc-plugin-sdl","","","","","","","",""
"vlc-plugin-zvbi","","","","","","","",""
"vlfeat","","","","","","","",""
"vlock","","","","","","","",""
"vmfs-tools","","","","","","","",""
"vmmlib","","","","","","","",""
"vmpk","","","","","","","",""
"vncsnapshot","","","","","","","",""
"vnlog","https://github.com/dkogan/vnlog.git","","","","","","",""
"vnstat","","","","","","","",""
"vo-aacenc","","","","","","http://opencore-amr.git.sourceforge.net/","",""
"vo-amrwbenc","","","","","","http://opencore-amr.git.sourceforge.net/","",""
"vocproc","","","","","","","",""
"vodovod","","","","","","","",""
"voikko-fi","","","","","","","",""
"volk","","","","","","","",""
"volpack","","","","","","","",""
"volume-key","","","","","","https://pagure.io/volume_key","",""
"voms","","","","","","","",""
"voms-mysql-plugin","","","","","","","",""
"vor","","","","","","","",""
"vorbis-tools","","","","","","","",""
"voro++","","","","","","","",""
"votca","","","","","","","",""
"vowpal-wabbit","","","","","","","",""
"vpb-driver-source","","","","","","","",""
"vpb-utils","","","","","","","",""
"vpnc","https://github.com/streambinder/vpnc.git","","","","","","",""
"vpnc-scripts","","","","","","","",""
"vrfy","","","","","","","",""
"vsftpd","","","","","","","",""
"vst3sdk","","","","","","","",""
"vstream-client","","","","","","","",""
"vte","","","","","","","",""
"vte2.91","","","","","","","",""
"vtk-dicom","https://github.com/dgobbi/vtk-dicom.git","","","","","","",""
"vtk-examples","","","","","","","",""
"vtk9","","","","","","","",""
"vtprint","","","","","","","",""
"vttest","","","","","","","",""
"vtun","","","","","","","",""
"vulkan-loader","https://github.com/khronosgroup/vulkan-loader.git","","","","","","",""
"vulkan-memory-allocator","https://github.com/gpuopen-librariesandsdks/vulkanmemoryallocator.git","","","","","","",""
"vulkan-utility-libraries","https://github.com/khronosgroup/vulkan-utility-libraries.git","","","","","","",""
"vulkan-validationlayers","https://github.com/khronosgroup/vulkan-validationlayers.git","","","","","","",""
"vulkan-volk","https://github.com/zeux/volk.git","","","","","","",""
"vuos","","","","","","","",""
"vxi","","","","","","","",""
"vym","","","","","","","",""
"w-scan","","","","","","","",""
"w3m","","","","","","","",""
"w9wm","","","","","","","",""
"wacomtablet","","","","","","https://invent.kde.org/plasma/wacomtablet","",""
"waffle","","","","","","","",""
"waili","","","","","","","",""
"wamerican","","","","","","","",""
"wap-wml-tools","","","","","","","",""
"warmux","","","","","","","",""
"warzone2100","","","","","","","",""
"wasi-libc","","","","","","","",""
"wasmedge","","","","","","","",""
"wavpack","","","","","","","",""
"wayland","","","","","","","",""
"wayland-protocols","","","","","","","",""
"waylandpp","https://github.com/nilsbrause/waylandpp.git","","","","","","",""
"wayv","","","","","","","",""
"wbar","https://github.com/rodolf0/wbar.git","","","","","","",""
"wbar-config","","","","","","","",""
"wbox","","","","","","","",""
"wbxml2","https://github.com/libwbxml/libwbxml.git","","","","","","",""
"wcalc","","","","","","","",""
"wcslib","","","","","","","",""
"wcstools","","","","","","","",""
"wdq2wav","","","","","","","",""
"weathermap4rrd","","","","","","","",""
"webauth-utils","","","","","","","",""
"webcamoid","","","","","","","",""
"webdruid","","","","","","","",""
"webfs","","","","","","","",""
"webissues","","","","","","","",""
"webkit2gtk","","","","","","","",""
"webkit2pdf","","","","","","","",""
"weborf","","","","","","","",""
"webp-pixbuf-loader","","","","","","","",""
"webrtc-audio-processing","","","","","","","",""
"websocketpp","https://github.com/zaphoyd/websocketpp.git","","","","","","",""
"weechat","","","","","","","",""
"welcome2l","https://github.com/voyageur/welcome2l.git","","","","","","",""
"wesnoth-1.10","","","","","","","",""
"wesnoth-1.10-core","","","","","","","",""
"wesnoth-1.10-server","","","","","","","",""
"wesnoth-1.11","","","","","","","",""
"wesnoth-1.11-core","","","","","","","",""
"wesnoth-1.11-server","","","","","","","",""
"wesnoth-1.18","","","","","","","",""
"wesnoth-1.18-data","","","","","","","",""
"weston","","","","","","","",""
"wf-config","https://github.com/wayfirewm/wf-config.git","","","","","","",""
"wfut","","","","","","","",""
"wget","","","","","","","",""
"wget2","","https://gitlab.com/gnuwget/wget2.git","","","","","",""
"whichman","","","","","","","",""
"whitedb","","","","","","","",""
"whois","","","","","","","",""
"whowatch","","","","","","","",""
"wide-dhcpv6","","","","","","","",""
"widelands","","","","","","","",""
"wiipdf","","","","","","","",""
"wildmidi","","","","","","","",""
"wimlib","","","","","","","",""
"wims","","","","","","","",""
"wims-java-applets","","","","","","","",""
"winbind4","","","","","","","",""
"windowlab","","","","","","","",""
"wine","","","","","","","",""
"wine32-tools","","","","","","","",""
"winwrangler","","","","","","","",""
"wiredtiger","","","","","","","",""
"wireless-tools","","","","","","","",""
"wireplumber","","https://gitlab.freedesktop.org/pipewire/wireplumber.git","","","","","",""
"wireshark","","","","","","","",""
"wireshark-gtk","","","","","","","",""
"wireshark-qt","","","","","","","",""
"wise","","","","","","","",""
"wish","","","","","","","",""
"wkhtmltopdf","","","","","","","",""
"wlroots","","https://gitlab.freedesktop.org/wlroots/wlroots.git","","","","","",""
"wm2","","","","","","","",""
"wmaker","","","","","","","",""
"wmaker-common","","","","","","","",""
"wmaloader","","","","","","","",""
"wmanager","","","","","","","",""
"wmauda","","","","","","","",""
"wmcalclock","","","","","","","",""
"wmclockmon","","","","","","","",""
"wmcoincoin","","","","","","","",""
"wmcpuload","","","","","","","",""
"wmctrl","https://github.com/conservatory/wmctrl.git","","","","","","",""
"wmdiskmon","","","","","","","",""
"wmgui","","","","","","","",""
"wmifs","","","","","","","",""
"wmii","","","","","","","",""
"wml","https://github.com/thewml/website-meta-language.git","","","","","","",""
"wmmemload","","","","","","","",""
"wmmixer","","","","","","","",""
"wmnd","","","","","","","",""
"wmpinboard","https://github.com/bbidulock/wmpinboard.git","","","","","","",""
"wmtemp","","","","","","","",""
"wmweather+","","","","","","","",""
"wmxmms2","","","","","","","",""
"wnn6-sdk","","","","","","","",""
"woff2","https://github.com/google/woff2.git","","","","","","",""
"wolfssl","","","","","","","",""
"wordnet","","","","","","","",""
"worker","","","","","","","",""
"workflow","https://github.com/sogou/workflow.git","","","","","","",""
"workrave","","","","","","","",""
"wormux","","","","","","","",""
"wpa","","","","","","","",""
"wpan-tools","","","","","","","",""
"wpebackend-fdo","","","","","","","",""
"wpewebkit","","","","","","","",""
"wreport","https://github.com/arpa-simc/wreport.git","","","","","","",""
"wreport-common","","","","","","","",""
"wsclean","","https://gitlab.com/aroffringa/wsclean.git","","","","","",""
"wslay","https://github.com/tatsuhiro-t/wslay.git","","","","","","",""
"wtmpdb","https://github.com/thkukuk/wtmpdb.git","","","","","","",""
"wu-ftpd","","","","","","","",""
"wuzzah","","","","","","","",""
"wv","","","","","","","",""
"wvstreams","https://github.com/apenwarr/wvstreams.git","","","","","","",""
"wx2.6-headers","","","","","","","",""
"wx2.8-headers","","","","","","","",""
"wx3.2-headers","","","","","","","",""
"wxmaxima","","","","","","","",""
"wxperl-gtk-3-2-8-uni-gcc-3-4","","","","","","","",""
"wxsqlite3","","","","","","","",""
"wxsvg","","","","","","","",""
"wxwidgets3.2","","","","","","","",""
"wyhash","https://github.com/wangyi-fudan/wyhash.git","","","","","","",""
"wzip","","","","","","","",""
"x11-apps","","","","","","","",""
"x11-common","","","","","","","",""
"x11-session-utils","","","","","","","",""
"x11-utils","","","","","","","",""
"x11-xfs-utils","","","","","","","",""
"x11-xkb-utils","","","","","","","",""
"x11-xserver-utils","","","","","","","",""
"x11proto-core-dev","","","","","","","",""
"x11proto-dev","","","","","","","",""
"x11proto-scrnsaver-dev","","","","","","","",""
"x11proto-video-dev","","","","","","","",""
"x11proto-xext-dev","","","","","","","",""
"x11proto-xf86vidmode-dev","","","","","","","",""
"x2","","","","","","","",""
"x264","","","","","","","",""
"x265","","","https://bitbucket.org/multicoreware/x265_git.git","","","","",""
"x2vnc","","","","","","","",""
"x52pro","https://github.com/seesturm/x52lib.git","","","","","","",""
"x86info","","","","","","","",""
"xa","","","","","","","",""
"xabacus","","","","","","","",""
"xalan","","","","","","","",""
"xapian-bindings","","","","","","","",""
"xapian-core","","","","","","","",""
"xapian-omega","","","","","","","",""
"xapp","https://github.com/linuxmint/xapp.git","","","","","","",""
"xapps-common","","","","","","","",""
"xar","https://github.com/apple-oss-distributions/xar.git","","","","","","",""
"xarchiver","https://github.com/ib/xarchiver.git","","","","","","",""
"xauth","","","","","","","",""
"xaw3dg","","","","","","","",""
"xawtv","","","","","","","",""
"xbae","","","","","","","",""
"xbitmaps","","","","","","","",""
"xblast-tnt","","","","","","","",""
"xblast-tnt-images","","","","","","","",""
"xblast-tnt-models","","","","","","","",""
"xboard","","","","","","","",""
"xbomb","","","","","","","",""
"xboxdrv","","","","","","","",""
"xbuffy","","","","","","","",""
"xbyak","https://github.com/herumi/xbyak.git","","","","","","",""
"xcalib","","","","","","","",""
"xcb-imdkit","https://github.com/fcitx/xcb-imdkit.git","","","","","","",""
"xcb-proto","","","","","","","",""
"xcb-util","","","","","","","",""
"xcb-util-cursor","","","","","","","",""
"xcb-util-errors","","https://gitlab.freedesktop.org/xorg/lib/libxcb-errors.git","","","","","",""
"xcb-util-image","","","","","","","",""
"xcb-util-keysyms","","","","","","","",""
"xcb-util-renderutil","","","","","","","",""
"xcb-util-wm","","","","","","","",""
"xcb-util-xrm","https://github.com/airblader/xcb-util-xrm.git","","","","","","",""
"xcftools","","","","","","","",""
"xchat","","","","","","","",""
"xchat-gnome","","","","","","","",""
"xchat-xsys","","","","","","","",""
"xchm","https://github.com/rzvncj/xchm.git","","","","","","",""
"xclip","https://github.com/astrand/xclip.git","","","","","","",""
"xcompmgr","","","","","","","",""
"xcowsay","","","","","","","",""
"xd","","","","","","https://fbb-git.gitlab.io/xd/","",""
"xdelta","","","","","","","",""
"xdelta3","","","","","","","",""
"xdffileio","","","","","","","",""
"xdg-dbus-proxy","","","","","","","",""
"xdg-desktop-portal-gnome","","","","","","","",""
"xdg-user-dirs","","","","","","","",""
"xdg-user-dirs-gtk","","","","","","","",""
"xdg-utils","","","","","","","",""
"xdg-utils-cxx","https://github.com/azubieta/xdg-utils-cxx.git","","","","","","",""
"xdm","","https://gitlab.freedesktop.org/xorg/app/xdm.git","","","","","",""
"xdmf","","","","","","","",""
"xdotool","https://github.com/jordansissel/xdotool.git","","","","","","",""
"xdp-tools","https://github.com/xdp-project/xdp-tools.git","","","","","","",""
"xdrawchem","","","","","","","",""
"xen","","","","","","","",""
"xenium","https://github.com/mpoeter/xenium.git","","","","","","",""
"xerces-c","","","","","","","",""
"xeus","https://github.com/jupyter-xeus/xeus.git","","","","","","",""
"xeus-zmq","https://github.com/jupyter-xeus/xeus-zmq.git","","","","","","",""
"xf86-input-mtrack","https://github.com/bluedragonx/xf86-input-mtrack.git","","","","","","",""
"xf86-input-multitouch","","","","","","","",""
"xf86-input-wacom","","","","","","","",""
"xfburn","","","","","","","",""
"xfce4-appfinder","","","","","","","",""
"xfce4-battery-plugin","","","","","","","",""
"xfce4-cellmodem-plugin","","","","","","","",""
"xfce4-clipman-plugin","","","","","","","",""
"xfce4-cpufreq-plugin","","","","","","","",""
"xfce4-cpugraph-plugin","","","","","","","",""
"xfce4-datetime-plugin","","","","","","","",""
"xfce4-diskperf-plugin","","","","","","","",""
"xfce4-fsguard-plugin","","","","","","","",""
"xfce4-genmon-plugin","","","","","","","",""
"xfce4-linelight-plugin","","","","","","","",""
"xfce4-mailwatch-plugin","","","","","","","",""
"xfce4-mount-plugin","","","","","","","",""
"xfce4-mpc-plugin","","","","","","","",""
"xfce4-netload-plugin","","","","","","","",""
"xfce4-notes-plugin","","","","","","","",""
"xfce4-notifyd","","","","","","","",""
"xfce4-panel","","","","","","","",""
"xfce4-places-plugin","","","","","","","",""
"xfce4-power-manager","","","","","","","",""
"xfce4-quicklauncher-plugin","","","","","","","",""
"xfce4-radio-plugin","","","","","","","",""
"xfce4-screenshooter","","","","","","","",""
"xfce4-screenshooter-plugin","","","","","","","",""
"xfce4-sensors-plugin","","","","","","","",""
"xfce4-session","","","","","","","",""
"xfce4-settings","","","","","","","",""
"xfce4-smartbookmark-plugin","","","","","","","",""
"xfce4-systemload-plugin","","","","","","","",""
"xfce4-taskmanager","","","","","","","",""
"xfce4-terminal","","","","","","","",""
"xfce4-timer-plugin","","","","","","","",""
"xfce4-utils","","","","","","","",""
"xfce4-volumed","","","","","","","",""
"xfce4-weather-plugin","","","","","","","",""
"xfce4-wmdock-plugin","","","","","","","",""
"xfce4-xkb-plugin","","","","","","","",""
"xfconf","","","","","","","",""
"xfdesktop4","","","","","","","",""
"xfe","","","","","","","",""
"xfig","","","","","","","",""
"xflip","","","","","","","",""
"xflr5","","","","","","","",""
"xfm","","","","","","","",""
"xfmpc","","","","","","","",""
"xfonts-scalable","","","","","","","",""
"xfonts-utils","","","","","","","",""
"xfprint4","","","","","","","",""
"xfpt","https://github.com/philiphazel/xfpt.git","","","","","","",""
"xfrisk","","","","","","","",""
"xfsprogs","","","","","","","",""
"xfstt","","","","","","","",""
"xfswitch-plugin","","","","","","","",""
"xft","","","","","","","",""
"xfwm4","","","","","","","",""
"xgalaga","","","","","","","",""
"xgammon","","","","","","","",""
"xgks","","","","","","","",""
"xindy","","","","","","","",""
"xine-lib-1.2","","","","","","","",""
"xinput","","","","","","","",""
"xinv3d","https://github.com/joescat/xinvaders3d.git","","","","","","",""
"xir","https://github.com/xilinx/vitis-ai.git","","","","","","",""
"xiterm+thai","","","","","","","",""
"xjadeo","","","","","","","",""
"xjump","https://github.com/hugomg/xjump.git","","","","","","",""
"xkb-data","","","","","","","",""
"xkbind","","","","","","","",""
"xkbset","","","","","","","",""
"xkeycaps","","","","","","","",""
"xless","","","","","","","",""
"xli","","","","","","","",""
"xloadimage","","","","","","","",""
"xlockmore","","","","","","","",""
"xlog","","","","","","","",""
"xmahjongg","","","","","","","",""
"xmame-sdl","","","","","","","",""
"xmame-svga","","","","","","","",""
"xmame-x","","","","","","","",""
"xmds","","","","","","","",""
"xmedcon","","","","","","","",""
"xmem","","","","","","","",""
"xmess-sdl","","","","","","","",""
"xmess-x","","","","","","","",""
"xmhtml","","","","","","","",""
"xmille","","","","","","","",""
"xmix","","","","","","","",""
"xml-core","","","","","","","",""
"xml-security-c","","","","","","","",""
"xmlcopyeditor","","","","","","","",""
"xmlcopyeditor-dbg","","","","","","","",""
"xmlindent","","","","","","","",""
"xmlroff","","","","","","","",""
"xmlrpc-c","","","","","","","",""
"xmlrpc-epi","","","","","","","",""
"xmlsec1","","","","","","","",""
"xmlstarlet","","","","","","","",""
"xmltooling","","","","","","","",""
"xmltooling-schemas","","","","","","","",""
"xmms2","","","","","","","",""
"xmorph","","","","","","","",""
"xmotd","","","","","","","",""
"xmoto","","","","","","","",""
"xmount","","","","","","","",""
"xmountains","","","","","","","",""
"xmp","","","","","","","",""
"xmp-audacious","","","","","","","",""
"xmpi","","","","","","","",""
"xnec2c","https://github.com/kj7lnw/xnec2c.git","","","","","","",""
"xnee","","","","","","","",""
"xneur","","","","","","","",""
"xnnpack","https://github.com/google/xnnpack.git","","","","","","",""
"xoo","","","","","","","",""
"xorg-input-abi-24","","","","","","","",""
"xorg-server","","","","","","","",""
"xorg-sgml-doctools","","","","","","","",""
"xorg-video-abi-25","","","","","","","",""
"xosd","https://github.com/schlauf/libxosd.git","","","","","","",""
"xosview","https://github.com/hills/xosview.git","","","","","","",""
"xotcl","","","","","","","",""
"xpa","","","","","","","",""
"xpaint","","","","","","","",""
"xpat2","","","","","","","",""
"xpdf","","","","","","","",""
"xphoon","","","","","","","",""
"xpilot-ng-client-x11","","","","","","","",""
"xplanet","","","","","","","",""
"xplc","","","","","","","",""
"xplot-xplot.org","","","","","","","",""
"xprintidle","https://github.com/g0hl1n/xprintidle.git","","","","","","",""
"xprobe","","","","","","","",""
"xqilla","","","","","","","",""
"xracer","","","","","","","",""
"xraylib","https://github.com/tschoonj/xraylib.git","","","","","","",""
"xrdp","","","","","","","",""
"xrootconsole","","","","","","","",""
"xrootd","","","","","","","",""
"xrt","","","","","","","",""
"xscavenger","","","","","","","",""
"xscreensaver","","","","","","","",""
"xscreensaver-data","","","","","","","",""
"xsdcxx","","","","","","","",""
"xsel","","","","","","","",""
"xsensors","https://github.com/mystro256/xsensors.git","","","","","","",""
"xserver-common","","","","","","","",""
"xserver-xfbdev","","","","","","","",""
"xserver-xorg-input-acecad","","","","","","","",""
"xserver-xorg-input-aiptek","","","","","","","",""
"xserver-xorg-input-elographics","","","","","","","",""
"xserver-xorg-input-evdev","","","","","","","",""
"xserver-xorg-input-joystick","","","","","","","",""
"xserver-xorg-input-keyboard","","","","","","","",""
"xserver-xorg-input-libinput","","","","","","","",""
"xserver-xorg-input-mouse","","","","","","","",""
"xserver-xorg-input-mutouch","","","","","","","",""
"xserver-xorg-input-penmount","","","","","","","",""
"xserver-xorg-input-synaptics","","","","","","","",""
"xserver-xorg-input-tslib","","","","","","","",""
"xserver-xorg-input-vmmouse","","","","","","","",""
"xserver-xorg-input-void","","","","","","","",""
"xserver-xorg-video-apm","","","","","","","",""
"xserver-xorg-video-ark","","","","","","","",""
"xserver-xorg-video-ati","","","","","","","",""
"xserver-xorg-video-chips","","","","","","","",""
"xserver-xorg-video-cirrus","","","","","","","",""
"xserver-xorg-video-dummy","","","","","","","",""
"xserver-xorg-video-fbdev","","","","","","","",""
"xserver-xorg-video-geode","","","","","","","",""
"xserver-xorg-video-glamo","","","","","","","",""
"xserver-xorg-video-glide","","","","","","","",""
"xserver-xorg-video-glint","","","","","","","",""
"xserver-xorg-video-i128","","","","","","","",""
"xserver-xorg-video-i740","","","","","","","",""
"xserver-xorg-video-intel","","","","","","","",""
"xserver-xorg-video-ivtv","","","","","","","",""
"xserver-xorg-video-ivtv-dbg","","","","","","","",""
"xserver-xorg-video-mach64","","","","","","","",""
"xserver-xorg-video-mach64-dbg","","","","","","","",""
"xserver-xorg-video-mga","","","","","","","",""
"xserver-xorg-video-neomagic","","","","","","","",""
"xserver-xorg-video-nouveau-dbg","","","","","","","",""
"xserver-xorg-video-nv","","","","","","","",""
"xserver-xorg-video-openchrome","","","","","","","",""
"xserver-xorg-video-r128","","","","","","","",""
"xserver-xorg-video-r128-dbg","","","","","","","",""
"xserver-xorg-video-rendition","","","","","","","",""
"xserver-xorg-video-s3","","","","","","","",""
"xserver-xorg-video-s3virge","","","","","","","",""
"xserver-xorg-video-savage","","","","","","","",""
"xserver-xorg-video-siliconmotion","","","","","","","",""
"xserver-xorg-video-sis","","","","","","","",""
"xserver-xorg-video-sisusb","","","","","","","",""
"xserver-xorg-video-tdfx","","","","","","","",""
"xserver-xorg-video-trident","","","","","","","",""
"xserver-xorg-video-tseng","","","","","","","",""
"xserver-xorg-video-v4l","","","","","","","",""
"xserver-xorg-video-vesa","","","","","","","",""
"xserver-xorg-video-vmware","","","","","","","",""
"xserver-xorg-video-voodoo","","","","","","","",""
"xsettings-kde","https://github.com/kde/xsettings-kde.git","","","","","","",""
"xsimd","https://github.com/xtensor-stack/xsimd.git","","","","","","",""
"xsol","","","","","","","",""
"xstow","","","","","","","",""
"xsynth-dssi","","","","","","","",""
"xsysinfo","","","","","","","",""
"xtables-addons","","","","","","","",""
"xtail","","","","","","","",""
"xtb","https://github.com/grimme-lab/xtb.git","","","","","","",""
"xteddy","","","","","","","",""
"xtensor","https://github.com/xtensor-stack/xtensor.git","","","","","","",""
"xtensor-blas","https://github.com/xtensor-stack/xtensor-blas.git","","","","","","",""
"xterm","","","","","","","",""
"xtermcontrol","","","","","","","",""
"xtl","https://github.com/xtensor-stack/xtl.git","","","","","","",""
"xtrace","","","","","","","",""
"xtrans-dev","","","","","","","",""
"xutils-dev","","","","","","","",""
"xvba-va-driver","","","","","","","",""
"xvfb","","","","","","","",""
"xvidcore","","","","","","","",""
"xwax","","","","","","","",""
"xwayland","","","","","","","",""
"xwiimote","https://github.com/xwiimote/xwiimote.git","","","","","","",""
"xwit","","","","","","","",""
"xwrits","","","","","","","",""
"xxdiff","","","","","","","",""
"xxhash","","","","","","","",""
"xxsds-dynamic","https://github.com/xxsds/dynamic.git","","","","","","",""
"xylib","https://github.com/wojdyr/xylib.git","","","","","","",""
"xymon","","","","","","","",""
"xyscan","","","","","","","",""
"xz-lzma","","","","","","","",""
"xz-utils","","","","","","","",""
"yabause","","","","","","","",""
"yabause-common","","","","","","","",""
"yabause-gtk","","","","","","","",""
"yacpi","","","","","","","",""
"yadifa","","","","","","","",""
"yafc","https://github.com/sebastinas/yafc.git","","","","","","",""
"yagiuda","","","","","","","",""
"yajl","","","","","","","",""
"yakuake","","","","","","","",""
"yamagi-quake2","","","","","","","",""
"yamagi-quake2-core","","","","","","","",""
"yamdi","","","","","","","",""
"yaml-cpp","https://github.com/jbeder/yaml-cpp.git","","","","","","",""
"yap","","","","","","","",""
"yapet","","","","","","","",""
"yara","","","","","","","",""
"yascreen","https://github.com/bbonev/yascreen.git","","","","","","",""
"yaskkserv","","","","","","","",""
"yasm","https://github.com/yasm/yasm.git","","","","","","",""
"yasr","","","","","","","",""
"yate-dev","","","","","","","",""
"yate-pgsql","","","","","","","",""
"yatm","https://github.com/mlang/yatm.git","","","","","","",""
"yaz","","","","","","","",""
"yder","https://github.com/babelouest/yder.git","","","","","","",""
"ydpdict","","","","","","","",""
"yeahconsole","","","","","","","",""
"yelp","","","","","","","",""
"yelp-xsl","","","","","","","",""
"yforth","","","","","","","",""
"ykclient","https://github.com/yubico/yubico-c-client.git","","","","","","",""
"yodl","","https://gitlab.com/fbb-git/yodl.git","","","","","",""
"yorick","","","","","","","",""
"yorick-curses","","","","","","","",""
"yorick-gl","","","","","","","",""
"yorick-hdf5","","","","","","","",""
"yorick-imutil","","","","","","","",""
"yorick-ml4","","","","","","","",""
"yorick-mpy-common","","","","","","","",""
"yorick-mpy-mpich2","","","","","","","",""
"yorick-mpy-openmpi","","","","","","","",""
"yorick-soy","","","","","","","",""
"yorick-yeti","https://github.com/emmt/yeti.git","","","","","","",""
"yorick-yeti-gsl","","","","","","","",""
"yorick-yutils","","","","","","","",""
"yorick-z","","","","","","","",""
"yoshimi","","","","","","","",""
"yp-tools","","","","","","","",""
"ypbind-mt","","","","","","","",""
"ypserv","","","","","","","",""
"ytalk","","","","","","","",""
"yubico-piv-tool","","","","","","","",""
"yubihsm-shell","","","","","","","",""
"yubikey-personalization","","","","","","","",""
"yubikey-server-c","","","","","","","",""
"yui-compressor","","","","","","","",""
"yuma123","","","","","","","",""
"yyjson","https://github.com/ibireme/yyjson.git","","","","","","",""
"z3","https://github.com/z3prover/z3.git","","","","","","",""
"z80asm","","","","","","","",""
"z80dasm","","","","","","","",""
"z80ex","","","","","","","",""
"z88dk-bin","","","","","","","",""
"zabbix","","","","","","","",""
"zangband","","","","","","","",""
"zangband-data","","","","","","","",""
"zapping","","","","","","","",""
"zarchive","https://github.com/exzap/zarchive.git","","","","","","",""
"zatacka","https://github.com/simenheg/zatackax.git","","","","","","",""
"zathura","","","","","","","",""
"zathura-abi-7","","","","","","","",""
"zathura-cb","","","","","","","",""
"zathura-djvu","","","","","","","",""
"zathura-pdf-poppler","","","","","","","",""
"zathura-ps","","","","","","","",""
"zbar","https://github.com/mchehab/zbar.git","","","","","","",""
"zchunk","https://github.com/zchunk/zchunk.git","","","","","","",""
"zegrapher","","","","","","","",""
"zeitgeist","","","","","","","",""
"zenity","","","","","","","",""
"zephyr","","","","","","","",""
"zeroc-ice","","","","","","","",""
"zeroc-ice-compilers","","","","","","","",""
"zeroc-ice-slice","","","","","","","",""
"zeroconf-ioslave","","","","","","https://invent.kde.org/network/zeroconf-ioslave","",""
"zerofree","","","","","","","",""
"zeromq3","","","","","","","",""
"zfp","","","","","","","",""
"zfs-fuse","","","","","","","",""
"zh-autoconvert","","","","","","","",""
"zile","","","","","","","",""
"zimg","https://github.com/sekrit-twc/zimg.git","","","","","","",""
"zimpl","","","","","","","",""
"zinnia","","","","","","","",""
"zint","","","","","","","",""
"zip","","","","","","","",""
"zipios++","","","","","","","",""
"ziproxy","","","","","","","",""
"ziptool","","","","","","","",""
"ziptorrent","","","","","","","",""
"zita-alsa-pcmi","","","","","","","",""
"zita-convolver","","","","","","","",""
"zita-resampler","","","","","","","",""
"zix","","https://gitlab.com/drobilla/zix.git","","","","","",""
"zlib","","","","","","","",""
"zlog","https://github.com/hardysimpson/zlog.git","","","","","","",""
"zmat","https://github.com/neurojson/zmat.git","","","","","","",""
"zmk","https://github.com/zyga/zmk.git","","","","","","",""
"znc","https://github.com/fruitiex/znc-backlog.git","","","","","","",""
"zoem","","","","","","","",""
"zoo","","","","","","","",""
"zookeeper","","","","","","","",""
"zopfli","https://github.com/google/zopfli.git","","","","","","",""
"zorp-modules","","","","","","","",""
"zp","","","","","","","",""
"zpaq","","","","","","","",""
"zpspell","","","","","","","",""
"zsh","","","","","","","",""
"zsh-beta","","","","","","","",""
"zstd","","","","","","","",""
"zstd-jni-java","https://github.com/luben/zstd-jni.git","","","","","","",""
"zsync","","","","","","","",""
"zthreads","","","","","","","",""
"zug","https://github.com/arximboldi/zug.git","","","","","","",""
"zutils","","","","","","","",""
"zvbi","https://github.com/zapping-vbi/zvbi.git","","","","","","",""
"zxcvbn-c","https://github.com/tsyrogit/zxcvbn-c.git","","","","","","",""
"zxing-cpp","https://github.com/zxing-cpp/zxing-cpp.git","","","","","","",""
"zycore-c","https://github.com/zyantific/zycore-c.git","","","","","","",""
"zydis","","","","","","","",""
"zygrib","","","","","","","",""
"zynaddsubfx","","","","","","","",""
"zziplib","https://github.com/gdraheim/zziplib.git","","","","","","",""
"zzuf","","","","","","","",""
