"package","github_repo","git","eco_guess","avg_downloads","2021","2022","2023","2024","2025","top","is_cpp","is_oss_fuzz","pagerank","value_class"
"glibc","","","","230082","207317","204684","222275","243383","272755","True","True","False","0.23200502","A"
"gcc-14","","","","230118","207353","204724","222306","243426","272783","True","True","False","0.05378431","A"
"libxcrypt","","","","151303","59827","113595","146204","198363","238530","True","True","False","0.03526155","A"
"debconf","","","","0","0","0","0","0","0","False","False","False","0.03488480","A"
"linux","","","","133723","124909","120607","125937","138859","158307","True","True","False","0.03348195","A"
"rpcsvc-proto","thkukuk/rpcsvc-proto","https://github.com/thkukuk/rpcsvc-proto.git","","49971","7117","10159","25546","87014","120021","True","True","False","0.03297376","A"
"libc-l10n","","","","0","0","0","0","0","0","False","False","False","0.03285236","A"
"zlib","","","","230123","207365","204733","222308","243427","272783","True","True","False","0.01492175","A"
"gmp","","","","226842","202280","200968","219000","241096","270867","True","True","False","0.01325848","A"
"systemd","","","","229282","206655","204089","221495","242494","271679","True","True","False","0.01118179","A"
"tcp-wrappers","","","","229025","206459","203935","221282","242302","271148","True","True","False","0.00788256","B"
"libzstd","facebook/zstd","https://github.com/facebook/zstd.git","","195196","147079","163769","187984","221739","255412","True","True","True","0.00779497","B"
"lib32c-dev","","","","0","0","0","0","0","0","False","False","False","0.00762691","B"
"usb.ids","","","","0","0","0","0","0","0","False","False","False","0.00721465","B"
"mpfr4","","","","156814","122602","131831","151884","175523","202231","True","True","False","0.00706411","B"
"glib2.0","","https://gitlab.gnome.org/gnome/glib.git","","216841","196226","194632","212519","225898","254932","True","True","False","0.00646485","B"
"libx11","","","","227797","205251","202569","219851","241095","270220","True","True","False","0.00607686","B"
"x11proto-dev","","","","0","0","0","0","0","0","False","False","False","0.00572297","B"
"binutils","","","","147480","136742","133066","138901","154193","174500","True","True","False","0.00552336","B"
"mpclib3","","","","164699","148974","144043","159328","173854","197296","True","True","False","0.00547993","B"
"isl","","","","114600","50953","86587","111599","146730","177134","True","True","False","0.00535519","B"
"libgc","","","","85435","40556","67686","87285","112247","119402","True","True","False","0.00529706","B"
"libselinux","","","","230109","207341","204717","222296","243412","272780","True","True","False","0.00435258","B"
"openssl","","","","229107","206156","203808","221354","242535","271685","True","True","False","0.00385046","B"
"libc-dev","","","","0","0","0","0","0","0","False","False","False","0.00342671","B"
"pkgconf","","","","22205","351","5246","12797","40713","51919","True","True","False","0.00342315","B"
"util-linux","util-linux/util-linux","https://github.com/util-linux/util-linux.git","","230126","207363","204738","222314","243426","272793","True","True","True","0.00304322","B"
"ncurses","","","","230113","207353","204727","222304","243416","272766","True","True","False","0.00303177","B"
"pam","","","","230129","207366","204739","222318","243431","272794","True","True","False","0.00286023","B"
"python3-defaults","","","","217534","188720","190596","209783","234087","264488","True","True","False","0.00282557","B"
"pcre2","PCRE2Project/pcre2","https://github.com/pcre2project/pcre2.git","","200436","157508","170042","192826","224378","257427","True","True","True","0.00256894","B"
"libxcb","","","","227837","205255","202539","220030","241117","270246","True","True","False","0.00256589","B"
"libxext","","","","227097","204686","201743","219192","240354","269510","True","True","False","0.00251323","B"
"libxml2","","","","228070","205936","203209","220887","242164","268158","True","True","False","0.00230598","B"
"audit","","","","222766","195799","196247","214995","238286","268503","True","True","False","0.00227001","B"
"libxau","","","","227983","205480","202699","220180","241226","270334","True","True","False","0.00221665","B"
"acl","","","","230130","207367","204740","222318","243432","272797","True","True","False","0.00215474","B"
"bzip2","","https://sourceware.org/bzip2/","","230128","207365","204735","222315","243431","272794","True","True","False","0.00214463","B"
"libxdmcp","","","","227996","205511","202706","220194","241230","270341","True","True","False","0.00204134","B"
"qtbase-opensource-src","","","","79428","75571","70719","77568","80265","93017","True","True","False","0.00193460","B"
"xz-utils","","","","227645","203515","201890","219824","241664","271334","True","True","False","0.00187667","B"
"libpng1.6","","","","192792","178579","183920","204371","220494","176596","True","True","False","0.00187626","B"
"libcap2","","","","229822","206873","204397","222019","243217","272608","True","True","False","0.00186507","B"
"libcap-ng","","","","225066","199626","198886","217185","239833","269801","True","True","False","0.00180962","B"
"perl","","","","230126","207363","204737","222318","243427","272789","True","True","False","0.00179232","B"
"dbus","","","","227606","203628","201815","219772","241551","271265","True","True","False","0.00167103","B"
"expat","","","","229837","207138","204380","222062","243146","272459","True","True","False","0.00166947","B"
"cairo","","","","168977","159384","150028","163650","175481","196342","True","True","False","0.00161736","B"
"attr","","","","230118","207360","204726","222305","243417","272784","True","True","False","0.00159472","B"
"init-system-helpers","","","","0","0","0","0","0","0","False","False","False","0.00159355","B"
"libgpg-error","","","","228979","207358","204731","222312","243427","267071","True","True","False","0.00157957","B"
"python3.13","","","","35815","0","0","0","561","71069","True","True","False","0.00156384","B"
"libsepol","","","","81951","21","10674","45612","150575","202874","True","True","False","0.00153798","B"
"gtk+3.0","","","","115297","118940","112541","126668","127162","91177","True","True","False","0.00152548","B"
"kmod","","","","227466","203284","201719","219654","241521","271152","True","True","False","0.00151342","B"
"libseccomp","seccomp/libseccomp","https://github.com/seccomp/libseccomp.git","","213288","180163","185220","205511","232085","263461","True","True","False","0.00148103","B"
"libjpeg-turbo","","","","189260","169727","168015","184409","200780","223369","True","True","False","0.00146768","B"
"freetype","","","","229438","206605","204104","221708","242758","272019","True","True","False","0.00140504","B"
"readline","","","","131686","59705","113411","146021","187296","152001","True","True","False","0.00139448","B"
"db5.3","","","","203462","196043","196424","215141","227535","182170","True","True","False","0.00137161","B"
"libusb-1.0","","","","208980","182324","179893","198435","226672","257576","True","True","False","0.00136686","B"
"gdk-pixbuf","","","","157622","147037","138235","152063","164747","186032","True","True","False","0.00135370","B"
"dpkg","","","","230133","207369","204737","222320","243438","272805","True","True","False","0.00134914","B"
"krb5","","","","229140","205874","203694","221418","242744","271974","True","True","False","0.00133246","B"
"pango1.0","","","","161379","148297","141675","156126","169791","191009","True","True","False","0.00132138","B"
"libgcrypt20","","","","221677","195890","196315","215050","238328","262806","True","True","False","0.00131192","B"
"gir1.2-gobject-2.0-dev","","","","0","0","0","0","0","0","False","False","False","0.00128546","B"
"alsa-lib","","","","152239","140429","134011","148685","157953","180121","True","True","False","0.00128005","B"
"sqlite3","","","","229489","206922","204240","221748","242547","271988","True","True","False","0.00126508","B"
"qt6-base","","","","20399","0","3493","7704","21746","48655","True","True","False","0.00121822","B"
"gir1.2-gio-2.0-dev","","","","0","0","0","0","0","0","False","False","False","0.00121374","B"
"libidn2","","","","212517","178844","184264","204706","231669","263102","True","True","False","0.00118712","B"
"debianutils","","","","229908","207364","204687","222113","243173","272204","True","True","False","0.00112333","B"
"fontconfig","","","","195595","178887","175105","190537","205594","227855","True","True","False","0.00110263","B"
"libglvnd","","https://gitlab.freedesktop.org/glvnd/libglvnd.git","","128923","103176","107125","124798","142939","166578","True","True","False","0.00108601","B"
"librevenge","","","","102723","93236","86762","99906","108054","125658","True","True","False","0.00108258","B"
"gnutls28","","","","193022","178781","184256","204691","220688","176696","True","True","False","0.00107865","B"
"popt","rpm-software-management/popt","https://github.com/rpm-software-management/popt.git","","230060","207295","204676","222243","243383","272705","True","True","False","0.00107777","B"
"jansson","","","","191192","142351","159307","183537","218288","252478","True","True","False","0.00107204","B"
"libmnl","","","","221417","193684","194707","213625","237343","267727","True","True","False","0.00104698","B"
"pkg-config","","","","0","0","0","0","0","0","False","False","False","0.00103798","B"
"libbsd","","","","229267","206011","203773","221454","242823","272276","True","True","False","0.00101245","B"
"adduser","","","","0","0","0","0","0","0","False","False","False","0.00099644","B"
"libxfixes","","","","162033","153143","144094","157235","167425","188272","True","True","False","0.00098652","B"
"libxt","","","","133437","137610","128689","142941","147573","110375","True","True","False","0.00096791","B"
"libxrender","","","","174911","164668","155931","169439","181422","203098","True","True","False","0.00095783","B"
"curl","","","","163238","127253","145270","168988","192146","182536","True","True","False","0.00094166","B"
"make-dfsg","","","","130800","122801","119049","123791","134936","153423","True","True","False","0.00092469","B"
"elfutils","","https://sourceware.org/elfutils/","","199964","190474","192121","211405","225243","180581","True","True","False","0.00091444","B"
"libice","","","","154468","145495","134622","148299","161156","182772","True","True","False","0.00091143","B"
"mesa","","","","145794","133802","127098","141276","152665","174131","True","True","False","0.00091042","B"
"libffi","","https://sourceware.org/libffi/","","94902","36235","35843","47098","151592","203742","True","True","False","0.00090449","B"
"libxmu","","","","222094","198865","196048","213941","236001","265618","True","True","False","0.00090173","B"
"brotli","google/brotli","https://github.com/google/brotli.git","","177778","115399","143407","170717","211630","247740","True","True","True","0.00089587","B"
"libmd","","","","150434","58102","112674","145449","197854","238093","True","True","False","0.00089568","B"
"libpam-runtime","","","","0","0","0","0","0","0","False","False","False","0.00089147","B"
"libtasn1-6","","","","222853","196016","196379","215131","238380","268360","True","True","False","0.00089071","B"
"slang2","","","","229888","207230","204572","222101","243147","272390","True","True","False","0.00088531","B"
"libunistring","","","","20077","619","649","658","11575","86887","True","True","False","0.00088025","B"
"icu","","","","40372","29364","28977","30635","39179","73709","True","True","False","0.00087982","B"
"libogg","","","","140449","130312","122447","136260","146458","166772","True","True","False","0.00085860","B"
"e2fsprogs","","","","229993","207325","204695","222264","243286","272399","True","True","False","0.00084288","B"
"libsm","","","","154458","145512","134615","148279","161138","182749","True","True","False","0.00082413","B"
"procps","","https://gitlab.com/procps-ng/procps.git","","229971","207292","204649","222212","243379","272326","True","True","False","0.00081140","B"
"gdbm","","","","173519","144497","161345","185543","208909","167302","True","True","False","0.00080081","B"
"nettle","","","","131546","59292","113319","145979","187210","151930","True","True","False","0.00076479","B"
"libtirpc","","","","166227","88906","130953","160713","206350","244214","True","True","False","0.00075942","B"
"openldap","","","","207896","176775","180185","200064","226706","255753","True","True","False","0.00075318","B"
"xtrans-dev","","","","0","0","0","0","0","0","False","False","False","0.00074014","B"
"libx11-data","","","","0","0","0","0","0","0","False","False","False","0.00074014","B"
"libxi","","","","163285","156360","145890","158367","167638","188171","True","True","False","0.00072819","B"
"p11-kit","","","","227578","203470","201873","219805","241647","271095","True","True","False","0.00072718","B"
"xxhash","","","","154762","68741","117370","149052","199498","239151","True","True","False","0.00072591","B"
"cdebconf","","","","222627","195592","196096","214853","238187","268410","True","True","False","0.00072376","B"
"libpciaccess","","","","147161","134878","127996","142276","154223","176436","True","True","False","0.00071841","B"
"keyutils","","https://git.kernel.org/pub/scm/linux/kernel/git/dhowells/keyutils.git","","229877","206972","204478","222082","243246","272608","True","True","False","0.00071820","B"
"lcms2","","","","165742","153930","146343","160239","173278","194922","True","True","False","0.00071551","B"
"libnfnetlink","","https://git.netfilter.org/libnfnetlink","","204930","200929","185858","198101","208511","231254","True","True","False","0.00071549","B"
"wayland","","","","139992","122945","120157","135746","149021","172095","True","True","False","0.00070790","B"
"shadow","shadow-maint/shadow","https://github.com/shadow-maint/shadow.git","","230127","207365","204741","222317","243429","272783","True","True","False","0.00070121","B"
"file","","","","226452","206133","202263","219172","238138","266554","True","True","False","0.00069712","B"
"lvm2","","https://sourceware.org/lvm2/","","229772","206898","204402","222008","243148","272406","True","True","False","0.00068984","B"
"libdrm","","https://gitlab.freedesktop.org/mesa/drm.git","","161722","143954","141208","156966","171921","194565","True","True","False","0.00068737","B"
"libnl3","thom311/libnl","https://github.com/thom311/libnl.git","","166036","136200","140270","159645","184904","209161","True","True","False","0.00068162","B"
"at-spi2-core","","","","134403","142412","133024","145977","144427","106176","True","True","False","0.00068037","B"
"cups","OpenPrinting/cups","https://github.com/openprinting/cups.git","","161968","167997","160261","174054","174463","133067","True","True","True","0.00067631","B"
"harfbuzz","","","","165196","150007","144548","159719","175135","196571","True","True","False","0.00067579","B"
"cyrus-sasl2","","","","228407","206260","203449","220960","242046","269324","True","True","False","0.00067193","B"
"libtool","","","","179341","167718","160313","175399","189229","204049","True","True","False","0.00066658","B"
"apparmor","","","","214358","181967","186515","206505","232803","264001","True","True","False","0.00065913","B"
"cron","","","","229394","206795","204026","221661","242624","271867","True","True","False","0.00065749","B"
"dconf","","","","139116","126695","120131","134583","146283","167890","True","True","False","0.00065648","B"
"lz4","lz4/lz4","https://github.com/lz4/lz4.git","","212800","179360","184604","204981","231816","263243","True","True","True","0.00065592","B"
"tiff","","","","72450","12170","12990","42342","127248","167501","True","True","False","0.00064847","B"
"tar","","","","230127","207368","204736","222319","243429","272786","True","True","False","0.00064735","B"
"libraw1394","","","","124201","111741","105666","120026","131485","152090","True","True","False","0.00064680","B"
"nghttp2","","","","210664","177164","182435","202755","229727","261243","True","True","False","0.00064671","B"
"base-passwd","","","","230115","207349","204726","222300","243422","272778","True","True","False","0.00064544","B"
"fribidi","","","","165046","146279","143740","159646","176459","199109","True","True","False","0.00064427","B"
"nspr","","","","152824","139954","134868","149473","159728","180100","True","True","False","0.00064346","B"
"shared-mime-info","","","","0","0","0","0","0","0","False","False","False","0.00063992","B"
"pciutils","","","","228559","205908","203063","220726","241903","271198","True","True","False","0.00063178","B"
"pulseaudio","","","","134016","123225","115817","129807","140433","160799","True","True","False","0.00062731","B"
"sysvinit","slicer69/sysvinit","https://github.com/slicer69/sysvinit.git","","230102","207333","204712","222288","243413","272767","True","True","False","0.00062610","B"
"libpsl","rockdaboot/libpsl","https://github.com/rockdaboot/libpsl.git","","192261","178009","183477","203836","219918","176069","True","True","True","0.00062301","B"
"lmdb","","","","187935","142717","157596","181251","212804","245310","True","True","False","0.00062057","B"
"newt","","https://pagure.io/newt","","229580","206914","204201","221771","242881","272135","True","True","False","0.00061836","B"
"texinfo","","","","40953","55831","44376","40840","33070","30651","True","True","False","0.00061812","B"
"gstreamer1.0","","","","136124","120426","116587","131970","145619","166018","True","True","False","0.00061617","B"
"libxrandr","","","","157731","149824","140039","153083","162568","183142","True","True","False","0.00061424","B"
"libedit","","","","230020","207200","204623","222226","243374","272681","True","True","False","0.00061182","B"
"json-c","json-c/json-c","https://github.com/json-c/json-c.git","","150500","58863","112989","145687","197909","237056","True","True","True","0.00061011","B"
"gnupg2","","","","228528","207352","204724","222307","243431","264829","True","True","False","0.00060764","B"
"libsemanage","","","","227595","203435","201840","219784","241624","271294","True","True","False","0.00060712","B"
"apt","","","","230119","207345","204725","222305","243427","272795","True","True","False","0.00060605","B"
"khronos-opencl-headers","","","","3728","3711","3341","3477","3793","4322","False","True","False","0.00060552","B"
"khronos-opencl-clhpp","KhronosGroup/OpenCL-CLHPP","https://github.com/khronosgroup/opencl-clhpp.git","","3442","3040","3020","3235","3673","4246","False","True","False","0.00060543","B"
"json-glib","","","","131588","120065","115434","129679","136983","155783","True","True","False","0.00060399","B"
"libnftnl","","https://git.netfilter.org/libnftnl","","193733","144721","162127","186569","220729","254523","True","True","False","0.00060235","B"
"libpython3-stdlib","","","","0","0","0","0","0","0","False","False","False","0.00060211","B"
"python3.13-minimal","","","","0","0","0","0","0","0","False","False","False","0.00060211","B"
"qtdeclarative-opensource-src","","","","67395","55086","52150","61352","77162","91229","True","True","False","0.00059714","B"
"openssh","","","","229442","206807","204180","221684","242746","271797","True","True","False","0.00059661","B"
"groff","","","","220542","199883","196111","213095","232663","260959","True","True","False","0.00059435","B"
"discover-data","","","","208875","197379","194746","212371","232463","207417","True","True","False","0.00059366","B"
"libxaw","","","","138437","128968","120644","134321","143914","164338","True","True","False","0.00059195","B"
"libpipeline","","","","218719","197815","194188","211292","231037","259267","True","True","False","0.00058992","B"
"rtmpdump","","","","220113","193765","194220","212854","236127","263599","True","True","False","0.00058761","B"
"dbus-python","","","","142986","126698","123518","138433","152286","173999","True","True","False","0.00058427","B"
"libssh2","","","","206863","202317","200555","218357","229314","183772","True","True","False","0.00058335","B"
"gpm","","","","198964","181151","174692","190274","211451","237254","True","True","False","0.00058228","B"
"nss","","","","152599","139739","134673","149258","159428","179901","True","True","False","0.00057756","B"
"kbd","","","","223811","200857","198482","216114","237153","266452","True","True","False","0.00057650","B"
"iptables","","","","216656","200745","183896","204368","231400","262873","True","True","False","0.00057638","B"
"avahi","","","","180663","169546","162036","175897","187306","208531","True","True","False","0.00057127","B"
"policykit-1","polkit-org/polkit","https://github.com/polkit-org/polkit.git","","145186","131522","125500","140331","153827","174751","True","True","False","0.00056882","B"
"libnetfilter-conntrack","","","","191619","180043","170232","184841","199285","223695","True","True","False","0.00056646","B"
"cpio","","","","229930","207189","204578","222116","243233","272534","True","True","False","0.00056257","B"
"console-setup","","","","224099","201170","198664","216266","237559","266837","True","True","False","0.00056211","B"
"iputils","iputils/iputils","https://github.com/iputils/iputils.git","","229537","206796","204198","221830","242694","272169","True","True","False","0.00056162","B"
"xorg-server","","","","110987","101830","93926","107482","116401","135300","True","True","False","0.00056156","B"
"net-tools","","","","121147","124557","119985","119945","119939","121310","True","True","False","0.00056073","B"
"logrotate","logrotate/logrotate","https://github.com/logrotate/logrotate.git","","229888","207192","204515","222103","243174","272456","True","True","False","0.00055963","C"
"linux-base","","","","228622","205360","203122","220832","242205","271593","True","True","False","0.00055939","C"
"coreutils","","","","230128","207367","204742","222317","243427","272788","True","True","False","0.00055906","C"
"sed","","","","230119","207363","204737","222308","243417","272773","True","True","False","0.00055904","C"
"findutils","","","","230114","207353","204726","222304","243419","272770","True","True","False","0.00055903","C"
"hostname","","","","230111","207350","204725","222301","243416","272767","True","True","False","0.00055902","C"
"grep","","","","230112","207355","204725","222297","243416","272767","True","True","False","0.00055902","C"
"gzip","","","","230111","207353","204723","222300","243415","272767","True","True","False","0.00055902","C"
"bash","","","","230075","207302","204685","222274","243389","272726","True","True","False","0.00055893","C"
"mawk","","","","229643","206948","204317","221789","242923","272239","True","True","False","0.00055788","C"
"dash","","","","229387","206218","203898","221584","242909","272330","True","True","False","0.00055726","C"
"diffutils","","","","229327","206128","203826","221529","242862","272291","True","True","False","0.00055711","C"
"klibc","","https://git.kernel.org/cgit/libs/klibc/klibc.git","","229162","206343","203853","221436","242500","271682","True","True","False","0.00055671","C"
"libxslt","","https://gitlab.gnome.org/gnome/libxslt.git","","175873","160688","157250","172578","184514","204336","True","True","False","0.00055670","C"
"vim","","","","228765","206063","203415","220980","242173","271197","True","True","False","0.00055575","C"
"less","","","","228662","205176","203103","220835","242327","271873","True","True","False","0.00055550","C"
"pixman","","","","169887","160322","150914","164535","176410","197257","True","True","False","0.00055464","C"
"grub2","","","","227233","204555","201630","219427","240685","269870","True","True","False","0.00055203","C"
"man-db","","","","217497","197464","193349","210215","229300","257159","True","True","False","0.00055128","C"
"wget","","","","226288","204554","201512","218361","239120","267897","True","True","False","0.00054973","C"
"ifupdown","","","","225715","205118","201596","218586","237587","265692","True","True","False","0.00054834","C"
"nano","","","","225439","202760","200002","217691","238726","268017","True","True","False","0.00054767","C"
"libxpm","","","","178004","160524","157988","173842","188216","209452","True","True","False","0.00054467","C"
"libdatrie","","","","165991","155389","146942","160732","173076","193817","True","True","False","0.00054245","C"
"xauth","","","","221023","197626","194856","212822","235092","264723","True","True","False","0.00053868","C"
"liblockfile","miquels/liblockfile","https://github.com/miquels/liblockfile.git","","210447","187357","184817","202048","224247","253770","True","True","False","0.00053679","C"
"lsof","lsof-org/lsof","https://github.com/lsof-org/lsof.git","","217759","196227","192959","210070","230500","259042","True","True","False","0.00053546","C"
"libxinerama","","","","156864","149833","139891","152751","160726","181123","True","True","False","0.00052899","C"
"bind9","","","","217032","196589","193242","209682","228966","256683","True","True","False","0.00052725","C"
"isc-dhcp","","","","214832","203575","200996","218417","238146","213030","True","True","False","0.00052589","C"
"uchardet","","","","185869","139934","155436","179031","211207","243739","True","True","False","0.00052372","C"
"libsamplerate","","","","129809","117737","111244","125680","136970","157418","True","True","False","0.00052125","C"
"libestr","","","","163557","194313","192942","185510","130855","114169","True","True","False","0.00052057","C"
"libxtst","","","","148777","141258","131669","144460","152531","173970","True","True","False","0.00052053","C"
"jbigkit","","","","189333","171669","168523","184492","199952","222030","True","True","False","0.00051968","C"
"argon2","P-H-C/phc-winner-argon2","https://github.com/p-h-c/phc-winner-argon2.git","","191973","147477","163888","187971","221054","239476","True","True","False","0.00051824","C"
"traceroute","","","","212243","192746","188134","204446","224007","251882","True","True","False","0.00051561","C"
"protobuf-c","protobuf-c/protobuf-c","https://github.com/protobuf-c/protobuf-c.git","","190335","148576","160754","183213","213456","245678","True","True","True","0.00051516","C"
"libvorbis","","","","140320","130186","122323","136130","146324","166639","True","True","False","0.00051393","C"
"libxkbcommon","","","","134555","120578","115334","130120","142142","164602","True","True","False","0.00051371","C"
"psmisc","","","","180663","172031","164277","176101","185436","205471","True","True","False","0.00051045","C"
"discover","","","","208818","197324","194682","212322","232412","207350","True","True","False","0.00050729","C"
"netcat","","","","208311","190170","184673","200870","219366","246476","True","True","False","0.00050606","C"
"fuse","libfuse/libfuse","https://github.com/libfuse/libfuse.git","","208234","203082","201196","218996","230608","187289","True","True","True","0.00050587","C"
"numactl","numactl/numactl","https://github.com/numactl/numactl.git","","168649","142280","135846","153429","190058","221634","True","True","True","0.00050577","C"
"cryptsetup","","https://gitlab.com/cryptsetup/cryptsetup.git","","191360","144930","162147","186570","220585","242570","True","True","False","0.00050137","C"
"gst-plugins-base1.0","","","","120212","107549","102024","116439","127493","147556","True","True","False","0.00049929","C"
"lzo2","","","","137979","119986","117151","131336","148307","173119","True","True","False","0.00049917","C"
"libxcursor","","","","154746","145910","136574","149759","160262","181226","True","True","False","0.00049869","C"
"patch","","","","162752","148199","145074","154542","172556","193391","True","True","False","0.00049817","C"
"libfastjson","rsyslog/libfastjson","https://github.com/rsyslog/libfastjson.git","","153078","177061","180718","174986","124040","108586","True","True","False","0.00049511","C"
"ghostscript","","","","132195","113861","116454","130466","140675","159520","True","True","False","0.00049479","C"
"xft","","","","142936","133952","124592","138046","148622","169468","True","True","False","0.00049348","C"
"libthai","","","","166331","155910","147334","161066","173329","194019","True","True","False","0.00049107","C"
"libcurl3-gnutls","","","","202088","197660","195588","213388","224499","179308","True","True","False","0.00049094","C"
"fftw3","","","","134404","122555","117567","132097","139552","160252","True","True","False","0.00048819","C"
"libksba","","","","200721","181189","178562","195944","212224","235687","True","True","False","0.00048762","C"
"usbutils","gregkh/usbutils","https://github.com/gregkh/usbutils.git","","199870","178872","174829","192058","212368","241226","True","True","False","0.00048641","C"
"sudo","","","","193216","168826","168842","186029","207258","235127","True","True","False","0.00048530","C"
"libxcomposite","","","","154755","147585","137420","150266","159002","179505","True","True","False","0.00048517","C"
"libwebp","","","","131256","104806","109063","127010","146088","169313","True","True","False","0.00048416","C"
"libxdamage","","","","158483","152314","142972","155562","161327","180241","True","True","False","0.00048283","C"
"opus","","","","135467","122266","116563","131104","143143","164259","True","True","False","0.00048058","C"
"libgudev","","","","133326","121854","114978","129135","140096","160569","True","True","False","0.00047924","C"
"serd","","","","116286","97685","96293","112067","126673","148712","True","True","False","0.00047659","C"
"efivar","rhinstaller/efivar","https://github.com/rhinstaller/efivar.git","","175495","147833","163074","187019","210514","169036","True","True","False","0.00046899","C"
"fstrm","farsightsec/fstrm","https://github.com/farsightsec/fstrm.git","","184720","139799","155218","177979","209298","241310","True","True","False","0.00046823","C"
"graphite2","","","","165249","150052","144613","159785","175202","196594","True","True","False","0.00046792","C"
"gcc-defaults","","","","168988","156835","149323","163730","176243","198809","True","True","False","0.00046584","C"
"lapack","","","","140426","124059","120500","135765","149814","171992","True","True","False","0.00046486","C"
"libarchive","","","","117632","119230","114109","129046","131302","94476","True","True","False","0.00046314","C"
"libsigc++-2.0","","","","123259","113852","109011","120151","128192","145093","True","True","False","0.00045989","C"
"gobject-introspection","","","","152520","138497","133273","147990","161230","181610","True","True","False","0.00045437","C"
"libpcre3","","","","186771","207256","204531","206236","173646","142188","True","True","False","0.00045373","C"
"lm-sensors","hramrach/lm-sensors","https://github.com/hramrach/lm-sensors.git","","151289","117597","126849","146629","169714","195656","True","True","False","0.00045084","C"
"libxxf86vm","","","","146991","135488","128439","142524","153584","174922","True","True","False","0.00044833","C"
"libonig","kkos/oniguruma","https://github.com/kkos/oniguruma.git","","79218","27575","45349","70397","112468","140305","True","True","False","0.00044828","C"
"mariadb","","","","104704","99450","96702","103297","109227","114844","True","True","False","0.00044277","C"
"libgd2","","","","166459","145179","145774","162653","178965","199724","True","True","False","0.00044154","C"
"x11-common","","","","0","0","0","0","0","0","False","False","False","0.00043871","C"
"libunwind","libunwind/libunwind","https://github.com/libunwind/libunwind.git","","132051","101135","109137","128335","150455","171193","True","True","True","0.00043642","C"
"libpcap","","","","148043","150812","145391","159103","161591","123320","True","True","False","0.00043553","C"
"libyaml","yaml/libyaml","https://github.com/yaml/libyaml.git","","158064","138823","138174","152069","168786","192469","True","True","True","0.00043470","C"
"tcl8.6","","","","77576","85883","71842","71943","76042","82170","True","True","False","0.00043327","C"
"unzip","","","","178330","164378","158433","173251","186764","208828","True","True","False","0.00043322","C"
"libepoxy","anholt/libepoxy","https://github.com/anholt/libepoxy.git","","133426","117203","113152","128463","143078","165236","True","True","False","0.00043268","C"
"gpgme1.0","","","","138935","145345","137226","150892","150504","110708","True","True","False","0.00043189","C"
"openjpeg2","","","","145281","128933","124996","140636","155264","176577","True","True","False","0.00043151","C"
"fuse3","libfuse/libfuse","https://github.com/libfuse/libfuse.git","","17326","226","291","330","579","85205","True","True","True","0.00042586","C"
"npth","","","","174453","165814","168005","186877","196894","154677","True","True","False","0.00042381","C"
"libxv","","","","140988","129458","122175","136548","147834","168928","True","True","False","0.00042295","C"
"samba","","","","145183","134872","127140","141064","151695","171145","True","True","False","0.00042244","C"
"librsvg","","","","150447","136743","130513","145295","159061","180625","True","True","False","0.00041935","C"
"perlapi-5.40.0","","","","0","0","0","0","0","0","False","False","False","0.00041680","C"
"libsodium","","","","146952","110098","117274","137327","170495","199570","True","True","False","0.00041462","C"
"inetutils","","","","170441","187399","177431","162548","138211","186620","True","True","False","0.00041406","C"
"rsyslog","","","","168750","203478","199028","190469","134076","116703","True","True","False","0.00040995","C"
"libsndfile","","","","136410","126257","118449","132296","142549","162503","True","True","False","0.00040810","C"
"libxkbfile","","","","124590","108484","105286","120581","133438","155161","True","True","False","0.00040774","C"
"libxshmfence","","https://gitlab.freedesktop.org/xorg/lib/libxshmfence.git","","144428","130918","125093","139740","152088","174303","True","True","False","0.00040550","C"
"vulkan-loader","KhronosGroup/Vulkan-Loader","https://github.com/khronosgroup/vulkan-loader.git","","117647","88683","97351","115413","131029","155759","True","True","True","0.00040352","C"
"libcanberra","","","","110512","101746","93834","107181","115679","134120","True","True","False","0.00040281","C"
"libsepol1","","","","164031","207338","200478","190418","122411","99510","True","True","False","0.00039849","C"
"gir1.2-glib-2.0","","","","0","0","0","0","0","0","False","False","False","0.00039789","C"
"aspell","","","","152665","140276","134128","148596","159843","180484","True","True","False","0.00039761","C"
"libselinux-dev","","","","0","0","0","0","0","0","False","False","False","0.00039648","C"
"readline-common","","","","0","0","0","0","0","0","False","False","False","0.00039567","C"
"xcb-util","","","","87499","44530","66619","86710","108322","131316","True","True","False","0.00039313","C"
"sord","","","","116280","97688","96289","112057","126664","148703","True","True","False","0.00039301","C"
"libusb","","","","153952","203104","192162","178299","108173","88024","True","True","False","0.00039011","C"
"jackd2","","","","126499","114894","108683","122806","133357","152759","True","True","False","0.00038968","C"
"libvdpau","","","","126526","112795","107476","122280","134459","155624","True","True","False","0.00038806","C"
"pcsc-lite","","","","141750","129138","123126","137572","148816","170101","True","True","False","0.00038664","C"
"gtk+2.0","","","","128198","130593","119026","130787","135671","124913","True","True","False","0.00038656","C"
"libfido2","","","","150905","59465","113253","145755","197983","238072","True","True","False","0.00038611","C"
"liblognorm","","","","153054","177032","180689","174976","124026","108547","True","True","False","0.00038576","C"
"libevdev","","","","114790","103775","97232","111258","121164","140525","True","True","False","0.00038513","C"
"colord","","","","132668","121301","114451","128777","138831","159982","True","True","False","0.00038471","C"
"libmaxminddb","","","","148420","66759","113697","143497","190264","227886","True","True","False","0.00038308","C"
"libexif","","","","121367","114082","104688","117703","125857","144508","True","True","False","0.00038209","C"
"qtbase-abi-5-15-15","","","","0","0","0","0","0","0","False","False","False","0.00037821","C"
"libxss","","","","130917","119551","111358","125603","138291","159783","True","True","False","0.00037767","C"
"net-snmp","","","","139221","126925","121770","135815","146315","165280","True","True","False","0.00037727","C"
"libproxy","","","","127947","114051","111392","126246","134463","153584","True","True","False","0.00037651","C"
"libuv1","libuv/libuv","https://github.com/libuv/libuv.git","","139346","85849","124039","152428","185510","148905","True","True","False","0.00037474","C"
"qt6-declarative","","","","16281","0","2367","4430","14876","43451","True","True","False","0.00037214","C"
"speex","","","","131857","120462","113691","127838","138482","158813","True","True","False","0.00036991","C"
"libfontenc","","","","139671","127387","118777","133326","148987","169882","True","True","False","0.00036938","C"
"postgresql-17","","","","86385","90361","78936","79993","86655","95980","True","True","False","0.00036921","C"
"kcoreaddons","","https://invent.kde.org/frameworks/kcoreaddons","","42719","36938","36003","41877","48080","50699","True","True","False","0.00036831","C"
"libldap-2.4-2","","","","151473","205783","194959","179342","100162","77122","True","True","False","0.00036798","C"
"libsoup3","","","","64064","0","9252","37585","90154","119266","True","True","False","0.00036786","C"
"libtheora","","","","128806","117422","111266","125679","137145","152519","True","True","False","0.00036740","C"
"lame","","","","129488","115592","109745","124513","137921","159669","True","True","False","0.00036646","C"
"raptor2","","","","105862","94557","87539","102081","113223","131910","True","True","False","0.00036619","C"
"mpg123","","","","113000","113496","108231","123331","127736","92207","True","True","False","0.00036474","C"
"libglu","","","","113765","106818","98084","110891","117544","135489","True","True","False","0.00036339","C"
"snappy","","","","142621","123124","122181","138452","153696","175654","True","True","False","0.00036310","C"
"libdeflate","ebiggers/libdeflate","https://github.com/ebiggers/libdeflate.git","","127225","53384","96962","124916","165032","195832","True","True","False","0.00036166","C"
"libssl1.1","","","","148298","179191","181655","174340","113494","92812","True","True","False","0.00036027","C"
"xcb-util-keysyms","","","","105286","95147","89223","100913","110634","130516","True","True","False","0.00035975","C"
"jbig2dec","","","","138172","129192","120611","134104","144124","162829","True","True","False","0.00035571","C"
"ijs","","","","137845","128719","120255","133761","143882","162610","True","True","False","0.00035492","C"
"libva","intel/libva","https://github.com/intel/libva.git","","116444","92912","95318","112496","129390","152107","True","True","False","0.00035436","C"
"libnotify","","","","115579","105129","97589","111337","122106","141737","True","True","False","0.00035386","C"
"nftables","","","","137467","44369","96614","130590","187146","228616","True","True","False","0.00035324","C"
"apr","","","","112592","117867","112285","120301","120281","92229","True","True","False","0.00035201","C"
"libsecret","","","","120608","111704","103589","117200","126016","144534","True","True","False","0.00035110","C"
"libnsl","thkukuk/libnsl","https://github.com/thkukuk/libnsl.git","","140473","59053","113256","145878","197995","186184","True","True","False","0.00034979","C"
"bc","","","","131418","114404","117985","130870","137756","156076","True","True","False","0.00034923","C"
"xcb-util-renderutil","","","","105308","94323","89104","101001","111037","131075","True","True","False","0.00034917","C"
"glib-networking","","","","131932","121904","116383","130339","136477","154557","True","True","False","0.00034839","C"
"xcb-util-image","","","","104635","93848","88430","100261","110292","130345","True","True","False","0.00034754","C"
"yajl","","","","117782","106068","99073","113754","125339","144680","True","True","False","0.00034317","C"
"libidn11","","","","139989","198131","174572","156645","94943","75656","True","True","False","0.00034008","C"
"libde265","strukturag/libde265","https://github.com/strukturag/libde265.git","","131579","99968","100850","119973","154939","182167","True","True","False","0.00033998","C"
"libdaemon","","","","124417","115904","107460","121197","129834","147690","True","True","False","0.00033962","C"
"libasyncns","","","","134152","123386","115958","129951","140576","160889","True","True","False","0.00033959","C"
"graphene","","","","98973","78235","79329","95859","110375","131067","True","True","False","0.00033802","C"
"sysprof","","","","3629","900","686","610","3654","12297","False","True","False","0.00033766","C"
"iproute2","","","","0","0","0","0","0","0","False","False","False","0.00033383","C"
"libxxf86dga","","","","131425","122602","114081","127721","136634","156090","True","True","False","0.00033332","C"
"gtk4","","","","40742","4286","7035","26432","65990","99969","True","True","False","0.00033331","C"
"libinput","","","","111504","98583","93741","108161","118818","138218","True","True","False","0.00033246","C"
"poppler","","","","110087","99771","93763","107812","115089","134003","True","True","False","0.00032863","C"
"xapian-core","","","","128962","125010","120338","133171","139790","126503","True","True","False","0.00032860","C"
"libapt-pkg6.0","","","","134866","59287","113231","145882","187625","168307","True","True","False","0.00032764","C"
"libgsm","","","","131671","120354","113512","127679","138314","158500","True","True","False","0.00032762","C"
"flite","","","","121868","107623","102957","117606","129999","151158","True","True","False","0.00032728","C"
"xcb-util-wm","","","","104362","93357","88126","99990","110136","130204","True","True","False","0.00032416","C"
"sratom","","","","116278","97686","96290","112055","126662","148700","True","True","False","0.00032411","C"
"mtdev","","","","100944","105494","98189","111953","111807","77278","True","True","False","0.00032379","C"
"libutempter","","https://git.altlinux.org/people/ldv/packages/?p=libutempter.git","","127085","118983","112197","121028","131416","151801","True","True","False","0.00032362","C"
"wavpack","","","","129112","119940","113532","127163","133403","151524","True","True","False","0.00032300","C"
"orc","","https://cgit.freedesktop.org/gstreamer/orc","","108565","112173","105525","119478","120515","85135","True","True","False","0.00032223","C"
"libcaca","","","","127564","115275","108359","122794","135409","155984","True","True","False","0.00032121","C"
"twolame","","","","126599","113336","107810","122404","134236","155210","True","True","False","0.00032105","C"
"x11-utils","","","","131056","122133","113712","127371","136296","155772","True","True","False","0.00032074","C"
"djvulibre","","","","121821","111238","103587","117453","128966","147863","True","True","False","0.00031992","C"
"libevent","","","","97074","52099","89714","114309","131871","97378","True","True","False","0.00031965","C"
"bluez","","","","113668","104413","96215","109374","119279","139059","True","True","False","0.00031883","C"
"libsdl2","","","","103367","75575","82611","100010","118289","140350","True","True","False","0.00031872","C"
"parted","","","","130199","116138","111467","126165","138307","158920","True","True","False","0.00031760","C"
"libsoxr","","","","123067","107336","103763","118982","132006","153251","True","True","False","0.00031728","C"
"libfile-fcntllock-perl","","","","128117","116184","120138","122685","128976","152606","True","True","False","0.00031633","C"
"apr-util","","","","118195","116443","111018","119055","119310","125150","True","True","False","0.00031432","C"
"libcdio","","","","75723","47324","68809","89044","101913","71528","True","True","False","0.00031406","C"
"liblangtag","","","","101519","91852","85620","98720","106939","124466","True","True","False","0.00031372","C"
"speexdsp","","","","107619","105645","98451","103079","103098","127826","True","True","False","0.00031360","C"
"libxfce4util","","","","35951","33929","32186","35549","36889","41205","True","True","False","0.00031326","C"
"x11-xserver-utils","","","","121302","109726","103151","117316","128008","148309","True","True","False","0.00031322","C"
"libiec61883","","","","123024","110287","104350","118760","130483","151243","True","True","False","0.00031322","C"
"kconfig","","https://invent.kde.org/frameworks/kconfig","","41908","36843","35503","41045","46516","49633","True","True","False","0.00031316","C"
"xvidcore","","","","127195","114515","108526","123013","134573","155348","True","True","False","0.00031223","C"
"mysql-defaults","","","","128510","138686","124474","126944","124780","127669","True","True","False","0.00031219","C"
"openal-soft","kcat/openal-soft","https://github.com/kcat/openal-soft.git","","117067","104172","98927","113325","124543","144370","True","True","False","0.00031137","C"
"rsync","","","","128137","117297","117366","124364","133963","147696","True","True","False","0.00031129","C"
"libavc1394","","","","123478","110944","104917","119303","130813","151413","True","True","False","0.00031087","C"
"libheif","","","","111641","68710","72870","97269","144777","174579","True","True","False","0.00030995","C"
"git","","","","125366","103237","106604","116741","139446","160805","True","True","False","0.00030876","C"
"apache2","","","","106258","98065","95563","104391","111280","121995","True","True","False","0.00030855","C"
"gst-plugins-good1.0","","","","114161","101809","96315","110632","121295","140756","True","True","False","0.00030842","C"
"mhash","","","","105718","97186","90040","102838","110580","127949","True","True","False","0.00030764","C"
"game-music-emu","libgme/game-music-emu","https://github.com/libgme/game-music-emu.git","","124181","110745","105388","119998","131990","152787","True","True","False","0.00030725","C"
"libwacom","","","","113724","102698","96370","110316","120050","139188","True","True","False","0.00030711","C"
"cdparanoia","","","","120123","108890","102318","116400","126635","146372","True","True","False","0.00030674","C"
"libvisual","","","","119911","108640","102085","116183","126451","146197","True","True","False","0.00030547","C"
"shine","savonet/shine","https://github.com/savonet/shine.git","","124015","109225","104865","119925","132479","153585","True","True","False","0.00030545","C"
"libgusb","hughsie/libgusb","https://github.com/hughsie/libgusb.git","","110744","99192","94328","108156","117007","135038","True","True","False","0.00030538","C"
"startup-notification","","","","108281","99556","91658","105062","113549","131583","True","True","False","0.00030533","C"
"libwpd","","","","101586","92362","85830","98849","106766","124123","True","True","False","0.00030267","C"
"x11-xkb-utils","","","","114657","104966","97319","110951","120345","139708","True","True","False","0.00030233","C"
"ocl-icd","OCL-dev/ocl-icd","https://github.com/ocl-dev/ocl-icd.git","","104256","66451","81979","101392","123328","148130","True","True","False","0.00030231","C"
"modemmanager","","","","110565","97891","92612","106831","118005","137488","True","True","False","0.00030229","C"
"dbus-glib","","","","104460","118402","106345","117932","94751","84872","True","True","False","0.00030208","C"
"libopenmpt","","","","106230","105014","101713","117067","121060","86299","True","True","False","0.00030144","C"
"duktape","","","","74478","0","8611","39700","107405","142197","True","True","False","0.00030132","C"
"kf6-kcoreaddons","","https://invent.kde.org/frameworks/kcoreaddons","","15455","0","0","0","4430","26480","True","True","False","0.00030118","C"
"chromaprint","","","","121115","105265","101847","117005","130165","151293","True","True","False","0.00030117","C"
"dosfstools","dosfstools/dosfstools","https://github.com/dosfstools/dosfstools.git","","123635","108258","102937","117667","133251","156065","True","True","False","0.00030035","C"
"libmbim","","","","108481","95094","90296","104651","116315","136050","True","True","False","0.00029999","C"
"libaacs","","","","122893","109358","104032","118584","130650","151843","True","True","False","0.00029855","C"
"snowball","","","","117041","102280","102113","114039","123602","143171","True","True","False","0.00029847","C"
"zeromq3","","","","120407","100943","100838","116693","130942","152620","True","True","False","0.00029774","C"
"network-manager","","","","105537","91840","86932","101004","113792","134117","True","True","False","0.00029685","C"
"libreoffice","","","","102175","93339","86548","99280","107107","124601","True","True","False","0.00029671","C"
"libdvdread","","","","72197","44645","66150","86050","97449","66693","True","True","False","0.00029655","C"
"aalib","","","","117391","106337","99870","113827","123804","143117","True","True","False","0.00029627","C"
"packagekit","","","","121167","106254","102964","117482","130364","148772","True","True","False","0.00029590","C"
"libbs2b","","","","118950","102989","99529","114772","128133","149328","True","True","False","0.00029540","C"
"qtx11extras-opensource-src","","","","66360","62124","57857","63800","70296","77725","True","True","False","0.00029470","C"
"lilv","","","","116278","97682","96294","112051","126663","148704","True","True","False","0.00029390","C"
"ki18n","","https://invent.kde.org/frameworks/ki18n","","41723","36820","35446","40887","46112","49353","True","True","False","0.00029367","C"
"libshout","","","","117465","106302","99866","113847","123982","143328","True","True","False","0.00029345","C"
"libdv","","","","102142","105296","98914","112911","114060","79531","True","True","False","0.00029236","C"
"xkb-data","","","","0","0","0","0","0","0","False","False","False","0.00029232","C"
"upower","","","","106429","96341","89480","103103","112422","130800","True","True","False","0.00029149","C"
"kf6-ki18n","","https://invent.kde.org/frameworks/ki18n","","15388","0","0","0","4407","26370","True","True","False","0.00029117","C"
"libsigsegv","","","","105208","117959","109908","106531","97042","94600","True","True","False","0.00029054","C"
"udisks2","","","","111793","99239","93998","108274","119084","138370","True","True","False","0.00028942","C"
"libbluray","","","","114590","92818","94662","111799","127892","145783","True","True","False","0.00028942","C"
"libgcc1","","","","101971","163924","116804","102483","69663","56981","True","True","False","0.00028790","C"
"v4l-utils","","","","105406","109810","102519","116214","116695","81796","True","True","False","0.00028732","C"
"ffmpeg","","","","49970","44312","42872","45491","51523","65654","True","True","False","0.00028726","C"
"cracklib2","cracklib/cracklib","https://github.com/cracklib/cracklib.git","","82104","74768","70285","79147","86614","99707","True","True","False","0.00028643","C"
"sonic","waywardgeek/sonic","https://github.com/waywardgeek/sonic.git","","97366","86549","80698","94176","103542","121868","True","True","False","0.00028620","C"
"libvdpau-va-gl","i-rinat/libvdpau-va-gl","https://github.com/i-rinat/libvdpau-va-gl.git","","117756","100598","98290","113769","127414","148709","True","True","False","0.00028607","C"
"rubberband","","","","116587","99368","97246","112757","126491","147077","True","True","False","0.00028604","C"
"lua5.3","","","","114230","93399","103727","118498","135095","120433","True","True","False","0.00028577","C"
"ntfs-3g","tuxera/ntfs-3g","https://github.com/tuxera/ntfs-3g.git","","117515","105241","99533","113659","124552","144590","True","True","False","0.00028548","C"
"vte2.91","","","","105568","93790","91403","103526","112017","127108","True","True","False","0.00028546","C"
"sbc","","","","107970","93785","89998","104683","115938","135446","True","True","False","0.00028544","C"
"opencore-amr","","","","112135","99941","94860","108394","118115","139366","True","True","False","0.00028497","C"
"wpa","","","","117033","105022","98631","113059","123993","144464","True","True","False","0.00028431","C"
"a52dec","","","","109519","99636","93118","106675","115377","132790","True","True","False","0.00028396","C"
"automake-1.17","","","","0","0","0","0","0","0","False","False","False","0.00028364","C"
"libdvdnav","","","","113569","103661","96070","109571","118373","140173","True","True","False","0.00028325","C"
"hunspell","","","","102504","82803","83207","99345","113705","133464","True","True","False","0.00028308","C"
"libxfont","","","","109220","96031","91222","105685","116665","136501","True","True","False","0.00028303","C"
"mpeg2dec","","","","109086","99143","92690","106210","114863","132528","True","True","False","0.00028291","C"
"libass","libass/libass","https://github.com/libass/libass.git","","113239","91120","92760","109669","125383","147266","True","True","True","0.00028245","C"
"libxfce4ui","","","","33834","31442","29576","32998","35302","39853","True","True","False","0.00028150","C"
"libatasmart","","","","114482","103236","97041","110915","121034","140186","True","True","False","0.00027941","C"
"libdbusmenu","","","","93738","80315","77818","90358","102199","118003","True","True","False","0.00027930","C"
"fakeroot","","","","114720","105862","102912","107980","119065","137782","True","True","False","0.00027869","C"
"norm","","","","99833","89435","94068","111476","119081","85105","True","True","False","0.00027868","C"
"giflib","","","","110978","99588","94766","107187","119767","133584","True","True","False","0.00027844","C"
"libbdplus","","","","114143","95767","94207","109836","124423","146483","True","True","False","0.00027729","C"
"zvbi","zapping-vbi/zvbi","https://github.com/zapping-vbi/zvbi.git","","111274","112898","107421","122124","124636","89295","True","True","False","0.00027726","C"
"libsoup2.4-1","","","","113996","121952","115843","126630","120061","85497","True","True","False","0.00027694","C"
"pcaudiolib","espeak-ng/pcaudiolib","https://github.com/espeak-ng/pcaudiolib.git","","93229","79618","75952","90030","100777","119770","True","True","False","0.00027615","C"
"gst-plugins-bad1.0","","","","105664","92944","88222","102552","113074","131529","True","True","False","0.00027601","C"
"libspectre","","","","107808","96139","88740","103399","115872","134893","True","True","False","0.00027598","C"
"kf6-kconfig","","https://invent.kde.org/frameworks/kconfig","","15451","0","0","0","4420","26482","True","True","False","0.00027592","C"
"cups-filters","","","","101231","102902","102270","113841","110539","76607","True","True","False","0.00027589","C"
"usb-modeswitch","","","","113546","103483","96261","109778","119562","138649","True","True","False","0.00027584","C"
"libxres","","","","105077","95399","88585","101980","110732","128691","True","True","False","0.00027555","C"
"sane-backends","","","","113178","104737","97167","110225","117865","135897","True","True","False","0.00027495","C"
"gcr","","","","104803","93337","86707","100814","112379","130781","True","True","False","0.00027428","C"
"faad2","knik0/faad2","https://github.com/knik0/faad2.git","","110797","100606","93839","107540","116742","135258","True","True","True","0.00027415","C"
"hyphen","hunspell/hyphen","https://github.com/hunspell/hyphen.git","","110311","100708","93611","107194","116121","133925","True","True","False","0.00027282","C"
"libxvmc","","","","107634","99225","91234","104419","112743","130550","True","True","False","0.00027238","C"
"dnsmasq","","","","112099","99123","94334","108008","119186","139847","True","True","False","0.00027233","C"
"libgphoto2","gphoto/libgphoto2","https://github.com/gphoto/libgphoto2.git","","100386","106248","97822","111111","110569","76182","True","True","False","0.00027182","C"
"libmpc","","","","109731","99145","92711","106570","115827","134403","True","True","False","0.00027146","C"
"unbound","","","","64087","50858","52904","56508","68449","91720","True","True","False","0.00027049","C"
"libsmbclient","","","","111237","115652","108338","122565","122817","86817","True","True","False","0.00027023","C"
"libdca","","","","109850","99619","93033","106751","115994","133854","True","True","False","0.00027004","C"
"lua5.2","","","","108710","125350","111487","110287","97833","98597","True","True","False","0.00026997","C"
"libvidstab","","","","109854","87594","90241","106216","121497","143725","True","True","False","0.00026968","C"
"liblqr","","","","108894","88941","82578","101385","125162","146408","True","True","False","0.00026919","C"
"z3","Z3Prover/z3","https://github.com/z3prover/z3.git","","107520","49619","81457","105102","136399","165027","True","True","False","0.00026917","C"
"libudfread","","","","93602","45873","71524","93008","118331","139276","True","True","False","0.00026839","C"
"ppp","","","","110228","98188","92900","106453","116929","136671","True","True","False","0.00026778","C"
"gst-libav1.0","","","","109191","93866","91030","105819","117711","137529","True","True","False","0.00026775","C"
"speech-dispatcher","","","","100476","88952","83758","97490","107218","124965","True","True","False","0.00026741","C"
"libteam","","","","104369","90728","86430","100502","111943","132245","True","True","False","0.00026683","C"
"libndp","","","","104346","90739","86411","100476","111873","132234","True","True","False","0.00026678","C"
"gdisk","","","","109783","107049","103124","117839","123945","96958","True","True","False","0.00026670","C"
"libpython3.13-stdlib","","","","0","0","0","0","0","0","False","False","False","0.00026642","C"
"anacron","","","","109570","99590","92203","105928","115249","134880","True","True","False","0.00026618","C"
"iw","","","","109226","100138","92228","105630","114253","133881","True","True","False","0.00026535","C"
"libwnck3","","https://gitlab.gnome.org/gnome/libwnck.git","","101117","90102","84137","97741","107434","126172","True","True","False","0.00026525","C"
"libmodplug","","","","107861","96267","90730","104810","114552","132947","True","True","False","0.00026523","C"
"vo-amrwbenc","","http://opencore-amr.git.sourceforge.net/","","106826","94325","89603","103798","113934","132472","True","True","False","0.00026509","C"
"libmysofa","hoene/libmysofa","https://github.com/hoene/libmysofa.git","","92918","45697","70165","91368","116067","141297","True","True","False","0.00026409","C"
"libalgorithm-diff-xs-perl","","","","108476","97984","96129","101685","113656","132928","True","True","False","0.00026353","C"
"xserver-xorg-video-fbdev","","","","108320","99160","91507","104844","113739","132351","True","True","False","0.00026315","C"
"xserver-xorg-video-vesa","","","","107979","98977","91263","104645","113516","131494","True","True","False","0.00026232","C"
"xserver-xorg-video-ati","","","","107786","98541","90902","104296","113295","131899","True","True","False","0.00026185","C"
"python3-gi","","","","0","0","0","0","0","0","False","False","False","0.00026102","C"
"sndio","","","","102183","86725","88155","105080","121044","109914","True","True","False","0.00025993","C"
"xf86-input-wacom","","","","106981","97689","90102","103572","112426","131118","True","True","False","0.00025989","C"
"alsa-utils","","","","106942","97626","90391","103786","112399","130508","True","True","False","0.00025980","C"
"xserver-xorg-video-vmware","","","","106843","98108","90303","103373","112303","130128","True","True","False","0.00025956","C"
"libmtp","","","","101151","92378","85882","98000","106141","123356","True","True","False","0.00025938","C"
"vo-aacenc","","http://opencore-amr.git.sourceforge.net/","","105631","92771","88353","102618","112894","131519","True","True","False","0.00025937","C"
"nas","","","","106565","98871","90599","103438","111198","128722","True","True","False","0.00025930","C"
"libexttextcat","","","","105645","95742","89695","102873","111190","128726","True","True","False","0.00025922","C"
"libsidplay","","","","99069","83675","81909","96037","106260","127466","True","True","False","0.00025816","C"
"x11-apps","","","","106204","97068","89644","102909","111580","129819","True","True","False","0.00025801","C"
"libao","","","","104010","94438","87555","100870","109620","127569","True","True","False","0.00025749","C"
"libqmi","","","","105926","90353","87369","102150","114883","134878","True","True","False","0.00025733","C"
"lerc","Esri/lerc","https://github.com/esri/lerc.git","","86936","0","9871","42787","127253","167834","True","True","False","0.00025722","C"
"rtkit","heftig/rtkit","https://github.com/heftig/rtkit.git","","105597","94918","88377","102251","111961","130479","True","True","False","0.00025653","C"
"xserver-xorg-video-intel","","","","105565","96700","88984","102105","110888","129148","True","True","False","0.00025645","C"
"mythes","","","","102304","93373","86598","99442","107355","124752","True","True","False","0.00025607","C"
"qtsvg-opensource-src","","","","79280","73323","68772","75528","83273","95506","True","True","False","0.00025572","C"
"x11-session-utils","","","","105189","96138","88664","101926","110569","128650","True","True","False","0.00025554","C"
"python2.7-minimal","","","","105106","166340","122013","107742","71544","57894","True","True","False","0.00025534","C"
"libnice","","","","102137","85402","83883","99321","111514","130568","True","True","False","0.00025515","C"
"python2.7","","","","104938","166140","121839","107579","71383","57749","True","True","False","0.00025493","C"
"libieee1284","","","","100055","105640","97808","110852","110072","75907","True","True","False","0.00025475","C"
"jemalloc","","","","90595","15987","27170","59246","151364","199209","True","True","False","0.00025355","C"
"usbmuxd","libimobiledevice/usbmuxd","https://github.com/libimobiledevice/usbmuxd.git","","104216","97051","89713","100914","106305","127101","True","True","False","0.00025318","C"
"soundtouch","","","","103069","87890","85248","100136","111555","130520","True","True","False","0.00025315","C"
"wildmidi","","","","102759","87380","84938","99855","111328","130294","True","True","False","0.00025240","C"
"gnome-online-accounts","","","","84000","77020","71872","81451","88537","101123","True","True","False","0.00025203","C"
"libkate","","","","103108","98579","92247","106103","112952","105659","True","True","False","0.00025185","C"
"libxklavier","","","","88343","86397","79899","90376","95822","89222","True","True","False","0.00025176","C"
"enchant-2","","","","78344","41024","60343","77604","97326","115423","True","True","False","0.00025144","C"
"libwpg","","","","101567","92352","85828","98829","106733","124097","True","True","False","0.00025090","C"
"xorg-video-abi-25","","","","0","0","0","0","0","0","False","False","False","0.00025042","C"
"cairomm","","","","90398","87037","82015","93394","100226","89318","True","True","False","0.00024992","C"
"ayatana-ido","AyatanaIndicators/ayatana-ido","https://github.com/ayatanaindicators/ayatana-ido.git","","85873","71583","73092","86408","99224","99061","True","True","False","0.00024901","C"
"libeot","","","","101170","91498","85269","98381","106586","124118","True","True","False","0.00024835","C"
"libvisio","","","","100341","91031","84627","97662","105527","122858","True","True","False","0.00024792","C"
"libcdr","","","","100331","91015","84617","97647","105512","122868","True","True","False","0.00024790","C"
"sphinxbase","","","","75123","42604","66724","87785","104054","74451","True","True","False","0.00024771","C"
"gexiv2","","","","97392","84535","81278","95877","105921","119352","True","True","False","0.00024758","C"
"alsa-ucm-conf","","","","101824","46246","76158","99756","129507","157453","True","True","False","0.00024737","C"
"alsa-topology-conf","","","","101816","46227","76192","99752","129466","157445","True","True","False","0.00024735","C"
"gst-plugins-ugly1.0","","","","101614","86981","84644","98769","109296","128383","True","True","False","0.00024686","C"
"libodfgen","","","","100447","91190","84846","97750","105610","122842","True","True","False","0.00024659","C"
"libsrtp2","cisco/libsrtp","https://github.com/cisco/libsrtp.git","","100238","80070","81363","97554","111263","130942","True","True","True","0.00024627","C"
"libaio1","","","","101275","108324","106801","107943","100617","82692","True","True","False","0.00024603","C"
"volume-key","","https://pagure.io/volume_key","","100651","78739","80907","97349","112579","133681","True","True","False","0.00024581","C"
"libpython2.7-minimal","","","","101125","159673","117438","103910","68934","55674","True","True","False","0.00024567","C"
"libpython2.7-stdlib","","","","101033","159587","117355","103832","68824","55569","True","True","False","0.00024544","C"
"libetonyek","","","","99924","90295","84229","97209","105303","122587","True","True","False","0.00024532","C"
"libabw","","","","99863","90395","84220","97175","105135","122391","True","True","False","0.00024518","C"
"libe-book","","","","99850","90399","84199","97148","105123","122384","True","True","False","0.00024514","C"
"spandsp","","","","99328","101123","95906","110064","111499","78051","True","True","False","0.00024490","C"
"woff2","google/woff2","https://github.com/google/woff2.git","","99629","82676","82907","98852","110873","122839","True","True","True","0.00024437","C"
"gnome-keyring","","","","100575","89165","82477","96522","108041","126673","True","True","False","0.00024433","C"
"boost1.83","","","","37013","0","0","0","9598","64429","True","True","False","0.00024421","C"
"libmwaw","","","","99460","89880","83419","96509","105080","122415","True","True","False","0.00024420","C"
"librabbitmq","alanxz/rabbitmq-c","https://github.com/alanxz/rabbitmq-c.git","","97039","49352","74137","95438","120724","145548","True","True","True","0.00024389","C"
"sdl12-compat","libsdl-org/sdl12-compat","https://github.com/libsdl-org/sdl12-compat.git","","72353","85378","71845","73911","70099","60533","True","True","False","0.00024352","C"
"xmlsec1","","","","96838","85344","90709","108071","115972","84094","True","True","False","0.00024350","C"
"gvfs","","","","97940","91462","84271","94921","102413","116634","True","True","False","0.00024263","C"
"libfreehand","","","","98801","89197","83188","96157","104097","121366","True","True","False","0.00024260","C"
"libmspub","","","","98799","89212","83179","96151","104096","121361","True","True","False","0.00024259","C"
"qt6-base-private-abi","","","","0","0","0","0","0","0","False","False","False","0.00024109","C"
"p7zip","","","","99089","100251","93666","107332","110911","83287","True","True","False","0.00024072","C"
"texlive-bin","","","","95765","90020","82955","93111","99751","112991","True","True","False","0.00024048","C"
"libwps","","","","97567","85920","81517","94933","103984","121485","True","True","False","0.00023960","C"
"rasqal","","","","89805","94303","87272","100055","99664","67733","True","True","False","0.00023908","C"
"desktop-file-utils","","","","0","0","0","0","0","0","False","False","False","0.00023817","C"
"libayatana-indicator","AyatanaIndicators/libayatana-indicator","https://github.com/ayatanaindicators/libayatana-indicator.git","","85944","71809","73150","86452","99245","99064","True","True","False","0.00023757","C"
"geoip","","","","96910","155447","111479","99743","66429","51452","True","True","False","0.00023708","C"
"libpagemaker","","","","96516","84985","80563","93930","102807","120296","True","True","False","0.00023704","C"
"python-cups","OpenPrinting/pycups","https://github.com/openprinting/pycups.git","","97101","83175","79911","93829","105001","123589","True","True","False","0.00023589","C"
"alsa-plugins","","","","91419","98297","91211","94484","87854","85253","True","True","False","0.00023578","C"
"kwidgetsaddons","","https://invent.kde.org/frameworks/kwidgetsaddons","","42490","37221","36013","41795","47305","50117","True","True","False","0.00023555","C"
"libgdk-pixbuf2.0-0","","","","96952","142075","121964","107204","64609","48911","True","True","False","0.00023553","C"
"liblouis","","","","80674","41307","60984","80148","99730","121202","True","True","False","0.00023537","C"
"unixodbc","","","","33623","33342","28337","25863","33452","47125","True","True","False","0.00023511","C"
"espeak-ng","espeak-ng/espeak-ng","https://github.com/espeak-ng/espeak-ng.git","","93087","79454","75845","89922","100602","119616","True","True","True","0.00023372","C"
"dotconf","williamh/dotconf","https://github.com/williamh/dotconf.git","","95876","84592","79118","92741","102402","120528","True","True","False","0.00023292","C"
"plymouth","","","","95856","77456","77477","93159","105780","125411","True","True","False","0.00023287","C"
"brltty","","","","95405","83622","78304","91895","101663","121543","True","True","False","0.00023177","C"
"libpgm","steve-o/openpgm","https://github.com/steve-o/openpgm.git","","80489","45996","72671","94268","110363","79151","True","True","False","0.00023169","C"
"openmpi","","","","9785","12449","9327","9094","9064","8994","True","True","False","0.00023145","C"
"ucf","","","","0","0","0","0","0","0","False","False","False","0.00023115","C"
"m4","","","","77602","87527","77850","75731","73224","73682","True","True","False","0.00022971","C"
"libgee-0.8","","","","70374","62097","59153","68141","75399","87081","True","True","False","0.00022929","C"
"libnumbertext","","","","92884","75569","75167","90271","102431","120985","True","True","False","0.00022822","C"
"login.defs","","","","0","0","0","0","0","0","False","False","False","0.00022706","C"
"pipewire","","","","82813","41286","61849","81698","102901","126335","True","True","False","0.00022703","C"
"zbar","mchehab/zbar","https://github.com/mchehab/zbar.git","","92213","92786","88551","102851","104810","72070","True","True","False","0.00022678","C"
"libstaroffice","fosnola/libstaroffice","https://github.com/fosnola/libstaroffice.git","","92234","75215","75119","89958","101345","119536","True","True","False","0.00022664","C"
"libadwaita-1","","","","43697","0","6073","24313","60611","83791","True","True","False","0.00022640","C"
"bsdmainutils","","","","93191","163650","106438","91032","58626","46209","True","True","False","0.00022639","C"
"accountsservice","","","","87490","75472","71250","83212","92196","115322","True","True","False","0.00022627","C"
"libepubgen","","","","92047","75078","74962","89775","101110","119310","True","True","False","0.00022619","C"
"libzmf","","","","91109","74134","74068","88881","100148","118318","True","True","False","0.00022391","C"
"libqxp","","","","91099","74114","74062","88867","100146","118310","True","True","False","0.00022389","C"
"libdc1394","","","","88950","44514","67231","87814","110724","134467","True","True","False","0.00022375","C"
"libcue","lipnitsk/libcue","https://github.com/lipnitsk/libcue.git","","59885","47602","48651","58473","67051","77650","True","True","True","0.00022283","C"
"pangomm","","","","90339","86987","81994","93352","100175","89188","True","True","False","0.00022273","C"
"atkmm1.6","","","","90333","87014","82014","93386","100174","89077","True","True","False","0.00022271","C"
"python3-dbusmock","","","","0","0","0","0","0","0","False","False","False","0.00022212","C"
"libwmf","","","","87952","87871","71885","61713","94646","123646","True","True","False","0.00022211","C"
"redland","","","","90075","94797","87584","100322","99815","67857","True","True","False","0.00022140","C"
"tzdata-legacy","","","","0","0","0","0","0","0","False","False","False","0.00022038","C"
"native-architecture","","","","0","0","0","0","0","0","False","False","False","0.00022038","C"
"python3-packaging","","","","0","0","0","0","0","0","False","False","False","0.00022038","C"
"gir1.2-girepository-3.0","","","","0","0","0","0","0","0","False","False","False","0.00022038","C"
"pocketsphinx","","","","89508","42568","66705","87773","112708","137788","True","True","False","0.00022026","C"
"7zip","","","","0","0","0","0","0","0","False","False","False","0.00021955","C"
"qrencode","","","","80049","43095","48028","70921","106646","131557","True","True","False","0.00021934","C"
"libgtop2","","","","85904","76077","73123","84005","91620","104698","True","True","False","0.00021928","C"
"zip","","","","90071","87620","82550","87606","91468","101111","True","True","False","0.00021881","C"
"hdparm","","","","89922","129662","96995","88767","69957","64230","True","True","False","0.00021845","C"
"mjpegtools","","","","88666","88491","84371","98777","101678","70016","True","True","False","0.00021816","C"
"double-conversion","google/double-conversion","https://github.com/google/double-conversion.git","","66755","34348","51982","63684","82708","101055","True","True","True","0.00021756","C"
"kf6-kwidgetsaddons","","https://invent.kde.org/frameworks/kwidgetsaddons","","15742","0","0","0","4433","27051","True","True","False","0.00021715","C"
"zix","","https://gitlab.com/drobilla/zix.git","","37663","0","0","0","9674","65653","True","True","False","0.00021670","C"
"gspell","","https://gitlab.gnome.org/gnome/gspell.git","","80084","64912","63536","76374","90444","105157","True","True","False","0.00021660","C"
"imagemagick-6-common","","","","88869","77933","75017","94888","116457","80054","True","True","False","0.00021589","C"
"cogl","","","","69649","66222","61244","68677","71827","80278","True","True","False","0.00021454","C"
"powermgmt-base","","","","87867","126406","94309","86013","68333","64274","True","True","False","0.00021346","C"
"distro-info","","","","87697","77353","84400","93767","97666","85302","True","True","False","0.00021305","C"
"ibus","ibus/ibus","https://github.com/ibus/ibus.git","","80652","67620","66141","78072","88013","103417","True","True","False","0.00021193","C"
"libplist","","","","14427","638","597","605","8836","61460","True","True","False","0.00021090","C"
"clutter-1.0","","","","70540","67800","62316","69530","72358","80700","True","True","False","0.00021032","C"
"lirc","","","","79245","80773","76581","88626","89822","60423","True","True","False","0.00020842","C"
"libinstpatch","swami/libinstpatch","https://github.com/swami/libinstpatch.git","","82895","42963","63283","82964","103174","122092","True","True","False","0.00020818","C"
"zenity","","","","84367","81329","72958","81179","87153","99219","True","True","False","0.00020817","C"
"libgdata","","","","82618","76548","71580","80905","87476","96584","True","True","False","0.00020715","C"
"totem-pl-parser","","","","68166","61034","57761","66307","72266","83465","True","True","False","0.00020658","C"
"libnma","","","","83939","74276","70748","81794","89666","103213","True","True","False","0.00020630","C"
"gawk","","","","84634","88706","83525","82384","82369","86186","True","True","False","0.00020560","C"
"libhandy-1","","","","67737","29745","45273","63911","90332","109425","True","True","False","0.00020498","C"
"yelp","","","","84315","78284","72847","82260","88012","100173","True","True","False","0.00020483","C"
"libpwquality","libpwquality/libpwquality","https://github.com/libpwquality/libpwquality.git","","79860","72097","67723","76676","84745","98060","True","True","False","0.00020464","C"
"md4c","mity/md4c","https://github.com/mity/md4c.git","","62393","32719","49056","60189","76540","93464","True","True","True","0.00020450","C"
"libflac8","","","","84051","127744","113349","97584","47063","34518","True","True","False","0.00020419","C"
"libftdi1","","","","61650","29097","42263","59025","78890","98979","True","True","False","0.00020414","C"
"libgs9-common","","","","83760","127761","113483","96878","46562","34119","True","True","False","0.00020348","C"
"libayatana-appindicator","AyatanaIndicators/libayatana-appindicator","https://github.com/ayatanaindicators/libayatana-appindicator.git","","83650","70633","71235","84126","96474","95785","True","True","False","0.00020321","C"
"libcdio-paranoia","","","","79470","73899","75382","87803","93508","66759","True","True","False","0.00020317","C"
"libgxps","","","","80295","85022","78657","88886","88300","60610","True","True","False","0.00020290","C"
"libltc","x42/libltc","https://github.com/x42/libltc.git","","81614","40441","60855","80896","102054","123826","True","True","False","0.00020103","C"
"libiptc0","","","","82193","137479","94885","83053","54499","41052","True","True","False","0.00019967","C"
"xterm","","","","82139","82543","70162","75275","78224","104495","True","True","False","0.00019954","C"
"aom","","","","69761","3092","13546","44853","124515","162799","True","True","False","0.00019931","D"
"insserv","slicer69/insserv","https://github.com/slicer69/insserv.git","","38158","56133","44084","39864","28334","22376","True","True","False","0.00019916","D"
"libimagequant","ImageOptim/libimagequant","https://github.com/imageoptim/libimagequant.git","","71649","61748","55399","58160","68778","114164","True","True","False","0.00019908","D"
"libgs9","","","","81930","127614","112171","94823","43615","31430","True","True","False","0.00019904","D"
"libpeas","","","","74042","67206","63375","72302","78352","88976","True","True","False","0.00019900","D"
"libbpf","","","","81645","87","8640","45511","150911","203076","True","True","False","0.00019834","D"
"libidn","","","","64490","7467","10712","41383","113013","149878","True","True","False","0.00019745","D"
"synaptic","mvo5/synaptic","https://github.com/mvo5/synaptic.git","","81022","72276","71387","82922","90683","87843","True","True","False","0.00019683","D"
"openni2","","","","79861","39590","59690","79254","99458","121314","True","True","False","0.00019677","D"
"imagemagick","","","","74274","75921","67738","71685","75024","81003","True","True","False","0.00019675","D"
"default-dbus-session-bus","","","","0","0","0","0","0","0","False","False","False","0.00019614","D"
"libical3","libical/libical","https://github.com/libical/libical.git","","69974","64144","65474","79000","84087","57166","True","True","True","0.00019575","D"
"libmagickcore-6.q16-6","","","","80473","62313","65312","87118","108145","79478","True","True","False","0.00019550","D"
"libxmlsec1-nss","","","","80280","75559","75911","90961","94819","64151","True","True","False","0.00019503","D"
"libmagickwand-6.q16-6","","","","80161","61971","64970","86805","107842","79221","True","True","False","0.00019474","D"
"libburn","","","","73702","75503","70560","80743","83579","58128","True","True","False","0.00019465","D"
"libisofs","","","","73463","75080","70268","80479","83445","58043","True","True","False","0.00019407","D"
"jigit","","","","60991","32618","48547","63438","80874","79481","True","True","False","0.00019314","D"
"xfconf","","","","36612","35486","33072","36160","37095","41249","True","True","False","0.00019252","D"
"libprocps8","","","","78874","58736","112178","110394","62935","50130","True","True","False","0.00019161","D"
"perl-modules-5.36","","","","78755","0","9228","45584","140480","119729","True","True","False","0.00019132","D"
"libperl5.36","","","","78716","0","9227","45581","140446","119611","True","True","False","0.00019123","D"
"jxrlib","4creators/jxrlib","https://github.com/4creators/jxrlib.git","","78684","66867","63807","84185","104606","73957","True","True","False","0.00019115","D"
"gir1.2-gtk-3.0-dev","","","","0","0","0","0","0","0","False","False","False","0.00019085","D"
"python-minimal","","","","78531","146657","90363","75618","45294","34726","True","True","False","0.00019078","D"
"python","","","","78411","146468","90251","75508","45196","34633","True","True","False","0.00019049","D"
"gssdp","","","","61171","0","7561","36539","86946","113640","True","True","False","0.00018996","D"
"base-files","","","","0","0","0","0","0","0","False","False","False","0.00018990","D"
"libglib-object-introspection-perl","","","","78120","55501","62638","77044","89890","105529","True","True","False","0.00018978","D"
"liboauth","","","","68092","68121","59163","66035","69156","77987","True","True","False","0.00018972","D"
"libcairo-gobject-perl","","","","78084","55432","62592","77015","89863","105521","True","True","False","0.00018969","D"
"xfce4-panel","","","","30222","28972","26826","29637","31467","34209","True","True","False","0.00018918","D"
"gsl","","","","66714","55964","56151","64890","72675","83890","True","True","False","0.00018785","D"
"librest-0.7-0","","","","77201","115634","104081","90492","43734","32064","True","True","False","0.00018755","D"
"tk8.6","","","","69434","78530","64098","64071","67145","73326","True","True","False","0.00018628","D"
"network-manager-applet","","","","76622","77410","72031","82471","87643","63557","True","True","False","0.00018614","D"
"netpbm-free","","","","76472","77901","69709","73666","77348","83738","True","True","False","0.00018578","D"
"libmanette","","","","75281","39196","58344","75116","93357","110396","True","True","False","0.00018515","D"
"babl","","","","72562","75451","66702","72656","72972","75030","True","True","False","0.00018407","D"
"libmad","","","","72452","76084","67223","70223","70354","78380","True","True","False","0.00018397","D"
"clutter-gtk","","","","68703","64918","60334","67695","71009","79559","True","True","False","0.00018256","D"
"libssh","","","","58995","37854","39161","47615","64629","105720","True","True","False","0.00018200","D"
"default-dbus-system-bus","","","","0","0","0","0","0","0","False","False","False","0.00018151","D"
"libmng","","","","69020","74398","64433","68178","67916","70178","True","True","False","0.00018062","D"
"xkbset","","","","74271","36929","54939","73581","92479","113429","True","True","False","0.00018043","D"
"cjson","DaveGamble/cJSON","https://github.com/davegamble/cjson.git","","57800","3833","13785","42447","99090","129846","True","True","True","0.00017999","D"
"gir1.2-gio-2.0","","","","0","0","0","0","0","0","False","False","False","0.00017936","D"
"gupnp","","","","61167","0","7560","36535","86940","113636","True","True","False","0.00017908","D"
"libjs-jquery","","","","0","0","0","0","0","0","False","False","False","0.00017877","D"
"evince","","","","73177","69454","63965","71915","75442","85111","True","True","False","0.00017777","D"
"rdma-core","linux-rdma/rdma-core","https://github.com/linux-rdma/rdma-core.git","","53217","45573","46795","49931","60489","63301","True","True","False","0.00017729","D"
"install-info","","","","0","0","0","0","0","0","False","False","False","0.00017689","D"
"gimp","","","","72509","75637","66825","72690","72785","74612","True","True","False","0.00017615","D"
"gir1.2-gmodule-2.0-dev","","","","0","0","0","0","0","0","False","False","False","0.00017575","D"
"osinfo-db","","","","66295","56004","55278","63595","72330","84271","True","True","False","0.00017332","D"
"libmagickcore-6.q16-6-extra","","","","71299","51954","54342","76483","100440","73280","True","True","False","0.00017321","D"
"dnsutils","","","","71271","94157","77640","72150","60432","51977","True","True","False","0.00017314","D"
"tinysparql","","","","56571","53330","50832","58368","64093","56232","True","True","False","0.00017152","D"
"libxcvt","","","","63070","0","9446","37530","88743","116563","True","True","False","0.00017092","D"
"mod-dnssd","","","","62782","55722","52832","61270","67577","76510","True","True","False","0.00017078","D"
"netbase","","","","0","0","0","0","0","0","False","False","False","0.00016983","D"
"gcc-12","","","","69902","6","11799","46864","147637","143208","True","True","False","0.00016982","D"
"qtwayland-opensource-src","","","","56322","35641","37591","49418","71713","87249","True","True","False","0.00016957","D"
"libgsf","","","","68111","59841","56875","65679","73220","84944","True","True","False","0.00016938","D"
"perl-modules-5.32","","","","69687","57773","101799","100460","50196","38210","True","True","False","0.00016929","D"
"libperl5.32","","","","69593","57744","101738","100372","50050","38062","True","True","False","0.00016907","D"
"libavutil56","","","","69325","92378","91854","83818","44896","33679","True","True","False","0.00016841","D"
"libswresample3","","","","69260","92360","91789","83762","44799","33592","True","True","False","0.00016826","D"
"gtksourceview4","","","","64403","29388","44524","61677","84553","101874","True","True","False","0.00016780","D"
"notification-daemon","","","","68799","94531","85490","77802","47246","38929","True","True","False","0.00016714","D"
"exempi","","","","66412","53978","54629","65051","73196","85206","True","True","False","0.00016650","D"
"nautilus","","","","59519","53758","50367","57577","62788","73109","True","True","False","0.00016573","D"
"libmms","","","","67980","94930","84349","75557","44802","40263","True","True","False","0.00016559","D"
"libmediaart","","","","62773","53840","52247","61114","67873","78794","True","True","False","0.00016555","D"
"libexiv2-27","","","","68129","42510","61865","81008","93045","62219","True","True","False","0.00016551","D"
"gnome-disk-utility","","","","67940","60193","57162","65809","72590","83947","True","True","False","0.00016505","D"
"gjs","","https://gitlab.gnome.org/gnome/gjs.git","","64386","56162","53770","62449","68901","80651","True","True","False","0.00016456","D"
"libyuv","","","","64975","55","8949","41278","118853","155740","True","True","False","0.00016454","D"
"libgav1","","","","64879","14","8761","41167","118808","155649","True","True","False","0.00016431","D"
"libavcodec58","","","","67615","90274","89618","81776","43691","32717","True","True","False","0.00016426","D"
"perlapi-5.40.1","","","","0","0","0","0","0","0","False","False","False","0.00016374","D"
"libfreetype6-dev","","","","19651","25423","23710","22554","15436","11134","True","True","False","0.00016281","D"
"gnome-settings-daemon","","https://gitlab.gnome.org/gnome/gnome-settings-daemon.git","","63941","57431","54147","62454","68229","77448","True","True","False","0.00016264","D"
"libaio","","https://pagure.io/libaio","","8047","1609","1488","1484","5620","30038","False","True","False","0.00016202","D"
"libgimp2.0","","","","66143","76085","67079","72901","67867","46783","True","True","False","0.00016068","D"
"liburing","axboe/liburing","https://github.com/axboe/liburing.git","","44928","143","6942","22948","86437","108172","True","True","False","0.00016017","D"
"socat","","","","65828","57463","57894","63207","70766","79810","True","True","False","0.00015992","D"
"xdg-user-dirs-gtk","","","","63691","54563","52948","61671","68308","80968","True","True","False","0.00015942","D"
"libqrtr-glib","","https://gitlab.freedesktop.org/mobile-broadband/libqrtr-glib.git","","50584","1","9414","37354","89017","117136","True","True","False","0.00015934","D"
"x264","","","","56474","3001","12456","41137","99093","126687","True","True","False","0.00015927","D"
"liblocale-gettext-perl","","","","0","0","0","0","0","0","False","False","False","0.00015926","D"
"imagemagick-6.q16","","","","65493","72209","65167","69567","70170","50356","True","True","False","0.00015910","D"
"grilo","","","","61000","52992","51027","59574","65691","75720","True","True","False","0.00015908","D"
"jq","","","","65417","22490","32619","55623","94913","121444","True","True","False","0.00015892","D"
"geoclue-2.0","","https://gitlab.freedesktop.org/geoclue/geoclue/wikis/home.git","","63767","55852","53555","62291","68721","78419","True","True","False","0.00015875","D"
"libosinfo","","","","65340","55217","54422","62669","71175","83221","True","True","False","0.00015873","D"
"usrmerge","","","","65284","0","2345","28884","118868","111042","True","True","False","0.00015860","D"
"libncurses5","","","","65234","96402","73917","66041","48615","41195","True","True","False","0.00015848","D"
"gir1.2-gdkpixbuf-2.0","","","","0","0","0","0","0","0","False","False","False","0.00015838","D"
"nm-connection-editor","","","","0","0","0","0","0","0","False","False","False","0.00015820","D"
"kconfigwidgets","","https://invent.kde.org/frameworks/kconfigwidgets","","40826","36127","34754","40163","45223","47867","True","True","False","0.00015762","D"
"lynx","","","","63152","19354","25093","50753","97311","123252","True","True","False","0.00015600","D"
"libtommath","","","","45859","47415","40589","44256","45475","51560","True","True","False","0.00015543","D"
"metis","","","","63921","70585","63920","70584","67272","47245","True","True","False","0.00015529","D"
"vlc","","","","58848","57446","52153","56786","60140","67718","True","True","False","0.00015449","D"
"aptitude","","","","63478","78398","67390","63894","55601","52110","True","True","False","0.00015421","D"
"gnome-control-center","","","","62535","55563","52639","61058","67187","76232","True","True","False","0.00015409","D"
"gnome-autoar","","","","59228","50959","49439","57398","63755","74589","True","True","False","0.00015376","D"
"gnome-terminal","","","","63111","55373","53009","61347","67674","78155","True","True","False","0.00015332","D"
"whois","","","","62901","72612","64237","61724","57651","58284","True","True","False","0.00015281","D"
"file-roller","","","","62629","55289","52442","60712","66876","77830","True","True","False","0.00015215","D"
"kwindowsystem","","https://invent.kde.org/frameworks/kwindowsystem","","42656","38076","36635","41902","47060","49609","True","True","False","0.00015201","D"
"webkit2gtk","","","","53986","0","8055","32133","77164","98595","True","True","False","0.00015193","D"
"tzdata","","","","0","0","0","0","0","0","False","False","False","0.00015157","D"
"libavformat58","","","","62380","91082","87398","75518","33921","23981","True","True","False","0.00015154","D"
"mutter","","","","60497","51541","49491","58551","66645","76257","True","True","False","0.00015152","D"
"gnome-session","","https://gitlab.gnome.org/gnome/gnome-session.git","","59752","51204","48571","57950","65944","75092","True","True","False","0.00015117","D"
"wireless-tools","","","","62225","61045","55010","62360","61459","71253","True","True","False","0.00015117","D"
"libiptcdata","ianw/libiptcdata","https://github.com/ianw/libiptcdata.git","","62066","56387","52952","60208","65376","75408","True","True","False","0.00015078","D"
"xnnpack","google/XNNPACK","https://github.com/google/xnnpack.git","","59152","0","0","0","0","59152","True","True","True","0.00015073","D"
"libgnomekbd","","","","60799","57887","54883","63552","69251","58423","True","True","False","0.00015044","D"
"gnome-user-share","","","","61916","54744","51997","60347","66775","75718","True","True","False","0.00015042","D"
"libcloudproviders","","","","43129","2587","9627","28637","67963","106832","True","True","False","0.00015012","D"
"liblouisutdml","","","","61622","24284","57057","76732","89253","60785","True","True","False","0.00014970","D"
"gir1.2-gobject-2.0","","","","0","0","0","0","0","0","False","False","False","0.00014967","D"
"exim4","","","","61569","69911","59961","57332","56381","64261","True","True","False","0.00014957","D"
"ethtool","","","","61417","54778","57369","59807","65331","69803","True","True","False","0.00014920","D"
"libcddb","","","","60542","58157","53064","58316","62533","70643","True","True","False","0.00014888","D"
"libswscale5","","","","61279","90230","86081","74121","32745","23222","True","True","False","0.00014887","D"
"rpcbind","","","","58826","63903","57804","56581","58022","57821","True","True","False","0.00014884","D"
"openexr","","","","54572","5562","9053","38375","95414","124457","True","True","False","0.00014849","D"
"grilo-plugins","","","","59513","50963","49556","58196","64460","74393","True","True","False","0.00014806","D"
"totem","","","","60741","54348","51447","59541","64688","73681","True","True","False","0.00014756","D"
"pci.ids","","","","0","0","0","0","0","0","False","False","False","0.00014740","D"
"transmission","","","","60588","58605","55352","63379","67820","57787","True","True","False","0.00014719","D"
"brasero","","","","59801","57657","54447","62313","67123","57468","True","True","False","0.00014715","D"
"libphonenumber","googlei18n/libphonenumber","https://github.com/googlei18n/libphonenumber.git","","60529","29617","43690","58061","74432","96845","True","True","False","0.00014705","D"
"fonts-dejavu-core","","","","0","0","0","0","0","0","False","False","False","0.00014648","D"
"llvm-toolchain-19","","","","40600","0","0","0","9050","72150","True","True","False","0.00014647","D"
"libpostproc55","","","","60251","89502","84953","72737","31658","22405","True","True","False","0.00014637","D"
"libjcat","hughsie/libjcat","https://github.com/hughsie/libjcat.git","","58669","25134","39231","56135","76422","96423","True","True","False","0.00014633","D"
"clutter-gst-3.0","","","","57379","56668","53950","61697","63866","50715","True","True","False","0.00014624","D"
"libperl4-corelibs-perl","","","","0","0","0","0","0","0","False","False","False","0.00014588","D"
"gnome-shell","","https://gitlab.gnome.org/gnome/gnome-shell.git","","57907","50900","48443","55969","61982","72242","True","True","False","0.00014568","D"
"libnatpmp","","","","57334","58544","55399","63479","64717","44531","True","True","False","0.00014554","D"
"qtdeclarative-abi-5-15-15","","","","0","0","0","0","0","0","False","False","False","0.00014549","D"
"libncursesw5","","","","59885","91840","68824","60635","42687","35442","True","True","False","0.00014548","D"
"libpython2.7","","","","59406","109475","68745","58072","34513","26227","True","True","False","0.00014432","D"
"kcodecs","","https://invent.kde.org/frameworks/kcodecs","","40830","36132","34753","40163","45226","47876","True","True","False","0.00014427","D"
"libgpod","","","","59261","58265","53838","61408","65991","56807","True","True","False","0.00014397","D"
"zimg","sekrit-twc/zimg","https://github.com/sekrit-twc/zimg.git","","58033","10988","13603","41395","96908","127273","True","True","False","0.00014379","D"
"sidplay-libs","","","","58578","57322","52064","56526","59697","67282","True","True","False","0.00014367","D"
"dee","","","","54154","38155","43253","53431","63091","72840","True","True","False","0.00014359","D"
"kiconthemes","","https://invent.kde.org/frameworks/kiconthemes","","40630","35970","34546","39950","44984","47702","True","True","False","0.00014330","D"
"imath","","","","49172","0","9052","38381","85890","63366","True","True","False","0.00014326","D"
"folks","","","","55522","49573","46981","54004","58779","68274","True","True","False","0.00014282","D"
"libavfilter7","","","","58722","87238","82495","71216","30861","21803","True","True","False","0.00014266","D"
"qtchooser","","","","37737","44401","35954","39086","38718","30529","True","True","False","0.00014166","D"
"libebml","","","","44793","24959","36316","44315","54309","64066","True","True","False","0.00014140","D"
"flashrom","","","","58153","24686","38758","55706","75647","95972","True","True","False","0.00014127","D"
"libdecor-0","","https://gitlab.freedesktop.org/libdecor/libdecor.git","","53666","3","9927","38500","94662","125241","True","True","False","0.00014121","D"
"libcomerr2","","","","58117","91359","67053","58601","40273","33303","True","True","False","0.00014119","D"
"malcontent","","https://gitlab.freedesktop.org/pwithnall/malcontent.git","","55113","27051","40492","53783","69200","85042","True","True","False","0.00014114","D"
"gegl","","","","56950","58601","56553","64561","63345","41690","True","True","False","0.00014093","D"
"libofa","tanob/libofa","https://github.com/tanob/libofa.git","","57990","92693","80228","67593","28781","20658","True","True","False","0.00014088","D"
"kguiaddons","","https://invent.kde.org/frameworks/kguiaddons","","41996","37138","36020","41230","46335","49260","True","True","False","0.00014060","D"
"gcab","","","","57843","48645","50764","65044","74025","50740","True","True","False","0.00014052","D"
"gdm3","","","","57444","49867","47841","55588","61740","72187","True","True","False","0.00014025","D"
"srt","Haivision/srt","https://github.com/haivision/srt.git","","54705","66","9476","38672","97184","128129","True","True","False","0.00013984","D"
"librist","","","","56340","2889","12117","40690","97625","128381","True","True","False","0.00013968","D"
"eog","","","","57472","55918","52814","61086","65388","52155","True","True","False","0.00013962","D"
"nfs-utils","","","","57455","63594","56615","55148","56144","55777","True","True","False","0.00013958","D"
"shotwell","","","","57342","48837","47460","55855","62235","72327","True","True","False","0.00013930","D"
"libdvbpsi","","","","56626","53783","49882","54638","58513","66315","True","True","False","0.00013893","D"
"libntlm","","","","52247","54512","52237","52526","51048","50916","True","True","False","0.00013891","D"
"libxnvctrl","","","","51452","33328","40955","48423","58657","75901","True","True","False","0.00013842","D"
"polkit-qt-1","","https://invent.kde.org/libraries/polkit-qt-1","","42530","37232","35789","40983","45824","52823","True","True","False","0.00013801","D"
"abseil","","","","14320","17","62","142","339","71042","True","True","False","0.00013787","D"
"graphviz","","","","55652","41822","48205","55373","61396","71467","True","True","False","0.00013778","D"
"ostree","ostreedev/ostree","https://github.com/ostreedev/ostree.git","","54661","28402","40442","53476","68429","82560","True","True","True","0.00013766","D"
"karchive","","https://invent.kde.org/frameworks/karchive","","41353","36280","34711","40759","46478","48538","True","True","False","0.00013742","D"
"smartmontools","","","","56469","45916","48595","54177","62034","71625","True","True","False","0.00013718","D"
"gsound","","","","52619","48670","49963","59477","62537","42452","True","True","False","0.00013717","D"
"kio","","https://invent.kde.org/frameworks/kio","","39733","35256","33963","39338","44238","45872","True","True","False","0.00013706","D"
"cheese","","","","56408","55064","52818","60666","63314","50180","True","True","False","0.00013703","D"
"bogofilter","","","","54888","48606","46384","53412","58117","67922","True","True","False","0.00013634","D"
"libytnef","Yeraze/ytnef","https://github.com/yeraze/ytnef.git","","54859","48282","46314","53543","58198","67960","True","True","False","0.00013627","D"
"libgdbm3","","","","55774","87218","64321","56294","38880","32158","True","True","False","0.00013549","D"
"xml-core","","","","0","0","0","0","0","0","False","False","False","0.00013523","D"
"libswresample4","","","","55507","0","9675","38861","95301","78191","True","True","False","0.00013485","D"
"boost-defaults","","","","15425","9063","10689","13815","22852","20710","True","True","False","0.00013467","D"
"kf6-kio","","https://invent.kde.org/frameworks/kio","","14763","0","0","0","3974","25552","True","True","False","0.00013434","D"
"evolution","","https://gitlab.gnome.org/gnome/evolution.git","","55243","49627","46904","53913","58056","67716","True","True","False","0.00013420","D"
"screen","","","","55231","56584","54826","54467","54606","55672","True","True","False","0.00013418","D"
"tpm2-tss","tpm2-software/tpm2-tss","https://github.com/tpm2-software/tpm2-tss.git","","53802","30778","47061","63849","75477","51845","True","True","False","0.00013411","D"
"libgom","","","","52146","51114","49708","58390","60457","41063","True","True","False","0.00013408","D"
"libimobiledevice","","","","14182","309","250","244","8795","61312","True","True","False","0.00013396","D"
"krb5-config","","","","0","0","0","0","0","0","False","False","False","0.00013299","D"
"lksctp-tools","sctp/lksctp-tools","https://github.com/sctp/lksctp-tools.git","","20826","20521","19054","19027","21015","24513","True","True","False","0.00013269","D"
"libopenmpt-modplug","","","","53722","48725","45813","50767","57520","65785","True","True","False","0.00013188","D"
"flatpak","","","","50730","25400","37126","49678","64289","77159","True","True","False","0.00013181","D"
"kitemviews","","https://invent.kde.org/frameworks/kitemviews","","41860","36976","35719","41420","46675","48512","True","True","False","0.00013180","D"
"intel-gmmlib","intel/gmmlib","https://github.com/intel/gmmlib.git","","54164","33","9689","38167","95936","126999","True","True","False","0.00013158","D"
"kxmlgui","","https://invent.kde.org/frameworks/kxmlgui","","39789","35122","33942","39393","44488","46002","True","True","False","0.00013156","D"
"sdl-image1.2","","","","54155","60407","54775","58951","56234","40409","True","True","False","0.00013156","D"
"libntfs-3g883","","","","54006","78760","77708","66642","27687","19235","True","True","False","0.00013120","D"
"gnome-menus","","","","53665","51142","48664","56191","61240","51092","True","True","False","0.00013107","D"
"gnome-contacts","","","","53831","47205","44934","52042","57666","67311","True","True","False","0.00013077","D"
"rhythmbox","","","","53714","49081","47683","56185","62483","53141","True","True","False","0.00013049","D"
"libmypaint","mypaint/libmypaint","https://github.com/mypaint/libmypaint.git","","52451","47813","46443","51904","54317","61781","True","True","False","0.00013000","D"
"kservice","","https://invent.kde.org/frameworks/kservice","","40300","35973","34535","39898","44814","46283","True","True","False","0.00013000","D"
"libavresample4","","","","53474","78911","76531","65693","27196","19041","True","True","False","0.00012991","D"
"hitori","","","","51108","48424","46027","53763","57754","49574","True","True","False","0.00012962","D"
"libavutil57","","","","53294","0","9677","38809","90089","74601","True","True","False","0.00012947","D"
"tracker-miners","","","","53243","52454","50251","57825","63597","42092","True","True","False","0.00012935","D"
"libldac","","","","49620","409","9547","37178","86956","114011","True","True","False","0.00012915","D"
"fluidsynth","Fluidsynth/fluidsynth","https://github.com/fluidsynth/fluidsynth.git","","49506","422","9449","37045","86963","113654","True","True","False","0.00012807","D"
"libverto","latchset/libverto","https://github.com/latchset/libverto.git","","751","814","797","829","757","562","False","True","False","0.00012786","D"
"libfreeaptx","iamthehorker/libfreeaptx","https://github.com/iamthehorker/libfreeaptx.git","","48905","9","8876","36433","85973","113234","True","True","False","0.00012742","D"
"gucharmap","","","","52443","66732","61049","57371","39948","37119","True","True","False","0.00012740","D"
"hoichess","","","","51930","49194","46818","54583","58624","50432","True","True","False","0.00012616","D"
"lua5.4","","","","26981","7782","11391","13769","25786","76181","True","True","False","0.00012609","D"
"qtmultimedia-opensource-src","","","","44223","40298","40178","46690","52180","41769","True","True","False","0.00012582","D"
"libcroco3","","","","51551","98176","58956","49284","29257","22086","True","True","False","0.00012524","D"
"libavcodec59","","","","51458","0","9218","37550","86972","72095","True","True","False","0.00012501","D"
"pigz","","","","51435","47766","46965","48748","53599","60097","True","True","False","0.00012495","D"
"libgnome-games-support1","","","","51431","47234","45968","54146","59025","50783","True","True","False","0.00012494","D"
"gtksourceview3","","","","51361","68219","52593","52104","42799","41094","True","True","False","0.00012477","D"
"libxmlb","hughsie/libxmlb","https://github.com/hughsie/libxmlb.git","","49823","3764","9350","33363","86420","116221","True","True","False","0.00012396","D"
"ann","","","","49040","29468","40947","48971","57371","68447","True","True","False","0.00012364","D"
"qtquickcontrols2-opensource-src","","","","39066","29251","31335","38161","46980","49603","True","True","False","0.00012362","D"
"kauth","","https://invent.kde.org/frameworks/kauth","","40857","36160","34792","40186","45250","47897","True","True","False","0.00012284","D"
"tokyocabinet","","","","37654","53002","42660","39292","30150","23166","True","True","False","0.00012270","D"
"liblrdf","swh/LRDF","https://github.com/swh/lrdf.git","","49305","6272","5325","38555","85024","111352","True","True","False","0.00012254","D"
"kcompletion","","https://invent.kde.org/frameworks/kcompletion","","40990","36226","34892","40310","45493","48031","True","True","False","0.00012251","D"
"libswscale6","","","","50402","0","9523","38399","87907","65782","True","True","False","0.00012244","D"
"qqwing","","","","50368","46319","44979","53101","57751","49694","True","True","False","0.00012236","D"
"imlib2","","","","26614","27000","25505","28501","30791","21274","True","True","False","0.00012230","D"
"gcr4","","","","23187","0","0","25","8894","60643","True","True","False","0.00012208","D"
"meta-gnome3","","","","50220","48501","45742","52937","55990","47930","True","True","False","0.00012200","D"
"neon27","","","","38219","6515","5913","39838","80189","58642","True","True","False","0.00012146","D"
"libavformat59","","","","49978","0","9335","38242","87633","64704","True","True","False","0.00012141","D"
"firebird4.0","","","","27957","40369","29203","26848","22281","21088","True","True","False","0.00012085","D"
"libvoikko","","","","38624","31133","31341","37151","43260","50239","True","True","False","0.00012056","D"
"gstreamer-editing-services1.0","","","","49519","25814","37967","49702","61603","72509","True","True","False","0.00012030","D"
"bsd-mailx","","","","49488","53423","44774","43284","48252","57708","True","True","False","0.00012022","D"
"qttools-opensource-src","","","","46218","43085","41423","47717","52402","46467","True","True","False","0.00012013","D"
"libmusicbrainz5","","","","48171","62258","58459","53794","34549","31799","True","True","False","0.00011961","D"
"libpostproc56","","","","49197","0","9346","37697","86215","63531","True","True","False","0.00011952","D"
"gupnp-igd","","","","34679","0","0","0","9015","60343","True","True","False","0.00011949","D"
"libwpe","","","","41849","39553","58274","75010","23454","12954","True","True","False","0.00011929","D"
"powertop","fenrus75/powertop","https://github.com/fenrus75/powertop.git","","49076","43808","39804","46553","52602","62617","True","True","False","0.00011922","D"
"exo","","","","32045","31674","28635","31357","32913","35647","True","True","False","0.00011895","D"
"libid3tag","","","","45865","44865","41207","43741","48877","50639","True","True","False","0.00011856","D"
"libavfilter8","","","","48791","0","9192","37435","85542","62997","True","True","False","0.00011853","D"
"mc","","","","48754","47645","47044","47949","49841","51293","True","True","False","0.00011844","D"
"kf6-kconfigwidgets","","https://invent.kde.org/frameworks/kconfigwidgets","","14811","0","0","0","3918","25704","True","True","False","0.00011826","D"
"wtmpdb","thkukuk/wtmpdb","https://github.com/thkukuk/wtmpdb.git","","40579","0","0","0","2065","79094","True","True","False","0.00011809","D"
"libpst","","","","47368","47615","45469","52603","53826","37331","True","True","False","0.00011807","D"
"aribb24","nkoriyama/aribb24","https://github.com/nkoriyama/aribb24.git","","46866","47956","47024","52779","52223","34351","True","True","False","0.00011803","D"
"gir1.2-gdkpixbuf-2.0-dev","","","","0","0","0","0","0","0","False","False","False","0.00011771","D"
"kf6-kxmlgui","","https://invent.kde.org/frameworks/kxmlgui","","14568","0","0","0","3458","25678","True","True","False","0.00011766","D"
"nmap","","","","48141","49122","46241","45942","48342","51058","True","True","False","0.00011695","D"
"gts","","","","46020","38999","46264","53655","54310","36874","True","True","False","0.00011630","D"
"libnetpbm10","","","","47832","78023","63254","54264","25403","18216","True","True","False","0.00011620","D"
"http-parser","joyent/http-parser","https://github.com/joyent/http-parser.git","","46488","33039","47217","50956","47255","53976","True","True","False","0.00011607","D"
"libjaylink","","http://git.zapb.de/libjaylink/libjaylink","","37660","918","866","28650","67232","90636","True","True","False","0.00011550","D"
"editorconfig-core","","","","46149","19601","21919","38918","65380","84929","True","True","False","0.00011491","D"
"gsettings-desktop-schemas","","","","0","0","0","0","0","0","False","False","False","0.00011488","D"
"gdk-pixbuf-xlib","","","","47286","44368","65061","59960","37677","29364","True","True","False","0.00011487","D"
"kdbusaddons","","https://invent.kde.org/frameworks/kdbusaddons","","40549","36125","34767","40166","45128","46560","True","True","False","0.00011430","D"
"qtgraphicaleffects-opensource-src","","","","42400","36097","35306","41512","48748","50338","True","True","False","0.00011429","D"
"libmspack","","","","46328","43466","45999","48833","49916","43428","True","True","False","0.00011370","D"
"colord-gtk","","","","45816","56339","49851","42248","47141","33505","True","True","False","0.00011368","D"
"libimobiledevice-glue","libimobiledevice/libimobiledevice-glue","https://github.com/libimobiledevice/libimobiledevice-glue.git","","35078","0","0","0","8805","61352","True","True","False","0.00011335","D"
"qtlocation-opensource-src","","","","45933","44881","42658","48096","52373","41659","True","True","False","0.00011324","D"
"libunity","","","","45379","21790","33385","45526","58282","67913","True","True","False","0.00011324","D"
"qtspeech-opensource-src","","","","39356","32493","32841","38826","45447","47174","True","True","False","0.00011324","D"
"kf6-kcolorscheme","","https://invent.kde.org/frameworks/kcolorscheme","","15298","0","0","0","4350","26246","True","True","False","0.00011291","D"
"hfst-ospell","hfst/hfst-ospell","https://github.com/hfst/hfst-ospell.git","","32398","16067","24481","31767","40888","48788","True","True","False","0.00011288","D"
"libcbor","PJK/libcbor","https://github.com/pjk/libcbor.git","","19358","13","13","16","10879","85870","True","True","True","0.00011267","D"
"lightdm","","","","46336","46249","42021","46227","46926","50258","True","True","False","0.00011257","D"
"box2d","","","","46336","5490","8462","34293","79345","104090","True","True","False","0.00011257","D"
"kjobwidgets","","https://invent.kde.org/frameworks/kjobwidgets","","39767","35294","33985","39365","44276","45919","True","True","False","0.00011244","D"
"lv2","","","","698","703","665","684","706","735","False","True","False","0.00011222","D"
"glibmm2.4","","","","14347","2635","2393","2386","8418","55906","True","True","False","0.00011219","D"
"libreadline5","","","","46100","82173","53441","45452","27792","21644","True","True","False","0.00011199","D"
"kglobalaccel","","https://invent.kde.org/frameworks/kglobalaccel","","39810","35140","33951","39403","44511","46049","True","True","False","0.00011171","D"
"qtwebchannel-opensource-src","","","","45201","43908","41989","47370","51878","40861","True","True","False","0.00011146","D"
"lua5.1","","","","36741","48565","40076","37169","29733","28166","True","True","False","0.00011073","D"
"thunar","","","","30475","29874","27203","29901","31375","34026","True","True","False","0.00011059","D"
"gir1.2-gtk-3.0","","","","0","0","0","0","0","0","False","False","False","0.00011055","D"
"nghttp3","ngtcp2/nghttp3","https://github.com/ngtcp2/nghttp3.git","","18996","3","4","6","11233","83738","True","True","False","0.00011052","D"
"libmatroska","","","","44787","24956","36305","44305","54309","64061","True","True","False","0.00011017","D"
"libexttextcat-data","","","","0","0","0","0","0","0","False","False","False","0.00011016","D"
"gir1.2-pango-1.0","","","","0","0","0","0","0","0","False","False","False","0.00011000","D"
"acpid","","","","38795","54284","43313","39403","30315","26662","True","True","False","0.00010948","D"
"libdbusmenu-qt","","","","41631","37852","36157","41410","45767","46972","True","True","False","0.00010948","D"
"qtscript-opensource-src","","","","32182","37975","31711","34661","33158","23406","True","True","False","0.00010943","D"
"protobuf","google/protobuf","https://github.com/google/protobuf.git","","34803","2987","5983","30233","69674","65142","True","True","False","0.00010929","D"
"gedit","","","","44965","57545","52854","49359","33960","31108","True","True","False","0.00010924","D"
"ktextwidgets","","https://invent.kde.org/frameworks/ktextwidgets","","40027","35509","34142","39520","44567","46401","True","True","False","0.00010922","D"
"ccid","","","","25623","24460","23526","23936","27144","29053","True","True","False","0.00010921","D"
"libnautilus-extension1a","","","","44908","72517","62613","52047","21864","15499","True","True","False","0.00010910","D"
"c-ares","","","","40850","43492","40169","41183","42972","36437","True","True","False","0.00010871","D"
"sonnet","","https://invent.kde.org/frameworks/sonnet","","40134","35583","34231","39622","44684","46553","True","True","False","0.00010862","D"
"solid","","https://invent.kde.org/frameworks/solid","","40313","35930","34741","39963","44729","46202","True","True","False","0.00010835","D"
"knotifications","","https://invent.kde.org/frameworks/knotifications","","40430","35952","34608","40021","45077","46496","True","True","False","0.00010796","D"
"qt6-svg","","","","15713","0","1739","3885","14061","43169","True","True","False","0.00010732","D"
"libx264-160","","","","44133","43727","61553","59378","31553","24457","True","True","False","0.00010721","D"
"intel-processor-trace","intel/libipt","https://github.com/intel/libipt.git","","39576","32292","32330","37804","43708","51749","True","True","False","0.00010683","D"
"xcb-util-cursor","","","","35744","23495","22304","28668","41436","62818","True","True","False","0.00010680","D"
"startpar","","","","0","0","0","0","0","0","False","False","False","0.00010646","D"
"iso-codes","","","","0","0","0","0","0","0","False","False","False","0.00010619","D"
"kcrash","","https://invent.kde.org/frameworks/kcrash","","41229","36668","35252","40652","45672","47901","True","True","False","0.00010546","D"
"portaudio19","","","","36672","41043","35490","35174","35128","36525","True","True","False","0.00010520","D"
"libb-hooks-op-check-perl","","","","43166","33974","37264","42221","48942","53433","True","True","False","0.00010486","D"
"libspatialaudio","videolabs/libspatialaudio","https://github.com/videolabs/libspatialaudio.git","","42591","42292","42086","47886","48547","32144","True","True","False","0.00010484","D"
"w3m","","","","43147","49197","39803","40276","44372","42088","True","True","False","0.00010482","D"
"wpebackend-fdo","","","","41829","39566","58266","74979","23418","12916","True","True","False","0.00010438","D"
"runit-helper","","","","0","0","0","0","0","0","False","False","False","0.00010437","D"
"kf6-kguiaddons","","https://invent.kde.org/frameworks/kguiaddons","","15896","0","0","0","4431","27362","True","True","False","0.00010410","D"
"kwayland-kf5","","https://invent.kde.org/frameworks/kwayland","","41657","36473","35638","41114","46211","48851","True","True","False","0.00010379","D"
"kwallet-kf5","","https://invent.kde.org/frameworks/kwallet","","40333","35747","34385","39765","44768","47002","True","True","False","0.00010336","D"
"uriparser","","","","38480","27896","27826","29328","36260","71090","True","True","False","0.00010330","D"
"xorg-sgml-doctools","","","","0","0","0","0","0","0","False","False","False","0.00010328","D"
"highway","google/highway","https://github.com/google/highway.git","","39775","5","1761","38889","91517","66706","True","True","False","0.00010301","D"
"libchamplain","","","","40963","52961","47700","40273","22437","41445","True","True","False","0.00010251","D"
"tcpdump","","","","42155","41286","40726","40999","42396","45370","True","True","False","0.00010241","D"
"exiv2","","","","16703","7979","6844","6644","7268","54781","True","True","False","0.00010240","D"
"kf6-kwindowsystem","","https://invent.kde.org/frameworks/kwindowsystem","","16404","0","0","0","4470","28339","True","True","False","0.00010240","D"
"qtquickcontrols-opensource-src","","","","36397","33092","32026","37901","45299","33667","True","True","False","0.00010201","D"
"evolution-data-server","","https://gitlab.gnome.org/gnome/evolution.git","","25508","312","4670","22216","48382","51961","True","True","False","0.00010195","D"
"autogen","","","","41854","57110","50819","47274","30212","23858","True","True","False","0.00010168","D"
"dav1d","","","","18213","1335","2291","2892","10682","73865","True","True","False","0.00010146","D"
"gnome-desktop","","","","25180","269","5748","25045","54327","40515","True","True","False","0.00010141","D"
"tree","","","","41564","34504","34971","38897","46378","53073","True","True","False","0.00010097","D"
"libvncserver","","","","40984","28377","34272","39201","48081","54989","True","True","False","0.00010093","D"
"geoip-bin","","","","0","0","0","0","0","0","False","False","False","0.00010075","D"
"ceph","","","","37945","27217","30415","34538","47650","49907","True","True","False","0.00010053","D"
"libsub-identify-perl","","","","41322","34003","35876","40441","46147","50146","True","True","False","0.00010039","D"
"gir1.2-cairo-1.0-dev","","","","0","0","0","0","0","0","False","False","False","0.00010038","D"
"phonon","","","","32955","36112","33821","37829","34572","22444","True","True","False","0.00010035","D"
"libvariable-magic-perl","","","","41293","33938","35844","40409","46138","50136","True","True","False","0.00010031","D"
"liblouis-data","","","","0","0","0","0","0","0","False","False","False","0.00010007","D"
"policykit-1-gnome","","","","41150","46323","39890","42902","42892","33747","True","True","False","0.00009997","D"
"libgl1-mesa-glx","","","","41055","62286","47042","42421","29841","23685","True","True","False","0.00009974","D"
"libgweather4","","","","37918","0","5220","22428","53701","70326","True","True","False","0.00009966","D"
"flac","","","","17414","5222","4999","5140","5551","66159","True","True","False","0.00009955","D"
"pavucontrol","","","","40843","41284","37656","40321","41186","43772","True","True","False","0.00009922","D"
"keybinder-3.0","engla/keybinder","https://github.com/engla/keybinder.git","","40767","39374","35925","39902","41879","46756","True","True","False","0.00009904","D"
"libb2","","","","29584","10315","16915","23325","36289","61076","True","True","False","0.00009903","D"
"libclass-xsaccessor-perl","","","","40750","33051","35127","39719","45815","50042","True","True","False","0.00009900","D"
"gettext","","","","14127","19091","14883","13695","11866","11104","True","True","False","0.00009884","D"
"libxpresent","","https://gitlab.freedesktop.org/xorg/lib/libxpresent.git","","38485","23746","29823","38194","47605","53057","True","True","False","0.00009874","D"
"kf6-kcrash","","https://invent.kde.org/frameworks/kcrash","","15263","0","0","0","4334","26193","True","True","False","0.00009852","D"
"libpackage-stash-xs-perl","","","","40532","33357","35235","39848","45200","49024","True","True","False","0.00009847","D"
"sysstat","","","","40464","38110","38427","38973","42061","44750","True","True","False","0.00009830","D"
"libsnmp30","","","","40445","78125","46401","38749","22271","16679","True","True","False","0.00009825","D"
"libpolkit-backend-1-0","","","","40307","82057","45957","37516","20770","15237","True","True","False","0.00009792","D"
"dmeventd","","","","0","0","0","0","0","0","False","False","False","0.00009777","D"
"caribou","","","","40239","54054","49254","45008","27602","25279","True","True","False","0.00009775","D"
"discount","","","","35677","20613","27564","35238","42849","52123","True","True","False","0.00009767","D"
"ndctl","pmem/ndctl","https://github.com/pmem/ndctl.git","","27775","9755","17280","26835","49840","35165","True","True","False","0.00009752","D"
"ntp","","","","40138","49128","43782","41570","35458","30756","True","True","False","0.00009751","D"
"libdebuginfod-common","","","","0","0","0","0","0","0","False","False","False","0.00009733","D"
"sshfs-fuse","libfuse/sshfs","https://github.com/libfuse/sshfs.git","","40060","32839","32976","38135","43826","52526","True","True","False","0.00009732","D"
"libpthread-stubs","","","","40045","42843","40229","41358","42715","33082","True","True","False","0.00009728","D"
"sensible-utils","","","","0","0","0","0","0","0","False","False","False","0.00009721","D"
"libmpfr4","","","","39871","63860","46178","40008","27116","22196","True","True","False","0.00009686","D"
"appstream-glib","hughsie/appstream-glib","https://github.com/hughsie/appstream-glib.git","","38745","50794","47869","39918","17819","37325","True","True","False","0.00009671","D"
"libassuan","","","","18124","1279","1239","1263","9721","77122","True","True","False","0.00009650","D"
"at","","","","39669","53640","43188","39882","32178","29461","True","True","False","0.00009637","D"
"kf6-kcodecs","","https://invent.kde.org/frameworks/kcodecs","","14868","0","0","0","3963","25773","True","True","False","0.00009633","D"
"usbredir","","","","38690","53445","41571","39419","34356","24661","True","True","False","0.00009594","D"
"x11proto-xf86vidmode-dev","","","","0","0","0","0","0","0","False","False","False","0.00009535","D"
"libpam-systemd","","","","0","0","0","0","0","0","False","False","False","0.00009490","D"
"libopenexr25","","","","38963","44782","60873","52936","21075","15149","True","True","False","0.00009465","D"
"mutt","","","","38958","53648","42862","39303","31246","27733","True","True","False","0.00009464","D"
"glusterfs","","","","35478","23423","27718","32216","46111","47926","True","True","False","0.00009454","D"
"ngtcp2","ngtcp2/ngtcp2","https://github.com/ngtcp2/ngtcp2.git","","18249","1","4","4","11222","80018","True","True","False","0.00009446","D"
"qtsensors-opensource-src","","","","38734","41311","38067","42678","43573","28045","True","True","False","0.00009410","D"
"librest","","","","29592","203","4631","22016","52613","68497","True","True","False","0.00009398","D"
"hwloc","","","","26078","17363","16300","18733","28763","49235","True","True","False","0.00009378","D"
"gtksourceview5","","https://gitlab.gnome.org/gnome/gtksourceview.git","","36456","0","4834","21722","51707","67563","True","True","False","0.00009306","D"
"time","","","","34785","48096","38292","34926","27693","24920","True","True","False","0.00009286","D"
"kbookmarks","","https://invent.kde.org/frameworks/kbookmarks","","35954","31633","30372","35397","39879","42490","True","True","False","0.00009264","D"
"jimtcl","","","","13893","33","32","36","7753","61613","True","True","False","0.00009236","D"
"kdoctools","","https://invent.kde.org/frameworks/kdoctools","","37979","31676","31876","37632","43427","45288","True","True","False","0.00009226","D"
"libportal","flatpak/libportal","https://github.com/flatpak/libportal.git","","29813","11","4897","22006","52584","69571","True","True","False","0.00009225","D"
"libjson-xs-perl","","","","37973","28370","29694","32418","45228","54155","True","True","False","0.00009225","D"
"gir1.2-json-1.0","","","","0","0","0","0","0","0","False","False","False","0.00009207","D"
"mlocate","","","","37835","52427","42468","38931","29911","25442","True","True","False","0.00009191","D"
"libcacard","","https://cgit.freedesktop.org/spice/libcacard/","","36986","47605","36672","34646","32767","33241","True","True","False","0.00009180","D"
"geocode-glib","","","","30243","137","4584","22223","53749","70524","True","True","False","0.00009160","D"
"libslirp","","https://gitlab.freedesktop.org/slirp/libslirp.git","","37654","12401","24365","31610","53077","66817","True","True","False","0.00009147","D"
"garcon","","","","29566","29532","26541","29120","30132","32507","True","True","False","0.00009091","D"
"xerces-c","","","","34086","31981","31983","37908","39178","29382","True","True","False","0.00009087","D"
"attica-kf5","","https://invent.kde.org/frameworks/attica","","36053","34505","33744","39132","43305","29582","True","True","False","0.00009062","D"
"gnome-bluetooth3","","","","36117","0","4632","21768","52003","66068","True","True","False","0.00009012","D"
"gtk-vnc","","","","37083","45674","32681","29490","27305","50269","True","True","False","0.00009009","D"
"x11proto-video-dev","","","","0","0","0","0","0","0","False","False","False","0.00008991","D"
"kpackage","","https://invent.kde.org/frameworks/kpackage","","33032","28532","29236","35405","42355","29636","True","True","False","0.00008967","D"
"acpi-support","","","","36882","51724","40962","37347","28904","25475","True","True","False","0.00008960","D"
"kactivities-kf5","","https://invent.kde.org/frameworks/kactivities","","31330","27636","27484","33579","41017","26935","True","True","False","0.00008949","D"
"kdeclarative","","https://invent.kde.org/frameworks/kdeclarative","","32585","28142","28770","34954","42010","29051","True","True","False","0.00008936","D"
"python-talloc","","","","36785","75949","41936","34026","18528","13486","True","True","False","0.00008936","D"
"libldb1","","","","36640","75661","41773","33866","18460","13441","True","True","False","0.00008901","D"
"libgit2-glib","","","","36476","52385","48509","42218","22749","16519","True","True","False","0.00008861","D"
"python-pyxattr","","","","34602","25479","29135","35732","39515","43150","True","True","False","0.00008827","D"
"libgsasl7","","","","36158","53678","47554","42557","21361","15642","True","True","False","0.00008784","D"
"libu2f-host","","","","36110","54200","42176","46748","23598","13831","True","True","False","0.00008772","D"
"kf6-kservice","","https://invent.kde.org/frameworks/kservice","","14778","0","0","0","3980","25577","True","True","False","0.00008694","D"
"libquvi-scripts","","","","35732","55372","50862","42705","17486","12238","True","True","False","0.00008681","D"
"hidapi","libusb/hidapi","https://github.com/libusb/hidapi.git","","17199","7195","7283","7884","9299","54337","True","True","False","0.00008665","D"
"kparts","","https://invent.kde.org/frameworks/kparts","","33437","32110","30931","35963","40520","27664","True","True","False","0.00008654","D"
"libsigc++-3.0","","","","16833","0","1038","4381","12094","49820","True","True","False","0.00008652","D"
"rygel","","","","35604","0","3923","21361","51512","65623","True","True","False","0.00008649","D"
"libonnx1t64","","","","32644","0","0","0","5791","59498","True","False","False","0.00008633","D"
"potrace","","","","34872","39638","32973","32548","33580","35622","True","True","False","0.00008630","D"
"libncurses5-dev","","","","18017","22152","19441","19061","16619","12814","True","True","False","0.00008574","D"
"gir1.2-modemmanager-1.0","","","","0","0","0","0","0","0","False","False","False","0.00008566","D"
"qtwebengine-opensource-src","","","","35227","29005","31041","37028","43850","35212","True","True","False","0.00008558","D"
"hplip","","","","35178","56382","38338","34032","24949","22193","True","True","False","0.00008546","D"
"libaec","","https://gitlab.dkrz.de/k202009/libaec.git","","30606","27240","26149","27709","32114","39822","True","True","False","0.00008545","D"
"gir1.2-mbim-1.0","","","","0","0","0","0","0","0","False","False","False","0.00008502","D"
"qr-code-generator","nayuki/QR-Code-generator","https://github.com/nayuki/qr-code-generator.git","","34943","37051","51960","45678","21836","18190","True","True","False","0.00008489","D"
"gsasl","","","","31106","15667","28156","32327","38552","40828","True","True","False","0.00008457","D"
"libev","","","","14309","14978","15285","15813","14824","10648","True","True","False","0.00008456","D"
"kf6-kdbusaddons","","https://invent.kde.org/frameworks/kdbusaddons","","15662","0","0","0","4395","26929","True","True","False","0.00008445","D"
"gupnp-av","","","","28857","26","4896","21718","51763","65884","True","True","False","0.00008365","D"
"libaccounts-glib","","https://gitlab.com/accounts-sso/libaccounts-glib.git","","30163","22701","23837","28926","33689","41665","True","True","False","0.00008353","D"
"dleyna","","https://gitlab.gnome.org/world/dleyna.git","","34381","53577","49759","40174","16607","11789","True","True","False","0.00008352","D"
"libyaml-libyaml-perl","","","","34364","32155","31047","33565","35768","39286","True","True","False","0.00008348","D"
"kirigami2","","https://invent.kde.org/frameworks/kirigami","","34310","25486","26948","33354","41289","44477","True","True","False","0.00008335","D"
"cwidget","","","","28297","15926","26330","29115","34441","35676","True","True","False","0.00008331","D"
"lsb-base","","","","0","0","0","0","0","0","False","False","False","0.00008318","D"
"cdrkit","","","","33852","41717","36073","35446","28315","27709","True","True","False","0.00008300","D"
"qca2","","","","31959","27314","27712","33941","41761","29070","True","True","False","0.00008279","D"
"libtomcrypt","","","","27167","19281","19892","25259","30144","41261","True","True","False","0.00008274","D"
"blt","","","","33915","29565","27835","29705","38638","43832","True","True","False","0.00008239","D"
"tmux","tmux/tmux","https://github.com/tmux/tmux.git","","33855","29108","30553","31746","36897","40973","True","True","True","0.00008225","D"
"systemsettings","","https://invent.kde.org/plasma/systemsettings","","30803","19510","19944","26952","39326","48283","True","True","False","0.00008219","D"
"gir1.2-udisks-2.0","","","","0","0","0","0","0","0","False","False","False","0.00008201","D"
"procmail","BuGlessRB/procmail","https://github.com/buglessrb/procmail.git","","33695","47121","37296","34010","26606","23445","True","True","False","0.00008186","D"
"cmark","commonmark/cmark","https://github.com/commonmark/cmark.git","","32359","0","4352","19329","45794","59961","True","True","True","0.00008161","D"
"phonon-backend-vlc","","","","33509","35478","33283","37309","37478","24000","True","True","False","0.00008140","D"
"mbedtls","","","","15545","1269","1325","1315","7816","66000","True","True","False","0.00008047","D"
"openfec","roc-streaming/openfec","https://github.com/roc-streaming/openfec.git","","29837","0","0","0","7440","52234","True","True","False","0.00008011","D"
"libodbc1","","","","32865","47809","42174","38500","20910","14933","True","True","False","0.00007984","D"
"kf6-kiconthemes","","https://invent.kde.org/frameworks/kiconthemes","","14894","0","0","0","3939","25849","True","True","False","0.00007973","D"
"kidletime","","https://invent.kde.org/frameworks/kidletime","","32805","35363","34773","37222","34842","21825","True","True","False","0.00007969","D"
"svt-av1","","https://gitlab.com/aomediacodec/svt-av1.git","","20428","0","35","44","9842","71791","True","True","False","0.00007946","D"
"nodejs","","","","32670","35726","31145","30663","31170","34650","True","True","False","0.00007937","D"
"dvd+rw-tools","","","","32521","40057","34660","34124","27169","26597","True","True","False","0.00007900","D"
"libreplaygain","","","","851","1005","890","858","772","731","False","True","False","0.00007898","D"
"appstream","","","","13781","59","56","63","9156","59574","True","True","False","0.00007892","D"
"libinih","benhoyt/inih","https://github.com/benhoyt/inih.git","","27350","6975","12522","15133","28210","73911","True","True","True","0.00007890","D"
"kf6-karchive","","https://invent.kde.org/frameworks/karchive","","15619","0","0","0","4125","27113","True","True","False","0.00007864","D"
"babeltrace","","","","30982","25853","24913","25904","30154","48090","True","True","False","0.00007860","D"
"libzvbi-common","","","","0","0","0","0","0","0","False","False","False","0.00007855","D"
"tnftp","","","","32118","48192","37442","32957","22560","19442","True","True","False","0.00007803","D"
"proj","","","","26976","24002","22948","24417","28149","35366","True","True","False","0.00007803","D"
"libvpx","","","","17182","4546","4473","4640","9599","62654","True","True","False","0.00007795","D"
"gupnp-dlna","","","","28791","10","4871","21670","51643","65762","True","True","False","0.00007783","D"
"libtracker-sparql-2.0-0","","","","31820","46040","45219","38986","16854","12003","True","True","False","0.00007730","D"
"postfix","","","","31684","32191","31633","31479","31635","31484","True","True","False","0.00007697","D"
"hsqldb1.8.0","","","","31557","49051","33849","30121","23305","21463","True","True","False","0.00007666","D"
"ebook-tools","","","","30985","26694","25099","29633","33200","40302","True","True","False","0.00007656","D"
"signond","","https://gitlab.com/accounts-sso/signond.git","","29510","22555","23692","28787","32098","40419","True","True","False","0.00007638","D"
"xfwm4","","","","31343","30596","27828","30895","32174","35222","True","True","False","0.00007614","D"
"plasma-framework","","https://invent.kde.org/frameworks/plasma-framework","","29655","24455","25697","32006","40140","25981","True","True","False","0.00007614","D"
"libunibreak","adah1972/libunibreak","https://github.com/adah1972/libunibreak.git","","14867","8","18","80","9237","64996","True","True","False","0.00007613","D"
"kf6-kcompletion","","https://invent.kde.org/frameworks/kcompletion","","14345","0","0","0","3588","25103","True","True","False","0.00007600","D"
"kf6-kwallet","","https://invent.kde.org/frameworks/kwallet","","15150","0","0","0","4335","25966","True","True","False","0.00007588","D"
"libdc1394-22","","","","31205","64758","35378","28703","15701","11486","True","True","False","0.00007581","D"
"threadweaver","","https://invent.kde.org/frameworks/threadweaver","","29473","25160","25012","31357","39944","25892","True","True","False","0.00007570","D"
"spice-gtk","","","","31142","44339","31857","29083","25451","24982","True","True","False","0.00007565","D"
"libpaper","rrthomas/libpaper","https://github.com/rrthomas/libpaper.git","","13717","269","230","207","2264","65617","True","True","False","0.00007550","D"
"liblinear","","","","28599","13326","23485","26787","36905","42493","True","True","False","0.00007532","D"
"libgssglue","","https://gitlab.com/gsasl/libgssglue.git","","26060","17875","16542","20121","35779","39983","True","True","False","0.00007529","D"
"lzop","","","","30990","22569","27417","31191","35358","38417","True","True","False","0.00007529","D"
"caja","","","","30979","29042","27567","31277","32068","34942","True","True","False","0.00007526","D"
"gir1.2-notify-0.7","","","","0","0","0","0","0","0","False","False","False","0.00007523","D"
"kcmutils","","https://invent.kde.org/frameworks/kcmutils","","30937","26235","26841","32975","40726","27911","True","True","False","0.00007516","D"
"knewstuff","","https://invent.kde.org/frameworks/knewstuff","","30911","27635","26631","32277","40442","27572","True","True","False","0.00007509","D"
"kf6-knotifications","","https://invent.kde.org/frameworks/knotifications","","15314","0","0","0","4407","26222","True","True","False","0.00007485","D"
"libxmlsec1-openssl","","","","30719","12864","22303","33252","47397","37779","True","True","False","0.00007463","D"
"mscompress","stapelberg/mscompress","https://github.com/stapelberg/mscompress.git","","30722","52822","34286","29639","19964","16901","True","True","False","0.00007463","D"
"libshumate","","https://gitlab.gnome.org/gnome/libshumate.git","","30713","0","3205","18037","43645","57967","True","True","False","0.00007461","D"
"libxcb-util0","","","","30683","64611","34667","28085","15095","10959","True","True","False","0.00007454","D"
"flex","westes/flex","https://github.com/westes/flex.git","","28079","30911","30382","29874","25144","24086","True","True","True","0.00007450","D"
"polkitd-pkla","","","","30657","0","7652","23626","53129","38224","True","True","False","0.00007448","D"
"onnxruntime","microsoft/onnxruntime","https://github.com/microsoft/onnxruntime.git","","29502","0","0","0","9","58996","True","True","False","0.00007443","D"
"qtimageformats-opensource-src","","","","30634","28058","26989","32272","36420","29433","True","True","False","0.00007442","D"
"rust-rav1e","xiph/rav1e","https://github.com/xiph/rav1e.git","","19428","0","5","14","9745","67949","True","True","False","0.00007427","D"
"dctrl-tools","ajkaijanaho/dctrl-tools","https://github.com/ajkaijanaho/dctrl-tools.git","","30564","32265","37486","34139","25130","23803","True","True","False","0.00007425","D"
"libreadline6","","","","30479","46603","35011","30829","21771","18181","True","True","False","0.00007404","D"
"min12xxw","","","","30476","52858","34139","29423","19551","16409","True","True","False","0.00007404","D"
"wireplumber","","https://gitlab.freedesktop.org/pipewire/wireplumber.git","","29688","0","0","0","7291","52086","True","True","False","0.00007386","D"
"kcontacts","","https://invent.kde.org/frameworks/kcontacts","","25756","22672","23528","28540","33171","20873","True","True","False","0.00007383","D"
"foo2zjs","","","","30357","52454","33975","29294","19570","16495","True","True","False","0.00007375","D"
"tumbler","","","","30354","29866","27044","29720","31143","34001","True","True","False","0.00007374","D"
"pnm2ppa","","","","30333","52606","33988","29261","19471","16341","True","True","False","0.00007369","D"
"liburcu","","","","20439","366","2096","4153","13117","82466","True","True","False","0.00007360","D"
"libssl1.0.0","","","","30230","45778","34698","30772","21742","18160","True","True","False","0.00007344","D"
"mousepad","","","","30170","29092","26900","29824","31145","33892","True","True","False","0.00007329","D"
"libenchant1c2a","","","","29967","61565","33816","27489","15515","11454","True","True","False","0.00007280","D"
"cpuinfo","pytorch/cpuinfo","https://github.com/pytorch/cpuinfo.git","","13871","526","687","883","6914","60346","True","True","True","0.00007276","D"
"qtdeclarative5-dev-tools","","","","0","0","0","0","0","0","False","False","False","0.00007264","D"
"libaccounts-qt","","https://gitlab.com/accounts-sso/libaccounts-qt.git","","25788","22622","23755","28844","31798","21925","True","True","False","0.00007235","D"
"hicolor-icon-theme","","","","0","0","0","0","0","0","False","False","False","0.00007230","D"
"zxing-cpp","zxing-cpp/zxing-cpp","https://github.com/zxing-cpp/zxing-cpp.git","","23411","0","0","22","9201","61010","True","True","False","0.00007226","D"
"qt6-tools","","","","7060","0","969","1393","4760","21120","False","True","False","0.00007192","D"
"djview4","","","","1591","1860","1689","1676","1467","1266","False","True","False","0.00007185","D"
"pthreadpool","Maratyszcza/pthreadpool","https://github.com/maratyszcza/pthreadpool.git","","13428","111","250","409","6435","59939","True","True","False","0.00007168","D"
"gtk2-engines","","","","29330","32818","28265","30046","27770","27754","True","True","False","0.00007125","D"
"thunar-volman","","","","29320","28735","26055","28734","30170","32908","True","True","False","0.00007123","D"
"libebur128","jiixyj/libebur128","https://github.com/jiixyj/libebur128.git","","26817","20162","15607","14498","13419","70401","True","True","False","0.00007100","D"
"qt6-declarative-private-abi","","","","0","0","0","0","0","0","False","False","False","0.00007095","D"
"inkscape","","","","29167","37313","30894","28894","24602","24135","True","True","False","0.00007086","D"
"libavif","AOMediaCodec/libavif","https://github.com/aomediacodec/libavif.git","","16241","40","435","828","10049","69855","True","True","True","0.00007082","D"
"kf6-kitemviews","","https://invent.kde.org/frameworks/kitemviews","","15279","0","0","0","3969","26590","True","True","False","0.00007045","D"
"fonts-noto-core","","","","0","0","0","0","0","0","False","False","False","0.00007033","D"
"fonts-noto-color-emoji","","","","0","0","0","0","0","0","False","False","False","0.00007033","D"
"xfdesktop4","","","","28913","28590","25871","28508","29620","31976","True","True","False","0.00007024","D"
"raqm","HOST-Oman/libraqm","https://github.com/host-oman/libraqm.git","","28855","3753","9152","18740","52630","60003","True","True","False","0.00007010","D"
"strace","","","","28814","30240","28223","28225","28428","28956","True","True","False","0.00007000","D"
"xfce4-session","","","","28810","28477","25790","28411","29518","31858","True","True","False","0.00006999","D"
"libfakekey","","","","28770","21345","22203","27224","32433","40647","True","True","False","0.00006989","D"
"kpty","","https://invent.kde.org/frameworks/kpty","","26543","26012","24356","28946","32449","20956","True","True","False","0.00006950","D"
"zerofree","","","","28592","22004","26174","28631","32243","33910","True","True","False","0.00006946","D"
"subversion","","","","22235","24832","21830","21271","21453","21790","True","True","False","0.00006945","D"
"qt6-wayland","","","","13979","0","1226","2478","11420","40794","True","True","False","0.00006936","D"
"xfce4-appfinder","","","","28340","28005","25375","27987","29026","31309","True","True","False","0.00006885","D"
"kf6-kirigami","","https://invent.kde.org/frameworks/kirigami","","14839","0","0","0","3991","25687","True","True","False","0.00006879","D"
"libdazzle","","https://gitlab.gnome.org/gnome/libdazzle.git","","28285","39835","38889","33871","16876","11954","True","True","False","0.00006871","D"
"xfce4-notifyd","","","","28276","27867","25188","27811","28992","31522","True","True","False","0.00006869","D"
"kfilemetadata-kf5","","https://invent.kde.org/frameworks/kfilemetadata","","25992","25179","24013","28627","32095","20048","True","True","False","0.00006826","D"
"okular","","","","28091","24173","22506","26925","30054","36798","True","True","False","0.00006824","D"
"patchutils","","","","28068","29240","26157","27992","27758","29194","True","True","False","0.00006819","D"
"kitemmodels","","https://invent.kde.org/frameworks/kitemmodels","","27979","22969","22811","29424","39191","25504","True","True","False","0.00006797","D"
"gir1.2-gudev-1.0","","","","0","0","0","0","0","0","False","False","False","0.00006794","D"
"cifs-utils","","","","27949","25207","24914","26344","30716","32564","True","True","False","0.00006790","D"
"freeglut","","","","8984","4143","3589","4824","12387","19981","True","True","False","0.00006785","D"
"knotifyconfig","","https://invent.kde.org/frameworks/knotifyconfig","","27882","27029","25763","30657","34111","21852","True","True","False","0.00006773","D"
"pmdk","","","","27847","9884","17393","26950","49878","35134","True","True","False","0.00006765","D"
"xarchiver","ib/xarchiver","https://github.com/ib/xarchiver.git","","27832","27975","25141","27728","28744","29573","True","True","False","0.00006761","D"
"libunicode-utf8-perl","","","","27813","26657","25149","27521","28888","30853","True","True","False","0.00006757","D"
"bluez-qt","","https://invent.kde.org/frameworks/bluez-qt","","26431","23097","24036","29088","33728","22209","True","True","False","0.00006756","D"
"nginx-abi-1.26.3-1","","","","0","0","0","0","0","0","False","False","False","0.00006751","D"
"xfce4-terminal","","","","27760","27049","24717","27441","28593","31002","True","True","False","0.00006744","D"
"akonadi","","https://invent.kde.org/pim/akonadi","","23192","19678","18112","22358","25108","30706","True","True","False","0.00006744","D"
"kf6-kcmutils","","https://invent.kde.org/frameworks/kcmutils","","14653","0","0","0","3869","25437","True","True","False","0.00006731","D"
"libtracker-control-2.0-0","","","","27668","40951","40538","34157","13395","9301","True","True","False","0.00006722","D"
"libtracker-miner-2.0-0","","","","27466","40573","40285","33936","13299","9239","True","True","False","0.00006672","D"
"gir1.2-langtag-0.6","","","","0","0","0","0","0","0","False","False","False","0.00006670","D"
"kpeople","","https://invent.kde.org/frameworks/kpeople","","24958","21778","22829","27888","31767","20530","True","True","False","0.00006652","D"
"gir1.2-gtk-4.0-dev","","","","0","0","0","0","0","0","False","False","False","0.00006640","D"
"atril","","","","27071","28147","26743","30460","29725","20282","True","True","False","0.00006576","D"
"cmake","","","","27060","24626","24121","25060","29208","32285","True","True","False","0.00006574","D"
"libei","","https://gitlab.freedesktop.org/libinput/libei.git","","26343","0","0","0","5832","46855","True","True","False","0.00006574","D"
"x265","","https://bitbucket.org/multicoreware/x265_git.git","","16881","1839","2678","3258","4819","71812","True","True","False","0.00006552","D"
"libavdevice58","","","","26876","41305","37632","32673","13600","9173","True","True","False","0.00006529","D"
"gir1.2-gstreamer-1.0","","","","0","0","0","0","0","0","False","False","False","0.00006528","D"
"python-crypto","","","","26868","50682","31086","25938","15176","11461","True","True","False","0.00006527","D"
"libservlet3.1-java","","","","0","0","0","0","0","0","False","False","False","0.00006516","D"
"gir1.2-girepository-2.0","","","","0","0","0","0","0","0","False","False","False","0.00006507","D"
"thunar-archive-plugin","","","","26545","25883","23532","26158","27440","29715","True","True","False","0.00006449","D"
"netcat-openbsd","","","","26500","20803","24020","25142","29356","33179","True","True","False","0.00006438","D"
"gtkspell3","","","","26493","43433","32489","28179","15725","12640","True","True","False","0.00006436","D"
"gutenprint","","","","26469","43902","28913","25660","18155","15719","True","True","False","0.00006430","D"
"lyx","","","","26455","24804","22774","23758","28777","32164","True","True","False","0.00006427","D"
"wayland-protocols","","","","9711","8626","8319","8816","10485","12310","True","True","False","0.00006424","D"
"xfce4-power-manager","","","","26439","25731","23432","26069","27283","29684","True","True","False","0.00006423","D"
"x11proto-scrnsaver-dev","","","","0","0","0","0","0","0","False","False","False","0.00006422","D"
"freexl","","","","25730","23151","22138","23502","26443","33418","True","True","False","0.00006422","D"
"openconnect","","","","26376","20510","20196","25358","29501","36315","True","True","False","0.00006408","D"
"libfam0","","","","26339","44079","35564","30203","12924","8927","True","True","False","0.00006399","D"
"gir1.2-freetype2-2.0-dev","","","","0","0","0","0","0","0","False","False","False","0.00006390","D"
"gir1.2-harfbuzz-0.0","","","","0","0","0","0","0","0","False","False","False","0.00006390","D"
"xfce4-screenshooter","","","","26285","25703","23362","25965","27068","29330","True","True","False","0.00006386","D"
"xfburn","","","","26248","25662","23251","25892","27065","29372","True","True","False","0.00006377","D"
"thunar-media-tags-plugin","","","","26239","25580","23285","25903","27103","29326","True","True","False","0.00006374","D"
"chromium","","","","26117","27418","24455","24926","25713","28075","True","True","False","0.00006345","D"
"libmutter-11-0","","","","26076","0","4111","21413","46952","31831","True","True","False","0.00006335","D"
"mdadm","md-raid-utilities/mdadm","https://github.com/md-raid-utilities/mdadm.git","","26072","25006","25352","25584","26951","27469","True","True","False","0.00006334","D"
"ristretto","","","","26000","25402","23081","25694","26793","29033","True","True","False","0.00006316","D"
"xfce4-clipman-plugin","","","","25987","25337","23108","25768","26787","28935","True","True","False","0.00006313","D"
"libperlio-gzip-perl","","","","25987","26471","24003","25978","25944","27541","True","True","False","0.00006313","D"
"purpose","","https://invent.kde.org/frameworks/purpose","","25972","22441","23589","28687","33312","21832","True","True","False","0.00006309","D"
"frameworkintegration","","https://invent.kde.org/frameworks/frameworkintegration","","25951","20279","20096","24812","28999","35573","True","True","False","0.00006304","D"
"xfce4-taskmanager","","","","25922","25326","23003","25651","26685","28949","True","True","False","0.00006297","D"
"dolphin","","","","25334","21086","19686","24166","27475","34259","True","True","False","0.00006291","D"
"plasma-workspace","","https://invent.kde.org/plasma/plasma-workspace","","23769","18847","18017","22571","26223","33187","True","True","False","0.00006289","D"
"gdb","","","","25866","23059","21145","21352","23295","40483","True","True","False","0.00006284","D"
"syndication","","https://invent.kde.org/frameworks/syndication","","24580","15531","17880","25354","37975","26162","True","True","False","0.00006275","D"
"device-tree-compiler","","https://git.kernel.org/cgit/utils/dtc/dtc.git","","25821","21228","22686","24007","29136","32048","True","True","False","0.00006273","D"
"krunner","","https://invent.kde.org/frameworks/krunner","","25803","19487","20181","27140","37865","24344","True","True","False","0.00006268","D"
"xfce4-sensors-plugin","","","","25786","25152","22892","25504","26576","28808","True","True","False","0.00006264","D"
"xfce4-battery-plugin","","","","25777","25162","22888","25502","26560","28774","True","True","False","0.00006262","D"
"xfce4-xkb-plugin","","","","25753","25131","22866","25493","26534","28745","True","True","False","0.00006256","D"
"xfce4-systemload-plugin","","","","25744","25103","22861","25482","26526","28752","True","True","False","0.00006254","D"
"ntpdate","","","","25738","31052","27383","26409","23230","20618","True","True","False","0.00006253","D"
"xfce4-netload-plugin","","","","25721","25093","22834","25449","26504","28725","True","True","False","0.00006249","D"
"xfce4-cpugraph-plugin","","","","25722","25097","22828","25451","26501","28735","True","True","False","0.00006249","D"
"xfce4-cpufreq-plugin","","","","25689","25077","22806","25411","26464","28688","True","True","False","0.00006241","D"
"xfce4-weather-plugin","","","","25655","25032","22779","25412","26434","28618","True","True","False","0.00006232","D"
"xfce4-timer-plugin","","","","25650","25024","22767","25380","26432","28650","True","True","False","0.00006231","D"
"xfce4-diskperf-plugin","","","","25638","25001","22749","25358","26429","28655","True","True","False","0.00006228","D"
"xfce4-genmon-plugin","","","","25637","24992","22746","25365","26428","28655","True","True","False","0.00006228","D"
"xfce4-fsguard-plugin","","","","25630","24991","22744","25354","26416","28649","True","True","False","0.00006226","D"
"xfce4-places-plugin","","","","25616","24989","22720","25336","26407","28631","True","True","False","0.00006223","D"
"libmagick++-6.q16-8","","","","25606","30358","28639","28403","23993","16638","True","True","False","0.00006221","D"
"libhdf4","","","","25442","23307","22246","23584","26584","31491","True","True","False","0.00006211","D"
"xfce4-smartbookmark-plugin","","","","25553","24918","22666","25290","26335","28556","True","True","False","0.00006208","D"
"xfce4-mailwatch-plugin","","","","25555","24916","22669","25290","26351","28551","True","True","False","0.00006208","D"
"konsole","","","","25358","20849","19533","24085","27724","34601","True","True","False","0.00006160","D"
"kdegraphics-mobipocket","","https://invent.kde.org/graphics/kdegraphics-mobipocket","","24814","20707","21268","26744","33191","22161","True","True","False","0.00006157","D"
"gir1.2-graphene-1.0","","","","0","0","0","0","0","0","False","False","False","0.00006145","D"
"glibmm2.68","","","","14708","0","902","4177","7146","46609","True","True","False","0.00006130","D"
"kf6-kglobalaccel","","https://invent.kde.org/frameworks/kglobalaccel","","14607","0","0","0","3505","25709","True","True","False","0.00006116","D"
"default-logind","","","","0","0","0","0","0","0","False","False","False","0.00006095","D"
"ksyntax-highlighting","","https://invent.kde.org/frameworks/syntax-highlighting","","24257","21413","21665","26626","30731","20852","True","True","False","0.00006077","D"
"kf6-kjobwidgets","","https://invent.kde.org/frameworks/kjobwidgets","","14711","0","0","0","3947","25476","True","True","False","0.00006058","D"
"qt6-5compat","","","","10702","0","472","1139","8093","33104","True","True","False","0.00006052","D"
"spice","","","","24871","21862","22122","23096","27463","29815","True","True","False","0.00006042","D"
"gir1.2-pango-1.0-dev","","","","0","0","0","0","0","0","False","False","False","0.00006025","D"
"libjs-sphinxdoc","","","","0","0","0","0","0","0","False","False","False","0.00006025","D"
"qemu","","","","24781","21886","22149","23044","27047","29781","True","True","False","0.00006020","D"
"gir1.2-xlib-2.0-dev","","","","0","0","0","0","0","0","False","False","False","0.00006005","D"
"kate","","","","24716","20083","18859","23559","27169","33910","True","True","False","0.00006004","D"
"jpeg-xl","libjxl/libjxl","https://github.com/libjxl/libjxl.git","","14334","3","12","308","5040","66309","True","True","True","0.00005997","D"
"msgraph","","","","21949","0","0","0","6","43893","True","True","False","0.00005977","D"
"prison-kf5","","https://invent.kde.org/frameworks/prison","","23224","18347","19188","24821","32435","21329","True","True","False","0.00005977","D"
"kfind","","","","24578","20538","19023","23392","26625","33314","True","True","False","0.00005971","D"
"kf6-kitemmodels","","https://invent.kde.org/frameworks/kitemmodels","","14329","0","0","0","3355","25303","True","True","False","0.00005969","D"
"scim","scim-im/scim","https://github.com/scim-im/scim.git","","24316","19562","18587","23066","26715","33654","True","True","False","0.00005968","D"
"mozjs128","","","","20472","0","0","0","4607","36337","True","True","False","0.00005961","D"
"gir1.2-tracker-2.0","","","","24451","35776","35979","30247","11962","8293","True","True","False","0.00005940","D"
"kf6-solid","","https://invent.kde.org/frameworks/solid","","15362","0","0","0","4001","26723","True","True","False","0.00005939","D"
"kwalletmanager","","","","24357","20040","18695","23176","26509","33365","True","True","False","0.00005917","D"
"stoken","","","","22916","21527","20832","25930","26708","19586","True","True","False","0.00005907","D"
"python3-libevdev","","","","0","0","0","0","0","0","False","False","False","0.00005905","D"
"python3-pyudev","","","","0","0","0","0","0","0","False","False","False","0.00005905","D"
"libcurl3","","","","24224","41450","28513","23987","15169","12005","True","True","False","0.00005885","D"
"libsensors4","","","","24130","42449","28439","23632","14610","11520","True","True","False","0.00005862","D"
"usb-modeswitch-data","","","","0","0","0","0","0","0","False","False","False","0.00005861","D"
"ksshaskpass","","https://invent.kde.org/plasma/ksshaskpass","","24114","18994","18202","22809","26739","33826","True","True","False","0.00005858","D"
"libfluidsynth1","","","","24103","52221","27148","21685","11341","8124","True","True","False","0.00005855","D"
"gir1.2-atk-1.0","","","","0","0","0","0","0","0","False","False","False","0.00005855","D"
"plasma-desktop","","https://invent.kde.org/plasma/plasma-desktop","","24096","19675","18450","22927","26290","33139","True","True","False","0.00005854","D"
"libraw","","","","14722","293","234","262","9205","63619","True","True","False","0.00005839","D"
"libavtp","Avnu/libavtp","https://github.com/avnu/libavtp.git","","22885","0","0","31","8729","59897","True","True","False","0.00005836","D"
"arpack","opencollab/arpack-ng","https://github.com/opencollab/arpack-ng.git","","23235","24891","23594","24997","25001","17695","True","True","False","0.00005831","D"
"libtracker-sparql-3.0-0","","","","23995","3956","5544","22744","54065","33667","True","True","False","0.00005829","D"
"ruby3.3","","","","7558","0","0","0","21","15096","False","True","False","0.00005826","D"
"iftop","","","","23968","23739","23571","23674","24177","24682","True","True","False","0.00005823","D"
"kmenuedit","","https://invent.kde.org/plasma/kmenuedit","","23961","19502","18281","22761","26219","33045","True","True","False","0.00005821","D"
"adwaita-icon-theme","","","","0","0","0","0","0","0","False","False","False","0.00005818","D"
"gwenview","","","","23948","19891","18545","22927","26014","32363","True","True","False","0.00005818","D"
"libdbi","","","","23191","25640","24590","24273","22867","18586","True","True","False","0.00005815","D"
"dvdauthor","","","","23925","27270","22710","23635","22425","23586","True","True","False","0.00005812","D"
"konqueror","","","","23857","20097","18595","22929","25820","31845","True","True","False","0.00005796","D"
"libsoup2.4","","","","11823","2139","1776","1732","7505","45964","True","True","False","0.00005793","D"
"ark","","","","23843","19716","18397","22754","25921","32431","True","True","False","0.00005792","D"
"kamera","","","","23785","19775","18409","22789","25802","32151","True","True","False","0.00005778","D"
"libkf5kexiv2","","https://invent.kde.org/graphics/libkexiv2","","23764","21172","21011","26193","31258","19189","True","True","False","0.00005773","D"
"gtkspell","","","","23305","33324","23664","23005","18460","18072","True","True","False","0.00005772","D"
"augeas","","","","23745","27233","25585","23648","21573","20690","True","True","False","0.00005768","D"
"gir1.2-mutter-11","","","","23675","0","3645","19288","42752","29015","True","True","False","0.00005751","D"
"kdepim-runtime","","https://invent.kde.org/pim/kdepim-runtime","","22585","18937","17555","21824","24628","29985","True","True","False","0.00005745","D"
"qtxmlpatterns-opensource-src","","","","21791","27120","25194","23272","18483","14889","True","True","False","0.00005740","D"
"gir1.2-freedesktop","","","","0","0","0","0","0","0","False","False","False","0.00005737","D"
"kinfocenter","","https://invent.kde.org/plasma/kinfocenter","","23504","18990","17816","22309","25715","32691","True","True","False","0.00005710","D"
"libintl-perl","","","","23494","19546","21351","22050","25205","29322","True","True","False","0.00005707","D"
"kcalc","","","","23494","19270","18026","22432","25578","32166","True","True","False","0.00005707","D"
"opensc","OpenSC/OpenSC","https://github.com/opensc/opensc.git","","23462","23717","22182","22225","23907","25280","True","True","True","0.00005700","D"
"bluedevil","","https://invent.kde.org/plasma/bluedevil","","23338","18360","17630","22221","25815","32668","True","True","False","0.00005670","D"
"charls","team-charls/charls","https://github.com/team-charls/charls.git","","22418","21131","20403","21310","21714","27535","True","True","False","0.00005654","D"
"powerdevil","","https://invent.kde.org/plasma/powerdevil","","23267","18240","17473","22077","25724","32824","True","True","False","0.00005652","D"
"grantlee5","steveire/grantlee","https://github.com/steveire/grantlee.git","","23229","21707","20817","25710","29263","18649","True","True","False","0.00005643","D"
"nginx","","","","22295","19971","20802","21389","23354","25962","True","True","False","0.00005635","D"
"ktexteditor","","https://invent.kde.org/frameworks/ktexteditor","","23164","21861","20881","25472","28220","19386","True","True","False","0.00005627","D"
"kdnssd-kf5","","https://invent.kde.org/frameworks/kdnssd","","23141","22057","21058","25780","28598","18214","True","True","False","0.00005622","D"
"libalgorithm-diff-perl","","","","0","0","0","0","0","0","False","False","False","0.00005599","D"
"libsereal-encoder-perl","","","","23006","21384","20715","23164","23987","25780","True","True","False","0.00005589","D"
"libsereal-decoder-perl","","","","23000","21386","20717","23162","23975","25764","True","True","False","0.00005587","D"
"kdeplasma-addons","","https://invent.kde.org/plasma/kdeplasma-addons","","22906","18655","17491","21857","25002","31526","True","True","False","0.00005565","D"
"pkcs11-helper","OpenSC/pkcs11-helper","https://github.com/opensc/pkcs11-helper.git","","22868","25769","23703","23647","22857","18366","True","True","False","0.00005555","D"
"libvpl","intel/libvpl","https://github.com/intel/libvpl.git","","21706","0","8","3239","15372","68206","True","True","False","0.00005554","D"
"sweeper","","","","22764","18558","17365","21735","24833","31331","True","True","False","0.00005530","D"
"libvirt","","","","20418","18782","18327","18764","21957","24263","True","True","False","0.00005530","D"
"qt6-svg-private-abi","","","","0","0","0","0","0","0","False","False","False","0.00005488","D"
"libkolabxml","","https://git.kolab.org/diffusion/lkx/","","22198","17984","17059","21400","24528","30021","True","True","False","0.00005477","D"
"kf6-kauth","","https://invent.kde.org/frameworks/kauth","","14784","0","0","0","3985","25583","True","True","False","0.00005476","D"
"gir1.2-babl-0.1","","","","0","0","0","0","0","0","False","False","False","0.00005473","D"
"libpsm2","01org/opa-psm2","https://github.com/01org/opa-psm2.git","","13346","12841","11329","11868","14594","16098","True","True","False","0.00005465","D"
"qhull","","","","22361","11821","14225","13340","30460","41963","True","True","False","0.00005463","D"
"libpng12-0","","","","22473","36706","26596","22824","14534","11705","True","True","False","0.00005459","D"
"kactivities-stats","","https://invent.kde.org/frameworks/kactivities-stats","","22470","20214","21291","25050","28326","17471","True","True","False","0.00005459","D"
"taglib","","","","13264","932","847","826","809","62908","True","True","False","0.00005450","D"
"python-openssl","","","","22379","42827","25915","21405","12411","9340","True","True","False","0.00005437","D"
"libdisplay-info","","https://gitlab.freedesktop.org/emersion/libdisplay-info.git","","20988","0","0","13","6675","56278","True","True","False","0.00005426","D"
"serf","","","","21027","22942","20449","20028","20601","21119","True","True","False","0.00005419","D"
"baloo-kf5","","https://invent.kde.org/frameworks/baloo","","22288","21114","20122","24783","28045","17376","True","True","False","0.00005415","D"
"freerdp3","","","","22290","0","0","0","5398","39183","True","True","False","0.00005415","D"
"packagekit-qt","","","","20658","17748","18068","22987","26491","17998","True","True","False","0.00005414","D"
"dragon","","","","22237","18298","17083","21362","24192","30250","True","True","False","0.00005402","D"
"juk","","","","22200","18278","17029","21311","24172","30211","True","True","False","0.00005393","D"
"sox","","","","22154","25030","21807","21405","20603","21928","True","True","False","0.00005382","D"
"roc-toolkit","","","","19740","0","0","2","7079","52139","True","True","False","0.00005380","D"
"kf6-kparts","","https://invent.kde.org/frameworks/kparts","","13484","0","0","0","2501","24467","True","True","False","0.00005341","D"
"libkdcraw","","https://invent.kde.org/graphics/libkdcraw","","21479","19204","18356","23137","27525","19175","True","True","False","0.00005339","D"
"odbcinst1debian2","","","","21965","33332","28113","25360","13446","9578","True","True","False","0.00005336","D"
"libcpanel-json-xs-perl","","","","21923","13978","18703","22348","25944","28646","True","True","False","0.00005326","D"
"webrtc-audio-processing","","","","12738","177","167","173","173","63003","True","True","False","0.00005324","D"
"libkgapi","","https://invent.kde.org/pim/libkgapi","","21053","15719","15731","20251","23947","29621","True","True","False","0.00005322","D"
"kaddressbook","","https://invent.kde.org/pim/kaddressbook","","21902","18107","16871","21179","23972","29382","True","True","False","0.00005321","D"
"korganizer","","","","21876","18037","16833","21145","23974","29393","True","True","False","0.00005314","D"
"kdesu","","https://invent.kde.org/frameworks/kdesu","","21872","20999","19597","24126","27090","17548","True","True","False","0.00005313","D"
"enca","","","","21675","30423","23116","20909","16480","17447","True","True","False","0.00005307","D"
"akregator","","","","21834","18032","16857","21116","23911","29254","True","True","False","0.00005304","D"
"source-highlight","","","","20443","10695","14675","16320","21268","39259","True","True","False","0.00005300","D"
"libnet","libnet/libnet","https://github.com/libnet/libnet.git","","21766","17638","17629","18349","25161","30054","True","True","False","0.00005288","D"
"libdevel-globaldestruction-perl","","","","21755","25334","21260","20821","20741","20619","True","True","False","0.00005285","D"
"kmail","","","","21719","18043","16791","21058","23688","29017","True","True","False","0.00005276","D"
"freetds","","","","8100","8775","8158","7961","7742","7868","False","True","False","0.00005264","D"
"meanwhile","obriencj/meanwhile","https://github.com/obriencj/meanwhile.git","","21207","27953","21101","21518","17851","17612","True","True","False","0.00005263","D"
"snapd-glib","snapcore/snapd-glib","https://github.com/snapcore/snapd-glib.git","","21585","39","2215","21638","48901","35132","True","True","False","0.00005244","D"
"libkml","libkml/libkml","https://github.com/libkml/libkml.git","","21435","22469","21671","23087","22963","16988","True","True","False","0.00005238","D"
"plasma-activities","","https://invent.kde.org/plasma/plasma-activities","","13813","0","0","0","3320","24306","True","True","False","0.00005223","D"
"lshw","lyonel/lshw","https://github.com/lyonel/lshw.git","","21445","19513","19842","20663","22043","25166","True","True","False","0.00005210","D"
"libxapian22","","","","21388","33487","24733","21574","14821","12329","True","True","False","0.00005196","D"
"gir1.2-soup-3.0-dev","","","","0","0","0","0","0","0","False","False","False","0.00005194","D"
"gir1.2-gusb-1.0","","","","0","0","0","0","0","0","False","False","False","0.00005193","D"
"gpgsm","","","","0","0","0","0","0","0","False","False","False","0.00005166","D"
"gpg-agent","","","","0","0","0","0","0","0","False","False","False","0.00005166","D"
"gnupg-l10n","","","","0","0","0","0","0","0","False","False","False","0.00005166","D"
"dirmngr","","","","0","0","0","0","0","0","False","False","False","0.00005166","D"
"gpg","","","","0","0","0","0","0","0","False","False","False","0.00005166","D"
"kcalcore","","https://invent.kde.org/frameworks/kcalendarcore","","19048","16954","16839","21346","24924","15177","True","True","False","0.00005165","D"
"libdiscid","","","","20439","23077","19358","20445","19175","20142","True","True","False","0.00005153","D"
"librttopo","","https://git.osgeo.org/gitea/rttopo/librttopo","","20589","11376","16390","18890","24289","32001","True","True","False","0.00005143","D"
"tslib","","","","12932","232","3526","7661","15113","38129","True","True","False","0.00005138","D"
"python-pylibacl","","","","19372","9040","13105","18653","24042","32020","True","True","False","0.00005127","D"
"liblc3","google/liblc3","https://github.com/google/liblc3.git","","17550","0","4","322","8994","60883","True","True","False","0.00005124","D"
"kholidays","","https://invent.kde.org/frameworks/kholidays","","20968","19698","18767","23283","26519","16574","True","True","False","0.00005094","D"
"libdolphinvcs5","","","","20966","19982","19070","23646","25836","16296","True","True","False","0.00005093","D"
"fyba","kartverket/fyba","https://github.com/kartverket/fyba.git","","20825","21118","20901","22496","22638","16975","True","True","False","0.00005090","D"
"kmag","","","","20931","16428","15385","19862","23307","29674","True","True","False","0.00005085","D"
"gcc","","","","0","0","0","0","0","0","False","False","False","0.00005081","D"
"gtkmm4.0","","","","14130","0","26","2457","7378","46662","True","True","False","0.00005046","D"
"gir1.2-atspi-2.0","","","","0","0","0","0","0","0","False","False","False","0.00005043","D"
"kf6-kbookmarks","","https://invent.kde.org/frameworks/kbookmarks","","13665","0","0","0","2860","24470","True","True","False","0.00005040","D"
"zxcvbn-c","tsyrogit/zxcvbn-c","https://github.com/tsyrogit/zxcvbn-c.git","","19678","5060","5790","6896","17345","63299","True","True","False","0.00005038","D"
"networkmanager-qt","","https://invent.kde.org/frameworks/networkmanager-qt","","20735","19626","18801","23403","25644","16204","True","True","False","0.00005037","D"
"sombok","hatukanezumi/sombok","https://github.com/hatukanezumi/sombok.git","","17707","17659","16159","16597","18326","19796","True","True","False","0.00005032","D"
"kyotocabinet","","","","20306","36982","23374","19679","11333","10162","True","True","False","0.00005029","D"
"libgeotiff","","","","20577","11354","16366","18865","24293","32009","True","True","False","0.00005029","D"
"kf6-kdoctools","","https://invent.kde.org/frameworks/kdoctools","","14718","0","0","0","3945","25492","True","True","False","0.00005027","D"
"gir1.2-libxfce4util-1.0","","","","0","0","0","0","0","0","False","False","False","0.00005021","D"
"libxml++2.6","","","","18656","7994","7260","7272","14065","56689","True","True","False","0.00005014","D"
"kmouth","","","","20518","16140","14979","19360","22788","29327","True","True","False","0.00004985","D"
"libart-lgpl","","","","19052","30985","22146","19158","12597","10377","True","True","False","0.00004977","D"
"parole","","","","20482","17549","17393","20548","22222","24700","True","True","False","0.00004976","D"
"gir1.2-secret-1","","","","0","0","0","0","0","0","False","False","False","0.00004976","D"
"espeak-ng-data","","","","0","0","0","0","0","0","False","False","False","0.00004966","D"
"kmousetool","","","","20409","15817","14804","19246","22748","29434","True","True","False","0.00004958","D"
"libavdevice59","","","","20410","0","6222","14155","34228","27038","True","True","False","0.00004958","D"
"g++-14","","","","0","0","0","0","0","0","False","False","False","0.00004951","D"
"g++-x86-64-linux-gnu","","","","0","0","0","0","0","0","False","False","False","0.00004951","D"
"gobjc-14","","","","0","0","0","0","0","0","False","False","False","0.00004951","D"
"cpp-14","","","","0","0","0","0","0","0","False","False","False","0.00004951","D"
"gobjc-x86-64-linux-gnu","","","","0","0","0","0","0","0","False","False","False","0.00004951","D"
"cpp-x86-64-linux-gnu","","","","0","0","0","0","0","0","False","False","False","0.00004951","D"
"ffmpegthumbnailer","dirkvdb/ffmpegthumbnailer","https://github.com/dirkvdb/ffmpegthumbnailer.git","","18753","18090","17200","18993","19004","20482","True","True","False","0.00004947","D"
"python-dbus","","","","20334","41416","23264","18844","10520","7629","True","True","False","0.00004940","D"
"pugixml","","","","18821","16828","15720","16756","20877","23927","True","True","False","0.00004926","D"
"kate5-data","","","","20226","19027","18270","23047","25236","15552","True","True","False","0.00004914","D"
"kf6-sonnet","","https://invent.kde.org/frameworks/sonnet","","13509","0","0","0","2922","24096","True","True","False","0.00004912","D"
"ogdi-dfsg","","","","20081","11307","16289","18746","24156","29907","True","True","False","0.00004909","D"
"kross","","https://invent.kde.org/frameworks/kross","","20165","19127","18225","22690","25346","15438","True","True","False","0.00004899","D"
"telepathy-glib","","","","14548","24814","17375","14903","9040","6610","True","True","False","0.00004898","D"
"libusbmuxd","","","","14280","465","393","405","8802","61336","True","True","False","0.00004895","D"
"libdebian-installer","","","","646","782","679","622","588","561","False","True","False","0.00004892","D"
"kimageannotator","ksnip/kImageAnnotator","https://github.com/ksnip/kimageannotator.git","","19620","9552","13405","18845","24629","31670","True","True","False","0.00004887","D"
"ffms2","FFMS/ffms2","https://github.com/ffms/ffms2.git","","1512","83","867","1442","2712","2457","False","True","True","0.00004881","D"
"zziplib","gdraheim/zziplib","https://github.com/gdraheim/zziplib.git","","20064","24302","21805","21747","19206","13264","True","True","False","0.00004874","D"
"teckit","silnrsi/teckit","https://github.com/silnrsi/teckit.git","","20030","19149","18475","18787","20817","22926","True","True","False","0.00004866","D"
"python3-uno","","","","0","0","0","0","0","0","False","False","False","0.00004849","D"
"kpeoplevcard","","","","19960","11787","17429","23260","28798","18530","True","True","False","0.00004849","D"
"gsettings-qt","","https://gitlab.com/ubports/development/core/gsettings-qt.git","","19953","9791","13632","19070","24724","32552","True","True","False","0.00004847","D"
"python-lxml","","","","19932","40506","22975","18564","10145","7474","True","True","False","0.00004842","D"
"kf6-kcontacts","","https://invent.kde.org/frameworks/kcontacts","","11988","0","0","0","2201","21776","True","True","False","0.00004839","D"
"libnetfilter-acct","","","","19912","28095","22119","19940","15549","13861","True","True","False","0.00004837","D"
"libqalculate","","","","19891","17049","15019","12290","23119","31980","True","True","False","0.00004832","D"
"gir1.2-dbus-1.0-dev","","","","0","0","0","0","0","0","False","False","False","0.00004825","D"
"at-spi2-common","","","","0","0","0","0","0","0","False","False","False","0.00004825","D"
"libqaccessibilityclient","","https://invent.kde.org/libraries/libqaccessibilityclient","","18368","13784","14709","19982","24885","18483","True","True","False","0.00004822","D"
"libtextwrap","","","","340","425","363","345","298","271","False","True","False","0.00004818","D"
"gnuplot","","","","14871","16943","14668","14361","13802","14582","True","True","False","0.00004806","D"
"trousers","","","","18668","24222","13384","16704","14928","24106","True","True","False","0.00004776","D"
"libgadu","","","","19192","27128","20525","21090","16464","10754","True","True","False","0.00004773","D"
"xdg-utils-cxx","azubieta/xdg-utils-cxx","https://github.com/azubieta/xdg-utils-cxx.git","","18688","0","8","11705","26885","36155","True","True","False","0.00004773","D"
"socket++","malaterre/socketxx-1","https://github.com/malaterre/socketxx-1.git","","18730","15998","15341","16630","19607","26076","True","True","False","0.00004758","D"
"libzip","","","","8339","2495","2464","2542","4875","29323","False","True","False","0.00004755","D"
"debconf-kde","","","","19546","15510","15201","20750","25834","20435","True","True","False","0.00004748","D"
"kdecoration","","https://invent.kde.org/plasma/kdecoration","","19513","0","0","0","0","19513","True","True","False","0.00004740","D"
"gconf2","","","","19474","31528","22139","19606","13741","10356","True","True","False","0.00004731","D"
"bison","","","","19445","20010","18577","18586","19559","20493","True","True","False","0.00004724","D"
"gir1.2-geoclue-2.0","","","","0","0","0","0","0","0","False","False","False","0.00004715","D"
"libmouse-perl","","","","19384","12595","16709","20044","22588","24987","True","True","False","0.00004709","D"
"qtkeychain","frankosterfeld/qtkeychain","https://github.com/frankosterfeld/qtkeychain.git","","16238","8311","9009","16045","26633","21192","True","True","False","0.00004701","D"
"dracut","dracut-ng/dracut-ng","https://github.com/dracut-ng/dracut-ng.git","","19340","504","489","502","9741","85468","True","True","False","0.00004698","D"
"partitionmanager","","","","19324","9750","12853","18331","23958","31728","True","True","False","0.00004694","D"
"c-blosc","","","","19173","10815","12374","15096","24547","33037","True","True","False","0.00004688","D"
"luajit","openresty/luajit2","https://github.com/openresty/luajit2.git","","18945","15619","16115","17040","20921","25034","True","True","False","0.00004687","D"
"vdeplug4","","","","19206","20163","19947","20587","20889","14444","True","True","False","0.00004666","D"
"kdsoap-ws-discovery-client","","https://invent.kde.org/libraries/kdsoap-ws-discovery-client","","19199","0","0","0","0","19199","True","True","False","0.00004664","D"
"clang-19","","","","0","0","0","0","0","0","False","False","False","0.00004662","D"
"kunitconversion","","https://invent.kde.org/frameworks/kunitconversion","","19188","18040","17279","21705","23922","14996","True","True","False","0.00004661","D"
"gir1.2-gtop-2.0","","","","0","0","0","0","0","0","False","False","False","0.00004660","D"
"gtk-layer-shell","wmww/gtk-layer-shell","https://github.com/wmww/gtk-layer-shell.git","","12288","5295","8065","10094","13372","24617","True","True","False","0.00004659","D"
"libfabric","","","","14108","14257","12161","12553","15057","16515","True","True","False","0.00004659","D"
"libnvme","linux-nvme/libnvme","https://github.com/linux-nvme/libnvme.git","","18615","0","479","1364","8869","63751","True","True","False","0.00004652","D"
"modemmanager-qt","","https://invent.kde.org/frameworks/modemmanager-qt","","19085","17250","16704","21469","24746","15258","True","True","False","0.00004636","D"
"haveged","","","","19055","25283","25923","21315","12318","10436","True","True","False","0.00004629","D"
"nautilus-sendto","","","","18983","35200","22070","18307","10788","8554","True","True","False","0.00004612","D"
"galera-4","","","","18870","5789","15383","18291","25719","29168","True","True","False","0.00004584","D"
"libtext-markdown-discount-perl","","","","18807","11530","16134","19547","22213","24614","True","True","False","0.00004569","D"
"libdevel-size-perl","","","","18761","11566","16066","19483","22145","24547","True","True","False","0.00004558","D"
"libkf5konq6","","","","18754","16773","16666","21277","24568","14488","True","True","False","0.00004556","D"
"pangomm2.48","","","","13966","0","28","2459","6887","46491","True","True","False","0.00004553","D"
"libbytesize","storaged-project/libbytesize","https://github.com/storaged-project/libbytesize.git","","18190","2844","3737","3912","13844","66617","True","True","False","0.00004549","D"
"knotes","","","","18690","18123","16931","21256","23142","13999","True","True","False","0.00004540","D"
"cfitsio","","","","17003","1566","1946","14538","30243","36723","True","True","False","0.00004540","D"
"libffado","","","","16268","5153","4625","4620","11850","55092","True","True","False","0.00004537","D"
"libtext-levenshteinxs-perl","","","","18668","11386","15955","19393","22097","24509","True","True","False","0.00004535","D"
"distro-info-data","","","","0","0","0","0","0","0","False","False","False","0.00004527","D"
"cairomm1.16","","","","14153","0","28","2464","7401","46720","True","True","False","0.00004527","D"
"gir1.2-qrtr-1.0","","","","0","0","0","0","0","0","False","False","False","0.00004517","D"
"initramfs-tools","","","","0","0","0","0","0","0","False","False","False","0.00004515","D"
"metacity","","https://gitlab.gnome.org/gnome/metacity.git","","18571","20491","17538","18867","17529","18432","True","True","False","0.00004512","D"
"python-ldb","","","","18548","35234","21559","17921","10294","7736","True","True","False","0.00004506","D"
"libperlio-utf8-strict-perl","","","","18549","8611","10861","16089","26378","30810","True","True","False","0.00004506","D"
"python-tdb","","","","18537","35256","21563","17916","10257","7695","True","True","False","0.00004503","D"
"dmidecode","","","","0","0","0","0","0","0","False","False","False","0.00004499","D"
"opusfile","","","","16339","11366","11539","13332","18703","26757","True","True","False","0.00004495","D"
"python-samba","","","","18446","35063","21455","17830","10216","7670","True","True","False","0.00004481","D"
"zephyr","","","","17981","20817","17468","18492","16397","16735","True","True","False","0.00004479","D"
"qtvirtualkeyboard-opensource-src","","","","18427","15894","16067","20838","24308","15028","True","True","False","0.00004477","D"
"mpi-defaults","","","","6896","7006","6251","6462","7295","7469","False","True","False","0.00004475","D"
"ca-certificates","","","","0","0","0","0","0","0","False","False","False","0.00004472","D"
"portmidi","","","","18371","14803","14721","16881","22665","22786","True","True","False","0.00004463","D"
"vcdimager","","","","18373","25582","22262","20186","12924","10915","True","True","False","0.00004463","D"
"bup","bup/bup","https://github.com/bup/bup.git","","18331","8577","12128","17556","22708","30689","True","True","False","0.00004453","D"
"virglrenderer","","","","18313","9017","14953","17165","23522","26908","True","True","False","0.00004449","D"
"gir1.2-atk-1.0-dev","","","","0","0","0","0","0","0","False","False","False","0.00004447","D"
"libxfce4util-common","","","","0","0","0","0","0","0","False","False","False","0.00004446","D"
"kuserfeedback","","https://invent.kde.org/libraries/kuserfeedback","","18213","10997","15544","21164","26839","16524","True","True","False","0.00004425","D"
"libkgapi5","","https://invent.kde.org/pim/libkgapi","","18216","16049","16009","20535","24025","14463","True","True","False","0.00004425","D"
"libmutter-7-0","","","","18083","20484","29987","25340","8690","5915","True","True","False","0.00004393","D"
"libpango1.0-0","","","","17996","29124","20560","18028","12319","9953","True","True","False","0.00004372","D"
"kf6-ktextwidgets","","https://invent.kde.org/frameworks/ktextwidgets","","12584","0","0","0","2409","22759","True","True","False","0.00004362","D"
"gir1.2-mutter-7","","","","17924","20305","29721","25122","8616","5857","True","True","False","0.00004354","D"
"libnfs","sahlberg/libnfs","https://github.com/sahlberg/libnfs.git","","14696","418","735","1260","10817","60252","True","True","False","0.00004351","D"
"pv","","","","17900","9717","9776","12438","26113","31458","True","True","False","0.00004349","D"
"libgps28","","","","17893","11303","15975","21468","24505","16216","True","True","False","0.00004347","D"
"motif","","","","9038","10107","9061","8851","8438","8733","True","True","False","0.00004343","D"
"kdiagram2","","https://invent.kde.org/graphics/kdiagram","","17830","15554","15544","20077","23658","14318","True","True","False","0.00004332","D"
"libglib-perl","","","","0","0","0","0","0","0","False","False","False","0.00004319","D"
"suitesparse","","","","14502","1951","1850","1898","8706","58105","True","True","False","0.00004301","D"
"pidgin","","","","17683","20490","17136","18154","16152","16484","True","True","False","0.00004296","D"
"libunicode-linebreak-perl","hatukanezumi/Unicode-LineBreak","https://github.com/hatukanezumi/unicode-linebreak.git","","17683","17644","16127","16579","18293","19775","True","True","False","0.00004296","D"
"sntp","","","","17670","21394","22203","21321","13111","10323","True","True","False","0.00004293","D"
"ncdu","","","","17603","14223","15654","16538","19695","21905","True","True","False","0.00004276","D"
"grub-pc-bin","","","","0","0","0","0","0","0","False","False","False","0.00004265","D"
"gettext-base","","","","0","0","0","0","0","0","False","False","False","0.00004265","D"
"libmikmod","","","","16204","20063","17331","16829","13899","12900","True","True","False","0.00004260","D"
"libz-dev","","","","0","0","0","0","0","0","False","False","False","0.00004259","D"
"kf6-knewstuff","","https://invent.kde.org/frameworks/knewstuff","","12246","0","0","0","2393","22100","True","True","False","0.00004252","D"
"libsigc++-2.0-0c2a","","","","17460","28268","20304","17467","11668","9596","True","True","False","0.00004242","D"
"ruby-defaults","","","","16708","1893","6346","11315","29433","34555","True","True","False","0.00004240","D"
"libspelling","","https://gitlab.gnome.org/chergert/libspelling.git","","17417","0","0","0","3419","31416","True","True","False","0.00004231","D"
"xen","","","","17368","17749","17681","18066","16877","16470","True","True","False","0.00004219","D"
"unrar","","","","17328","19891","17918","17596","15926","15313","True","True","False","0.00004210","D"
"gir1.2-gexiv2-0.10","","","","0","0","0","0","0","0","False","False","False","0.00004209","D"
"libfm","lxde/libfm","https://github.com/lxde/libfm.git","","12292","13477","12528","13504","11823","10130","True","True","False","0.00004205","D"
"zeitgeist","","","","17216","33052","18730","15398","9263","9638","True","True","False","0.00004182","D"
"xorg-input-abi-24","","","","0","0","0","0","0","0","False","False","False","0.00004151","D"
"qtserialport-opensource-src","","","","12647","12177","11680","12434","14368","12577","True","True","False","0.00004142","D"
"kf6-breeze-icons","","https://invent.kde.org/frameworks/breeze-icons","","14883","0","0","0","3934","25832","True","True","False","0.00004138","D"
"libio-compress-perl","","","","0","0","0","0","0","0","False","False","False","0.00004106","D"
"pmix","pmix/pmix","https://github.com/pmix/pmix.git","","11823","13086","11501","12038","13006","9487","True","True","False","0.00004104","D"
"default-jre-headless","","","","0","0","0","0","0","0","False","False","False","0.00004100","D"
"psutils","rrthomas/psutils","https://github.com/rrthomas/psutils.git","","16825","19863","17166","16644","15227","15227","True","True","False","0.00004087","D"
"codec2","","","","15631","676","757","814","9948","65964","True","True","False","0.00004078","D"
"zsh","","","","16762","15187","15150","15906","18275","19296","True","True","False","0.00004072","D"
"heimdal","","","","1050","1107","988","1020","1012","1124","False","True","False","0.00004064","D"
"iproute","","","","16703","25575","19161","16844","11927","10010","True","True","False","0.00004058","D"
"qtnetworkauth-everywhere-src","","","","16695","9775","13588","19103","25276","15733","True","True","False","0.00004056","D"
"kf6-kstatusnotifieritem","","https://invent.kde.org/frameworks/kstatusnotifieritem","","12790","0","0","0","2740","22841","True","True","False","0.00004033","D"
"kf6-kded","","https://invent.kde.org/frameworks/kded","","14704","0","0","0","3935","25473","True","True","False","0.00004027","D"
"kf6-krunner","","https://invent.kde.org/frameworks/krunner","","14202","0","0","0","3282","25123","True","True","False","0.00004012","D"
"libcwidget3","","","","16509","26784","19174","16524","11016","9048","True","True","False","0.00004011","D"
"farstream-0.2","","","","16052","17045","15107","16612","15454","16043","True","True","False","0.00004010","D"
"kf6-kpackage","","https://invent.kde.org/frameworks/kpackage","","13250","0","0","0","2833","23668","True","True","False","0.00004002","D"
"kglobalacceld","","https://invent.kde.org/plasma/kglobalacceld","","11563","0","0","0","3243","19884","True","True","False","0.00003996","D"
"libdmapsharing","","","","13375","0","0","1552","4456","34119","True","True","False","0.00003990","D"
"ibverbs-providers","","","","0","0","0","0","0","0","False","False","False","0.00003988","D"
"xfce4-datetime-plugin","","","","16360","25164","22853","18762","8807","6217","True","True","False","0.00003974","D"
"ucx","","","","10834","5899","8108","9557","14260","16346","True","True","False","0.00003969","D"
"onetbb","","","","15996","3537","3826","7480","21674","43464","True","True","False","0.00003967","D"
"libsixel","libsixel/libsixel","https://github.com/libsixel/libsixel.git","","16321","3966","5808","12639","28497","30698","True","True","False","0.00003965","D"
"kf6-kfilemetadata","","https://invent.kde.org/frameworks/kfilemetadata","","11653","0","0","0","2315","20992","True","True","False","0.00003965","D"
"qt6-declarative-dev-tools","","","","0","0","0","0","0","0","False","False","False","0.00003964","D"
"libotr","","","","16283","12258","7365","19158","25683","16954","True","True","False","0.00003956","D"
"squashfuse","vasi/squashfuse","https://github.com/vasi/squashfuse.git","","15273","340","360","12018","27157","36494","True","True","False","0.00003943","D"
"kquickcharts","","https://invent.kde.org/frameworks/kquickcharts","","16227","9787","13656","19118","23752","14825","True","True","False","0.00003942","D"
"postgresql-client-17","","","","0","0","0","0","0","0","False","False","False","0.00003928","D"
"llvm-19-dev","","","","0","0","0","0","0","0","False","False","False","0.00003928","D"
"postgresql-common","","","","0","0","0","0","0","0","False","False","False","0.00003928","D"
"ossp-uuid","","","","16157","19641","18224","16188","13643","13091","True","True","False","0.00003925","D"
"clucene-core","","","","15094","4686","2900","2434","8134","57319","True","True","False","0.00003924","D"
"qt6-multimedia","","","","9901","0","95","894","6179","32439","True","True","False","0.00003916","D"
"sdl-ttf2.0","","","","16052","20589","17558","16514","13517","12084","True","True","False","0.00003900","D"
"gir1.2-gee-0.8","","","","0","0","0","0","0","0","False","False","False","0.00003900","D"
"wireshark","","","","14990","15478","14102","14054","15330","15988","True","True","False","0.00003865","D"
"wine","","","","15822","16498","14610","14773","15995","17238","True","True","False","0.00003844","D"
"kf6-purpose","","https://invent.kde.org/frameworks/purpose","","12570","0","0","0","3232","21908","True","True","False","0.00003840","D"
"spirv-llvm-translator-19","KhronosGroup/SPIRV-LLVM-Translator","https://github.com/khronosgroup/spirv-llvm-translator.git","","548","0","0","0","214","883","False","True","False","0.00003827","D"
"db-util","","","","0","0","0","0","0","0","False","False","False","0.00003809","D"
"akonadi-calendar","","https://invent.kde.org/pim/akonadi-calendar","","14162","0","1815","8853","19530","26451","True","True","False","0.00003781","D"
"mousetweaks","","","","15532","32925","17479","13903","7586","5768","True","True","False","0.00003773","D"
"mariadb-common","","","","0","0","0","0","0","0","False","False","False","0.00003768","D"
"gir1.2-avahi-0.6","","","","0","0","0","0","0","0","False","False","False","0.00003737","D"
"graphicsmagick","","","","15373","17123","16456","16937","15697","10654","True","True","False","0.00003735","D"
"hiredis","redis/hiredis","https://github.com/redis/hiredis.git","","1729","586","592","614","1429","5427","False","True","True","0.00003732","D"
"geos","","","","5627","2653","2510","2476","3360","17136","False","True","False","0.00003724","D"
"kf6-kdeclarative","","https://invent.kde.org/frameworks/kdeclarative","","12787","0","0","0","3118","22457","True","True","False","0.00003702","D"
"suil","","","","15233","15571","14398","14813","15250","16134","True","True","False","0.00003701","D"
"plotutils","","","","13795","17622","13884","13018","12179","12274","True","True","False","0.00003698","D"
"kf6-kcalendarcore","","https://invent.kde.org/frameworks/kcalendarcore","","8583","0","0","0","529","16637","False","True","False","0.00003692","D"
"libmcrypt","","","","15168","18111","15324","14598","14203","13605","True","True","False","0.00003685","D"
"gir1.2-peas-1.0","","","","0","0","0","0","0","0","False","False","False","0.00003684","D"
"kdav","","https://invent.kde.org/frameworks/kdav","","15143","8961","12608","17763","22704","13683","True","True","False","0.00003679","D"
"libiscsi","sahlberg/libiscsi","https://github.com/sahlberg/libiscsi.git","","15122","5720","7399","10776","23308","28411","True","True","False","0.00003674","D"
"m17n-lib","","","","15108","15999","14531","14753","14982","15277","True","True","False","0.00003670","D"
"libmbim-proxy","","","","0","0","0","0","0","0","False","False","False","0.00003645","D"
"libpfm4","","","","15003","7346","10707","12600","20030","24335","True","True","False","0.00003645","D"
"gir1.2-qmi-1.0","","","","0","0","0","0","0","0","False","False","False","0.00003645","D"
"kf6-kpty","","https://invent.kde.org/frameworks/kpty","","11718","0","0","0","2382","21055","True","True","False","0.00003637","D"
"gir1.2-colord-1.0","","","","0","0","0","0","0","0","False","False","False","0.00003635","D"
"gir1.2-colorhug-1.0","","","","0","0","0","0","0","0","False","False","False","0.00003635","D"
"xdotool","jordansissel/xdotool","https://github.com/jordansissel/xdotool.git","","14847","12364","10399","13238","17595","20642","True","True","False","0.00003607","D"
"python2.7-dev","","","","14842","26266","17263","14875","8962","6846","True","True","False","0.00003606","D"
"libplacebo","","","","13647","80","123","203","8987","58846","True","True","False","0.00003596","D"
"qtwebsockets-opensource-src","","","","8258","5475","6957","8242","11808","8812","False","True","False","0.00003585","D"
"k3b","","","","14747","19642","18284","16622","10404","8784","True","True","False","0.00003583","D"
"onednn","oneapi-src/oneDNN","https://github.com/oneapi-src/onednn.git","","11839","9","12","16","25","59134","True","True","False","0.00003579","D"
"kf6-ksvg","","https://invent.kde.org/frameworks/ksvg","","12687","0","0","0","2699","22675","True","True","False","0.00003570","D"
"libpython2.7-dev","","","","14661","25863","17112","14706","8867","6757","True","True","False","0.00003562","D"
"ssl-cert","","","","0","0","0","0","0","0","False","False","False","0.00003555","D"
"libcapi20-3","","","","14075","15867","14415","14954","15043","10096","True","True","False","0.00003550","D"
"xapp","linuxmint/xapp","https://github.com/linuxmint/xapp.git","","14606","11673","11304","14019","16681","19357","True","True","False","0.00003548","D"
"libx86","","","","14568","17683","14809","14462","12991","12896","True","True","False","0.00003539","D"
"lzlib","","","","14488","7104","8005","11872","20614","24847","True","True","False","0.00003520","D"
"libblockdev","storaged-project/libblockdev","https://github.com/storaged-project/libblockdev.git","","14465","35","26","26","9309","62932","True","True","False","0.00003514","D"
"libsource-highlight4v5","","","","14396","10558","14574","16222","17846","12782","True","True","False","0.00003497","D"
"libberkeleydb-perl","pmqs/BerkeleyDB","https://github.com/pmqs/berkeleydb.git","","14365","4965","7432","12486","21631","25314","True","True","False","0.00003490","D"
"kmime","","https://invent.kde.org/pim/kmime","","8302","0","0","0","185","16419","False","True","False","0.00003489","D"
"kf6-bluez-qt","","https://invent.kde.org/frameworks/bluez-qt","","12608","0","0","0","3245","21971","True","True","False","0.00003484","D"
"lzip","","","","14341","13266","17274","17130","11843","12193","True","True","False","0.00003484","D"
"qt6-speech","","","","9373","0","0","37","3253","24831","True","True","False","0.00003483","D"
"kf6-prison","","https://invent.kde.org/frameworks/prison","","12597","0","0","0","3240","21954","True","True","False","0.00003479","D"
"ladspa-sdk","","","","0","0","0","0","0","0","False","False","False","0.00003472","D"
"libvorbisidec","","","","14069","15886","14378","14183","13105","12794","True","True","False","0.00003459","D"
"fping","","","","13688","14189","13846","13619","13265","13523","True","True","False","0.00003458","D"
"menu-cache","","","","13177","13454","12504","13481","12842","13606","True","True","False","0.00003457","D"
"kaccounts-integration","","https://invent.kde.org/network/kaccounts-integration","","12156","0","0","0","2451","21862","True","True","False","0.00003455","D"
"libcmis","tdf/libcmis","https://github.com/tdf/libcmis.git","","13101","48","35","33","8126","57266","True","True","False","0.00003440","D"
"kf6-syntax-highlighting","","https://invent.kde.org/frameworks/syntax-highlighting","","11277","0","0","0","2273","20282","True","True","False","0.00003434","D"
"libgcrypt11","","","","14098","21326","16171","14237","10194","8562","True","True","False","0.00003425","D"
"libqtcore4","","","","14092","30274","15874","12822","6723","4768","True","True","False","0.00003423","D"
"xclip","astrand/xclip","https://github.com/astrand/xclip.git","","14075","10488","10836","12269","16980","19806","True","True","False","0.00003419","D"
"libgtk-3-common","","","","0","0","0","0","0","0","False","False","False","0.00003419","D"
"kf6-knotifyconfig","","https://invent.kde.org/frameworks/knotifyconfig","","11599","0","0","0","2354","20845","True","True","False","0.00003404","D"
"libtinfo-dev","","","","13996","17203","14340","14077","13893","10468","True","True","False","0.00003400","D"
"xdg-user-dirs","","","","0","0","0","0","0","0","False","False","False","0.00003388","D"
"libsepol1-dev","","","","13943","22536","18730","16657","6902","4891","True","True","False","0.00003387","D"
"re2","google/re2","https://github.com/google/re2.git","","13865","232","244","309","6966","61576","True","True","True","0.00003368","D"
"kf6-kuserfeedback","","https://invent.kde.org/frameworks/kuserfeedback","","10987","0","0","0","2165","19809","True","True","False","0.00003368","D"
"kf6-syndication","","https://invent.kde.org/frameworks/syndication","","12264","0","0","0","2397","22132","True","True","False","0.00003360","D"
"libqtgui4","","","","13831","29812","15573","12574","6560","4639","True","True","False","0.00003360","D"
"libvirt-glib","","","","13795","11855","11922","12413","15406","17381","True","True","False","0.00003351","D"
"libset-scalar-perl","","","","0","0","0","0","0","0","False","False","False","0.00003348","D"
"level-zero","oneapi-src/level-zero","https://github.com/oneapi-src/level-zero.git","","10483","0","0","2","39","31409","True","True","False","0.00003345","D"
"libmemcached","","","","13768","14974","14318","14113","13676","11760","True","True","False","0.00003345","D"
"openh264","","","","12080","47","44","52","86","60171","True","True","False","0.00003345","D"
"libqt4-xml","","","","13761","29671","15504","12522","6510","4601","True","True","False","0.00003343","D"
"oath-toolkit","","","","12326","3956","4667","11759","21684","19567","True","True","False","0.00003335","D"
"kpmcore","","https://invent.kde.org/system/kpmcore","","12700","6","2218","9814","21430","30032","True","True","False","0.00003335","D"
"qt6-webengine","","","","10862","0","1411","2769","8773","30495","True","True","False","0.00003333","D"
"mate-menus","","","","12533","13219","11885","12935","12227","12403","True","True","False","0.00003330","D"
"libtasn1-3","","","","13690","20681","15711","13826","9915","8320","True","True","False","0.00003326","D"
"pwgen","tytso/pwgen","https://github.com/tytso/pwgen.git","","13688","13665","13385","13182","13534","14677","True","True","False","0.00003325","D"
"libsmi2ldbl","","","","13640","15731","14301","14263","13705","10200","True","True","False","0.00003314","D"
"sound-juicer","","","","13636","13928","12414","13985","13486","14371","True","True","False","0.00003313","D"
"glade","","","","1849","2246","2000","1916","1625","1459","False","True","False","0.00003312","D"
"mate-desktop","","","","12420","14289","12925","13940","12435","8512","True","True","False","0.00003302","D"
"libepsilon1","","","","13590","20854","18786","16702","7017","4595","True","True","False","0.00003301","D"
"openblas","","","","12639","3088","6355","9966","21451","22339","True","True","False","0.00003300","D"
"libgnutls26","","","","13582","20518","15595","13728","9824","8247","True","True","False","0.00003300","D"
"qt5-qmake","","","","0","0","0","0","0","0","False","False","False","0.00003296","D"
"qtbase5-dev-tools","","","","0","0","0","0","0","0","False","False","False","0.00003296","D"
"icoutils","","","","13556","19662","13899","13032","11020","10169","True","True","False","0.00003293","D"
"kf6-attica","","https://invent.kde.org/frameworks/attica","","12239","0","0","0","2391","22088","True","True","False","0.00003292","D"
"wxwidgets3.2","","","","11402","4497","3977","9323","22402","16811","True","True","False","0.00003287","D"
"busybox","","","","28","27","25","30","23","35","False","True","False","0.00003285","D"
"rpm","","","","13517","14136","12872","12816","13856","13905","True","True","False","0.00003284","D"
"kf6-kidletime","","https://invent.kde.org/frameworks/kidletime","","11483","0","0","0","2234","20732","True","True","False","0.00003282","D"
"initramfs-tools-core","","","","0","0","0","0","0","0","False","False","False","0.00003278","D"
"gir1.2-totemplparser-1.0","","","","0","0","0","0","0","0","False","False","False","0.00003276","D"
"zabbix","","","","13465","12838","13488","13657","13763","13579","True","True","False","0.00003271","D"
"coinmp","","","","12401","121","93","88","5862","55841","True","True","False","0.00003270","D"
"pstoedit","","","","13423","17204","13512","12660","11818","11925","True","True","False","0.00003261","D"
"qdbm","","","","13310","19585","15149","13623","9948","8245","True","True","False","0.00003233","D"
"lbfgsb","","","","13303","5754","9583","12485","23014","15679","True","True","False","0.00003232","D"
"tinyxml","","","","13280","16591","14459","13530","11028","10792","True","True","False","0.00003226","D"
"liborcus","","https://gitlab.com/orcus/orcus.git","","12200","66","46","47","8328","52515","True","True","False","0.00003221","D"
"sqv","","","","0","0","0","0","0","0","False","False","False","0.00003220","D"
"libapt-pkg","","","","0","0","0","0","0","0","False","False","False","0.00003220","D"
"debian-archive-keyring","","","","0","0","0","0","0","0","False","False","False","0.00003220","D"
"libmath-random-isaac-xs-perl","","","","13252","13397","13060","13282","13238","13287","True","True","False","0.00003219","D"
"apache2-api-20120211","","","","0","0","0","0","0","0","False","False","False","0.00003215","D"
"portsmf","","","","13223","15666","14233","14605","12768","8844","True","True","False","0.00003212","D"
"libconfig","","","","11157","947","894","881","994","52073","True","True","False","0.00003193","D"
"gir1.2-cloudproviders-0.3.0","","","","0","0","0","0","0","0","False","False","False","0.00003193","D"
"rrdtool","","","","13144","13201","13584","13686","13715","11537","True","True","False","0.00003193","D"
"gir1.2-gdk-3.0-dev","","","","0","0","0","0","0","0","False","False","False","0.00003189","D"
"mate-panel","","","","13117","14148","12637","13646","12504","12652","True","True","False","0.00003187","D"
"gdcm","","","","12813","8444","11736","13771","15807","14308","True","True","False","0.00003185","D"
"liblouisutdml-data","","","","0","0","0","0","0","0","False","False","False","0.00003181","D"
"tesseract","","","","11587","7507","7520","7726","15499","19685","True","True","False","0.00003168","D"
"libudev0-shim","archlinux/libudev0-shim","https://github.com/archlinux/libudev0-shim.git","","13017","19350","14823","13159","9613","8140","True","True","False","0.00003162","D"
"dhcpcd","NetworkConfiguration/dhcpcd","https://github.com/networkconfiguration/dhcpcd.git","","13011","2232","1746","1526","2328","57224","True","True","False","0.00003161","D"
"libqt4-dbus","","","","12916","28321","14547","11665","5923","4127","True","True","False","0.00003138","D"
"infinipath-psm","intel/psm","https://github.com/intel/psm.git","","12858","14236","12130","12509","14998","10421","True","True","False","0.00003124","D"
"ed","","","","12830","14418","12999","12639","12245","11852","True","True","False","0.00003117","D"
"gir1.2-nice-0.1","","","","0","0","0","0","0","0","False","False","False","0.00003098","D"
"libcpufreq0","","","","12735","18919","13876","12607","9822","8454","True","True","False","0.00003094","D"
"libxfce4windowing","","","","7460","0","0","0","832","14089","False","True","False","0.00003069","D"
"libkf5codecs-data","","","","0","0","0","0","0","0","False","False","False","0.00003068","D"
"libtext-soundex-perl","","","","12621","19437","14436","12785","9013","7438","True","True","False","0.00003066","D"
"plasma-activities-stats","","https://invent.kde.org/plasma/plasma-activities-stats","","10794","0","0","0","2161","19427","True","True","False","0.00003044","D"
"nemo","linuxmint/nemo","https://github.com/linuxmint/nemo.git","","12525","11660","10833","12826","12866","14444","True","True","False","0.00003043","D"
"libmatekbd","","","","12527","13240","11886","12919","12213","12380","True","True","False","0.00003043","D"
"sdl-mixer1.2","","","","12519","16710","14020","13358","9820","8691","True","True","False","0.00003041","D"
"libokular5core10","","","","12470","0","3003","10930","21744","14205","True","True","False","0.00003029","D"
"libmateweather","","","","12367","12981","11724","12778","12085","12269","True","True","False","0.00003004","D"
"libgirepository-1.0-1-with-libffi8","","","","0","0","0","0","0","0","False","False","False","0.00003003","D"
"aha","theZiz/aha","https://github.com/theziz/aha.git","","12327","239","317","9778","21407","29897","True","True","False","0.00002995","D"
"libpstoedit0c2a","","","","12321","17285","13577","12721","10528","7495","True","True","False","0.00002993","D"
"gir1.2-gcab-1.0","","","","0","0","0","0","0","0","False","False","False","0.00002986","D"
"pulseaudio-qt","","https://invent.kde.org/libraries/pulseaudio-qt","","12255","0","0","0","2537","21973","True","True","False","0.00002977","D"
"libmatemixer","","","","12250","12705","11571","12635","12064","12278","True","True","False","0.00002976","D"
"libonig2","","","","12242","18397","14052","12467","8887","7410","True","True","False","0.00002974","D"
"kf6-baloo","","https://invent.kde.org/frameworks/baloo","","10557","0","0","0","2064","19050","True","True","False","0.00002973","D"
"kf6-modemmanager-qt","","https://invent.kde.org/frameworks/modemmanager-qt","","12207","0","0","0","2514","21900","True","True","False","0.00002965","D"
"openbox","","","","11171","11929","10910","11425","10668","10923","True","True","False","0.00002962","D"
"gir1.2-rsvg-2.0","","","","0","0","0","0","0","0","False","False","False","0.00002960","D"
"libnginx-mod-http-echo","agentzh/echo-nginx-module","https://github.com/agentzh/echo-nginx-module.git","","11500","15088","13014","11987","9145","8266","True","True","False","0.00002959","D"
"libspnav","","","","12176","12358","11333","11848","12457","12884","True","True","False","0.00002958","D"
"gvfs-bin","","","","12157","23569","14319","11616","6442","4843","True","True","False","0.00002953","D"
"ipset","","","","12133","8092","9599","10393","14840","17741","True","True","False","0.00002948","D"
"libkexiv2","","https://invent.kde.org/graphics/libkexiv2","","11596","0","0","0","2186","21006","True","True","False","0.00002946","D"
"libscalar-list-utils-perl","","","","6274","8761","7055","6492","4866","4197","False","True","False","0.00002943","D"
"db-defaults","","","","4073","3664","3719","3809","4455","4720","False","True","False","0.00002935","D"
"php5-cli","","","","12075","18184","13845","12282","8758","7306","True","True","False","0.00002933","D"
"libisc95","","","","12028","19432","13975","12140","8014","6581","True","True","False","0.00002922","D"
"python-magic","ahupp/python-magic","https://github.com/ahupp/python-magic.git","","12005","11734","11343","11302","12220","13427","True","True","False","0.00002916","D"
"gir1.2-gsound-1.0","","","","0","0","0","0","0","0","False","False","False","0.00002915","D"
"kf6-ktexttemplate","","https://invent.kde.org/frameworks/ktexttemplate","","9677","0","0","0","386","18969","True","True","False","0.00002915","D"
"kcolorpicker","ksnip/kcolorpicker","https://github.com/ksnip/kcolorpicker.git","","9841","0","0","0","2181","17501","True","True","False","0.00002910","D"
"hexchat","","","","11975","10760","10180","12216","11932","14787","True","True","False","0.00002909","D"
"libdate-calc-perl","","","","11960","7043","8739","10262","15843","17915","True","True","False","0.00002905","D"
"kf6-kpeople","","https://invent.kde.org/frameworks/kpeople","","11865","0","0","0","2189","21541","True","True","False","0.00002882","D"
"kf6-extra-cmake-modules","","https://invent.kde.org/frameworks/extra-cmake-modules","","3178","2865","2755","2866","3973","3435","False","True","False","0.00002882","D"
"gir1.2-ayatanaappindicator3-0.1","","","","0","0","0","0","0","0","False","False","False","0.00002879","D"
"mate-utils","","","","11822","12431","11212","12286","11523","11662","True","True","False","0.00002872","D"
"libgnomecanvas","","","","11823","18468","13253","11607","8420","7371","True","True","False","0.00002872","D"
"ksysguardd","","","","11818","20152","16532","13737","5151","3522","True","True","False","0.00002871","D"
"libgdiplus","","","","11811","15206","12592","12003","10255","9003","True","True","False","0.00002869","D"
"qpdf","","","","11792","72","80","79","107","58625","True","True","False","0.00002865","D"
"libemf","","","","10343","10670","9533","9477","10416","11619","True","True","False","0.00002859","D"
"sound-theme-freedesktop","","","","0","0","0","0","0","0","False","False","False","0.00002855","D"
"pipewire-pulse","","","","0","0","0","0","0","0","False","False","False","0.00002855","D"
"gl2ps","","","","11709","11951","10348","10562","12229","13458","True","True","False","0.00002854","D"
"libgedit-gfls","","","","9196","0","0","0","0","9196","True","True","False","0.00002850","D"
"gir1.2-gom-1.0","","","","0","0","0","0","0","0","False","False","False","0.00002849","D"
"fltk1.3","","","","11721","13334","12692","13016","11614","7953","True","True","False","0.00002847","D"
"phodav","","","","10912","0","3147","6415","15844","18243","True","True","False","0.00002846","D"
"ktextaddons","","https://invent.kde.org/libraries/ktextaddons","","8210","0","0","0","207","16213","False","True","False","0.00002846","D"
"mplayer","","","","11689","13546","11833","11572","10468","11028","True","True","False","0.00002840","D"
"hwinfo","openSUSE/hwinfo","https://github.com/opensuse/hwinfo.git","","11633","11475","11269","11571","11907","11943","True","True","False","0.00002826","D"
"python-pycurl","","","","11613","22015","13495","11121","6480","4958","True","True","False","0.00002821","D"
"kf6-ktexteditor","","https://invent.kde.org/frameworks/ktexteditor","","10900","0","0","0","2053","19747","True","True","False","0.00002818","D"
"xserver-xorg-input-synaptics","","","","11593","18340","13053","11560","8086","6927","True","True","False","0.00002816","D"
"pimcommon","","https://invent.kde.org/pim/pimcommon","","8118","0","0","0","182","16054","False","True","False","0.00002808","D"
"cinnamon-menus","","","","11527","10714","9971","11836","11830","13287","True","True","False","0.00002800","D"
"cinnamon-control-center","","","","11498","10678","9947","11800","11804","13264","True","True","False","0.00002793","D"
"vorbis-tools","","","","11488","13043","11613","11428","10756","10601","True","True","False","0.00002791","D"
"update-inetd","","","","0","0","0","0","0","0","False","False","False","0.00002787","D"
"gir1.2-gmenu-3.0","","","","0","0","0","0","0","0","False","False","False","0.00002785","D"
"layer-shell-qt","","","","11184","0","0","0","2237","20131","True","True","False","0.00002778","D"
"librda","ArcticaProject/librda","https://github.com/arcticaproject/librda.git","","11401","10838","10541","11844","11706","12080","True","True","False","0.00002770","D"
"cinnamon-desktop","","","","11173","11901","11046","13021","12083","7818","True","True","False","0.00002766","D"
"qt6-positioning","","","","11015","0","1413","2901","8997","30749","True","True","False","0.00002745","D"
"libappimage","AppImageCommunity/libappimage","https://github.com/appimagecommunity/libappimage.git","","11278","49","36","11690","23496","21119","True","True","False","0.00002740","D"
"xserver-xorg-input-evdev","","","","11275","17981","12688","11213","7809","6685","True","True","False","0.00002739","D"
"plasma5support","","https://invent.kde.org/plasma/plasma5support","","10102","0","0","0","1951","18254","True","True","False","0.00002738","D"
"tk","","","","0","0","0","0","0","0","False","False","False","0.00002737","D"
"ksysguard","","","","11260","19691","15961","13068","4537","3043","True","True","False","0.00002735","D"
"gnote","","","","11229","10234","9596","11523","11682","13110","True","True","False","0.00002728","D"
"libexecs","","","","3049","6","5","9","3257","11969","False","True","False","0.00002723","D"
"kf6-networkmanager-qt","","https://invent.kde.org/frameworks/networkmanager-qt","","10718","0","0","0","2076","19361","True","True","False","0.00002720","D"
"libnginx-mod-http-auth-pam","sto/ngx_http_auth_pam_module","https://github.com/sto/ngx_http_auth_pam_module.git","","10503","14246","11962","10942","8157","7208","True","True","False","0.00002717","D"
"fortune-mod","shlomif/fortune-mod","https://github.com/shlomif/fortune-mod.git","","11176","11044","10565","10749","11271","12254","True","True","False","0.00002715","D"
"clamav","","","","11163","11600","10968","10941","11007","11302","True","True","False","0.00002712","D"
"kidentitymanagement","","https://invent.kde.org/pim/kidentitymanagement","","8222","0","0","0","169","16276","False","True","False","0.00002709","D"
"cjs","linuxmint/cjs","https://github.com/linuxmint/cjs.git","","11147","10250","9603","11483","11492","12911","True","True","False","0.00002708","D"
"guile-3.0-libs","","","","0","0","0","0","0","0","False","False","False","0.00002707","D"
"qt6-webchannel","","","","10854","0","1412","2770","8761","30476","True","True","False","0.00002706","D"
"openipmi","","","","10552","10239","10231","10385","11475","10433","True","True","False","0.00002696","D"
"libnginx-mod-http-dav-ext","arut/nginx-dav-ext-module","https://github.com/arut/nginx-dav-ext-module.git","","10411","14077","11852","10848","8106","7176","True","True","False","0.00002694","D"
"libnginx-mod-http-subs-filter","yaoweibin/ngx_http_substitutions_filter_module","https://github.com/yaoweibin/ngx_http_substitutions_filter_module.git","","10400","14072","11844","10835","8082","7169","True","True","False","0.00002692","D"
"gir1.2-libxfce4util-1.0-dev","","","","0","0","0","0","0","0","False","False","False","0.00002688","D"
"bcg729","BelledonneCommunications/bcg729","https://github.com/belledonnecommunications/bcg729.git","","10719","6072","9019","10037","13610","14859","True","True","False","0.00002688","D"
"libnginx-mod-http-upstream-fair","gnosek/nginx-upstream-fair","https://github.com/gnosek/nginx-upstream-fair.git","","10385","14073","11842","10832","8066","7116","True","True","False","0.00002688","D"
"fwupd","fwupd/fwupd","https://github.com/fwupd/fwupd.git","","11060","18","16","29","5219","50018","True","True","True","0.00002687","D"
"kf6-kdesu","","https://invent.kde.org/frameworks/kdesu","","10493","0","0","0","2218","18768","True","True","False","0.00002686","D"
"kf6-kholidays","","https://invent.kde.org/frameworks/kholidays","","10155","0","0","0","1947","18364","True","True","False","0.00002685","D"
"html2text","","https://gitlab.com/grobian/html2text.git","","11051","5843","6052","9411","14367","19583","True","True","False","0.00002685","D"
"telepathy-mission-control-5","","","","11040","19132","12898","10723","6830","5618","True","True","False","0.00002682","D"
"mate-control-center","","","","11040","12690","11427","12497","11076","7510","True","True","False","0.00002682","D"
"libgedit-tepl","","","","9097","0","0","0","0","9097","True","True","False","0.00002674","D"
"hunspell-en-us","","","","0","0","0","0","0","0","False","False","False","0.00002673","D"
"localsearch","","","","0","0","0","0","0","0","False","False","False","0.00002668","D"
"opensp","","","","10925","11938","10481","10515","10691","11002","True","True","False","0.00002654","D"
"kf6-threadweaver","","https://invent.kde.org/frameworks/threadweaver","","10383","0","0","0","877","19889","True","True","False","0.00002651","D"
"gir1.2-ayatanaido3-0.4","","","","0","0","0","0","0","0","False","False","False","0.00002647","D"
"libksysguard","","https://invent.kde.org/plasma/libksysguard","","10147","0","0","0","1953","18341","True","True","False","0.00002642","D"
"liboobs","","","","10875","11840","10726","11226","10362","10221","True","True","False","0.00002642","D"
"gir1.2-dbusmenu-glib-0.4","","","","0","0","0","0","0","0","False","False","False","0.00002639","D"
"gir1.2-dbusmenu-gtk3-0.4","","","","0","0","0","0","0","0","False","False","False","0.00002639","D"
"libkdepim","","https://invent.kde.org/pim/libkdepim","","8117","0","0","0","183","16051","False","True","False","0.00002638","D"
"qt6-shadertools","","","","8320","0","436","957","5591","26297","False","True","False","0.00002636","D"
"kf6-frameworkintegration","","https://invent.kde.org/frameworks/frameworkintegration","","10834","0","0","0","2194","19474","True","True","False","0.00002632","D"
"gir1.2-gspell-1","","","","0","0","0","0","0","0","False","False","False","0.00002631","D"
"gir1.2-soup-3.0","","","","0","0","0","0","0","0","False","False","False","0.00002626","D"
"kf6-kunitconversion","","https://invent.kde.org/frameworks/kunitconversion","","10243","0","0","0","1990","18496","True","True","False","0.00002624","D"
"gir1.2-manette-0.2","","","","0","0","0","0","0","0","False","False","False","0.00002623","D"
"obconf","danakj/obconf","https://github.com/danakj/obconf.git","","10797","11531","10528","11064","10318","10546","True","True","False","0.00002623","D"
"libqt4-network","","","","10785","23596","12066","9799","5006","3459","True","True","False","0.00002620","D"
"kf6-kquickcharts","","https://invent.kde.org/frameworks/kquickcharts","","10281","0","0","0","2044","18519","True","True","False","0.00002616","D"
"libass5","","","","10745","20243","12689","10262","5938","4594","True","True","False","0.00002610","D"
"ksysguard-data","","","","10717","18642","15355","12531","4236","2821","True","True","False","0.00002604","D"
"hdf5","","","","7358","4552","4272","4233","4213","19523","False","True","False","0.00002583","D"
"libgit2","","","","5438","506","452","484","751","24999","False","True","False","0.00002576","D"
"openbsd-inetd","","","","9294","12207","9957","9372","7865","7072","True","True","False","0.00002573","D"
"ps2eps","","","","10589","12514","10571","10334","9638","9892","True","True","False","0.00002572","D"
"akonadi-contacts","","https://invent.kde.org/pim/akonadi-contacts","","8156","0","0","0","171","16142","False","True","False","0.00002569","D"
"python2.6-minimal","","","","10569","16130","12149","10650","7602","6316","True","True","False","0.00002568","D"
"iperf3","","","","10544","7647","8459","9081","12098","15436","True","True","False","0.00002561","D"
"mysql-server","","","","10542","15232","11773","10559","8049","7099","True","True","False","0.00002561","D"
"lensfun","","","","10525","13259","10858","10365","9289","8855","True","True","False","0.00002557","D"
"default-mta","","","","0","0","0","0","0","0","False","False","False","0.00002554","D"
"freeglut3","","","","10480","17580","14379","11968","5104","3369","True","True","False","0.00002546","D"
"fmtlib","","","","8276","482","770","1018","5314","33799","False","True","False","0.00002545","D"
"librsync","librsync/librsync","https://github.com/librsync/librsync.git","","10449","5698","9343","12904","14564","9736","True","True","False","0.00002538","D"
"opencv","","","","9292","4770","4331","4374","4747","28240","True","True","False","0.00002533","D"
"pcmanfm","lxde/pcmanfm","https://github.com/lxde/pcmanfm.git","","10424","11150","10217","10718","9992","10044","True","True","False","0.00002532","D"
"kcalutils","","https://invent.kde.org/pim/kcalutils","","7976","0","0","0","157","15795","False","True","False","0.00002532","D"
"audacious-plugins","","","","9658","8596","8505","10196","11211","9783","True","True","False","0.00002528","D"
"glew","","","","10294","2788","3627","6618","17582","20858","True","True","False","0.00002510","D"
"libconfuse","libconfuse/libconfuse","https://github.com/libconfuse/libconfuse.git","","10328","10389","9661","9848","10702","11041","True","True","False","0.00002509","D"
"pupnp","","","","9753","2559","2895","5217","6037","32059","True","True","False","0.00002506","D"
"muffin","linuxmint/muffin","https://github.com/linuxmint/muffin.git","","10314","10980","10168","12011","11183","7230","True","True","False","0.00002506","D"
"mongo-c-driver","mongodb/mongo-c-driver","https://github.com/mongodb/mongo-c-driver.git","","2452","1905","2074","2162","3329","2792","False","True","False","0.00002499","D"
"optipng","","","","10248","9985","9297","9342","10789","11829","True","True","False","0.00002490","D"
"minissdpd","","","","10235","17958","12006","9904","6250","5059","True","True","False","0.00002486","D"
"xserver-xorg-input-mouse","","","","10210","16501","11585","10178","6949","5840","True","True","False","0.00002480","D"
"akonadi-mime","","https://invent.kde.org/pim/akonadi-mime","","8162","0","0","0","162","16162","False","True","False","0.00002473","D"
"qt6-imageformats","","","","10168","0","1344","2761","8230","28338","True","True","False","0.00002470","D"
"qscintilla2","","","","10165","9433","9511","9842","10996","11046","True","True","False","0.00002469","D"
"debugedit","","https://sourceware.org/debugedit/","","9575","10521","9478","9321","9365","9193","True","True","False","0.00002442","D"
"kf6-kdnssd","","https://invent.kde.org/frameworks/kdnssd","","10050","0","0","0","694","19407","True","True","False","0.00002441","D"
"gir1.2-dee-1.0","","","","0","0","0","0","0","0","False","False","False","0.00002441","D"
"libsdl2-image","libsdl-org/SDL_image","https://github.com/libsdl-org/sdl_image.git","","10027","7141","7423","8742","12619","14214","True","True","False","0.00002436","D"
"libk3b7","","","","10000","16191","15692","11710","3863","2547","True","True","False","0.00002429","D"
"telepathy-logger","","","","9961","16899","11604","9815","6344","5145","True","True","False","0.00002420","D"
"muparser","","","","9961","8296","8292","9301","10280","13638","True","True","False","0.00002420","D"
"libdumbnet","ofalk/libdnet","https://github.com/ofalk/libdnet.git","","9927","15240","11367","10207","7004","5820","True","True","False","0.00002412","D"
"libsoup-3.0-common","","","","0","0","0","0","0","0","False","False","False","0.00002409","D"
"libtpms","stefanberger/libtpms","https://github.com/stefanberger/libtpms.git","","9896","272","3537","7774","17202","20697","True","True","True","0.00002404","D"
"gir1.2-gsf-1","","","","0","0","0","0","0","0","False","False","False","0.00002399","D"
"libx86emu","wfeldt/libx86emu","https://github.com/wfeldt/libx86emu.git","","7380","3987","6318","7281","9311","10003","False","True","False","0.00002393","D"
"grantleetheme","","https://invent.kde.org/pim/grantleetheme","","8179","0","0","0","201","16158","False","True","False","0.00002390","D"
"chmlib","jedwing/CHMLib","https://github.com/jedwing/chmlib.git","","9830","10081","9439","9342","10261","10030","True","True","False","0.00002388","D"
"filezilla","","","","9818","10398","9056","9188","10009","10439","True","True","False","0.00002385","D"
"gir1.2-xkl-1.0","","","","0","0","0","0","0","0","False","False","False","0.00002378","D"
"libuser","","https://pagure.io/libuser/","","9772","10411","9634","10160","9414","9244","True","True","False","0.00002374","D"
"xsel","","","","9721","8992","8410","8771","10745","11688","True","True","False","0.00002362","D"
"munge","","","","7328","1240","3049","5157","12365","14830","False","True","False","0.00002362","D"
"ghostscript-x","","","","9718","12717","11276","10731","8215","5654","True","True","False","0.00002361","D"
"audacious","","","","9518","8492","8379","10074","11023","9623","True","True","False","0.00002356","D"
"gir1.2-mediaart-2.0","","","","0","0","0","0","0","0","False","False","False","0.00002346","D"
"librdkafka","confluentinc/librdkafka","https://github.com/confluentinc/librdkafka.git","","3896","2963","3288","3485","4498","5249","False","True","False","0.00002340","D"
"netcdf","","","","5842","3124","2839","2825","2683","17740","False","True","False","0.00002339","D"
"kontactinterface","","https://invent.kde.org/pim/kontactinterface","","8060","0","0","0","183","15937","False","True","False","0.00002338","D"
"gir1.2-gck-1","","","","0","0","0","0","0","0","False","False","False","0.00002332","D"
"gir1.2-gcr-3","","","","0","0","0","0","0","0","False","False","False","0.00002332","D"
"kmailtransport","","https://invent.kde.org/pim/kmailtransport","","8110","0","0","0","161","16059","False","True","False","0.00002328","D"
"chafa","","","","9561","6018","8290","10537","13584","9376","True","True","False","0.00002323","D"
"xfce4-notes-plugin","","","","9534","15595","8104","6433","3966","13573","True","True","False","0.00002316","D"
"genisoimage","","","","0","0","0","0","0","0","False","False","False","0.00002314","D"
"gir1.2-gssdp-1.6","","","","0","0","0","0","0","0","False","False","False","0.00002308","D"
"dos2unix","","","","9495","9573","9245","9266","9442","9952","True","True","False","0.00002307","D"
"libcairo-perl","","","","0","0","0","0","0","0","False","False","False","0.00002303","D"
"bind9utils","","","","9428","13399","10526","9647","7354","6217","True","True","False","0.00002290","D"
"vkd3d","","","","9401","15440","14094","10350","4220","2905","True","True","False","0.00002284","D"
"libk3b7-extracodecs","","","","9364","15089","14776","10894","3662","2402","True","True","False","0.00002275","D"
"transfig","","","","9348","17776","11674","9263","4578","3449","True","True","False","0.00002271","D"
"mysql-client","","","","9343","12290","10189","9466","7747","7026","True","True","False","0.00002270","D"
"sysfsutils","linux-ras/sysfsutils","https://github.com/linux-ras/sysfsutils.git","","9345","11402","9727","9343","8237","8018","True","True","False","0.00002270","D"
"botan","","","","9334","99","3346","10594","12316","20315","True","True","False","0.00002268","D"
"mailutils","","","","9317","34","3146","7227","19949","16229","True","True","False","0.00002263","D"
"android-platform-tools","","","","9305","9130","8578","8650","9512","10659","True","True","False","0.00002261","D"
"gpicview","lxde/gpicview","https://github.com/lxde/gpicview.git","","9306","10004","9172","9606","8876","8872","True","True","False","0.00002261","D"
"cpufrequtils","","","","9303","11907","9949","9481","8028","7150","True","True","False","0.00002260","D"
"libdmtx","","","","5159","47","35","32","3599","22085","False","True","False","0.00002258","D"
"lsscsi","","","","9283","8822","8848","8946","10041","9758","True","True","False","0.00002255","D"
"redis","","","","9279","7563","8055","8426","10455","11900","True","True","False","0.00002254","D"
"xserver-xorg-video-mga","","","","9270","15198","10579","9218","6167","5188","True","True","False","0.00002252","D"
"pdftk","","","","9253","10375","9739","9749","8645","7759","True","True","False","0.00002248","D"
"libsub-exporter-progressive-perl","","","","0","0","0","0","0","0","False","False","False","0.00002246","D"
"marco","","","","9238","5410","8090","10026","10946","11719","True","True","False","0.00002244","D"
"messagelib","","https://invent.kde.org/pim/messagelib","","8068","0","0","0","150","15986","False","True","False","0.00002243","D"
"tpm-udev","","","","0","0","0","0","0","0","False","False","False","0.00002237","D"
"xserver-xorg-video-cirrus","","","","9148","15090","10450","9090","6045","5068","True","True","False","0.00002222","D"
"linux-atm","","","","9131","12706","10414","9644","7234","5661","True","True","False","0.00002218","D"
"module-init-tools","","","","9128","14555","10568","9128","6245","5147","True","True","False","0.00002218","D"
"cups-filters-core-drivers","","","","0","0","0","0","0","0","False","False","False","0.00002214","D"
"gir1.2-mypaint-1.5","","","","0","0","0","0","0","0","False","False","False","0.00002210","D"
"wireshark-qt","","","","9093","10214","9660","9789","9359","6443","True","True","False","0.00002209","D"
"liblzf","","","","9085","4332","7452","8204","11587","13851","True","True","False","0.00002207","D"
"open-coarrays","","","","9081","11917","9322","8740","7695","7731","True","True","False","0.00002206","D"
"kldap","","https://invent.kde.org/pim/kldap","","8094","0","0","0","268","15920","False","True","False","0.00002204","D"
"akonadi-search","","https://invent.kde.org/pim/akonadi-search","","7952","0","0","0","146","15758","False","True","False","0.00002202","D"
"deborphan","","","","9063","10342","9359","9486","8752","7376","True","True","False","0.00002202","D"
"kpimtextedit","","https://invent.kde.org/pim/kpimtextedit","","8090","0","0","0","162","16018","False","True","False","0.00002202","D"
"xserver-xorg-video-r128","","","","9049","14872","10353","9023","5985","5015","True","True","False","0.00002198","D"
"libqt4-sql","","","","9034","19930","10115","8216","4109","2801","True","True","False","0.00002195","D"
"gir1.2-gst-plugins-base-1.0","","","","0","0","0","0","0","0","False","False","False","0.00002193","D"
"xserver-xorg-video-neomagic","","","","9021","14886","10316","8971","5941","4993","True","True","False","0.00002192","D"
"libapache2-mod-php5","","","","9023","13593","10362","9182","6538","5444","True","True","False","0.00002192","D"
"libncursesw5-dev","","","","4162","4401","4091","4225","4449","3648","False","True","False","0.00002192","D"
"libisoburn","","","","9020","3146","4691","6755","13734","16775","True","True","False","0.00002191","D"
"xserver-xorg-video-tdfx","","","","8974","14822","10280","8930","5901","4939","True","True","False","0.00002180","D"
"deja-dup","","","","8954","4773","6918","9411","10893","12775","True","True","False","0.00002175","D"
"libkleo","","https://invent.kde.org/pim/libkleo","","8148","0","0","0","152","16145","False","True","False","0.00002169","D"
"gir1.2-adw-1","","","","0","0","0","0","0","0","False","False","False","0.00002146","D"
"kvazaar","ultravideo/kvazaar","https://github.com/ultravideo/kvazaar.git","","1548","30","25","1505","3058","3123","False","True","False","0.00002133","D"
"calendarsupport","","https://invent.kde.org/pim/calendarsupport","","7920","0","0","0","144","15697","False","True","False","0.00002105","D"
"sphinx-common","","","","0","0","0","0","0","0","False","False","False","0.00002104","D"
"kmbox","","https://invent.kde.org/pim/kmbox","","8156","0","0","0","158","16154","False","True","False","0.00002094","D"
"kimap","","https://invent.kde.org/pim/kimap","","7956","0","0","0","147","15766","False","True","False","0.00002083","D"
"firebird4.0-common","","","","0","0","0","0","0","0","False","False","False","0.00002057","D"
"firebird4.0-common-doc","","","","0","0","0","0","0","0","False","False","False","0.00002057","D"
"ksmtp","","https://invent.kde.org/pim/ksmtp","","7942","0","0","0","146","15738","False","True","False","0.00002053","D"
"libkf6codecs-data","","","","0","0","0","0","0","0","False","False","False","0.00002050","D"
"eventviews","","https://invent.kde.org/pim/eventviews","","7914","0","0","0","143","15686","False","True","False","0.00002044","D"
"kirigami-addons","","https://invent.kde.org/libraries/kirigami-addons/","","6576","0","52","285","3488","22479","False","True","False","0.00002043","D"
"libgravatar","","https://invent.kde.org/pim/libgravatar","","8068","0","0","0","151","15986","False","True","False","0.00002038","D"
"libpanel","","https://gitlab.gnome.org/gnome/libpanel.git","","477","0","148","275","678","810","False","True","False","0.00002036","D"
"ell","","","","936","276","601","816","1426","1565","False","True","False","0.00002035","D"
"x11proto-core-dev","","","","0","0","0","0","0","0","False","False","False","0.00002020","D"
"kf6-kdav","","https://invent.kde.org/frameworks/kdav","","7944","0","0","0","152","15737","False","True","False","0.00002014","D"
"incidenceeditor","","https://invent.kde.org/pim/incidenceeditor","","7914","0","0","0","143","15686","False","True","False","0.00002006","D"
"libgedit-amtk","","","","5720","0","0","0","2088","9352","False","True","False","0.00002005","D"
"poppler-data","","","","0","0","0","0","0","0","False","False","False","0.00002004","D"
"sphinx-rtd-theme-common","","","","0","0","0","0","0","0","False","False","False","0.00002004","D"
"qtwayland-client-abi-5-15-15","","","","0","0","0","0","0","0","False","False","False","0.00002004","D"
"fonts-urw-base35","","","","0","0","0","0","0","0","False","False","False","0.00002004","D"
"libgedit-gtksourceview","","","","5695","0","0","0","2063","9328","False","True","False","0.00001999","D"
"qt6-base-dev-tools","","","","0","0","0","0","0","0","False","False","False","0.00001997","D"
"gnome-themes-extra-data","","","","0","0","0","0","0","0","False","False","False","0.00001997","D"
"qmake6","","","","0","0","0","0","0","0","False","False","False","0.00001997","D"
"libkscreen","","https://invent.kde.org/plasma/libkscreen","","7319","1","0","0","2071","19887","False","True","False","0.00001996","D"
"libdex","","https://gitlab.gnome.org/gnome/libdex.git","","250","0","0","8","225","517","False","True","False","0.00001981","D"
"sg3-utils","","","","3104","30","29","32","32","15399","False","True","False","0.00001978","D"
"libplasma","","https://invent.kde.org/plasma/libplasma","","5067","2","4","4","2700","22626","False","True","False","0.00001975","D"
"gtkmm3.0","","","","7479","4108","2619","2122","5441","23109","False","True","False","0.00001975","D"
"libksieve","","https://invent.kde.org/pim/libksieve","","7908","0","0","0","146","15670","False","True","False","0.00001970","D"
"mailcommon","","https://invent.kde.org/pim/mailcommon","","7881","0","0","0","142","15620","False","True","False","0.00001964","D"
"ktnef","","https://invent.kde.org/pim/ktnef","","7870","0","0","0","142","15599","False","True","False","0.00001961","D"
"uhttpmock0","","https://gitlab.freedesktop.org/pwithnall/uhttpmock.git","","18","25","19","19","15","14","False","True","False","0.00001961","D"
"gir1.2-gdata-0.0","","","","0","0","0","0","0","0","False","False","False","0.00001956","D"
"openssh-sftp-server","","","","0","0","0","0","0","0","False","False","False","0.00001951","D"
"dns-root-data","","","","0","0","0","0","0","0","False","False","False","0.00001948","D"
"mailimporter","","https://invent.kde.org/pim/mailimporter","","7881","0","0","0","142","15620","False","True","False","0.00001946","D"
"qt6-serialport","","","","6748","0","446","835","4579","21133","False","True","False","0.00001931","D"
"kdsoap","","","","3851","13","16","12","15","19201","False","True","False","0.00001927","D"
"gir1.2-gdm-1.0","","","","0","0","0","0","0","0","False","False","False","0.00001920","D"
"libz-mingw-w64","","","","7314","651","2824","5102","12731","15263","False","True","False","0.00001907","D"
"kpackagetool5","","","","0","0","0","0","0","0","False","False","False","0.00001896","D"
"libjsoncpp","open-source-parsers/jsoncpp","https://github.com/open-source-parsers/jsoncpp.git","","5612","2178","2054","2059","4134","17636","False","True","True","0.00001872","D"
"gir1.2-gnomeautoar-0.1","","","","0","0","0","0","0","0","False","False","False","0.00001867","D"
"gir1.2-gnomeautoargtk-0.1","","","","0","0","0","0","0","0","False","False","False","0.00001867","D"
"egl-wayland","NVIDIA/egl-wayland","https://github.com/nvidia/egl-wayland.git","","6957","957","6059","7224","9406","11143","False","True","False","0.00001864","D"
"lua-expat","lunarmodules/luaexpat","https://github.com/lunarmodules/luaexpat.git","","69","89","68","69","62","57","False","True","False","0.00001861","D"
"lua-bitop","","","","56","74","61","57","46","44","False","True","False","0.00001858","D"
"gir1.2-ical-3.0","","","","0","0","0","0","0","0","False","False","False","0.00001849","D"
"lua-socket","","","","0","0","0","0","0","0","False","False","False","0.00001844","D"
"lua-json","","","","0","0","0","0","0","0","False","False","False","0.00001844","D"
"libphonenumber8t64-protobuf32","","","","0","0","0","0","0","0","False","False","False","0.00001825","D"
"gdal","","","","7047","3970","4832","5307","6396","14730","False","True","False","0.00001793","D"
"gir1.2-goa-1.0","","","","0","0","0","0","0","0","False","False","False","0.00001786","D"
"libb64","","","","4768","928","1513","1687","4747","14966","False","True","False","0.00001784","D"
"gir1.2-gupnp-av-1.0","","","","0","0","0","0","0","0","False","False","False","0.00001778","D"
"gir1.2-gl-1.0","","","","0","0","0","0","0","0","False","False","False","0.00001773","D"
"xserver-common","","","","0","0","0","0","0","0","False","False","False","0.00001770","D"
"gir1.2-xmlb-2.0","","","","0","0","0","0","0","0","False","False","False","0.00001756","D"
"gnome-panel","","","","6698","7006","6587","7081","6609","6207","False","True","False","0.00001728","D"
"gir1.2-gxps-0.1","","","","0","0","0","0","0","0","False","False","False","0.00001725","D"
"spamassassin","","","","5834","6849","6177","5923","5220","5003","False","True","False","0.00001717","D"
"qttools5-dev-tools","","","","0","0","0","0","0","0","False","False","False","0.00001702","D"
"gir1.2-gupnpigd-1.6","","","","0","0","0","0","0","0","False","False","False","0.00001694","D"
"gir1.2-grilo-0.3","","","","0","0","0","0","0","0","False","False","False","0.00001690","D"
"libotf","","","","5965","363","2003","3950","10796","12717","False","True","False","0.00001689","D"
"gir1.2-gdk-4.0-dev","","","","0","0","0","0","0","0","False","False","False","0.00001689","D"
"gir1.2-keybinder-3.0","","","","0","0","0","0","0","0","False","False","False","0.00001683","D"
"librelp","","","","1053","1173","1137","1055","968","935","False","True","False","0.00001650","D"
"gfortran-14","","","","0","0","0","0","0","0","False","False","False","0.00001649","D"
"debhelper","","","","0","0","0","0","0","0","False","False","False","0.00001640","D"
"libpython3-dev","","","","0","0","0","0","0","0","False","False","False","0.00001609","D"
"python3-dev","","","","0","0","0","0","0","0","False","False","False","0.00001600","D"
"libboost-python1.83.0-py313","","","","0","0","0","0","0","0","False","False","False","0.00001600","D"
"gir1.2-caja-2.0","","","","0","0","0","0","0","0","False","False","False","0.00001599","D"
"pinentry-gnome3","","","","0","0","0","0","0","0","False","False","False","0.00001597","D"
"gir1.2-graphene-1.0-dev","","","","0","0","0","0","0","0","False","False","False","0.00001579","D"
"libcommon-sense-perl","","","","0","0","0","0","0","0","False","False","False","0.00001568","D"
"libtypes-serialiser-perl","","","","0","0","0","0","0","0","False","False","False","0.00001568","D"
"gir1.2-nma4-1.0","","","","0","0","0","0","0","0","False","False","False","0.00001566","D"
"protobuf-api-32-0","","","","0","0","0","0","0","0","False","False","False","0.00001562","D"
"bubblewrap","","","","0","0","0","0","0","0","False","False","False","0.00001550","D"
"libdbd-sqlite3-perl","","","","0","0","0","0","0","0","False","False","False","0.00001544","D"
"libcgi-pm-perl","","","","0","0","0","0","0","0","False","False","False","0.00001544","D"
"libmediawiki-api-perl","","","","0","0","0","0","0","0","False","False","False","0.00001544","D"
"libyaml-perl","","","","0","0","0","0","0","0","False","False","False","0.00001544","D"
"liblwp-protocol-https-perl","","","","0","0","0","0","0","0","False","False","False","0.00001544","D"
"liberror-perl","","","","0","0","0","0","0","0","False","False","False","0.00001544","D"
"cvsps","","","","0","0","0","0","0","0","False","False","False","0.00001544","D"
"libdatetime-format-iso8601-perl","","","","0","0","0","0","0","0","False","False","False","0.00001544","D"
"libterm-readkey-perl","","","","0","0","0","0","0","0","False","False","False","0.00001544","D"
"recode","rrthomas/recode","https://github.com/rrthomas/recode.git","","1588","265","213","210","1432","5821","False","True","False","0.00001540","D"
"gir1.2-gcr-4","","","","0","0","0","0","0","0","False","False","False","0.00001516","D"
"miniupnpc","","","","3653","603","515","508","3453","13189","False","True","False","0.00001513","D"
"gir1.2-wnck-3.0","","","","0","0","0","0","0","0","False","False","False","0.00001503","D"
"libtlsrpt","sys4/libtlsrpt","https://github.com/sys4/libtlsrpt.git","","4657","0","0","0","0","4657","False","True","False","0.00001476","D"
"libmodbus","","","","5523","2337","3344","4308","8030","9597","False","True","False","0.00001474","D"
"libkpim6mime6-24.12","","","","0","0","0","0","0","0","False","False","False","0.00001472","D"
"gir1.2-handy-1","","","","0","0","0","0","0","0","False","False","False","0.00001453","D"
"czmq","","","","115","124","117","104","116","116","False","True","False","0.00001422","D"
"gir1.2-accounts-1.0","","","","0","0","0","0","0","0","False","False","False","0.00001420","D"
"libsidplayfp","libsidplayfp/libsidplayfp","https://github.com/libsidplayfp/libsidplayfp.git","","5649","324","1436","4546","10264","11679","False","True","False","0.00001416","D"
"gir1.2-libxfce4ui-2.0","","","","0","0","0","0","0","0","False","False","False","0.00001410","D"
"libxfce4ui-common","","","","0","0","0","0","0","0","False","False","False","0.00001410","D"
"dbconfig-mysql","","","","0","0","0","0","0","0","False","False","False","0.00001394","D"
"dbconfig-pgsql","","","","0","0","0","0","0","0","False","False","False","0.00001394","D"
"gir1.2-colordgtk-1.0","","","","0","0","0","0","0","0","False","False","False","0.00001380","D"
"python3-dbus.mainloop.pyqt5","","","","0","0","0","0","0","0","False","False","False","0.00001369","D"
"python3-pyqt5","","","","0","0","0","0","0","0","False","False","False","0.00001369","D"
"utf8proc","JuliaStrings/utf8proc","https://github.com/juliastrings/utf8proc.git","","3246","102","111","112","3246","12662","False","True","True","0.00001365","D"
"libkpim6akonadicore6-24.12","","","","0","0","0","0","0","0","False","False","False","0.00001359","D"
"gir1.2-nma-1.0","","","","0","0","0","0","0","0","False","False","False","0.00001349","D"
"gir1.2-nm-1.0-dev","","","","0","0","0","0","0","0","False","False","False","0.00001349","D"
"libcrypto++","","","","3019","3009","3779","3202","2302","2804","False","True","False","0.00001339","D"
"accounts-qml-module","","https://gitlab.com/accounts-sso/accounts-qml-module.git","","4717","3","2","3","1746","21835","False","True","False","0.00001338","D"
"gir1.2-gsk-4.0-dev","","","","0","0","0","0","0","0","False","False","False","0.00001330","D"
"spatialite","","","","5339","2279","2151","2107","3202","16956","False","True","False","0.00001328","D"
"libluajit-5.1-common","","","","0","0","0","0","0","0","False","False","False","0.00001328","D"
"armadillo","","","","5282","2353","2237","2241","3104","16479","False","True","False","0.00001314","D"
"kpipewire","","https://invent.kde.org/plasma/kpipewire","","5124","0","5","15","2060","18416","False","True","False","0.00001305","D"
"gir1.2-gck-2","","","","0","0","0","0","0","0","False","False","False","0.00001299","D"
"tcltk-defaults","","","","5276","4439","4384","4660","5871","7027","False","True","False","0.00001291","D"
"gir1.2-json-1.0-dev","","","","0","0","0","0","0","0","False","False","False","0.00001289","D"
"gir1.2-zbar-1.0","","","","0","0","0","0","0","0","False","False","False","0.00001285","D"
"gir1.2-gweather-4.0","","","","0","0","0","0","0","0","False","False","False","0.00001276","D"
"gir1.2-poppler-0.18","","","","0","0","0","0","0","0","False","False","False","0.00001270","D"
"rust-rpm-sequoia","","","","4745","0","0","0","0","4745","False","True","False","0.00001269","D"
"libsmi","","","","4861","4749","4573","4644","4411","5931","False","True","False","0.00001265","D"
"rhash","","","","3427","70","66","72","3535","13396","False","True","False","0.00001262","D"
"gir1.2-ggit-1.0","","","","0","0","0","0","0","0","False","False","False","0.00001255","D"
"jack-audio-connection-kit","","","","2364","2452","2120","2169","2490","2592","False","True","False","0.00001255","D"
"libgpgme11-dev","","","","25","41","29","27","17","15","False","True","False","0.00001250","D"
"gir1.2-jcat-1.0","","","","0","0","0","0","0","0","False","False","False","0.00001244","D"
"gnutls-dev","","","","0","0","0","0","0","0","False","False","False","0.00001244","D"
"qt6-networkauth","","","","4750","0","38","67","831","18065","False","True","False","0.00001238","D"
"fonts-cantarell","","","","0","0","0","0","0","0","False","False","False","0.00001237","D"
"openmpi-common","","","","0","0","0","0","0","0","False","False","False","0.00001232","D"
"libjs-jquery-ui","","","","0","0","0","0","0","0","False","False","False","0.00001232","D"
"augeas-lenses","","","","0","0","0","0","0","0","False","False","False","0.00001226","D"
"libosinfo-l10n","","","","0","0","0","0","0","0","False","False","False","0.00001226","D"
"gir1.2-libosinfo-1.0","","","","0","0","0","0","0","0","False","False","False","0.00001226","D"
"libfilezilla","","","","4107","50","1206","2659","7618","9004","False","True","False","0.00001223","D"
"ruby","","","","0","0","0","0","0","0","False","False","False","0.00001212","D"
"ddcutil","","","","4061","13","21","23","1950","18298","False","True","False","0.00001205","D"
"gir1.2-gtk-4.0","","","","0","0","0","0","0","0","False","False","False","0.00001204","D"
"gir1.2-unity-7.0","","","","0","0","0","0","0","0","False","False","False","0.00001203","D"
"libunity-scopes-json-def-desktop","","","","0","0","0","0","0","0","False","False","False","0.00001203","D"
"gir1.2-gtksource-4","","","","0","0","0","0","0","0","False","False","False","0.00001189","D"
"libkpim6akonadiwidgets6-24.12","","","","0","0","0","0","0","0","False","False","False","0.00001181","D"
"kf6-breeze-icon-theme-rcc","","","","0","0","0","0","0","0","False","False","False","0.00001173","D"
"qml-module-org-kde-kirigami2","","","","0","0","0","0","0","0","False","False","False","0.00001162","D"
"rocr-runtime","ROCm/ROCR-Runtime","https://github.com/rocm/rocr-runtime.git","","2027","10","57","126","2236","7708","False","True","False","0.00001152","D"
"kwayland","","https://invent.kde.org/frameworks/kwayland","","4127","8","3","2","2109","18516","False","True","False","0.00001151","D"
"gir1.2-restextras-1.0","","","","0","0","0","0","0","0","False","False","False","0.00001142","D"
"gir1.2-rest-1.0","","","","0","0","0","0","0","0","False","False","False","0.00001142","D"
"gir1.2-gdk-3.0","","","","0","0","0","0","0","0","False","False","False","0.00001142","D"
"gir1.2-ges-1.0","","","","0","0","0","0","0","0","False","False","False","0.00001136","D"
"gir1.2-libxml2-2.0-dev","","","","0","0","0","0","0","0","False","False","False","0.00001134","D"
"xbitmaps","","","","0","0","0","0","0","0","False","False","False","0.00001131","D"
"webp-pixbuf-loader","","","","0","0","0","0","0","0","False","False","False","0.00001124","D"
"libtinysparql-doc","","","","0","0","0","0","0","0","False","False","False","0.00001122","D"
"gir1.2-tsparql-3.0","","","","0","0","0","0","0","0","False","False","False","0.00001122","D"
"cln","","","","2673","4639","2977","2664","1696","1389","False","True","False","0.00001106","D"
"baloo-widgets","","https://invent.kde.org/frameworks/baloo","","3939","2","2","2","1355","18336","False","True","False","0.00001105","D"
"gir1.2-gupnpdlna-2.0","","","","0","0","0","0","0","0","False","False","False","0.00001103","D"
"gir1.2-gupnp-1.6","","","","0","0","0","0","0","0","False","False","False","0.00001088","D"
"gir1.2-gssdp-1.6-dev","","","","0","0","0","0","0","0","False","False","False","0.00001088","D"
"llvm-toolchain-17","","","","3940","0","0","94","3691","8035","False","True","False","0.00001084","D"
"libspiro","fontforge/libspiro","https://github.com/fontforge/libspiro.git","","2303","1741","2100","2235","2546","2897","False","True","False","0.00001080","D"
"qt6-shadertools-private-abi","","","","0","0","0","0","0","0","False","False","False","0.00001063","D"
"leptonlib","","","","3515","1008","1262","1345","2886","11077","False","True","False","0.00001061","D"
"libkpim6libkdepim6-24.12","","","","0","0","0","0","0","0","False","False","False","0.00001041","D"
"rocm-hipamd","ROCm/clr","https://github.com/rocm/clr.git","","2295","0","14","50","2043","7073","False","True","False","0.00001040","D"
"libnginx-mod-http-geoip2","leev/ngx_http_geoip2_module","https://github.com/leev/ngx_http_geoip2_module.git","","3554","2064","3867","3942","3866","4031","False","True","False","0.00001029","D"
"gir1.2-gtk-2.0","","","","0","0","0","0","0","0","False","False","False","0.00001027","D"
"gtk-update-icon-cache","","","","0","0","0","0","0","0","False","False","False","0.00001027","D"
"docbook-xsl","","","","0","0","0","0","0","0","False","False","False","0.00000980","D"
"docbook-xml","","","","0","0","0","0","0","0","False","False","False","0.00000980","D"
"libtest-simple-perl","","","","0","0","0","0","0","0","False","False","False","0.00000968","D"
"libkf5filemetadata-data","","","","0","0","0","0","0","0","False","False","False","0.00000967","D"
"fonts-open-sans","","","","0","0","0","0","0","0","False","False","False","0.00000964","D"
"gir1.2-gtksource-3.0","","","","0","0","0","0","0","0","False","False","False","0.00000964","D"
"gir1.2-pangocairo-1.0","","","","0","0","0","0","0","0","False","False","False","0.00000960","D"
"redis-tools","","","","0","0","0","0","0","0","False","False","False","0.00000958","D"
"gir1.2-matemenu-2.0","","","","0","0","0","0","0","0","False","False","False","0.00000944","D"
"libopenblas0","","","","0","0","0","0","0","0","False","False","False","0.00000935","D"
"gir1.2-vte-3.91","","","","0","0","0","0","0","0","False","False","False","0.00000933","D"
"gir1.2-vte-2.91","","","","0","0","0","0","0","0","False","False","False","0.00000933","D"
"qt6-waylandclient-private-abi","","","","0","0","0","0","0","0","False","False","False","0.00000931","D"
"libkcddb","","https://invent.kde.org/multimedia/libkcddb","","3460","3224","2681","2667","3795","4936","False","True","False","0.00000917","D"
"gir1.2-gnomebluetooth-3.0","","","","0","0","0","0","0","0","False","False","False","0.00000914","D"
"gir1.2-gkbd-3.0","","","","0","0","0","0","0","0","False","False","False","0.00000913","D"
"libilmbase-dev","","","","3443","5630","4638","4090","1684","1176","False","True","False","0.00000908","D"
"ri","","","","0","0","0","0","0","0","False","False","False","0.00000901","D"
"qtwayland-compositor-abi-5-15-15","","","","0","0","0","0","0","0","False","False","False","0.00000901","D"
"ruby-dev","","","","0","0","0","0","0","0","False","False","False","0.00000901","D"
"gir1.2-cairo-1.0","","","","0","0","0","0","0","0","False","False","False","0.00000897","D"
"sendmail","","","","3203","2965","3090","3141","3320","3502","False","True","False","0.00000893","D"
"xdg-utils","","","","0","0","0","0","0","0","False","False","False","0.00000890","D"
"gir1.2-zeitgeist-2.0","","","","0","0","0","0","0","0","False","False","False","0.00000889","D"
"eigen3","","","","3568","3042","2949","3292","4012","4546","False","True","False","0.00000876","D"
"phonon4qt6","","","","0","0","0","0","0","0","False","False","False","0.00000876","D"
"qt6-designer-private-abi","","","","0","0","0","0","0","0","False","False","False","0.00000875","D"
"qt6-tools-dev-tools","","","","0","0","0","0","0","0","False","False","False","0.00000875","D"
"kdiagram","","https://invent.kde.org/graphics/kdiagram","","3181","27","28","27","143","15680","False","True","False","0.00000871","D"
"dconf-cli","","","","0","0","0","0","0","0","False","False","False","0.00000870","D"
"python3-pypdf","","","","0","0","0","0","0","0","False","False","False","0.00000868","D"
"python3-puremagic","","","","0","0","0","0","0","0","False","False","False","0.00000868","D"
"gir1.2-geocodeglib-2.0","","","","0","0","0","0","0","0","False","False","False","0.00000865","D"
"libkpim6pimcommon6-24.12","","","","0","0","0","0","0","0","False","False","False","0.00000865","D"
"gir1.2-accountsservice-1.0-dev","","","","0","0","0","0","0","0","False","False","False","0.00000857","D"
"gir1.2-adw-1-dev","","","","0","0","0","0","0","0","False","False","False","0.00000857","D"
"gir1.2-malcontent-0","","","","0","0","0","0","0","0","False","False","False","0.00000857","D"
"gir1.2-malcontentui-1","","","","0","0","0","0","0","0","False","False","False","0.00000857","D"
"libkpim6gapicore6-24.12","","","","0","0","0","0","0","0","False","False","False","0.00000854","D"
"fsverity-utils","","https://git.kernel.org/pub/scm/fs/fsverity/fsverity-utils.git","","3000","42","1143","1955","5559","6303","False","True","False","0.00000845","D"
"python3-markdown","","","","0","0","0","0","0","0","False","False","False","0.00000835","D"
"libndr6","","","","0","0","0","0","0","0","False","False","False","0.00000835","D"
"libsmbldap2","","","","0","0","0","0","0","0","False","False","False","0.00000835","D"
"python3-cryptography","","","","0","0","0","0","0","0","False","False","False","0.00000835","D"
"python3-dnspython","","","","0","0","0","0","0","0","False","False","False","0.00000835","D"
"libkpim6identitymanagementcore6-24.12","","","","0","0","0","0","0","0","False","False","False","0.00000833","D"
"yelp-xsl","","","","0","0","0","0","0","0","False","False","False","0.00000829","D"
"python3-distro","","","","0","0","0","0","0","0","False","False","False","0.00000829","D"
"libbit-vector-perl","","","","0","0","0","0","0","0","False","False","False","0.00000823","D"
"libcarp-clan-perl","","","","0","0","0","0","0","0","False","False","False","0.00000823","D"
"coinor-libcbc3.1","","","","0","0","0","0","0","0","False","False","False","0.00000823","D"
"gir1.2-xlib-2.0","","","","0","0","0","0","0","0","False","False","False","0.00000813","D"
"superlu","xiaoyeli/superlu","https://github.com/xiaoyeli/superlu.git","","2565","2676","2549","2556","2446","2598","False","True","False","0.00000809","D"
"gir1.2-edataserver-1.2-dev","","","","0","0","0","0","0","0","False","False","False","0.00000809","D"
"gir1.2-gee-0.8-dev","","","","0","0","0","0","0","0","False","False","False","0.00000809","D"
"gir1.2-telepathyglib-0.12-dev","","","","0","0","0","0","0","0","False","False","False","0.00000809","D"
"gir1.2-ebookcontacts-1.2-dev","","","","0","0","0","0","0","0","False","False","False","0.00000809","D"
"gir1.2-folks-0.7","","","","0","0","0","0","0","0","False","False","False","0.00000809","D"
"libeac3","","","","0","0","0","0","0","0","False","False","False","0.00000807","D"
"wasi-libc","","","","0","0","0","0","0","0","False","False","False","0.00000796","D"
"gir1.2-gtklayershell-0.1","","","","0","0","0","0","0","0","False","False","False","0.00000793","D"
"gir1.2-cmenu-3.0","","","","0","0","0","0","0","0","False","False","False","0.00000793","D"
"libspf2","","","","1142","937","984","1065","1391","1337","False","True","False","0.00000786","D"
"gir1.2-wp-0.5","","","","0","0","0","0","0","0","False","False","False","0.00000785","D"
"gir1.2-rda-1.0","","","","0","0","0","0","0","0","False","False","False","0.00000785","D"
"liblcms2-utils","","","","0","0","0","0","0","0","False","False","False","0.00000783","D"
"gir1.2-gtkspell3-3.0","","","","0","0","0","0","0","0","False","False","False","0.00000781","D"
"libcurl-dev","","","","0","0","0","0","0","0","False","False","False","0.00000780","D"
"gir1.2-ostree-1.0","","","","0","0","0","0","0","0","False","False","False","0.00000780","D"
"gir1.2-gegl-0.4","","","","0","0","0","0","0","0","False","False","False","0.00000779","D"
"phonon4qt6-backend-null","","","","0","0","0","0","0","0","False","False","False","0.00000776","D"
"phonon4qt5-backend-null","","","","0","0","0","0","0","0","False","False","False","0.00000776","D"
"libmongocrypt","mongodb/libmongocrypt","https://github.com/mongodb/libmongocrypt.git","","2098","705","1347","1526","3152","3761","False","True","False","0.00000776","D"
"libphonon-l10n","","","","0","0","0","0","0","0","False","False","False","0.00000776","D"
"cl-cffi","","","","0","0","0","0","0","0","False","False","False","0.00000758","D"
"assimp","","","","2928","2110","2634","2899","3546","3454","False","True","False","0.00000754","D"
"coinor-cbc","coin-or/cbc","https://github.com/coin-or/cbc.git","","239","222","180","213","291","292","False","True","False","0.00000753","D"
"libkuserfeedback-l10n","","","","0","0","0","0","0","0","False","False","False","0.00000752","D"
"gir1.2-appstreamglib-1.0","","","","0","0","0","0","0","0","False","False","False","0.00000747","D"
"rocm-compilersupport","ROCm/ROCm-CompilerSupport","https://github.com/rocm/rocm-compilersupport.git","","2329","0","11","52","2063","7192","False","True","False","0.00000743","D"
"mpich","","","","940","954","845","830","883","1190","False","True","False","0.00000741","D"
"brasero-common","","","","0","0","0","0","0","0","False","False","False","0.00000736","D"
"gir1.2-brasero-3.1","","","","0","0","0","0","0","0","False","False","False","0.00000736","D"
"lldb-19","","","","0","0","0","0","0","0","False","False","False","0.00000735","D"
"lld-19","","","","0","0","0","0","0","0","False","False","False","0.00000735","D"
"libomp5-19","","","","0","0","0","0","0","0","False","False","False","0.00000735","D"
"libmime-charset-perl","","","","0","0","0","0","0","0","False","False","False","0.00000730","D"
"tcl","","","","0","0","0","0","0","0","False","False","False","0.00000730","D"
"lib2geom","","https://gitlab.com/inkscape/lib2geom.git","","2308","0","14","16","23","9179","False","True","False","0.00000719","D"
"qt6-charts","","","","1226","0","24","191","992","3698","False","True","False","0.00000707","D"
"libre2-11-absl20240722","","","","0","0","0","0","0","0","False","False","False","0.00000703","D"
"gir1.2-garcon-1.0","","","","0","0","0","0","0","0","False","False","False","0.00000703","D"
"gir1.2-garcongtk-1.0","","","","0","0","0","0","0","0","False","False","False","0.00000703","D"
"libwww-perl","","","","0","0","0","0","0","0","False","False","False","0.00000700","D"
"qt6-quick3d","","","","2014","0","429","918","3017","3692","False","True","False","0.00000697","D"
"gnome-bluetooth-3-common","","","","0","0","0","0","0","0","False","False","False","0.00000696","D"
"roct-thunk-interface","ROCm/ROCT-Thunk-Interface","https://github.com/rocm/roct-thunk-interface.git","","2032","14","63","131","2242","7714","False","True","False","0.00000691","D"
"cheese-common","","","","0","0","0","0","0","0","False","False","False","0.00000685","D"
"gir1.2-cheese-3.0","","","","0","0","0","0","0","0","False","False","False","0.00000685","D"
"gsettings-desktop-schemas-dev","","","","0","0","0","0","0","0","False","False","False","0.00000685","D"
"googletest","google/googletest","https://github.com/google/googletest.git","","1488","1373","1300","1259","1565","1946","False","True","False","0.00000682","D"
"timgm6mb-soundfont","","","","0","0","0","0","0","0","False","False","False","0.00000680","D"
"libsndfile-dev","","","","0","0","0","0","0","0","False","False","False","0.00000680","D"
"xvfb","","","","0","0","0","0","0","0","False","False","False","0.00000674","D"
"spice-protocol","","","","416","470","411","421","398","384","False","True","False","0.00000663","D"
"gir1.2-pangocairo-1.0-dev","","","","0","0","0","0","0","0","False","False","False","0.00000645","D"
"libgtk-4-common","","","","0","0","0","0","0","0","False","False","False","0.00000645","D"
"libcfitsio-bin","","","","0","0","0","0","0","0","False","False","False","0.00000643","D"
"cfortran","","","","0","0","0","0","0","0","False","False","False","0.00000643","D"
"gir1.2-caribou-1.0","","","","0","0","0","0","0","0","False","False","False","0.00000639","D"
"liblcms-dev","","","","0","0","0","0","0","0","False","False","False","0.00000638","D"
"gir1.2-gtksource-300","","","","0","0","0","0","0","0","False","False","False","0.00000634","D"
"kpackagetool6","","","","0","0","0","0","0","0","False","False","False","0.00000621","D"
"gir1.2-tepl-6","","","","0","0","0","0","0","0","False","False","False","0.00000616","D"
"kdoctools6","","","","0","0","0","0","0","0","False","False","False","0.00000611","D"
"gir1.2-gtksource-5","","","","0","0","0","0","0","0","False","False","False","0.00000608","D"
"heif-gdk-pixbuf","","","","0","0","0","0","0","0","False","False","False","0.00000608","D"
"heif-thumbnailer","","","","0","0","0","0","0","0","False","False","False","0.00000608","D"
"gnome-desktop3-data","","","","0","0","0","0","0","0","False","False","False","0.00000598","D"
"libkpim6calendarutils6-24.12","","","","0","0","0","0","0","0","False","False","False","0.00000594","D"
"python3-gi-cairo","","","","0","0","0","0","0","0","False","False","False","0.00000585","D"
"pipewire-jack","","","","0","0","0","0","0","0","False","False","False","0.00000585","D"
"python3-lxml","","","","0","0","0","0","0","0","False","False","False","0.00000585","D"
"pipewire-alsa","","","","0","0","0","0","0","0","False","False","False","0.00000585","D"
"gir1.2-rb-3.0","","","","0","0","0","0","0","0","False","False","False","0.00000584","D"
"libkpim6akonadicontactcore6-24.12","","","","0","0","0","0","0","0","False","False","False","0.00000582","D"
"gir1.2-champlain-0.12","","","","0","0","0","0","0","0","False","False","False","0.00000581","D"
"gir1.2-gtkchamplain-0.12","","","","0","0","0","0","0","0","False","False","False","0.00000581","D"
"ziptool","","","","0","0","0","0","0","0","False","False","False","0.00000578","D"
"gir1.2-gnomedesktop-4.0","","","","0","0","0","0","0","0","False","False","False","0.00000577","D"
"gir1.2-gnomebg-4.0","","","","0","0","0","0","0","0","False","False","False","0.00000577","D"
"libixion","","https://gitlab.com/ixion/ixion.git","","99","26","27","25","66","353","False","True","False","0.00000572","D"
"gir1.2-libvirt-glib-1.0","","","","0","0","0","0","0","0","False","False","False","0.00000570","D"
"libkf6filemetadata-data","","","","0","0","0","0","0","0","False","False","False","0.00000562","D"
"hesiod","","","","742","976","862","851","661","363","False","True","False","0.00000561","D"
"tcl8.6-dev","","","","0","0","0","0","0","0","False","False","False","0.00000549","D"
"libopenraw","","","","638","764","693","724","596","414","False","True","False","0.00000547","D"
"aisleriot","","","","0","0","0","0","0","0","False","False","False","0.00000546","D"
"gnome-2048","","","","0","0","0","0","0","0","False","False","False","0.00000546","D"
"gnome-taquin","","","","0","0","0","0","0","0","False","False","False","0.00000546","D"
"tali","","","","0","0","0","0","0","0","False","False","False","0.00000546","D"
"gnome-robots","","","","0","0","0","0","0","0","False","False","False","0.00000546","D"
"swell-foop","","","","0","0","0","0","0","0","False","False","False","0.00000546","D"
"gnome-nibbles","","","","0","0","0","0","0","0","False","False","False","0.00000546","D"
"gnome-chess","","","","0","0","0","0","0","0","False","False","False","0.00000546","D"
"iagno","","","","0","0","0","0","0","0","False","False","False","0.00000546","D"
"lightsoff","","","","0","0","0","0","0","0","False","False","False","0.00000546","D"
"four-in-a-row","","","","0","0","0","0","0","0","False","False","False","0.00000546","D"
"gnome-mahjongg","","","","0","0","0","0","0","0","False","False","False","0.00000546","D"
"quadrapassel","","","","0","0","0","0","0","0","False","False","False","0.00000546","D"
"gnome-tetravex","","","","0","0","0","0","0","0","False","False","False","0.00000546","D"
"gnome-mines","","","","0","0","0","0","0","0","False","False","False","0.00000546","D"
"gnome-klotski","","","","0","0","0","0","0","0","False","False","False","0.00000546","D"
"gnome-sudoku","","","","0","0","0","0","0","0","False","False","False","0.00000546","D"
"five-or-more","","","","0","0","0","0","0","0","False","False","False","0.00000546","D"
"xfsprogs","","","","388","369","371","397","396","408","False","True","False","0.00000541","D"
"libkpimgapicore5-22.12","","","","0","0","0","0","0","0","False","False","False","0.00000537","D"
"vtk9","","","","1051","25","62","73","1073","4023","False","True","False","0.00000535","D"
"libgegl-common","","","","0","0","0","0","0","0","False","False","False","0.00000521","D"
"gir1.2-babl-0.1-dev","","","","0","0","0","0","0","0","False","False","False","0.00000521","D"
"gir1.2-gtk-vnc-2.0","","","","0","0","0","0","0","0","False","False","False","0.00000510","D"
"libnginx-mod-http-headers-more-filter","openresty/headers-more-nginx-module","https://github.com/openresty/headers-more-nginx-module.git","","1391","1239","1377","1367","1488","1484","False","True","False","0.00000503","D"
"libkpim6akonadicontactwidgets6-24.12","","","","0","0","0","0","0","0","False","False","False","0.00000503","D"
"gnome-desktop-testing","","","","0","0","0","0","0","0","False","False","False","0.00000500","D"
"locales-all","","","","0","0","0","0","0","0","False","False","False","0.00000500","D"
"tex-common","","","","0","0","0","0","0","0","False","False","False","0.00000497","D"
"libnginx-mod-http-fancyindex","aperezdc/ngx-fancyindex","https://github.com/aperezdc/ngx-fancyindex.git","","1365","1236","1364","1356","1462","1407","False","True","False","0.00000497","D"
"libnginx-mod-http-lua","openresty/lua-nginx-module","https://github.com/openresty/lua-nginx-module.git","","1357","1266","1396","1362","1415","1350","False","True","False","0.00000495","D"
"libgepub","","","","411","0","155","291","559","642","False","True","False","0.00000492","D"
"libkpim6akonadimime6-24.12","","","","0","0","0","0","0","0","False","False","False","0.00000490","D"
"node-undici","nodejs/llhttp","https://github.com/nodejs/llhttp.git","","28","0","0","0","46","11","False","True","True","0.00000489","D"
"gir1.2-flatpak-1.0","","","","0","0","0","0","0","0","False","False","False","0.00000487","D"
"gir1.2-gfls-1","","","","0","0","0","0","0","0","False","False","False","0.00000485","D"
"node-minimatch","","","","0","0","0","0","0","0","False","False","False","0.00000482","D"
"node-acorn","","","","0","0","0","0","0","0","False","False","False","0.00000482","D"
"node-corepack","","","","0","0","0","0","0","0","False","False","False","0.00000482","D"
"node-cjs-module-lexer","","","","0","0","0","0","0","0","False","False","False","0.00000482","D"
"libkpim6mailtransport6-24.12","","","","0","0","0","0","0","0","False","False","False","0.00000481","D"
"libnginx-mod-http-cache-purge","FRiCKLE/ngx_cache_purge","https://github.com/frickle/ngx_cache_purge.git","","1291","1201","1309","1295","1357","1295","False","True","False","0.00000479","D"
"tinycdb","","","","537","570","510","552","521","532","False","True","False","0.00000475","D"
"libnginx-mod-http-uploadprogress","masterzen/nginx-upload-progress-module","https://github.com/masterzen/nginx-upload-progress-module.git","","1240","1152","1254","1242","1304","1252","False","True","False","0.00000466","D"
"libnginx-mod-nchan","slact/nchan","https://github.com/slact/nchan.git","","1228","1141","1241","1230","1289","1241","False","True","False","0.00000463","D"
"libkpim6akonadiagentbase6-24.12","","","","0","0","0","0","0","0","False","False","False","0.00000458","D"
"tecla","","","","0","0","0","0","0","0","False","False","False","0.00000455","D"
"qt6-waylandcompositor-private-abi","","","","0","0","0","0","0","0","False","False","False","0.00000454","D"
"qt6-wayland-dev-tools","","","","0","0","0","0","0","0","False","False","False","0.00000454","D"
"gir1.2-matepanelapplet-4.0","","","","0","0","0","0","0","0","False","False","False","0.00000451","D"
"gir1.2-spelling-1","","","","0","0","0","0","0","0","False","False","False","0.00000450","D"
"system-tools-backends","","","","0","0","0","0","0","0","False","False","False","0.00000449","D"
"debconf-kde-data","","","","0","0","0","0","0","0","False","False","False","0.00000448","D"
"python3-prettytable","","","","0","0","0","0","0","0","False","False","False","0.00000447","D"
"python3-jwt","","","","0","0","0","0","0","0","False","False","False","0.00000447","D"
"python3-requests","","","","0","0","0","0","0","0","False","False","False","0.00000447","D"
"gir1.2-snapd-2","","","","0","0","0","0","0","0","False","False","False","0.00000446","D"
"btrfs-progs","","","","1296","758","1255","1328","1393","1748","False","True","False","0.00000445","D"
"gir1.2-nemo-3.0","","","","0","0","0","0","0","0","False","False","False","0.00000431","D"
"libnginx-mod-http-ndk","simpl/ngx_devel_kit","https://github.com/simpl/ngx_devel_kit.git","","1409","1273","1406","1389","1498","1482","False","True","False","0.00000426","D"
"libkpim6pimcommonakonadi6-24.12","","","","0","0","0","0","0","0","False","False","False","0.00000423","D"
"gir1.2-msg-1","","","","0","0","0","0","0","0","False","False","False","0.00000423","D"
"gir1.2-goa-1.0-dev","","","","0","0","0","0","0","0","False","False","False","0.00000423","D"
"libkpim6akonadicalendar6-24.12","","","","0","0","0","0","0","0","False","False","False","0.00000421","D"
"par2","","","","0","0","0","0","0","0","False","False","False","0.00000421","D"
"libkf6userfeedback-data","","","","0","0","0","0","0","0","False","False","False","0.00000409","D"
"squashfs-tools","","","","0","0","0","0","0","0","False","False","False","0.00000399","D"
"gir1.2-shumate-1.0","","","","0","0","0","0","0","0","False","False","False","0.00000396","D"
"gir1.2-gdesktopenums-3.0","","","","0","0","0","0","0","0","False","False","False","0.00000391","D"
"pipewire-audio","","","","0","0","0","0","0","0","False","False","False","0.00000384","D"
"libkpim6akonadiprivate6-24.12","","","","0","0","0","0","0","0","False","False","False","0.00000381","D"
"gir1.2-fwupd-2.0","","","","0","0","0","0","0","0","False","False","False","0.00000381","D"
"libkpim6kontactinterface6-24.12","","","","0","0","0","0","0","0","False","False","False","0.00000380","D"
"libsoup2.4-common","","","","0","0","0","0","0","0","False","False","False","0.00000379","D"
"gir1.2-soup-2.4","","","","0","0","0","0","0","0","False","False","False","0.00000379","D"
"xdg-desktop-portal-gnome","","","","0","0","0","0","0","0","False","False","False","0.00000370","D"
"gir1.2-gnomedesktop-3.0","","","","0","0","0","0","0","0","False","False","False","0.00000360","D"
"gir1.2-gnomerr-4.0","","","","0","0","0","0","0","0","False","False","False","0.00000360","D"
"gir1.2-gdesktopenums-3.0-dev","","","","0","0","0","0","0","0","False","False","False","0.00000360","D"
"ruby-webrick","","","","0","0","0","0","0","0","False","False","False","0.00000354","D"
"ruby-csv","","","","0","0","0","0","0","0","False","False","False","0.00000354","D"
"rake","","","","0","0","0","0","0","0","False","False","False","0.00000354","D"
"ruby-xmlrpc","","","","0","0","0","0","0","0","False","False","False","0.00000354","D"
"ruby-net-telnet","","","","0","0","0","0","0","0","False","False","False","0.00000354","D"
"ruby-did-you-mean","","","","0","0","0","0","0","0","False","False","False","0.00000354","D"
"libkpim6grantleetheme6-24.12","","","","0","0","0","0","0","0","False","False","False","0.00000354","D"
"ruby-ruby2-keywords","","","","0","0","0","0","0","0","False","False","False","0.00000354","D"
"gstreamer1.0-gtk3","","","","0","0","0","0","0","0","False","False","False","0.00000348","D"
"gir1.2-totemplparser-1.0-dev","","","","0","0","0","0","0","0","False","False","False","0.00000348","D"
"python3-xdg","","","","0","0","0","0","0","0","False","False","False","0.00000348","D"
"gir1.2-xdp-1.0","","","","0","0","0","0","0","0","False","False","False","0.00000341","D"
"gir1.2-xdpgtk3-1.0","","","","0","0","0","0","0","0","False","False","False","0.00000341","D"
"gir1.2-amtk-5","","","","0","0","0","0","0","0","False","False","False","0.00000341","D"
"gir1.2-xdpgtk4-1.0","","","","0","0","0","0","0","0","False","False","False","0.00000341","D"
"vpnc-scripts","","","","0","0","0","0","0","0","False","False","False","0.00000340","D"
"uil","","","","0","0","0","0","0","0","False","False","False","0.00000336","D"
"xfce4-settings","","","","0","0","0","0","0","0","False","False","False","0.00000330","D"
"qml6-module-org-kde-kaccounts","","","","0","0","0","0","0","0","False","False","False","0.00000326","D"
"intltool","","","","0","0","0","0","0","0","False","False","False","0.00000326","D"
"gfortran","","","","0","0","0","0","0","0","False","False","False","0.00000312","D"
"coinutils","coin-or/CoinUtils","https://github.com/coin-or/coinutils.git","","258","222","196","229","321","323","False","True","False","0.00000312","D"
"libkpim6ldapcore6-24.12","","","","0","0","0","0","0","0","False","False","False","0.00000310","D"
"baloo6","","","","0","0","0","0","0","0","False","False","False","0.00000307","D"
"libqscintilla2-qt6-l10n","","","","0","0","0","0","0","0","False","False","False","0.00000300","D"
"pyqt5-dev","","","","0","0","0","0","0","0","False","False","False","0.00000300","D"
"wpewebkit","","","","98","0","0","1","66","229","False","True","False","0.00000300","D"
"pyqt6-dev","","","","0","0","0","0","0","0","False","False","False","0.00000300","D"
"gir1.2-appstreamcompose-1.0","","","","0","0","0","0","0","0","False","False","False","0.00000292","D"
"aglfn","","","","0","0","0","0","0","0","False","False","False","0.00000292","D"
"gir1.2-appstream-1.0","","","","0","0","0","0","0","0","False","False","False","0.00000292","D"
"qt6-positioning-private-abi","","","","0","0","0","0","0","0","False","False","False","0.00000292","D"
"gir1.2-dmap-4.0","","","","0","0","0","0","0","0","False","False","False","0.00000283","D"
"gir1.2-gst-1.0-dev","","","","0","0","0","0","0","0","False","False","False","0.00000283","D"
"libjs-bootstrap5","","","","0","0","0","0","0","0","False","False","False","0.00000281","D"
"libjs-underscore","","","","0","0","0","0","0","0","False","False","False","0.00000280","D"
"gir1.2-atrildocument-1.5.0","","","","0","0","0","0","0","0","False","False","False","0.00000279","D"
"gir1.2-atrilview-1.5.0","","","","0","0","0","0","0","0","False","False","False","0.00000279","D"
"libjs-mathjax","","","","0","0","0","0","0","0","False","False","False","0.00000279","D"
"gir1.2-gst-plugins-bad-1.0","","","","0","0","0","0","0","0","False","False","False","0.00000276","D"
"xapps-common","","","","0","0","0","0","0","0","False","False","False","0.00000274","D"
"gir1.2-xapp-1.0","","","","0","0","0","0","0","0","False","False","False","0.00000274","D"
"draco","google/draco","https://github.com/google/draco.git","","596","2","98","179","656","2049","False","True","True","0.00000273","D"
"gir1.2-camel-1.2","","","","0","0","0","0","0","0","False","False","False","0.00000263","D"
"gir1.2-edataserverui-1.2","","","","0","0","0","0","0","0","False","False","False","0.00000263","D"
"gir1.2-ebook-1.2","","","","0","0","0","0","0","0","False","False","False","0.00000263","D"
"gir1.2-edataserverui4-1.0","","","","0","0","0","0","0","0","False","False","False","0.00000263","D"
"gir1.2-ebackend-1.2","","","","0","0","0","0","0","0","False","False","False","0.00000263","D"
"gir1.2-ecal-2.0","","","","0","0","0","0","0","0","False","False","False","0.00000263","D"
"gir1.2-edatabook-1.2","","","","0","0","0","0","0","0","False","False","False","0.00000263","D"
"evolution-data-server-common","","","","0","0","0","0","0","0","False","False","False","0.00000263","D"
"gir1.2-ebookcontacts-1.2","","","","0","0","0","0","0","0","False","False","False","0.00000263","D"
"gir1.2-edatacal-2.0","","","","0","0","0","0","0","0","False","False","False","0.00000263","D"
"gir1.2-edataserver-1.2","","","","0","0","0","0","0","0","False","False","False","0.00000263","D"
"coinor-osi","coin-or/Osi","https://github.com/coin-or/osi.git","","252","209","189","224","320","321","False","True","False","0.00000258","D"
"libreoffice-uiconfig-calc","","","","0","0","0","0","0","0","False","False","False","0.00000257","D"
"libreoffice-uiconfig-draw","","","","0","0","0","0","0","0","False","False","False","0.00000257","D"
"fonts-opensymbol","","","","0","0","0","0","0","0","False","False","False","0.00000257","D"
"libreoffice-base-core","","","","0","0","0","0","0","0","False","False","False","0.00000257","D"
"junit4","","","","0","0","0","0","0","0","False","False","False","0.00000257","D"
"libreoffice-uiconfig-writer","","","","0","0","0","0","0","0","False","False","False","0.00000257","D"
"libreoffice-base-drivers","","","","0","0","0","0","0","0","False","False","False","0.00000257","D"
"libreoffice-uiconfig-base","","","","0","0","0","0","0","0","False","False","False","0.00000257","D"
"liblibreoffice-java","","","","0","0","0","0","0","0","False","False","False","0.00000257","D"
"libreoffice-uiconfig-impress","","","","0","0","0","0","0","0","False","False","False","0.00000257","D"
"libreoffice-common","","","","0","0","0","0","0","0","False","False","False","0.00000257","D"
"gir1.2-lokdocview-0.1","","","","0","0","0","0","0","0","False","False","False","0.00000257","D"
"liblibreofficekitgtk","","","","0","0","0","0","0","0","False","False","False","0.00000257","D"
"qemu-system-mips","","","","0","0","0","0","0","0","False","False","False","0.00000256","D"
"qemu-system-misc","","","","0","0","0","0","0","0","False","False","False","0.00000256","D"
"qemu-system-ppc","","","","0","0","0","0","0","0","False","False","False","0.00000256","D"
"qemu-system-arm","","","","0","0","0","0","0","0","False","False","False","0.00000256","D"
"qemu-system-sparc","","","","0","0","0","0","0","0","False","False","False","0.00000256","D"
"gir1.2-gladeui-2.0","","","","0","0","0","0","0","0","False","False","False","0.00000256","D"
"qemu-system-x86","","","","0","0","0","0","0","0","False","False","False","0.00000256","D"
"qemu-system-s390x","","","","0","0","0","0","0","0","False","False","False","0.00000256","D"
"qemu-system-riscv","","","","0","0","0","0","0","0","False","False","False","0.00000256","D"
"libfm-data","","","","0","0","0","0","0","0","False","False","False","0.00000255","D"
"libfm-gtk-data","","","","0","0","0","0","0","0","False","False","False","0.00000255","D"
"lxmenu-data","","","","0","0","0","0","0","0","False","False","False","0.00000255","D"
"qt6-quick3d-private-abi","","","","0","0","0","0","0","0","False","False","False","0.00000251","D"
"gir1.2-panel-1","","","","0","0","0","0","0","0","False","False","False","0.00000250","D"
"akonadi-backend-sqlite","","","","0","0","0","0","0","0","False","False","False","0.00000249","D"
"libkpim6akonadixml6-24.12","","","","0","0","0","0","0","0","False","False","False","0.00000249","D"
"openxr-sdk-source","KhronosGroup/OpenXR-SDK-Source","https://github.com/khronosgroup/openxr-sdk-source.git","","837","91","111","151","642","3193","False","True","False","0.00000246","D"
"gir1.2-dex-1","","","","0","0","0","0","0","0","False","False","False","0.00000243","D"
"clp","","","","247","204","183","218","316","317","False","True","False","0.00000241","D"
"m17n-db","","","","0","0","0","0","0","0","False","False","False","0.00000240","D"
"libgtk-4-media-gstreamer","","","","0","0","0","0","0","0","False","False","False","0.00000238","D"
"desktop-base","","","","0","0","0","0","0","0","False","False","False","0.00000238","D"
"libkpim6textedit6-24.12","","","","0","0","0","0","0","0","False","False","False","0.00000237","D"
"gir1.2-matekbd-1.0","","","","0","0","0","0","0","0","False","False","False","0.00000235","D"
"xdg-dbus-proxy","","","","0","0","0","0","0","0","False","False","False","0.00000234","D"
"libkpim6messageviewer6-24.12","","","","0","0","0","0","0","0","False","False","False","0.00000231","D"
"gir1.2-webkit-6.0","","","","0","0","0","0","0","0","False","False","False","0.00000227","D"
"gir1.2-javascriptcoregtk-6.0","","","","0","0","0","0","0","0","False","False","False","0.00000227","D"
"gir1.2-webkit2-4.1","","","","0","0","0","0","0","0","False","False","False","0.00000227","D"
"gir1.2-javascriptcoregtk-4.1","","","","0","0","0","0","0","0","False","False","False","0.00000227","D"
"libgnt","","","","472","579","573","592","455","161","False","True","False","0.00000225","D"
"libvirt-daemon-plugin-sanlock","","","","0","0","0","0","0","0","False","False","False","0.00000224","D"
"coinor-libosi1v5","","","","0","0","0","0","0","0","False","False","False","0.00000220","D"
"libkpim6akonadisearchpim6-24.12","","","","0","0","0","0","0","0","False","False","False","0.00000219","D"
"qml6-module-org-kde-baloo","","","","0","0","0","0","0","0","False","False","False","0.00000219","D"
"qt6-quicktimeline","","","","715","0","6","179","715","1961","False","True","False","0.00000216","D"
"gir1.2-matedesktop-2.0","","","","0","0","0","0","0","0","False","False","False","0.00000216","D"
"tesseract-ocr-eng","","","","0","0","0","0","0","0","False","False","False","0.00000207","D"
"tesseract-ocr-osd","","","","0","0","0","0","0","0","False","False","False","0.00000207","D"
"libkpim6webengineviewer6-24.12","","","","0","0","0","0","0","0","False","False","False","0.00000200","D"
"libkpim6mimetreeparser6-24.12","","","","0","0","0","0","0","0","False","False","False","0.00000200","D"
"hdf5-helpers","","","","0","0","0","0","0","0","False","False","False","0.00000200","D"
"gir1.2-spiceclientglib-2.0","","","","0","0","0","0","0","0","False","False","False","0.00000195","D"
"gir1.2-spiceclientgtk-3.0","","","","0","0","0","0","0","0","False","False","False","0.00000195","D"
"spice-client-glib-usb-acl-helper","","","","0","0","0","0","0","0","False","False","False","0.00000195","D"
"gir1.2-gstbase-1.0-dev","","","","0","0","0","0","0","0","False","False","False","0.00000195","D"
"libkpim6identitymanagementwidgets6-24.12","","","","0","0","0","0","0","0","False","False","False","0.00000193","D"
"libkpim6libkleo6-24.12","","","","0","0","0","0","0","0","False","False","False","0.00000190","D"
"libkpim6messagecore6-24.12","","","","0","0","0","0","0","0","False","False","False","0.00000190","D"
"coinor-cgl","","","","233","192","167","204","300","303","False","True","False","0.00000185","D"
"qml6-module-org-kde-desktop","","","","0","0","0","0","0","0","False","False","False","0.00000185","D"
"ktexteditor-data","","","","0","0","0","0","0","0","False","False","False","0.00000184","D"
"gir1.2-cinnamondesktop-3.0","","","","0","0","0","0","0","0","False","False","False","0.00000181","D"
"cinnamon-desktop-data","","","","0","0","0","0","0","0","False","False","False","0.00000181","D"
"gir1.2-cvc-1.0","","","","0","0","0","0","0","0","False","False","False","0.00000181","D"
"libkpim6calendarsupport6-24.12","","","","0","0","0","0","0","0","False","False","False","0.00000181","D"
"python3-cffi-backend","","","","0","0","0","0","0","0","False","False","False","0.00000177","D"
"intelrdfpmath","","","","45","5","6","23","68","125","False","True","False","0.00000176","D"
"libkpim6akonadisearchdebug6-24.12","","","","0","0","0","0","0","0","False","False","False","0.00000175","D"
"libexpat-dev","","","","0","0","0","0","0","0","False","False","False","0.00000175","D"
"xwayland","","","","0","0","0","0","0","0","False","False","False","0.00000174","D"
"gir1.2-xfixes-4.0","","","","0","0","0","0","0","0","False","False","False","0.00000174","D"
"dmz-cursor-theme","","","","0","0","0","0","0","0","False","False","False","0.00000174","D"
"libstring-escape-perl","","","","0","0","0","0","0","0","False","False","False","0.00000167","D"
"po-debconf","","","","0","0","0","0","0","0","False","False","False","0.00000165","D"
"libjs-marked","","","","0","0","0","0","0","0","False","False","False","0.00000165","D"
"qtwebengine-abi-5-15-18","","","","0","0","0","0","0","0","False","False","False","0.00000165","D"
"debhelper-compat","","","","0","0","0","0","0","0","False","False","False","0.00000165","D"
"libkpim6messagecomposer6-24.12","","","","0","0","0","0","0","0","False","False","False","0.00000161","D"
"gir1.2-libxfce4windowing-0.0","","","","0","0","0","0","0","0","False","False","False","0.00000154","D"
"libxfce4windowing-common","","","","0","0","0","0","0","0","False","False","False","0.00000154","D"
"duplicity","","","","0","0","0","0","0","0","False","False","False","0.00000154","D"
"gir1.2-libxfce4windowingui-0.0","","","","0","0","0","0","0","0","False","False","False","0.00000154","D"
"gir1.2-amtk-5-dev","","","","0","0","0","0","0","0","False","False","False","0.00000152","D"
"gir1.2-gtksource-300-dev","","","","0","0","0","0","0","0","False","False","False","0.00000152","D"
"libkpim6imap6-24.12","","","","0","0","0","0","0","0","False","False","False","0.00000151","D"
"vlc-plugin-abi-3-0-0ft64","","","","0","0","0","0","0","0","False","False","False","0.00000137","D"
"fluid-soundfont-gm","","","","0","0","0","0","0","0","False","False","False","0.00000137","D"
"fonts-freefont-ttf","","","","0","0","0","0","0","0","False","False","False","0.00000137","D"
"default-libmysqlclient-dev","","","","0","0","0","0","0","0","False","False","False","0.00000136","D"
"libkpim6mailimporter6-24.12","","","","0","0","0","0","0","0","False","False","False","0.00000135","D"
"kdeplasma-addons-data","","","","0","0","0","0","0","0","False","False","False","0.00000135","D"
"libkpim6ldapwidgets6-24.12","","","","0","0","0","0","0","0","False","False","False","0.00000133","D"
"akonadi-mime-data","","","","0","0","0","0","0","0","False","False","False","0.00000131","D"
"gir1.2-blockdev-3.0","","","","0","0","0","0","0","0","False","False","False","0.00000130","D"
"multipath-tools","","","","0","0","0","0","0","0","False","False","False","0.00000130","D"
"lvm2-dbusd","","","","0","0","0","0","0","0","False","False","False","0.00000130","D"
"libkpim6addressbookimportexport6-24.12","","","","0","0","0","0","0","0","False","False","False","0.00000126","D"
"libkpim6smtp6-24.12","","","","0","0","0","0","0","0","False","False","False","0.00000124","D"
"libkpim6pimcommonactivities6-24.12","","","","0","0","0","0","0","0","False","False","False","0.00000122","D"
"libkpim6eventviews6-24.12","","","","0","0","0","0","0","0","False","False","False","0.00000122","D"
"kimageformat6-plugins","","","","0","0","0","0","0","0","False","False","False","0.00000121","D"
"libkpim6identitymanagementquick6-24.12","","","","0","0","0","0","0","0","False","False","False","0.00000121","D"
"libkpim6mbox6-24.12","","","","0","0","0","0","0","0","False","False","False","0.00000113","D"
"libkpim6ksievecore6-24.12","","","","0","0","0","0","0","0","False","False","False","0.00000111","D"
"libkpim6templateparser6-24.12","","","","0","0","0","0","0","0","False","False","False","0.00000109","D"
"utfcpp","nemtrif/utfcpp","https://github.com/nemtrif/utfcpp.git","","393","88","118","138","736","886","False","True","False","0.00000105","D"
"wx3.2-headers","","","","0","0","0","0","0","0","False","False","False","0.00000104","D"
"gnome-flashback","","","","0","0","0","0","0","0","False","False","False","0.00000101","D"
"libkf6texteditor-data","","","","0","0","0","0","0","0","False","False","False","0.00000096","D"
"mailutils-common","","","","0","0","0","0","0","0","False","False","False","0.00000096","D"
"coinor-libcoinutils3v5","","","","0","0","0","0","0","0","False","False","False","0.00000089","D"
"esnacc","","","","19","6","5","7","21","59","False","True","False","0.00000089","D"
"lua-resty-core","","","","0","0","0","0","0","0","False","False","False","0.00000084","D"
"libkpim6gapitasks6-24.12","","","","0","0","0","0","0","0","False","False","False","0.00000084","D"
"python3-ply","","","","0","0","0","0","0","0","False","False","False","0.00000084","D"
"omniidl","","","","0","0","0","0","0","0","False","False","False","0.00000084","D"
"libkpim6incidenceeditor6-24.12","","","","0","0","0","0","0","0","False","False","False","0.00000084","D"
"libkpim6gapicalendar6-24.12","","","","0","0","0","0","0","0","False","False","False","0.00000084","D"
"libkpim6gapipeople6-24.12","","","","0","0","0","0","0","0","False","False","False","0.00000084","D"
"kio-ldap","","","","0","0","0","0","0","0","False","False","False","0.00000084","D"
"libkpim6messagelist6-24.12","","","","0","0","0","0","0","0","False","False","False","0.00000081","D"
"libkpim6mailcommon6-24.12","","","","0","0","0","0","0","0","False","False","False","0.00000081","D"
"libkf6filemetadata-bin","","","","0","0","0","0","0","0","False","False","False","0.00000078","D"
"akonadi-contacts-data","","","","0","0","0","0","0","0","False","False","False","0.00000078","D"
"libkpim6gravatar6-24.12","","","","0","0","0","0","0","0","False","False","False","0.00000078","D"
"cdrdao","","","","0","0","0","0","0","0","False","False","False","0.00000076","D"
"libkpim6akonadisearchcore6-24.12","","","","0","0","0","0","0","0","False","False","False","0.00000075","D"
"libkpim6akonadisearchxapian6-24.12","","","","0","0","0","0","0","0","False","False","False","0.00000075","D"
"sse3-support","","","","0","0","0","0","0","0","False","False","False","0.00000069","D"
"qt6-webengine-dev-tools","","","","0","0","0","0","0","0","False","False","False","0.00000069","D"
"qt6-webengine-private-abi","","","","0","0","0","0","0","0","False","False","False","0.00000069","D"
"coinor-libclp1","","","","0","0","0","0","0","0","False","False","False","0.00000068","D"
"libomp5-17t64","","","","6","0","0","0","6","6","False","False","False","0.00000063","D"
"lld-17","","","","0","0","0","0","0","0","False","False","False","0.00000062","D"
"libkpim6kmanagesieve6-24.12","","","","0","0","0","0","0","0","False","False","False","0.00000062","D"
"lldb-17","","","","0","0","0","0","0","0","False","False","False","0.00000062","D"
"libkpim6ksieve6-24.12","","","","0","0","0","0","0","0","False","False","False","0.00000062","D"
"clang-17","","","","0","0","0","0","0","0","False","False","False","0.00000062","D"
"plasma-integration","","","","0","0","0","0","0","0","False","False","False","0.00000061","D"
"oxygen-sounds","","","","0","0","0","0","0","0","False","False","False","0.00000061","D"
"sddm","","","","0","0","0","0","0","0","False","False","False","0.00000061","D"
"kactivitymanagerd","","","","0","0","0","0","0","0","False","False","False","0.00000061","D"
"breeze","","","","0","0","0","0","0","0","False","False","False","0.00000061","D"
"ocean-sound-theme","","","","0","0","0","0","0","0","False","False","False","0.00000061","D"
"qml6-module-org-kde-breeze","","","","0","0","0","0","0","0","False","False","False","0.00000061","D"
"polkit-kde-agent-1","","","","0","0","0","0","0","0","False","False","False","0.00000061","D"
"kde-cli-tools","","","","0","0","0","0","0","0","False","False","False","0.00000061","D"
"coinor-libcgl1","","","","0","0","0","0","0","0","False","False","False","0.00000052","D"
"muffin-common","","","","0","0","0","0","0","0","False","False","False","0.00000052","D"
"gir1.2-meta-muffin-0.0","","","","0","0","0","0","0","0","False","False","False","0.00000052","D"
"libkpim6tnef6-24.12","","","","0","0","0","0","0","0","False","False","False","0.00000049","D"
"libkpim6ksieveui6-24.12","","","","0","0","0","0","0","0","False","False","False","0.00000049","D"
"gir1.2-gepub-0.7","","","","0","0","0","0","0","0","False","False","False","0.00000047","D"
"gir1.2-webkit2-4.1-dev","","","","0","0","0","0","0","0","False","False","False","0.00000047","D"
"qt6-quick3d-dev-tools","","","","0","0","0","0","0","0","False","False","False","0.00000042","D"
"python3-numpy2-abi0","","","","0","0","0","0","0","0","False","False","False","0.00000030","D"
"gdal-plugins","","","","0","0","0","0","0","0","False","False","False","0.00000030","D"
"gdal-data","","","","0","0","0","0","0","0","False","False","False","0.00000030","D"
"tk-dev","","","","0","0","0","0","0","0","False","False","False","0.00000009","D"
"libvtk9-java","","","","0","0","0","0","0","0","False","False","False","0.00000009","D"
"default-jdk","","","","0","0","0","0","0","0","False","False","False","0.00000009","D"
"python3-vtk9","","","","0","0","0","0","0","0","False","False","False","0.00000009","D"
