repo,value_class,archived,pushed_at,days_since_push,is_eol,source
microsoft/tslib,A,False,2026-03-02T20:16:11Z,55,False,top-repos
babel/babel,A,False,2026-03-11T15:26:29Z,46,False,top-repos
babel/babel,A,False,2026-03-11T15:26:29Z,46,False,top-repos
vercel/ms,A,False,2026-01-16T16:27:00Z,100,False,top-repos
ljharb/es-errors,A,False,2024-03-09T00:38:43Z,779,False,top-repos
debug-js/debug,A,False,2026-01-29T16:27:54Z,87,False,top-repos
chalk/ansi-regex,A,False,2026-02-18T13:43:33Z,67,False,top-repos
npm/node-semver,A,False,2026-02-24T17:05:32Z,61,False,top-repos
raynos/function-bind,A,False,2023-10-12T19:08:08Z,927,False,top-repos
feross/safe-buffer,A,False,2023-06-03T11:06:05Z,1058,False,top-repos
definitelytyped/definitelytyped,A,False,2026-03-11T12:05:35Z,46,False,top-repos
babel/babel,A,False,2026-03-11T15:26:29Z,46,False,top-repos
nodejs/undici,A,False,2026-03-11T00:04:27Z,47,False,top-repos
chalk/chalk,A,False,2026-01-27T06:30:36Z,90,False,top-repos
chalk/strip-ansi,A,False,2026-02-26T13:51:11Z,59,False,top-repos
ljharb/call-bound,A,False,2025-03-03T17:50:00Z,419,False,top-repos
chalk/ansi-styles,A,False,2026-02-27T04:47:01Z,59,False,top-repos
colorjs/color-name,A,False,2025-11-12T16:51:27Z,165,False,top-repos
juliangruber/balanced-match,A,False,2026-03-26T08:18:58Z,32,False,top-repos
smithy-lang/smithy-typescript,A,False,2026-04-16T22:56:43Z,10,False,top-repos
juliangruber/brace-expansion,A,False,2026-04-11T13:26:33Z,15,False,top-repos
ljharb/get-intrinsic,A,False,2026-01-13T19:32:28Z,103,False,top-repos
sindresorhus/p-limit,A,False,2026-02-03T16:02:24Z,82,False,top-repos
isaacs/minipass,A,False,2026-02-19T00:34:22Z,67,False,top-repos
sindresorhus/yocto-queue,A,False,2025-11-11T06:32:12Z,167,False,top-repos
babel/babel,A,False,2026-03-11T15:26:29Z,46,False,top-repos
isaacs/minimatch,A,False,2026-02-26T19:32:06Z,59,False,top-repos
chalk/supports-color,A,False,2026-01-04T15:23:13Z,112,False,top-repos
sindresorhus/string-width,A,False,2026-02-18T16:38:40Z,67,False,top-repos
ljharb/call-bind-apply-helpers,A,False,2025-02-12T19:24:52Z,438,False,top-repos
inspect-js/hasown,A,False,2024-03-10T17:38:22Z,777,False,top-repos
nodejs/readable-stream,A,False,2025-01-07T10:06:21Z,475,False,top-repos
isaacs/node-lru-cache,A,False,2026-02-10T16:22:03Z,75,False,top-repos
sindresorhus/type-fest,A,False,2026-03-08T05:50:10Z,50,False,top-repos
sindresorhus/p-locate,A,False,2026-02-03T07:57:52Z,83,False,top-repos
jonschlinkert/kind-of,A,False,2024-06-12T12:59:53Z,683,False,top-repos
babel/babel,A,False,2026-03-11T15:26:29Z,46,False,top-repos
ljharb/gopd,A,False,2026-01-13T19:32:33Z,103,False,top-repos
trysound/postcss-value-parser,A,False,2023-03-14T12:57:05Z,1139,False,top-repos
jonschlinkert/is-number,A,False,2022-09-15T14:46:56Z,1319,False,top-repos
mozilla/source-map,A,False,2025-08-19T09:36:56Z,251,False,top-repos
inspect-js/has-symbols,A,False,2025-12-30T01:55:49Z,118,False,top-repos
sindresorhus/get-east-asian-width,A,False,2026-02-18T16:34:54Z,67,False,top-repos
sindresorhus/tagged-tag,A,False,2026-02-13T06:10:58Z,73,False,top-repos
ljharb/es-define-property,A,False,2024-12-06T18:15:59Z,506,False,top-repos
mathiasbynens/punycode.js,A,False,2024-04-18T16:14:56Z,738,False,top-repos
isaacs/inherits,A,False,2025-10-25T19:01:03Z,183,False,top-repos
isaacs/node-glob,A,False,2026-02-26T19:29:30Z,59,False,top-repos
npm/wrappy,A,False,2024-02-10T05:58:21Z,807,False,api
micromatch/to-regex-range,A,False,2024-08-01T09:45:24Z,634,False,top-repos
sindresorhus/has-flag,A,False,2021-07-19T17:30:58Z,1742,False,top-repos
isaacs/node-graceful-fs,A,False,2025-10-25T19:00:09Z,183,False,top-repos
jridgewell/sourcemaps,A,False,2026-03-29T06:03:29Z,29,False,top-repos
qix-/color-convert,A,False,2025-11-14T18:26:51Z,163,False,top-repos
jonschlinkert/is-extglob,A,False,2019-05-25T08:53:08Z,2529,False,api
babel/babel,A,False,2026-03-11T15:26:29Z,46,False,top-repos
ljharb/call-bind,A,False,2026-04-09T15:37:36Z,17,False,top-repos
alexeyraspopov/picocolors,A,False,2024-11-18T17:46:33Z,524,False,top-repos
eslint/js,A,False,2026-03-10T08:07:55Z,48,False,top-repos
jridgewell/sourcemaps,A,False,2026-03-29T06:03:29Z,29,False,top-repos
ajv-validator/ajv,A,False,2026-02-20T18:05:59Z,65,False,top-repos
estools/estraverse,A,False,2022-04-04T18:32:01Z,1483,False,top-repos
micromatch/picomatch,A,False,2025-07-15T19:38:57Z,285,False,top-repos
jestjs/jest,A,False,2026-03-10T02:01:16Z,48,False,top-repos
ljharb/es-object-atoms,A,False,2025-01-15T00:42:39Z,467,False,api
chalker/safer-buffer,A,False,2021-04-22T17:24:31Z,1830,False,top-repos
jshttp/mime-db,A,False,2026-03-02T07:47:18Z,56,False,top-repos
sindresorhus/locate-path,A,False,2025-09-15T23:17:42Z,223,False,top-repos
tapjs/signal-exit,A,False,2025-10-25T19:21:39Z,183,False,top-repos
acornjs/acorn,A,False,2026-02-26T14:38:28Z,59,False,top-repos
lydell/js-tokens,A,False,2025-12-08T21:13:41Z,139,False,top-repos
definitelytyped/definitelytyped,A,False,2026-03-11T12:05:35Z,46,False,top-repos
sindresorhus/escape-string-regexp,A,False,2025-05-06T15:42:08Z,355,False,top-repos
babel/babel,A,False,2026-03-11T15:26:29Z,46,False,top-repos
tj/commander.js,A,False,2026-03-07T02:38:09Z,51,False,top-repos
facebook/react,A,False,2026-03-11T14:05:17Z,46,False,top-repos
nodeca/argparse,A,False,2023-11-09T18:31:05Z,899,False,top-repos
micromatch/is-glob,A,False,2022-12-29T12:56:43Z,1214,False,top-repos
babel/babel,A,False,2026-03-11T15:26:29Z,46,False,top-repos
isaacs/isexe,A,False,2026-02-09T16:27:47Z,76,False,top-repos
postcss/postcss-selector-parser,A,False,2026-01-21T23:16:48Z,95,False,top-repos
ryanzim/universalify,A,False,2023-11-01T17:12:25Z,907,False,top-repos
jonschlinkert/fill-range,A,False,2024-07-26T14:46:41Z,639,False,top-repos
jonschlinkert/isobject,A,False,2024-04-09T18:23:42Z,747,False,top-repos
isaacs/once,A,False,2025-10-25T19:07:40Z,183,False,top-repos
ljharb/define-properties,A,False,2025-12-30T01:56:54Z,118,False,top-repos
sindresorhus/find-up,A,False,2025-09-16T01:16:42Z,223,False,top-repos
epoberezkin/fast-deep-equal,A,False,2023-10-05T21:22:34Z,934,False,top-repos
fb55/domelementtype,A,False,2026-03-26T06:48:09Z,32,False,top-repos
nodejs/string_decoder,A,False,2026-03-20T15:00:09Z,37,False,top-repos
inspect-js/has-tostringtag,A,False,2026-03-20T06:04:39Z,38,False,top-repos
chalk/wrap-ansi,A,False,2026-02-20T10:03:54Z,66,False,top-repos
jonschlinkert/is-plain-object,A,False,2024-03-29T03:45:01Z,759,False,top-repos
gkz/prelude-ls,A,False,2023-07-18T21:33:15Z,1013,False,top-repos
typescript-eslint/typescript-eslint,A,False,2026-03-10T08:35:03Z,48,False,top-repos
sindresorhus/shebang-regex,A,False,2021-08-13T23:09:53Z,1717,False,top-repos
fb55/entities,A,False,2026-04-17T10:35:00Z,9,False,top-repos
sindresorhus/is-stream,A,False,2024-10-28T05:10:46Z,546,False,top-repos
npm/node-which,A,False,2026-03-20T19:35:28Z,37,False,top-repos
jestjs/jest,A,False,2026-03-10T02:01:16Z,48,False,top-repos
ljharb/side-channel,A,False,2026-01-13T19:32:58Z,103,False,top-repos
browserslist/browserslist,A,False,2026-01-21T19:12:45Z,95,False,top-repos
jestjs/jest,A,False,2026-03-10T02:01:16Z,48,False,top-repos
definitelytyped/definitelytyped,A,False,2026-03-11T12:05:35Z,46,False,top-repos
pillarjs/iconv-lite,A,False,2026-03-01T14:16:39Z,56,False,top-repos
uuidjs/uuid,A,False,2026-02-26T00:07:36Z,60,False,top-repos
browserify/resolve,A,False,2026-04-13T04:29:25Z,14,False,top-repos
sindresorhus/path-key,A,False,2025-09-12T15:46:44Z,226,False,top-repos
sindresorhus/is-fullwidth-code-point,A,False,2025-08-31T07:37:06Z,239,False,top-repos
sindresorhus/resolve-from,A,False,2021-01-23T18:33:13Z,1919,False,top-repos
epoberezkin/json-schema-traverse,A,False,2021-07-26T06:52:21Z,1736,False,top-repos
babel/babel,A,False,2026-03-11T15:26:29Z,46,False,top-repos
sindresorhus/camelcase,A,False,2025-11-10T20:38:46Z,167,False,top-repos
isaacs/yallist,A,False,2024-06-19T00:55:19Z,677,False,top-repos
sindresorhus/unicorn-magic,A,False,2025-11-15T10:26:20Z,162,False,top-repos
feross/buffer,A,False,2025-10-28T00:33:50Z,181,False,top-repos
definitelytyped/definitelytyped,A,False,2026-03-11T12:05:35Z,46,False,top-repos
juliangruber/isarray,A,False,2026-03-23T11:33:35Z,34,False,top-repos
webpack/schema-utils,A,False,2026-01-23T13:27:06Z,93,False,top-repos
jshttp/mime-types,A,False,2026-03-02T07:29:21Z,56,False,top-repos
tootallnate/util-deprecate,A,False,2018-11-11T02:10:34Z,2724,False,top-repos
tootallnate/proxy-agents,A,False,2026-03-11T19:04:38Z,46,False,top-repos
blakeembrey/change-case,A,False,2025-06-17T20:12:46Z,313,False,top-repos
jridgewell/resolve-uri,A,False,2026-03-05T16:04:19Z,52,False,top-repos
json5/json5,A,False,2024-10-25T14:12:31Z,548,False,top-repos
yargs/yargs-parser,A,False,2026-03-25T21:11:37Z,32,False,top-repos
sindresorhus/slash,A,False,2023-05-09T17:07:05Z,1083,False,top-repos
paulmillr/readdirp,A,False,2025-11-25T23:09:21Z,152,False,top-repos
lodash/lodash,A,False,2026-02-23T06:14:25Z,63,False,top-repos
estools/esutils,A,False,2022-04-07T03:34:54Z,1481,False,top-repos
micromatch/braces,A,False,2025-01-19T20:06:12Z,462,False,top-repos
inspect-js/object-inspect,A,False,2026-03-14T22:46:11Z,43,False,top-repos
ljharb/get-proto,A,False,2026-01-13T19:32:29Z,103,False,top-repos
nodeca/js-yaml,A,False,2025-11-14T22:50:04Z,163,False,top-repos
es-shims/dunder-proto,A,False,2024-12-17T02:12:42Z,496,False,top-repos
jsdom/webidl-conversions,A,False,2026-01-02T13:58:25Z,114,False,top-repos
sindresorhus/get-stream,A,False,2024-10-28T05:15:33Z,546,False,top-repos
sindresorhus/find-up-simple,A,False,2025-06-05T18:47:14Z,325,False,top-repos
jonschlinkert/define-property,A,False,2023-03-14T09:09:01Z,1140,False,top-repos
yargs/yargs,A,False,2026-02-28T02:13:44Z,58,False,top-repos
mathiasbynens/emoji-regex,A,False,2025-10-13T08:13:29Z,196,False,top-repos
gulpjs/glob-parent,A,False,2024-07-26T13:03:16Z,639,False,top-repos
mathiasbynens/cssesc,A,False,2023-02-02T10:10:22Z,1180,False,top-repos
sindresorhus/execa,A,False,2026-01-29T03:54:57Z,88,False,top-repos
mathiasbynens/jsesc,A,False,2024-12-11T08:25:58Z,502,False,top-repos
babel/babel,A,False,2026-03-11T15:26:29Z,46,False,top-repos
npm/ini,A,False,2026-03-20T19:35:28Z,37,False,top-repos
postcss/postcss,A,False,2026-03-02T22:19:28Z,55,False,top-repos
jonschlinkert/normalize-path,A,False,2022-10-07T14:50:39Z,1297,False,top-repos
inspect-js/has-property-descriptors,A,False,2026-01-13T19:31:42Z,103,False,top-repos
jonschlinkert/is-extendable,A,False,2021-08-20T19:50:29Z,1710,False,top-repos
beatgammit/base64-js,A,False,2024-07-25T09:39:14Z,641,False,top-repos
feross/ieee754,A,False,2021-08-12T13:35:05Z,1718,False,top-repos
sinclairzx81/sinclair-typebox,A,False,2026-03-28T04:08:30Z,30,False,top-repos
ljharb/qs,A,False,2026-02-15T06:54:28Z,71,False,top-repos
definitelytyped/definitelytyped,A,False,2026-03-11T12:05:35Z,46,False,top-repos
yargs/cliui,A,False,2026-03-23T16:48:09Z,34,False,top-repos
sindresorhus/callsites,A,False,2025-09-09T08:53:49Z,230,False,top-repos
aws/aws-sdk-js-v3,A,False,2026-03-11T17:22:43Z,46,False,top-repos
isaacs/rimraf,A,False,2026-03-05T02:28:31Z,53,False,top-repos
ljharb/object-keys,A,False,2026-03-17T20:35:31Z,40,False,top-repos
ljharb/define-data-property,A,False,2026-01-13T19:32:22Z,103,False,top-repos
qix-/node-is-arrayish,A,False,2025-09-13T16:43:12Z,225,False,top-repos
form-data/form-data,A,False,2025-11-17T04:15:57Z,161,False,top-repos
sindresorhus/pify,A,False,2022-09-12T10:11:33Z,1323,False,top-repos
jprichardson/node-fs-extra,A,False,2026-03-03T16:45:03Z,54,False,top-repos
minimistjs/minimist,A,False,2025-12-30T01:57:54Z,118,False,top-repos
inspect-js/is-descriptor,A,False,2025-12-30T01:56:15Z,118,False,top-repos
jonschlinkert/extend-shallow,A,False,2021-08-07T21:20:05Z,1723,False,top-repos
babel/babel,A,False,2026-03-11T15:26:29Z,46,False,top-repos
inspect-js/which-typed-array,A,False,2026-03-19T01:51:58Z,39,False,top-repos
sindresorhus/pkg-dir,A,False,2026-02-01T14:52:22Z,84,False,api
jridgewell/sourcemaps,A,False,2026-03-29T06:03:29Z,29,False,top-repos
moxystudio/node-cross-spawn,A,False,2024-11-18T14:20:54Z,524,False,top-repos
sindresorhus/onetime,A,False,2026-02-02T07:42:23Z,84,False,top-repos
definitelytyped/definitelytyped,A,False,2026-03-11T12:05:35Z,46,False,top-repos
micromatch/micromatch,A,False,2024-08-26T23:15:58Z,608,False,top-repos
ljharb/es-abstract,A,False,2026-04-07T19:24:45Z,19,False,top-repos
inspect-js/is-core-module,A,False,2026-03-16T05:44:55Z,42,False,top-repos
inspect-js/is-callable,A,False,2025-12-30T01:56:07Z,118,False,top-repos
isaacs/path-scurry,A,False,2026-02-26T19:28:01Z,59,False,top-repos
felixge/node-delayed-stream,A,False,2015-04-30T22:07:18Z,4014,False,top-repos
kevva/shebang-command,A,False,2021-08-14T13:19:23Z,1716,False,top-repos
fb55/domhandler,A,False,2026-04-15T13:22:57Z,11,False,top-repos
watson/ci-info,A,False,2026-01-29T16:22:52Z,87,False,top-repos
isaacs/node-mkdirp,A,False,2023-09-15T19:59:26Z,954,False,top-repos
jestjs/jest,A,False,2026-03-10T02:01:16Z,48,False,top-repos
sindresorhus/path-type,A,False,2026-02-02T19:08:22Z,83,False,top-repos
sindresorhus/globals,A,False,2026-04-12T05:40:14Z,15,False,top-repos
7rulnik/source-map-js,A,False,2026-02-01T23:10:10Z,84,False,top-repos
websockets/ws,A,False,2026-03-01T20:22:39Z,56,False,top-repos
sindresorhus/parse-json,A,False,2025-04-09T09:02:05Z,383,False,top-repos
mcavage/node-assert-plus,A,False,2022-12-20T05:43:01Z,1224,False,api
gozala/events,A,False,2024-12-21T09:59:54Z,492,False,api
babel/babel,A,False,2026-03-11T15:26:29Z,46,False,top-repos
sindresorhus/path-exists,A,False,2022-03-03T14:44:23Z,1515,False,top-repos
chaijs/type-detect,A,False,2024-07-25T10:50:47Z,640,False,top-repos
sindresorhus/strip-bom,A,False,2021-04-16T18:54:24Z,1836,False,top-repos
lukeed/escalade,A,False,2024-08-29T22:59:35Z,605,False,top-repos
babel/babel,A,False,2026-03-11T15:26:29Z,46,False,top-repos
eslint/js,A,False,2026-03-10T08:07:55Z,48,False,top-repos
sindresorhus/mimic-function,A,False,2024-10-28T05:10:20Z,546,False,top-repos
sindresorhus/make-dir,A,False,2025-09-10T18:24:39Z,228,False,top-repos
node-fetch/node-fetch,A,False,2024-08-13T22:17:04Z,621,False,top-repos
typescript-eslint/typescript-eslint,A,False,2026-03-10T08:35:03Z,48,False,top-repos
jprichardson/node-jsonfile,A,False,2025-08-12T15:32:55Z,257,False,top-repos
kaelzhang/node-ignore,A,False,2025-05-31T02:19:00Z,331,False,top-repos
sindresorhus/binary-extensions,A,False,2025-05-04T07:29:40Z,358,False,top-repos
jsdom/tr46,A,False,2025-11-21T21:46:33Z,156,False,top-repos
mcollina/reusify,A,False,2026-02-09T16:12:27Z,76,False,top-repos
babel/babel,A,False,2026-03-11T15:26:29Z,46,False,top-repos
feross/queue-microtask,A,False,2023-11-30T00:54:01Z,879,False,top-repos
definitelytyped/definitelytyped,A,False,2026-03-11T12:05:35Z,46,False,top-repos
sindresorhus/is-unicode-supported,A,False,2024-09-09T06:26:07Z,595,False,top-repos
facebook/regenerator,A,True,2024-02-29T11:04:34Z,787,True,top-repos
sindresorhus/is-docker,A,False,2025-09-15T21:04:10Z,223,False,top-repos
thlorenz/convert-source-map,A,False,2025-03-27T03:08:35Z,396,False,top-repos
sindresorhus/restore-cursor,A,False,2024-07-26T13:56:44Z,639,False,top-repos
gkz/type-check,A,False,2023-07-18T21:33:28Z,1013,False,top-repos
jonathanong/ee-first,A,False,2019-04-27T21:54:44Z,2556,False,top-repos
browserslist/caniuse-lite,A,False,2026-04-14T04:31:55Z,13,False,top-repos
jshttp/http-errors,A,False,2026-03-01T10:33:04Z,56,False,top-repos
yargs/y18n,A,False,2026-03-31T09:52:08Z,27,False,top-repos
jbgutierrez/path-parse,A,False,2022-03-23T02:59:23Z,1496,False,top-repos
jsdom/whatwg-url,A,False,2026-03-21T10:28:18Z,36,False,top-repos
sindresorhus/is-plain-obj,A,False,2024-05-04T18:51:15Z,722,False,top-repos
jestjs/jest,A,False,2026-03-10T02:01:16Z,48,False,top-repos
babel/babel,A,False,2026-03-11T15:26:29Z,46,False,top-repos
jshttp/statuses,A,False,2026-01-03T20:13:02Z,113,False,top-repos
babel/babel,A,False,2026-03-11T15:26:29Z,46,False,top-repos
zertosh/loose-envify,A,False,2020-12-18T14:02:40Z,1955,False,top-repos
babel/babel,A,False,2026-03-11T15:26:29Z,46,False,top-repos
shtylman/node-process,A,False,2020-08-07T11:25:53Z,2088,False,api
inspect-js/node-supports-preserve-symlinks-flag,A,False,2022-11-02T16:24:38Z,1271,False,top-repos
dcodeio/long.js,A,False,2025-04-17T17:32:07Z,374,False,top-repos
smithy-lang/smithy-typescript,A,False,2026-04-16T22:56:43Z,10,False,top-repos
nodelib/nodelib,A,False,2025-01-08T17:16:35Z,473,False,top-repos
jensyt/imurmurhash-js,A,False,2013-08-24T20:52:08Z,4628,False,top-repos
caolan/async,A,False,2026-02-01T15:33:10Z,84,False,top-repos
frenic/csstype,A,False,2026-02-28T03:05:10Z,58,False,top-repos
linusu/buffer-from,A,False,2021-07-29T17:05:31Z,1732,False,top-repos
jshttp/cookie,A,False,2026-02-28T18:53:23Z,57,False,top-repos
jslicense/spdx-license-ids,A,False,2026-02-20T23:01:24Z,65,False,top-repos
open-telemetry/opentelemetry-js,A,False,2026-03-11T16:41:01Z,46,False,top-repos
xtuc/webassemblyjs,A,False,2025-01-27T05:00:50Z,455,False,top-repos
ljharb/set-function-length,A,False,2025-12-30T01:57:40Z,118,False,top-repos
webpack/loader-utils,A,True,2024-06-05T15:13:31Z,690,True,top-repos
babel/babel,A,False,2026-03-11T15:26:29Z,46,False,top-repos
mafintosh/end-of-stream,A,False,2025-06-16T13:28:45Z,314,False,top-repos
kilian/electron-to-chromium,A,False,2026-04-17T06:02:22Z,10,False,top-repos
zloirock/core-js,A,False,2026-03-11T18:04:53Z,46,False,top-repos
typescript-eslint/typescript-eslint,A,False,2026-03-10T08:35:03Z,48,False,top-repos
sindresorhus/object-assign,A,False,2023-11-05T18:16:06Z,903,False,top-repos
medikoo/type,A,False,2024-05-30T19:11:21Z,696,False,top-repos
smithy-lang/smithy-typescript,A,False,2026-04-16T22:56:43Z,10,False,top-repos
indutny/bn.js,A,False,2026-02-19T01:47:12Z,67,False,top-repos
paulmillr/chokidar,A,False,2025-12-11T19:26:25Z,136,False,top-repos
cosmiconfig/cosmiconfig,A,False,2026-03-02T13:27:47Z,55,False,top-repos
ai/nanoid,A,False,2026-02-24T07:51:09Z,62,False,top-repos
tootallnate/proxy-agents,A,False,2026-03-11T19:04:38Z,46,False,top-repos
visionmedia/bytes.js,A,False,2024-07-05T20:46:24Z,660,False,top-repos
typescript-eslint/typescript-eslint,A,False,2026-03-10T08:35:03Z,48,False,top-repos
sindresorhus/strip-json-comments,A,False,2025-08-08T14:14:06Z,261,False,top-repos
jestjs/jest,A,False,2026-03-10T02:01:16Z,48,False,top-repos
sindresorhus/globby,A,False,2026-02-18T08:46:39Z,68,False,top-repos
mysticatea/event-target-shim,A,False,2023-01-06T17:18:58Z,1206,False,top-repos
dougwilson/nodejs-depd,A,False,2024-09-03T21:31:02Z,600,False,top-repos
floatdrop/require-from-string,A,True,2018-04-09T09:49:52Z,2940,True,top-repos
definitelytyped/definitelytyped,A,False,2026-03-11T12:05:35Z,46,False,top-repos
mrmlnc/fast-glob,A,False,2025-09-01T08:00:01Z,238,False,top-repos
npm/hosted-git-info,A,False,2026-04-13T15:34:34Z,13,False,top-repos
broofa/mime,A,False,2026-02-28T02:57:32Z,58,False,top-repos
epoberezkin/ajv-keywords,A,False,2023-04-17T03:40:20Z,1106,False,api
jaredwray/cacheable,A,False,2026-02-27T16:41:49Z,58,False,top-repos
sindresorhus/npm-run-path,A,False,2024-10-28T05:10:35Z,546,False,top-repos
jestjs/jest,A,False,2026-03-10T02:01:16Z,48,False,top-repos
chicoxyzzy/node-releases,A,False,2026-04-17T04:07:24Z,10,False,top-repos
smithy-lang/smithy-typescript,A,False,2026-04-16T22:56:43Z,10,False,top-repos
xtuc/webassemblyjs,A,False,2025-01-27T05:00:50Z,455,False,top-repos
isaacs/package-json-from-dist,A,False,2024-09-26T18:58:53Z,577,False,top-repos
ljharb/possible-typed-array-names,A,False,2026-01-13T19:32:47Z,103,False,top-repos
evanw/node-source-map-support,A,False,2024-08-03T12:06:40Z,631,False,top-repos
jquery/esprima,A,False,2023-04-16T01:17:08Z,1107,False,top-repos
sindresorhus/mimic-response,A,False,2023-11-05T20:41:53Z,903,False,top-repos
sinonjs/commons,A,False,2024-06-16T09:53:15Z,680,False,top-repos
inspect-js/is-typed-array,A,False,2025-12-30T01:56:38Z,118,False,top-repos
medikoo/es5-ext,A,False,2025-05-09T10:21:10Z,353,False,top-repos
webpack/tapable,A,False,2026-01-23T14:09:59Z,93,False,top-repos
follow-redirects/follow-redirects,A,False,2026-04-13T11:05:47Z,13,False,top-repos
es-shims/math-intrinsics,A,False,2024-12-19T05:58:07Z,494,False,top-repos
sindresorhus/ansi-escapes,A,False,2026-02-04T16:21:10Z,81,False,top-repos
typescript-eslint/typescript-eslint,A,False,2026-03-10T08:35:03Z,48,False,top-repos
sindresorhus/indent-string,A,False,2022-06-05T07:44:39Z,1422,False,top-repos
sindresorhus/import-fresh,A,False,2026-02-25T08:03:41Z,61,False,top-repos
inspect-js/is-accessor-descriptor,A,False,2026-03-16T05:50:49Z,42,False,top-repos
inspect-js/is-data-descriptor,A,False,2025-12-30T01:56:11Z,118,False,top-repos
mysticatea/abort-controller,A,False,2021-03-30T17:01:33Z,1853,False,top-repos
wesleytodd/setprototypeof,A,False,2022-06-24T23:48:22Z,1402,False,top-repos
smithy-lang/smithy-typescript,A,False,2026-04-16T22:56:43Z,10,False,top-repos
jslicense/spdx-expression-parse.js,A,False,2023-11-21T20:19:00Z,887,False,top-repos
jestjs/jest,A,False,2026-03-10T02:01:16Z,48,False,top-repos
ljharb/has-bigints,A,False,2026-03-19T16:41:31Z,38,False,api
chalk/slice-ansi,A,False,2026-04-04T13:19:33Z,22,False,top-repos
babel/babel,A,False,2026-03-11T15:26:29Z,46,False,top-repos
sindresorhus/mimic-fn,A,False,2024-10-28T05:10:20Z,546,False,api
babel/babel,A,False,2026-03-11T15:26:29Z,46,False,top-repos
istanbuljs/istanbuljs,A,False,2025-08-18T12:12:16Z,251,False,top-repos
micromatch/anymatch,A,False,2023-05-18T16:52:59Z,1074,False,top-repos
inikulin/parse5,A,False,2026-03-10T03:23:22Z,48,False,top-repos
jestjs/jest,A,False,2026-03-10T02:01:16Z,48,False,top-repos
babel/babel-polyfills,A,False,2026-04-10T18:21:37Z,16,False,top-repos
broofa/node-int64,A,True,2019-06-06T13:56:53Z,2516,True,top-repos
sindresorhus/is-inside-container,A,False,2023-10-27T18:36:38Z,912,False,top-repos
ljharb/object.assign,A,False,2025-12-30T16:22:23Z,117,False,top-repos
sindresorhus/is-path-inside,A,False,2025-09-11T10:29:29Z,227,False,top-repos
stefanpenner/get-caller-file,A,False,2023-09-27T20:35:45Z,942,False,top-repos
gkz/levn,A,False,2023-07-18T21:33:06Z,1013,False,top-repos
jshttp/negotiator,A,False,2026-04-01T05:46:06Z,26,False,top-repos
definitelytyped/definitelytyped,A,False,2026-03-11T12:05:35Z,46,False,top-repos
eslint/doctrine,A,True,2018-12-03T03:03:30Z,2702,True,top-repos
felixge/node-combined-stream,A,False,2023-11-09T07:47:17Z,900,False,top-repos
reactivex/rxjs,A,False,2025-02-23T20:54:32Z,427,False,top-repos
csstree/csstree,A,False,2026-03-05T14:58:51Z,52,False,top-repos
calvinmetcalf/minimalistic-assert,A,False,2018-04-11T12:21:09Z,2937,False,top-repos
daaku/nodejs-tmpl,A,False,2022-10-23T17:00:57Z,1281,False,top-repos
smithy-lang/smithy-typescript,A,False,2026-04-16T22:56:43Z,10,False,top-repos
browserslist/update-db,A,False,2026-01-07T20:54:18Z,109,False,top-repos
fb55/boolbase,A,False,2026-03-23T08:07:19Z,35,False,top-repos
jshttp/on-finished,A,False,2026-01-03T20:23:13Z,113,False,top-repos
feross/run-parallel,A,False,2023-02-27T23:50:37Z,1154,False,top-repos
sindresorhus/environment,A,False,2024-09-13T06:20:07Z,591,False,top-repos
alexindigo/asynckit,B,False,2025-12-18T03:05:27Z,130,False,top-repos
mcollina/fastq,B,False,2025-12-23T07:59:02Z,125,False,top-repos
sindresorhus/p-map,B,False,2025-11-11T06:28:55Z,167,False,top-repos
webreflection/flatted,B,False,2026-03-09T10:34:53Z,48,False,top-repos
jonschlinkert/assign-symbols,B,False,2018-09-14T11:47:36Z,2781,False,top-repos
fb55/domutils,B,False,2026-04-14T12:22:35Z,12,False,top-repos
epoberezkin/fast-json-stable-stringify,B,False,2023-07-03T08:14:47Z,1029,False,top-repos
isaacs/sax-js,B,False,2026-03-01T22:06:57Z,56,False,top-repos
mafintosh/pump,B,False,2026-02-28T13:30:14Z,57,False,top-repos
octokit/openapi-types.ts,B,False,2026-04-16T19:16:33Z,10,False,top-repos
ehmicky/human-signals,B,False,2025-05-25T23:03:22Z,336,False,top-repos
isaacs/core-util-is,B,False,2025-11-25T05:08:19Z,153,False,top-repos
motdotla/dotenv,B,False,2026-03-04T23:21:53Z,53,False,top-repos
sindresorhus/is-wsl,B,False,2026-02-15T08:45:05Z,71,False,top-repos
cheeriojs/dom-serializer,B,False,2026-04-06T18:04:49Z,20,False,top-repos
inspect-js/is-regex,B,False,2026-04-08T18:11:36Z,18,False,top-repos
pillarjs/encodeurl,B,False,2026-01-03T21:33:42Z,113,False,top-repos
babel/babel,B,False,2026-03-11T15:26:29Z,46,False,top-repos
pillarjs/path-to-regexp,B,False,2026-01-14T19:02:20Z,102,False,top-repos
babel/babel,B,False,2026-03-11T15:26:29Z,46,False,top-repos
sindresorhus/read-pkg,B,False,2026-02-08T14:30:34Z,77,False,top-repos
mdn/data,B,False,2026-04-13T12:38:48Z,13,False,top-repos
acornjs/acorn,B,False,2026-02-26T14:38:28Z,59,False,top-repos
nodelib/nodelib,B,False,2025-01-08T17:16:35Z,473,False,top-repos
babel/babel,B,False,2026-03-11T15:26:29Z,46,False,top-repos
octokit/types.ts,B,False,2026-04-16T19:47:43Z,10,False,top-repos
npm/abbrev-js,B,False,2026-03-23T15:38:30Z,34,False,top-repos
babel/babel,B,False,2026-03-11T15:26:29Z,46,False,top-repos
definitelytyped/definitelytyped,B,False,2026-03-11T12:05:35Z,46,False,top-repos
dominictarr/through,B,True,2018-07-27T00:28:29Z,2831,True,top-repos
estools/esrecurse,B,False,2023-03-30T19:46:51Z,1123,False,top-repos
microsoft/typescript,B,False,2026-03-11T17:00:28Z,46,False,top-repos
mathiasbynens/regenerate,B,False,2021-12-29T22:19:35Z,1579,False,top-repos
kemitchell/spdx-exceptions.json,B,False,2024-04-25T09:43:24Z,732,False,api
node-fetch/fetch-blob,B,False,2023-08-14T00:51:27Z,987,False,top-repos
ljharb/side-channel-map,B,False,2025-12-30T01:57:44Z,118,False,top-repos
sindresorhus/p-try,B,False,2025-09-16T02:55:43Z,223,False,top-repos
component/escape-html,B,False,2022-09-16T12:09:21Z,1318,False,top-repos
salesforce/tough-cookie,B,False,2026-03-09T17:17:24Z,48,False,top-repos
inspect-js/is-symbol,B,False,2026-03-16T04:50:57Z,42,False,top-repos
andyperlitch/jsbn,B,False,2022-03-20T04:22:24Z,1499,False,top-repos
npm/write-file-atomic,B,False,2026-03-23T15:38:31Z,34,False,top-repos
babel/babel,B,False,2026-03-11T15:26:29Z,46,False,top-repos
whitequark/ipaddr.js,B,False,2026-02-06T17:35:32Z,79,False,top-repos
jimmywarting/node-domexception,B,True,2025-04-19T13:26:37Z,372,True,top-repos
npm/normalize-package-data,B,False,2026-03-20T20:05:36Z,37,False,top-repos
facebook/react,B,False,2026-03-11T14:05:17Z,46,False,top-repos
radix-ui/primitives,B,False,2026-02-13T17:32:48Z,72,False,top-repos
mathiasbynens/regexpu-core,B,False,2025-09-22T15:20:14Z,216,False,top-repos
axios/axios,B,False,2026-03-11T13:10:10Z,46,False,top-repos
medikoo/d,B,False,2024-03-01T13:07:48Z,786,False,top-repos
jestjs/jest,B,False,2026-03-10T02:01:16Z,48,False,top-repos
fastify/fast-uri,B,False,2026-04-08T19:22:40Z,18,False,top-repos
micromark/micromark,B,False,2025-05-10T18:46:45Z,351,False,top-repos
gkz/optionator,B,False,2024-04-26T22:18:10Z,730,False,top-repos
ka-weihe/fastest-levenshtein,B,False,2024-03-17T10:30:39Z,770,False,top-repos
alexei/sprintf.js,B,False,2024-04-05T01:22:42Z,752,False,top-repos
jestjs/jest,B,False,2026-03-10T02:01:16Z,48,False,top-repos
pillarjs/parseurl,B,False,2026-03-01T11:17:51Z,56,False,top-repos
jonschlinkert/has-values,B,False,2020-12-16T19:19:24Z,1957,False,top-repos
ljharb/safe-regex-test,B,False,2026-01-05T22:15:59Z,111,False,top-repos
raszi/node-tmp,B,False,2026-01-21T23:03:12Z,95,False,top-repos
prettier/prettier,B,False,2026-03-10T03:53:41Z,48,False,top-repos
dchest/tweetnacl-js,B,False,2025-08-15T11:43:43Z,254,False,top-repos
getsentry/sentry-javascript,B,False,2026-03-11T18:55:06Z,46,False,top-repos
googlechrome/workbox,B,False,2026-02-28T20:57:50Z,57,False,top-repos
ljharb/concat-map,B,False,2025-12-30T01:56:52Z,118,False,api
feross/ieee754,B,False,2021-08-12T13:35:05Z,1718,False,top-repos
sec-ant/readable-stream,B,False,2026-04-12T17:10:16Z,14,False,top-repos
component/toidentifier,B,False,2023-12-18T09:26:57Z,861,False,top-repos
sindresorhus/cli-cursor,B,False,2024-07-26T14:02:28Z,639,False,top-repos
justmoon/node-extend,B,False,2025-03-06T18:47:41Z,416,False,top-repos
tootallnate/proxy-agents,B,False,2026-03-11T19:04:38Z,46,False,top-repos
isaacs/chownr,B,False,2025-11-24T22:32:51Z,153,False,top-repos
jestjs/jest,B,False,2026-03-10T02:01:16Z,48,False,top-repos
sindresorhus/lowercase-keys,B,False,2026-02-02T18:45:35Z,83,False,top-repos
remusao/tldts,B,False,2026-04-17T04:03:36Z,10,False,top-repos
acornjs/acorn-jsx,B,False,2022-12-04T10:44:38Z,1239,False,top-repos
sindresorhus/strip-final-newline,B,False,2024-10-28T05:10:26Z,546,False,top-repos
ajv-validator/ajv-formats,B,False,2024-08-18T19:30:51Z,616,False,top-repos
istanbuljs/schema,B,False,2026-04-13T11:04:17Z,13,False,top-repos
nodelib/nodelib,B,False,2025-01-08T17:16:35Z,473,False,top-repos
sindresorhus/figures,B,False,2024-10-28T05:10:30Z,546,False,top-repos
exodusoss/bytes,B,False,2026-04-15T23:38:52Z,11,False,top-repos
jshttp/content-type,B,False,2026-04-15T19:17:11Z,11,False,top-repos
teambition/merge2,B,False,2026-01-21T23:10:48Z,95,False,top-repos
eemeli/yaml,B,False,2026-02-28T10:36:44Z,57,False,top-repos
inspect-js/is-data-view,B,False,2024-12-19T19:53:26Z,493,False,top-repos
babel/babel,B,False,2026-03-11T15:26:29Z,46,False,top-repos
jestjs/jest,B,False,2026-03-10T02:01:16Z,48,False,top-repos
istanbuljs/istanbuljs,B,False,2025-08-18T12:12:16Z,251,False,top-repos
jonschlinkert/get-value,B,False,2025-02-05T05:10:34Z,446,False,top-repos
smithy-lang/smithy-typescript,B,False,2026-04-16T22:56:43Z,10,False,top-repos
grncdr/merge-stream,B,False,2019-06-20T04:46:40Z,2503,False,top-repos
raynos/for-each,B,False,2025-02-11T06:55:57Z,440,False,top-repos
sindresorhus/detect-newline,B,False,2023-09-23T02:22:52Z,947,False,top-repos
hiddentao/fast-levenshtein,B,False,2021-10-03T19:03:31Z,1666,False,top-repos
babel/babel,B,False,2026-03-11T15:26:29Z,46,False,top-repos
sindresorhus/path-is-absolute,B,True,2021-01-24T05:54:02Z,1919,True,top-repos
inspect-js/is-string,B,False,2025-12-30T01:56:34Z,118,False,top-repos
css-modules/icss-utils,B,False,2023-01-06T01:40:18Z,1207,False,top-repos
eslint/js,B,False,2026-03-10T08:07:55Z,48,False,top-repos
primus/eventemitter3,B,False,2026-01-19T15:02:50Z,97,False,top-repos
tim-kos/node-retry,B,False,2023-09-13T11:11:26Z,956,False,top-repos
kpdecker/jsdiff,B,False,2026-03-11T12:32:27Z,46,False,top-repos
facebook/watchman,B,False,2026-03-11T16:39:47Z,46,False,top-repos
terser/terser,B,False,2026-03-09T08:57:38Z,49,False,top-repos
npm/mute-stream,B,False,2026-03-20T18:58:45Z,37,False,top-repos
babel/babel,B,False,2026-03-11T15:26:29Z,46,False,top-repos
npm/inflight,B,True,2024-05-23T03:18:30Z,704,True,api
ljharb/side-channel-weakmap,B,False,2025-12-30T01:57:46Z,118,False,top-repos
ljharb/side-channel-list,B,False,2026-04-08T16:54:54Z,18,False,top-repos
isaacs/fs.realpath,B,False,2025-10-25T18:58:12Z,183,False,top-repos
sindresorhus/is-binary-path,B,False,2024-04-30T16:50:28Z,726,False,top-repos
micromark/micromark,B,False,2025-05-10T18:46:45Z,351,False,top-repos
es-shims/es-set-tostringtag,B,False,2025-01-02T04:44:11Z,480,False,top-repos
doowb/ansi-colors,B,False,2022-07-11T19:47:40Z,1385,False,top-repos
nodeca/pako,B,False,2024-06-27T10:02:41Z,669,False,top-repos
jestjs/jest,B,False,2026-03-10T02:01:16Z,48,False,top-repos
jestjs/jest,B,False,2026-03-10T02:01:16Z,48,False,top-repos
davepacheco/node-extsprintf,B,False,2021-11-02T21:49:00Z,1636,False,api
inspect-js/is-date-object,B,False,2025-12-30T01:56:13Z,118,False,top-repos
stream-utils/raw-body,B,False,2026-03-01T12:58:31Z,56,False,top-repos
daaku/nodejs-makeerror,B,False,2021-10-23T14:00:48Z,1646,False,top-repos
jonschlinkert/object-visit,B,False,2023-03-14T06:07:43Z,1140,False,top-repos
thlorenz/deep-is,B,False,2021-09-04T16:55:12Z,1695,False,top-repos
eslint-community/eslint-utils,B,False,2026-04-14T08:49:38Z,13,False,top-repos
sindresorhus/array-union,B,False,2021-03-01T18:43:16Z,1882,False,top-repos
tehshrike/deepmerge,B,False,2023-04-21T05:16:12Z,1102,False,top-repos
sindresorhus/resolve-cwd,B,False,2021-01-23T18:33:02Z,1919,False,top-repos
remusao/tldts,B,False,2026-04-17T04:03:36Z,10,False,top-repos
pillarjs/send,B,False,2026-04-01T02:34:50Z,26,False,top-repos
jsdom/xml-name-validator,B,False,2023-11-12T05:37:51Z,897,False,top-repos
npm/json-parse-even-better-errors,B,False,2026-03-23T15:38:29Z,34,False,top-repos
rob--w/proxy-from-env,B,False,2026-03-14T18:24:35Z,43,False,top-repos
garycourt/uri-js,B,False,2023-12-06T13:56:13Z,872,False,top-repos
jestjs/jest,B,False,2026-03-10T02:01:16Z,48,False,top-repos
jslicense/spdx-correct.js,B,False,2024-04-15T23:15:02Z,741,False,top-repos
yahoo/serialize-javascript,B,False,2026-03-02T23:26:09Z,55,False,top-repos
open-telemetry/opentelemetry-js,B,False,2026-03-11T16:41:01Z,46,False,top-repos
hapijs/hoek,B,False,2026-02-25T07:24:45Z,61,False,top-repos
xtuc/webassemblyjs,B,False,2025-01-27T05:00:50Z,455,False,top-repos
suguru03/neo-async,B,False,2022-12-02T17:22:37Z,1241,False,top-repos
feross/is-buffer,B,False,2021-08-18T15:42:05Z,1712,False,top-repos
xtuc/webassemblyjs,B,False,2025-01-27T05:00:50Z,455,False,top-repos
jshttp/media-typer,B,False,2026-04-01T02:56:31Z,26,False,top-repos
jshttp/forwarded,B,False,2026-04-01T03:31:28Z,26,False,top-repos
jestjs/jest,B,False,2026-03-10T02:01:16Z,48,False,top-repos
facebook/prop-types,B,True,2024-05-17T08:15:01Z,710,True,top-repos
stream-utils/unpipe,B,False,2020-12-15T06:33:25Z,1959,False,top-repos
istanbuljs/istanbuljs,B,False,2025-08-18T12:12:16Z,251,False,top-repos
tootallnate/proxy-agents,B,False,2026-03-11T19:04:38Z,46,False,top-repos
sindresorhus/open,B,False,2025-11-15T08:22:56Z,163,False,top-repos
jshttp/vary,B,False,2026-04-02T16:30:02Z,24,False,top-repos
fb55/css-select,B,False,2026-04-15T13:53:30Z,11,False,top-repos
sindresorhus/find-cache-dir,B,False,2025-04-08T15:25:25Z,383,False,api
jshttp/range-parser,B,False,2026-02-02T19:39:18Z,83,False,top-repos
smithy-lang/smithy-typescript,B,False,2026-04-16T22:56:43Z,10,False,top-repos
jestjs/jest,B,False,2026-03-10T02:01:16Z,48,False,top-repos
rich-harris/estree-walker,B,False,2025-09-07T19:57:21Z,231,False,top-repos
troygoode/node-require-directory,B,False,2021-12-23T01:02:35Z,1586,False,api
isaacs/cliui,B,False,2026-02-05T18:57:07Z,80,False,top-repos
inspect-js/available-typed-arrays,B,False,2026-03-10T16:09:27Z,47,False,top-repos
browserify/node-util,B,False,2024-12-21T10:14:56Z,492,False,top-repos
jaredwray/keyv,B,False,2026-03-04T03:31:32Z,54,False,top-repos
crypto-browserify/randombytes,B,False,2024-12-21T10:13:14Z,492,False,api
definitelytyped/definitelytyped,B,False,2026-03-11T12:05:35Z,46,False,top-repos
fb55/css-what,B,False,2026-04-17T10:32:40Z,9,False,top-repos
jonschlinkert/has-value,B,False,2018-03-03T20:49:13Z,2976,False,top-repos
unshiftio/requires-port,B,False,2023-07-14T21:05:22Z,1017,False,top-repos
webpack/webpack-sources,B,False,2026-04-16T19:00:54Z,10,False,top-repos
estools/escodegen,B,False,2024-07-17T02:01:51Z,649,False,top-repos
kemitchell/validate-npm-package-license.js,B,False,2021-04-14T14:00:00Z,1838,False,top-repos
ljharb/internal-slot,B,False,2024-12-13T16:01:56Z,499,False,top-repos
faye/websocket-driver-node,B,False,2023-09-07T18:21:11Z,962,False,top-repos
jestjs/jest,B,False,2026-03-10T02:01:16Z,48,False,top-repos
raynos/xtend,B,True,2020-08-10T09:24:45Z,2086,True,top-repos
rvagg/through2,B,False,2022-11-22T08:53:01Z,1252,False,top-repos
rich-harris/magic-string,B,False,2025-10-24T00:59:09Z,185,False,top-repos
eslint/eslint,B,False,2026-03-11T17:30:06Z,46,False,top-repos
jestjs/jest,B,False,2026-03-10T02:01:16Z,48,False,top-repos
litejs/natural-compare-lite,B,False,2024-10-11T10:25:44Z,562,False,top-repos
kriskowal/asap,B,False,2022-01-05T15:19:29Z,1572,False,top-repos
jonschlinkert/global-prefix,B,False,2024-08-17T16:20:24Z,617,False,top-repos
jshttp/accepts,B,False,2026-04-02T16:03:36Z,24,False,top-repos
sindresorhus/read-pkg-up,B,False,2025-11-07T18:11:06Z,170,False,api
pillarjs/finalhandler,B,False,2026-04-01T00:27:07Z,26,False,top-repos
sindresorhus/log-symbols,B,False,2025-05-21T13:47:41Z,340,False,top-repos
inspect-js/has-proto,B,False,2026-01-13T19:31:43Z,103,False,top-repos
sindresorhus/decamelize,B,False,2026-03-10T20:37:27Z,47,False,top-repos
radix-ui/primitives,B,False,2026-02-13T17:32:48Z,72,False,top-repos
webreflection/html-escaper,B,False,2021-02-18T08:35:18Z,1894,False,top-repos
iarna/aproba,B,False,2025-07-12T17:10:40Z,288,False,top-repos
blakeembrey/array-flatten,B,False,2025-06-24T05:32:34Z,307,False,top-repos
andrewrk/node-pend,B,False,2014-11-23T21:52:12Z,4172,False,top-repos
rvagg/prr,B,True,2017-12-07T22:02:09Z,3062,True,api
sindresorhus/clean-stack,B,False,2025-11-04T06:46:30Z,174,False,top-repos
sindresorhus/strip-indent,B,False,2025-10-12T14:55:56Z,196,False,top-repos
jonschlinkert/word-wrap,B,False,2024-04-22T18:34:12Z,734,False,top-repos
lukeed/kleur,B,False,2023-06-07T07:24:18Z,1055,False,top-repos
sindresorhus/to-fast-properties,B,False,2021-09-30T22:26:14Z,1669,False,top-repos
oozcitak/xmlbuilder-js,B,False,2025-12-01T07:52:09Z,147,False,top-repos
babel/babel,B,False,2026-03-11T15:26:29Z,46,False,top-repos
calvinmetcalf/process-nextick-args,B,False,2019-06-19T20:34:13Z,2503,False,top-repos
jonschlinkert/map-cache,B,False,2016-05-10T10:51:10Z,3638,False,top-repos
xtuc/webassemblyjs,B,False,2025-01-27T05:00:50Z,455,False,top-repos
ardatan/graphql-tools,B,False,2026-03-10T23:43:05Z,47,False,top-repos
xtuc/webassemblyjs,B,False,2025-01-27T05:00:50Z,455,False,top-repos
medikoo/es6-symbol,B,False,2024-03-01T13:27:04Z,786,False,top-repos
jestjs/jest,B,False,2026-03-10T02:01:16Z,48,False,top-repos
samverschueren/decode-uri-component,B,False,2023-12-30T21:25:37Z,848,False,top-repos
inspect-js/is-array-buffer,B,False,2025-12-30T01:55:58Z,118,False,top-repos
lddubeau/xmlchars,B,True,2025-12-31T20:07:39Z,116,True,top-repos
npm/unique-slug,B,False,2026-03-26T16:53:17Z,31,False,top-repos
webpack/enhanced-resolve,B,False,2026-04-17T11:24:56Z,9,False,top-repos
antonk52/lilconfig,B,False,2025-12-10T09:00:48Z,138,False,top-repos
jestjs/jest,B,False,2026-03-10T02:01:16Z,48,False,top-repos
radix-ui/primitives,B,False,2026-02-13T17:32:48Z,72,False,top-repos
eventualbuddha/lines-and-columns,B,False,2023-11-07T01:41:46Z,902,False,top-repos
jaredwray/cacheable,B,False,2026-02-27T16:41:49Z,58,False,top-repos
expressjs/body-parser,B,False,2026-03-04T08:51:16Z,54,False,top-repos
fb55/htmlparser2,B,False,2026-03-10T12:43:46Z,47,False,top-repos
ljharb/es-shim-unscopables,B,False,2026-01-13T19:32:24Z,103,False,top-repos
isaacs/minizlib,B,False,2025-09-21T21:27:03Z,217,False,top-repos
kriszyp/json-schema,B,False,2022-08-23T16:09:40Z,1342,False,top-repos
jsdom/whatwg-mimetype,B,False,2026-01-21T10:27:16Z,95,False,top-repos
jshttp/fresh,B,False,2026-04-01T01:30:25Z,26,False,top-repos
jshttp/type-is,B,False,2026-04-02T16:05:49Z,24,False,top-repos
sindresorhus/import-local,B,False,2024-07-22T10:56:51Z,643,False,top-repos
zloirock/core-js,B,False,2026-03-11T18:04:53Z,46,False,top-repos
es-shims/string.prototype.trimend,B,False,2026-01-13T19:30:58Z,103,False,top-repos
jshttp/content-disposition,B,False,2026-04-08T22:37:24Z,18,False,top-repos
kevinbeaty/any-promise,B,False,2018-10-01T08:39:19Z,2765,False,top-repos
npm/ssri,B,False,2026-03-24T14:56:03Z,33,False,top-repos
sindresorhus/normalize-url,B,False,2026-02-19T21:06:38Z,66,False,top-repos
kevva/dir-glob,B,False,2019-09-30T12:07:12Z,2400,False,top-repos
sindresorhus/node-defaults,B,False,2023-10-18T10:12:27Z,922,False,top-repos
loganfsmyth/gensync,B,False,2022-12-07T10:44:54Z,1236,False,top-repos
xtuc/webassemblyjs,B,False,2025-01-27T05:00:50Z,455,False,top-repos
definitelytyped/definitelytyped,B,False,2026-03-11T12:05:35Z,46,False,top-repos
joshuakgoldberg/ts-api-utils,B,False,2026-04-17T01:36:00Z,10,False,top-repos
qix-/node-error-ex,B,False,2025-09-15T14:56:37Z,223,False,top-repos
dmitrysoshnikov/regexp-tree,B,False,2026-01-21T23:26:41Z,95,False,top-repos
jshttp/etag,B,False,2026-03-01T11:57:23Z,56,False,top-repos
davisjam/safe-regex,B,False,2022-11-01T15:52:16Z,1272,False,top-repos
jestjs/jest,B,False,2026-03-10T02:01:16Z,48,False,top-repos
estools/esquery,B,False,2025-12-31T15:42:18Z,116,False,top-repos
jaredwray/keyv,B,False,2026-03-04T03:31:32Z,54,False,top-repos
sinonjs/fake-timers,B,False,2026-04-11T17:09:17Z,15,False,top-repos
npm/nopt,B,False,2026-04-06T21:08:55Z,20,False,top-repos
es-shims/regexp.prototype.flags,B,False,2025-12-10T06:38:09Z,138,False,top-repos
inspect-js/which-boxed-primitive,B,False,2026-03-19T04:28:13Z,39,False,top-repos
pvorb/node-clone,B,False,2021-11-06T19:54:07Z,1632,False,api
sindresorhus/parent-module,B,False,2025-09-15T07:20:47Z,224,False,top-repos
fitzgen/glob-to-regexp,B,True,2019-07-17T10:22:53Z,2476,True,top-repos
es-shims/string.prototype.trimstart,B,False,2026-01-13T19:31:02Z,103,False,top-repos
eslint/rewrite,B,False,2026-04-17T06:34:58Z,10,False,top-repos
expressjs/serve-static,B,False,2026-01-03T18:08:02Z,113,False,top-repos
xtuc/webassemblyjs,B,False,2025-01-27T05:00:50Z,455,False,top-repos
xtuc/webassemblyjs,B,False,2025-01-27T05:00:50Z,455,False,top-repos
xtuc/webassemblyjs,B,False,2025-01-27T05:00:50Z,455,False,top-repos
babel/babel,B,False,2026-03-11T15:26:29Z,46,False,top-repos
brianloveswords/node-jwa,B,False,2026-03-30T19:03:42Z,27,False,api
xtuc/webassemblyjs,B,False,2025-01-27T05:00:50Z,455,False,top-repos
inspect-js/is-boolean-object,B,False,2025-12-30T01:56:03Z,118,False,top-repos
fb55/nth-check,B,False,2026-04-15T14:25:39Z,11,False,top-repos
inspect-js/is-number-object,B,False,2025-12-30T01:56:25Z,118,False,top-repos
visionmedia/node-cookie-signature,B,False,2025-04-30T17:42:26Z,361,False,api
terkelg/sisteransi,B,False,2022-08-08T18:48:08Z,1357,False,top-repos
aws/aws-sdk-js-v3,B,False,2026-03-11T17:22:43Z,46,False,top-repos
definitelytyped/definitelytyped,B,False,2026-03-11T12:05:35Z,46,False,top-repos
nv/cssom,B,False,2023-04-18T01:21:40Z,1105,False,top-repos
babel/babel,B,False,2026-03-11T15:26:29Z,46,False,top-repos
lukeed/dequal,B,False,2026-01-24T12:33:10Z,92,False,top-repos
mafintosh/tar-stream,B,False,2026-02-28T13:26:28Z,57,False,top-repos
babel/babel,B,False,2026-03-11T15:26:29Z,46,False,top-repos
definitelytyped/definitelytyped,B,False,2026-03-11T12:05:35Z,46,False,top-repos
sindresorhus/leven,B,False,2025-09-11T12:27:54Z,227,False,top-repos
dcodeio/long.js,B,False,2025-04-17T17:32:07Z,374,False,top-repos
fsevents/fsevents,B,False,2024-09-03T21:54:37Z,600,False,top-repos
babel/babel,B,False,2026-03-11T15:26:29Z,46,False,top-repos
npm/cacache,B,False,2026-03-26T01:13:33Z,32,False,top-repos
emotion-js/emotion,B,False,2025-11-04T12:47:00Z,173,False,top-repos
inspect-js/is-bigint,B,False,2025-12-30T01:56:02Z,118,False,top-repos
smithy-lang/smithy-typescript,B,False,2026-04-16T22:56:43Z,10,False,top-repos
definitelytyped/definitelytyped,B,False,2026-03-11T12:05:35Z,46,False,top-repos
smithy-lang/smithy-typescript,B,False,2026-04-16T22:56:43Z,10,False,top-repos
nicolo-ribaudo/babel-preset-current-node-syntax,B,False,2025-07-30T15:13:52Z,270,False,top-repos
isaacs/node-tar,B,False,2026-03-24T15:12:32Z,33,False,top-repos
samn/json-stable-stringify,B,False,2021-04-11T19:15:36Z,1841,False,top-repos
inspect-js/typed-array-buffer,B,False,2026-01-16T06:48:04Z,101,False,top-repos
braveg1rl/performance-now,B,False,2021-02-05T06:42:49Z,1907,False,top-repos
definitelytyped/definitelytyped,B,False,2026-03-11T12:05:35Z,46,False,top-repos
jviereck/regjsparser,B,False,2026-04-04T20:51:24Z,22,False,top-repos
es-shims/object.values,B,False,2025-12-30T01:55:08Z,118,False,top-repos
sindresorhus/file-type,B,False,2026-03-09T09:11:39Z,49,False,top-repos
xtuc/webassemblyjs,B,False,2025-01-27T05:00:50Z,455,False,top-repos
npm/fs-minipass,B,False,2025-10-25T18:57:28Z,183,False,api
radix-ui/primitives,B,False,2026-02-13T17:32:48Z,72,False,top-repos
jshttp/methods,B,False,2026-04-02T16:04:39Z,24,False,top-repos
inspect-js/array-buffer-byte-length,B,False,2026-01-13T19:46:52Z,103,False,top-repos
istanbuljs/test-exclude,B,False,2026-02-22T17:09:46Z,63,False,top-repos
ljharb/es-to-primitive,B,False,2025-12-30T01:56:57Z,118,False,top-repos
rvagg/bl,B,False,2026-04-14T04:11:54Z,13,False,top-repos
mathiasbynens/unicode-property-aliases-ecmascript,B,False,2025-09-15T07:32:33Z,224,False,top-repos
babel/babel,B,False,2026-03-11T15:26:29Z,46,False,top-repos
babel/babel,B,False,2026-03-11T15:26:29Z,46,False,top-repos
sindresorhus/quick-lru,B,False,2025-10-10T07:56:07Z,199,False,top-repos
webpack/terser-webpack-plugin,B,False,2026-03-10T14:02:38Z,47,False,top-repos
sindresorhus/crypto-random-string,B,False,2022-05-10T06:15:39Z,1448,False,top-repos
floating-ui/floating-ui,B,False,2026-03-03T03:02:11Z,55,False,top-repos
mathiasbynens/unicode-canonical-property-names-ecmascript,B,False,2024-09-12T08:20:26Z,592,False,top-repos
jestjs/jest,B,False,2026-03-10T02:01:16Z,48,False,top-repos
definitelytyped/definitelytyped,B,False,2026-03-11T12:05:35Z,46,False,top-repos
inspect-js/functions-have-names,B,False,2026-04-16T03:58:49Z,11,False,top-repos
syntax-tree/unist-util-is,B,False,2025-10-22T10:53:09Z,186,False,top-repos
colinhacks/zod,B,False,2026-02-15T14:20:41Z,70,False,top-repos
inspect-js/is-arguments,B,False,2026-03-20T06:03:33Z,38,False,top-repos
sindresorhus/meow,B,False,2026-02-20T10:30:43Z,65,False,top-repos
tapjs/stack-utils,B,False,2023-10-10T17:32:03Z,929,False,top-repos
stream-utils/destroy,B,False,2024-09-03T21:16:46Z,600,False,top-repos
es-shims/array-includes,B,False,2025-12-30T01:53:57Z,118,False,top-repos
petkaantonov/bluebird,B,False,2024-11-07T20:26:46Z,535,False,top-repos
babel/babel,B,False,2026-03-11T15:26:29Z,46,False,top-repos
jaredhanson/utils-merge,B,False,2022-12-02T09:58:57Z,1242,False,top-repos
yuzujs/setimmediate,B,False,2024-01-01T07:03:03Z,847,False,top-repos
yargs/set-blocking,B,False,2023-12-15T11:34:26Z,863,False,top-repos
typescript-eslint/typescript-eslint,B,False,2026-03-10T08:35:03Z,48,False,top-repos
jorgebucaran/colorette,B,False,2025-10-03T11:20:56Z,205,False,top-repos
definitelytyped/definitelytyped,B,False,2026-03-11T12:05:35Z,46,False,top-repos
babel/babel,B,False,2026-03-11T15:26:29Z,46,False,top-repos
sboudrias/inquirer.js,B,False,2026-03-10T23:47:33Z,47,False,top-repos
moment/moment,B,False,2024-08-14T17:12:19Z,620,False,top-repos
smithy-lang/smithy-typescript,B,False,2026-04-16T22:56:43Z,10,False,top-repos
lovell/detect-libc,B,False,2025-10-05T12:44:37Z,203,False,top-repos
sindresorhus/map-obj,B,False,2025-09-21T07:21:49Z,218,False,top-repos
mbostock/internmap,B,False,2021-12-08T17:46:47Z,1600,False,top-repos
a11yance/aria-query,B,False,2024-12-06T16:37:20Z,506,False,top-repos
jsdom/jsdom,B,False,2026-03-11T13:09:31Z,46,False,top-repos
eslint/eslintrc,B,False,2026-04-13T08:48:13Z,14,False,top-repos
brianloveswords/buffer-crc32,B,False,2024-02-06T17:57:12Z,810,False,top-repos
sindresorhus/merge-descriptors,B,False,2023-12-21T20:41:19Z,857,False,top-repos
babel/babel,B,False,2026-03-11T15:26:29Z,46,False,top-repos
lodash/lodash,B,False,2026-02-23T06:14:25Z,63,False,top-repos
sindresorhus/string-length,B,False,2026-01-21T14:39:15Z,95,False,top-repos
sindresorhus/dot-prop,B,False,2025-10-05T12:00:56Z,203,False,top-repos
mysticatea/eslint-utils,B,False,2022-11-21T19:20:55Z,1252,False,top-repos
qix-/color-string,B,False,2025-11-15T16:33:25Z,162,False,top-repos
lupomontero/psl,B,False,2025-04-11T14:21:22Z,380,False,top-repos
vercel/arg,B,False,2024-07-18T14:08:05Z,647,False,top-repos
expressjs/express,B,False,2026-03-01T13:55:02Z,56,False,top-repos
tootallnate/file-uri-to-path,B,False,2022-05-24T09:43:38Z,1434,False,top-repos
jonschlinkert/for-in,B,False,2017-02-28T16:13:29Z,3344,False,top-repos
danez/pirates,B,False,2026-02-28T08:38:32Z,58,False,top-repos
eslint/eslint,B,False,2026-03-11T17:30:06Z,46,False,top-repos
sindresorhus/env-paths,B,False,2026-01-24T14:29:07Z,92,False,top-repos
jhchen/fast-diff,B,False,2023-05-19T08:25:10Z,1074,False,top-repos
typescript-eslint/typescript-eslint,B,False,2026-03-10T08:35:03Z,48,False,top-repos
crypto-browserify/hash-base,B,False,2025-09-23T00:02:21Z,216,False,api
tarruda/has,B,False,2023-10-03T17:25:29Z,936,False,top-repos
babel/babel,B,False,2026-03-11T15:26:29Z,46,False,top-repos
sindresorhus/arrify,B,False,2021-11-09T19:53:52Z,1629,False,top-repos
dividab/tsconfig-paths,B,False,2026-02-23T07:34:11Z,63,False,api
simenb/collect-v8-coverage,B,False,2026-04-17T10:02:13Z,10,False,top-repos
jshttp/proxy-addr,B,False,2026-04-01T02:11:35Z,26,False,top-repos
jaredwray/hookified,B,False,2026-03-29T09:36:48Z,29,False,top-repos
substack/text-table,B,,,,False,missing
npm/npm-normalize-package-bin,B,False,2026-03-20T18:58:54Z,37,False,top-repos
hughsk/is-typedarray,B,False,2024-01-23T20:19:10Z,824,False,top-repos
runk/node-chardet,B,False,2026-04-01T01:15:43Z,26,False,top-repos
istanbuljs/babel-plugin-istanbul,B,False,2026-04-09T01:31:06Z,18,False,top-repos
jestjs/jest,B,False,2026-03-10T02:01:16Z,48,False,top-repos
definitelytyped/definitelytyped,B,False,2026-03-11T12:05:35Z,46,False,top-repos
raynos/duplexer,B,False,2021-03-08T16:12:31Z,1875,False,top-repos
webpack/webpack,B,False,2026-03-11T17:53:48Z,46,False,top-repos
babel/babel,B,False,2026-03-11T15:26:29Z,46,False,top-repos
definitelytyped/definitelytyped,B,False,2026-03-11T12:05:35Z,46,False,top-repos
unshiftio/querystringify,B,False,2023-01-08T20:06:40Z,1204,False,top-repos
d3/d3-array,B,False,2025-03-16T16:02:59Z,406,False,top-repos
istanbuljs/istanbuljs,B,False,2025-08-18T12:12:16Z,251,False,top-repos
smithy-lang/smithy-typescript,B,False,2026-04-16T22:56:43Z,10,False,top-repos
babel/babel,B,False,2026-03-11T15:26:29Z,46,False,top-repos
medikoo/next-tick,B,False,2021-06-30T16:05:41Z,1761,False,top-repos
brianloveswords/node-jws,B,False,2026-03-30T19:02:22Z,27,False,api
typescript-eslint/typescript-eslint,B,False,2026-03-10T08:35:03Z,48,False,top-repos
superchupudev/tinyglobby,B,False,2026-04-17T02:45:00Z,10,False,top-repos
doowb/parse-passwd,B,False,2016-10-19T17:51:47Z,3476,False,top-repos
joyent/node-jsprim,B,False,2021-11-29T15:20:24Z,1609,False,api
mathiasbynens/regenerate-unicode-properties,B,False,2025-09-09T20:08:08Z,229,False,top-repos
ljharb/safe-array-concat,B,False,2024-12-12T03:28:28Z,501,False,top-repos
ljharb/unbox-primitive,B,False,2025-12-30T01:57:49Z,118,False,top-repos
stacktracejs/stackframe,B,False,2023-01-27T10:27:11Z,1185,False,top-repos
isaacs/json-stringify-safe,B,False,2024-07-25T15:46:34Z,640,False,api
open-telemetry/opentelemetry-js,B,False,2026-03-11T16:41:01Z,46,False,top-repos
inspect-js/is-negative-zero,B,False,2025-12-30T01:56:22Z,118,False,top-repos
joyent/node-sshpk,B,False,2025-04-03T16:07:06Z,388,False,api
jonschlinkert/is-windows,B,True,2019-06-16T16:01:59Z,2506,True,top-repos
rvagg/node-errno,B,False,2020-12-16T12:58:12Z,1957,False,top-repos
smithy-lang/smithy-typescript,B,False,2026-04-16T22:56:43Z,10,False,top-repos
web-platform-dx/baseline-browser-mapping,B,False,2026-04-14T15:05:13Z,12,False,top-repos
lodash/lodash,B,False,2026-02-23T06:14:25Z,63,False,top-repos
zloirock/core-js,B,False,2026-03-11T18:04:53Z,46,False,top-repos
knownasilya/cli-width,B,False,2026-01-21T23:09:43Z,95,False,top-repos
sindresorhus/is-safe-filename,B,False,2026-01-25T07:44:19Z,92,False,top-repos
mathiasbynens/unicode-match-property-value-ecmascript,B,False,2025-09-09T15:35:08Z,229,False,top-repos
jonschlinkert/regex-not,B,False,2018-02-20T02:37:53Z,2988,False,top-repos
jestjs/jest,B,False,2026-03-10T02:01:16Z,48,False,top-repos
tinylibs/tinyrainbow,B,False,2026-03-12T09:21:36Z,46,False,top-repos
joyent/node-verror,B,False,2026-01-13T22:31:32Z,103,False,api
webpack/watchpack,B,False,2026-04-17T11:26:11Z,9,False,top-repos
floatdrop/pinkie,B,False,2018-08-20T20:16:29Z,2806,False,top-repos
szmarczak/defer-to-connect,B,False,2021-05-12T09:23:11Z,1811,False,top-repos
es-shims/array.prototype.flat,B,False,2025-12-30T01:54:09Z,118,False,top-repos
jestjs/jest,B,False,2026-03-10T02:01:16Z,48,False,top-repos
medikoo/es6-iterator,B,False,2021-06-30T16:03:42Z,1761,False,top-repos
inspect-js/is-shared-array-buffer,B,False,2026-01-13T19:31:49Z,103,False,top-repos
jestjs/jest,B,False,2026-03-10T02:01:16Z,48,False,top-repos
istanbuljs/istanbuljs,B,False,2025-08-18T12:12:16Z,251,False,top-repos
jimmywarting/formdata,B,False,2024-03-06T09:18:04Z,782,False,top-repos
mcollina/split2,B,False,2024-06-10T00:53:06Z,686,False,top-repos
evanw/esbuild,B,False,2026-04-02T20:38:53Z,24,False,top-repos
lukeed/clsx,B,False,2024-06-10T15:48:22Z,685,False,top-repos
babel/babel,B,False,2026-03-11T15:26:29Z,46,False,top-repos
definitelytyped/definitelytyped,B,False,2026-03-11T12:05:35Z,46,False,top-repos
babel/babel,B,False,2026-03-11T15:26:29Z,46,False,top-repos
jridgewell/sourcemaps,B,False,2026-03-29T06:03:29Z,29,False,top-repos
joshglazebrook/smart-buffer,B,False,2026-02-26T19:01:37Z,59,False,top-repos
jestjs/jest,B,False,2026-03-10T02:01:16Z,48,False,top-repos
definitelytyped/definitelytyped,B,False,2026-03-11T12:05:35Z,46,False,top-repos
sindresorhus/is-obj,B,False,2021-04-16T19:05:44Z,1836,False,top-repos
eslint-community/regexpp,B,False,2025-10-23T02:56:35Z,186,False,top-repos
jonschlinkert/set-value,B,False,2023-02-08T02:11:26Z,1174,False,top-repos
sindresorhus/decompress-response,B,False,2025-10-13T18:04:06Z,195,False,top-repos
mathiasbynens/unicode-match-property-ecmascript,B,False,2021-09-14T11:22:43Z,1685,False,top-repos
babel/babel,B,False,2026-03-11T15:26:29Z,46,False,top-repos
smithy-lang/smithy-typescript,B,False,2026-04-16T22:56:43Z,10,False,top-repos
sindresorhus/p-timeout,B,False,2025-10-07T01:46:07Z,202,False,top-repos
jestjs/jest,B,False,2026-03-10T02:01:16Z,48,False,top-repos
benjamn/ast-types,B,False,2024-06-12T20:52:04Z,683,False,top-repos
open-telemetry/opentelemetry-js,B,False,2026-03-11T16:41:01Z,46,False,top-repos
browserify/to-buffer,B,False,2026-04-16T04:19:27Z,11,False,top-repos
definitelytyped/definitelytyped,B,False,2026-03-11T12:05:35Z,46,False,top-repos
babel/babel,B,False,2026-03-11T15:26:29Z,46,False,top-repos
facebook/watchman,B,False,2026-03-11T16:39:47Z,46,False,top-repos
jestjs/jest,B,False,2026-03-10T02:01:16Z,48,False,top-repos
definitelytyped/definitelytyped,B,False,2026-03-11T12:05:35Z,46,False,top-repos
darshanbmehta/telecom-mas-agent,B,False,2025-12-09T03:07:10Z,139,False,api
jestjs/jest,B,False,2026-03-10T02:01:16Z,48,False,top-repos
brightspace/node-ecdsa-sig-formatter,B,False,2025-12-01T13:46:11Z,146,False,top-repos
marak/colors.js,B,False,2023-06-14T06:56:47Z,1048,False,top-repos
sindresorhus/component-emitter,B,False,2023-12-21T20:39:27Z,857,False,top-repos
sindresorhus/index-to-position,B,False,2025-09-25T04:03:37Z,214,False,top-repos
joyent/node-asn1,B,False,2022-09-28T00:50:18Z,1307,False,api
dominictarr/json-buffer,B,True,2018-10-31T01:01:40Z,2735,True,top-repos
sindresorhus/load-json-file,B,False,2023-05-17T10:53:06Z,1075,False,top-repos
jestjs/jest,B,False,2026-03-10T02:01:16Z,48,False,top-repos
tootallnate/once,B,False,2026-02-09T18:19:39Z,76,False,top-repos
medikoo/es5-ext,B,False,2025-05-09T10:21:10Z,353,False,top-repos
qix-/color,B,False,2025-11-14T18:40:24Z,163,False,top-repos
istanbuljs/load-nyc-config,B,False,2026-04-09T17:24:22Z,17,False,top-repos
mikeal/tunnel-agent,B,False,2020-06-05T19:23:01Z,2151,False,api
ahmadnassri/har-schema,B,False,2020-06-04T18:03:42Z,2152,False,top-repos
typescript-eslint/typescript-eslint,B,False,2026-03-10T08:35:03Z,48,False,top-repos
cfware/get-package-type,B,False,2020-05-19T10:06:23Z,2169,False,top-repos
sindresorhus/emittery,B,False,2026-03-04T20:22:46Z,53,False,top-repos
npm/proc-log,B,False,2026-03-20T18:58:55Z,37,False,top-repos
babel/babel,B,False,2026-03-11T15:26:29Z,46,False,top-repos
mridgway/hoist-non-react-statics,B,False,2023-05-26T05:15:42Z,1067,False,top-repos
smithy-lang/smithy-typescript,B,False,2026-04-16T22:56:43Z,10,False,top-repos
smithy-lang/smithy-typescript,B,False,2026-04-16T22:56:43Z,10,False,top-repos
jestjs/jest,B,False,2026-03-10T02:01:16Z,48,False,top-repos
creationix/http-parser-js,B,False,2025-04-08T14:12:29Z,383,False,top-repos
babel/babel,B,False,2026-03-11T15:26:29Z,46,False,top-repos
es-shims/function.prototype.name,B,False,2024-12-20T05:47:36Z,493,False,top-repos
daaku/nodejs-walker,B,False,2021-10-23T14:03:40Z,1646,False,top-repos
nodejs/cjs-module-lexer,B,False,2026-01-02T19:39:21Z,114,False,top-repos
mafintosh/streamx,B,False,2026-03-28T11:37:39Z,29,False,top-repos
inspect-js/get-symbol-description,B,False,2026-01-13T19:31:26Z,103,False,top-repos
xtuc/webassemblyjs,B,False,2025-01-27T05:00:50Z,455,False,top-repos
jestjs/jest,B,False,2026-03-10T02:01:16Z,48,False,top-repos
xtuc/webassemblyjs,B,False,2025-01-27T05:00:50Z,455,False,top-repos
digitalbazaar/forge,B,False,2025-12-06T05:13:44Z,142,False,top-repos
kornelski/http-cache-semantics,B,False,2025-03-19T11:05:27Z,403,False,top-repos
lydell/source-map-resolve,B,True,2023-11-03T16:38:55Z,905,True,top-repos
maxogden/concat-stream,B,False,2021-06-23T02:19:31Z,1769,False,api
inspect-js/is-weakref,B,False,2026-01-20T22:35:26Z,96,False,top-repos
npm/gauge,B,True,2024-05-04T01:09:49Z,723,True,top-repos
faye/websocket-extensions-node,B,False,2023-09-07T18:23:50Z,962,False,top-repos
babel/babel-polyfills,B,False,2026-04-10T18:21:37Z,16,False,top-repos
jedwatson/classnames,B,False,2026-03-09T15:12:53Z,48,False,top-repos
babel/babel,B,False,2026-03-11T15:26:29Z,46,False,top-repos
inspect-js/is-generator-function,B,False,2025-12-30T01:56:19Z,118,False,top-repos
npm/are-we-there-yet,B,True,2024-05-04T00:54:44Z,723,True,top-repos
jestjs/jest,B,False,2026-03-10T02:01:16Z,48,False,top-repos
sindresorhus/os-tmpdir,B,True,2021-01-24T06:14:27Z,1919,True,top-repos
lodash/lodash,B,False,2026-02-23T06:14:25Z,63,False,top-repos
joyent/node-bcrypt-pbkdf,B,False,2019-10-20T17:09:19Z,2380,False,api
tj/co,B,False,2020-12-15T07:22:26Z,1959,False,top-repos
mafintosh/stream-shift,B,False,2024-01-17T19:15:12Z,830,False,top-repos
es-shims/typedarray,B,False,2023-11-07T00:36:13Z,902,False,top-repos
nodejs/nan,B,False,2026-02-05T14:58:33Z,80,False,top-repos
terkelg/prompts,B,False,2025-05-14T16:42:36Z,347,False,top-repos
jestjs/jest,B,False,2026-03-10T02:01:16Z,48,False,top-repos
sboudrias/run-async,B,False,2025-08-08T14:17:15Z,261,False,top-repos
sindresorhus/prepend-http,B,False,2025-09-09T13:17:41Z,229,False,top-repos
joshglazebrook/socks,B,False,2026-03-16T02:37:54Z,42,False,top-repos
indutny/offset-buffer,B,False,2023-04-15T22:07:44Z,1107,False,top-repos
babel/babel,B,False,2026-03-11T15:26:29Z,46,False,top-repos
smithy-lang/smithy-typescript,B,False,2026-04-16T22:56:43Z,10,False,top-repos
facebook/react,B,False,2026-03-11T14:05:17Z,46,False,top-repos
sindresorhus/ora,B,False,2026-02-22T17:45:27Z,63,False,top-repos
goinstant/buffer-equal-constant-time,B,True,2022-02-12T14:32:22Z,1534,True,api
definitelytyped/definitelytyped,B,False,2026-03-11T12:05:35Z,46,False,top-repos
yargs/require-main-filename,B,False,2023-12-15T05:59:41Z,864,False,api
babel/babel,B,False,2026-03-11T15:26:29Z,46,False,top-repos
ampproject/remapping,B,True,2025-06-28T21:21:49Z,302,True,top-repos
substack/node-wordwrap,B,,,,False,missing
smithy-lang/smithy-typescript,B,False,2026-04-16T22:56:43Z,10,False,top-repos
jestjs/jest,B,False,2026-03-10T02:01:16Z,48,False,top-repos
es-shims/object.entries,B,False,2025-12-30T01:55:00Z,118,False,top-repos
inspect-js/data-view-buffer,B,False,2026-01-13T19:31:17Z,103,False,top-repos
jscommunity/make-error,B,False,2023-01-07T02:34:10Z,1206,False,top-repos
sindresorhus/aggregate-error,B,False,2023-09-14T06:53:30Z,956,False,top-repos
sindresorhus/yoctocolors,B,False,2025-08-21T08:24:51Z,249,False,top-repos
svg/svgo,B,False,2026-03-08T20:29:53Z,49,False,top-repos
inspect-js/data-view-byte-offset,B,False,2026-01-13T19:31:21Z,103,False,top-repos
mscdex/streamsearch,B,False,2023-10-16T13:35:05Z,923,False,top-repos
inspect-js/typed-array-byte-offset,B,False,2024-12-19T05:58:29Z,494,False,top-repos
mathiasbynens/he,B,False,2021-12-29T22:20:03Z,1579,False,top-repos
kumavis/browser-process-hrtime,B,False,2022-01-06T15:04:22Z,1571,False,top-repos
ljharb/shell-quote,B,False,2026-01-13T19:32:56Z,103,False,top-repos
inspect-js/data-view-byte-length,B,False,2026-01-13T19:31:19Z,103,False,top-repos
bnjmnt4n/regjsgen,B,False,2026-02-28T08:45:08Z,58,False,top-repos
unshiftio/url-parse,B,False,2023-01-04T21:12:05Z,1208,False,top-repos
mafintosh/duplexify,B,False,2024-06-14T07:49:56Z,682,False,top-repos
crypto-browserify/sha.js,B,False,2025-10-23T23:09:37Z,185,False,api
xtuc/webassemblyjs,B,False,2025-01-27T05:00:50Z,455,False,top-repos
mishoo/uglifyjs,B,False,2024-11-22T08:11:38Z,521,False,top-repos
babel/babel,B,False,2026-03-11T15:26:29Z,46,False,top-repos
jshttp/on-headers,B,False,2026-01-03T20:14:04Z,113,False,top-repos
babel/babel,B,False,2026-03-11T15:26:29Z,46,False,top-repos
tritondatacenter/node-http-signature,B,False,2023-11-16T18:34:24Z,892,False,top-repos
babel/babel,B,False,2026-03-11T15:26:29Z,46,False,top-repos
webpack/loader-runner,B,False,2026-04-16T18:54:18Z,10,False,top-repos
babel/babel,B,False,2026-03-11T15:26:29Z,46,False,top-repos
es-shims/arraybuffer.prototype.slice,B,False,2024-12-15T21:56:18Z,497,False,top-repos
humanwhocodes/retry,B,False,2025-12-30T12:58:44Z,117,False,top-repos
jestjs/jest,B,False,2026-03-10T02:01:16Z,48,False,top-repos
smithy-lang/smithy-typescript,B,False,2026-04-16T22:56:43Z,10,False,top-repos
jsdom/html-encoding-sniffer,B,False,2025-12-26T03:54:28Z,122,False,top-repos
protobufjs/protobuf.js,B,False,2026-04-16T21:31:03Z,10,False,top-repos
babel/babel,B,False,2026-03-11T15:26:29Z,46,False,top-repos
sindresorhus/redent,B,False,2021-05-03T19:21:09Z,1819,False,top-repos
inspect-js/typed-array-byte-length,B,False,2024-12-17T22:33:10Z,495,False,top-repos
babel/babel,B,False,2026-03-11T15:26:29Z,46,False,top-repos
crypto-browserify/md5.js,B,False,2024-12-21T09:51:10Z,492,False,api
babel/babel,B,False,2026-03-11T15:26:29Z,46,False,top-repos
babel/babel,B,False,2026-03-11T15:26:29Z,46,False,top-repos
dmnd/dedent,B,False,2026-03-01T16:05:49Z,56,False,top-repos
jonschlinkert/object-copy,B,False,2020-12-16T04:08:32Z,1958,False,top-repos
aws/aws-sdk-js-v3,B,False,2026-03-11T17:22:43Z,46,False,top-repos
sindresorhus/got,B,False,2026-02-28T15:52:43Z,57,False,top-repos
tootallnate/proxy-agents,B,False,2026-03-11T19:04:38Z,46,False,top-repos
jestjs/jest,B,False,2026-03-10T02:01:16Z,48,False,top-repos
sindresorhus/define-lazy-prop,B,False,2023-03-19T22:30:36Z,1134,False,top-repos
jestjs/jest,B,False,2026-03-10T02:01:16Z,48,False,top-repos
jestjs/jest,B,False,2026-03-10T02:01:16Z,48,False,top-repos
smithy-lang/smithy-typescript,B,False,2026-04-16T22:56:43Z,10,False,top-repos
kevva/astral-regex,B,False,2019-04-05T10:44:54Z,2578,False,api
jestjs/jest,B,False,2026-03-10T02:01:16Z,48,False,top-repos
smithy-lang/smithy-typescript,B,False,2026-04-16T22:56:43Z,10,False,top-repos
gozala/querystring,B,False,2023-11-02T09:55:20Z,907,False,top-repos
babel/babel,B,False,2026-03-11T15:26:29Z,46,False,top-repos
quartzjer/ecc-jsbn,B,False,2018-08-20T19:56:44Z,2806,False,api
trentm/node-dashdash,B,False,2023-03-05T01:43:18Z,1149,False,top-repos
babel/babel,B,False,2026-03-11T15:26:29Z,46,False,top-repos
crypto-browserify/cipher-base,B,False,2025-09-25T04:52:33Z,214,False,api
jsdom/data-urls,B,False,2026-03-21T10:29:53Z,36,False,top-repos
mhart/aws4,B,False,2024-10-31T02:21:23Z,543,False,top-repos
jonschlinkert/repeat-string,B,False,2022-01-17T05:08:54Z,1561,False,top-repos
jonschlinkert/shallow-clone,B,False,2025-09-04T10:33:03Z,234,False,top-repos
jonschlinkert/global-modules,B,False,2018-12-15T02:42:48Z,2690,False,top-repos
arekinath/node-getpass,B,False,2017-04-25T23:40:42Z,3288,False,top-repos
kikobeats/emojis-list,B,False,2023-11-30T09:14:28Z,879,False,api
jonschlinkert/map-visit,B,False,2022-06-27T09:45:31Z,1400,False,top-repos
istanbuljs/v8-to-istanbul,B,False,2026-04-08T17:03:34Z,18,False,top-repos
novemberborn/common-path-prefix,B,False,2019-11-03T17:04:11Z,2366,False,top-repos
facebook/react,B,False,2026-03-11T14:05:17Z,46,False,top-repos
babel/babel,B,False,2026-03-11T15:26:29Z,46,False,top-repos
sindresorhus/cli-spinners,B,False,2026-02-16T01:42:41Z,70,False,top-repos
defunctzombie/node-url,B,False,2024-07-26T19:54:09Z,639,False,top-repos
arcanis/jest-pnp-resolver,B,False,2022-11-15T09:47:32Z,1259,False,top-repos
smithy-lang/smithy-typescript,B,False,2026-04-16T22:56:43Z,10,False,top-repos
nexdrew/which-module,B,False,2023-04-21T14:38:21Z,1101,False,api
babel/babel,B,False,2026-03-11T15:26:29Z,46,False,top-repos
calvinmetcalf/immediate,B,False,2023-09-18T09:41:45Z,952,False,top-repos
babel/babel,B,False,2026-03-11T15:26:29Z,46,False,top-repos
jonschlinkert/to-regex,B,False,2020-11-30T04:16:18Z,1974,False,top-repos
here-be/snapdragon,B,False,2023-03-14T09:12:47Z,1140,False,top-repos
visionmedia/node-progress,B,False,2023-02-13T23:42:44Z,1168,False,top-repos
fent/ret.js,B,False,2026-01-24T01:24:51Z,93,False,top-repos
chalk/supports-hyperlinks,B,False,2026-02-03T12:45:45Z,82,False,top-repos
jestjs/jest,B,False,2026-03-10T02:01:16Z,48,False,top-repos
iarna/console-control-strings,B,False,2020-12-18T05:56:02Z,1956,False,top-repos
babel/babel,B,False,2026-03-11T15:26:29Z,46,False,top-repos
jonschlinkert/array-unique,B,False,2020-11-02T07:17:44Z,2002,False,top-repos
faye/faye-websocket-node,B,False,2023-09-07T18:19:35Z,962,False,top-repos
sindresorhus/p-finally,B,True,2021-04-09T05:45:17Z,1844,True,top-repos
mysticatea/regexpp,B,False,2023-04-30T13:02:28Z,1092,False,top-repos
es-shims/object.fromentries,B,False,2025-12-30T01:55:02Z,118,False,top-repos
humanwhocodes/module-importer,B,False,2025-02-19T21:42:46Z,431,False,top-repos
dabh/colors.js,B,False,2024-11-18T18:47:58Z,524,False,top-repos
facebook/regenerator,B,True,2024-02-29T11:04:34Z,787,True,top-repos
babel/babel,B,False,2026-03-11T15:26:29Z,46,False,top-repos
sindresorhus/is,B,False,2025-12-27T10:44:17Z,120,False,top-repos
smithy-lang/smithy-typescript,B,False,2026-04-16T22:56:43Z,10,False,top-repos
babel/babel,B,False,2026-03-11T15:26:29Z,46,False,top-repos
crypto-browserify/createhash,B,False,2026-02-25T01:03:53Z,61,False,api
tapjs/foreground-child,B,False,2026-03-26T07:01:30Z,32,False,top-repos
aws/aws-sdk-js-crypto-helpers,B,False,2026-04-16T21:30:34Z,10,False,top-repos
babel/babel-polyfills,B,False,2026-04-10T18:21:37Z,16,False,top-repos
typestrong/ts-node,B,False,2024-07-18T18:14:16Z,647,False,top-repos
babel/babel,B,False,2026-03-11T15:26:29Z,46,False,top-repos
vuejs/core,B,False,2026-03-11T09:51:50Z,47,False,top-repos
csstools/postcss-plugins,B,False,2026-04-13T05:04:40Z,14,False,top-repos
babel/babel,B,False,2026-03-11T15:26:29Z,46,False,top-repos
babel/babel,B,False,2026-03-11T15:26:29Z,46,False,top-repos
mikeal/caseless,B,False,2021-03-23T10:07:12Z,1861,False,api
ungap/structured-clone,B,False,2025-01-23T14:12:57Z,458,False,top-repos
zertosh/invariant,B,False,2021-12-14T00:53:36Z,1595,False,top-repos
holepunchto/b4a,B,False,2026-02-19T18:52:02Z,66,False,top-repos
martinheidegger/ip-codec,B,False,2024-03-27T04:42:03Z,761,False,api
babel/babel,B,False,2026-03-11T15:26:29Z,46,False,top-repos
mikemcl/bignumber.js,B,False,2026-02-24T19:57:07Z,61,False,top-repos
import-js/eslint-plugin-import,B,False,2026-03-05T21:16:52Z,52,False,top-repos
jonschlinkert/clone-deep,B,False,2024-02-09T23:45:49Z,807,False,top-repos
thenables/thenify,B,False,2020-10-25T09:01:40Z,2010,False,top-repos
swc-project/swc,B,False,2026-03-11T06:08:59Z,47,False,top-repos
es-shims/array.prototype.flatmap,B,False,2025-12-30T01:54:12Z,118,False,top-repos
babel/babel,B,False,2026-03-11T15:26:29Z,46,False,top-repos
babel/babel,B,False,2026-03-11T15:26:29Z,46,False,top-repos
watson/is-ci,B,False,2024-12-08T08:22:17Z,505,False,top-repos
jonschlinkert/copy-descriptor,B,False,2016-06-09T18:32:11Z,3608,False,top-repos
smithy-lang/smithy-typescript,B,False,2026-04-16T22:56:43Z,10,False,top-repos
jsdom/whatwg-encoding,B,True,2025-12-28T03:52:47Z,120,True,top-repos
mikeal/aws-sign,B,False,2020-06-02T19:02:12Z,2154,False,api
sindresorhus/merge-streams,B,False,2024-10-28T05:11:35Z,546,False,top-repos
babel/babel,B,False,2026-03-11T15:26:29Z,46,False,top-repos
jestjs/jest,B,False,2026-03-10T02:01:16Z,48,False,top-repos
babel/babel-polyfills,B,False,2026-04-10T18:21:37Z,16,False,top-repos
es-shims/object-is,B,False,2026-03-18T18:37:00Z,39,False,top-repos
jsdom/cssstyle,B,False,2026-03-21T10:27:50Z,36,False,top-repos
babel/babel,B,False,2026-03-11T15:26:29Z,46,False,top-repos
richienb/char-regex,B,False,2024-11-20T14:25:28Z,522,False,top-repos
definitelytyped/definitelytyped,B,False,2026-03-11T12:05:35Z,46,False,top-repos
jonschlinkert/arr-diff,B,False,2022-01-04T11:06:12Z,1573,False,top-repos
babel/babel,B,False,2026-03-11T15:26:29Z,46,False,top-repos
micromark/micromark,B,False,2025-05-10T18:46:45Z,351,False,top-repos
babel/babel,B,False,2026-03-11T15:26:29Z,46,False,top-repos
ariaminaei/utila,B,True,2014-12-21T08:07:11Z,4145,True,top-repos
import-js/eslint-plugin-import,B,False,2026-03-05T21:16:52Z,52,False,top-repos
ljharb/system.global,B,False,2025-12-30T01:54:30Z,118,False,api
import-js/eslint-plugin-import,B,False,2026-03-05T21:16:52Z,52,False,top-repos
mafintosh/fast-fifo,B,False,2024-05-03T16:25:57Z,723,False,top-repos
date-fns/date-fns,B,False,2025-09-08T08:25:16Z,231,False,top-repos
jshttp/compressible,B,False,2026-03-01T13:09:33Z,56,False,top-repos
babel/babel,B,False,2026-03-11T15:26:29Z,46,False,top-repos
sindresorhus/p-cancelable,B,False,2025-09-09T09:35:14Z,230,False,top-repos
gulpjs/interpret,B,False,2024-08-15T19:15:20Z,619,False,top-repos
babel/babel,B,False,2026-03-11T15:26:29Z,46,False,top-repos
cssnano/cssnano,B,False,2026-04-13T20:00:48Z,13,False,top-repos
rvagg/isstream,B,False,2015-12-30T12:19:22Z,3770,False,top-repos
babel/babel,B,False,2026-03-11T15:26:29Z,46,False,top-repos
leonidas-from-xiv/node-xml2js,B,False,2023-07-30T10:41:35Z,1001,False,top-repos
ajafff/tsutils,B,False,2024-03-10T22:14:58Z,777,False,top-repos
lodash/lodash,B,False,2026-02-23T06:14:25Z,63,False,top-repos
definitelytyped/definitelytyped,B,False,2026-03-11T12:05:35Z,46,False,top-repos
mikemcl/big.js,B,False,2025-04-22T19:47:27Z,369,False,top-repos
lddubeau/saxes,B,True,2025-12-31T16:42:03Z,116,True,top-repos
cowboy/node-exit,B,False,2025-03-03T16:30:14Z,419,False,top-repos
doowb/homedir-polyfill,B,False,2019-02-21T18:42:32Z,2621,False,top-repos
css-modules/postcss-modules-local-by-default,B,False,2026-01-21T23:38:22Z,95,False,top-repos
jsdom/w3c-xmlserializer,B,False,2023-11-12T07:59:11Z,897,False,top-repos
postcss/autoprefixer,B,False,2026-02-25T19:33:16Z,60,False,top-repos
unclechu/node-deep-extend,B,False,2020-12-02T10:08:26Z,1972,False,top-repos
mikeal/forever-agent,B,False,2020-06-05T21:48:08Z,2151,False,api
blakeembrey/change-case,B,False,2025-06-17T20:12:46Z,313,False,top-repos
substack/node-commondir,B,,,,False,missing
syntax-tree/unist-util-stringify-position,B,False,2023-07-07T10:09:24Z,1025,False,top-repos
jonschlinkert/arr-union,B,False,2020-11-05T07:59:12Z,1999,False,top-repos
sindresorhus/responselike,B,False,2025-10-10T08:13:43Z,199,False,top-repos
inspect-js/node-deep-equal,B,False,2026-03-16T05:30:05Z,42,False,top-repos
ljharb/set-function-name,B,False,2025-12-30T01:57:42Z,118,False,top-repos
nodejs/node-addon-api,B,False,2026-03-09T00:20:51Z,49,False,top-repos
npm/npmlog,B,True,2024-05-03T20:54:15Z,723,True,top-repos
css-modules/postcss-modules-scope,B,False,2026-01-21T23:42:28Z,95,False,top-repos
sindresorhus/cli-truncate,B,False,2026-04-04T13:38:12Z,22,False,top-repos
micromatch/expand-brackets,B,False,2021-10-04T10:08:35Z,1666,False,top-repos
jonschlinkert/to-object-path,B,False,2020-12-31T20:04:05Z,1942,False,top-repos
nyalab/caniuse-api,B,False,2024-05-05T22:02:13Z,721,False,top-repos
sindresorhus/yn,B,False,2025-08-22T08:54:56Z,248,False,top-repos
smithy-lang/smithy-typescript,B,False,2026-04-16T22:56:43Z,10,False,top-repos
bcoe/v8-coverage,B,False,2025-01-15T17:29:07Z,466,False,top-repos
mattcg/language-subtag-registry,B,False,2025-12-09T14:07:24Z,138,False,top-repos
definitelytyped/definitelytyped,B,False,2026-03-11T12:05:35Z,46,False,top-repos
css-modules/postcss-modules-extract-imports,B,False,2026-01-21T23:13:32Z,95,False,top-repos
sboudrias/inquirer.js,B,False,2026-03-10T23:47:33Z,47,False,top-repos
blakeembrey/change-case,B,False,2025-06-17T20:12:46Z,313,False,top-repos
sindresorhus/is-generator-fn,B,False,2022-07-08T12:12:40Z,1388,False,top-repos
indutny/brorand,B,False,2018-06-09T21:46:29Z,2878,False,top-repos
css-modules/postcss-modules-values,B,False,2024-01-18T13:50:14Z,829,False,top-repos
inspect-js/is-set,B,False,2026-01-13T19:31:47Z,103,False,top-repos
unjs/jiti,B,False,2026-03-11T16:04:53Z,46,False,top-repos
lodash/lodash,B,False,2026-02-23T06:14:25Z,63,False,top-repos
babel/babel,B,False,2026-03-11T15:26:29Z,46,False,top-repos
smithy-lang/smithy-typescript,B,False,2026-04-16T22:56:43Z,10,False,top-repos
babel/babel,B,False,2026-03-11T15:26:29Z,46,False,top-repos
babel/babel,B,False,2026-03-11T15:26:29Z,46,False,top-repos
webpack/css-loader,B,False,2026-03-10T11:21:57Z,47,False,top-repos
googleapis/google-cloud-node-core,B,True,2026-03-19T17:28:24Z,38,True,top-repos
babel/babel,B,False,2026-03-11T15:26:29Z,46,False,top-repos
crypto-browserify/ripemd160,B,False,2025-09-23T03:21:28Z,216,False,api
mrkmg/node-external-editor,B,False,2022-07-20T18:00:09Z,1376,False,top-repos
iarna/wide-align,B,False,2021-10-18T12:33:10Z,1651,False,top-repos
indutny/node-ip,B,False,2024-08-20T06:56:14Z,615,False,top-repos
syntax-tree/unist-util-visit,B,False,2026-01-22T19:02:30Z,94,False,top-repos
immutable-js/immutable-js,B,False,2026-03-06T10:48:41Z,51,False,top-repos
babel/babel,B,False,2026-03-11T15:26:29Z,46,False,top-repos
typescript-eslint/typescript-eslint,B,False,2026-03-10T08:35:03Z,48,False,top-repos
syntax-tree/unist-util-visit-parents,B,False,2025-10-16T18:20:42Z,192,False,top-repos
npm/make-fetch-happen,B,False,2026-03-16T18:04:40Z,41,False,top-repos
unjs/pathe,B,False,2026-04-17T00:32:27Z,10,False,top-repos
samccone/chrome-trace-event,B,False,2024-05-29T16:34:49Z,697,False,top-repos
rollup/plugins,B,False,2026-03-08T03:37:27Z,50,False,top-repos
babel/preset-modules,B,False,2023-07-21T17:36:41Z,1010,False,top-repos
thejoshwolfe/yauzl,B,False,2026-04-01T11:46:55Z,25,False,top-repos
mdevils/html-entities,B,False,2025-04-06T16:04:39Z,385,False,top-repos
jsdom/js-symbol-tree,B,False,2020-04-25T23:51:56Z,2192,False,top-repos
jonschlinkert/posix-character-classes,B,False,2020-12-22T08:50:59Z,1952,False,api
beaugunderson/ip-address,B,False,2026-02-27T23:52:39Z,58,False,top-repos
jestjs/jest,B,False,2026-03-10T02:01:16Z,48,False,top-repos
ahmadnassri/node-har-validator,B,False,2026-04-15T14:03:34Z,11,False,top-repos
remix-run/react-router,B,False,2026-03-11T07:22:33Z,47,False,top-repos
smithy-lang/smithy-typescript,B,False,2026-04-16T22:56:43Z,10,False,top-repos
jaredwray/cacheable,B,False,2026-02-27T16:41:49Z,58,False,top-repos
guybedford/es-module-lexer,B,False,2025-12-19T10:57:10Z,128,False,top-repos
rollup/rollup,B,False,2026-03-11T14:23:36Z,46,False,top-repos
python/typing_extensions,A,False,2026-04-06T21:55:42Z,20,False,top-repos
benjaminp/six,A,False,2026-02-23T02:19:45Z,63,False,top-repos
urllib3/urllib3,A,False,2026-03-11T05:26:11Z,47,False,top-repos
eliben/pycparser,A,False,2026-01-24T14:25:22Z,92,False,top-repos
python-cffi/cffi,A,False,2026-03-29T19:43:10Z,28,False,top-repos
dateutil/dateutil,A,False,2026-03-03T05:40:58Z,55,False,top-repos
boto/boto3,A,False,2026-03-11T17:23:35Z,46,False,top-repos
pypa/packaging,A,False,2026-04-16T19:55:46Z,10,False,top-repos
certifi/python-certifi,A,False,2026-04-14T00:31:57Z,13,False,top-repos
kjd/idna,A,False,2025-10-20T21:41:13Z,188,False,top-repos
numpy/numpy,A,False,2026-03-11T17:53:55Z,46,False,top-repos
tartley/colorama,A,False,2025-07-09T17:06:02Z,291,False,top-repos
pyasn1/pyasn1,A,False,2026-03-17T00:53:35Z,41,False,top-repos
pyca/cryptography,A,False,2026-03-11T18:39:31Z,46,False,top-repos
boto/s3transfer,A,False,2026-04-14T18:11:20Z,12,False,top-repos
jawah/charset_normalizer,A,False,2026-04-03T04:38:35Z,24,False,top-repos
pallets/markupsafe,A,False,2025-09-27T18:47:09Z,211,False,top-repos
python/importlib_metadata,A,False,2026-04-13T23:42:06Z,13,False,top-repos
pytest-dev/pytest,A,False,2026-03-11T04:52:24Z,47,False,top-repos
pypa/setuptools,A,False,2026-03-09T12:30:50Z,48,False,top-repos
hukkin/tomli,A,False,2026-04-14T16:51:06Z,12,False,top-repos
google/brotli,A,False,2026-03-11T12:59:25Z,46,False,top-repos
yaml/pyyaml,A,False,2025-09-25T21:29:27Z,213,False,top-repos
python-hyper/brotlicffi,A,False,2026-03-05T18:47:56Z,52,False,top-repos
jaraco/zipp,A,False,2026-04-13T23:25:31Z,13,False,top-repos
astral-sh/ruff,A,False,2026-03-11T18:47:02Z,46,False,top-repos
googleapis/google-auth-library-python,A,True,2026-03-06T16:19:28Z,51,True,top-repos
aio-libs/aiobotocore,A,False,2026-03-09T21:32:01Z,48,False,top-repos
python/tzdata,A,False,2026-04-03T11:19:13Z,23,False,top-repos
pallets/click,A,False,2026-03-02T09:17:27Z,56,False,top-repos
fsspec/filesystem_spec,A,False,2026-02-17T16:01:36Z,68,False,top-repos
pyasn1/pyasn1-modules,A,False,2025-05-09T05:29:48Z,353,False,top-repos
pygments/pygments,A,False,2026-03-07T17:39:05Z,50,False,top-repos
aio-libs/aiohttp,A,False,2026-03-11T10:46:49Z,46,False,top-repos
pypa/wheel,A,False,2026-04-06T18:51:55Z,20,False,top-repos
pypa/pip,A,False,2026-03-07T06:10:09Z,51,False,top-repos
pandas-dev/pandas,A,False,2026-03-11T18:26:44Z,46,False,top-repos
pydantic/pydantic,A,False,2026-03-11T16:25:59Z,46,False,top-repos
pallets/jinja,A,False,2025-06-14T20:35:04Z,316,False,top-repos
sybrenstuvel/python-rsa,A,True,2025-04-16T09:48:11Z,376,True,top-repos
pyparsing/pyparsing,B,False,2026-02-22T17:57:48Z,63,False,top-repos
tox-dev/platformdirs,B,False,2026-04-13T17:16:59Z,13,False,top-repos
aio-libs/multidict,B,False,2026-04-14T23:34:55Z,12,False,top-repos
fsspec/s3fs,B,False,2026-02-18T17:44:23Z,67,False,top-repos
realpython/pytest-mypy,B,False,2025-04-02T19:30:36Z,389,False,top-repos
grahamdumpleton/wrapt,B,False,2026-03-06T04:51:44Z,52,False,top-repos
jpadilla/pyjwt,B,False,2026-03-11T02:01:38Z,47,False,top-repos
gweis/isodate,B,False,2024-10-09T01:49:41Z,565,False,top-repos
oauthlib/oauthlib,B,False,2026-02-28T14:03:09Z,57,False,top-repos
googleapis/proto-plus-python,B,True,2026-02-23T19:29:52Z,62,True,top-repos
mhammond/pywin32,B,False,2026-02-27T04:04:10Z,59,False,top-repos
python-jsonschema/referencing,B,False,2026-04-14T12:24:01Z,12,False,top-repos
pytest-dev/iniconfig,B,False,2026-04-13T21:09:18Z,13,False,top-repos
executablebooks/mdurl,B,False,2026-04-13T16:36:42Z,13,False,top-repos
python-hyper/h11,B,False,2025-04-24T23:29:20Z,367,False,top-repos
aio-libs/frozenlist,B,False,2026-04-06T16:26:17Z,20,False,top-repos
requests/requests-oauthlib,B,False,2025-06-18T06:42:02Z,313,False,top-repos
aio-libs/async-timeout,B,False,2026-03-16T16:26:48Z,41,False,top-repos
python-greenlet/greenlet,B,False,2026-03-01T17:34:24Z,56,False,top-repos
scipy/scipy,B,False,2026-03-11T18:26:07Z,46,False,top-repos
indygreg/python-zstandard,B,False,2025-09-14T19:39:55Z,224,False,top-repos
pallets/werkzeug,B,False,2026-03-02T19:46:12Z,55,False,top-repos
more-itertools/more-itertools,B,False,2026-02-10T20:30:50Z,75,False,top-repos
python-jsonschema/jsonschema,B,False,2026-03-09T18:42:41Z,48,False,top-repos
crate-py/rpds,B,False,2026-04-14T12:22:54Z,12,False,top-repos
pydantic/pydantic-core,B,False,2026-01-07T07:36:47Z,110,False,top-repos
facelessuser/soupsieve,B,False,2026-03-27T16:24:18Z,30,False,top-repos
open-telemetry/opentelemetry-python,B,False,2026-03-11T15:50:29Z,46,False,top-repos
textualize/rich,B,False,2026-02-26T09:52:16Z,60,False,top-repos
aio-libs/yarl,B,False,2026-03-07T14:27:12Z,50,False,top-repos
tkem/cachetools,B,False,2026-03-09T20:27:44Z,48,False,top-repos
apache/arrow,B,False,2026-03-11T14:14:23Z,46,False,top-repos
executablebooks/markdown-it-py,B,False,2026-03-09T16:40:08Z,48,False,top-repos
pallets/flask,B,False,2026-03-08T23:24:17Z,49,False,top-repos
python-pillow/pillow,B,False,2026-03-10T14:12:57Z,47,False,top-repos
ipython/traitlets,B,False,2026-03-02T09:34:18Z,56,False,top-repos
wbond/asn1crypto,B,False,2024-05-13T16:24:43Z,713,False,top-repos
python/mypy,B,False,2026-03-11T03:04:56Z,47,False,top-repos
jquast/wcwidth,B,False,2026-04-15T00:07:44Z,12,False,top-repos
pypa/virtualenv,B,False,2026-03-09T19:23:05Z,48,False,top-repos
googleapis/python-crc32c,B,True,2026-04-01T20:26:51Z,25,True,top-repos
annotated-types/annotated-types,B,False,2026-02-10T20:18:36Z,75,False,top-repos
encode/httpx,B,False,2026-03-01T16:44:00Z,56,False,top-repos
tqdm/tqdm,B,False,2026-02-14T00:27:00Z,72,False,top-repos
pexpect/ptyprocess,B,False,2025-07-17T11:34:46Z,283,False,top-repos
giampaolo/psutil,B,False,2026-03-11T00:27:30Z,47,False,top-repos
gitpython-developers/smmap,B,False,2026-03-09T03:44:22Z,49,False,top-repos
python-trio/sniffio,B,False,2026-03-06T12:22:18Z,51,False,top-repos
lxml/lxml,B,False,2026-03-09T12:11:05Z,48,False,top-repos
cpburnz/python-pathspec,B,False,2026-04-15T02:01:29Z,12,False,top-repos
azuread/microsoft-authentication-library-for-python,B,False,2026-04-16T00:22:16Z,11,False,top-repos
python/importlib_resources,B,False,2026-04-13T23:37:11Z,13,False,top-repos
aio-libs/aiosignal,B,False,2026-04-15T10:24:58Z,12,False,top-repos
python/mypy_extensions,B,False,2025-04-22T15:04:03Z,369,False,top-repos
pyca/pyopenssl,B,False,2026-04-15T21:00:33Z,11,False,top-repos
aio-libs/propcache,B,False,2026-04-14T21:34:27Z,12,False,top-repos
pypa/distlib,B,False,2025-07-18T07:00:31Z,283,False,top-repos
requests/toolbelt,B,False,2025-01-09T01:04:53Z,473,False,top-repos
encode/httpcore,B,False,2026-01-08T03:07:35Z,109,False,top-repos
python-jsonschema/jsonschema-specifications,B,False,2026-04-14T12:24:21Z,12,False,top-repos
pallets/itsdangerous,B,False,2025-06-14T20:35:46Z,316,False,top-repos
googleapis/python-cloud-core,B,True,2026-02-13T01:34:06Z,73,True,top-repos
chardet/chardet,B,False,2026-03-11T15:01:37Z,46,False,top-repos
pyca/pynacl,B,False,2026-02-27T12:12:29Z,58,False,top-repos
coveragepy/coveragepy,B,False,2026-03-10T12:27:42Z,47,False,top-repos
azure/msrest-for-python,B,True,2026-02-28T00:33:23Z,58,True,top-repos
httplib2/httplib2,B,False,2026-01-23T11:00:16Z,93,False,top-repos
msgpack/msgpack-python,B,False,2026-02-21T08:09:34Z,65,False,top-repos
websocket-client/websocket-client,B,False,2026-01-27T13:18:37Z,89,False,top-repos
googleapis/python-storage,B,True,2026-03-31T21:05:05Z,26,True,top-repos
mrabarnett/mrab-regex,B,False,2026-04-03T20:00:52Z,23,False,top-repos
theskumar/python-dotenv,B,False,2026-03-09T07:15:28Z,49,False,top-repos
cloudflare/cloudflare-python,B,False,2026-04-17T11:22:36Z,9,False,top-repos
laurent-laporte-pro/deprecated,B,False,2025-12-15T17:11:05Z,132,False,top-repos
paramiko/paramiko,B,False,2026-03-01T20:44:01Z,56,False,top-repos
uqfoundation/dill,B,False,2026-01-24T02:35:10Z,93,False,top-repos
open-telemetry/opentelemetry-python,B,False,2026-03-11T15:50:29Z,46,False,top-repos
joblib/joblib,B,False,2026-03-03T10:14:42Z,55,False,top-repos
googleapis/google-resumable-media-python,B,True,2026-03-06T17:03:19Z,51,True,top-repos
open-telemetry/opentelemetry-python,B,False,2026-03-11T15:50:29Z,46,False,top-repos
scikit-build/ninja-python-distributions,B,False,2026-04-13T22:11:09Z,13,False,top-repos
jd/tenacity,B,False,2026-03-11T15:54:33Z,46,False,top-repos
andialbrecht/sqlparse,B,False,2025-12-19T07:18:21Z,129,False,top-repos
matplotlib/matplotlib,B,False,2026-03-11T17:34:28Z,46,False,top-repos
gitpython-developers/gitdb,B,False,2026-03-09T13:33:55Z,48,False,top-repos
davidhalter/parso,B,False,2026-04-03T20:09:17Z,23,False,top-repos
pyca/bcrypt,B,False,2026-03-09T03:31:06Z,49,False,top-repos
python/typing,B,False,2026-03-09T19:06:27Z,48,False,top-repos
scikit-learn/scikit-learn,B,False,2026-03-11T17:10:52Z,46,False,top-repos
snowflakedb/snowflake-connector-python,B,False,2026-04-17T08:15:49Z,10,False,top-repos
django/asgiref,B,False,2026-02-23T06:35:28Z,63,False,top-repos
huggingface/huggingface_hub,B,False,2026-03-11T18:05:14Z,46,False,top-repos
astanin/python-tabulate,B,False,2026-03-11T08:45:56Z,47,False,top-repos
marshmallow-code/marshmallow,B,False,2026-03-05T15:17:16Z,52,False,top-repos
pexpect/pexpect,B,False,2025-04-11T06:56:25Z,381,False,top-repos
rthalley/dnspython,B,False,2026-03-08T13:34:59Z,49,False,top-repos
python-poetry/poetry-core,B,False,2026-04-13T21:12:50Z,13,False,top-repos
psycopg/psycopg2,B,False,2026-03-01T23:42:48Z,56,False,top-repos
joblib/threadpoolctl,B,False,2025-11-08T04:15:01Z,170,False,top-repos
aio-libs/aiohappyeyeballs,B,False,2026-04-13T16:25:17Z,13,False,top-repos
gitpython-developers/gitpython,B,False,2026-03-09T23:31:58Z,48,False,top-repos
tornadoweb/tornado,B,False,2026-03-11T01:59:15Z,47,False,top-repos
sarugaku/shellingham,B,False,2026-03-13T18:44:08Z,44,False,top-repos
rapidfuzz/rapidfuzz,B,False,2026-03-11T10:38:45Z,46,False,top-repos
prompt-toolkit/python-prompt-toolkit,B,False,2025-11-17T08:33:22Z,161,False,top-repos
kludex/starlette,B,False,2026-03-07T11:57:25Z,50,False,top-repos
googleapis/google-api-python-client,B,False,2026-03-10T07:45:30Z,48,False,top-repos
cloudpipe/cloudpickle,B,False,2025-11-05T10:43:32Z,172,False,top-repos
pallets-eco/blinker,B,False,2025-11-19T00:43:37Z,159,False,top-repos
googleapis/python-bigquery,B,True,2026-03-06T17:43:52Z,51,True,top-repos
python-distro/distro,B,False,2025-11-14T22:00:34Z,163,False,top-repos
nucleic/kiwi,B,False,2026-04-01T06:50:38Z,26,False,top-repos
pypa/trove-classifiers,B,False,2026-01-14T14:54:16Z,102,False,top-repos
jaraco/keyring,B,False,2025-11-16T16:21:02Z,161,False,top-repos
networkx/networkx,B,False,2026-03-11T08:56:00Z,47,False,top-repos
stefankoegl/python-json-pointer,B,False,2026-03-23T22:37:56Z,34,False,top-repos
python-hyper/uritemplate,B,False,2026-04-14T05:47:28Z,13,False,top-repos
tiran/defusedxml,B,False,2024-09-03T22:29:39Z,600,False,top-repos
matplotlib/cycler,B,False,2025-02-27T20:16:36Z,423,False,top-repos
uiri/toml,B,False,2024-06-26T18:59:56Z,669,False,top-repos
django/django,B,False,2026-03-11T17:53:26Z,46,False,top-repos
serde-rs/serde,A,False,2026-03-06T05:50:24Z,52,False,top-repos
serde-rs/serde,A,False,2026-03-06T05:50:24Z,52,False,top-repos
dtolnay/trybuild,A,False,2026-03-25T06:01:25Z,33,False,top-repos
dtolnay/proc-macro2,A,False,2026-02-16T03:07:53Z,70,False,top-repos
serde-rs/serde,A,False,2026-03-06T05:50:24Z,52,False,top-repos
dtolnay/quote,A,False,2026-03-03T20:54:19Z,54,False,top-repos
rust-lang/rust,A,False,2026-03-11T18:16:21Z,46,False,top-repos
dtolnay/rustversion,A,False,2026-03-24T02:45:54Z,34,False,top-repos
dtolnay/syn,A,False,2026-03-04T04:25:22Z,54,False,top-repos
rust-random/rand,A,False,2026-03-11T16:44:24Z,46,False,top-repos
serde-rs/json,A,False,2026-02-16T03:04:05Z,70,False,top-repos
criterion-rs/criterion.rs,A,False,2026-04-13T17:54:09Z,13,False,top-repos
rust-lang/libc,A,False,2026-03-10T22:44:20Z,47,False,top-repos
microsoft/windows-rs,A,False,2026-03-11T18:40:44Z,46,False,top-repos
microsoft/windows-rs,A,False,2026-03-11T18:40:44Z,46,False,top-repos
rust-lang/log,A,False,2025-12-09T11:21:29Z,138,False,top-repos
rayon-rs/rayon,A,False,2026-01-06T20:58:26Z,110,False,top-repos
burntsushi/quickcheck,A,False,2026-02-10T18:57:43Z,75,False,top-repos
guillaumegomez/doc-comment,A,False,2025-10-24T10:01:16Z,185,False,top-repos
dtolnay/unicode-ident,A,False,2026-02-16T04:54:11Z,70,False,top-repos
rust-random/rand_core,A,False,2026-04-13T15:09:28Z,13,False,top-repos
taiki-e/portable-atomic,A,False,2026-04-16T17:12:06Z,10,False,top-repos
dtolnay/automod,A,False,2026-02-08T21:31:33Z,77,False,top-repos
rust-lang/cfg-if,A,False,2025-11-26T18:13:26Z,151,False,top-repos
rust-lang/flate2-rs,A,False,2026-02-23T05:14:28Z,63,False,top-repos
burntsushi/winapi-util,A,False,2025-09-07T12:24:36Z,231,False,top-repos
rust-random/getrandom,A,False,2026-04-13T17:26:20Z,13,False,top-repos
alexcrichton/tar-rs,A,False,2026-04-04T11:35:45Z,22,False,top-repos
matklad/once_cell,A,False,2026-03-10T14:16:36Z,47,False,top-repos
stebalien/tempfile,A,False,2026-03-11T03:27:11Z,47,False,top-repos
tokio-rs/tokio,A,False,2026-03-11T09:13:39Z,47,False,top-repos
burntsushi/termcolor,A,False,2024-12-31T13:59:34Z,481,False,top-repos
rust-lang/futures-rs,A,False,2026-02-15T13:50:45Z,70,False,top-repos
rust-lang/regex,A,False,2026-02-24T15:41:12Z,61,False,top-repos
burntsushi/memchr,A,False,2026-02-12T12:56:22Z,73,False,top-repos
rust-lang/cc-rs,A,False,2026-03-11T16:00:03Z,46,False,top-repos
toml-rs/toml,A,False,2026-03-11T04:05:04Z,47,False,top-repos
rust-num/num-traits,A,False,2025-06-17T21:40:09Z,313,False,top-repos
nvzqz/static-assertions-rs,A,False,2023-11-18T10:20:29Z,891,False,api
dtolnay/anyhow,A,False,2026-02-20T02:37:17Z,66,False,top-repos
rust-cli/env_logger,A,False,2026-03-05T23:10:50Z,52,False,top-repos
serde-rs/test,A,True,2024-12-17T11:27:55Z,495,True,api
rust-lang/glob,A,False,2025-12-02T07:12:14Z,146,False,top-repos
rust-lang/futures-rs,A,False,2026-02-15T13:50:45Z,70,False,top-repos
dtolnay/no-panic,A,False,2026-02-08T21:44:47Z,77,False,top-repos
rust-fuzz/arbitrary,A,False,2026-03-13T16:30:37Z,44,False,top-repos
jamesmunns/postcard,A,False,2026-02-03T12:11:08Z,82,False,top-repos
dtolnay/dissimilar,A,False,2026-03-15T18:00:06Z,42,False,top-repos
cuviper/autocfg,A,False,2026-02-05T23:34:11Z,80,False,top-repos
bitflags/bitflags,B,False,2026-02-13T22:42:37Z,72,False,top-repos
dtolnay/target-triple,B,False,2025-12-20T17:59:41Z,127,False,top-repos
rust-lang-nursery/lazy-static.rs,B,False,2025-01-29T15:31:06Z,452,False,top-repos
wasm-bindgen/wasm-bindgen,B,False,2026-03-11T17:35:16Z,46,False,top-repos
burntsushi/walkdir,B,False,2024-12-31T13:29:59Z,481,False,top-repos
dtolnay/ref-cast,B,False,2026-03-24T02:43:31Z,34,False,top-repos
rayon-rs/either,B,False,2025-11-04T21:55:00Z,173,False,top-repos
indexmap-rs/indexmap,B,False,2026-01-07T17:07:10Z,109,False,top-repos
rust-lang/futures-rs,B,False,2026-02-15T13:50:45Z,70,False,top-repos
proptest-rs/proptest,B,False,2026-03-09T13:14:50Z,48,False,top-repos
rust-itertools/itertools,B,False,2026-02-20T13:12:52Z,65,False,top-repos
tokio-rs/bytes,B,False,2026-02-04T15:15:37Z,81,False,top-repos
dtolnay/itoa,B,False,2026-03-20T00:12:41Z,38,False,top-repos
dtolnay/thiserror,B,False,2026-02-16T03:09:23Z,70,False,top-repos
wasm-bindgen/wasm-bindgen,B,False,2026-03-11T17:35:16Z,46,False,top-repos
tokio-rs/loom,B,False,2026-02-20T20:40:49Z,65,False,top-repos
smol-rs/fastrand,B,False,2026-04-13T17:37:38Z,13,False,top-repos
taiki-e/pin-project-lite,B,False,2026-04-15T15:00:14Z,11,False,top-repos
rust-lang/compiler-builtins,B,False,2026-04-16T22:19:28Z,10,False,top-repos
rust-random/rngs,B,False,2026-04-11T13:34:52Z,15,False,top-repos
rust-lang/hashbrown,B,False,2026-03-07T05:40:56Z,51,False,top-repos
rustcrypto/utils,B,False,2026-04-13T14:57:52Z,13,False,top-repos
assert-rs/snapbox,B,False,2026-04-16T19:58:06Z,10,False,top-repos
wasm-bindgen/wasm-bindgen,B,False,2026-03-11T17:35:16Z,46,False,top-repos
rustcrypto/utils,B,False,2026-04-13T14:57:52Z,13,False,top-repos
amanieu/parking_lot,B,False,2026-02-21T08:45:36Z,65,False,top-repos
bytecodealliance/rustix,B,False,2026-02-22T16:22:57Z,63,False,top-repos
clap-rs/clap,B,False,2026-03-06T17:20:33Z,51,False,top-repos
sval-rs/sval,B,False,2026-04-14T09:02:22Z,13,False,top-repos
rust-random/rngs,B,False,2026-04-11T13:34:52Z,15,False,top-repos
crossbeam-rs/crossbeam,B,False,2026-02-22T20:58:32Z,63,False,top-repos
tokio-rs/tracing,B,False,2026-02-13T11:44:12Z,72,False,top-repos
rust-lang/tempdir,B,True,2019-09-03T21:37:02Z,2427,True,api
rust-cli/anstyle,B,False,2026-04-16T22:17:01Z,10,False,top-repos
rayon-rs/rayon,B,False,2026-01-06T20:58:26Z,110,False,top-repos
rust-lang/futures-rs,B,False,2026-02-15T13:50:45Z,70,False,top-repos
rust-lang/regex,B,False,2026-02-24T15:41:12Z,61,False,top-repos
servo/rust-smallvec,B,False,2026-02-16T04:06:49Z,70,False,top-repos
rustcrypto/stream-ciphers,B,False,2026-04-13T11:34:07Z,13,False,top-repos
rust-lang/regex,B,False,2026-02-24T15:41:12Z,61,False,top-repos
unicode-rs/unicode-xid,B,False,2025-09-12T16:25:37Z,226,False,top-repos
hyperium/http,B,False,2026-03-03T14:16:15Z,54,False,top-repos
marshallpierce/rust-base64,B,False,2026-04-14T02:44:44Z,13,False,top-repos
dtolnay/paste,B,True,2024-10-06T23:17:03Z,567,True,top-repos
douglasdwyer/wasm_sync,B,False,2024-01-19T23:07:46Z,828,False,top-repos
mvdnes/spin-rs,B,False,2026-03-24T23:16:21Z,33,False,api
google/zerocopy,B,False,2026-03-10T18:17:22Z,47,False,top-repos
seanmonstar/reqwest,B,False,2026-02-15T14:25:30Z,70,False,top-repos
mitsuhiko/insta,B,False,2026-03-10T02:48:17Z,48,False,top-repos
bincode-org/bincode,B,True,2025-08-15T11:21:51Z,254,True,top-repos
rust-cli/anstyle,B,False,2026-04-16T22:17:01Z,10,False,top-repos
rust-embedded/critical-section,B,False,2025-07-29T18:49:03Z,271,False,top-repos
rust-lang/futures-rs,B,False,2026-02-15T13:50:45Z,70,False,top-repos
rustcrypto/traits,B,False,2026-04-16T15:54:09Z,10,False,top-repos
dtolnay/semver,B,False,2026-04-04T00:25:17Z,23,False,top-repos
rust-fuzz/arbitrary,B,False,2026-03-13T16:30:37Z,44,False,top-repos
servo/rust-url,B,False,2026-02-05T12:54:17Z,80,False,top-repos
servo/rust-fnv,B,False,2024-03-20T08:58:38Z,768,False,top-repos
rust-lang/rust,B,False,2026-03-11T18:16:21Z,46,False,top-repos
amanieu/parking_lot,B,False,2026-02-21T08:45:36Z,65,False,top-repos
graydon/exhaustigen-rs,B,False,2024-07-29T16:43:32Z,636,False,top-repos
amanieu/parking_lot,B,False,2026-02-21T08:45:36Z,65,False,top-repos
time-rs/time,B,False,2026-03-11T05:19:24Z,47,False,top-repos
bluss/bencher,B,False,2022-06-23T09:55:16Z,1404,False,top-repos
rust-lang/futures-rs,B,False,2026-02-15T13:50:45Z,70,False,top-repos
tokio-rs/tokio,B,False,2026-03-11T09:13:39Z,47,False,top-repos
comex/rust-shlex,B,False,2026-04-14T02:26:24Z,13,False,top-repos
burntsushi/aho-corasick,B,False,2026-02-27T14:52:55Z,58,False,top-repos
rustcrypto/hashes,B,False,2026-03-06T13:58:25Z,51,False,top-repos
withoutboats/heck,B,False,2025-08-09T10:47:32Z,260,False,top-repos
chronotope/chrono,B,False,2026-02-23T12:15:36Z,62,False,top-repos
rust-lang/futures-rs,B,False,2026-02-15T13:50:45Z,70,False,top-repos
rustcrypto/utils,B,False,2026-04-13T14:57:52Z,13,False,top-repos
dtolnay/indoc,B,False,2026-03-24T02:45:04Z,34,False,top-repos
sval-rs/sval,B,False,2026-04-14T09:02:22Z,13,False,top-repos
chronotope/humantime,B,False,2025-09-11T12:08:46Z,227,False,top-repos
dtolnay/thiserror,B,False,2026-02-16T03:09:23Z,70,False,top-repos
dtolnay/ryu,B,False,2026-02-16T03:08:30Z,70,False,top-repos
lokathor/bytemuck,B,False,2026-01-31T04:59:06Z,86,False,top-repos
serde-rs/bytes,B,False,2025-12-20T05:13:08Z,128,False,top-repos
frommi/miniz_oxide,B,False,2026-03-13T00:17:13Z,45,False,top-repos
burntsushi/ucd-generate,B,False,2024-09-29T12:19:03Z,574,False,top-repos
retep998/winapi-rs,B,False,2024-04-27T20:28:44Z,729,False,top-repos
srijs/rust-crc32fast,B,False,2025-07-13T15:08:55Z,287,False,top-repos
djc/rustc-version-rs,B,False,2024-08-28T09:21:44Z,607,False,top-repos
tokio-rs/slab,B,False,2026-01-31T12:58:19Z,85,False,top-repos
burntsushi/same-file,B,False,2025-10-17T12:41:41Z,191,False,top-repos
rust-lang/pkg-config-rs,B,False,2026-04-13T08:57:16Z,14,False,top-repos
rustcrypto/utils,B,False,2026-04-13T14:57:52Z,13,False,top-repos
knurling-rs/defmt,B,False,2026-02-05T17:55:48Z,80,False,top-repos
dtolnay/syn,B,False,2026-03-04T04:25:22Z,54,False,top-repos
bytecodealliance/wasi-rs,B,False,2026-04-02T17:57:44Z,24,False,top-repos
storyyeller/stable_deref_trait,B,False,2026-03-04T01:35:37Z,54,False,top-repos
hermit-os/hermit-rs,B,False,2026-03-11T14:02:02Z,46,False,top-repos
sergiobenitez/version_check,B,False,2024-07-25T23:38:21Z,640,False,top-repos
rust-lang/backtrace-rs,B,False,2026-01-25T23:44:14Z,91,False,top-repos
seanmonstar/num_cpus,B,False,2026-01-20T18:46:49Z,96,False,top-repos
rust-random/rand,B,False,2026-03-11T16:44:24Z,46,False,top-repos
blyxxyz/lexopt,B,False,2026-02-28T22:40:58Z,57,False,top-repos
burntsushi/bstr,B,False,2026-02-10T12:50:38Z,75,False,top-repos
rust-lang/jobserver-rs,B,False,2025-08-23T22:27:48Z,246,False,top-repos
bluss/scopeguard,B,False,2023-07-17T13:47:49Z,1014,False,top-repos
rust-lang-nursery/pin-utils,B,False,2024-04-05T13:56:26Z,751,False,api
kokakiwi/rust-hex,B,False,2026-01-23T22:25:29Z,93,False,top-repos
tokio-rs/tokio,B,False,2026-03-11T09:13:39Z,47,False,top-repos
rust-lang/socket2,B,False,2026-04-13T14:55:10Z,13,False,top-repos
burntsushi/byteorder,B,False,2024-09-25T20:46:20Z,578,False,top-repos
sval-rs/value-bag,B,False,2025-11-20T12:23:10Z,157,False,top-repos
tokio-rs/tracing,B,False,2026-02-13T11:44:12Z,72,False,top-repos
sval-rs/sval,B,False,2026-04-14T09:02:22Z,13,False,top-repos
nix-rust/nix,B,False,2026-02-28T02:15:56Z,58,False,top-repos
roaringbitmap/roaring-rs,B,False,2026-02-26T10:42:18Z,59,False,top-repos
smol-rs/futures-lite,B,False,2026-02-05T15:31:04Z,80,False,top-repos
burntsushi/fst,B,False,2024-09-25T20:46:04Z,578,False,top-repos
rust-num/num-integer,B,False,2025-02-28T17:42:33Z,422,False,top-repos
rustcrypto/hybrid-array,B,False,2026-04-06T18:19:32Z,20,False,top-repos
burntsushi/jiff,B,False,2026-03-03T23:29:53Z,54,False,top-repos
lokathor/tinyvec,B,False,2026-03-14T20:41:10Z,43,False,top-repos
rust-lang/futures-rs,B,False,2026-02-15T13:50:45Z,70,False,top-repos
alexcrichton/filetime,B,False,2026-02-10T15:32:54Z,75,False,top-repos
gilnaa/memoffset,B,False,2024-03-26T19:58:49Z,761,False,top-repos
wasm-bindgen/wasm-bindgen,B,False,2026-03-11T17:35:16Z,46,False,top-repos
dalek-cryptography/subtle,B,False,2024-08-03T23:10:52Z,631,False,top-repos
tokio-rs/tracing,B,False,2026-02-13T11:44:12Z,72,False,top-repos
rustcrypto/utils,B,False,2026-04-13T14:57:52Z,13,False,top-repos
xampprocky/remove_dir_all,B,False,2026-03-11T13:12:13Z,46,False,top-repos
uuid-rs/uuid,B,False,2026-03-05T22:55:52Z,52,False,top-repos
taiki-e/pin-project,B,False,2026-04-15T15:00:04Z,11,False,top-repos
dtolnay/zmij,B,False,2026-03-02T07:54:19Z,56,False,top-repos
bluss/arrayvec,B,False,2024-10-19T17:52:26Z,554,False,top-repos
sval-rs/sval,B,False,2026-04-14T09:02:22Z,13,False,top-repos
dtolnay/serde-stacker,B,False,2026-01-25T02:49:35Z,92,False,top-repos
japaric/cast.rs,B,False,2021-09-04T11:07:45Z,1695,False,top-repos
slint-ui/document-features,B,False,2025-10-24T09:44:56Z,185,False,top-repos
hyperium/hyper,B,False,2026-02-17T12:25:58Z,68,False,top-repos
rustls/rustls,B,False,2026-03-11T16:34:01Z,46,False,top-repos
tokio-rs/mio,B,False,2026-03-05T12:27:41Z,52,False,top-repos
unicode-rs/unicode-width,B,False,2026-02-19T16:40:05Z,66,False,top-repos
dtolnay/async-trait,B,False,2026-02-16T03:05:30Z,70,False,top-repos
rapidfuzz/strsim-rs,B,False,2025-11-27T21:49:25Z,150,False,top-repos
rust-pretty-assertions/rust-pretty-assertions,B,False,2025-09-26T21:37:40Z,212,False,top-repos
rust-bakery/nom,B,False,2025-08-26T11:10:34Z,243,False,top-repos
hyperium/http-body,B,False,2025-11-25T21:49:27Z,152,False,top-repos
lambda-fairy/rust-errno,B,False,2026-04-04T03:05:36Z,23,False,top-repos
rustcrypto/traits,B,False,2026-04-16T15:54:09Z,10,False,top-repos
winnow-rs/winnow,B,False,2026-04-16T21:50:12Z,10,False,top-repos
rust-phf/rust-phf,B,False,2026-03-05T10:13:25Z,53,False,top-repos
rust-num/num-bigint,B,False,2025-05-13T23:43:23Z,348,False,top-repos
lukaskalbertodt/litrs,B,False,2025-10-20T10:43:35Z,188,False,top-repos
servo/rust-url,B,False,2026-02-05T12:54:17Z,80,False,top-repos
indexmap-rs/equivalent,B,False,2025-02-14T22:14:28Z,436,False,top-repos
retep998/winapi-rs,B,False,2024-04-27T20:28:44Z,729,False,top-repos
retep998/winapi-rs,B,False,2024-04-27T20:28:44Z,729,False,top-repos
tokio-rs/tracing,B,False,2026-02-13T11:44:12Z,72,False,top-repos
tkaitchuck/ahash,B,False,2025-11-21T02:04:40Z,157,False,top-repos
briansmith/untrusted,B,False,2023-09-04T19:37:07Z,965,False,top-repos
cryptocorrosion/cryptocorrosion,B,False,2025-11-18T12:24:22Z,159,False,top-repos
sunfishcode/linux-raw-sys,B,False,2026-03-30T16:09:08Z,27,False,top-repos
briansmith/ring,B,False,2026-04-16T19:26:21Z,10,False,top-repos
rust-cli/env_logger,B,False,2026-03-05T23:10:50Z,52,False,top-repos
stebalien/xattr,B,False,2025-12-16T18:01:10Z,131,False,top-repos
rust-lang/cc-rs,B,False,2026-03-11T16:00:03Z,46,False,top-repos
servo/rust-url,B,False,2026-02-05T12:54:17Z,80,False,top-repos
sunfishcode/is-terminal,B,False,2025-10-23T18:19:45Z,185,False,top-repos
burntsushi/rust-csv,B,False,2025-10-17T13:56:11Z,191,False,top-repos
rustcrypto/traits,B,False,2026-04-16T15:54:09Z,10,False,top-repos
vorner/signal-hook,B,False,2026-04-04T08:10:09Z,23,False,top-repos
rust-num/num-complex,B,False,2025-05-13T23:11:51Z,348,False,top-repos
servo/rust-url,B,False,2026-02-05T12:54:17Z,80,False,top-repos
rustls/pki-types,B,False,2026-04-10T23:07:43Z,16,False,top-repos
near/borsh-rs,B,False,2026-03-18T14:28:26Z,39,False,top-repos
toml-rs/toml,B,False,2026-03-11T04:05:04Z,47,False,top-repos
paholg/typenum,B,False,2025-11-02T22:36:27Z,175,False,top-repos
rust-lang/libz-sys,B,False,2026-04-13T07:58:08Z,14,False,top-repos
unicode-rs/unicode-segmentation,B,False,2026-04-08T00:20:31Z,19,False,top-repos
fizyk20/generic-array,B,False,2025-11-19T05:09:22Z,159,False,top-repos
rust-lang/rustc-hash,B,False,2026-03-28T09:35:53Z,30,False,top-repos
rust-lang/rust-bindgen,B,False,2026-02-24T15:55:07Z,61,False,top-repos
wasm-bindgen/wasm-bindgen,B,False,2026-03-11T17:35:16Z,46,False,top-repos
microsoft/windows-rs,B,False,2026-03-11T18:40:44Z,46,False,top-repos
peternator7/strum,B,False,2026-03-07T01:28:08Z,51,False,top-repos
la10736/rstest,B,False,2026-01-09T17:59:56Z,107,False,top-repos
rust-lang/regex,B,False,2026-02-24T15:41:12Z,61,False,top-repos
seanmonstar/unicase,B,False,2026-01-06T15:50:23Z,110,False,top-repos
bytecodealliance/wasi-rs,B,False,2026-04-02T17:57:44Z,24,False,top-repos
tokio-rs/valuable,B,False,2026-03-08T03:00:00Z,50,False,top-repos
microsoft/windows-rs,B,False,2026-03-11T18:40:44Z,46,False,top-repos
dtolnay/ref-cast,B,False,2026-03-24T02:43:31Z,34,False,top-repos
crossbeam-rs/crossbeam,B,False,2026-02-22T20:58:32Z,63,False,top-repos
microsoft/windows-rs,B,False,2026-03-11T18:40:44Z,46,False,top-repos
microsoft/windows-rs,B,False,2026-03-11T18:40:44Z,46,False,top-repos
microsoft/windows-rs,B,False,2026-03-11T18:40:44Z,46,False,top-repos
rustls/webpki-roots,B,False,2026-04-16T11:57:47Z,10,False,top-repos
paritytech/scale-info,B,False,2025-02-19T16:43:01Z,431,False,api
rust-embedded/heapless,B,False,2026-02-16T19:59:28Z,69,False,top-repos
besser82/libxcrypt,A,False,2025-12-10T22:08:51Z,137,False,top-repos
thkukuk/rpcsvc-proto,A,False,2025-08-01T10:09:54Z,269,False,top-repos
facebook/zstd,A,False,2026-03-06T00:00:23Z,52,False,top-repos
tukaani-project/xz,B,False,2026-03-06T16:13:57Z,51,False,top-repos
systemd/systemd,B,False,2026-03-11T18:52:00Z,46,False,top-repos
openssl/openssl,B,False,2026-03-11T15:51:22Z,46,False,top-repos
lz4/lz4,B,False,2026-03-03T04:44:50Z,55,False,top-repos
bdwgc/bdwgc,B,False,2026-03-10T08:03:37Z,48,False,top-repos
libjpeg-turbo/libjpeg-turbo,B,False,2026-03-05T20:10:44Z,52,False,top-repos
pkgconf/pkgconf,B,False,2026-04-17T05:28:02Z,10,False,top-repos
cyan4973/xxhash,B,False,2026-03-02T12:10:13Z,55,False,top-repos
pcre2project/pcre2,B,False,2026-03-03T21:25:19Z,54,False,top-repos
harfbuzz/harfbuzz,B,False,2026-03-11T19:01:14Z,46,False,top-repos
unicode-org/icu,B,False,2026-03-11T14:31:49Z,46,False,top-repos
nghttp2/nghttp2,B,False,2026-03-11T15:47:15Z,46,False,top-repos
util-linux/util-linux,B,False,2026-03-11T11:36:25Z,46,False,top-repos
google/brotli,B,False,2026-03-11T12:59:25Z,46,False,top-repos
libexpat/libexpat,B,False,2026-03-08T15:59:00Z,49,False,top-repos
libuv/libuv,B,False,2026-03-11T18:46:54Z,46,False,top-repos
linux-pam/linux-pam,B,False,2026-03-23T10:17:33Z,35,False,top-repos
c-ares/c-ares,B,False,2026-02-27T09:03:52Z,59,False,top-repos
libffi/libffi,B,False,2026-03-08T12:58:40Z,49,False,top-repos
aws/aws-cli,B,False,2026-03-11T17:28:51Z,46,False,top-repos
pcre2project/pcre2,B,False,2026-03-03T21:25:19Z,54,False,top-repos
libjxl/libjxl,B,False,2026-03-11T03:25:51Z,47,False,top-repos
yaml/libyaml,B,False,2024-08-08T11:31:38Z,626,False,top-repos
