spdx_id,spdx_id_canonical,name,is_osi_approved,is_fsf_libre,is_deprecated,reference,osi_url,fetched_at
0bsd,0BSD,BSD Zero Clause License,True,False,False,https://spdx.org/licenses/0BSD.html,https://opensource.org/license/0BSD,2026-07-06T16:17:40Z
3d-slicer-1.0,3D-Slicer-1.0,3D Slicer License v1.0,False,False,False,https://spdx.org/licenses/3D-Slicer-1.0.html,,2026-07-06T16:17:40Z
aal,AAL,Attribution Assurance License,True,False,False,https://spdx.org/licenses/AAL.html,https://opensource.org/license/AAL,2026-07-06T16:17:40Z
abstyles,Abstyles,Abstyles License,False,False,False,https://spdx.org/licenses/Abstyles.html,,2026-07-06T16:17:40Z
adacore-doc,AdaCore-doc,AdaCore Doc License,False,False,False,https://spdx.org/licenses/AdaCore-doc.html,,2026-07-06T16:17:40Z
adobe-2006,Adobe-2006,Adobe Systems Incorporated Source Code License Agreement,False,False,False,https://spdx.org/licenses/Adobe-2006.html,,2026-07-06T16:17:40Z
adobe-display-postscript,Adobe-Display-PostScript,Adobe Display PostScript License,False,False,False,https://spdx.org/licenses/Adobe-Display-PostScript.html,,2026-07-06T16:17:40Z
adobe-glyph,Adobe-Glyph,Adobe Glyph List License,False,False,False,https://spdx.org/licenses/Adobe-Glyph.html,,2026-07-06T16:17:40Z
adobe-utopia,Adobe-Utopia,Adobe Utopia Font License,False,False,False,https://spdx.org/licenses/Adobe-Utopia.html,,2026-07-06T16:17:40Z
adsl,ADSL,Amazon Digital Services License,False,False,False,https://spdx.org/licenses/ADSL.html,,2026-07-06T16:17:40Z
advanced-cryptics-dictionary,Advanced-Cryptics-Dictionary,Advanced Cryptics Dictionary License,False,False,False,https://spdx.org/licenses/Advanced-Cryptics-Dictionary.html,,2026-07-06T16:17:40Z
afl-1.1,AFL-1.1,Academic Free License v1.1,True,True,False,https://spdx.org/licenses/AFL-1.1.html,http://wayback.archive.org/web/20021004124254/http://www.opensource.org/licenses/academic.php,2026-07-06T16:17:40Z
afl-1.2,AFL-1.2,Academic Free License v1.2,True,True,False,https://spdx.org/licenses/AFL-1.2.html,http://wayback.archive.org/web/20021204204652/http://www.opensource.org/licenses/academic.php,2026-07-06T16:17:40Z
afl-2.0,AFL-2.0,Academic Free License v2.0,True,True,False,https://spdx.org/licenses/AFL-2.0.html,http://wayback.archive.org/web/20060924134533/http://www.opensource.org/licenses/afl-2.0.txt,2026-07-06T16:17:40Z
afl-2.1,AFL-2.1,Academic Free License v2.1,True,True,False,https://spdx.org/licenses/AFL-2.1.html,,2026-07-06T16:17:40Z
afl-3.0,AFL-3.0,Academic Free License v3.0,True,True,False,https://spdx.org/licenses/AFL-3.0.html,https://opensource.org/license/AFL-3.0,2026-07-06T16:17:40Z
afmparse,Afmparse,Afmparse License,False,False,False,https://spdx.org/licenses/Afmparse.html,,2026-07-06T16:17:40Z
agpl-1.0,AGPL-1.0,Affero General Public License v1.0,False,True,True,https://spdx.org/licenses/AGPL-1.0.html,,2026-07-06T16:17:40Z
agpl-1.0-only,AGPL-1.0-only,Affero General Public License v1.0 only,False,False,False,https://spdx.org/licenses/AGPL-1.0-only.html,,2026-07-06T16:17:40Z
agpl-1.0-or-later,AGPL-1.0-or-later,Affero General Public License v1.0 or later,False,False,False,https://spdx.org/licenses/AGPL-1.0-or-later.html,,2026-07-06T16:17:40Z
agpl-3.0,AGPL-3.0,GNU Affero General Public License v3.0,True,True,True,https://spdx.org/licenses/AGPL-3.0.html,https://opensource.org/license/AGPL-3.0,2026-07-06T16:17:40Z
agpl-3.0-only,AGPL-3.0-only,GNU Affero General Public License v3.0 only,True,True,False,https://spdx.org/licenses/AGPL-3.0-only.html,https://opensource.org/license/AGPL-3.0-only,2026-07-06T16:17:40Z
agpl-3.0-or-later,AGPL-3.0-or-later,GNU Affero General Public License v3.0 or later,True,True,False,https://spdx.org/licenses/AGPL-3.0-or-later.html,https://opensource.org/license/AGPL-3.0,2026-07-06T16:17:40Z
aladdin,Aladdin,Aladdin Free Public License,False,False,False,https://spdx.org/licenses/Aladdin.html,,2026-07-06T16:17:40Z
alglib-documentation,ALGLIB-Documentation,ALGLIB Documentation License,True,False,False,https://spdx.org/licenses/ALGLIB-Documentation.html,,2026-07-06T16:17:40Z
amd-newlib,AMD-newlib,AMD newlib License,False,False,False,https://spdx.org/licenses/AMD-newlib.html,,2026-07-06T16:17:40Z
amdplpa,AMDPLPA,AMD's plpa_map.c License,False,False,False,https://spdx.org/licenses/AMDPLPA.html,,2026-07-06T16:17:40Z
aml,AML,Apple MIT License,False,False,False,https://spdx.org/licenses/AML.html,,2026-07-06T16:17:40Z
aml-glslang,AML-glslang,AML glslang variant License,False,False,False,https://spdx.org/licenses/AML-glslang.html,,2026-07-06T16:17:40Z
ampas,AMPAS,Academy of Motion Picture Arts and Sciences BSD,False,False,False,https://spdx.org/licenses/AMPAS.html,,2026-07-06T16:17:40Z
antlr-pd,ANTLR-PD,ANTLR Software Rights Notice,False,False,False,https://spdx.org/licenses/ANTLR-PD.html,,2026-07-06T16:17:40Z
antlr-pd-fallback,ANTLR-PD-fallback,ANTLR Software Rights Notice with license fallback,False,False,False,https://spdx.org/licenses/ANTLR-PD-fallback.html,,2026-07-06T16:17:40Z
any-osi,any-OSI,Any OSI License,False,False,False,https://spdx.org/licenses/any-OSI.html,,2026-07-06T16:17:40Z
any-osi-perl-modules,any-OSI-perl-modules,Any OSI License - Perl Modules,False,False,False,https://spdx.org/licenses/any-OSI-perl-modules.html,,2026-07-06T16:17:40Z
apache-1.0,Apache-1.0,Apache License 1.0,False,True,False,https://spdx.org/licenses/Apache-1.0.html,,2026-07-06T16:17:40Z
apache-1.1,Apache-1.1,Apache License 1.1,True,True,False,https://spdx.org/licenses/Apache-1.1.html,https://opensource.org/license/apache-1.1,2026-07-06T16:17:40Z
apache-2.0,Apache-2.0,Apache License 2.0,True,True,False,https://spdx.org/licenses/Apache-2.0.html,https://opensource.org/license/apache-2.0,2026-07-06T16:17:40Z
apafml,APAFML,Adobe Postscript AFM License,False,False,False,https://spdx.org/licenses/APAFML.html,,2026-07-06T16:17:40Z
apl-1.0,APL-1.0,Adaptive Public License 1.0,True,False,False,https://spdx.org/licenses/APL-1.0.html,https://opensource.org/license/APL-1.0,2026-07-06T16:17:40Z
app-s2p,App-s2p,App::s2p License,False,False,False,https://spdx.org/licenses/App-s2p.html,,2026-07-06T16:17:40Z
apsl-1.0,APSL-1.0,Apple Public Source License 1.0,True,False,False,https://spdx.org/licenses/APSL-1.0.html,,2026-07-06T16:17:40Z
apsl-1.1,APSL-1.1,Apple Public Source License 1.1,True,False,False,https://spdx.org/licenses/APSL-1.1.html,,2026-07-06T16:17:40Z
apsl-1.2,APSL-1.2,Apple Public Source License 1.2,True,False,False,https://spdx.org/licenses/APSL-1.2.html,,2026-07-06T16:17:40Z
apsl-2.0,APSL-2.0,Apple Public Source License 2.0,True,True,False,https://spdx.org/licenses/APSL-2.0.html,,2026-07-06T16:17:40Z
arphic-1999,Arphic-1999,Arphic Public License,False,False,False,https://spdx.org/licenses/Arphic-1999.html,,2026-07-06T16:17:40Z
artistic-1.0,Artistic-1.0,Artistic License 1.0,True,False,False,https://spdx.org/licenses/Artistic-1.0.html,https://opensource.org/license/Artistic-1.0,2026-07-06T16:17:40Z
artistic-1.0-cl8,Artistic-1.0-cl8,Artistic License 1.0 w/clause 8,True,False,False,https://spdx.org/licenses/Artistic-1.0-cl8.html,https://opensource.org/license/Artistic-1.0,2026-07-06T16:17:40Z
artistic-1.0-perl,Artistic-1.0-Perl,Artistic License 1.0 (Perl),True,False,False,https://spdx.org/licenses/Artistic-1.0-Perl.html,,2026-07-06T16:17:40Z
artistic-2.0,Artistic-2.0,Artistic License 2.0,True,True,False,https://spdx.org/licenses/Artistic-2.0.html,https://opensource.org/license/Artistic-2.0,2026-07-06T16:17:40Z
artistic-dist,Artistic-dist,Artistic License 1.0 (dist),False,False,False,https://spdx.org/licenses/Artistic-dist.html,,2026-07-06T16:17:40Z
aspell-ru,Aspell-RU,Aspell Russian License,False,False,False,https://spdx.org/licenses/Aspell-RU.html,,2026-07-06T16:17:40Z
aswf-digital-assets-1.0,ASWF-Digital-Assets-1.0,ASWF Digital Assets License version 1.0,False,False,False,https://spdx.org/licenses/ASWF-Digital-Assets-1.0.html,,2026-07-06T16:17:40Z
aswf-digital-assets-1.1,ASWF-Digital-Assets-1.1,ASWF Digital Assets License 1.1,False,False,False,https://spdx.org/licenses/ASWF-Digital-Assets-1.1.html,,2026-07-06T16:17:40Z
baekmuk,Baekmuk,Baekmuk License,False,False,False,https://spdx.org/licenses/Baekmuk.html,,2026-07-06T16:17:40Z
bahyph,Bahyph,Bahyph License,False,False,False,https://spdx.org/licenses/Bahyph.html,,2026-07-06T16:17:40Z
barr,Barr,Barr License,False,False,False,https://spdx.org/licenses/Barr.html,,2026-07-06T16:17:40Z
bcrypt-solar-designer,bcrypt-Solar-Designer,bcrypt Solar Designer License,False,False,False,https://spdx.org/licenses/bcrypt-Solar-Designer.html,,2026-07-06T16:17:40Z
beerware,Beerware,Beerware License,False,False,False,https://spdx.org/licenses/Beerware.html,,2026-07-06T16:17:40Z
bitstream-charter,Bitstream-Charter,Bitstream Charter Font License,False,False,False,https://spdx.org/licenses/Bitstream-Charter.html,,2026-07-06T16:17:40Z
bitstream-vera,Bitstream-Vera,Bitstream Vera Font License,False,False,False,https://spdx.org/licenses/Bitstream-Vera.html,,2026-07-06T16:17:40Z
bittorrent-1.0,BitTorrent-1.0,BitTorrent Open Source License v1.0,False,False,False,https://spdx.org/licenses/BitTorrent-1.0.html,,2026-07-06T16:17:40Z
bittorrent-1.1,BitTorrent-1.1,BitTorrent Open Source License v1.1,False,True,False,https://spdx.org/licenses/BitTorrent-1.1.html,,2026-07-06T16:17:40Z
blessing,blessing,SQLite Blessing,False,False,False,https://spdx.org/licenses/blessing.html,,2026-07-06T16:17:40Z
blueoak-1.0.0,BlueOak-1.0.0,Blue Oak Model License 1.0.0,True,False,False,https://spdx.org/licenses/BlueOak-1.0.0.html,,2026-07-06T16:17:40Z
boehm-gc,Boehm-GC,Boehm-Demers-Weiser GC License,False,False,False,https://spdx.org/licenses/Boehm-GC.html,,2026-07-06T16:17:40Z
boehm-gc-without-fee,Boehm-GC-without-fee,Boehm-Demers-Weiser GC License (without fee),False,False,False,https://spdx.org/licenses/Boehm-GC-without-fee.html,,2026-07-06T16:17:40Z
bola-1.1,BOLA-1.1,Buena Onda License Agreement v1.1,False,False,False,https://spdx.org/licenses/BOLA-1.1.html,,2026-07-06T16:17:40Z
borceux,Borceux,Borceux license,False,False,False,https://spdx.org/licenses/Borceux.html,,2026-07-06T16:17:40Z
brian-gladman-2-clause,Brian-Gladman-2-Clause,Brian Gladman 2-Clause License,False,False,False,https://spdx.org/licenses/Brian-Gladman-2-Clause.html,,2026-07-06T16:17:40Z
brian-gladman-3-clause,Brian-Gladman-3-Clause,Brian Gladman 3-Clause License,False,False,False,https://spdx.org/licenses/Brian-Gladman-3-Clause.html,,2026-07-06T16:17:40Z
brian-gladman-3-clause-no-conversion,Brian-Gladman-3-Clause-no-conversion,Brian Gladman 3-Clause License (no conversion clause),False,False,False,https://spdx.org/licenses/Brian-Gladman-3-Clause-no-conversion.html,,2026-07-06T16:17:40Z
bsd-1-clause,BSD-1-Clause,BSD 1-Clause License,True,False,False,https://spdx.org/licenses/BSD-1-Clause.html,,2026-07-06T16:17:40Z
bsd-2-clause,BSD-2-Clause,"BSD 2-Clause ""Simplified"" License",True,True,False,https://spdx.org/licenses/BSD-2-Clause.html,https://opensource.org/license/BSD-2-Clause,2026-07-06T16:17:40Z
bsd-2-clause-darwin,BSD-2-Clause-Darwin,BSD 2-Clause - Ian Darwin variant,False,False,False,https://spdx.org/licenses/BSD-2-Clause-Darwin.html,,2026-07-06T16:17:40Z
bsd-2-clause-first-lines,BSD-2-Clause-first-lines,BSD 2-Clause - first lines requirement,False,False,False,https://spdx.org/licenses/BSD-2-Clause-first-lines.html,,2026-07-06T16:17:40Z
bsd-2-clause-freebsd,BSD-2-Clause-FreeBSD,BSD 2-Clause FreeBSD License,False,True,True,https://spdx.org/licenses/BSD-2-Clause-FreeBSD.html,,2026-07-06T16:17:40Z
bsd-2-clause-netbsd,BSD-2-Clause-NetBSD,BSD 2-Clause NetBSD License,False,True,True,https://spdx.org/licenses/BSD-2-Clause-NetBSD.html,,2026-07-06T16:17:40Z
bsd-2-clause-patent,BSD-2-Clause-Patent,BSD-2-Clause Plus Patent License,True,False,False,https://spdx.org/licenses/BSD-2-Clause-Patent.html,https://opensource.org/license/BSD-2-Clause-Patent,2026-07-06T16:17:40Z
bsd-2-clause-pkgconf-disclaimer,BSD-2-Clause-pkgconf-disclaimer,BSD 2-Clause pkgconf disclaimer variant,False,False,False,https://spdx.org/licenses/BSD-2-Clause-pkgconf-disclaimer.html,,2026-07-06T16:17:40Z
bsd-2-clause-views,BSD-2-Clause-Views,BSD 2-Clause with views sentence,False,False,False,https://spdx.org/licenses/BSD-2-Clause-Views.html,,2026-07-06T16:17:40Z
bsd-3-clause,BSD-3-Clause,"BSD 3-Clause ""New"" or ""Revised"" License",True,True,False,https://spdx.org/licenses/BSD-3-Clause.html,https://opensource.org/license/BSD-3-Clause,2026-07-06T16:17:40Z
bsd-3-clause-acpica,BSD-3-Clause-acpica,BSD 3-Clause acpica variant,False,False,False,https://spdx.org/licenses/BSD-3-Clause-acpica.html,,2026-07-06T16:17:40Z
bsd-3-clause-attribution,BSD-3-Clause-Attribution,BSD with attribution,False,False,False,https://spdx.org/licenses/BSD-3-Clause-Attribution.html,,2026-07-06T16:17:40Z
bsd-3-clause-clear,BSD-3-Clause-Clear,BSD 3-Clause Clear License,False,True,False,https://spdx.org/licenses/BSD-3-Clause-Clear.html,,2026-07-06T16:17:40Z
bsd-3-clause-flex,BSD-3-Clause-flex,BSD 3-Clause Flex variant,False,False,False,https://spdx.org/licenses/BSD-3-Clause-flex.html,,2026-07-06T16:17:40Z
bsd-3-clause-hp,BSD-3-Clause-HP,Hewlett-Packard BSD variant license,False,False,False,https://spdx.org/licenses/BSD-3-Clause-HP.html,,2026-07-06T16:17:40Z
bsd-3-clause-lbnl,BSD-3-Clause-LBNL,Lawrence Berkeley National Labs BSD variant license,True,False,False,https://spdx.org/licenses/BSD-3-Clause-LBNL.html,,2026-07-06T16:17:40Z
bsd-3-clause-modification,BSD-3-Clause-Modification,BSD 3-Clause Modification,False,False,False,https://spdx.org/licenses/BSD-3-Clause-Modification.html,,2026-07-06T16:17:40Z
bsd-3-clause-no-military-license,BSD-3-Clause-No-Military-License,BSD 3-Clause No Military License,False,False,False,https://spdx.org/licenses/BSD-3-Clause-No-Military-License.html,,2026-07-06T16:17:40Z
bsd-3-clause-no-nuclear-license,BSD-3-Clause-No-Nuclear-License,BSD 3-Clause No Nuclear License,False,False,False,https://spdx.org/licenses/BSD-3-Clause-No-Nuclear-License.html,,2026-07-06T16:17:40Z
bsd-3-clause-no-nuclear-license-2014,BSD-3-Clause-No-Nuclear-License-2014,BSD 3-Clause No Nuclear License 2014,False,False,False,https://spdx.org/licenses/BSD-3-Clause-No-Nuclear-License-2014.html,,2026-07-06T16:17:40Z
bsd-3-clause-no-nuclear-warranty,BSD-3-Clause-No-Nuclear-Warranty,BSD 3-Clause No Nuclear Warranty,False,False,False,https://spdx.org/licenses/BSD-3-Clause-No-Nuclear-Warranty.html,,2026-07-06T16:17:40Z
bsd-3-clause-open-mpi,BSD-3-Clause-Open-MPI,BSD 3-Clause Open MPI variant,True,False,False,https://spdx.org/licenses/BSD-3-Clause-Open-MPI.html,,2026-07-06T16:17:40Z
bsd-3-clause-sun,BSD-3-Clause-Sun,BSD 3-Clause Sun Microsystems,False,False,False,https://spdx.org/licenses/BSD-3-Clause-Sun.html,,2026-07-06T16:17:40Z
bsd-3-clause-tso,BSD-3-Clause-Tso,BSD 3-Clause Tso variant,False,False,False,https://spdx.org/licenses/BSD-3-Clause-Tso.html,,2026-07-06T16:17:40Z
bsd-4-clause,BSD-4-Clause,"BSD 4-Clause ""Original"" or ""Old"" License",False,True,False,https://spdx.org/licenses/BSD-4-Clause.html,,2026-07-06T16:17:40Z
bsd-4-clause-shortened,BSD-4-Clause-Shortened,BSD 4 Clause Shortened,False,False,False,https://spdx.org/licenses/BSD-4-Clause-Shortened.html,,2026-07-06T16:17:40Z
bsd-4-clause-uc,BSD-4-Clause-UC,BSD-4-Clause (University of California-Specific),False,False,False,https://spdx.org/licenses/BSD-4-Clause-UC.html,,2026-07-06T16:17:40Z
bsd-4.3reno,BSD-4.3RENO,BSD 4.3 RENO License,False,False,False,https://spdx.org/licenses/BSD-4.3RENO.html,,2026-07-06T16:17:40Z
bsd-4.3tahoe,BSD-4.3TAHOE,BSD 4.3 TAHOE License,False,False,False,https://spdx.org/licenses/BSD-4.3TAHOE.html,,2026-07-06T16:17:40Z
bsd-advertising-acknowledgement,BSD-Advertising-Acknowledgement,BSD Advertising Acknowledgement License,False,False,False,https://spdx.org/licenses/BSD-Advertising-Acknowledgement.html,,2026-07-06T16:17:40Z
bsd-attribution-hpnd-disclaimer,BSD-Attribution-HPND-disclaimer,BSD with Attribution and HPND disclaimer,False,False,False,https://spdx.org/licenses/BSD-Attribution-HPND-disclaimer.html,,2026-07-06T16:17:40Z
bsd-inferno-nettverk,BSD-Inferno-Nettverk,BSD-Inferno-Nettverk,False,False,False,https://spdx.org/licenses/BSD-Inferno-Nettverk.html,,2026-07-06T16:17:40Z
bsd-mark-modifications,BSD-Mark-Modifications,BSD Mark Modifications License,False,False,False,https://spdx.org/licenses/BSD-Mark-Modifications.html,,2026-07-06T16:17:40Z
bsd-protection,BSD-Protection,BSD Protection License,False,False,False,https://spdx.org/licenses/BSD-Protection.html,,2026-07-06T16:17:40Z
bsd-source-beginning-file,BSD-Source-beginning-file,BSD Source Code Attribution - beginning of file variant,False,False,False,https://spdx.org/licenses/BSD-Source-beginning-file.html,,2026-07-06T16:17:40Z
bsd-source-code,BSD-Source-Code,BSD Source Code Attribution,False,False,False,https://spdx.org/licenses/BSD-Source-Code.html,,2026-07-06T16:17:40Z
bsd-systemics,BSD-Systemics,Systemics BSD variant license,False,False,False,https://spdx.org/licenses/BSD-Systemics.html,,2026-07-06T16:17:40Z
bsd-systemics-w3works,BSD-Systemics-W3Works,Systemics W3Works BSD variant license,False,False,False,https://spdx.org/licenses/BSD-Systemics-W3Works.html,,2026-07-06T16:17:40Z
bsl-1.0,BSL-1.0,Boost Software License 1.0,True,True,False,https://spdx.org/licenses/BSL-1.0.html,https://opensource.org/license/BSL-1.0,2026-07-06T16:17:40Z
buddy,Buddy,Buddy License,False,False,False,https://spdx.org/licenses/Buddy.html,,2026-07-06T16:17:40Z
busl-1.1,BUSL-1.1,Business Source License 1.1,False,False,False,https://spdx.org/licenses/BUSL-1.1.html,,2026-07-06T16:17:40Z
bzip2-1.0.5,bzip2-1.0.5,bzip2 and libbzip2 License v1.0.5,False,False,True,https://spdx.org/licenses/bzip2-1.0.5.html,,2026-07-06T16:17:40Z
bzip2-1.0.6,bzip2-1.0.6,bzip2 and libbzip2 License v1.0.6,False,False,False,https://spdx.org/licenses/bzip2-1.0.6.html,,2026-07-06T16:17:40Z
c-uda-1.0,C-UDA-1.0,Computational Use of Data Agreement v1.0,False,False,False,https://spdx.org/licenses/C-UDA-1.0.html,,2026-07-06T16:17:40Z
cal-1.0,CAL-1.0,Cryptographic Autonomy License 1.0,True,False,False,https://spdx.org/licenses/CAL-1.0.html,https://opensource.org/license/CAL-1.0,2026-07-06T16:17:40Z
cal-1.0-combined-work-exception,CAL-1.0-Combined-Work-Exception,Cryptographic Autonomy License 1.0 (Combined Work Exception),True,False,False,https://spdx.org/licenses/CAL-1.0-Combined-Work-Exception.html,https://opensource.org/license/CAL-1.0,2026-07-06T16:17:40Z
caldera,Caldera,Caldera License,False,False,False,https://spdx.org/licenses/Caldera.html,,2026-07-06T16:17:40Z
caldera-no-preamble,Caldera-no-preamble,Caldera License (without preamble),False,False,False,https://spdx.org/licenses/Caldera-no-preamble.html,,2026-07-06T16:17:40Z
capec-tou,CAPEC-tou,Common Attack    Pattern Enumeration and Classification License,False,False,False,https://spdx.org/licenses/CAPEC-tou.html,,2026-07-06T16:17:40Z
catharon,Catharon,Catharon License,False,False,False,https://spdx.org/licenses/Catharon.html,,2026-07-06T16:17:40Z
catosl-1.1,CATOSL-1.1,Computer Associates Trusted Open Source License 1.1,True,False,False,https://spdx.org/licenses/CATOSL-1.1.html,https://opensource.org/license/CATOSL-1.1,2026-07-06T16:17:40Z
cc-by-1.0,CC-BY-1.0,Creative Commons Attribution 1.0 Generic,False,False,False,https://spdx.org/licenses/CC-BY-1.0.html,,2026-07-06T16:17:40Z
cc-by-2.0,CC-BY-2.0,Creative Commons Attribution 2.0 Generic,False,False,False,https://spdx.org/licenses/CC-BY-2.0.html,,2026-07-06T16:17:40Z
cc-by-2.5,CC-BY-2.5,Creative Commons Attribution 2.5 Generic,False,False,False,https://spdx.org/licenses/CC-BY-2.5.html,,2026-07-06T16:17:40Z
cc-by-2.5-au,CC-BY-2.5-AU,Creative Commons Attribution 2.5 Australia,False,False,False,https://spdx.org/licenses/CC-BY-2.5-AU.html,,2026-07-06T16:17:40Z
cc-by-3.0,CC-BY-3.0,Creative Commons Attribution 3.0 Unported,False,False,False,https://spdx.org/licenses/CC-BY-3.0.html,,2026-07-06T16:17:40Z
cc-by-3.0-at,CC-BY-3.0-AT,Creative Commons Attribution 3.0 Austria,False,False,False,https://spdx.org/licenses/CC-BY-3.0-AT.html,,2026-07-06T16:17:40Z
cc-by-3.0-au,CC-BY-3.0-AU,Creative Commons Attribution 3.0 Australia,False,False,False,https://spdx.org/licenses/CC-BY-3.0-AU.html,,2026-07-06T16:17:40Z
cc-by-3.0-de,CC-BY-3.0-DE,Creative Commons Attribution 3.0 Germany,False,False,False,https://spdx.org/licenses/CC-BY-3.0-DE.html,,2026-07-06T16:17:40Z
cc-by-3.0-igo,CC-BY-3.0-IGO,Creative Commons Attribution 3.0 IGO,False,False,False,https://spdx.org/licenses/CC-BY-3.0-IGO.html,,2026-07-06T16:17:40Z
cc-by-3.0-nl,CC-BY-3.0-NL,Creative Commons Attribution 3.0 Netherlands,False,False,False,https://spdx.org/licenses/CC-BY-3.0-NL.html,,2026-07-06T16:17:40Z
cc-by-3.0-us,CC-BY-3.0-US,Creative Commons Attribution 3.0 United States,False,False,False,https://spdx.org/licenses/CC-BY-3.0-US.html,,2026-07-06T16:17:40Z
cc-by-4.0,CC-BY-4.0,Creative Commons Attribution 4.0 International,False,True,False,https://spdx.org/licenses/CC-BY-4.0.html,,2026-07-06T16:17:40Z
cc-by-nc-1.0,CC-BY-NC-1.0,Creative Commons Attribution Non Commercial 1.0 Generic,False,False,False,https://spdx.org/licenses/CC-BY-NC-1.0.html,,2026-07-06T16:17:40Z
cc-by-nc-2.0,CC-BY-NC-2.0,Creative Commons Attribution Non Commercial 2.0 Generic,False,False,False,https://spdx.org/licenses/CC-BY-NC-2.0.html,,2026-07-06T16:17:40Z
cc-by-nc-2.5,CC-BY-NC-2.5,Creative Commons Attribution Non Commercial 2.5 Generic,False,False,False,https://spdx.org/licenses/CC-BY-NC-2.5.html,,2026-07-06T16:17:40Z
cc-by-nc-3.0,CC-BY-NC-3.0,Creative Commons Attribution Non Commercial 3.0 Unported,False,False,False,https://spdx.org/licenses/CC-BY-NC-3.0.html,,2026-07-06T16:17:40Z
cc-by-nc-3.0-de,CC-BY-NC-3.0-DE,Creative Commons Attribution Non Commercial 3.0 Germany,False,False,False,https://spdx.org/licenses/CC-BY-NC-3.0-DE.html,,2026-07-06T16:17:40Z
cc-by-nc-4.0,CC-BY-NC-4.0,Creative Commons Attribution Non Commercial 4.0 International,False,False,False,https://spdx.org/licenses/CC-BY-NC-4.0.html,,2026-07-06T16:17:40Z
cc-by-nc-nd-1.0,CC-BY-NC-ND-1.0,Creative Commons Attribution Non Commercial No Derivatives 1.0 Generic,False,False,False,https://spdx.org/licenses/CC-BY-NC-ND-1.0.html,,2026-07-06T16:17:40Z
cc-by-nc-nd-2.0,CC-BY-NC-ND-2.0,Creative Commons Attribution Non Commercial No Derivatives 2.0 Generic,False,False,False,https://spdx.org/licenses/CC-BY-NC-ND-2.0.html,,2026-07-06T16:17:40Z
cc-by-nc-nd-2.5,CC-BY-NC-ND-2.5,Creative Commons Attribution Non Commercial No Derivatives 2.5 Generic,False,False,False,https://spdx.org/licenses/CC-BY-NC-ND-2.5.html,,2026-07-06T16:17:40Z
cc-by-nc-nd-3.0,CC-BY-NC-ND-3.0,Creative Commons Attribution Non Commercial No Derivatives 3.0 Unported,False,False,False,https://spdx.org/licenses/CC-BY-NC-ND-3.0.html,,2026-07-06T16:17:40Z
cc-by-nc-nd-3.0-de,CC-BY-NC-ND-3.0-DE,Creative Commons Attribution Non Commercial No Derivatives 3.0 Germany,False,False,False,https://spdx.org/licenses/CC-BY-NC-ND-3.0-DE.html,,2026-07-06T16:17:40Z
cc-by-nc-nd-3.0-igo,CC-BY-NC-ND-3.0-IGO,Creative Commons Attribution Non Commercial No Derivatives 3.0 IGO,False,False,False,https://spdx.org/licenses/CC-BY-NC-ND-3.0-IGO.html,,2026-07-06T16:17:40Z
cc-by-nc-nd-4.0,CC-BY-NC-ND-4.0,Creative Commons Attribution Non Commercial No Derivatives 4.0 International,False,False,False,https://spdx.org/licenses/CC-BY-NC-ND-4.0.html,,2026-07-06T16:17:40Z
cc-by-nc-sa-1.0,CC-BY-NC-SA-1.0,Creative Commons Attribution Non Commercial Share Alike 1.0 Generic,False,False,False,https://spdx.org/licenses/CC-BY-NC-SA-1.0.html,,2026-07-06T16:17:40Z
cc-by-nc-sa-2.0,CC-BY-NC-SA-2.0,Creative Commons Attribution Non Commercial Share Alike 2.0 Generic,False,False,False,https://spdx.org/licenses/CC-BY-NC-SA-2.0.html,,2026-07-06T16:17:40Z
cc-by-nc-sa-2.0-de,CC-BY-NC-SA-2.0-DE,Creative Commons Attribution Non Commercial Share Alike 2.0 Germany,False,False,False,https://spdx.org/licenses/CC-BY-NC-SA-2.0-DE.html,,2026-07-06T16:17:40Z
cc-by-nc-sa-2.0-fr,CC-BY-NC-SA-2.0-FR,Creative Commons Attribution-NonCommercial-ShareAlike 2.0 France,False,False,False,https://spdx.org/licenses/CC-BY-NC-SA-2.0-FR.html,,2026-07-06T16:17:40Z
cc-by-nc-sa-2.0-uk,CC-BY-NC-SA-2.0-UK,Creative Commons Attribution Non Commercial Share Alike 2.0 England and Wales,False,False,False,https://spdx.org/licenses/CC-BY-NC-SA-2.0-UK.html,,2026-07-06T16:17:40Z
cc-by-nc-sa-2.5,CC-BY-NC-SA-2.5,Creative Commons Attribution Non Commercial Share Alike 2.5 Generic,False,False,False,https://spdx.org/licenses/CC-BY-NC-SA-2.5.html,,2026-07-06T16:17:40Z
cc-by-nc-sa-3.0,CC-BY-NC-SA-3.0,Creative Commons Attribution Non Commercial Share Alike 3.0 Unported,False,False,False,https://spdx.org/licenses/CC-BY-NC-SA-3.0.html,,2026-07-06T16:17:40Z
cc-by-nc-sa-3.0-de,CC-BY-NC-SA-3.0-DE,Creative Commons Attribution Non Commercial Share Alike 3.0 Germany,False,False,False,https://spdx.org/licenses/CC-BY-NC-SA-3.0-DE.html,,2026-07-06T16:17:40Z
cc-by-nc-sa-3.0-igo,CC-BY-NC-SA-3.0-IGO,Creative Commons Attribution Non Commercial Share Alike 3.0 IGO,False,False,False,https://spdx.org/licenses/CC-BY-NC-SA-3.0-IGO.html,,2026-07-06T16:17:40Z
cc-by-nc-sa-4.0,CC-BY-NC-SA-4.0,Creative Commons Attribution Non Commercial Share Alike 4.0 International,False,False,False,https://spdx.org/licenses/CC-BY-NC-SA-4.0.html,,2026-07-06T16:17:40Z
cc-by-nd-1.0,CC-BY-ND-1.0,Creative Commons Attribution No Derivatives 1.0 Generic,False,False,False,https://spdx.org/licenses/CC-BY-ND-1.0.html,,2026-07-06T16:17:40Z
cc-by-nd-2.0,CC-BY-ND-2.0,Creative Commons Attribution No Derivatives 2.0 Generic,False,False,False,https://spdx.org/licenses/CC-BY-ND-2.0.html,,2026-07-06T16:17:40Z
cc-by-nd-2.5,CC-BY-ND-2.5,Creative Commons Attribution No Derivatives 2.5 Generic,False,False,False,https://spdx.org/licenses/CC-BY-ND-2.5.html,,2026-07-06T16:17:40Z
cc-by-nd-3.0,CC-BY-ND-3.0,Creative Commons Attribution No Derivatives 3.0 Unported,False,False,False,https://spdx.org/licenses/CC-BY-ND-3.0.html,,2026-07-06T16:17:40Z
cc-by-nd-3.0-de,CC-BY-ND-3.0-DE,Creative Commons Attribution No Derivatives 3.0 Germany,False,False,False,https://spdx.org/licenses/CC-BY-ND-3.0-DE.html,,2026-07-06T16:17:40Z
cc-by-nd-4.0,CC-BY-ND-4.0,Creative Commons Attribution No Derivatives 4.0 International,False,False,False,https://spdx.org/licenses/CC-BY-ND-4.0.html,,2026-07-06T16:17:40Z
cc-by-sa-1.0,CC-BY-SA-1.0,Creative Commons Attribution Share Alike 1.0 Generic,False,False,False,https://spdx.org/licenses/CC-BY-SA-1.0.html,,2026-07-06T16:17:40Z
cc-by-sa-2.0,CC-BY-SA-2.0,Creative Commons Attribution Share Alike 2.0 Generic,False,False,False,https://spdx.org/licenses/CC-BY-SA-2.0.html,,2026-07-06T16:17:40Z
cc-by-sa-2.0-uk,CC-BY-SA-2.0-UK,Creative Commons Attribution Share Alike 2.0 England and Wales,False,False,False,https://spdx.org/licenses/CC-BY-SA-2.0-UK.html,,2026-07-06T16:17:40Z
cc-by-sa-2.1-jp,CC-BY-SA-2.1-JP,Creative Commons Attribution Share Alike 2.1 Japan,False,False,False,https://spdx.org/licenses/CC-BY-SA-2.1-JP.html,,2026-07-06T16:17:40Z
cc-by-sa-2.5,CC-BY-SA-2.5,Creative Commons Attribution Share Alike 2.5 Generic,False,False,False,https://spdx.org/licenses/CC-BY-SA-2.5.html,,2026-07-06T16:17:40Z
cc-by-sa-3.0,CC-BY-SA-3.0,Creative Commons Attribution Share Alike 3.0 Unported,False,False,False,https://spdx.org/licenses/CC-BY-SA-3.0.html,,2026-07-06T16:17:40Z
cc-by-sa-3.0-at,CC-BY-SA-3.0-AT,Creative Commons Attribution Share Alike 3.0 Austria,False,False,False,https://spdx.org/licenses/CC-BY-SA-3.0-AT.html,,2026-07-06T16:17:40Z
cc-by-sa-3.0-de,CC-BY-SA-3.0-DE,Creative Commons Attribution Share Alike 3.0 Germany,False,False,False,https://spdx.org/licenses/CC-BY-SA-3.0-DE.html,,2026-07-06T16:17:40Z
cc-by-sa-3.0-igo,CC-BY-SA-3.0-IGO,Creative Commons Attribution-ShareAlike 3.0 IGO,False,False,False,https://spdx.org/licenses/CC-BY-SA-3.0-IGO.html,,2026-07-06T16:17:40Z
cc-by-sa-4.0,CC-BY-SA-4.0,Creative Commons Attribution Share Alike 4.0 International,False,True,False,https://spdx.org/licenses/CC-BY-SA-4.0.html,,2026-07-06T16:17:40Z
cc-pddc,CC-PDDC,Creative Commons Public Domain Dedication and Certification,False,False,False,https://spdx.org/licenses/CC-PDDC.html,,2026-07-06T16:17:40Z
cc-pdm-1.0,CC-PDM-1.0,Creative    Commons Public Domain Mark 1.0 Universal,False,False,False,https://spdx.org/licenses/CC-PDM-1.0.html,,2026-07-06T16:17:40Z
cc-sa-1.0,CC-SA-1.0,Creative Commons Share Alike 1.0 Generic,False,False,False,https://spdx.org/licenses/CC-SA-1.0.html,,2026-07-06T16:17:40Z
cc0-1.0,CC0-1.0,Creative Commons Zero v1.0 Universal,False,True,False,https://spdx.org/licenses/CC0-1.0.html,,2026-07-06T16:17:40Z
cddl-1.0,CDDL-1.0,Common Development and Distribution License 1.0,True,True,False,https://spdx.org/licenses/CDDL-1.0.html,https://opensource.org/license/CDDL-1.0,2026-07-06T16:17:40Z
cddl-1.1,CDDL-1.1,Common Development and Distribution License 1.1,True,False,False,https://spdx.org/licenses/CDDL-1.1.html,,2026-07-06T16:17:40Z
cdl-1.0,CDL-1.0,Common Documentation License 1.0,False,False,False,https://spdx.org/licenses/CDL-1.0.html,,2026-07-06T16:17:40Z
cdla-permissive-1.0,CDLA-Permissive-1.0,Community Data License Agreement Permissive 1.0,False,False,False,https://spdx.org/licenses/CDLA-Permissive-1.0.html,,2026-07-06T16:17:40Z
cdla-permissive-2.0,CDLA-Permissive-2.0,Community Data License Agreement Permissive 2.0,False,False,False,https://spdx.org/licenses/CDLA-Permissive-2.0.html,,2026-07-06T16:17:40Z
cdla-sharing-1.0,CDLA-Sharing-1.0,Community Data License Agreement Sharing 1.0,False,False,False,https://spdx.org/licenses/CDLA-Sharing-1.0.html,,2026-07-06T16:17:40Z
cecill-1.0,CECILL-1.0,CeCILL Free Software License Agreement v1.0,False,False,False,https://spdx.org/licenses/CECILL-1.0.html,,2026-07-06T16:17:40Z
cecill-1.1,CECILL-1.1,CeCILL Free Software License Agreement v1.1,False,False,False,https://spdx.org/licenses/CECILL-1.1.html,,2026-07-06T16:17:40Z
cecill-2.0,CECILL-2.0,CeCILL Free Software License Agreement v2.0,False,True,False,https://spdx.org/licenses/CECILL-2.0.html,,2026-07-06T16:17:40Z
cecill-2.1,CECILL-2.1,CeCILL Free Software License Agreement v2.1,True,False,False,https://spdx.org/licenses/CECILL-2.1.html,,2026-07-06T16:17:40Z
cecill-b,CECILL-B,CeCILL-B Free Software License Agreement,False,True,False,https://spdx.org/licenses/CECILL-B.html,,2026-07-06T16:17:40Z
cecill-c,CECILL-C,CeCILL-C Free Software License Agreement,False,True,False,https://spdx.org/licenses/CECILL-C.html,,2026-07-06T16:17:40Z
cern-ohl-1.1,CERN-OHL-1.1,CERN Open Hardware Licence v1.1,False,False,False,https://spdx.org/licenses/CERN-OHL-1.1.html,,2026-07-06T16:17:40Z
cern-ohl-1.2,CERN-OHL-1.2,CERN Open Hardware Licence v1.2,False,False,False,https://spdx.org/licenses/CERN-OHL-1.2.html,,2026-07-06T16:17:40Z
cern-ohl-p-2.0,CERN-OHL-P-2.0,CERN Open Hardware Licence Version 2 - Permissive,True,False,False,https://spdx.org/licenses/CERN-OHL-P-2.0.html,,2026-07-06T16:17:40Z
cern-ohl-s-2.0,CERN-OHL-S-2.0,CERN Open Hardware Licence Version 2 - Strongly Reciprocal,True,False,False,https://spdx.org/licenses/CERN-OHL-S-2.0.html,,2026-07-06T16:17:40Z
cern-ohl-w-2.0,CERN-OHL-W-2.0,CERN Open Hardware Licence Version 2 - Weakly Reciprocal,True,False,False,https://spdx.org/licenses/CERN-OHL-W-2.0.html,,2026-07-06T16:17:40Z
cfitsio,CFITSIO,CFITSIO License,False,False,False,https://spdx.org/licenses/CFITSIO.html,,2026-07-06T16:17:40Z
check-cvs,check-cvs,check-cvs License,False,False,False,https://spdx.org/licenses/check-cvs.html,,2026-07-06T16:17:40Z
checkmk,checkmk,Checkmk License,False,False,False,https://spdx.org/licenses/checkmk.html,,2026-07-06T16:17:40Z
clartistic,ClArtistic,Clarified Artistic License,False,True,False,https://spdx.org/licenses/ClArtistic.html,,2026-07-06T16:17:40Z
clips,Clips,Clips License,False,False,False,https://spdx.org/licenses/Clips.html,,2026-07-06T16:17:40Z
cmu-mach,CMU-Mach,CMU Mach License,False,False,False,https://spdx.org/licenses/CMU-Mach.html,,2026-07-06T16:17:40Z
cmu-mach-nodoc,CMU-Mach-nodoc,CMU    Mach - no notices-in-documentation variant,False,False,False,https://spdx.org/licenses/CMU-Mach-nodoc.html,,2026-07-06T16:17:40Z
cnri-jython,CNRI-Jython,CNRI Jython License,False,False,False,https://spdx.org/licenses/CNRI-Jython.html,,2026-07-06T16:17:40Z
cnri-python,CNRI-Python,CNRI Python License,True,False,False,https://spdx.org/licenses/CNRI-Python.html,https://opensource.org/license/CNRI-Python,2026-07-06T16:17:40Z
cnri-python-gpl-compatible,CNRI-Python-GPL-Compatible,CNRI Python Open Source GPL Compatible License Agreement,False,False,False,https://spdx.org/licenses/CNRI-Python-GPL-Compatible.html,,2026-07-06T16:17:40Z
coil-1.0,COIL-1.0,Copyfree Open Innovation License,False,False,False,https://spdx.org/licenses/COIL-1.0.html,,2026-07-06T16:17:40Z
community-spec-1.0,Community-Spec-1.0,Community Specification License 1.0,False,False,False,https://spdx.org/licenses/Community-Spec-1.0.html,,2026-07-06T16:17:40Z
condor-1.1,Condor-1.1,Condor Public License v1.1,False,True,False,https://spdx.org/licenses/Condor-1.1.html,,2026-07-06T16:17:40Z
copyleft-next-0.3.0,copyleft-next-0.3.0,copyleft-next 0.3.0,False,False,False,https://spdx.org/licenses/copyleft-next-0.3.0.html,,2026-07-06T16:17:40Z
copyleft-next-0.3.1,copyleft-next-0.3.1,copyleft-next 0.3.1,False,False,False,https://spdx.org/licenses/copyleft-next-0.3.1.html,,2026-07-06T16:17:40Z
cornell-lossless-jpeg,Cornell-Lossless-JPEG,Cornell Lossless JPEG License,False,False,False,https://spdx.org/licenses/Cornell-Lossless-JPEG.html,,2026-07-06T16:17:40Z
cpal-1.0,CPAL-1.0,Common Public Attribution License 1.0,True,True,False,https://spdx.org/licenses/CPAL-1.0.html,https://opensource.org/license/CPAL-1.0,2026-07-06T16:17:40Z
cpl-1.0,CPL-1.0,Common Public License 1.0,True,True,False,https://spdx.org/licenses/CPL-1.0.html,https://opensource.org/license/CPL-1.0,2026-07-06T16:17:40Z
cpol-1.02,CPOL-1.02,Code Project Open License 1.02,False,False,False,https://spdx.org/licenses/CPOL-1.02.html,,2026-07-06T16:17:40Z
cronyx,Cronyx,Cronyx License,False,False,False,https://spdx.org/licenses/Cronyx.html,,2026-07-06T16:17:40Z
crossword,Crossword,Crossword License,False,False,False,https://spdx.org/licenses/Crossword.html,,2026-07-06T16:17:40Z
cryptoswift,CryptoSwift,CryptoSwift License,False,False,False,https://spdx.org/licenses/CryptoSwift.html,,2026-07-06T16:17:40Z
crystalstacker,CrystalStacker,CrystalStacker License,False,False,False,https://spdx.org/licenses/CrystalStacker.html,,2026-07-06T16:17:40Z
cua-opl-1.0,CUA-OPL-1.0,CUA Office Public License v1.0,True,False,False,https://spdx.org/licenses/CUA-OPL-1.0.html,https://opensource.org/license/CUA-OPL-1.0,2026-07-06T16:17:40Z
cube,Cube,Cube License,False,False,False,https://spdx.org/licenses/Cube.html,,2026-07-06T16:17:40Z
curl,curl,curl License,False,False,False,https://spdx.org/licenses/curl.html,,2026-07-06T16:17:40Z
cve-tou,cve-tou,Common Vulnerability Enumeration ToU License,False,False,False,https://spdx.org/licenses/cve-tou.html,,2026-07-06T16:17:40Z
d-fsl-1.0,D-FSL-1.0,Deutsche Freie Software Lizenz,False,False,False,https://spdx.org/licenses/D-FSL-1.0.html,,2026-07-06T16:17:40Z
dec-3-clause,DEC-3-Clause,DEC 3-Clause License,False,False,False,https://spdx.org/licenses/DEC-3-Clause.html,,2026-07-06T16:17:40Z
diffmark,diffmark,diffmark license,False,False,False,https://spdx.org/licenses/diffmark.html,,2026-07-06T16:17:40Z
dl-de-by-2.0,DL-DE-BY-2.0,Data licence Germany – attribution – version 2.0,False,False,False,https://spdx.org/licenses/DL-DE-BY-2.0.html,,2026-07-06T16:17:40Z
dl-de-zero-2.0,DL-DE-ZERO-2.0,Data licence Germany – zero – version 2.0,False,False,False,https://spdx.org/licenses/DL-DE-ZERO-2.0.html,,2026-07-06T16:17:40Z
doc,DOC,DOC License,False,False,False,https://spdx.org/licenses/DOC.html,,2026-07-06T16:17:40Z
docbook-dtd,DocBook-DTD,DocBook DTD License,False,False,False,https://spdx.org/licenses/DocBook-DTD.html,,2026-07-06T16:17:40Z
docbook-schema,DocBook-Schema,DocBook Schema License,False,False,False,https://spdx.org/licenses/DocBook-Schema.html,,2026-07-06T16:17:40Z
docbook-stylesheet,DocBook-Stylesheet,DocBook Stylesheet License,False,False,False,https://spdx.org/licenses/DocBook-Stylesheet.html,,2026-07-06T16:17:40Z
docbook-xml,DocBook-XML,DocBook XML License,False,False,False,https://spdx.org/licenses/DocBook-XML.html,,2026-07-06T16:17:40Z
dotseqn,Dotseqn,Dotseqn License,False,False,False,https://spdx.org/licenses/Dotseqn.html,,2026-07-06T16:17:40Z
drl-1.0,DRL-1.0,Detection Rule License 1.0,False,False,False,https://spdx.org/licenses/DRL-1.0.html,,2026-07-06T16:17:40Z
drl-1.1,DRL-1.1,Detection Rule License 1.1,False,False,False,https://spdx.org/licenses/DRL-1.1.html,,2026-07-06T16:17:40Z
dsdp,DSDP,DSDP License,False,False,False,https://spdx.org/licenses/DSDP.html,,2026-07-06T16:17:40Z
dtoa,dtoa,David M. Gay dtoa License,False,False,False,https://spdx.org/licenses/dtoa.html,,2026-07-06T16:17:40Z
dvipdfm,dvipdfm,dvipdfm License,False,False,False,https://spdx.org/licenses/dvipdfm.html,,2026-07-06T16:17:40Z
ecl-1.0,ECL-1.0,Educational Community License v1.0,True,False,False,https://spdx.org/licenses/ECL-1.0.html,https://opensource.org/license/ECL-1.0,2026-07-06T16:17:40Z
ecl-2.0,ECL-2.0,Educational Community License v2.0,True,True,False,https://spdx.org/licenses/ECL-2.0.html,https://opensource.org/license/ECL-2.0,2026-07-06T16:17:40Z
ecos-2.0,eCos-2.0,eCos license version 2.0,False,True,True,https://spdx.org/licenses/eCos-2.0.html,,2026-07-06T16:17:40Z
efl-1.0,EFL-1.0,Eiffel Forum License v1.0,True,False,False,https://spdx.org/licenses/EFL-1.0.html,https://opensource.org/license/EFL-1.0,2026-07-06T16:17:40Z
efl-2.0,EFL-2.0,Eiffel Forum License v2.0,True,True,False,https://spdx.org/licenses/EFL-2.0.html,https://opensource.org/license/EFL-2.0,2026-07-06T16:17:40Z
egenix,eGenix,eGenix.com Public License 1.1.0,False,False,False,https://spdx.org/licenses/eGenix.html,,2026-07-06T16:17:40Z
elastic-2.0,Elastic-2.0,Elastic License 2.0,False,False,False,https://spdx.org/licenses/Elastic-2.0.html,,2026-07-06T16:17:40Z
entessa,Entessa,Entessa Public License v1.0,True,False,False,https://spdx.org/licenses/Entessa.html,https://opensource.org/license/Entessa,2026-07-06T16:17:40Z
epics,EPICS,EPICS Open License,False,False,False,https://spdx.org/licenses/EPICS.html,,2026-07-06T16:17:40Z
epl-1.0,EPL-1.0,Eclipse Public License 1.0,True,True,False,https://spdx.org/licenses/EPL-1.0.html,https://opensource.org/license/EPL-1.0,2026-07-06T16:17:40Z
epl-2.0,EPL-2.0,Eclipse Public License 2.0,True,True,False,https://spdx.org/licenses/EPL-2.0.html,https://www.opensource.org/license/EPL-2.0,2026-07-06T16:17:40Z
erlpl-1.1,ErlPL-1.1,Erlang Public License v1.1,False,False,False,https://spdx.org/licenses/ErlPL-1.1.html,,2026-07-06T16:17:40Z
esa-pl-permissive-2.4,ESA-PL-permissive-2.4,European Space Agency Public License – v2.4 – Permissive (Type 3),False,False,False,https://spdx.org/licenses/ESA-PL-permissive-2.4.html,,2026-07-06T16:17:40Z
esa-pl-strong-copyleft-2.4,ESA-PL-strong-copyleft-2.4,European Space Agency Public License (ESA-PL) - V2.4 - Strong Copyleft (Type 1),False,False,False,https://spdx.org/licenses/ESA-PL-strong-copyleft-2.4.html,,2026-07-06T16:17:40Z
esa-pl-weak-copyleft-2.4,ESA-PL-weak-copyleft-2.4,European Space Agency Public License – v2.4 – Weak Copyleft (Type 2),False,False,False,https://spdx.org/licenses/ESA-PL-weak-copyleft-2.4.html,,2026-07-06T16:17:40Z
etalab-2.0,etalab-2.0,Etalab Open License 2.0,False,False,False,https://spdx.org/licenses/etalab-2.0.html,,2026-07-06T16:17:40Z
eudatagrid,EUDatagrid,EU DataGrid Software License,True,True,False,https://spdx.org/licenses/EUDatagrid.html,https://opensource.org/license/EUDatagrid,2026-07-06T16:17:40Z
eupl-1.0,EUPL-1.0,European Union Public License 1.0,False,False,False,https://spdx.org/licenses/EUPL-1.0.html,,2026-07-06T16:17:40Z
eupl-1.1,EUPL-1.1,European Union Public License 1.1,True,True,False,https://spdx.org/licenses/EUPL-1.1.html,https://opensource.org/license/EUPL-1.1,2026-07-06T16:17:40Z
eupl-1.2,EUPL-1.2,European Union Public License 1.2,True,True,False,https://spdx.org/licenses/EUPL-1.2.html,https://opensource.org/license/EUPL-1.2,2026-07-06T16:17:40Z
eurosym,Eurosym,Eurosym License,False,False,False,https://spdx.org/licenses/Eurosym.html,,2026-07-06T16:17:40Z
fair,Fair,Fair License,True,False,False,https://spdx.org/licenses/Fair.html,https://opensource.org/license/Fair,2026-07-06T16:17:40Z
fbm,FBM,Fuzzy Bitmap License,False,False,False,https://spdx.org/licenses/FBM.html,,2026-07-06T16:17:40Z
fdk-aac,FDK-AAC,Fraunhofer FDK AAC Codec Library,False,False,False,https://spdx.org/licenses/FDK-AAC.html,,2026-07-06T16:17:40Z
ferguson-twofish,Ferguson-Twofish,Ferguson Twofish License,False,False,False,https://spdx.org/licenses/Ferguson-Twofish.html,,2026-07-06T16:17:40Z
frameworx-1.0,Frameworx-1.0,Frameworx Open License 1.0,True,False,False,https://spdx.org/licenses/Frameworx-1.0.html,https://opensource.org/license/Frameworx-1.0,2026-07-06T16:17:40Z
freebsd-doc,FreeBSD-DOC,FreeBSD Documentation License,False,False,False,https://spdx.org/licenses/FreeBSD-DOC.html,,2026-07-06T16:17:40Z
freeimage,FreeImage,FreeImage Public License v1.0,False,False,False,https://spdx.org/licenses/FreeImage.html,,2026-07-06T16:17:40Z
fsfap,FSFAP,FSF All Permissive License,False,True,False,https://spdx.org/licenses/FSFAP.html,,2026-07-06T16:17:40Z
fsfap-no-warranty-disclaimer,FSFAP-no-warranty-disclaimer,FSF All Permissive License (without Warranty),False,False,False,https://spdx.org/licenses/FSFAP-no-warranty-disclaimer.html,,2026-07-06T16:17:40Z
fsful,FSFUL,FSF Unlimited License,False,False,False,https://spdx.org/licenses/FSFUL.html,,2026-07-06T16:17:40Z
fsfullr,FSFULLR,FSF Unlimited License (with License Retention),False,False,False,https://spdx.org/licenses/FSFULLR.html,,2026-07-06T16:17:40Z
fsfullrsd,FSFULLRSD,FSF Unlimited License (with License Retention and Short Disclaimer),False,False,False,https://spdx.org/licenses/FSFULLRSD.html,,2026-07-06T16:17:40Z
fsfullrwd,FSFULLRWD,FSF Unlimited License (With License Retention and Warranty Disclaimer),False,False,False,https://spdx.org/licenses/FSFULLRWD.html,,2026-07-06T16:17:40Z
fsl-1.1-alv2,FSL-1.1-ALv2,"Functional Source License, Version 1.1, ALv2 Future License",False,False,False,https://spdx.org/licenses/FSL-1.1-ALv2.html,,2026-07-06T16:17:40Z
fsl-1.1-mit,FSL-1.1-MIT,"Functional Source License, Version 1.1, MIT Future License",False,False,False,https://spdx.org/licenses/FSL-1.1-MIT.html,,2026-07-06T16:17:40Z
ftl,FTL,Freetype Project License,False,True,False,https://spdx.org/licenses/FTL.html,,2026-07-06T16:17:40Z
furuseth,Furuseth,Furuseth License,False,False,False,https://spdx.org/licenses/Furuseth.html,,2026-07-06T16:17:40Z
fwlw,fwlw,fwlw License,False,False,False,https://spdx.org/licenses/fwlw.html,,2026-07-06T16:17:40Z
game-programming-gems,Game-Programming-Gems,Game Programming Gems License,False,False,False,https://spdx.org/licenses/Game-Programming-Gems.html,,2026-07-06T16:17:40Z
gcr-docs,GCR-docs,Gnome GCR Documentation License,False,False,False,https://spdx.org/licenses/GCR-docs.html,,2026-07-06T16:17:40Z
gd,GD,GD License,False,False,False,https://spdx.org/licenses/GD.html,,2026-07-06T16:17:40Z
generic-xts,generic-xts,Generic XTS License,False,False,False,https://spdx.org/licenses/generic-xts.html,,2026-07-06T16:17:40Z
gfdl-1.1,GFDL-1.1,GNU Free Documentation License v1.1,False,True,True,https://spdx.org/licenses/GFDL-1.1.html,,2026-07-06T16:17:40Z
gfdl-1.1-invariants-only,GFDL-1.1-invariants-only,GNU Free Documentation License v1.1 only - invariants,False,False,False,https://spdx.org/licenses/GFDL-1.1-invariants-only.html,,2026-07-06T16:17:40Z
gfdl-1.1-invariants-or-later,GFDL-1.1-invariants-or-later,GNU Free Documentation License v1.1 or later - invariants,False,False,False,https://spdx.org/licenses/GFDL-1.1-invariants-or-later.html,,2026-07-06T16:17:40Z
gfdl-1.1-no-invariants-only,GFDL-1.1-no-invariants-only,GNU Free Documentation License v1.1 only - no invariants,False,False,False,https://spdx.org/licenses/GFDL-1.1-no-invariants-only.html,,2026-07-06T16:17:40Z
gfdl-1.1-no-invariants-or-later,GFDL-1.1-no-invariants-or-later,GNU Free Documentation License v1.1 or later - no invariants,False,False,False,https://spdx.org/licenses/GFDL-1.1-no-invariants-or-later.html,,2026-07-06T16:17:40Z
gfdl-1.1-only,GFDL-1.1-only,GNU Free Documentation License v1.1 only,False,True,False,https://spdx.org/licenses/GFDL-1.1-only.html,,2026-07-06T16:17:40Z
gfdl-1.1-or-later,GFDL-1.1-or-later,GNU Free Documentation License v1.1 or later,False,True,False,https://spdx.org/licenses/GFDL-1.1-or-later.html,,2026-07-06T16:17:40Z
gfdl-1.2,GFDL-1.2,GNU Free Documentation License v1.2,False,True,True,https://spdx.org/licenses/GFDL-1.2.html,,2026-07-06T16:17:40Z
gfdl-1.2-invariants-only,GFDL-1.2-invariants-only,GNU Free Documentation License v1.2 only - invariants,False,False,False,https://spdx.org/licenses/GFDL-1.2-invariants-only.html,,2026-07-06T16:17:40Z
gfdl-1.2-invariants-or-later,GFDL-1.2-invariants-or-later,GNU Free Documentation License v1.2 or later - invariants,False,False,False,https://spdx.org/licenses/GFDL-1.2-invariants-or-later.html,,2026-07-06T16:17:40Z
gfdl-1.2-no-invariants-only,GFDL-1.2-no-invariants-only,GNU Free Documentation License v1.2 only - no invariants,False,False,False,https://spdx.org/licenses/GFDL-1.2-no-invariants-only.html,,2026-07-06T16:17:40Z
gfdl-1.2-no-invariants-or-later,GFDL-1.2-no-invariants-or-later,GNU Free Documentation License v1.2 or later - no invariants,False,False,False,https://spdx.org/licenses/GFDL-1.2-no-invariants-or-later.html,,2026-07-06T16:17:40Z
gfdl-1.2-only,GFDL-1.2-only,GNU Free Documentation License v1.2 only,False,True,False,https://spdx.org/licenses/GFDL-1.2-only.html,,2026-07-06T16:17:40Z
gfdl-1.2-or-later,GFDL-1.2-or-later,GNU Free Documentation License v1.2 or later,False,True,False,https://spdx.org/licenses/GFDL-1.2-or-later.html,,2026-07-06T16:17:40Z
gfdl-1.3,GFDL-1.3,GNU Free Documentation License v1.3,False,True,True,https://spdx.org/licenses/GFDL-1.3.html,,2026-07-06T16:17:40Z
gfdl-1.3-invariants-only,GFDL-1.3-invariants-only,GNU Free Documentation License v1.3 only - invariants,False,False,False,https://spdx.org/licenses/GFDL-1.3-invariants-only.html,,2026-07-06T16:17:40Z
gfdl-1.3-invariants-or-later,GFDL-1.3-invariants-or-later,GNU Free Documentation License v1.3 or later - invariants,False,False,False,https://spdx.org/licenses/GFDL-1.3-invariants-or-later.html,,2026-07-06T16:17:40Z
gfdl-1.3-no-invariants-only,GFDL-1.3-no-invariants-only,GNU Free Documentation License v1.3 only - no invariants,False,False,False,https://spdx.org/licenses/GFDL-1.3-no-invariants-only.html,,2026-07-06T16:17:40Z
gfdl-1.3-no-invariants-or-later,GFDL-1.3-no-invariants-or-later,GNU Free Documentation License v1.3 or later - no invariants,False,False,False,https://spdx.org/licenses/GFDL-1.3-no-invariants-or-later.html,,2026-07-06T16:17:40Z
gfdl-1.3-only,GFDL-1.3-only,GNU Free Documentation License v1.3 only,False,True,False,https://spdx.org/licenses/GFDL-1.3-only.html,,2026-07-06T16:17:40Z
gfdl-1.3-or-later,GFDL-1.3-or-later,GNU Free Documentation License v1.3 or later,False,True,False,https://spdx.org/licenses/GFDL-1.3-or-later.html,,2026-07-06T16:17:40Z
giftware,Giftware,Giftware License,False,False,False,https://spdx.org/licenses/Giftware.html,,2026-07-06T16:17:40Z
gl2ps,GL2PS,GL2PS License,False,False,False,https://spdx.org/licenses/GL2PS.html,,2026-07-06T16:17:40Z
glide,Glide,3dfx Glide License,False,False,False,https://spdx.org/licenses/Glide.html,,2026-07-06T16:17:40Z
glulxe,Glulxe,Glulxe License,False,False,False,https://spdx.org/licenses/Glulxe.html,,2026-07-06T16:17:40Z
glwtpl,GLWTPL,Good Luck With That Public License,False,False,False,https://spdx.org/licenses/GLWTPL.html,,2026-07-06T16:17:40Z
gnuplot,gnuplot,gnuplot License,False,True,False,https://spdx.org/licenses/gnuplot.html,,2026-07-06T16:17:40Z
gpl-1.0,GPL-1.0,GNU General Public License v1.0 only,False,False,True,https://spdx.org/licenses/GPL-1.0.html,,2026-07-06T16:17:40Z
gpl-1.0+,GPL-1.0+,GNU General Public License v1.0 or later,False,False,True,https://spdx.org/licenses/GPL-1.0+.html,,2026-07-06T16:17:40Z
gpl-1.0-only,GPL-1.0-only,GNU General Public License v1.0 only,False,False,False,https://spdx.org/licenses/GPL-1.0-only.html,,2026-07-06T16:17:40Z
gpl-1.0-or-later,GPL-1.0-or-later,GNU General Public License v1.0 or later,False,False,False,https://spdx.org/licenses/GPL-1.0-or-later.html,,2026-07-06T16:17:40Z
gpl-2.0,GPL-2.0,GNU General Public License v2.0 only,True,True,True,https://spdx.org/licenses/GPL-2.0.html,https://opensource.org/license/GPL-2.0,2026-07-06T16:17:40Z
gpl-2.0+,GPL-2.0+,GNU General Public License v2.0 or later,True,True,True,https://spdx.org/licenses/GPL-2.0+.html,https://opensource.org/license/GPL-2.0,2026-07-06T16:17:40Z
gpl-2.0-only,GPL-2.0-only,GNU General Public License v2.0 only,True,True,False,https://spdx.org/licenses/GPL-2.0-only.html,https://opensource.org/license/GPL-2.0-only,2026-07-06T16:17:40Z
gpl-2.0-or-later,GPL-2.0-or-later,GNU General Public License v2.0 or later,True,True,False,https://spdx.org/licenses/GPL-2.0-or-later.html,https://opensource.org/license/GPL-2.0,2026-07-06T16:17:40Z
gpl-2.0-with-autoconf-exception,GPL-2.0-with-autoconf-exception,GNU General Public License v2.0 w/Autoconf exception,False,False,True,https://spdx.org/licenses/GPL-2.0-with-autoconf-exception.html,,2026-07-06T16:17:40Z
gpl-2.0-with-bison-exception,GPL-2.0-with-bison-exception,GNU General Public License v2.0 w/Bison exception,False,False,True,https://spdx.org/licenses/GPL-2.0-with-bison-exception.html,,2026-07-06T16:17:40Z
gpl-2.0-with-classpath-exception,GPL-2.0-with-classpath-exception,GNU General Public License v2.0 w/Classpath exception,False,False,True,https://spdx.org/licenses/GPL-2.0-with-classpath-exception.html,,2026-07-06T16:17:40Z
gpl-2.0-with-font-exception,GPL-2.0-with-font-exception,GNU General Public License v2.0 w/Font exception,False,False,True,https://spdx.org/licenses/GPL-2.0-with-font-exception.html,,2026-07-06T16:17:40Z
gpl-2.0-with-gcc-exception,GPL-2.0-with-GCC-exception,GNU General Public License v2.0 w/GCC Runtime Library exception,False,False,True,https://spdx.org/licenses/GPL-2.0-with-GCC-exception.html,,2026-07-06T16:17:40Z
gpl-3.0,GPL-3.0,GNU General Public License v3.0 only,True,True,True,https://spdx.org/licenses/GPL-3.0.html,https://opensource.org/license/GPL-3.0,2026-07-06T16:17:40Z
gpl-3.0+,GPL-3.0+,GNU General Public License v3.0 or later,True,True,True,https://spdx.org/licenses/GPL-3.0+.html,https://opensource.org/license/GPL-3.0,2026-07-06T16:17:40Z
gpl-3.0-only,GPL-3.0-only,GNU General Public License v3.0 only,True,True,False,https://spdx.org/licenses/GPL-3.0-only.html,https://opensource.org/license/GPL-3.0-only,2026-07-06T16:17:40Z
gpl-3.0-or-later,GPL-3.0-or-later,GNU General Public License v3.0 or later,True,True,False,https://spdx.org/licenses/GPL-3.0-or-later.html,https://opensource.org/license/GPL-3.0,2026-07-06T16:17:40Z
gpl-3.0-with-autoconf-exception,GPL-3.0-with-autoconf-exception,GNU General Public License v3.0 w/Autoconf exception,False,False,True,https://spdx.org/licenses/GPL-3.0-with-autoconf-exception.html,,2026-07-06T16:17:40Z
gpl-3.0-with-gcc-exception,GPL-3.0-with-GCC-exception,GNU General Public License v3.0 w/GCC Runtime Library exception,True,False,True,https://spdx.org/licenses/GPL-3.0-with-GCC-exception.html,,2026-07-06T16:17:40Z
graphics-gems,Graphics-Gems,Graphics Gems License,False,False,False,https://spdx.org/licenses/Graphics-Gems.html,,2026-07-06T16:17:40Z
gsoap-1.3b,gSOAP-1.3b,gSOAP Public License v1.3b,False,False,False,https://spdx.org/licenses/gSOAP-1.3b.html,,2026-07-06T16:17:40Z
gtkbook,gtkbook,gtkbook License,False,False,False,https://spdx.org/licenses/gtkbook.html,,2026-07-06T16:17:40Z
gutmann,Gutmann,Gutmann License,False,False,False,https://spdx.org/licenses/Gutmann.html,,2026-07-06T16:17:40Z
haskellreport,HaskellReport,Haskell Language Report License,False,False,False,https://spdx.org/licenses/HaskellReport.html,,2026-07-06T16:17:40Z
hdf5,HDF5,HDF5 License,False,False,False,https://spdx.org/licenses/HDF5.html,,2026-07-06T16:17:40Z
hdparm,hdparm,hdparm License,False,False,False,https://spdx.org/licenses/hdparm.html,,2026-07-06T16:17:40Z
hidapi,HIDAPI,HIDAPI License,False,False,False,https://spdx.org/licenses/HIDAPI.html,,2026-07-06T16:17:40Z
hippocratic-2.1,Hippocratic-2.1,Hippocratic License 2.1,False,False,False,https://spdx.org/licenses/Hippocratic-2.1.html,,2026-07-06T16:17:40Z
hp-1986,HP-1986,Hewlett-Packard 1986 License,False,False,False,https://spdx.org/licenses/HP-1986.html,,2026-07-06T16:17:40Z
hp-1989,HP-1989,Hewlett-Packard 1989 License,False,False,False,https://spdx.org/licenses/HP-1989.html,,2026-07-06T16:17:40Z
hpnd,HPND,Historical Permission Notice and Disclaimer,True,True,False,https://spdx.org/licenses/HPND.html,https://opensource.org/license/HPND,2026-07-06T16:17:40Z
hpnd-dec,HPND-DEC,Historical Permission Notice and Disclaimer - DEC variant,False,False,False,https://spdx.org/licenses/HPND-DEC.html,,2026-07-06T16:17:40Z
hpnd-doc,HPND-doc,Historical Permission Notice and Disclaimer - documentation variant,False,False,False,https://spdx.org/licenses/HPND-doc.html,,2026-07-06T16:17:40Z
hpnd-doc-sell,HPND-doc-sell,Historical Permission Notice and Disclaimer - documentation sell variant,False,False,False,https://spdx.org/licenses/HPND-doc-sell.html,,2026-07-06T16:17:40Z
hpnd-export-us,HPND-export-US,HPND with US Government export control warning,False,False,False,https://spdx.org/licenses/HPND-export-US.html,,2026-07-06T16:17:40Z
hpnd-export-us-acknowledgement,HPND-export-US-acknowledgement,HPND with US Government export control warning and acknowledgment,False,False,False,https://spdx.org/licenses/HPND-export-US-acknowledgement.html,,2026-07-06T16:17:40Z
hpnd-export-us-modify,HPND-export-US-modify,HPND with US Government export control warning and modification rqmt,False,False,False,https://spdx.org/licenses/HPND-export-US-modify.html,,2026-07-06T16:17:40Z
hpnd-export2-us,HPND-export2-US,HPND with US Government export control and 2 disclaimers,False,False,False,https://spdx.org/licenses/HPND-export2-US.html,,2026-07-06T16:17:40Z
hpnd-fenneberg-livingston,HPND-Fenneberg-Livingston,Historical Permission Notice and Disclaimer - Fenneberg-Livingston variant,False,False,False,https://spdx.org/licenses/HPND-Fenneberg-Livingston.html,,2026-07-06T16:17:40Z
hpnd-inria-imag,HPND-INRIA-IMAG,Historical Permission Notice and Disclaimer    - INRIA-IMAG variant,False,False,False,https://spdx.org/licenses/HPND-INRIA-IMAG.html,,2026-07-06T16:17:40Z
hpnd-intel,HPND-Intel,Historical Permission Notice and Disclaimer - Intel variant,False,False,False,https://spdx.org/licenses/HPND-Intel.html,,2026-07-06T16:17:40Z
hpnd-kevlin-henney,HPND-Kevlin-Henney,Historical Permission Notice and Disclaimer - Kevlin Henney variant,False,False,False,https://spdx.org/licenses/HPND-Kevlin-Henney.html,,2026-07-06T16:17:40Z
hpnd-markus-kuhn,HPND-Markus-Kuhn,Historical Permission Notice and Disclaimer - Markus Kuhn variant,False,False,False,https://spdx.org/licenses/HPND-Markus-Kuhn.html,,2026-07-06T16:17:40Z
hpnd-merchantability-variant,HPND-merchantability-variant,Historical Permission Notice and Disclaimer - merchantability variant,False,False,False,https://spdx.org/licenses/HPND-merchantability-variant.html,,2026-07-06T16:17:40Z
hpnd-mit-disclaimer,HPND-MIT-disclaimer,Historical Permission Notice and Disclaimer with MIT disclaimer,False,False,False,https://spdx.org/licenses/HPND-MIT-disclaimer.html,,2026-07-06T16:17:40Z
hpnd-netrek,HPND-Netrek,Historical Permission Notice and Disclaimer - Netrek variant,False,False,False,https://spdx.org/licenses/HPND-Netrek.html,,2026-07-06T16:17:40Z
hpnd-pbmplus,HPND-Pbmplus,Historical Permission Notice and Disclaimer - Pbmplus variant,False,False,False,https://spdx.org/licenses/HPND-Pbmplus.html,,2026-07-06T16:17:40Z
hpnd-sell-mit-disclaimer-xserver,HPND-sell-MIT-disclaimer-xserver,Historical Permission Notice and Disclaimer - sell xserver variant with MIT disclaimer,False,False,False,https://spdx.org/licenses/HPND-sell-MIT-disclaimer-xserver.html,,2026-07-06T16:17:40Z
hpnd-sell-regexpr,HPND-sell-regexpr,Historical Permission Notice and Disclaimer - sell regexpr variant,False,False,False,https://spdx.org/licenses/HPND-sell-regexpr.html,,2026-07-06T16:17:40Z
hpnd-sell-variant,HPND-sell-variant,Historical Permission Notice and Disclaimer - sell variant,False,False,False,https://spdx.org/licenses/HPND-sell-variant.html,,2026-07-06T16:17:40Z
hpnd-sell-variant-critical-systems,HPND-sell-variant-critical-systems,HPND - sell variant with safety critical systems clause,False,False,False,https://spdx.org/licenses/HPND-sell-variant-critical-systems.html,,2026-07-06T16:17:40Z
hpnd-sell-variant-mit-disclaimer,HPND-sell-variant-MIT-disclaimer,HPND sell variant with MIT disclaimer,False,False,False,https://spdx.org/licenses/HPND-sell-variant-MIT-disclaimer.html,,2026-07-06T16:17:40Z
hpnd-sell-variant-mit-disclaimer-rev,HPND-sell-variant-MIT-disclaimer-rev,HPND sell variant with MIT disclaimer - reverse,False,False,False,https://spdx.org/licenses/HPND-sell-variant-MIT-disclaimer-rev.html,,2026-07-06T16:17:40Z
hpnd-smc,HPND-SMC,Historical Permission Notice and Disclaimer - SMC variant,False,False,False,https://spdx.org/licenses/HPND-SMC.html,,2026-07-06T16:17:40Z
hpnd-uc,HPND-UC,Historical Permission Notice and Disclaimer - University of California variant,False,False,False,https://spdx.org/licenses/HPND-UC.html,,2026-07-06T16:17:40Z
hpnd-uc-export-us,HPND-UC-export-US,"Historical Permission Notice and Disclaimer - University of California, US export warning",False,False,False,https://spdx.org/licenses/HPND-UC-export-US.html,,2026-07-06T16:17:40Z
htmltidy,HTMLTIDY,HTML Tidy License,False,False,False,https://spdx.org/licenses/HTMLTIDY.html,,2026-07-06T16:17:40Z
hyphen-bulgarian,hyphen-bulgarian,hyphen-bulgarian License,False,False,False,https://spdx.org/licenses/hyphen-bulgarian.html,,2026-07-06T16:17:40Z
ibm-pibs,IBM-pibs,IBM PowerPC Initialization and Boot Software,False,False,False,https://spdx.org/licenses/IBM-pibs.html,,2026-07-06T16:17:40Z
icu,ICU,ICU License,True,False,False,https://spdx.org/licenses/ICU.html,,2026-07-06T16:17:40Z
iec-code-components-eula,IEC-Code-Components-EULA,IEC    Code Components End-user licence agreement,False,False,False,https://spdx.org/licenses/IEC-Code-Components-EULA.html,,2026-07-06T16:17:40Z
ijg,IJG,Independent JPEG Group License,False,True,False,https://spdx.org/licenses/IJG.html,,2026-07-06T16:17:40Z
ijg-short,IJG-short,Independent JPEG Group License - short,False,False,False,https://spdx.org/licenses/IJG-short.html,,2026-07-06T16:17:40Z
imagemagick,ImageMagick,ImageMagick License,False,False,False,https://spdx.org/licenses/ImageMagick.html,,2026-07-06T16:17:40Z
imatix,iMatix,iMatix Standard Function Library Agreement,False,True,False,https://spdx.org/licenses/iMatix.html,,2026-07-06T16:17:40Z
imlib2,Imlib2,Imlib2 License,False,True,False,https://spdx.org/licenses/Imlib2.html,,2026-07-06T16:17:40Z
info-zip,Info-ZIP,Info-ZIP License,False,False,False,https://spdx.org/licenses/Info-ZIP.html,,2026-07-06T16:17:40Z
inner-net-2.0,Inner-Net-2.0,Inner Net License v2.0,False,False,False,https://spdx.org/licenses/Inner-Net-2.0.html,,2026-07-06T16:17:40Z
innosetup,InnoSetup,Inno Setup License,False,False,False,https://spdx.org/licenses/InnoSetup.html,,2026-07-06T16:17:40Z
intel,Intel,Intel Open Source License,True,True,False,https://spdx.org/licenses/Intel.html,https://opensource.org/license/Intel,2026-07-06T16:17:40Z
intel-acpi,Intel-ACPI,Intel ACPI Software License Agreement,False,False,False,https://spdx.org/licenses/Intel-ACPI.html,,2026-07-06T16:17:40Z
interbase-1.0,Interbase-1.0,Interbase Public License v1.0,False,False,False,https://spdx.org/licenses/Interbase-1.0.html,,2026-07-06T16:17:40Z
ipa,IPA,IPA Font License,True,True,False,https://spdx.org/licenses/IPA.html,https://opensource.org/license/IPA,2026-07-06T16:17:40Z
ipl-1.0,IPL-1.0,IBM Public License v1.0,True,True,False,https://spdx.org/licenses/IPL-1.0.html,https://opensource.org/license/IPL-1.0,2026-07-06T16:17:40Z
isc,ISC,ISC License,True,True,False,https://spdx.org/licenses/ISC.html,https://opensource.org/license/ISC,2026-07-06T16:17:40Z
isc-veillard,ISC-Veillard,ISC Veillard variant,False,False,False,https://spdx.org/licenses/ISC-Veillard.html,,2026-07-06T16:17:40Z
iso-permission,ISO-permission,ISO permission notice,False,False,False,https://spdx.org/licenses/ISO-permission.html,,2026-07-06T16:17:40Z
jam,Jam,Jam License,True,False,False,https://spdx.org/licenses/Jam.html,,2026-07-06T16:17:40Z
jasper-2.0,JasPer-2.0,JasPer License,False,False,False,https://spdx.org/licenses/JasPer-2.0.html,,2026-07-06T16:17:40Z
jove,jove,Jove License,False,False,False,https://spdx.org/licenses/jove.html,,2026-07-06T16:17:40Z
jpl-image,JPL-image,JPL Image Use Policy,False,False,False,https://spdx.org/licenses/JPL-image.html,,2026-07-06T16:17:40Z
jpnic,JPNIC,Japan Network Information Center License,False,False,False,https://spdx.org/licenses/JPNIC.html,,2026-07-06T16:17:40Z
json,JSON,JSON License,False,False,False,https://spdx.org/licenses/JSON.html,,2026-07-06T16:17:40Z
kastrup,Kastrup,Kastrup License,False,False,False,https://spdx.org/licenses/Kastrup.html,,2026-07-06T16:17:40Z
kazlib,Kazlib,Kazlib License,False,False,False,https://spdx.org/licenses/Kazlib.html,,2026-07-06T16:17:40Z
knuth-ctan,Knuth-CTAN,Knuth CTAN License,False,False,False,https://spdx.org/licenses/Knuth-CTAN.html,,2026-07-06T16:17:40Z
lal-1.2,LAL-1.2,Licence Art Libre 1.2,False,False,False,https://spdx.org/licenses/LAL-1.2.html,,2026-07-06T16:17:40Z
lal-1.3,LAL-1.3,Licence Art Libre 1.3,False,False,False,https://spdx.org/licenses/LAL-1.3.html,,2026-07-06T16:17:40Z
latex2e,Latex2e,Latex2e License,False,False,False,https://spdx.org/licenses/Latex2e.html,,2026-07-06T16:17:40Z
latex2e-translated-notice,Latex2e-translated-notice,Latex2e with translated notice permission,False,False,False,https://spdx.org/licenses/Latex2e-translated-notice.html,,2026-07-06T16:17:40Z
leptonica,Leptonica,Leptonica License,False,False,False,https://spdx.org/licenses/Leptonica.html,,2026-07-06T16:17:40Z
lgpl-2.0,LGPL-2.0,GNU Library General Public License v2 only,True,False,True,https://spdx.org/licenses/LGPL-2.0.html,,2026-07-06T16:17:40Z
lgpl-2.0+,LGPL-2.0+,GNU Library General Public License v2 or later,True,False,True,https://spdx.org/licenses/LGPL-2.0+.html,,2026-07-06T16:17:40Z
lgpl-2.0-only,LGPL-2.0-only,GNU Library General Public License v2 only,True,False,False,https://spdx.org/licenses/LGPL-2.0-only.html,,2026-07-06T16:17:40Z
lgpl-2.0-or-later,LGPL-2.0-or-later,GNU Library General Public License v2 or later,True,False,False,https://spdx.org/licenses/LGPL-2.0-or-later.html,,2026-07-06T16:17:40Z
lgpl-2.1,LGPL-2.1,GNU Lesser General Public License v2.1 only,True,True,True,https://spdx.org/licenses/LGPL-2.1.html,https://opensource.org/license/LGPL-2.1,2026-07-06T16:17:40Z
lgpl-2.1+,LGPL-2.1+,GNU Lesser General Public License v2.1 or later,True,True,True,https://spdx.org/licenses/LGPL-2.1+.html,https://opensource.org/license/LGPL-2.1,2026-07-06T16:17:40Z
lgpl-2.1-only,LGPL-2.1-only,GNU Lesser General Public License v2.1 only,True,True,False,https://spdx.org/licenses/LGPL-2.1-only.html,https://opensource.org/license/LGPL-2.1-only,2026-07-06T16:17:40Z
lgpl-2.1-or-later,LGPL-2.1-or-later,GNU Lesser General Public License v2.1 or later,True,True,False,https://spdx.org/licenses/LGPL-2.1-or-later.html,https://opensource.org/license/LGPL-2.1,2026-07-06T16:17:40Z
lgpl-3.0,LGPL-3.0,GNU Lesser General Public License v3.0 only,True,True,True,https://spdx.org/licenses/LGPL-3.0.html,https://opensource.org/license/LGPL-3.0,2026-07-06T16:17:40Z
lgpl-3.0+,LGPL-3.0+,GNU Lesser General Public License v3.0 or later,True,True,True,https://spdx.org/licenses/LGPL-3.0+.html,https://opensource.org/license/LGPL-3.0,2026-07-06T16:17:40Z
lgpl-3.0-only,LGPL-3.0-only,GNU Lesser General Public License v3.0 only,True,True,False,https://spdx.org/licenses/LGPL-3.0-only.html,https://opensource.org/license/LGPL-3.0,2026-07-06T16:17:40Z
lgpl-3.0-or-later,LGPL-3.0-or-later,GNU Lesser General Public License v3.0 or later,True,True,False,https://spdx.org/licenses/LGPL-3.0-or-later.html,https://opensource.org/license/LGPL-3.0,2026-07-06T16:17:40Z
lgpllr,LGPLLR,Lesser General Public License For Linguistic Resources,False,False,False,https://spdx.org/licenses/LGPLLR.html,,2026-07-06T16:17:40Z
libpng,Libpng,libpng License,False,False,False,https://spdx.org/licenses/Libpng.html,,2026-07-06T16:17:40Z
libpng-1.6.35,libpng-1.6.35,PNG Reference Library License v1 (for libpng 0.5 through 1.6.35),False,False,False,https://spdx.org/licenses/libpng-1.6.35.html,,2026-07-06T16:17:40Z
libpng-2.0,libpng-2.0,PNG Reference Library version 2,False,False,False,https://spdx.org/licenses/libpng-2.0.html,,2026-07-06T16:17:40Z
libselinux-1.0,libselinux-1.0,libselinux public domain notice,False,False,False,https://spdx.org/licenses/libselinux-1.0.html,,2026-07-06T16:17:40Z
libtiff,libtiff,libtiff License,False,False,False,https://spdx.org/licenses/libtiff.html,,2026-07-06T16:17:40Z
libutil-david-nugent,libutil-David-Nugent,libutil David Nugent License,False,False,False,https://spdx.org/licenses/libutil-David-Nugent.html,,2026-07-06T16:17:40Z
liliq-p-1.1,LiLiQ-P-1.1,Licence Libre du Québec – Permissive version 1.1,True,False,False,https://spdx.org/licenses/LiLiQ-P-1.1.html,http://opensource.org/license/LiLiQ-P-1.1,2026-07-06T16:17:40Z
liliq-r-1.1,LiLiQ-R-1.1,Licence Libre du Québec – Réciprocité version 1.1,True,False,False,https://spdx.org/licenses/LiLiQ-R-1.1.html,http://opensource.org/license/LiLiQ-R-1.1,2026-07-06T16:17:40Z
liliq-rplus-1.1,LiLiQ-Rplus-1.1,Licence Libre du Québec – Réciprocité forte version 1.1,True,False,False,https://spdx.org/licenses/LiLiQ-Rplus-1.1.html,http://opensource.org/license/LiLiQ-Rplus-1.1,2026-07-06T16:17:40Z
linux-man-pages-1-para,Linux-man-pages-1-para,Linux man-pages - 1 paragraph,False,False,False,https://spdx.org/licenses/Linux-man-pages-1-para.html,,2026-07-06T16:17:40Z
linux-man-pages-copyleft,Linux-man-pages-copyleft,Linux man-pages Copyleft,False,False,False,https://spdx.org/licenses/Linux-man-pages-copyleft.html,,2026-07-06T16:17:40Z
linux-man-pages-copyleft-2-para,Linux-man-pages-copyleft-2-para,Linux man-pages Copyleft - 2 paragraphs,False,False,False,https://spdx.org/licenses/Linux-man-pages-copyleft-2-para.html,,2026-07-06T16:17:40Z
linux-man-pages-copyleft-var,Linux-man-pages-copyleft-var,Linux man-pages Copyleft Variant,False,False,False,https://spdx.org/licenses/Linux-man-pages-copyleft-var.html,,2026-07-06T16:17:40Z
linux-openib,Linux-OpenIB,Linux Kernel Variant of OpenIB.org license,False,False,False,https://spdx.org/licenses/Linux-OpenIB.html,,2026-07-06T16:17:40Z
loop,LOOP,Common Lisp LOOP License,False,False,False,https://spdx.org/licenses/LOOP.html,,2026-07-06T16:17:40Z
lpd-document,LPD-document,LPD Documentation License,False,False,False,https://spdx.org/licenses/LPD-document.html,,2026-07-06T16:17:40Z
lpl-1.0,LPL-1.0,Lucent Public License Version 1.0,True,False,False,https://spdx.org/licenses/LPL-1.0.html,https://opensource.org/license/LPL-1.0,2026-07-06T16:17:40Z
lpl-1.02,LPL-1.02,Lucent Public License v1.02,True,True,False,https://spdx.org/licenses/LPL-1.02.html,https://opensource.org/license/LPL-1.02,2026-07-06T16:17:40Z
lppl-1.0,LPPL-1.0,LaTeX Project Public License v1.0,False,False,False,https://spdx.org/licenses/LPPL-1.0.html,,2026-07-06T16:17:40Z
lppl-1.1,LPPL-1.1,LaTeX Project Public License v1.1,False,False,False,https://spdx.org/licenses/LPPL-1.1.html,,2026-07-06T16:17:40Z
lppl-1.2,LPPL-1.2,LaTeX Project Public License v1.2,False,True,False,https://spdx.org/licenses/LPPL-1.2.html,,2026-07-06T16:17:40Z
lppl-1.3a,LPPL-1.3a,LaTeX Project Public License v1.3a,False,True,False,https://spdx.org/licenses/LPPL-1.3a.html,,2026-07-06T16:17:40Z
lppl-1.3c,LPPL-1.3c,LaTeX Project Public License v1.3c,True,False,False,https://spdx.org/licenses/LPPL-1.3c.html,https://opensource.org/license/LPPL-1.3c,2026-07-06T16:17:40Z
lsof,lsof,lsof License,False,False,False,https://spdx.org/licenses/lsof.html,,2026-07-06T16:17:40Z
lucida-bitmap-fonts,Lucida-Bitmap-Fonts,Lucida Bitmap Fonts License,False,False,False,https://spdx.org/licenses/Lucida-Bitmap-Fonts.html,,2026-07-06T16:17:40Z
lzma-sdk-9.11-to-9.20,LZMA-SDK-9.11-to-9.20,LZMA SDK License (versions 9.11 to 9.20),False,False,False,https://spdx.org/licenses/LZMA-SDK-9.11-to-9.20.html,,2026-07-06T16:17:40Z
lzma-sdk-9.22,LZMA-SDK-9.22,LZMA SDK License (versions 9.22 and beyond),False,False,False,https://spdx.org/licenses/LZMA-SDK-9.22.html,,2026-07-06T16:17:40Z
mackerras-3-clause,Mackerras-3-Clause,Mackerras 3-Clause License,False,False,False,https://spdx.org/licenses/Mackerras-3-Clause.html,,2026-07-06T16:17:40Z
mackerras-3-clause-acknowledgment,Mackerras-3-Clause-acknowledgment,Mackerras 3-Clause - acknowledgment variant,False,False,False,https://spdx.org/licenses/Mackerras-3-Clause-acknowledgment.html,,2026-07-06T16:17:40Z
magaz,magaz,magaz License,False,False,False,https://spdx.org/licenses/magaz.html,,2026-07-06T16:17:40Z
mailprio,mailprio,mailprio License,False,False,False,https://spdx.org/licenses/mailprio.html,,2026-07-06T16:17:40Z
makeindex,MakeIndex,MakeIndex License,False,False,False,https://spdx.org/licenses/MakeIndex.html,,2026-07-06T16:17:40Z
man2html,man2html,man2html License,False,False,False,https://spdx.org/licenses/man2html.html,,2026-07-06T16:17:40Z
martin-birgmeier,Martin-Birgmeier,Martin Birgmeier License,False,False,False,https://spdx.org/licenses/Martin-Birgmeier.html,,2026-07-06T16:17:40Z
mcphee-slideshow,McPhee-slideshow,McPhee Slideshow License,False,False,False,https://spdx.org/licenses/McPhee-slideshow.html,,2026-07-06T16:17:40Z
metamail,metamail,metamail License,False,False,False,https://spdx.org/licenses/metamail.html,,2026-07-06T16:17:40Z
minpack,Minpack,Minpack License,False,False,False,https://spdx.org/licenses/Minpack.html,,2026-07-06T16:17:40Z
mips,MIPS,MIPS License,False,False,False,https://spdx.org/licenses/MIPS.html,,2026-07-06T16:17:40Z
miros,MirOS,The MirOS Licence,True,False,False,https://spdx.org/licenses/MirOS.html,https://opensource.org/license/MirOS,2026-07-06T16:17:40Z
mit,MIT,MIT License,True,True,False,https://spdx.org/licenses/MIT.html,https://opensource.org/license/MIT,2026-07-06T16:17:40Z
mit-0,MIT-0,MIT No Attribution,True,False,False,https://spdx.org/licenses/MIT-0.html,,2026-07-06T16:17:40Z
mit-advertising,MIT-advertising,Enlightenment License (e16),False,False,False,https://spdx.org/licenses/MIT-advertising.html,,2026-07-06T16:17:40Z
mit-click,MIT-Click,MIT Click License,False,False,False,https://spdx.org/licenses/MIT-Click.html,,2026-07-06T16:17:40Z
mit-cmu,MIT-CMU,CMU License,False,False,False,https://spdx.org/licenses/MIT-CMU.html,,2026-07-06T16:17:40Z
mit-enna,MIT-enna,enna License,False,False,False,https://spdx.org/licenses/MIT-enna.html,,2026-07-06T16:17:40Z
mit-feh,MIT-feh,feh License,False,False,False,https://spdx.org/licenses/MIT-feh.html,,2026-07-06T16:17:40Z
mit-festival,MIT-Festival,MIT Festival Variant,False,False,False,https://spdx.org/licenses/MIT-Festival.html,,2026-07-06T16:17:40Z
mit-khronos-old,MIT-Khronos-old,MIT Khronos - old variant,False,False,False,https://spdx.org/licenses/MIT-Khronos-old.html,,2026-07-06T16:17:40Z
mit-modern-variant,MIT-Modern-Variant,MIT License Modern Variant,True,False,False,https://spdx.org/licenses/MIT-Modern-Variant.html,,2026-07-06T16:17:40Z
mit-open-group,MIT-open-group,MIT Open Group variant,False,False,False,https://spdx.org/licenses/MIT-open-group.html,,2026-07-06T16:17:40Z
mit-stk,MIT-STK,MIT-STK License,False,False,False,https://spdx.org/licenses/MIT-STK.html,,2026-07-06T16:17:40Z
mit-testregex,MIT-testregex,MIT testregex Variant,False,False,False,https://spdx.org/licenses/MIT-testregex.html,,2026-07-06T16:17:40Z
mit-wu,MIT-Wu,MIT Tom Wu Variant,False,False,False,https://spdx.org/licenses/MIT-Wu.html,,2026-07-06T16:17:40Z
mitnfa,MITNFA,MIT +no-false-attribs license,False,False,False,https://spdx.org/licenses/MITNFA.html,,2026-07-06T16:17:40Z
mmixware,MMIXware,MMIXware License,False,False,False,https://spdx.org/licenses/MMIXware.html,,2026-07-06T16:17:40Z
mmpl-1.0.1,MMPL-1.0.1,Minecraft Mod Public License v1.0.1,False,False,False,https://spdx.org/licenses/MMPL-1.0.1.html,,2026-07-06T16:17:40Z
motosoto,Motosoto,Motosoto License,True,False,False,https://spdx.org/licenses/Motosoto.html,https://opensource.org/license/Motosoto,2026-07-06T16:17:40Z
mpeg-ssg,MPEG-SSG,MPEG Software Simulation,False,False,False,https://spdx.org/licenses/MPEG-SSG.html,,2026-07-06T16:17:40Z
mpi-permissive,mpi-permissive,mpi Permissive License,False,False,False,https://spdx.org/licenses/mpi-permissive.html,,2026-07-06T16:17:40Z
mpich2,mpich2,mpich2 License,False,False,False,https://spdx.org/licenses/mpich2.html,,2026-07-06T16:17:40Z
mpl-1.0,MPL-1.0,Mozilla Public License 1.0,True,False,False,https://spdx.org/licenses/MPL-1.0.html,https://opensource.org/license/MPL-1.0,2026-07-06T16:17:40Z
mpl-1.1,MPL-1.1,Mozilla Public License 1.1,True,True,False,https://spdx.org/licenses/MPL-1.1.html,https://opensource.org/license/MPL-1.1,2026-07-06T16:17:40Z
mpl-2.0,MPL-2.0,Mozilla Public License 2.0,True,True,False,https://spdx.org/licenses/MPL-2.0.html,https://opensource.org/license/MPL-2.0,2026-07-06T16:17:40Z
mpl-2.0-no-copyleft-exception,MPL-2.0-no-copyleft-exception,Mozilla Public License 2.0 (no copyleft exception),True,False,False,https://spdx.org/licenses/MPL-2.0-no-copyleft-exception.html,https://opensource.org/license/MPL-2.0,2026-07-06T16:17:40Z
mplus,mplus,mplus Font License,False,False,False,https://spdx.org/licenses/mplus.html,,2026-07-06T16:17:40Z
ms-lpl,MS-LPL,Microsoft Limited Public License,False,False,False,https://spdx.org/licenses/MS-LPL.html,,2026-07-06T16:17:40Z
ms-pl,MS-PL,Microsoft Public License,True,True,False,https://spdx.org/licenses/MS-PL.html,https://opensource.org/license/MS-PL,2026-07-06T16:17:40Z
ms-rl,MS-RL,Microsoft Reciprocal License,True,True,False,https://spdx.org/licenses/MS-RL.html,https://opensource.org/license/MS-RL,2026-07-06T16:17:40Z
mtll,MTLL,Matrix Template Library License,False,False,False,https://spdx.org/licenses/MTLL.html,,2026-07-06T16:17:40Z
mulanpsl-1.0,MulanPSL-1.0,"Mulan Permissive Software License, Version 1",False,False,False,https://spdx.org/licenses/MulanPSL-1.0.html,,2026-07-06T16:17:40Z
mulanpsl-2.0,MulanPSL-2.0,"Mulan Permissive Software License, Version 2",True,False,False,https://spdx.org/licenses/MulanPSL-2.0.html,,2026-07-06T16:17:40Z
multics,Multics,Multics License,True,False,False,https://spdx.org/licenses/Multics.html,https://opensource.org/license/Multics,2026-07-06T16:17:40Z
mup,Mup,Mup License,False,False,False,https://spdx.org/licenses/Mup.html,,2026-07-06T16:17:40Z
mvt-1.1,MVT-1.1,MVT License 1.1,False,False,False,https://spdx.org/licenses/MVT-1.1.html,,2026-07-06T16:17:40Z
naist-2003,NAIST-2003,Nara Institute of Science and Technology License (2003),False,False,False,https://spdx.org/licenses/NAIST-2003.html,,2026-07-06T16:17:40Z
nasa-1.3,NASA-1.3,NASA Open Source Agreement 1.3,True,False,False,https://spdx.org/licenses/NASA-1.3.html,https://opensource.org/license/NASA-1.3,2026-07-06T16:17:40Z
naumen,Naumen,Naumen Public License,True,False,False,https://spdx.org/licenses/Naumen.html,https://opensource.org/license/Naumen,2026-07-06T16:17:40Z
nbpl-1.0,NBPL-1.0,Net Boolean Public License v1,False,False,False,https://spdx.org/licenses/NBPL-1.0.html,,2026-07-06T16:17:40Z
ncbi-pd,NCBI-PD,NCBI Public Domain Notice,False,False,False,https://spdx.org/licenses/NCBI-PD.html,,2026-07-06T16:17:40Z
ncgl-uk-2.0,NCGL-UK-2.0,Non-Commercial Government Licence,False,False,False,https://spdx.org/licenses/NCGL-UK-2.0.html,,2026-07-06T16:17:40Z
ncl,NCL,NCL Source Code License,False,False,False,https://spdx.org/licenses/NCL.html,,2026-07-06T16:17:40Z
ncsa,NCSA,University of Illinois/NCSA Open Source License,True,True,False,https://spdx.org/licenses/NCSA.html,https://opensource.org/license/NCSA,2026-07-06T16:17:40Z
net-snmp,Net-SNMP,Net-SNMP License,False,False,True,https://spdx.org/licenses/Net-SNMP.html,,2026-07-06T16:17:40Z
netcdf,NetCDF,NetCDF license,False,False,False,https://spdx.org/licenses/NetCDF.html,,2026-07-06T16:17:40Z
newsletr,Newsletr,Newsletr License,False,False,False,https://spdx.org/licenses/Newsletr.html,,2026-07-06T16:17:40Z
ngpl,NGPL,Nethack General Public License,True,False,False,https://spdx.org/licenses/NGPL.html,https://opensource.org/license/NGPL,2026-07-06T16:17:40Z
ngrep,ngrep,ngrep License,False,False,False,https://spdx.org/licenses/ngrep.html,,2026-07-06T16:17:40Z
nicta-1.0,NICTA-1.0,"NICTA Public Software License, Version 1.0",False,False,False,https://spdx.org/licenses/NICTA-1.0.html,,2026-07-06T16:17:40Z
nist-pd,NIST-PD,NIST Public Domain Notice,False,False,False,https://spdx.org/licenses/NIST-PD.html,,2026-07-06T16:17:40Z
nist-pd-fallback,NIST-PD-fallback,NIST Public Domain Notice with license fallback,False,False,False,https://spdx.org/licenses/NIST-PD-fallback.html,,2026-07-06T16:17:40Z
nist-pd-tnt,NIST-PD-TNT,NIST    Public Domain Notice TNT variant,False,False,False,https://spdx.org/licenses/NIST-PD-TNT.html,,2026-07-06T16:17:40Z
nist-software,NIST-Software,NIST Software License,False,False,False,https://spdx.org/licenses/NIST-Software.html,,2026-07-06T16:17:40Z
nlod-1.0,NLOD-1.0,Norwegian Licence for Open Government Data (NLOD) 1.0,False,False,False,https://spdx.org/licenses/NLOD-1.0.html,,2026-07-06T16:17:40Z
nlod-2.0,NLOD-2.0,Norwegian Licence for Open Government Data (NLOD) 2.0,False,False,False,https://spdx.org/licenses/NLOD-2.0.html,,2026-07-06T16:17:40Z
nlpl,NLPL,No Limit Public License,False,False,False,https://spdx.org/licenses/NLPL.html,,2026-07-06T16:17:40Z
nokia,Nokia,Nokia Open Source License,True,True,False,https://spdx.org/licenses/Nokia.html,https://opensource.org/license/Nokia,2026-07-06T16:17:40Z
nosl,NOSL,Netizen Open Source License,False,True,False,https://spdx.org/licenses/NOSL.html,,2026-07-06T16:17:40Z
noweb,Noweb,Noweb License,False,False,False,https://spdx.org/licenses/Noweb.html,,2026-07-06T16:17:40Z
npl-1.0,NPL-1.0,Netscape Public License v1.0,False,True,False,https://spdx.org/licenses/NPL-1.0.html,,2026-07-06T16:17:40Z
npl-1.1,NPL-1.1,Netscape Public License v1.1,False,True,False,https://spdx.org/licenses/NPL-1.1.html,,2026-07-06T16:17:40Z
nposl-3.0,NPOSL-3.0,Non-Profit Open Software License 3.0,True,False,False,https://spdx.org/licenses/NPOSL-3.0.html,https://opensource.org/license/NPOSL-3.0,2026-07-06T16:17:40Z
nrl,NRL,NRL License,False,False,False,https://spdx.org/licenses/NRL.html,,2026-07-06T16:17:40Z
ntia-pd,NTIA-PD,NTIA Public Domain Notice,False,False,False,https://spdx.org/licenses/NTIA-PD.html,,2026-07-06T16:17:40Z
ntp,NTP,NTP License,True,False,False,https://spdx.org/licenses/NTP.html,https://opensource.org/license/NTP,2026-07-06T16:17:40Z
ntp-0,NTP-0,NTP No Attribution,False,False,False,https://spdx.org/licenses/NTP-0.html,,2026-07-06T16:17:40Z
nunit,Nunit,Nunit License,False,True,True,https://spdx.org/licenses/Nunit.html,,2026-07-06T16:17:40Z
o-uda-1.0,O-UDA-1.0,Open Use of Data Agreement v1.0,False,False,False,https://spdx.org/licenses/O-UDA-1.0.html,,2026-07-06T16:17:40Z
oar,OAR,OAR License,False,False,False,https://spdx.org/licenses/OAR.html,,2026-07-06T16:17:40Z
occt-pl,OCCT-PL,Open CASCADE Technology Public License,False,False,False,https://spdx.org/licenses/OCCT-PL.html,,2026-07-06T16:17:40Z
oclc-2.0,OCLC-2.0,OCLC Research Public License 2.0,True,False,False,https://spdx.org/licenses/OCLC-2.0.html,https://opensource.org/license/OCLC-2.0,2026-07-06T16:17:40Z
odbl-1.0,ODbL-1.0,Open Data Commons Open Database License v1.0,False,True,False,https://spdx.org/licenses/ODbL-1.0.html,,2026-07-06T16:17:40Z
odc-by-1.0,ODC-By-1.0,Open Data Commons Attribution License v1.0,False,False,False,https://spdx.org/licenses/ODC-By-1.0.html,,2026-07-06T16:17:40Z
offis,OFFIS,OFFIS License,False,False,False,https://spdx.org/licenses/OFFIS.html,,2026-07-06T16:17:40Z
ofl-1.0,OFL-1.0,SIL Open Font License 1.0,False,True,False,https://spdx.org/licenses/OFL-1.0.html,,2026-07-06T16:17:40Z
ofl-1.0-no-rfn,OFL-1.0-no-RFN,SIL Open Font License 1.0 with no Reserved Font Name,False,False,False,https://spdx.org/licenses/OFL-1.0-no-RFN.html,,2026-07-06T16:17:40Z
ofl-1.0-rfn,OFL-1.0-RFN,SIL Open Font License 1.0 with Reserved Font Name,False,False,False,https://spdx.org/licenses/OFL-1.0-RFN.html,,2026-07-06T16:17:40Z
ofl-1.1,OFL-1.1,SIL Open Font License 1.1,True,True,False,https://spdx.org/licenses/OFL-1.1.html,https://opensource.org/license/OFL-1.1,2026-07-06T16:17:40Z
ofl-1.1-no-rfn,OFL-1.1-no-RFN,SIL Open Font License 1.1 with no Reserved Font Name,True,False,False,https://spdx.org/licenses/OFL-1.1-no-RFN.html,https://opensource.org/license/OFL-1.1,2026-07-06T16:17:40Z
ofl-1.1-rfn,OFL-1.1-RFN,SIL Open Font License 1.1 with Reserved Font Name,True,False,False,https://spdx.org/licenses/OFL-1.1-RFN.html,https://opensource.org/license/OFL-1.1,2026-07-06T16:17:40Z
ogc-1.0,OGC-1.0,"OGC Software License, Version 1.0",False,False,False,https://spdx.org/licenses/OGC-1.0.html,,2026-07-06T16:17:40Z
ogdl-taiwan-1.0,OGDL-Taiwan-1.0,"Taiwan Open Government Data License, version 1.0",False,False,False,https://spdx.org/licenses/OGDL-Taiwan-1.0.html,,2026-07-06T16:17:40Z
ogl-canada-2.0,OGL-Canada-2.0,Open Government Licence - Canada,False,False,False,https://spdx.org/licenses/OGL-Canada-2.0.html,,2026-07-06T16:17:40Z
ogl-uk-1.0,OGL-UK-1.0,Open Government Licence v1.0,False,False,False,https://spdx.org/licenses/OGL-UK-1.0.html,,2026-07-06T16:17:40Z
ogl-uk-2.0,OGL-UK-2.0,Open Government Licence v2.0,False,False,False,https://spdx.org/licenses/OGL-UK-2.0.html,,2026-07-06T16:17:40Z
ogl-uk-3.0,OGL-UK-3.0,Open Government Licence v3.0,False,False,False,https://spdx.org/licenses/OGL-UK-3.0.html,,2026-07-06T16:17:40Z
ogtsl,OGTSL,Open Group Test Suite License,True,False,False,https://spdx.org/licenses/OGTSL.html,https://opensource.org/license/OGTSL,2026-07-06T16:17:40Z
oldap-1.1,OLDAP-1.1,Open LDAP Public License v1.1,False,False,False,https://spdx.org/licenses/OLDAP-1.1.html,,2026-07-06T16:17:40Z
oldap-1.2,OLDAP-1.2,Open LDAP Public License v1.2,False,False,False,https://spdx.org/licenses/OLDAP-1.2.html,,2026-07-06T16:17:40Z
oldap-1.3,OLDAP-1.3,Open LDAP Public License v1.3,False,False,False,https://spdx.org/licenses/OLDAP-1.3.html,,2026-07-06T16:17:40Z
oldap-1.4,OLDAP-1.4,Open LDAP Public License v1.4,False,False,False,https://spdx.org/licenses/OLDAP-1.4.html,,2026-07-06T16:17:40Z
oldap-2.0,OLDAP-2.0,Open LDAP Public License v2.0 (or possibly 2.0A and 2.0B),False,False,False,https://spdx.org/licenses/OLDAP-2.0.html,,2026-07-06T16:17:40Z
oldap-2.0.1,OLDAP-2.0.1,Open LDAP Public License v2.0.1,False,False,False,https://spdx.org/licenses/OLDAP-2.0.1.html,,2026-07-06T16:17:40Z
oldap-2.1,OLDAP-2.1,Open LDAP Public License v2.1,False,False,False,https://spdx.org/licenses/OLDAP-2.1.html,,2026-07-06T16:17:40Z
oldap-2.2,OLDAP-2.2,Open LDAP Public License v2.2,False,False,False,https://spdx.org/licenses/OLDAP-2.2.html,,2026-07-06T16:17:40Z
oldap-2.2.1,OLDAP-2.2.1,Open LDAP Public License v2.2.1,False,False,False,https://spdx.org/licenses/OLDAP-2.2.1.html,,2026-07-06T16:17:40Z
oldap-2.2.2,OLDAP-2.2.2,Open LDAP Public License 2.2.2,False,False,False,https://spdx.org/licenses/OLDAP-2.2.2.html,,2026-07-06T16:17:40Z
oldap-2.3,OLDAP-2.3,Open LDAP Public License v2.3,False,True,False,https://spdx.org/licenses/OLDAP-2.3.html,,2026-07-06T16:17:40Z
oldap-2.4,OLDAP-2.4,Open LDAP Public License v2.4,False,False,False,https://spdx.org/licenses/OLDAP-2.4.html,,2026-07-06T16:17:40Z
oldap-2.5,OLDAP-2.5,Open LDAP Public License v2.5,False,False,False,https://spdx.org/licenses/OLDAP-2.5.html,,2026-07-06T16:17:40Z
oldap-2.6,OLDAP-2.6,Open LDAP Public License v2.6,False,False,False,https://spdx.org/licenses/OLDAP-2.6.html,,2026-07-06T16:17:40Z
oldap-2.7,OLDAP-2.7,Open LDAP Public License v2.7,False,True,False,https://spdx.org/licenses/OLDAP-2.7.html,,2026-07-06T16:17:40Z
oldap-2.8,OLDAP-2.8,Open LDAP Public License v2.8,True,False,False,https://spdx.org/licenses/OLDAP-2.8.html,,2026-07-06T16:17:40Z
olfl-1.3,OLFL-1.3,Open Logistics Foundation License Version 1.3,True,False,False,https://spdx.org/licenses/OLFL-1.3.html,https://opensource.org/license/OLFL-1.3,2026-07-06T16:17:40Z
oml,OML,Open Market License,False,False,False,https://spdx.org/licenses/OML.html,,2026-07-06T16:17:40Z
openmdw-1.0,OpenMDW-1.0,OpenMDW License Agreement v1.0,False,False,False,https://spdx.org/licenses/OpenMDW-1.0.html,,2026-07-06T16:17:40Z
openpbs-2.3,OpenPBS-2.3,OpenPBS v2.3 Software License,False,False,False,https://spdx.org/licenses/OpenPBS-2.3.html,,2026-07-06T16:17:40Z
openssl,OpenSSL,OpenSSL License,False,True,False,https://spdx.org/licenses/OpenSSL.html,,2026-07-06T16:17:40Z
openssl-standalone,OpenSSL-standalone,OpenSSL License - standalone,False,False,False,https://spdx.org/licenses/OpenSSL-standalone.html,,2026-07-06T16:17:40Z
openvision,OpenVision,OpenVision License,False,False,False,https://spdx.org/licenses/OpenVision.html,,2026-07-06T16:17:40Z
opl-1.0,OPL-1.0,Open Public License v1.0,False,False,False,https://spdx.org/licenses/OPL-1.0.html,,2026-07-06T16:17:40Z
opl-uk-3.0,OPL-UK-3.0,United    Kingdom Open Parliament Licence v3.0,False,False,False,https://spdx.org/licenses/OPL-UK-3.0.html,,2026-07-06T16:17:40Z
opubl-1.0,OPUBL-1.0,Open Publication License v1.0,False,False,False,https://spdx.org/licenses/OPUBL-1.0.html,,2026-07-06T16:17:40Z
osc-1.0,OSC-1.0,OSC License 1.0,True,False,False,https://spdx.org/licenses/OSC-1.0.html,https://opensource.org/license/OSC-1.0,2026-07-06T16:17:40Z
oset-pl-2.1,OSET-PL-2.1,OSET Public License version 2.1,True,False,False,https://spdx.org/licenses/OSET-PL-2.1.html,https://opensource.org/license/OSET-PL-2.1,2026-07-06T16:17:40Z
osl-1.0,OSL-1.0,Open Software License 1.0,True,True,False,https://spdx.org/licenses/OSL-1.0.html,https://opensource.org/license/OSL-1.0,2026-07-06T16:17:40Z
osl-1.1,OSL-1.1,Open Software License 1.1,False,True,False,https://spdx.org/licenses/OSL-1.1.html,,2026-07-06T16:17:40Z
osl-2.0,OSL-2.0,Open Software License 2.0,True,True,False,https://spdx.org/licenses/OSL-2.0.html,,2026-07-06T16:17:40Z
osl-2.1,OSL-2.1,Open Software License 2.1,True,True,False,https://spdx.org/licenses/OSL-2.1.html,https://opensource.org/license/OSL-2.1,2026-07-06T16:17:40Z
osl-3.0,OSL-3.0,Open Software License 3.0,True,True,False,https://spdx.org/licenses/OSL-3.0.html,https://opensource.org/license/OSL-3.0,2026-07-06T16:17:40Z
ossp,OSSP,OSSP License,False,False,False,https://spdx.org/licenses/OSSP.html,,2026-07-06T16:17:40Z
padl,PADL,PADL License,False,False,False,https://spdx.org/licenses/PADL.html,,2026-07-06T16:17:40Z
paratype-free-font-1.3,ParaType-Free-Font-1.3,ParaType Free Font Licensing Agreement v1.3,False,False,False,https://spdx.org/licenses/ParaType-Free-Font-1.3.html,,2026-07-06T16:17:40Z
parity-6.0.0,Parity-6.0.0,The Parity Public License 6.0.0,False,False,False,https://spdx.org/licenses/Parity-6.0.0.html,,2026-07-06T16:17:40Z
parity-7.0.0,Parity-7.0.0,The Parity Public License 7.0.0,False,False,False,https://spdx.org/licenses/Parity-7.0.0.html,,2026-07-06T16:17:40Z
pddl-1.0,PDDL-1.0,Open Data Commons Public Domain Dedication & License 1.0,False,False,False,https://spdx.org/licenses/PDDL-1.0.html,,2026-07-06T16:17:40Z
php-3.0,PHP-3.0,PHP License v3.0,True,False,False,https://spdx.org/licenses/PHP-3.0.html,https://opensource.org/license/PHP-3.0,2026-07-06T16:17:40Z
php-3.01,PHP-3.01,PHP License v3.01,True,True,False,https://spdx.org/licenses/PHP-3.01.html,,2026-07-06T16:17:40Z
pixar,Pixar,Pixar License,False,False,False,https://spdx.org/licenses/Pixar.html,,2026-07-06T16:17:40Z
pkgconf,pkgconf,pkgconf License,False,False,False,https://spdx.org/licenses/pkgconf.html,,2026-07-06T16:17:40Z
plexus,Plexus,Plexus Classworlds License,False,False,False,https://spdx.org/licenses/Plexus.html,,2026-07-06T16:17:40Z
pnmstitch,pnmstitch,pnmstitch License,False,False,False,https://spdx.org/licenses/pnmstitch.html,,2026-07-06T16:17:40Z
polyform-noncommercial-1.0.0,PolyForm-Noncommercial-1.0.0,PolyForm Noncommercial License 1.0.0,False,False,False,https://spdx.org/licenses/PolyForm-Noncommercial-1.0.0.html,,2026-07-06T16:17:40Z
polyform-small-business-1.0.0,PolyForm-Small-Business-1.0.0,PolyForm Small Business License 1.0.0,False,False,False,https://spdx.org/licenses/PolyForm-Small-Business-1.0.0.html,,2026-07-06T16:17:40Z
postgresql,PostgreSQL,PostgreSQL License,True,False,False,https://spdx.org/licenses/PostgreSQL.html,https://opensource.org/license/PostgreSQL,2026-07-06T16:17:40Z
ppl,PPL,Peer Production License,False,False,False,https://spdx.org/licenses/PPL.html,,2026-07-06T16:17:40Z
psf-2.0,PSF-2.0,Python Software Foundation License 2.0,False,False,False,https://spdx.org/licenses/PSF-2.0.html,https://opensource.org/license/PSF-2-0,2026-07-06T16:17:40Z
psfrag,psfrag,psfrag License,False,False,False,https://spdx.org/licenses/psfrag.html,,2026-07-06T16:17:40Z
psutils,psutils,psutils License,False,False,False,https://spdx.org/licenses/psutils.html,,2026-07-06T16:17:40Z
python-2.0,Python-2.0,Python License 2.0,True,True,False,https://spdx.org/licenses/Python-2.0.html,https://opensource.org/license/Python-2.0,2026-07-06T16:17:40Z
python-2.0.1,Python-2.0.1,Python License 2.0.1,False,False,False,https://spdx.org/licenses/Python-2.0.1.html,,2026-07-06T16:17:40Z
python-ldap,python-ldap,Python ldap License,False,False,False,https://spdx.org/licenses/python-ldap.html,,2026-07-06T16:17:40Z
qhull,Qhull,Qhull License,False,False,False,https://spdx.org/licenses/Qhull.html,,2026-07-06T16:17:40Z
qpl-1.0,QPL-1.0,Q Public License 1.0,True,True,False,https://spdx.org/licenses/QPL-1.0.html,https://opensource.org/license/QPL-1.0,2026-07-06T16:17:40Z
qpl-1.0-inria-2004,QPL-1.0-INRIA-2004,Q Public License 1.0 - INRIA 2004 variant,False,False,False,https://spdx.org/licenses/QPL-1.0-INRIA-2004.html,,2026-07-06T16:17:40Z
radvd,radvd,radvd License,False,False,False,https://spdx.org/licenses/radvd.html,,2026-07-06T16:17:40Z
rdisc,Rdisc,Rdisc License,False,False,False,https://spdx.org/licenses/Rdisc.html,,2026-07-06T16:17:40Z
rhecos-1.1,RHeCos-1.1,Red Hat eCos Public License v1.1,False,False,False,https://spdx.org/licenses/RHeCos-1.1.html,,2026-07-06T16:17:40Z
rpl-1.1,RPL-1.1,Reciprocal Public License 1.1,True,False,False,https://spdx.org/licenses/RPL-1.1.html,https://opensource.org/license/RPL-1.1,2026-07-06T16:17:40Z
rpl-1.5,RPL-1.5,Reciprocal Public License 1.5,True,False,False,https://spdx.org/licenses/RPL-1.5.html,https://opensource.org/license/RPL-1.5,2026-07-06T16:17:40Z
rpsl-1.0,RPSL-1.0,RealNetworks Public Source License v1.0,True,True,False,https://spdx.org/licenses/RPSL-1.0.html,https://opensource.org/license/RPSL-1.0,2026-07-06T16:17:40Z
rsa-md,RSA-MD,RSA Message-Digest License,False,False,False,https://spdx.org/licenses/RSA-MD.html,,2026-07-06T16:17:40Z
rscpl,RSCPL,Ricoh Source Code Public License,True,False,False,https://spdx.org/licenses/RSCPL.html,https://opensource.org/license/RSCPL,2026-07-06T16:17:40Z
ruby,Ruby,Ruby License,False,True,False,https://spdx.org/licenses/Ruby.html,,2026-07-06T16:17:40Z
ruby-pty,Ruby-pty,Ruby pty extension license,False,False,False,https://spdx.org/licenses/Ruby-pty.html,,2026-07-06T16:17:40Z
sax-pd,SAX-PD,Sax Public Domain Notice,False,False,False,https://spdx.org/licenses/SAX-PD.html,,2026-07-06T16:17:40Z
sax-pd-2.0,SAX-PD-2.0,Sax Public Domain Notice 2.0,False,False,False,https://spdx.org/licenses/SAX-PD-2.0.html,,2026-07-06T16:17:40Z
saxpath,Saxpath,Saxpath License,False,False,False,https://spdx.org/licenses/Saxpath.html,,2026-07-06T16:17:40Z
scea,SCEA,SCEA Shared Source License,False,False,False,https://spdx.org/licenses/SCEA.html,,2026-07-06T16:17:40Z
schemereport,SchemeReport,Scheme Language Report License,False,False,False,https://spdx.org/licenses/SchemeReport.html,,2026-07-06T16:17:40Z
sendmail,Sendmail,Sendmail License,False,False,False,https://spdx.org/licenses/Sendmail.html,,2026-07-06T16:17:40Z
sendmail-8.23,Sendmail-8.23,Sendmail License 8.23,False,False,False,https://spdx.org/licenses/Sendmail-8.23.html,,2026-07-06T16:17:40Z
sendmail-open-source-1.1,Sendmail-Open-Source-1.1,Sendmail Open Source License v1.1,False,False,False,https://spdx.org/licenses/Sendmail-Open-Source-1.1.html,,2026-07-06T16:17:40Z
sgi-b-1.0,SGI-B-1.0,SGI Free Software License B v1.0,False,False,False,https://spdx.org/licenses/SGI-B-1.0.html,,2026-07-06T16:17:40Z
sgi-b-1.1,SGI-B-1.1,SGI Free Software License B v1.1,False,False,False,https://spdx.org/licenses/SGI-B-1.1.html,,2026-07-06T16:17:40Z
sgi-b-2.0,SGI-B-2.0,SGI Free Software License B v2.0,False,True,False,https://spdx.org/licenses/SGI-B-2.0.html,,2026-07-06T16:17:40Z
sgi-opengl,SGI-OpenGL,SGI OpenGL License,False,False,False,https://spdx.org/licenses/SGI-OpenGL.html,,2026-07-06T16:17:40Z
sgmlug-pm,SGMLUG-PM,SGMLUG Parser Materials License,False,False,False,https://spdx.org/licenses/SGMLUG-PM.html,,2026-07-06T16:17:40Z
sgp4,SGP4,SGP4 Permission Notice,False,False,False,https://spdx.org/licenses/SGP4.html,,2026-07-06T16:17:40Z
shl-0.5,SHL-0.5,Solderpad Hardware License v0.5,False,False,False,https://spdx.org/licenses/SHL-0.5.html,,2026-07-06T16:17:40Z
shl-0.51,SHL-0.51,"Solderpad Hardware License, Version 0.51",False,False,False,https://spdx.org/licenses/SHL-0.51.html,,2026-07-06T16:17:40Z
simpl-2.0,SimPL-2.0,Simple Public License 2.0,True,False,False,https://spdx.org/licenses/SimPL-2.0.html,https://opensource.org/license/SiMPL-2.0,2026-07-06T16:17:40Z
sissl,SISSL,Sun Industry Standards Source License v1.1,True,True,False,https://spdx.org/licenses/SISSL.html,https://opensource.org/license/SISSL,2026-07-06T16:17:40Z
sissl-1.2,SISSL-1.2,Sun Industry Standards Source License v1.2,False,False,False,https://spdx.org/licenses/SISSL-1.2.html,,2026-07-06T16:17:40Z
sl,SL,SL License,False,False,False,https://spdx.org/licenses/SL.html,,2026-07-06T16:17:40Z
sleepycat,Sleepycat,Sleepycat License,True,True,False,https://spdx.org/licenses/Sleepycat.html,https://opensource.org/license/Sleepycat,2026-07-06T16:17:40Z
smail-gpl,SMAIL-GPL,SMAIL General Public License,False,False,False,https://spdx.org/licenses/SMAIL-GPL.html,,2026-07-06T16:17:40Z
smlnj,SMLNJ,Standard ML of New Jersey License,False,True,False,https://spdx.org/licenses/SMLNJ.html,,2026-07-06T16:17:40Z
smppl,SMPPL,Secure Messaging Protocol Public License,False,False,False,https://spdx.org/licenses/SMPPL.html,,2026-07-06T16:17:40Z
snia,SNIA,SNIA Public License 1.1,False,False,False,https://spdx.org/licenses/SNIA.html,,2026-07-06T16:17:40Z
snprintf,snprintf,snprintf License,False,False,False,https://spdx.org/licenses/snprintf.html,,2026-07-06T16:17:40Z
sofa,SOFA,SOFA Software License,False,False,False,https://spdx.org/licenses/SOFA.html,,2026-07-06T16:17:40Z
softsurfer,softSurfer,softSurfer License,False,False,False,https://spdx.org/licenses/softSurfer.html,,2026-07-06T16:17:40Z
soundex,Soundex,Soundex License,False,False,False,https://spdx.org/licenses/Soundex.html,,2026-07-06T16:17:40Z
spencer-86,Spencer-86,Spencer License 86,False,False,False,https://spdx.org/licenses/Spencer-86.html,,2026-07-06T16:17:40Z
spencer-94,Spencer-94,Spencer License 94,False,False,False,https://spdx.org/licenses/Spencer-94.html,,2026-07-06T16:17:40Z
spencer-99,Spencer-99,Spencer License 99,False,False,False,https://spdx.org/licenses/Spencer-99.html,,2026-07-06T16:17:40Z
spl-1.0,SPL-1.0,Sun Public License v1.0,True,True,False,https://spdx.org/licenses/SPL-1.0.html,https://opensource.org/license/SPL-1.0,2026-07-06T16:17:40Z
ssh-keyscan,ssh-keyscan,ssh-keyscan License,False,False,False,https://spdx.org/licenses/ssh-keyscan.html,,2026-07-06T16:17:40Z
ssh-openssh,SSH-OpenSSH,SSH OpenSSH license,False,False,False,https://spdx.org/licenses/SSH-OpenSSH.html,,2026-07-06T16:17:40Z
ssh-short,SSH-short,SSH short notice,False,False,False,https://spdx.org/licenses/SSH-short.html,,2026-07-06T16:17:40Z
ssleay-standalone,SSLeay-standalone,SSLeay License - standalone,False,False,False,https://spdx.org/licenses/SSLeay-standalone.html,,2026-07-06T16:17:40Z
sspl-1.0,SSPL-1.0,"Server Side Public License, v 1",False,False,False,https://spdx.org/licenses/SSPL-1.0.html,,2026-07-06T16:17:40Z
standardml-nj,StandardML-NJ,Standard ML of New Jersey License,False,True,True,https://spdx.org/licenses/StandardML-NJ.html,,2026-07-06T16:17:40Z
sugarcrm-1.1.3,SugarCRM-1.1.3,SugarCRM Public License v1.1.3,False,False,False,https://spdx.org/licenses/SugarCRM-1.1.3.html,,2026-07-06T16:17:40Z
sul-1.0,SUL-1.0,Sustainable Use License v1.0,False,False,False,https://spdx.org/licenses/SUL-1.0.html,,2026-07-06T16:17:40Z
sun-ppp,Sun-PPP,Sun PPP License,False,False,False,https://spdx.org/licenses/Sun-PPP.html,,2026-07-06T16:17:40Z
sun-ppp-2000,Sun-PPP-2000,Sun PPP License (2000),False,False,False,https://spdx.org/licenses/Sun-PPP-2000.html,,2026-07-06T16:17:40Z
sunpro,SunPro,SunPro License,False,False,False,https://spdx.org/licenses/SunPro.html,,2026-07-06T16:17:40Z
swl,SWL,Scheme Widget Library (SWL) Software License Agreement,False,False,False,https://spdx.org/licenses/SWL.html,,2026-07-06T16:17:40Z
swrule,swrule,swrule License,False,False,False,https://spdx.org/licenses/swrule.html,,2026-07-06T16:17:40Z
symlinks,Symlinks,Symlinks License,False,False,False,https://spdx.org/licenses/Symlinks.html,,2026-07-06T16:17:40Z
tapr-ohl-1.0,TAPR-OHL-1.0,TAPR Open Hardware License v1.0,False,False,False,https://spdx.org/licenses/TAPR-OHL-1.0.html,,2026-07-06T16:17:40Z
tcl,TCL,TCL/TK License,False,False,False,https://spdx.org/licenses/TCL.html,,2026-07-06T16:17:40Z
tcp-wrappers,TCP-wrappers,TCP Wrappers License,False,False,False,https://spdx.org/licenses/TCP-wrappers.html,,2026-07-06T16:17:40Z
tekhvc,TekHVC,TekHVC License,False,False,False,https://spdx.org/licenses/TekHVC.html,,2026-07-06T16:17:40Z
termreadkey,TermReadKey,TermReadKey License,False,False,False,https://spdx.org/licenses/TermReadKey.html,,2026-07-06T16:17:40Z
tgppl-1.0,TGPPL-1.0,Transitive Grace Period Public Licence 1.0,False,False,False,https://spdx.org/licenses/TGPPL-1.0.html,,2026-07-06T16:17:40Z
thirdeye,ThirdEye,ThirdEye License,False,False,False,https://spdx.org/licenses/ThirdEye.html,,2026-07-06T16:17:40Z
threeparttable,threeparttable,threeparttable License,False,False,False,https://spdx.org/licenses/threeparttable.html,,2026-07-06T16:17:40Z
tmate,TMate,TMate Open Source License,False,False,False,https://spdx.org/licenses/TMate.html,,2026-07-06T16:17:40Z
torque-1.1,TORQUE-1.1,TORQUE v2.5+ Software License v1.1,False,False,False,https://spdx.org/licenses/TORQUE-1.1.html,,2026-07-06T16:17:40Z
tosl,TOSL,Trusster Open Source License,False,False,False,https://spdx.org/licenses/TOSL.html,,2026-07-06T16:17:40Z
tpdl,TPDL,Time::ParseDate License,False,False,False,https://spdx.org/licenses/TPDL.html,,2026-07-06T16:17:40Z
tpl-1.0,TPL-1.0,THOR Public License 1.0,False,False,False,https://spdx.org/licenses/TPL-1.0.html,,2026-07-06T16:17:40Z
trustedqsl,TrustedQSL,TrustedQSL License,False,False,False,https://spdx.org/licenses/TrustedQSL.html,,2026-07-06T16:17:40Z
ttwl,TTWL,Text-Tabs+Wrap License,False,False,False,https://spdx.org/licenses/TTWL.html,,2026-07-06T16:17:40Z
ttyp0,TTYP0,TTYP0 License,False,False,False,https://spdx.org/licenses/TTYP0.html,,2026-07-06T16:17:40Z
tu-berlin-1.0,TU-Berlin-1.0,Technische Universitaet Berlin License 1.0,False,False,False,https://spdx.org/licenses/TU-Berlin-1.0.html,,2026-07-06T16:17:40Z
tu-berlin-2.0,TU-Berlin-2.0,Technische Universitaet Berlin License 2.0,False,False,False,https://spdx.org/licenses/TU-Berlin-2.0.html,,2026-07-06T16:17:40Z
ubuntu-font-1.0,Ubuntu-font-1.0,Ubuntu Font Licence v1.0,False,False,False,https://spdx.org/licenses/Ubuntu-font-1.0.html,,2026-07-06T16:17:40Z
ucar,UCAR,UCAR License,False,False,False,https://spdx.org/licenses/UCAR.html,,2026-07-06T16:17:40Z
ucl-1.0,UCL-1.0,Upstream Compatibility License v1.0,True,False,False,https://spdx.org/licenses/UCL-1.0.html,https://opensource.org/license/UCL-1.0,2026-07-06T16:17:40Z
ulem,ulem,ulem License,False,False,False,https://spdx.org/licenses/ulem.html,,2026-07-06T16:17:40Z
umich-merit,UMich-Merit,Michigan/Merit Networks License,False,False,False,https://spdx.org/licenses/UMich-Merit.html,,2026-07-06T16:17:40Z
unicode-3.0,Unicode-3.0,Unicode License v3,True,False,False,https://spdx.org/licenses/Unicode-3.0.html,,2026-07-06T16:17:40Z
unicode-dfs-2015,Unicode-DFS-2015,Unicode License Agreement - Data Files and Software (2015),False,False,False,https://spdx.org/licenses/Unicode-DFS-2015.html,,2026-07-06T16:17:40Z
unicode-dfs-2016,Unicode-DFS-2016,Unicode License Agreement - Data Files and Software (2016),True,False,False,https://spdx.org/licenses/Unicode-DFS-2016.html,,2026-07-06T16:17:40Z
unicode-tou,Unicode-TOU,Unicode Terms of Use,False,False,False,https://spdx.org/licenses/Unicode-TOU.html,,2026-07-06T16:17:40Z
unixcrypt,UnixCrypt,UnixCrypt License,False,False,False,https://spdx.org/licenses/UnixCrypt.html,,2026-07-06T16:17:40Z
unlicense,Unlicense,The Unlicense,True,True,False,https://spdx.org/licenses/Unlicense.html,,2026-07-06T16:17:40Z
unlicense-libtelnet,Unlicense-libtelnet,Unlicense - libtelnet variant,False,False,False,https://spdx.org/licenses/Unlicense-libtelnet.html,,2026-07-06T16:17:40Z
unlicense-libwhirlpool,Unlicense-libwhirlpool,Unlicense - libwhirlpool variant,False,False,False,https://spdx.org/licenses/Unlicense-libwhirlpool.html,,2026-07-06T16:17:40Z
unrar,UnRAR,UnRAR License,False,False,False,https://spdx.org/licenses/UnRAR.html,,2026-07-06T16:17:40Z
upl-1.0,UPL-1.0,Universal Permissive License v1.0,True,True,False,https://spdx.org/licenses/UPL-1.0.html,https://opensource.org/license/UPL-1.0,2026-07-06T16:17:40Z
urt-rle,URT-RLE,Utah Raster Toolkit Run Length Encoded License,False,False,False,https://spdx.org/licenses/URT-RLE.html,,2026-07-06T16:17:40Z
vim,Vim,Vim License,False,True,False,https://spdx.org/licenses/Vim.html,,2026-07-06T16:17:40Z
vixie-cron,Vixie-Cron,Vixie Cron License,False,False,False,https://spdx.org/licenses/Vixie-Cron.html,,2026-07-06T16:17:40Z
vostrom,VOSTROM,VOSTROM Public License for Open Source,False,False,False,https://spdx.org/licenses/VOSTROM.html,,2026-07-06T16:17:40Z
vsl-1.0,VSL-1.0,Vovida Software License v1.0,True,False,False,https://spdx.org/licenses/VSL-1.0.html,https://opensource.org/license/VSL-1.0,2026-07-06T16:17:40Z
w3c,W3C,W3C Software Notice and License (2002-12-31),True,True,False,https://spdx.org/licenses/W3C.html,https://opensource.org/license/W3C,2026-07-06T16:17:40Z
w3c-19980720,W3C-19980720,W3C Software Notice and License (1998-07-20),False,False,False,https://spdx.org/licenses/W3C-19980720.html,,2026-07-06T16:17:40Z
w3c-20150513,W3C-20150513,W3C Software Notice and Document License (2015-05-13),True,False,False,https://spdx.org/licenses/W3C-20150513.html,,2026-07-06T16:17:40Z
w3m,w3m,w3m License,False,False,False,https://spdx.org/licenses/w3m.html,,2026-07-06T16:17:40Z
watcom-1.0,Watcom-1.0,Sybase Open Watcom Public License 1.0,True,False,False,https://spdx.org/licenses/Watcom-1.0.html,https://opensource.org/license/Watcom-1.0,2026-07-06T16:17:40Z
widget-workshop,Widget-Workshop,Widget Workshop License,False,False,False,https://spdx.org/licenses/Widget-Workshop.html,,2026-07-06T16:17:40Z
wordnet,WordNet,WordNet License,True,False,False,https://spdx.org/licenses/WordNet.html,,2026-07-06T16:17:40Z
wsuipa,Wsuipa,Wsuipa License,False,False,False,https://spdx.org/licenses/Wsuipa.html,,2026-07-06T16:17:40Z
wtfnmfpl,WTFNMFPL,Do What The F*ck You Want To But It's Not My Fault Public License,False,False,False,https://spdx.org/licenses/WTFNMFPL.html,,2026-07-06T16:17:40Z
wtfpl,WTFPL,Do What The F*ck You Want To Public License,False,True,False,https://spdx.org/licenses/WTFPL.html,,2026-07-06T16:17:40Z
wwl,wwl,WWL License,False,False,False,https://spdx.org/licenses/wwl.html,,2026-07-06T16:17:40Z
wxwindows,wxWindows,wxWindows Library License,True,False,True,https://spdx.org/licenses/wxWindows.html,https://opensource.org/license/wxWindows,2026-07-06T16:17:40Z
x11,X11,X11 License,False,True,False,https://spdx.org/licenses/X11.html,,2026-07-06T16:17:40Z
x11-distribute-modifications-variant,X11-distribute-modifications-variant,X11 License Distribution Modification Variant,False,False,False,https://spdx.org/licenses/X11-distribute-modifications-variant.html,,2026-07-06T16:17:40Z
x11-no-permit-persons,X11-no-permit-persons,X11 no permit persons clause,False,False,False,https://spdx.org/licenses/X11-no-permit-persons.html,,2026-07-06T16:17:40Z
x11-swapped,X11-swapped,X11 swapped final paragraphs,False,False,False,https://spdx.org/licenses/X11-swapped.html,,2026-07-06T16:17:40Z
xdebug-1.03,Xdebug-1.03,Xdebug License v 1.03,False,False,False,https://spdx.org/licenses/Xdebug-1.03.html,,2026-07-06T16:17:40Z
xerox,Xerox,Xerox License,False,False,False,https://spdx.org/licenses/Xerox.html,,2026-07-06T16:17:40Z
xfig,Xfig,Xfig License,False,False,False,https://spdx.org/licenses/Xfig.html,,2026-07-06T16:17:40Z
xfree86-1.1,XFree86-1.1,XFree86 License 1.1,False,True,False,https://spdx.org/licenses/XFree86-1.1.html,,2026-07-06T16:17:40Z
xinetd,xinetd,xinetd License,False,True,False,https://spdx.org/licenses/xinetd.html,,2026-07-06T16:17:40Z
xkeyboard-config-zinoviev,xkeyboard-config-Zinoviev,xkeyboard-config Zinoviev License,False,False,False,https://spdx.org/licenses/xkeyboard-config-Zinoviev.html,,2026-07-06T16:17:40Z
xlock,xlock,xlock License,False,False,False,https://spdx.org/licenses/xlock.html,,2026-07-06T16:17:40Z
xnet,Xnet,X.Net License,True,False,False,https://spdx.org/licenses/Xnet.html,https://opensource.org/license/Xnet,2026-07-06T16:17:40Z
xpp,xpp,XPP License,False,False,False,https://spdx.org/licenses/xpp.html,,2026-07-06T16:17:40Z
xskat,XSkat,XSkat License,False,False,False,https://spdx.org/licenses/XSkat.html,,2026-07-06T16:17:40Z
xzoom,xzoom,xzoom License,False,False,False,https://spdx.org/licenses/xzoom.html,,2026-07-06T16:17:40Z
ypl-1.0,YPL-1.0,Yahoo! Public License v1.0,False,False,False,https://spdx.org/licenses/YPL-1.0.html,,2026-07-06T16:17:40Z
ypl-1.1,YPL-1.1,Yahoo! Public License v1.1,False,True,False,https://spdx.org/licenses/YPL-1.1.html,,2026-07-06T16:17:40Z
zed,Zed,Zed License,False,False,False,https://spdx.org/licenses/Zed.html,,2026-07-06T16:17:40Z
zeeff,Zeeff,Zeeff License,False,False,False,https://spdx.org/licenses/Zeeff.html,,2026-07-06T16:17:40Z
zend-2.0,Zend-2.0,Zend License v2.0,False,True,False,https://spdx.org/licenses/Zend-2.0.html,,2026-07-06T16:17:40Z
zimbra-1.3,Zimbra-1.3,Zimbra Public License v1.3,False,True,False,https://spdx.org/licenses/Zimbra-1.3.html,,2026-07-06T16:17:40Z
zimbra-1.4,Zimbra-1.4,Zimbra Public License v1.4,False,False,False,https://spdx.org/licenses/Zimbra-1.4.html,,2026-07-06T16:17:40Z
zlib,Zlib,zlib License,True,True,False,https://spdx.org/licenses/Zlib.html,https://opensource.org/license/Zlib,2026-07-06T16:17:40Z
zlib-acknowledgement,zlib-acknowledgement,zlib/libpng License with Acknowledgement,False,False,False,https://spdx.org/licenses/zlib-acknowledgement.html,,2026-07-06T16:17:40Z
zpl-1.1,ZPL-1.1,Zope Public License 1.1,False,False,False,https://spdx.org/licenses/ZPL-1.1.html,,2026-07-06T16:17:40Z
zpl-2.0,ZPL-2.0,Zope Public License 2.0,True,True,False,https://spdx.org/licenses/ZPL-2.0.html,https://opensource.org/license/ZPL-2.0,2026-07-06T16:17:40Z
zpl-2.1,ZPL-2.1,Zope Public License 2.1,True,True,False,https://spdx.org/licenses/ZPL-2.1.html,,2026-07-06T16:17:40Z
