"package","github_repo","git","eco_guess","language","avg_downloads","2021","2022","2023","2024","2025","top","is_cpp","is_oss_fuzz","pagerank","value_class","license"
"ca-certificates","","","","c/c++","4731609","0","8734994","1721992","3966910","4502542","True","True","False","0.05149309","A","mpl-2.0"
"openssl@3","openssl/openssl","https://github.com/openssl/openssl.git","","c/c++","3498788","0","2100095","1795303","4905531","5194224","True","True","True","0.04303474","A","apache-2.0"
"gettext","","","","c/c++","2480985","0","4265090","701391","2220924","2736538","True","True","False","0.02659595","A","gpl-3.0-or-later and lgpl-2.1-or-later"
"xz","tukaani-project/xz","https://github.com/tukaani-project/xz.git","","c/c++","3855986","0","7326733","1629556","3493594","2974062","True","True","True","0.02473013","A","0bsd and gpl-2.0-or-later"
"readline","","","","c/c++","2631392","0","5191787","665401","2456947","2211435","True","True","False","0.02383505","A","gpl-3.0-or-later"
"libpng","","","","c/c++","1910764","0","3503512","630113","1627097","1882337","True","True","False","0.02223310","A","libpng-2.0"
"libunistring","","","","c/c++","1618694","0","2796245","466641","1522437","1689455","True","True","False","0.01813094","A","gpl-2.0-or-later or lgpl-3.0-or-later"
"xorgproto","","","","c/c++","1206438","0","2372469","547794","1104491","801000","True","True","False","0.01798058","A","mit"
"jpeg-turbo","libjpeg-turbo/libjpeg-turbo","https://github.com/libjpeg-turbo/libjpeg-turbo.git","","c/c++","1803821","0","3312104","684691","1731951","1486539","True","True","True","0.01674890","A","ijg and zlib and bsd-3-clause"
"sqlite","","","","c/c++","3691987","0","7562921","1353064","2871217","2980746","True","True","False","0.01484477","A","blessing"
"pcre2","PCRE2Project/pcre2","https://github.com/pcre2project/pcre2.git","","c/c++","2306580","0","4286414","671861","2047268","2220778","True","True","True","0.01468737","A","bsd-3-clause"
"gmp","","","","c/c++","1358823","0","2003502","572324","1480374","1379094","True","True","False","0.01464758","A","lgpl-3.0-or-later or gpl-2.0-or-later"
"zstd","facebook/zstd","https://github.com/facebook/zstd.git","","c/c++","1911802","0","2946779","1064703","1751958","1883768","True","True","True","0.01367139","A","(bsd-3-clause or gpl-2.0-only) and bsd-2-clause and mit"
"glib","","","","c/c++","3003625","0","4791098","1269551","3033701","2920150","True","True","False","0.01236399","A","lgpl-2.1-or-later"
"lz4","lz4/lz4","https://github.com/lz4/lz4.git","","c/c++","1828779","0","3628846","659985","1550195","1476092","True","True","True","0.01157587","A","bsd-2-clause"
"json-c","json-c/json-c","https://github.com/json-c/json-c.git","","c/c++","72181","0","131259","31923","66812","58732","True","True","True","0.01151574","A","mit"
"freetype","","","","c/c++","1502390","0","3104900","749086","1081373","1074204","True","True","False","0.01071058","A","ftl"
"libtiff","","","","c/c++","1648669","0","3174425","870050","1294255","1255948","True","True","False","0.01035109","A","libtiff"
"m4","","","","c/c++","926897","0","2208119","254136","484105","761228","True","True","False","0.00894833","A","gpl-3.0-or-later"
"mpdecimal","","","","c/c++","1496913","0","2181341","473486","1701150","1631676","True","True","False","0.00876967","A","bsd-2-clause"
"python@3.14","","","","c/c++","465925","0","0","0","0","465925","True","True","False","0.00840801","A","python-2.0"
"node","","","","python","2773602","0","4407780","1234539","2731937","2720152","True","False","False","0.00820497","A","mit"
"harfbuzz","harfbuzz/harfbuzz","https://github.com/harfbuzz/harfbuzz.git","","c/c++","2501400","0","3837193","1083475","2459080","2625854","True","True","True","0.00809870","A","mit"
"libnghttp2","nghttp2/nghttp2","https://github.com/nghttp2/nghttp2.git","","c/c++","2517924","0","5553844","986427","1820241","1711187","True","True","True","0.00782943","A","mit"
"libx11","","","","c/c++","1837738","0","3334845","706571","1740696","1568841","True","True","False","0.00761021","A","mit"
"webp","","","","c/c++","1453192","0","2845391","692419","1129068","1145893","True","True","False","0.00664565","A","bsd-3-clause"
"libxcb","","","","python","1227499","0","2232254","567648","1270725","839370","True","False","False","0.00664041","A","mit"
"little-cms2","","","","c/c++","1458510","0","2584332","797492","1181801","1270416","True","True","False","0.00640534","A","mit"
"giflib","","","","c/c++","963324","0","1745645","321574","1042336","743741","True","True","False","0.00581725","A","mit"
"fontconfig","","https://gitlab.freedesktop.org/fontconfig/fontconfig.git","","c/c++","1634403","0","3303064","529345","1195013","1510190","True","True","False","0.00564486","A","hpnd-sell-variant and unicode-3.0 and mit-modern-variant and mit and licenseref-homebrew-public-domain"
"libvmaf","Netflix/vmaf","https://github.com/netflix/vmaf.git","","c/c++","782731","0","1631132","204109","725839","569844","True","True","False","0.00548040","A","bsd-2-clause-patent"
"libxau","","","","c/c++","1129290","0","2490547","346525","714089","965999","True","True","False","0.00543457","A","mit"
"libgpg-error","","","","c/c++","603556","0","984663","198754","646215","584592","True","True","False","0.00525615","A","lgpl-2.1-or-later"
"python@3.12","","","","c/c++","2224521","0","0","0","3179114","1269929","True","True","False","0.00516904","A","python-2.0"
"libxdmcp","","","","c/c++","978297","0","1965048","348725","922472","676945","True","True","False","0.00508406","A","mit"
"cairo","","","","c/c++","1015615","0","1412118","314265","1139310","1196769","True","True","False","0.00503664","A","lgpl-2.1-only or mpl-1.1"
"openjdk","openjdk/jdk26u","https://github.com/openjdk/jdk26u.git","","c/c++","1196957","0","2087942","510361","1194346","995182","True","True","False","0.00500755","A","gpl-2.0-only with classpath-exception-2.0"
"python@3.13","","","","c/c++","2079405","0","0","0","960477","3198334","True","True","False","0.00483467","A","python-2.0"
"libidn2","","","","c/c++","1650326","0","4059043","474703","1160992","906567","True","True","False","0.00468864","A","(gpl-2.0-or-later or lgpl-3.0-or-later) and (unicode-tou and unicode-dfs-2016) and gpl-3.0-or-later and lgpl-2.1-or-later and fsfap-no-warranty-disclaimer"
"libuv","","","","c/c++","1232141","0","2613970","484926","953721","875949","True","True","False","0.00461529","A","mit"
"gnutls","","","","c/c++","1550257","0","3035146","588528","1337885","1239471","True","True","False","0.00459941","A","lgpl-2.1-or-later and gpl-3.0-only"
"abseil","abseil/abseil-cpp","https://github.com/abseil/abseil-cpp.git","","c/c++","448307","0","95745","190364","667698","839422","True","True","True","0.00452263","A","apache-2.0"
"libtool","","","","c/c++","1032999","0","2371853","257223","773274","729646","True","True","False","0.00446556","A","gpl-2.0-or-later"
"icu4c@78","unicode-org/icu","https://github.com/unicode-org/icu.git","","c/c++","212193","0","0","0","0","212193","True","True","True","0.00439224","A","unicode-3.0"
"python@3.10","","","","c/c++","1879644","0","5377075","825213","766344","549945","True","True","False","0.00436250","A","python-2.0"
"git","","https://mirrors.edge.kernel.org/pub/software/scm/git/git-2.55.0.tar.xz","","c/c++","1832306","0","3237461","801310","1676551","1613902","True","True","False","0.00420876","A","gpl-2.0-only and gpl-2.0-or-later and lgpl-2.1-or-later and bsd-3-clause and mit"
"awscli","aws/aws-cli","https://github.com/aws/aws-cli.git","","c/c++","1751886","0","2312196","733314","1857487","2104550","True","True","False","0.00402404","A","apache-2.0"
"aom","","https://aomedia.googlesource.com/aom.git","","c/c++","1485175","0","2836709","539345","1426260","1138387","True","True","False","0.00401880","A","bsd-2-clause"
"brotli","google/brotli","https://github.com/google/brotli.git","","c/c++","1156315","0","2082845","465859","967575","1108984","True","True","True","0.00401249","A","mit"
"libogg","","","","c/c++","281060","0","539388","87789","201467","295596","True","True","False","0.00400957","A","bsd-3-clause"
"pkgconf","pkgconf/pkgconf","https://github.com/pkgconf/pkgconf.git","","c/c++","612084","0","985","807","452193","1994354","True","True","False","0.00397424","A","isc"
"ncurses","","","","c/c++","964676","0","1321218","373546","965738","1198202","True","True","False","0.00397325","A","x11-distribute-modifications-variant"
"krb5","","","","c/c++","1056264","0","1889031","617691","913225","805112","True","True","False","0.00382124","A","bsd-2-clause and bsd-2-clause-first-lines and bsd-3-clause and bsd-4-clause and brian-gladman-2-clause and cmu-mach-nodoc and fsfullrwd and hpnd and hpnd-export2-us and hpnd-export-us and hpnd-export-us-acknowledgement and hpnd-export-us-modify and isc and mit and mit-cmu and oldap-2.8 and openvision and (bsd-2-clause or gpl-2.0-or-later)"
"libyaml","yaml/libyaml","https://github.com/yaml/libyaml.git","","c/c++","534774","0","902723","356787","427516","452073","True","True","True","0.00378203","A","mit"
"unbound","","","","c/c++","1640424","0","3188288","591969","1594030","1187409","True","True","False","0.00376801","A","bsd-3-clause"
"jpeg-xl","libjxl/libjxl","https://github.com/libjxl/libjxl.git","","c/c++","1621571","0","2723239","726189","1688932","1347926","True","True","True","0.00376727","A","bsd-3-clause"
"gdbm","","","","c/c++","968923","0","2610600","191758","552646","520690","True","True","False","0.00375968","A","gpl-3.0-or-later"
"libevent","libevent/libevent","https://github.com/libevent/libevent.git","","c/c++","850595","0","1493998","465102","768326","674956","True","True","True","0.00375547","A","bsd-3-clause"
"gcc","","","","c/c++","1109102","0","1129140","631285","1587961","1088022","True","True","False","0.00374128","A","gpl-3.0-or-later with gcc-exception-3.1"
"icu4c@77","unicode-org/icu","https://github.com/unicode-org/icu.git","","c/c++","1587966","0","0","0","0","1587966","True","True","True","0.00369094","A","unicode-3.0"
"imath","AcademySoftwareFoundation/Imath","https://github.com/academysoftwarefoundation/imath.git","","c/c++","1008002","0","2215311","400554","798337","617807","True","True","False","0.00362213","A","bsd-3-clause"
"c-ares","c-ares/c-ares","https://github.com/c-ares/c-ares.git","","c/c++","1237988","0","1950818","480268","1555096","965772","True","True","True","0.00356583","A","mit"
"autoconf","","","","c/c++","707705","0","1420819","194673","792412","422916","True","True","False","0.00355712","A","gpl-3.0-or-later and (gpl-3.0-or-later with autoconf-exception-3.0)"
"libtasn1","","","","c/c++","796456","0","1861107","206521","434319","683879","True","True","False","0.00348996","A","lgpl-2.1-or-later"
"python@3.9","","","","c/c++","1488713","0","4272653","527040","680302","474857","True","True","False","0.00346317","A","python-2.0"
"python@3.11","","","","c/c++","1359832","0","1683606","1571411","1430574","753739","True","True","False","0.00316337","A","python-2.0"
"pango","","","","c/c++","1136114","0","1547861","314801","1251704","1430092","True","True","False","0.00316278","A","lgpl-2.0-or-later"
"openexr","AcademySoftwareFoundation/openexr","https://github.com/academysoftwarefoundation/openexr.git","","c/c++","1181137","0","1651312","694632","1129313","1249294","True","True","True","0.00313642","A","bsd-3-clause"
"cmake","Kitware/CMake","https://github.com/kitware/cmake.git","","c/c++","1332849","0","1440694","723699","1597582","1569424","True","True","False","0.00306152","A","bsd-3-clause"
"libxext","","","","c/c++","1047804","0","2029432","349622","1044767","767397","True","True","False","0.00305432","A","mit"
"pixman","","","","c/c++","1123316","0","2084098","345727","795323","1268116","True","True","False","0.00303525","A","mit"
"ffmpeg","","","","c/c++","1266137","0","1646538","425058","1479516","1513437","True","True","False","0.00301334","A","gpl-3.0-or-later"
"pyenv","pyenv/pyenv","https://github.com/pyenv/pyenv.git","","c/c++","1267218","0","1768041","579765","1395998","1325068","True","True","False","0.00299251","A","mit"
"libsodium","","","","c/c++","600436","0","1030897","182642","683730","504476","True","True","False","0.00299047","A","isc"
"mpfr","","","","c/c++","638726","0","1016267","499170","540738","498732","True","True","False","0.00297942","A","lgpl-3.0-or-later"
"oniguruma","kkos/oniguruma","https://github.com/kkos/oniguruma.git","","c/c++","696339","0","1316356","191075","589415","688510","True","True","False","0.00294839","A","bsd-2-clause"
"libomp","llvm/llvm-project","https://github.com/llvm/llvm-project.git","","c/c++","686364","0","1191879","263821","615592","674166","True","True","True","0.00290323","A","mit"
"protobuf","protocolbuffers/protobuf","https://github.com/protocolbuffers/protobuf.git","","c/c++","1003974","0","1720022","347527","999370","948979","True","True","False","0.00288795","A","bsd-3-clause"
"nettle","","","","c/c++","1036662","0","2115504","436424","762564","832156","True","True","False","0.00288059","A","gpl-2.0-or-later or lgpl-3.0-or-later"
"ruby","","","","rust","802348","0","1362620","350990","769299","726483","True","False","False","0.00279327","A","ruby"
"graphite2","silnrsi/graphite","https://github.com/silnrsi/graphite.git","","c/c++","710634","0","1313322","277270","611513","640434","True","True","False","0.00278093","A","mit or mpl-2.0 or lgpl-2.1-or-later or gpl-2.0-or-later"
"p11-kit","p11-glue/p11-kit","https://github.com/p11-glue/p11-kit.git","","c/c++","965128","0","1869734","366660","884433","739688","True","True","True","0.00271278","A","bsd-3-clause"
"gh","cli/cli","https://github.com/cli/cli.git","","go","1169690","0","1189319","394493","1302431","1792519","True","False","False","0.00268675","A","mit"
"ruby-build","rbenv/ruby-build","https://github.com/rbenv/ruby-build.git","","c/c++","846438","0","1827694","233082","759227","565752","True","True","False","0.00264563","A","mit"
"go","","","","c/c++","1047691","0","1392512","513029","1056974","1228249","True","True","False","0.00262091","A","bsd-3-clause"
"libxrender","","","","c/c++","944970","0","1919330","337371","646979","876200","True","True","False","0.00261633","A","mit"
"libssh2","","","","c/c++","621327","0","982403","376427","585136","541342","True","True","False","0.00260010","A","bsd-3-clause"
"curl","","","","c/c++","1060193","0","1728841","561696","1022060","928175","True","True","False","0.00253831","A","curl"
"highway","google/highway","https://github.com/google/highway.git","","c/c++","912315","0","1811891","502613","779193","555564","True","True","False","0.00250053","A","apache-2.0 or bsd-3-clause"
"fmt","fmtlib/fmt","https://github.com/fmtlib/fmt.git","","c/c++","290346","0","495382","124044","253340","288618","True","True","True","0.00248721","A","mit"
"certifi","certifi/python-certifi","https://github.com/certifi/python-certifi.git","","python","666535","0","0","0","595710","737361","True","False","False","0.00246068","A","mpl-2.0"
"fribidi","fribidi/fribidi","https://github.com/fribidi/fribidi.git","","c/c++","737907","0","1253493","297730","835076","565329","True","True","True","0.00243718","A","gpl-2.0-or-later and lgpl-2.1-or-later"
"mpg123","","","","c/c++","492407","0","550470","198574","647967","572619","True","True","False","0.00231285","A","lgpl-2.1-only"
"gflags","gflags/gflags","https://github.com/gflags/gflags.git","","c/c++","142983","0","325432","70371","100521","75611","True","True","False","0.00226111","A","bsd-3-clause"
"tesseract","tesseract-ocr/tesseract","https://github.com/tesseract-ocr/tesseract.git","","c/c++","913768","0","1155915","423580","1101000","974577","True","True","True","0.00224026","A","apache-2.0"
"openjpeg","uclouvain/openjpeg","https://github.com/uclouvain/openjpeg.git","","c/c++","783774","0","1345543","331967","733360","724229","True","True","True","0.00223400","A","bsd-2-clause"
"imagemagick","ImageMagick/ImageMagick","https://github.com/imagemagick/imagemagick.git","","c/c++","945142","0","1573486","452619","912693","841772","True","True","True","0.00218598","A","imagemagick"
"php","","","","c/c++","694800","0","1215858","339546","674686","549111","True","True","False","0.00216031","A","php-3.01 and zend-2.0 and bsl-1.0 and mit and apache-1.0 and apache-2.0 and bcrypt-solar-designer and bsd-2-clause-darwin and bsd-2-clause and bsd-3-clause and bsd-4-clause-uc and isc and lgpl-2.1-only and lgpl-2.1-or-later and oldap-2.8 and tcl and zlib"
"wget","","","","c/c++","939560","0","1349795","556948","1137063","714436","True","True","False","0.00215815","A","gpl-3.0-or-later"
"folly","facebook/folly","https://github.com/facebook/folly.git","","c/c++","474026","0","927316","243649","432781","292358","True","True","False","0.00212521","A","apache-2.0"
"lzo","","","","c/c++","700894","0","1474981","266928","519068","542601","True","True","False","0.00210427","A","gpl-2.0-or-later"
"libpq","","","","c/c++","836096","0","1620325","375222","739242","609598","True","True","False","0.00205496","A","postgresql"
"zlib","","","","c/c++","890331","0","1142506","479277","999206","940336","True","True","False","0.00204507","A","zlib"
"boost","boostorg/boost","https://github.com/boostorg/boost.git","","c/c++","676969","0","1186242","266155","699669","555812","True","True","True","0.00203243","A","bsl-1.0"
"isl","","","","c/c++","583165","0","861913","386519","644438","439792","True","True","False","0.00199756","A","mit"
"libngtcp2","ngtcp2/ngtcp2","https://github.com/ngtcp2/ngtcp2.git","","c/c++","567026","0","0","0","0","567026","True","True","False","0.00197531","A","mit"
"libffi","libffi/libffi","https://github.com/libffi/libffi.git","","c/c++","677552","0","1511038","182403","431956","584813","True","True","False","0.00196597","A","mit"
"libarchive","","","","c/c++","696702","0","994020","269225","758878","764688","True","True","False","0.00192697","A","bsd-2-clause"
"gnupg","","","","c/c++","759991","0","915044","277128","972906","874887","True","True","False","0.00192462","A","gpl-3.0-or-later"
"openblas","OpenMathLib/OpenBLAS","https://github.com/openmathlib/openblas.git","","c/c++","361316","0","443342","155431","561969","284522","True","True","False","0.00187498","A","bsd-3-clause and bsd-2-clause-views and bsd-3-clause-open-mpi and bsd-2-clause"
"libavif","AOMediaCodec/libavif","https://github.com/aomediacodec/libavif.git","","c/c++","720852","0","1643271","189758","564943","485439","True","True","True","0.00187094","A","bsd-2-clause"
"jasper","jasper-software/jasper","https://github.com/jasper-software/jasper.git","","c/c++","691511","0","1617689","135907","563820","448629","True","True","False","0.00186396","A","jasper-2.0"
"dav1d","","https://code.videolan.org/videolan/dav1d.git","","c/c++","516721","0","855686","211908","539140","460153","True","True","False","0.00185391","A","bsd-2-clause"
"kubernetes-cli","kubernetes/kubernetes","https://github.com/kubernetes/kubernetes.git","","go","644483","0","1129092","289445","582207","577188","True","False","False","0.00182588","A","apache-2.0"
"unixodbc","","","","c/c++","385424","0","963355","170162","215943","192237","True","True","False","0.00178709","A","lgpl-2.1-or-later and gpl-2.0-or-later"
"guile","","","","c/c++","759055","0","2544603","83747","299488","108384","True","True","False","0.00174353","A","lgpl-3.0-or-later"
"coreutils","","","","c/c++","687007","0","836564","368299","656056","887112","True","True","False","0.00171509","A","gpl-3.0-or-later"
"libsndfile","libsndfile/libsndfile","https://github.com/libsndfile/libsndfile.git","","c/c++","494974","0","1131947","198779","262207","386964","True","True","True","0.00170500","A","lgpl-2.1-or-later"
"openldap","","","","c/c++","697337","0","1260672","372145","665088","491444","True","True","False","0.00170316","A","oldap-2.8"
"libmpc","","","","c/c++","435028","0","705552","291897","437753","304911","True","True","False","0.00165729","A","lgpl-3.0-or-later"
"librsvg","","","","rust","615170","0","981650","277157","660658","541215","True","False","False","0.00165361","A","lgpl-2.1-or-later"
"icu4c@76","unicode-org/icu","https://github.com/unicode-org/icu.git","","c/c++","717527","0","0","0","668916","766139","True","True","True","0.00164814","A","unicode-3.0"
"libheif","strukturag/libheif","https://github.com/strukturag/libheif.git","","c/c++","608208","0","988958","246537","635644","561696","True","True","True","0.00163453","A","lgpl-3.0-or-later"
"gdk-pixbuf","","","","c/c++","554524","0","954703","228928","497123","537343","True","True","False","0.00161778","A","lgpl-2.1-or-later"
"qtbase","","","","c/c++","16470","0","0","7","0","32934","True","True","False","0.00161491","A","(lgpl-3.0-only or gpl-2.0-only or gpl-3.0-only) and (gpl-3.0-only with qt-gpl-exception-1.0) and bsd-3-clause and gfdl-1.3-no-invariants-only"
"libusb","libusb/libusb","https://github.com/libusb/libusb.git","","c/c++","512095","0","1001176","130089","447295","469822","True","True","True","0.00160632","A","lgpl-2.1-or-later"
"x265","","https://bitbucket.org/multicoreware/x265_git.git","","c/c++","495571","0","647376","121813","655584","557512","True","True","False","0.00160432","A","gpl-2.0-or-later"
"leptonica","DanBloomberg/leptonica","https://github.com/danbloomberg/leptonica.git","","c/c++","565886","0","851886","278897","591485","541276","True","True","True","0.00158456","A","bsd-2-clause"
"libdeflate","ebiggers/libdeflate","https://github.com/ebiggers/libdeflate.git","","c/c++","288004","0","2208","1597","313603","834608","True","True","False","0.00155590","A","mit"
"llvm","llvm/llvm-project","https://github.com/llvm/llvm-project.git","","c/c++","577021","0","435771","210522","753028","908764","True","True","True","0.00155578","A","apache-2.0 with llvm-exception"
"snappy","google/snappy","https://github.com/google/snappy.git","","c/c++","554733","0","922280","274045","569337","453272","True","True","True","0.00155423","A","bsd-3-clause"
"gd","libgd/libgd","https://github.com/libgd/libgd.git","","c/c++","571656","0","1486602","306040","275198","218785","True","True","True","0.00151789","A","gd"
"bdw-gc","bdwgc/bdwgc","https://github.com/bdwgc/bdwgc.git","","c/c++","541194","0","1779047","99918","202660","83151","True","True","False","0.00149330","A","boehm-gc and hpnd-sell-variant"
"tcl-tk","","","","c/c++","504348","0","960431","357311","427978","271672","True","True","False","0.00148240","B","tcl"
"freetds","","","","c/c++","594619","0","1233605","269585","475801","399487","True","True","False","0.00146722","B","gpl-2.0-or-later"
"glog","google/glog","https://github.com/google/glog.git","","c/c++","184386","0","497458","74569","98435","67082","True","True","True","0.00144979","B","bsd-3-clause"
"apr","","","","c/c++","374074","0","899126","200448","204592","192133","True","True","False","0.00144144","B","apache-2.0"
"pycparser","eliben/pycparser","https://github.com/eliben/pycparser.git","","python","223211","0","268","168783","427309","296484","True","False","False","0.00142363","B","bsd-3-clause"
"fbthrift","facebook/fbthrift","https://github.com/facebook/fbthrift.git","","c/c++","453755","0","899984","235122","392440","287476","True","True","False","0.00140840","B","apache-2.0"
"flac","","","","c/c++","490471","0","1151948","183732","255828","370377","True","True","False","0.00138572","B","bsd-3-clause and gpl-2.0-or-later and isc and lgpl-2.0-or-later and lgpl-2.1-or-later and licenseref-homebrew-public-domain and (gpl-2.0-or-later or lgpl-2.1-or-later)"
"libassuan","","","","c/c++","262411","0","289328","88752","373921","297646","True","True","False","0.00138415","B","lgpl-2.1-or-later and gpl-3.0-or-later and fsfullr"
"postgresql@14","","","","c/c++","599506","0","966920","304637","597494","528976","True","True","False","0.00137705","B","postgresql"
"libxml2","","","","c/c++","520962","0","745566","250964","577854","509466","True","True","False","0.00136067","B","mit"
"fb303","facebook/fb303","https://github.com/facebook/fb303.git","","c/c++","452539","0","893797","233536","401924","280902","True","True","False","0.00135871","B","apache-2.0"
"mbedtls","Mbed-TLS/mbedtls","https://github.com/mbed-tls/mbedtls.git","","c/c++","591402","0","1011338","229905","575274","549091","True","True","True","0.00135844","B","apache-2.0"
"openjph","aous72/OpenJPH","https://github.com/aous72/openjph.git","","c/c++","202308","0","0","0","439","404178","True","True","True","0.00135288","B","bsd-2-clause"
"fizz","facebookincubator/fizz","https://github.com/facebookincubator/fizz.git","","c/c++","455848","0","897633","224615","413239","287906","True","True","False","0.00134314","B","bsd-3-clause"
"mysql","mysql/mysql-server","https://github.com/mysql/mysql-server.git","","c/c++","578865","0","953693","286157","590294","485319","True","True","True","0.00132964","B","gpl-2.0-only with universal-foss-exception-1.0"
"graphviz","","https://gitlab.com/api/v4/projects/4207231/packages/generic/graphviz-releases/15.1.0/graphviz-15.1.0.tar.xz.git","","c/c++","546439","0","922829","258945","517273","486710","True","True","False","0.00132234","B","epl-1.0"
"libb2","BLAKE2/libb2","https://github.com/blake2/libb2.git","","c/c++","348950","0","617139","104256","318476","355929","True","True","False","0.00130829","B","cc0-1.0"
"opus","","","","c/c++","325404","0","464401","155549","410409","271260","True","True","False","0.00127477","B","bsd-3-clause"
"watchman","facebook/watchman","https://github.com/facebook/watchman.git","","rust","554324","0","892093","297559","564192","463453","True","False","False","0.00127327","B","mit"
"ghostscript","ArtifexSoftware/ghostpdl-downloads","https://github.com/artifexsoftware/ghostpdl-downloads.git","","c/c++","530114","0","896806","302235","525572","395846","True","True","False","0.00126113","B","agpl-3.0-or-later"
"gobject-introspection","","","","c/c++","522107","0","1231511","246608","347438","262874","True","True","False","0.00125333","B","gpl-2.0-or-later and lgpl-2.0-or-later and mit"
"libnghttp3","ngtcp2/nghttp3","https://github.com/ngtcp2/nghttp3.git","","c/c++","247118","0","0","0","19073","475164","True","True","False","0.00124963","B","mit"
"librist","","https://code.videolan.org/rist/librist.git","","c/c++","538033","0","1068306","174933","507675","401219","True","True","False","0.00124393","B","bsd-2-clause"
"libvpx","webmproject/libvpx","https://github.com/webmproject/libvpx.git","","c/c++","418166","0","837238","128883","299486","407060","True","True","False","0.00123008","B","bsd-3-clause"
"hwloc","","","","c/c++","233406","0","247444","65355","379285","241543","True","True","False","0.00122674","B","bsd-3-clause"
"docker","docker/cli","https://github.com/docker/cli.git","","go","532299","0","707814","239614","518365","663406","True","False","False","0.00122268","B","apache-2.0"
"libass","libass/libass","https://github.com/libass/libass.git","","c/c++","523758","0","1016533","168937","545196","364369","True","True","True","0.00122240","B","isc"
"nspr","","","","c/c++","180335","0","403409","37807","116739","163386","True","True","False","0.00121128","B","mpl-2.0"
"rubberband","","","","c/c++","521210","0","1233867","245444","302391","303140","True","True","False","0.00121113","B","gpl-2.0-or-later"
"double-conversion","google/double-conversion","https://github.com/google/double-conversion.git","","c/c++","286751","0","666887","136324","152151","191642","True","True","True","0.00121013","B","bsd-3-clause"
"libfido2","Yubico/libfido2","https://github.com/yubico/libfido2.git","","c/c++","428495","0","996262","184873","352371","180475","True","True","True","0.00120458","B","bsd-2-clause"
"libsamplerate","libsndfile/libsamplerate","https://github.com/libsndfile/libsamplerate.git","","c/c++","291149","0","616921","123071","205001","219606","True","True","False","0.00120172","B","bsd-2-clause"
"z3","Z3Prover/z3","https://github.com/z3prover/z3.git","","c/c++","371464","0","276404","112337","510498","586619","True","True","False","0.00119567","B","mit"
"libcbor","PJK/libcbor","https://github.com/pjk/libcbor.git","","c/c++","295006","0","717435","100741","224915","136936","True","True","True","0.00119115","B","mit"
"svt-av1","","https://gitlab.com/aomediacodec/svt-av1.git","","c/c++","402269","0","239974","240854","557142","571106","True","True","False","0.00118877","B","bsd-3-clause"
"jq","jqlang/jq","https://github.com/jqlang/jq.git","","c/c++","517103","0","608777","250050","568956","640630","True","True","True","0.00118777","B","mit"
"netpbm","","","","c/c++","457559","0","875415","239127","359471","356225","True","True","False","0.00118331","B","gpl-3.0-or-later"
"libgit2","libgit2/libgit2","https://github.com/libgit2/libgit2.git","","c/c++","203009","0","70927","71862","364891","304356","True","True","True","0.00115824","B","gpl-2.0-only with gcc-exception-2.0"
"wangle","facebook/wangle","https://github.com/facebook/wangle.git","","c/c++","440946","0","896583","220266","389071","257867","True","True","False","0.00114582","B","apache-2.0"
"libvorbis","","","","c/c++","256517","0","493344","87499","211088","234138","True","True","False","0.00114515","B","bsd-3-clause"
"cryptography","","","","rust","376711","0","0","42","526478","603614","True","False","False","0.00112067","B","apache-2.0 or bsd-3-clause"
"numpy","","","","c/c++","440092","0","589182","144545","623393","403250","True","True","False","0.00111094","B","bsd-3-clause"
"helm","helm/helm","https://github.com/helm/helm.git","","go","454806","0","628822","200068","479448","510887","True","False","False","0.00110955","B","apache-2.0"
"nvm","nvm-sh/nvm","https://github.com/nvm-sh/nvm.git","","c/c++","481434","0","827523","235816","421318","441082","True","True","False","0.00110584","B","mit"
"lame","","","","c/c++","253156","0","454009","93265","219040","246312","True","True","False","0.00109765","B","lgpl-2.0-or-later"
"python-setuptools","","","","python","476082","0","0","0","590666","361498","True","False","False","0.00109355","B","mit"
"libksba","","","","c/c++","402629","0","832902","146345","403227","228045","True","True","False","0.00108842","B","lgpl-3.0-or-later or gpl-2.0-or-later"
"libgcrypt","","","","c/c++","374095","0","568298","160507","307085","460493","True","True","False","0.00108410","B","lgpl-2.1-or-later and gpl-2.0-or-later"
"libssh","","","","c/c++","405225","0","528589","131743","540928","419642","True","True","False","0.00108168","B","lgpl-2.1-or-later"
"x264","","https://code.videolan.org/videolan/x264.git","","c/c++","353427","0","795901","87923","246240","283645","True","True","False","0.00108137","B","gpl-2.0-or-later"
"srt","Haivision/srt","https://github.com/haivision/srt.git","","c/c++","464860","0","1012893","204712","305709","336128","True","True","False","0.00107935","B","mpl-2.0"
"libzip","","","","c/c++","388245","0","820296","180733","243219","308735","True","True","False","0.00107344","B","bsd-3-clause"
"cffi","","","","python","213268","0","172","177710","400680","274510","True","False","False","0.00107135","B","mit-0"
"libbluray","","","","c/c++","452628","0","1205830","111223","189370","304091","True","True","False","0.00105552","B","lgpl-2.1-or-later"
"rav1e","xiph/rav1e","https://github.com/xiph/rav1e.git","","rust","453835","0","932588","248632","294625","339496","True","False","False","0.00105053","B","bsd-2-clause"
"cjson","DaveGamble/cJSON","https://github.com/davegamble/cjson.git","","c/c++","333518","0","522199","137152","368120","306604","True","True","True","0.00104613","B","mit"
"utf8proc","JuliaStrings/utf8proc","https://github.com/juliastrings/utf8proc.git","","c/c++","296469","0","517773","80032","211459","376615","True","True","True","0.00104366","B","mit and unicode-dfs-2015"
"bash","","","","c/c++","313461","0","390602","57539","417141","388562","True","True","False","0.00101370","B","gpl-3.0-or-later"
"uv","astral-sh/uv","https://github.com/astral-sh/uv.git","","rust","440547","0","0","0","127657","753437","True","False","False","0.00101193","B","apache-2.0 or mit"
"expat","libexpat/libexpat","https://github.com/libexpat/libexpat.git","","c/c++","425033","0","169570","132111","400007","998444","True","True","True","0.00099873","B","mit"
"redis","","","","c/c++","430610","0","851365","222409","284950","363717","True","True","False","0.00098910","B","agpl-3.0-only and bsd-2-clause and bsl-1.0 and mit and (cc0-1.0 or bsd-2-clause)"
"qemu","","","","c/c++","428950","0","641065","267620","444755","362362","True","True","False","0.00098529","B","gpl-2.0-only"
"six","","","","python","420464","0","1314388","209478","110772","47218","True","False","False","0.00096580","B","mit"
"uvwasi","nodejs/uvwasi","https://github.com/nodejs/uvwasi.git","","c/c++","234930","0","0","0","0","234930","True","True","False","0.00094284","B","mit"
"pinentry","","","","c/c++","334378","0","534410","64499","434205","304400","True","True","False","0.00093165","B","gpl-2.0-or-later"
"frei0r","dyne/frei0r","https://github.com/dyne/frei0r.git","","c/c++","398792","0","650875","174881","391344","378069","True","True","False","0.00092410","B","gpl-2.0-or-later"
"rust","","","","c/c++","402215","0","442445","230268","470018","466131","True","True","False","0.00092388","B","apache-2.0 or mit"
"libunibreak","adah1972/libunibreak","https://github.com/adah1972/libunibreak.git","","c/c++","288566","0","451306","123011","336563","243384","True","True","False","0.00092252","B","zlib"
"pcre","","","","c/c++","401587","0","1143711","133872","205244","123522","True","True","False","0.00092244","B","bsd-3-clause"
"apr-util","","","","c/c++","316817","0","860213","169187","140652","97219","True","True","False","0.00091926","B","apache-2.0"
"neovim","neovim/neovim","https://github.com/neovim/neovim.git","","c/c++","399934","0","472320","165103","412890","549426","True","True","False","0.00091864","B","apache-2.0"
"bzip2","","https://sourceware.org/bzip2/","","c/c++","383645","0","68210","230946","567336","668090","True","True","False","0.00091273","B","bzip2-1.0.6"
"cocoapods","CocoaPods/CocoaPods","https://github.com/cocoapods/cocoapods.git","","c/c++","396699","0","563789","193327","437433","392248","True","True","False","0.00091121","B","mit"
"python-packaging","","","","python","393852","0","0","20982","774324","386251","True","False","False","0.00090467","B","apache-2.0 or bsd-2-clause"
"luajit","LuaJIT/LuaJIT","https://github.com/luajit/luajit.git","","c/c++","347785","0","526759","149803","357519","357059","True","True","False","0.00090348","B","mit"
"fzf","junegunn/fzf","https://github.com/junegunn/fzf.git","","go","388538","0","437744","121269","456519","538623","True","False","False","0.00089246","B","mit"
"zimg","sekrit-twc/zimg","https://github.com/sekrit-twc/zimg.git","","c/c++","364072","0","702184","158892","259133","336080","True","True","False","0.00089137","B","wtfpl"
"dbus","","","","c/c++","318864","0","251474","129629","389730","504624","True","True","False","0.00088329","B","afl-2.1 or gpl-2.0-or-later"
"llhttp","nodejs/llhttp","https://github.com/nodejs/llhttp.git","","c/c++","20","0","0","0","20","0","False","True","True","0.00087865","B","mit"
"mongosh","","","","node","344273","0","585981","173341","354858","262913","True","False","False","0.00087648","B","apache-2.0"
"nss","","","","c/c++","357458","0","628946","131455","326914","342518","True","True","False","0.00087480","B","mpl-2.0"
"libde265","strukturag/libde265","https://github.com/strukturag/libde265.git","","c/c++","292972","0","594265","133389","218635","225601","True","True","False","0.00087132","B","lgpl-3.0-or-later"
"edencommon","facebookexperimental/edencommon","https://github.com/facebookexperimental/edencommon.git","","c/c++","318274","0","445208","206279","358347","263265","True","True","False","0.00086632","B","mit"
"maven","","","","java","373997","0","632603","210998","348811","303577","True","False","False","0.00085906","B","apache-2.0"
"nghttp2","nghttp2/nghttp2","https://github.com/nghttp2/nghttp2.git","","c/c++","371999","0","970100","205377","215244","97275","True","True","True","0.00085447","B","mit"
"vim","vim/vim","https://github.com/vim/vim.git","","python","366637","0","727565","166018","305468","267497","True","False","False","0.00084216","B","vim"
"libraw","","","","c/c++","362567","0","877101","78238","263018","231911","True","True","False","0.00083759","B","lgpl-2.1-only or cddl-1.0"
"ninja","ninja-build/ninja","https://github.com/ninja-build/ninja.git","","c/c++","296268","0","285534","119469","326574","453495","True","True","True","0.00083472","B","apache-2.0"
"usage","jdx/usage","https://github.com/jdx/usage.git","","rust","108961","0","0","0","34644","183279","True","False","False","0.00082792","B","mit"
"azure-cli","Azure/azure-cli","https://github.com/azure/azure-cli.git","","rust","360354","0","505132","159426","341025","435835","True","False","False","0.00082772","B","mit"
"rbenv","rbenv/rbenv","https://github.com/rbenv/rbenv.git","","c/c++","359313","0","326869","83735","497338","529310","True","True","False","0.00082533","B","mit"
"libpsl","rockdaboot/libpsl","https://github.com/rockdaboot/libpsl.git","","c/c++","65530","0","96548","34517","90792","40266","True","True","True","0.00082034","B","mit"
"openjdk@11","openjdk/jdk11u","https://github.com/openjdk/jdk11u.git","","c/c++","356349","0","670247","201514","317120","236516","True","True","False","0.00081852","B","gpl-2.0-only"
"tree","Old-Man-Programmer/tree","https://github.com/old-man-programmer/tree.git","","c/c++","320156","0","555217","127343","304619","293448","True","True","False","0.00081803","B","gpl-2.0-or-later"
"glibc","","","","c/c++","354990","0","0","197659","588383","278929","True","True","False","0.00081540","B","gpl-2.0-or-later and lgpl-2.1-or-later"
"poppler","","","","c/c++","342841","0","450745","148464","327904","444254","True","True","False","0.00079847","B","gpl-2.0-only or gpl-3.0-only"
"tree-sitter","tree-sitter/tree-sitter","https://github.com/tree-sitter/tree-sitter.git","","c/c++","301452","0","319776","81854","415386","388793","True","True","False","0.00079678","B","mit"
"yq","mikefarah/yq","https://github.com/mikefarah/yq.git","","go","342580","0","275397","111268","448044","535611","True","False","False","0.00078690","B","mit"
"automake","","","","c/c++","341353","0","563627","148265","312775","340747","True","True","False","0.00078408","B","gpl-2.0-or-later"
"rtmpdump","","https://git.ffmpeg.org/rtmpdump.git","","c/c++","338635","0","563128","225172","321135","245106","True","True","False","0.00078133","B","gpl-2.0-or-later and lgpl-2.1-or-later"
"yt-dlp","yt-dlp/yt-dlp","https://github.com/yt-dlp/yt-dlp.git","","c/c++","333403","0","230129","78861","402676","621947","True","True","False","0.00077598","B","unlicense"
"openjdk@17","openjdk/jdk17u","https://github.com/openjdk/jdk17u.git","","c/c++","323481","0","353028","160422","346607","433870","True","True","False","0.00077451","B","gpl-2.0-only with classpath-exception-2.0"
"zeromq","zeromq/libzmq","https://github.com/zeromq/libzmq.git","","c/c++","305864","0","506692","91579","293639","331549","True","True","True","0.00076979","B","mpl-2.0"
"libtommath","libtom/libtommath","https://github.com/libtom/libtommath.git","","c/c++","53827","0","716","441","62585","151567","True","True","False","0.00076399","B","unlicense"
"libidn","","","","c/c++","293129","0","730857","62856","211556","167248","True","True","False","0.00076262","B","gpl-2.0-or-later or lgpl-3.0-or-later"
"qt@5","","","","c/c++","287482","0","672029","150741","197397","129762","True","True","False","0.00075523","B","gfdl-1.3-only and gpl-2.0-only and gpl-3.0-only and lgpl-2.1-only and lgpl-3.0-only"
"speex","","","","c/c++","315182","0","786174","85985","182598","205973","True","True","False","0.00075036","B","bsd-3-clause"
"qt","","","","c/c++","324718","0","566428","149809","332375","250260","True","True","False","0.00074587","B","bsd-3-clause and gfdl-1.3-no-invariants-only and gpl-2.0-only and (gpl-3.0-only with qt-gpl-exception-1.0) and lgpl-3.0-only"
"lua","","","","c/c++","236781","0","346485","151832","204759","244050","True","True","False","0.00074585","B","mit"
"tmux","tmux/tmux","https://github.com/tmux/tmux.git","","c/c++","313602","0","483431","129580","348717","292682","True","True","True","0.00074583","B","isc"
"shared-mime-info","","https://gitlab.freedesktop.org/xdg/shared-mime-info.git","","c/c++","322284","0","552997","91632","329766","314744","True","True","False","0.00074028","B","gpl-2.0-only"
"opencore-amr","","","","c/c++","313468","0","772092","89364","183400","209019","True","True","False","0.00073161","B","apache-2.0"
"lima","lima-vm/lima","https://github.com/lima-vm/lima.git","","go","178456","0","261156","84360","199989","168319","True","False","False","0.00071276","B","apache-2.0"
"binutils","","","","c/c++","306369","0","67416","254624","481781","421658","True","True","False","0.00070372","B","gpl-2.0-or-later and gpl-3.0-or-later and lgpl-2.0-or-later and lgpl-3.0-only"
"xcbeautify","cpisciotta/xcbeautify","https://github.com/cpisciotta/xcbeautify.git","","c/c++","306106","0","54718","123824","437308","608575","True","True","False","0.00070312","B","mit"
"aws-c-common","awslabs/aws-c-common","https://github.com/awslabs/aws-c-common.git","","c/c++","38105","0","0","0","4979","71232","True","True","False","0.00069548","B","apache-2.0"
"linux-headers@6.8","","","","c/c++","0","0","0","0","0","0","False","True","False","0.00069295","B","gpl-2.0-only with linux-syscall-note"
"docker-compose","docker/compose","https://github.com/docker/compose.git","","go","300141","0","382885","130302","313939","373440","True","False","False","0.00068942","B","apache-2.0"
"yarn","yarnpkg/yarn","https://github.com/yarnpkg/yarn.git","","c/c++","299921","0","670366","120263","255967","153090","True","True","False","0.00068891","B","bsd-2-clause"
"git-lfs","git-lfs/git-lfs","https://github.com/git-lfs/git-lfs.git","","go","299270","0","366205","121121","315201","394556","True","False","False","0.00068742","B","mit"
"hdf5","HDFGroup/hdf5","https://github.com/hdfgroup/hdf5.git","","c/c++","217962","0","394292","110528","213597","153434","True","True","True","0.00068608","B","bsd-3-clause"
"swiftlint","realm/SwiftLint","https://github.com/realm/swiftlint.git","","c/c++","297354","0","127952","157646","456766","447055","True","True","False","0.00068301","B","mit"
"ansible","","","","rust","296338","0","484654","156875","285310","258515","True","False","False","0.00068068","B","gpl-3.0-or-later"
"libpthread-stubs","","","","c/c++","295982","0","1056018","72081","47588","8241","True","True","False","0.00067986","B","mit"
"mise","jdx/mise","https://github.com/jdx/mise.git","","rust","295918","0","0","0","150546","441291","True","False","False","0.00067972","B","mit"
"libtirpc","","","","c/c++","180808","0","0","103878","322917","115630","True","True","False","0.00067519","B","bsd-3-clause"
"berkeley-db@5","","","","c/c++","291419","0","5284","120435","503493","536467","True","True","False","0.00067306","B","sleepycat"
"libmicrohttpd","","","","c/c++","177963","0","5765","4298","387869","313923","True","True","False","0.00067305","B","lgpl-2.1-or-later"
"openjdk@21","openjdk/jdk21u","https://github.com/openjdk/jdk21u.git","","c/c++","156001","0","0","0","90249","221753","True","True","False","0.00066792","B","gpl-2.0-only with classpath-exception-2.0"
"npth","","","","c/c++","215565","0","256757","41488","299234","264782","True","True","False","0.00065874","B","lgpl-2.1-or-later"
"simdjson","simdjson/simdjson","https://github.com/simdjson/simdjson.git","","c/c++","93378","0","1144","603","2990","368777","True","True","True","0.00064564","B","apache-2.0"
"theora","","","","c/c++","265951","0","432255","82978","226914","321658","True","True","False","0.00064471","B","bsd-3-clause"
"mkcert","FiloSottile/mkcert","https://github.com/filosottile/mkcert.git","","go","276172","0","104531","104745","244779","650634","True","False","False","0.00063436","B","bsd-3-clause"
"gpgme","","","","c/c++","166890","0","58435","28179","274881","306067","True","True","False","0.00063150","B","lgpl-2.1-or-later"
"jpeg","","","","c/c++","272910","0","784101","49285","161522","96734","True","True","False","0.00062687","B","ijg"
"composer","","","","c/c++","272755","0","499924","118390","253522","219185","True","True","False","0.00062651","B","mit"
"pandoc","jgm/pandoc","https://github.com/jgm/pandoc.git","","haskell","253368","0","274392","137773","287552","313758","True","False","False","0.00061221","B","gpl-2.0-or-later"
"gradle","","","","java","262803","0","373515","120544","283259","273897","True","False","False","0.00060365","B","apache-2.0"
"unzip","","","","c/c++","260077","0","51565","157183","377669","453891","True","True","False","0.00059739","B","info-zip"
"gnu-getopt","util-linux/util-linux","https://github.com/util-linux/util-linux.git","","c/c++","239271","0","692615","71915","111067","81490","True","True","True","0.00059222","B","gpl-2.0-or-later"
"libudfread","","https://code.videolan.org/videolan/libudfread.git","","c/c++","125729","0","0","0","0","125729","True","True","False","0.00058779","B","lgpl-2.1-or-later"
"libaec","","https://gitlab.dkrz.de/k202009/libaec.git","","c/c++","126655","0","240777","35127","131160","99557","True","True","False","0.00057439","B","bsd-2-clause"
"qtdeclarative","","","","c/c++","22059","0","0","0","0","22059","True","True","False","0.00056950","B","(lgpl-3.0-only or gpl-2.0-only or gpl-3.0-only) and (gpl-3.0-only with qt-gpl-exception-1.0) and bsd-2-clause and bsd-3-clause"
"nmap","","","","c/c++","241190","0","322011","133406","210636","298707","True","True","False","0.00055401","B","licenseref-homebrew-cannot-represent"
"telnet","apple-oss-distributions/remote_cmds","https://github.com/apple-oss-distributions/remote_cmds.git","","c/c++","239214","0","405028","132596","230096","189138","True","True","False","0.00054947","B","bsd-4-clause-uc and apsl-1.0"
"gnu-tar","","","","c/c++","234511","0","158083","151548","329263","299152","True","True","False","0.00054512","B","gpl-3.0-or-later"
"libvidstab","georgmartius/vid","https://github.com/georgmartius/vid.stab.git","","c/c++","233488","0","429621","137730","174301","192300","True","True","False","0.00054440","B","gpl-2.0-or-later"
"deno","denoland/deno","https://github.com/denoland/deno.git","","rust","141269","0","192727","74928","144443","152980","True","False","False","0.00054430","B","mit"
"libedit","","","","c/c++","235861","0","4852","125635","371581","441377","True","True","False","0.00054177","B","bsd-3-clause"
"libsoxr","","","","c/c++","225611","0","428064","75711","184621","214048","True","True","False","0.00053103","B","lgpl-2.1-or-later"
"xxhash","Cyan4973/xxHash","https://github.com/cyan4973/xxhash.git","","c/c++","120135","0","80599","23507","126179","250257","True","True","False","0.00052468","B","bsd-2-clause and gpl-2.0-or-later"
"pnpm","","","","node","225446","0","209138","104305","251482","336861","True","False","False","0.00051784","B","mit"
"htop","htop-dev/htop","https://github.com/htop-dev/htop.git","","c/c++","220868","0","464028","70375","145421","203648","True","True","False","0.00050733","B","gpl-2.0-or-later"
"xvid","","","","c/c++","216748","0","429107","73523","169211","195151","True","True","False","0.00050595","B","gpl-2.0-or-later"
"jbig2dec","ArtifexSoftware/jbig2dec","https://github.com/artifexsoftware/jbig2dec.git","","c/c++","179523","0","366274","81497","169994","100330","True","True","False","0.00050410","B","agpl-3.0-or-later"
"perl","","","","c/c++","214762","0","339524","125467","209534","184525","True","True","False","0.00050097","B","artistic-1.0-perl or gpl-1.0-or-later"
"gemini-cli","","","","node","215943","0","0","0","0","215943","True","False","False","0.00049602","B","apache-2.0"
"linux-headers@5.15","","","","c/c++","215600","0","63","250757","390938","220642","True","True","False","0.00049523","B","gpl-2.0-only with linux-syscall-note"
"jemalloc","jemalloc/jemalloc","https://github.com/jemalloc/jemalloc.git","","c/c++","150134","0","526814","32677","24382","16663","True","True","False","0.00049388","B","bsd-2-clause"
"tbb","uxlfoundation/oneTBB","https://github.com/uxlfoundation/onetbb.git","","c/c++","185349","0","218387","50231","353130","119648","True","True","False","0.00048717","B","apache-2.0"
"pipx","","","","c/c++","211504","0","67276","25611","370952","382180","True","True","False","0.00048582","B","mit"
"docker-completion","docker/cli","https://github.com/docker/cli.git","","c/c++","206721","0","23935","60928","344791","397232","True","True","False","0.00047483","B","apache-2.0"
"docutils","","","","c/c++","204737","0","422855","201644","142077","52374","True","True","False","0.00047028","B","licenseref-homebrew-public-domain and bsd-2-clause and gpl-3.0-or-later and python-2.0"
"mysql-client","mysql/mysql-server","https://github.com/mysql/mysql-server.git","","c/c++","183050","0","303616","98657","172910","157020","True","True","True","0.00046993","B","gpl-2.0-only with universal-foss-exception-1.0"
"libxcrypt","besser82/libxcrypt","https://github.com/besser82/libxcrypt.git","","c/c++","191454","0","775","131701","279750","353590","True","True","False","0.00046812","B","lgpl-2.1-or-later"
"nginx","","","","c/c++","199519","0","374150","112102","165451","146374","True","True","False","0.00045829","B","bsd-2-clause"
"tidy-html5","htacg/tidy-html5","https://github.com/htacg/tidy-html5.git","","c/c++","155182","0","403204","49585","82904","85037","True","True","True","0.00045784","B","zlib"
"gtk+3","","","","c/c++","168928","0","231053","82879","210611","151171","True","True","False","0.00045251","B","lgpl-2.0-or-later"
"luv","luvit/luv","https://github.com/luvit/luv.git","","c/c++","153045","0","310600","45155","111404","145024","True","True","False","0.00044913","B","apache-2.0"
"pmix","openpmix/openpmix","https://github.com/openpmix/openpmix.git","","c/c++","156405","0","0","0","166154","146656","True","True","False","0.00044627","B","bsd-3-clause-open-mpi"
"gsettings-desktop-schemas","","","","c/c++","158379","0","191718","78881","203061","159857","True","True","False","0.00044504","B","lgpl-2.1-or-later"
"grep","","","","c/c++","91840","0","196725","58267","47748","64623","True","True","False","0.00044396","B","gpl-3.0-or-later"
"terragrunt","gruntwork-io/terragrunt","https://github.com/gruntwork-io/terragrunt.git","","go","192970","0","96196","105491","272620","297576","True","False","False","0.00044325","B","mit"
"util-linux","util-linux/util-linux","https://github.com/util-linux/util-linux.git","","c/c++","184213","0","10463","99297","264598","362495","True","True","True","0.00044080","B","bsd-3-clause and bsd-4-clause-uc and gpl-2.0-only and gpl-2.0-or-later and gpl-3.0-or-later and lgpl-2.1-or-later and licenseref-homebrew-public-domain"
"aribb24","","https://code.videolan.org/jeeb/aribb24.git","","c/c++","188899","0","241848","111713","185929","216109","True","True","False","0.00043718","B","lgpl-3.0-only"
"eza","eza-community/eza","https://github.com/eza-community/eza.git","","rust","189928","0","0","4402","257208","308174","True","False","False","0.00043626","B","eupl-1.2"
"docbook","","https://codeberg.org/docbook/docbook.git","","c/c++","81968","0","241309","8467","35607","42490","True","True","False","0.00043469","B","licenseref-homebrew-cannot-represent"
"erlang","erlang/otp","https://github.com/erlang/otp.git","","c/c++","141272","0","275808","62633","114622","112025","True","True","False","0.00043223","B","apache-2.0"
"ccache","ccache/ccache","https://github.com/ccache/ccache.git","","c/c++","185909","0","135149","72440","221339","314709","True","True","False","0.00042703","B","gpl-3.0-or-later"
"aspell","","","","c/c++","169848","0","397345","55102","171191","55754","True","True","False","0.00042366","B","lgpl-2.1-only"
"assimp","assimp/assimp","https://github.com/assimp/assimp.git","","c/c++","166746","0","318859","33763","197412","116952","True","True","True","0.00041597","B","bsd-3-clause and cc-pddc and mit and bsl-1.0 and unlicense and zlib"
"libslirp","","https://gitlab.freedesktop.org/slirp/libslirp.git","","c/c++","153871","0","338475","35008","117906","124096","True","True","False","0.00041503","B","bsd-3-clause"
"zsh","","","","c/c++","180487","0","354051","70587","149507","147804","True","True","False","0.00041457","B","mit-modern-variant and gpl-2.0-only and gpl-2.0-or-later and isc"
"argon2","P-H-C/phc-winner-argon2","https://github.com/p-h-c/phc-winner-argon2.git","","c/c++","136030","0","369387","42939","70107","61689","True","True","False","0.00041385","B","cc0-1.0 or apache-2.0"
"gts","","","","c/c++","143973","0","226115","75647","141636","132497","True","True","False","0.00041096","B","lgpl-2.0-or-later"
"podman","podman-container-tools/podman","https://github.com/podman-container-tools/podman.git","","go","174060","0","220730","82480","186894","206137","True","False","False","0.00040932","B","apache-2.0 and gpl-3.0-or-later"
"liblinear","","","","c/c++","144025","0","307713","61742","77165","129481","True","True","False","0.00040929","B","bsd-3-clause"
"emacs","","","","c/c++","153100","0","289170","59223","161169","102840","True","True","False","0.00040698","B","gpl-3.0-or-later"
"zlib-ng-compat","zlib-ng/zlib-ng","https://github.com/zlib-ng/zlib-ng.git","","c/c++","124","0","0","0","0","124","False","True","True","0.00040631","B","zlib"
"unibilium","neovim/unibilium","https://github.com/neovim/unibilium.git","","c/c++","93304","0","154685","27235","104900","86399","True","True","False","0.00040350","B","lgpl-3.0-or-later"
"sdl3","libsdl-org/SDL","https://github.com/libsdl-org/sdl.git","","c/c++","11803","0","0","0","59","23548","True","True","False","0.00040263","B","zlib"
"icu4c@75","unicode-org/icu","https://github.com/unicode-org/icu.git","","c/c++","175176","0","0","0","320609","29743","True","True","True","0.00040237","B","unicode-3.0"
"hugo","gohugoio/hugo","https://github.com/gohugoio/hugo.git","","go","175023","0","236002","79134","212445","172512","True","False","False","0.00040202","B","apache-2.0"
"open-mpi","","","","c/c++","162350","0","233041","49257","208203","158901","True","True","False","0.00039912","B","bsd-3-clause-open-mpi and mpich2"
"capstone","capstone-engine/capstone","https://github.com/capstone-engine/capstone.git","","c/c++","148490","0","281539","65677","134959","111785","True","True","True","0.00039690","B","bsd-3-clause"
"mint","yonaskolb/Mint","https://github.com/yonaskolb/mint.git","","c/c++","172762","0","49044","71610","307724","262671","True","True","False","0.00039683","B","mit"
"hdrhistogram_c","HdrHistogram/HdrHistogram_c","https://github.com/hdrhistogram/hdrhistogram_c.git","","c/c++","0","0","0","0","0","0","False","True","False","0.00039001","B","cc0-1.0 or bsd-2-clause"
"virtualenv","","","","c/c++","169081","0","261843","142882","169937","101662","True","True","False","0.00038837","B","mit"
"ada-url","ada-url/ada","https://github.com/ada-url/ada.git","","c/c++","471","0","0","342","249","822","False","True","True","0.00038830","B","apache-2.0 or mit"
"merve","nodejs/merve","https://github.com/nodejs/merve.git","","c/c++","0","0","0","0","0","0","False","True","False","0.00038721","B","apache-2.0"
"nbytes","nodejs/nbytes","https://github.com/nodejs/nbytes.git","","c/c++","0","0","0","0","0","0","False","True","False","0.00038721","B","mit"
"libthai","","","","c/c++","0","0","0","0","0","0","False","True","False","0.00038389","B","lgpl-2.1-or-later"
"mbedtls@3","Mbed-TLS/mbedtls","https://github.com/mbed-tls/mbedtls.git","","c/c++","38011","0","0","0","0","38011","True","True","True","0.00037722","B","apache-2.0"
"at-spi2-core","","","","c/c++","137179","0","0","4122","193121","214294","True","True","False","0.00037694","B","lgpl-2.1-or-later"
"protobuf@29","protocolbuffers/protobuf","https://github.com/protocolbuffers/protobuf.git","","c/c++","163550","0","0","0","0","163550","True","True","False","0.00037567","B","bsd-3-clause"
"liblqr","carlobaldassi/liblqr","https://github.com/carlobaldassi/liblqr.git","","c/c++","159556","0","242240","43951","195410","156623","True","True","False","0.00036990","B","lgpl-3.0-only"
"grpc","grpc/grpc","https://github.com/grpc/grpc.git","","c/c++","154288","0","154815","81978","197549","182810","True","True","False","0.00036953","B","apache-2.0"
"libxi","","","","c/c++","105371","0","22169","32884","202952","163480","True","True","False","0.00036732","B","mit"
"ripgrep","BurntSushi/ripgrep","https://github.com/burntsushi/ripgrep.git","","rust","139729","0","98520","32211","167737","260450","True","False","False","0.00036712","B","unlicense"
"simdutf","simdutf/simdutf","https://github.com/simdutf/simdutf.git","","c/c++","8524","0","76","333","1249","32440","False","True","True","0.00036668","B","apache-2.0 or mit"
"libxfixes","","","","c/c++","107069","0","24675","35060","185101","183440","True","True","False","0.00036477","B","mit"
"meson","mesonbuild/meson","https://github.com/mesonbuild/meson.git","","c/c++","157988","0","191904","84483","167883","187683","True","True","False","0.00036289","B","apache-2.0"
"openvino","openvinotoolkit/openvino","https://github.com/openvinotoolkit/openvino.git","","c/c++","152146","0","130","15000","462456","130998","True","True","False","0.00035821","B","apache-2.0"
"colima","abiosoft/colima","https://github.com/abiosoft/colima.git","","go","155147","0","187261","59403","200731","173196","True","False","False","0.00035637","B","mit"
"msgpack","msgpack/msgpack-c","https://github.com/msgpack/msgpack-c.git","","c/c++","142961","0","295706","52210","176247","47681","True","True","True","0.00035632","B","bsl-1.0"
"minikube","kubernetes/minikube","https://github.com/kubernetes/minikube.git","","go","154261","0","318987","78294","115679","104086","True","False","False","0.00035433","B","apache-2.0"
"vde","virtualsquare/vde-2","https://github.com/virtualsquare/vde-2.git","","c/c++","126761","0","375267","41437","55130","35210","True","True","False","0.00034699","B","gpl-2.0-or-later and lgpl-2.1-or-later"
"node@20","","","","python","150922","0","0","0","168427","133418","True","False","False","0.00034666","B","mit"
"jansson","akheron/jansson","https://github.com/akheron/jansson.git","","c/c++","100151","0","260787","30024","48405","61388","True","True","True","0.00034532","B","mit"
"md4c","mity/md4c","https://github.com/mity/md4c.git","","c/c++","80766","0","94874","19592","123981","84619","True","True","True","0.00034134","B","mit"
"qtsvg","","","","c/c++","22546","0","0","0","0","22546","True","True","False","0.00033817","B","(lgpl-3.0-only or gpl-2.0-only or gpl-3.0-only) and bsd-3-clause"
"cmocka","","","","c/c++","145621","0","541167","22712","11246","7362","True","True","False","0.00033449","B","apache-2.0"
"k9s","derailed/k9s","https://github.com/derailed/k9s.git","","go","142826","0","175280","33008","129799","233217","True","False","False","0.00032807","B","apache-2.0"
"libdatrie","tlwg/libdatrie","https://github.com/tlwg/libdatrie.git","","c/c++","27","0","0","0","14","41","False","True","False","0.00032633","B","lgpl-2.1-or-later"
"sdl2-compat","libsdl-org/sdl2-compat","https://github.com/libsdl-org/sdl2-compat.git","","c/c++","2","0","0","0","0","2","False","True","False","0.00032628","B","zlib"
"pipenv","pypa/pipenv","https://github.com/pypa/pipenv.git","","c/c++","141668","0","276267","99514","113260","77631","True","True","False","0.00032541","B","mit"
"re2","google/re2","https://github.com/google/re2.git","","c/c++","107577","0","124624","55999","135871","113814","True","True","True","0.00032504","B","bsd-3-clause"
"pre-commit","","","","c/c++","140510","0","200748","81647","153162","126485","True","True","False","0.00032275","B","mit"
"fastlane","fastlane/fastlane","https://github.com/fastlane/fastlane.git","","c/c++","140104","0","199183","59439","155055","146742","True","True","False","0.00032182","B","mit"
"gdal","OSGeo/gdal","https://github.com/osgeo/gdal.git","","c/c++","136224","0","205200","67485","141190","131023","True","True","True","0.00032024","B","mit"
"bat","sharkdp/bat","https://github.com/sharkdp/bat.git","","rust","139136","0","167750","41619","143237","203941","True","False","False","0.00031959","B","apache-2.0 or mit"
"ollama","ollama/ollama","https://github.com/ollama/ollama.git","","go","138181","0","0","1024","115864","297657","True","False","False","0.00031740","B","mit"
"tcl-tk@8","","","","c/c++","73084","0","0","0","40197","105971","True","True","False","0.00031453","B","tcl"
"sphinx-doc","","","","c/c++","136251","0","240845","76753","122305","105102","True","True","False","0.00031297","B","bsd-2-clause"
"shellcheck","koalaman/shellcheck","https://github.com/koalaman/shellcheck.git","","haskell","96304","0","70454","22701","125533","166529","True","False","False","0.00031207","B","gpl-3.0-or-later"
"gnu-sed","","","","c/c++","135455","0","286724","55661","103086","96352","True","True","False","0.00031114","B","gpl-3.0-or-later"
"proj","OSGeo/PROJ","https://github.com/osgeo/proj.git","","c/c++","102834","0","152571","41907","92246","124612","True","True","True","0.00031074","B","mit"
"libice","","","","c/c++","56048","0","40116","26162","76341","81573","True","True","False","0.00030912","B","mit"
"pygments","","","","c/c++","133370","0","266966","183330","65393","17793","True","True","False","0.00030635","B","bsd-2-clause"
"asdf","asdf-vm/asdf","https://github.com/asdf-vm/asdf.git","","go","132196","0","199063","61579","114549","153596","True","False","False","0.00030365","B","mit"
"httpd","","","","c/c++","131089","0","264221","72597","104414","83124","True","True","False","0.00030111","B","apache-2.0"
"starship","starship/starship","https://github.com/starship/starship.git","","rust","129250","0","194012","54618","128547","139825","True","False","False","0.00029688","B","isc"
"kustomize","kubernetes-sigs/kustomize","https://github.com/kubernetes-sigs/kustomize.git","","go","128778","0","74266","87897","175275","177677","True","False","False","0.00029580","B","apache-2.0"
"libnsl","thkukuk/libnsl","https://github.com/thkukuk/libnsl.git","","c/c++","125032","0","0","89970","218988","66138","True","True","False","0.00029575","B","lgpl-2.1-or-later"
"the_silver_searcher","ggreer/the_silver_searcher","https://github.com/ggreer/the_silver_searcher.git","","c/c++","128060","0","38290","98211","239271","136469","True","True","False","0.00029415","B","apache-2.0"
"netcdf","Unidata/netcdf-c","https://github.com/unidata/netcdf-c.git","","c/c++","121654","0","242360","61450","85540","97266","True","True","True","0.00029306","B","bsd-3-clause"
"eigen","","https://gitlab.com/libeigen/eigen.git","","c/c++","98603","0","142292","40595","94982","116545","True","True","False","0.00029068","B","mpl-2.0 and apache-2.0 and bsd-3-clause and minpack"
"popt","rpm-software-management/popt","https://github.com/rpm-software-management/popt.git","","c/c++","85837","0","211392","24968","49050","57939","True","True","False","0.00028914","B","mit"
"direnv","direnv/direnv","https://github.com/direnv/direnv.git","","go","124627","0","112357","48514","174702","162935","True","False","False","0.00028627","B","mit"
"jupyterlab","","","","node","123888","0","125330","52782","158824","158619","True","False","False","0.00028457","B","bsd-3-clause and mit"
"minizip","","","","c/c++","63344","0","137098","22770","55086","38424","True","True","False","0.00028373","B","zlib"
"argocd","argoproj/argo-cd","https://github.com/argoproj/argo-cd.git","","go","123503","0","102417","59079","151606","180911","True","False","False","0.00028368","B","apache-2.0"
"geos","","","","c/c++","76246","0","151139","31826","63620","58400","True","True","False","0.00028081","B","lgpl-2.1-or-later"
"openssl@4","openssl/openssl","https://github.com/openssl/openssl.git","","c/c++","0","0","0","0","0","0","False","True","True","0.00028079","B","apache-2.0"
"py3cairo","pygobject/pycairo","https://github.com/pygobject/pycairo.git","","c/c++","99421","0","130881","48305","137369","81132","True","True","False","0.00027932","B","lgpl-2.1-only or mpl-1.1"
"flyctl","superfly/flyctl","https://github.com/superfly/flyctl.git","","go","121406","0","94114","71904","150824","168785","True","False","False","0.00027887","B","apache-2.0"
"libplist","libimobiledevice/libplist","https://github.com/libimobiledevice/libplist.git","","c/c++","39268","0","76926","14448","36389","29309","True","True","True","0.00027457","B","lgpl-2.1-or-later"
"suite-sparse","DrTimothyAldenDavis/SuiteSparse","https://github.com/drtimothyaldendavis/suitesparse.git","","c/c++","104057","0","183305","38650","110290","83983","True","True","False","0.00027442","B","bsd-3-clause and lgpl-2.1-or-later and gpl-2.0-or-later and apache-2.0 and gpl-3.0-only and (lgpl-3.0-or-later or gpl-2.0-or-later)"
"tfenv","tfutils/tfenv","https://github.com/tfutils/tfenv.git","","c/c++","119366","0","104557","81669","156627","134614","True","True","False","0.00027418","B","mit"
"make","","","","c/c++","118077","0","152783","75952","135734","107840","True","True","False","0.00027122","B","gpl-3.0-only"
"wxwidgets","wxWidgets/wxWidgets","https://github.com/wxwidgets/wxwidgets.git","","c/c++","117507","0","268103","48628","90696","62603","True","True","True","0.00026991","B","lgpl-2.0-or-later with wxwindows-exception-3.1"
"mlx-c","ml-explore/mlx-c","https://github.com/ml-explore/mlx-c.git","","c/c++","3","0","0","0","0","3","False","True","False","0.00026974","B","mit"
"hiredis","redis/hiredis","https://github.com/redis/hiredis.git","","c/c++","90297","0","101720","50816","99829","108823","True","True","True","0.00026789","B","bsd-3-clause"
"opencv","opencv/opencv","https://github.com/opencv/opencv.git","","c/c++","116403","0","140787","66179","154778","103869","True","True","True","0.00026737","B","apache-2.0"
"pugixml","zeux/pugixml","https://github.com/zeux/pugixml.git","","c/c++","93632","0","134067","14825","166611","59028","True","True","True","0.00026562","B","mit"
"poetry","","","","rust","115372","0","136036","61543","129543","134368","True","False","False","0.00026501","B","mit"
"terminal-notifier","julienXX/terminal-notifier","https://github.com/julienxx/terminal-notifier.git","","c/c++","55071","0","83800","15591","53705","67189","True","True","False","0.00026324","B","mit"
"gradle-completion","gradle/gradle-completion","https://github.com/gradle/gradle-completion.git","","c/c++","2756","0","1811","364","549","8300","False","True","False","0.00026283","B","mit"
"subversion","","","","python","113830","0","173187","58336","117998","105799","True","False","False","0.00026146","B","apache-2.0"
"hunspell","hunspell/hunspell","https://github.com/hunspell/hunspell.git","","c/c++","109510","0","267211","37095","76872","56865","True","True","True","0.00026027","B","mpl-1.1 or gpl-2.0-or-later or lgpl-2.1-or-later"
"libxtst","","","","c/c++","88422","0","4773","21595","176645","150677","True","True","False","0.00025998","B","mit"
"sops","getsops/sops","https://github.com/getsops/sops.git","","go","110962","0","37469","27056","172437","206889","True","False","False","0.00025488","B","mpl-2.0"
"watch","","https://gitlab.com/procps-ng/procps.git","","c/c++","110227","0","243649","50749","67961","78549","True","True","False","0.00025319","B","gpl-2.0-or-later and lgpl-2.1-or-later"
"net-snmp","","","","c/c++","68153","0","12478","31852","73875","154407","True","True","False","0.00025108","B","mit-cmu and mit and bsd-3-clause"
"gstreamer","","https://gitlab.freedesktop.org/gstreamer/gstreamer.git","","rust","108670","0","86007","69218","158851","120606","True","False","False","0.00025083","B","lgpl-2.0-or-later and lgpl-2.1-or-later and mit"
"apache-arrow","","","","c/c++","104424","0","80112","63280","141587","132717","True","True","False","0.00024933","B","apache-2.0"
"hicolor-icon-theme","","","","c/c++","84232","0","95597","34335","114598","92401","True","True","False","0.00024814","B","gpl-2.0-only"
"golangci-lint","golangci/golangci-lint","https://github.com/golangci/golangci-lint.git","","go","106715","0","134319","60776","103703","128062","True","False","False","0.00024512","B","gpl-3.0-only"
"gtk4","","","","c/c++","100659","0","18130","69797","182982","131728","True","True","False","0.00024310","B","lgpl-2.1-or-later"
"xcodegen","yonaskolb/XcodeGen","https://github.com/yonaskolb/xcodegen.git","","c/c++","105646","0","39003","52149","175448","155986","True","True","False","0.00024267","B","mit"
"kubeconform","yannh/kubeconform","https://github.com/yannh/kubeconform.git","","go","105187","0","4102","50257","178897","187492","True","False","False","0.00024161","B","apache-2.0"
"libev","","","","c/c++","35286","0","54019","29059","31966","26102","True","True","False","0.00024150","B","bsd-2-clause or gpl-2.0-or-later"
"fish","fish-shell/fish-shell","https://github.com/fish-shell/fish-shell.git","","rust","104998","0","172252","36674","70532","140537","True","False","False","0.00024118","B","gpl-2.0-only"
"bison","","","","c/c++","104173","0","138248","61077","115375","101994","True","True","False","0.00023928","B","gpl-3.0-or-later"
"libepoxy","anholt/libepoxy","https://github.com/anholt/libepoxy.git","","c/c++","81254","0","133052","35450","79842","76672","True","True","False","0.00023658","B","mit"
"git-gui","","https://mirrors.edge.kernel.org/pub/software/scm/git/git-2.55.0.tar.xz","","c/c++","102727","0","201599","41942","92563","74804","True","True","False","0.00023596","B","gpl-2.0-only"
"mlx","ml-explore/mlx","https://github.com/ml-explore/mlx.git","","c/c++","3114","0","0","0","1475","4753","False","True","False","0.00023579","B","mit and apache-2.0"
"aws-c-io","awslabs/aws-c-io","https://github.com/awslabs/aws-c-io.git","","c/c++","32560","0","0","0","2024","63097","True","True","False","0.00023511","B","apache-2.0"
"libimagequant","ImageOptim/libimagequant","https://github.com/imageoptim/libimagequant.git","","rust","90806","0","170964","34239","82521","75503","True","False","False","0.00023278","B","gpl-3.0-or-later and hpnd"
"pygobject3","","","","c/c++","97625","0","124742","51564","122104","92090","True","True","False","0.00023214","B","lgpl-2.1-or-later"
"aws-sdk-cpp","aws/aws-sdk-cpp","https://github.com/aws/aws-sdk-cpp.git","","c/c++","94341","0","86792","72175","112082","106315","True","True","False","0.00023183","B","apache-2.0"
"scrcpy","Genymobile/scrcpy","https://github.com/genymobile/scrcpy.git","","c/c++","100474","0","130768","51212","113305","106614","True","True","False","0.00023079","B","apache-2.0"
"groonga","groonga/groonga","https://github.com/groonga/groonga.git","","c/c++","90009","0","188778","38922","70847","61489","True","True","False","0.00023026","B","lgpl-2.1-or-later"
"pillow","","","","c/c++","91084","0","120205","38579","106096","99459","True","True","False","0.00022848","B","hpnd"
"libvterm","","","","c/c++","99457","0","225517","52449","88696","31168","True","True","False","0.00022845","B","mit"
"docbook-xsl","docbook/xslt10-stylesheets","https://github.com/docbook/xslt10-stylesheets.git","","c/c++","80145","0","239797","7900","34687","38198","True","True","False","0.00022671","B","mit"
"clang-format","llvm/llvm-project","https://github.com/llvm/llvm-project.git","","c/c++","98106","0","132426","48392","106081","105525","True","True","True","0.00022535","B","apache-2.0 with llvm-exception"
"fd","sharkdp/fd","https://github.com/sharkdp/fd.git","","rust","97972","0","144024","23607","107766","116491","True","False","False","0.00022504","B","apache-2.0 or mit"
"doxygen","","","","c/c++","97634","0","142639","42662","108545","96690","True","True","False","0.00022426","B","gpl-2.0-only"
"utf8cpp","nemtrif/utfcpp","https://github.com/nemtrif/utfcpp.git","","c/c++","60420","0","102201","25366","50773","63340","True","True","False","0.00022399","B","bsl-1.0"
"swig","","","","c/c++","96459","0","154515","33341","90637","107346","True","True","False","0.00022156","B","gpl-3.0-or-later"
"p7zip","p7zip-project/p7zip","https://github.com/p7zip-project/p7zip.git","","c/c++","85932","0","111281","37994","76560","117895","True","True","False","0.00021969","B","lgpl-2.1-or-later and gpl-2.0-or-later"
"vtk","","","","c/c++","91433","0","139854","46618","100555","78705","True","True","False","0.00021876","B","bsd-3-clause"
"graphicsmagick","","","","c/c++","93974","0","122936","57548","119599","75814","True","True","False","0.00021790","B","mit"
"jsoncpp","open-source-parsers/jsoncpp","https://github.com/open-source-parsers/jsoncpp.git","","c/c++","87412","0","74626","55116","158331","61576","True","True","True","0.00021696","B","mit"
"lpeg","","","","lua","51748","0","0","4816","81142","69287","True","False","False","0.00021645","B","mit"
"rsync","","","","c/c++","77761","0","150682","33166","52845","74352","True","True","False","0.00021532","B","gpl-3.0-or-later"
"libmng","","","","c/c++","89572","0","230702","22697","58639","46253","True","True","False","0.00021308","B","zlib"
"berkeley-db","","","","c/c++","92616","0","247159","106274","11615","5419","True","True","False","0.00021274","B","agpl-3.0-only"
"glib-networking","","https://gitlab.gnome.org/gnome/glib-networking.git","","c/c++","80390","0","104923","61917","100784","53938","True","True","False","0.00021034","B","lgpl-2.1-or-later"
"aws-c-cal","awslabs/aws-c-cal","https://github.com/awslabs/aws-c-cal.git","","c/c++","32847","0","0","0","2691","63003","True","True","False","0.00020974","B","apache-2.0"
"ffmpeg@4","","","","c/c++","90920","0","241524","30313","60317","31529","True","True","False","0.00020884","B","gpl-3.0-or-later"
"cfitsio","","","","c/c++","86102","0","158496","29261","86666","69987","True","True","False","0.00020874","B","cfitsio"
"wimlib","","","","c/c++","90303","0","178425","60563","67286","54938","True","True","False","0.00020742","B","gpl-3.0-or-later"
"wxwidgets@3.2","wxWidgets/wxWidgets","https://github.com/wxwidgets/wxwidgets.git","","c/c++","17235","0","0","0","0","17235","True","True","True","0.00020660","B","lgpl-2.0-or-later with wxwindows-exception-3.1"
"postgresql@15","","","","c/c++","89172","0","25506","65593","136257","129335","True","True","False","0.00020483","B","postgresql"
"node@22","","","","python","87927","0","0","0","25411","150443","True","False","False","0.00020197","B","mit"
"cloudflared","cloudflare/cloudflared","https://github.com/cloudflare/cloudflared.git","","go","87278","0","20120","13820","131707","183467","True","False","False","0.00020048","B","apache-2.0"
"node@18","","","","python","86982","0","62655","69763","131089","84421","True","False","False","0.00019980","B","mit"
"fastfetch","fastfetch-cli/fastfetch","https://github.com/fastfetch-cli/fastfetch.git","","c/c++","86420","0","959","2375","107891","234456","True","True","False","0.00019850","B","mit"
"mvfst","facebook/mvfst","https://github.com/facebook/mvfst.git","","c/c++","86003","0","0","1695","192214","64100","True","True","False","0.00019755","B","mit"
"libmagic","","","","c/c++","71507","0","142761","33769","53202","56297","True","True","False","0.00019506","B","bsd-2-clause-darwin and bsd-2-clause and licenseref-homebrew-public-domain"
"swiftformat","nicklockwood/SwiftFormat","https://github.com/nicklockwood/swiftformat.git","","c/c++","84357","0","56906","48236","118114","114174","True","True","False","0.00019377","B","mit"
"mariadb","","","","java","84311","0","147170","43007","84550","62520","True","False","False","0.00019366","B","gpl-2.0-only"
"pyenv-virtualenv","pyenv/pyenv-virtualenv","https://github.com/pyenv/pyenv-virtualenv.git","","c/c++","83753","0","128718","34859","105633","65802","True","True","False","0.00019238","B","mit"
"lazygit","jesseduffield/lazygit","https://github.com/jesseduffield/lazygit.git","","go","83329","0","37708","25912","82848","186850","True","False","False","0.00019140","B","mit"
"ipython","","","","c/c++","83029","0","146220","53539","79397","52962","True","True","False","0.00019072","B","bsd-3-clause"
"fftw","","","","c/c++","78727","0","132896","25024","64916","92073","True","True","False","0.00018851","B","gpl-2.0-or-later and bsd-2-clause"
"pyqt","","","","c/c++","81996","0","71168","33803","119726","103287","True","True","False","0.00018834","B","gpl-3.0-only"
"dtc","","https://git.kernel.org/pub/scm/utils/dtc/dtc.git","","c/c++","57133","0","6144","29366","124374","68648","True","True","False","0.00018705","B","gpl-2.0-or-later or bsd-2-clause"
"age","FiloSottile/age","https://github.com/filosottile/age.git","","go","81122","0","7025","3567","272546","41352","True","False","False","0.00018634","B","bsd-3-clause"
"rabbitmq","rabbitmq/rabbitmq-server","https://github.com/rabbitmq/rabbitmq-server.git","","c/c++","80962","0","153407","46233","72204","52006","True","True","False","0.00018597","B","mpl-2.0"
"hello","","","","c/c++","80754","0","1782","10760","49997","260480","True","True","False","0.00018549","B","gpl-3.0-or-later"
"pyqt@5","","","","c/c++","80376","0","202801","40050","41212","37441","True","True","False","0.00018547","B","gpl-3.0-only"
"llama.cpp","ggml-org/llama","https://github.com/ggml-org/llama.cpp.git","","c/c++","79971","0","0","0","32770","127172","True","True","False","0.00018369","B","mit"
"yyjson","ibireme/yyjson","https://github.com/ibireme/yyjson.git","","c/c++","6469","0","0","54","104","19251","False","True","True","0.00018355","B","mit"
"libsoup","","","","c/c++","74525","0","115016","45045","79207","58834","True","True","False","0.00018138","B","lgpl-2.0-or-later"
"acl","","","","c/c++","78861","0","0","6255","73863","156467","True","True","False","0.00018114","B","gpl-2.0-or-later and lgpl-2.1-or-later"
"httpie","httpie/cli","https://github.com/httpie/cli.git","","c/c++","77298","0","96409","46589","98849","67348","True","True","False","0.00017755","B","bsd-3-clause"
"mecab","","","","c/c++","32762","0","58360","12729","32924","27037","True","True","False","0.00017724","B","gpl-2.0-only or lgpl-2.1-only or bsd-3-clause"
"gawk","","","","c/c++","75556","0","172143","34047","57442","38595","True","True","False","0.00017355","B","gpl-3.0-or-later"
"gpgmepp","","","","c/c++","52080","0","0","0","0","52080","True","True","False","0.00017336","B","lgpl-2.1-or-later"
"alsa-lib","","","","c/c++","75135","0","0","26752","97050","101605","True","True","False","0.00017258","B","lgpl-2.1-or-later and gpl-2.0-or-later"
"blake3","BLAKE3-team/BLAKE3","https://github.com/blake3-team/blake3.git","","c/c++","48358","0","0","161","42216","102698","True","True","False","0.00017156","C","cc0-1.0 or apache-2.0"
"act","nektos/act","https://github.com/nektos/act.git","","go","74271","0","94490","37089","82607","82899","True","False","False","0.00017060","C","mit"
"qtshadertools","","","","c/c++","19469","0","0","0","0","19469","True","True","False","0.00017057","C","(lgpl-3.0-only or gpl-2.0-only or gpl-3.0-only) and (gpl-3.0-only with qt-gpl-exception-1.0) and (apache-2.0 and mit-khronos-old) and (bsd-3-clause and mit-khronos-old and apache-2.0 and aml-glslang and (gpl-3.0-or-later with bison-exception-2.2)) and bsd-3-clause"
"orc","","","","c/c++","69087","0","93020","36111","96135","51082","True","True","False","0.00016967","C","bsd-2-clause and bsd-3-clause"
"gnuplot","","","","c/c++","73549","0","135612","47897","59340","51350","True","True","False","0.00016894","C","gnuplot"
"llvm@19","llvm/llvm-project","https://github.com/llvm/llvm-project.git","","c/c++","68755","0","0","0","0","68755","True","True","True","0.00016864","C","apache-2.0 with llvm-exception"
"openssh","","","","c/c++","72811","0","98739","43258","79967","69283","True","True","False","0.00016725","C","ssh-openssh"
"systemd","systemd/systemd","https://github.com/systemd/systemd.git","","c/c++","72406","0","0","20132","85990","111098","True","True","True","0.00016631","C","lgpl-2.1-or-later and gpl-2.0-or-later and cc0-1.0 and lgpl-2.0-or-later and mit and mit-0 and licenseref-homebrew-public-domain and (lgpl-2.0-or-later with linux-syscall-note) and (gpl-1.0-or-later with linux-syscall-note) and (gpl-2.0-or-later with linux-syscall-note) and (gpl-2.0-only with linux-syscall-note) and (bsd-3-clause or (gpl-2.0-only with linux-syscall-note)) and (mit or (gpl-2.0-only with linux-syscall-note)) and (mit or (gpl-2.0-or-later with linux-syscall-note)) and (gpl-2.0-only or bsd-2-clause)"
"ffmpeg@6","","","","c/c++","72395","0","0","0","105230","39560","True","True","False","0.00016629","C","gpl-3.0-or-later"
"node-build","nodenv/node-build","https://github.com/nodenv/node-build.git","","c/c++","57793","0","113148","27284","53233","37509","True","True","False","0.00016599","C","mit"
"libsm","","","","c/c++","53003","0","33304","24084","69678","84948","True","True","False","0.00016334","C","mit"
"spdlog","gabime/spdlog","https://github.com/gabime/spdlog.git","","c/c++","29248","0","34371","12261","32187","38174","True","True","True","0.00016333","C","mit"
"adwaita-icon-theme","","","","c/c++","69056","0","103004","25711","83577","63932","True","True","False","0.00016272","C","lgpl-3.0-or-later or cc-by-sa-3.0"
"aws-c-http","awslabs/aws-c-http","https://github.com/awslabs/aws-c-http.git","","c/c++","27644","0","0","0","1920","53368","True","True","False","0.00016215","C","apache-2.0"
"aws-sam-cli","","","","go","70489","0","7453","32245","134881","107380","True","False","False","0.00016191","C","apache-2.0"
"wireshark","","","","c/c++","70267","0","108530","33209","64313","75016","True","True","False","0.00016140","C","gpl-2.0-or-later"
"exiftool","","","","c/c++","69726","0","81648","23447","65265","108546","True","True","False","0.00016016","C","artistic-1.0-perl or gpl-1.0-or-later"
"kind","kubernetes-sigs/kind","https://github.com/kubernetes-sigs/kind.git","","go","69528","0","88868","32794","81462","74988","True","False","False","0.00015970","C","apache-2.0"
"erlang@28","erlang/otp","https://github.com/erlang/otp.git","","c/c++","0","0","0","0","0","0","False","True","False","0.00015804","C","apache-2.0"
"portaudio","","","","c/c++","62688","0","77913","26969","67587","78284","True","True","False","0.00015800","C","mit"
"vips","libvips/libvips","https://github.com/libvips/libvips.git","","c/c++","68640","0","107771","35160","73957","57675","True","True","True","0.00015766","C","lgpl-2.1-or-later"
"vulkan-headers","KhronosGroup/Vulkan-Headers","https://github.com/khronosgroup/vulkan-headers.git","","c/c++","37458","0","10267","14865","59221","65481","True","True","False","0.00015641","C","apache-2.0"
"parallel","","","","c/c++","67410","0","84324","27043","77456","80817","True","True","False","0.00015484","C","gpl-3.0-or-later"
"go-task","go-task/task","https://github.com/go-task/task.git","","go","67155","0","1390","8824","140642","117764","True","False","False","0.00015425","C","mit"
"rpds-py","","","","rust","15764","0","0","0","25","31504","True","False","False","0.00015424","C","mit"
"mysql@8.0","mysql/mysql-server","https://github.com/mysql/mysql-server.git","","c/c++","67140","0","0","2587","77608","121227","True","True","True","0.00015422","C","gpl-2.0-only with universal-foss-exception-1.0"
"midnight-commander","","","","c/c++","66679","0","117944","35906","64927","47941","True","True","False","0.00015316","C","gpl-3.0-or-later"
"swiftgen","SwiftGen/SwiftGen","https://github.com/swiftgen/swiftgen.git","","c/c++","66615","0","24209","30269","97090","114892","True","True","False","0.00015301","C","mit"
"jenv","jenv/jenv","https://github.com/jenv/jenv.git","","c/c++","65775","0","136805","25201","52667","48428","True","True","False","0.00015108","C","mit"
"libcap","","","","c/c++","55416","0","0","17039","65750","83460","True","True","False","0.00015073","C","bsd-3-clause and gpl-2.0-or-later"
"xmlto","","https://pagure.io/xmlto/","","c/c++","65496","0","232705","1437","15028","12816","True","True","False","0.00015044","C","gpl-2.0-or-later"
"protobuf-c","protobuf-c/protobuf-c","https://github.com/protobuf-c/protobuf-c.git","","c/c++","57921","0","82950","26579","70314","51842","True","True","True","0.00014995","C","bsd-2-clause"
"php@8.2","","","","c/c++","64720","0","0","0","76168","53273","True","True","False","0.00014866","C","php-3.01 and zend-2.0 and bsl-1.0 and mit and apache-1.0 and bcrypt-solar-designer and bsd-2-clause-darwin and bsd-2-clause and bsd-3-clause and bsd-4-clause-uc and isc and lgpl-2.1-only and lgpl-2.1-or-later and oldap-2.8 and tcl and zlib"
"elfutils","","https://sourceware.org/elfutils/ftp/0.195/elfutils-0.195.tar.bz2","","c/c++","64564","0","0","25227","69981","98485","True","True","False","0.00014830","C","gpl-3.0-or-later and (gpl-2.0-or-later or lgpl-3.0-or-later) and gfdl-1.3-no-invariants-or-later"
"postgresql@16","","","","c/c++","64358","0","0","1749","94481","96846","True","True","False","0.00014783","C","postgresql"
"aws-crt-cpp","awslabs/aws-crt-cpp","https://github.com/awslabs/aws-crt-cpp.git","","c/c++","45263","0","0","0","2932","87594","True","True","False","0.00014724","C","apache-2.0"
"libxt","","","","c/c++","56866","0","24004","29772","85911","87779","True","True","False","0.00014687","C","mit"
"ldns","","","","c/c++","43308","0","84400","23168","39336","26329","True","True","False","0.00014685","C","bsd-3-clause"
"aws-iam-authenticator","kubernetes-sigs/aws-iam-authenticator","https://github.com/kubernetes-sigs/aws-iam-authenticator.git","","go","63771","0","141473","25181","48463","39970","True","False","False","0.00014648","C","apache-2.0"
"mesa","","","","rust","49254","0","50486","12070","63521","70939","True","False","False","0.00014553","C","mit and apache-2.0 and bsd-2-clause and bsd-3-clause and bsl-1.0 and hpnd and hpnd-sell-variant and icu and mit-khronos-old and sgi-b-2.0 and licenseref-homebrew-public-domain and (gpl-1.0-or-later with linux-syscall-note) and (gpl-2.0-only with linux-syscall-note)"
"protobuf@21","protocolbuffers/protobuf","https://github.com/protocolbuffers/protobuf.git","","c/c++","62866","0","0","88753","86450","13397","True","True","False","0.00014440","C","bsd-3-clause"
"aria2","aria2/aria2","https://github.com/aria2/aria2.git","","c/c++","62538","0","108543","38599","45464","57549","True","True","False","0.00014365","C","gpl-2.0-or-later"
"certbot","","","","c/c++","62442","0","106710","26718","61899","54444","True","True","False","0.00014343","C","apache-2.0"
"sbt","sbt/sbt","https://github.com/sbt/sbt.git","","java","61593","0","110576","34523","55757","45519","True","False","False","0.00014148","C","apache-2.0"
"xctesthtmlreport","XCTestHTMLReport/XCTestHTMLReport","https://github.com/xctesthtmlreport/xctesthtmlreport.git","","c/c++","61481","0","8341","13737","125269","98579","True","True","False","0.00014122","C","mit"
"r","","","","c/c++","61478","0","109759","29487","56468","50198","True","True","False","0.00014121","C","gpl-2.0-or-later"
"zip","","","","c/c++","61097","0","7304","26210","96348","114527","True","True","False","0.00014034","C","info-zip"
"nasm","","","","c/c++","60871","0","80113","18358","70055","74960","True","True","False","0.00013982","C","bsd-2-clause"
"thrift","","","","c/c++","53749","0","60195","38511","58674","57617","True","True","False","0.00013859","C","apache-2.0"
"just","casey/just","https://github.com/casey/just.git","","rust","60007","0","20533","14536","65440","139520","True","False","False","0.00013783","C","cc0-1.0"
"python-tk@3.13","","","","c/c++","59768","0","0","0","21270","98267","True","True","False","0.00013729","C","python-2.0"
"trivy","aquasecurity/trivy","https://github.com/aquasecurity/trivy.git","","go","59690","0","20385","15305","91096","111976","True","False","False","0.00013711","C","apache-2.0"
"libgeotiff","OSGeo/libgeotiff","https://github.com/osgeo/libgeotiff.git","","c/c++","56263","0","102689","23851","49915","48597","True","True","False","0.00013542","C","mit"
"luajit-openresty","openresty/luajit2","https://github.com/openresty/luajit2.git","","c/c++","58689","0","191827","21514","16067","5350","True","True","False","0.00013481","C","mit"
"libxrandr","","","","c/c++","52743","0","23331","27782","77434","82426","True","True","False","0.00013433","C","mit"
"zsh-syntax-highlighting","zsh-users/zsh-syntax-highlighting","https://github.com/zsh-users/zsh-syntax-highlighting.git","","c/c++","58409","0","92536","22717","61162","57221","True","True","False","0.00013416","C","bsd-3-clause"
"php@8.1","","","","c/c++","58032","0","55105","58489","71926","46610","True","True","False","0.00013330","C","php-3.01"
"openjdk@8","openjdk/jdk8u","https://github.com/openjdk/jdk8u.git","","c/c++","57693","0","140155","27533","35730","27357","True","True","False","0.00013252","C","gpl-2.0-only"
"grpcurl","fullstorydev/grpcurl","https://github.com/fullstorydev/grpcurl.git","","go","57374","0","41726","10554","61250","115967","True","False","False","0.00013179","C","mit"
"xerces-c","","","","c/c++","54586","0","97156","20149","54224","46817","True","True","False","0.00013157","C","apache-2.0"
"librdkafka","confluentinc/librdkafka","https://github.com/confluentinc/librdkafka.git","","c/c++","54354","0","110698","29300","39699","37720","True","True","False","0.00013080","C","bsd-2-clause"
"libxslt","","","","c/c++","56911","0","43894","32737","75587","75429","True","True","False","0.00013072","C","x11"
"rclone","rclone/rclone","https://github.com/rclone/rclone.git","","go","56846","0","62931","19403","55386","89665","True","False","False","0.00013057","C","mit"
"attr","","","","c/c++","56712","0","0","33796","69735","66607","True","True","False","0.00013027","C","gpl-2.0-or-later"
"cask","cask/cask","https://github.com/cask/cask.git","","c/c++","56673","0","120664","36048","32473","37510","True","True","False","0.00013018","C","gpl-3.0-or-later"
"glab","","https://gitlab.com/gitlab-org/cli.git","","go","56585","0","12996","15733","52384","145228","True","False","False","0.00012997","C","mit"
"kafka","","","","java","56410","0","112543","20531","52819","39750","True","False","False","0.00012957","C","apache-2.0"
"aws-c-s3","awslabs/aws-c-s3","https://github.com/awslabs/aws-c-s3.git","","c/c++","38379","0","0","0","2866","73893","True","True","False","0.00012880","C","apache-2.0"
"tfsec","aquasecurity/tfsec","https://github.com/aquasecurity/tfsec.git","","go","56012","0","42571","33298","90047","58133","True","False","False","0.00012866","C","mit"
"cups","OpenPrinting/cups","https://github.com/openprinting/cups.git","","c/c++","55791","0","1029","25161","80382","116595","True","True","True","0.00012815","C","apache-2.0 with llvm-exception"
"btop","aristocratos/btop","https://github.com/aristocratos/btop.git","","c/c++","55350","0","46716","7981","56709","109994","True","True","False","0.00012714","C","apache-2.0"
"pydantic","","","","rust","6772","0","0","0","37","13507","False","False","False","0.00012682","C","mit"
"mercurial","","","","c/c++","55200","0","104598","30740","46802","38663","True","True","False","0.00012679","C","gpl-2.0-or-later"
"elixir","elixir-lang/elixir","https://github.com/elixir-lang/elixir.git","","erlang","55191","0","83803","33200","56485","47276","True","False","False","0.00012677","C","apache-2.0"
"gitleaks","gitleaks/gitleaks","https://github.com/gitleaks/gitleaks.git","","go","55146","0","28598","28794","69934","93261","True","False","False","0.00012667","C","mit"
"ruff","astral-sh/ruff","https://github.com/astral-sh/ruff.git","","rust","54944","0","3302","18601","92843","105032","True","False","False","0.00012620","C","mit"
"libspatialite","","","","c/c++","51893","0","78146","20191","54486","54751","True","True","False","0.00012538","C","mpl-1.1 or gpl-2.0-or-later or lgpl-2.1-or-later"
"json-glib","","","","c/c++","52447","0","18984","35789","89928","65090","True","True","False","0.00012518","C","lgpl-2.1-or-later"
"texinfo","","","","c/c++","53303","0","98809","33210","43572","37622","True","True","False","0.00012448","C","gpl-3.0-or-later"
"putty","","","","c/c++","53919","0","111769","23353","44210","36346","True","True","False","0.00012385","C","mit"
"zoxide","ajeetdsouza/zoxide","https://github.com/ajeetdsouza/zoxide.git","","rust","53428","0","27653","13890","75147","97025","True","False","False","0.00012272","C","mit"
"kubectx","ahmetb/kubectx","https://github.com/ahmetb/kubectx.git","","go","53246","0","95207","31121","45048","41609","True","False","False","0.00012230","C","apache-2.0"
"postgresql@17","","","","c/c++","53069","0","0","0","14734","91404","True","True","False","0.00012190","C","postgresql"
"openvpn","","","","c/c++","52891","0","77841","38889","50578","44259","True","True","False","0.00012149","C","gpl-2.0-only with openvpn-openssl-exception"
"ceres-solver","","","","c/c++","48706","0","108276","18719","39029","28801","True","True","False","0.00012062","C","bsd-3-clause"
"sonar-scanner","","","","java","52464","0","28996","37148","73149","70566","True","False","False","0.00012051","C","lgpl-3.0-or-later"
"libimobiledevice","libimobiledevice/libimobiledevice","https://github.com/libimobiledevice/libimobiledevice.git","","c/c++","47463","0","65197","26703","50884","47068","True","True","False","0.00012046","C","lgpl-2.1-or-later"
"libraqm","HOST-Oman/libraqm","https://github.com/host-oman/libraqm.git","","c/c++","43673","0","64108","19687","42909","47990","True","True","False","0.00011973","C","mit"
"eksctl","eksctl-io/eksctl","https://github.com/eksctl-io/eksctl.git","","go","52066","0","85639","33615","49859","39153","True","False","False","0.00011959","C","apache-2.0"
"nlohmann-json","nlohmann/json","https://github.com/nlohmann/json.git","","c/c++","31723","0","28604","9285","26315","62689","True","True","True","0.00011835","C","mit"
"ncdu","","","","c/c++","51062","0","77744","14327","47420","64758","True","True","False","0.00011729","C","mit"
"mysql@8.4","mysql/mysql-server","https://github.com/mysql/mysql-server.git","","c/c++","51045","0","0","0","39638","62453","True","True","True","0.00011725","C","gpl-2.0-only with universal-foss-exception-1.0"
"terraform-docs","terraform-docs/terraform-docs","https://github.com/terraform-docs/terraform-docs.git","","go","50991","0","24330","24097","86276","69262","True","False","False","0.00011713","C","mit"
"zsh-autosuggestions","zsh-users/zsh-autosuggestions","https://github.com/zsh-users/zsh-autosuggestions.git","","c/c++","50938","0","56951","16647","62704","67452","True","True","False","0.00011700","C","mit"
"graphene","ebassi/graphene","https://github.com/ebassi/graphene.git","","c/c++","39644","0","39152","28284","56822","34318","True","True","False","0.00011672","C","mit"
"dnsmasq","","","","c/c++","50801","0","117708","20347","33463","31689","True","True","False","0.00011669","C","gpl-2.0-only or gpl-3.0-only"
"lzip","","","","c/c++","50795","0","9018","2917","18210","173038","True","True","False","0.00011667","C","gpl-2.0-or-later"
"cfn-lint","aws-cloudformation/cfn-lint","https://github.com/aws-cloudformation/cfn-lint.git","","c/c++","50713","0","64675","23073","70462","44645","True","True","False","0.00011649","C","mit-0"
"gdb","","","","c/c++","50657","0","86276","23349","47325","45679","True","True","False","0.00011636","C","gpl-3.0-or-later"
"libgit2@1.8","libgit2/libgit2","https://github.com/libgit2/libgit2.git","","c/c++","50523","0","0","0","29679","71368","True","True","True","0.00011605","C","gpl-2.0-only with gcc-exception-2.0"
"tree-sitter@0.25","tree-sitter/tree-sitter","https://github.com/tree-sitter/tree-sitter.git","","c/c++","0","0","0","0","0","0","False","True","False","0.00011525","C","mit"
"rustup","rust-lang/rustup","https://github.com/rust-lang/rustup.git","","rust","50129","0","0","0","31559","68699","True","False","False","0.00011515","C","apache-2.0 or mit"
"qtquick3d","","","","c/c++","17211","0","0","0","0","17211","True","True","False","0.00011493","C","gpl-3.0-only and (gpl-3.0-only with qt-gpl-exception-1.0) and apache-2.0 and bsd-3-clause and mit"
"iperf3","esnet/iperf","https://github.com/esnet/iperf.git","","c/c++","49914","0","58627","22443","45895","72693","True","True","True","0.00011465","C","bsd-3-clause"
"lcov","linux-test-project/lcov","https://github.com/linux-test-project/lcov.git","","c/c++","49842","0","23209","25299","52268","98595","True","True","False","0.00011449","C","gpl-2.0-or-later"
"ansible-lint","","","","rust","49635","0","62705","24617","51681","59539","True","False","False","0.00011401","C","mit and gpl-3.0-or-later"
"jfrog-cli","jfrog/jfrog-cli","https://github.com/jfrog/jfrog-cli.git","","go","49564","0","76846","25617","42239","53554","True","False","False","0.00011385","C","apache-2.0"
"mono","","","","c/c++","38343","0","49913","9254","38269","55938","True","True","False","0.00011351","C","apache-2.0"
"libcerf","","https://jugit.fz-juelich.de/mlz/libcerf","","c/c++","44550","0","116473","17916","16181","27633","True","True","False","0.00011337","C","mit"
"sevenzip","ip7z/7zip","https://github.com/ip7z/7zip.git","","c/c++","36490","0","32799","13303","44829","55032","True","True","False","0.00011312","C","lgpl-2.1-or-later and bsd-3-clause"
"mas","mas-cli/mas","https://github.com/mas-cli/mas.git","","c/c++","49090","0","44438","10902","40257","100764","True","True","False","0.00011276","C","mit"
"pybind11","pybind/pybind11","https://github.com/pybind/pybind11.git","","c/c++","46182","0","82901","18030","44809","38991","True","True","True","0.00011265","C","bsd-3-clause"
"aws-c-auth","awslabs/aws-c-auth","https://github.com/awslabs/aws-c-auth.git","","c/c++","23317","0","0","0","1811","44823","True","True","False","0.00011245","C","apache-2.0"
"qtserialport","","","","c/c++","16633","0","0","0","0","16633","True","True","False","0.00011237","C","(lgpl-3.0-only or gpl-2.0-only or gpl-3.0-only) and bsd-3-clause"
"k6","grafana/k6","https://github.com/grafana/k6.git","","go","48528","0","63075","21526","47366","62145","True","False","False","0.00011147","C","agpl-3.0-or-later"
"mpv","mpv-player/mpv","https://github.com/mpv-player/mpv.git","","c/c++","47867","0","46002","23930","56897","64642","True","True","True","0.00010995","C","gpl-2.0-or-later and lgpl-2.1-or-later"
"socat","","","","c/c++","47484","0","79804","13352","45699","51082","True","True","False","0.00010907","C","gpl-2.0-only"
"onnx","onnx/onnx","https://github.com/onnx/onnx.git","","c/c++","29364","0","0","17","7729","80347","True","True","False","0.00010879","C","apache-2.0"
"chezmoi","twpayne/chezmoi","https://github.com/twpayne/chezmoi.git","","go","47221","0","38989","20597","45294","84007","True","False","False","0.00010847","C","mit"
"sourcekitten","jpsim/SourceKitten","https://github.com/jpsim/sourcekitten.git","","c/c++","47123","0","7093","9458","57109","114835","True","True","False","0.00010824","C","mit"
"llvm@18","llvm/llvm-project","https://github.com/llvm/llvm-project.git","","c/c++","46983","0","0","0","53376","40591","True","True","True","0.00010792","C","apache-2.0 with llvm-exception"
"libtermkey","","","","c/c++","46927","0","149037","22603","15701","368","True","True","False","0.00010779","C","mit"
"yamllint","adrienverge/yamllint","https://github.com/adrienverge/yamllint.git","","c/c++","46740","0","78601","34058","34922","39381","True","True","False","0.00010736","C","gpl-3.0-or-later"
"libusbmuxd","libimobiledevice/libusbmuxd","https://github.com/libimobiledevice/libusbmuxd.git","","c/c++","39206","0","79371","14626","32689","30138","True","True","False","0.00010711","C","gpl-2.0-or-later and lgpl-2.1-or-later"
"actionlint","rhysd/actionlint","https://github.com/rhysd/actionlint.git","","go","46550","0","6028","4742","85950","89481","True","False","False","0.00010692","C","mit"
"libvirt","","","","c/c++","39355","0","57465","18927","43928","37100","True","True","False","0.00010688","C","lgpl-2.1-or-later and gpl-2.0-or-later"
"rust-analyzer","rust-lang/rust-analyzer","https://github.com/rust-lang/rust-analyzer.git","","rust","46508","0","76781","24458","44191","40605","True","False","False","0.00010683","C","apache-2.0 or mit"
"tailscale","tailscale/tailscale","https://github.com/tailscale/tailscale.git","","go","46425","0","16030","9087","25567","135019","True","False","False","0.00010664","C","bsd-3-clause"
"python-tk@3.10","","","","c/c++","46115","0","103150","23943","30301","27067","True","True","False","0.00010592","C","python-2.0"
"python-tk@3.12","","","","c/c++","46083","0","0","0","60268","31898","True","True","False","0.00010585","C","python-2.0"
"black","","","","rust","45582","0","47298","28823","75798","30412","True","False","False","0.00010470","C","mit"
"carthage","Carthage/Carthage","https://github.com/carthage/carthage.git","","c/c++","45354","0","81326","35352","39601","25140","True","True","False","0.00010418","C","mit"
"aws-checksums","awslabs/aws-checksums","https://github.com/awslabs/aws-checksums.git","","c/c++","20100","0","0","0","1751","38449","True","True","False","0.00010413","C","apache-2.0"
"postgresql@13","","","","c/c++","45267","0","108882","25710","30808","15670","True","True","False","0.00010398","C","postgresql"
"hub","mislav/hub","https://github.com/mislav/hub.git","","go","45257","0","21589","31741","115653","12045","True","False","False","0.00010395","C","mit"
"s-lang","","","","c/c++","35811","0","109482","8251","13817","11694","True","True","False","0.00010395","C","gpl-2.0-or-later"
"opentofu","opentofu/opentofu","https://github.com/opentofu/opentofu.git","","go","44959","0","0","0","35672","54246","True","False","False","0.00010327","C","mpl-2.0"
"zsh-completions","zsh-users/zsh-completions","https://github.com/zsh-users/zsh-completions.git","","c/c++","44742","0","103114","22896","26442","26516","True","True","False","0.00010277","C","mit-modern-variant and bsd-3-clause and mit and apache-2.0 and isc and ncsa"
"libimobiledevice-glue","libimobiledevice/libimobiledevice-glue","https://github.com/libimobiledevice/libimobiledevice-glue.git","","c/c++","17482","0","0","961","27495","23992","True","True","False","0.00010272","C","lgpl-2.1-or-later"
"python-tk@3.9","","","","c/c++","44707","0","113829","17698","26796","20507","True","True","False","0.00010269","C","python-2.0"
"circleci","CircleCI-Public/circleci-cli","https://github.com/circleci-public/circleci-cli.git","","go","44444","0","91857","29511","29883","26525","True","False","False","0.00010209","C","mit"
"docker-machine","","https://gitlab.com/gitlab-org/ci-cd/docker-machine.git","","go","43952","0","86768","22430","35453","31159","True","False","False","0.00010096","C","apache-2.0"
"mongodb-atlas-cli","mongodb/mongodb-atlas-cli","https://github.com/mongodb/mongodb-atlas-cli.git","","go","43901","0","26129","22693","59215","67570","True","False","False","0.00010084","C","apache-2.0"
"stern","stern/stern","https://github.com/stern/stern.git","","go","43500","0","46324","15618","67985","44073","True","False","False","0.00009992","C","apache-2.0"
"ruby-install","postmodern/ruby-install","https://github.com/postmodern/ruby-install.git","","c/c++","43429","0","88120","28599","31454","25545","True","True","False","0.00009976","C","mit"
"qtpositioning","","","","c/c++","16911","0","0","0","0","16911","True","True","False","0.00009938","C","(lgpl-3.0-only or gpl-2.0-only or gpl-3.0-only) and bsd-3-clause and bsl-1.0 and mit"
"glew","","","","c/c++","39388","0","76260","15317","29948","36030","True","True","False","0.00009921","C","bsd-3-clause"
"bazelisk","bazelbuild/bazelisk","https://github.com/bazelbuild/bazelisk.git","","go","42997","0","64325","15187","54665","37811","True","False","False","0.00009876","C","apache-2.0"
"apktool","iBotPeaches/Apktool","https://github.com/ibotpeaches/apktool.git","","java","42931","0","31613","18985","57298","63828","True","False","False","0.00009861","C","apache-2.0"
"cgal","CGAL/cgal","https://github.com/cgal/cgal.git","","c/c++","35126","0","67032","15807","29647","28018","True","True","False","0.00009848","C","gpl-3.0-or-later"
"bats-core","bats-core/bats-core","https://github.com/bats-core/bats-core.git","","c/c++","42623","0","7457","23478","61908","77650","True","True","False","0.00009790","C","mit"
"cabextract","","","","c/c++","33486","0","81861","18653","16712","16718","True","True","False","0.00009754","C","gpl-3.0-or-later"
"moreutils","","https://git.joeyh.name/index.cgi/moreutils.git/snapshot/moreutils-0.70.tar.gz","","c/c++","42317","0","27465","7499","83958","50349","True","True","False","0.00009720","C","gpl-2.0-or-later and (gpl-2.0-only or artistic-2.0)"
"tinyxml2","leethomason/tinyxml2","https://github.com/leethomason/tinyxml2.git","","c/c++","25947","0","25703","11761","30364","35960","True","True","True","0.00009719","C","zlib"
"libexif","libexif/libexif","https://github.com/libexif/libexif.git","","c/c++","38317","0","55349","23135","38022","36762","True","True","True","0.00009689","C","lgpl-2.1-or-later and lgpl-2.0-or-later"
"pulumi","pulumi/pulumi","https://github.com/pulumi/pulumi.git","","go","42012","0","72229","22328","36078","37416","True","False","False","0.00009650","C","apache-2.0"
"mingw-w64","","","","c/c++","42009","0","46896","36962","48272","35906","True","True","False","0.00009649","C","zpl-2.1 and (gpl-2.0-or-later and gpl-3.0-or-later and lgpl-2.0-or-later and lgpl-3.0-only) and (gpl-3.0-or-later with gcc-exception-3.1)"
"firebase-cli","","","","node","41905","0","50128","22133","46928","48431","True","False","False","0.00009625","C","mit"
"aws-c-event-stream","awslabs/aws-c-event-stream","https://github.com/awslabs/aws-c-event-stream.git","","c/c++","24138","0","0","0","1764","46512","True","True","False","0.00009609","C","apache-2.0"
"scala","scala/scala3","https://github.com/scala/scala3.git","","java","41796","0","74950","19265","41595","31374","True","False","False","0.00009600","C","apache-2.0"
"qpdf","qpdf/qpdf","https://github.com/qpdf/qpdf.git","","c/c++","37977","0","52579","20233","30174","48924","True","True","True","0.00009596","C","apache-2.0"
"kotlin","JetBrains/kotlin","https://github.com/jetbrains/kotlin.git","","java","41728","0","64016","21770","40621","40507","True","False","False","0.00009585","C","apache-2.0"
"semgrep","semgrep/semgrep","https://github.com/semgrep/semgrep.git","","ocaml","41632","0","47777","20202","44640","53912","True","False","False","0.00009563","C","lgpl-2.1-only"
"aws-cdk","aws/aws-cdk","https://github.com/aws/aws-cdk.git","","node","41548","0","64194","21573","44440","35985","True","False","False","0.00009543","C","apache-2.0"
"checkov","","","","rust","41412","0","61355","20827","46540","36926","True","False","False","0.00009512","C","apache-2.0"
"postgis","","","","c/c++","41349","0","77775","18246","37802","31573","True","True","False","0.00009498","C","gpl-2.0-or-later"
"mosh","mobile-shell/mosh","https://github.com/mobile-shell/mosh.git","","c/c++","41294","0","44684","22077","57562","40853","True","True","True","0.00009485","C","gpl-3.0-or-later"
"tig","jonas/tig","https://github.com/jonas/tig.git","","c/c++","41193","0","92940","11241","31797","28796","True","True","False","0.00009462","C","gpl-2.0-or-later"
"sdl2_image","libsdl-org/SDL_image","https://github.com/libsdl-org/sdl_image.git","","c/c++","41152","0","61954","16891","46339","39425","True","True","False","0.00009453","C","zlib"
"qhull","","","","c/c++","32729","0","17889","20459","50399","42172","True","True","False","0.00009394","C","qhull"
"qtwebengine","","","","node","26644","0","0","0","0","26644","True","False","False","0.00009385","C","(lgpl-3.0-only or gpl-2.0-only or gpl-3.0-only) and (gpl-3.0-only with qt-gpl-exception-1.0) and bsd-3-clause and apache-2.0 and blessing and bsd-2-clause and lgpl-2.1-or-later and libpng-2.0 and mit and mpl-1.1 and ncl and sgi-b-2.0 and sunpro and zlib and licenseref-homebrew-public-domain"
"allure","","","","java","40776","0","28806","11504","45128","77666","True","False","False","0.00009366","C","apache-2.0"
"poppler-qt5","","","","c/c++","40469","0","106409","18570","21043","15855","True","True","False","0.00009296","C","gpl-2.0-only or gpl-3.0-only"
"uchardet","","","","c/c++","34039","0","99741","10886","13964","11566","True","True","False","0.00009257","C","mpl-1.1 or gpl-2.0-or-later or lgpl-2.1-or-later"
"plantuml","plantuml/plantuml","https://github.com/plantuml/plantuml.git","","java","40285","0","69851","21228","34640","35422","True","False","False","0.00009253","C","gpl-3.0-or-later"
"vapoursynth","vapoursynth/vapoursynth","https://github.com/vapoursynth/vapoursynth.git","","c/c++","37691","0","71223","13479","37335","28727","True","True","False","0.00009242","C","lgpl-2.1-or-later"
"nano","","","","c/c++","39881","0","71619","14675","34881","38351","True","True","False","0.00009161","C","gpl-3.0-or-later"
"imagemagick@6","ImageMagick/ImageMagick6","https://github.com/imagemagick/imagemagick6.git","","c/c++","39877","0","88471","23268","28540","19231","True","True","False","0.00009160","C","imagemagick"
"taglib","","","","c/c++","38324","0","44096","27862","39708","41631","True","True","False","0.00009152","C","lgpl-2.1-only or mpl-1.1"
"librttopo","","https://git.osgeo.org/gitea/rttopo/librttopo","","c/c++","32799","0","49705","10350","34914","36227","True","True","False","0.00009056","C","gpl-2.0-or-later"
"libmaxminddb","maxmind/libmaxminddb","https://github.com/maxmind/libmaxminddb.git","","c/c++","35386","0","72102","7335","38288","23822","True","True","False","0.00009042","C","apache-2.0"
"dotnet","dotnet/dotnet","https://github.com/dotnet/dotnet.git","","c/c++","39243","0","43991","12082","45650","55252","True","True","False","0.00009014","C","mit"
"freexl","","","","c/c++","29908","0","48847","14060","29205","27521","True","True","False","0.00009010","C","mpl-1.1 or gpl-2.0-or-later or lgpl-2.1-or-later"
"cmake-docs","Kitware/CMake","https://github.com/kitware/cmake.git","","c/c++","39196","0","36592","21465","53732","44996","True","True","False","0.00009003","C","bsd-3-clause"
"oh-my-posh","JanDeDobbeleer/oh-my-posh","https://github.com/jandedobbeleer/oh-my-posh.git","","go","38947","0","29161","17082","51827","57718","True","False","False","0.00008946","C","mit"
"openshift-cli","","","","go","38949","0","29917","17927","52544","55408","True","False","False","0.00008946","C","apache-2.0"
"qtmultimedia","","","","c/c++","17246","0","0","0","0","17246","True","True","False","0.00008908","C","(lgpl-3.0-only or gpl-2.0-only or gpl-3.0-only) and (mpl-2.0 and bsd-3-clause) and apache-2.0 and bsd-3-clause and gpl-3.0-only and mit"
"molten-vk","KhronosGroup/MoltenVK","https://github.com/khronosgroup/moltenvk.git","","c/c++","31272","0","20369","7740","55052","41928","True","True","False","0.00008797","C","apache-2.0"
"libxmlsec1","lsh123/xmlsec","https://github.com/lsh123/xmlsec.git","","c/c++","38223","0","61280","24030","40714","26869","True","True","True","0.00008780","C","mit"
"pinentry-mac","GPGTools/pinentry","https://github.com/gpgtools/pinentry.git","","c/c++","38044","0","53956","10487","43850","43883","True","True","False","0.00008739","C","gpl-2.0-or-later and gpl-3.0-or-later"
"sourcery","krzysztofzablocki/Sourcery","https://github.com/krzysztofzablocki/sourcery.git","","c/c++","37957","0","12553","33440","46183","59653","True","True","False","0.00008719","C","mit"
"mecab-ipadic","","","","c/c++","25771","0","56497","8845","20763","16981","True","True","False","0.00008714","C","naist-2003"
"pkcs11-helper","OpenSC/OpenSC","https://github.com/opensc/opensc.git","","c/c++","25776","0","48927","11706","24307","18167","True","True","True","0.00008697","C","bsd-3-clause or gpl-2.0-or-later"
"rapidjson","Tencent/rapidjson","https://github.com/tencent/rapidjson.git","","c/c++","36866","0","57370","28852","38071","23172","True","True","True","0.00008672","C","mit"
"xcresultparser","a7ex/xcresultparser","https://github.com/a7ex/xcresultparser.git","","c/c++","37674","0","0","57","10883","102083","True","True","False","0.00008654","C","mit"
"cyrus-sasl","cyrusimap/cyrus-sasl","https://github.com/cyrusimap/cyrus-sasl.git","","c/c++","32697","0","1734","3898","9811","115347","True","True","False","0.00008646","C","bsd-3-clause-attribution"
"blueutil","toy/blueutil","https://github.com/toy/blueutil.git","","c/c++","37419","0","85996","17453","25260","20968","True","True","False","0.00008595","C","mit"
"lzlib","","","","c/c++","25226","0","55776","5667","20496","18965","True","True","False","0.00008573","C","bsd-2-clause"
"metis","","","","c/c++","30901","0","67081","10839","23975","21711","True","True","False","0.00008562","C","apache-2.0"
"ios-deploy","ios-control/ios-deploy","https://github.com/ios-control/ios-deploy.git","","c/c++","37218","0","55790","17331","44574","31177","True","True","False","0.00008549","C","gpl-3.0-or-later and bsd-3-clause"
"uriparser","uriparser/uriparser","https://github.com/uriparser/uriparser.git","","c/c++","24201","0","774","18292","41300","36439","True","True","True","0.00008532","C","bsd-3-clause"
"qtwebchannel","","","","c/c++","17037","0","0","0","0","17037","True","True","False","0.00008507","C","(lgpl-3.0-only or gpl-2.0-only or gpl-3.0-only) and bsd-3-clause"
"xclogparser","MobileNativeFoundation/XCLogParser","https://github.com/mobilenativefoundation/xclogparser.git","","c/c++","37012","0","9674","1550","4062","132764","True","True","False","0.00008502","C","apache-2.0"
"dialog","","","","c/c++","36893","0","91171","8800","27781","19821","True","True","False","0.00008474","C","lgpl-2.1-or-later"
"git-delta","dandavison/delta","https://github.com/dandavison/delta.git","","rust","36846","0","41905","12275","50641","42563","True","False","False","0.00008463","C","mit"
"cloc","AlDanial/cloc","https://github.com/aldanial/cloc.git","","c/c++","36829","0","57392","16322","34838","38766","True","True","False","0.00008460","C","gpl-2.0-or-later"
"doctl","digitalocean/doctl","https://github.com/digitalocean/doctl.git","","go","36726","0","60714","15680","32728","37785","True","False","False","0.00008436","C","apache-2.0"
"nushell","nushell/nushell","https://github.com/nushell/nushell.git","","rust","36694","0","34052","17718","44883","50126","True","False","False","0.00008429","C","mit"
"qtwebsockets","","","","c/c++","16906","0","0","0","0","16906","True","True","False","0.00008393","C","(lgpl-3.0-only or gpl-2.0-only or gpl-3.0-only) and bsd-3-clause"
"opencode","","","","node","36517","0","0","0","0","36517","True","False","False","0.00008388","C","mit"
"sfcgal","","https://gitlab.com/sfcgal/sfcgal.git","","c/c++","30595","0","57658","10992","27339","26394","True","True","False","0.00008380","C","lgpl-2.0-or-later"
"diffutils","","","","c/c++","27023","0","24873","14358","30424","38439","True","True","False","0.00008376","C","gpl-3.0-or-later"
"libgit2@1.7","libgit2/libgit2","https://github.com/libgit2/libgit2.git","","c/c++","36269","0","0","0","71594","944","True","True","True","0.00008331","C","gpl-2.0-only with gcc-exception-2.0"
"srtp","cisco/libsrtp","https://github.com/cisco/libsrtp.git","","c/c++","34688","0","29780","27533","50416","31024","True","True","True","0.00008317","C","bsd-3-clause"
"faad2","knik0/faad2","https://github.com/knik0/faad2.git","","c/c++","34580","0","42672","21052","41714","32884","True","True","True","0.00008292","C","gpl-2.0-or-later"
"dos2unix","","","","c/c++","36049","0","63275","22543","27434","30946","True","True","False","0.00008280","C","bsd-2-clause"
"vulkan-loader","KhronosGroup/Vulkan-Loader","https://github.com/khronosgroup/vulkan-loader.git","","c/c++","30404","0","2467","5164","54269","59719","True","True","True","0.00008280","C","apache-2.0"
"scipy","","","","c/c++","36019","0","53173","12624","39602","38677","True","True","False","0.00008273","C","bsd-3-clause"
"bazel","bazelbuild/bazel","https://github.com/bazelbuild/bazel.git","","java","35956","0","53896","19950","39391","30589","True","False","False","0.00008259","C","apache-2.0"
"universal-ctags","universal-ctags/ctags","https://github.com/universal-ctags/ctags.git","","python","35913","0","48620","19239","38633","37162","True","False","False","0.00008249","C","gpl-2.0-or-later"
"jmeter","","","","java","35888","0","67553","21776","34269","19957","True","False","False","0.00008243","C","apache-2.0"
"qt5compat","","","","c/c++","22925","0","0","0","0","22925","True","True","False","0.00008242","C","(lgpl-3.0-only or gpl-2.0-only or gpl-3.0-only) and bsd-2-clause and bsd-3-clause"
"pv","","","","c/c++","35864","0","25951","12611","50828","54068","True","True","False","0.00008238","C","artistic-2.0"
"psutils","rrthomas/psutils","https://github.com/rrthomas/psutils.git","","c/c++","32067","0","40485","41217","24688","21880","True","True","False","0.00008220","C","gpl-3.0-or-later"
"openapi-generator","","","","java","35532","0","45253","17706","43149","36023","True","False","False","0.00008162","C","apache-2.0"
"php@8.3","","","","c/c++","35400","0","0","0","10499","60301","True","True","False","0.00008131","C","php-3.01 and zend-2.0 and bsl-1.0 and mit and apache-1.0 and bcrypt-solar-designer and bsd-2-clause-darwin and bsd-2-clause and bsd-3-clause and bsd-4-clause-uc and isc and lgpl-2.1-only and lgpl-2.1-or-later and oldap-2.8 and tcl and zlib"
"sip","","","","c/c++","35278","0","86748","18939","21165","14262","True","True","False","0.00008103","C","bsd-2-clause"
"jenkins-lts","","","","java","34773","0","57271","17687","35692","28445","True","False","False","0.00007987","C","mit"
"zookeeper","","","","java","34646","0","57004","23177","38572","19832","True","False","False","0.00007958","C","apache-2.0"
"wayland","","https://gitlab.freedesktop.org/wayland/wayland.git","","c/c++","16833","0","0","6274","22248","21979","True","True","False","0.00007932","C","mit"
"qttools","","","","c/c++","17315","0","0","0","0","17315","True","True","False","0.00007906","C","(lgpl-3.0-only or gpl-2.0-only or gpl-3.0-only) and (gpl-3.0-only with qt-gpl-exception-1.0) and bsd-3-clause and bsl-1.0"
"spirv-tools","KhronosGroup/SPIRV-Tools","https://github.com/khronosgroup/spirv-tools.git","","c/c++","20946","0","766","590","38889","43541","True","True","True","0.00007859","C","apache-2.0"
"smartmontools","","","","c/c++","34039","0","65099","17230","20737","33091","True","True","False","0.00007819","C","gpl-2.0-or-later"
"aws-c-sdkutils","awslabs/aws-c-sdkutils","https://github.com/awslabs/aws-c-sdkutils.git","","c/c++","20234","0","0","0","2310","38159","True","True","False","0.00007810","C","apache-2.0"
"vte3","","","","c/c++","33290","0","56742","15679","33449","27290","True","True","False","0.00007810","C","lgpl-2.0-or-later"
"uutils-findutils","uutils/findutils","https://github.com/uutils/findutils.git","","rust","34001","0","47","272","30894","104791","True","False","False","0.00007810","C","mit"
"ggml","ggml-org/ggml","https://github.com/ggml-org/ggml.git","","c/c++","0","0","0","0","0","0","False","True","False","0.00007805","C","mit"
"findutils","","","","c/c++","33890","0","77593","15086","25241","17642","True","True","False","0.00007784","C","gpl-3.0-or-later"
"zizmor","zizmorcore/zizmor","https://github.com/zizmorcore/zizmor.git","","rust","33870","0","0","0","17320","50421","True","False","False","0.00007780","C","mit"
"glances","","","","rust","33852","0","47417","9873","31906","46213","True","False","False","0.00007776","C","lgpl-3.0-or-later"
"augeas","hercules-team/augeas","https://github.com/hercules-team/augeas.git","","c/c++","24971","0","65368","12815","11962","9740","True","True","True","0.00007767","C","lgpl-2.1-or-later"
"macos-term-size","sindresorhus/macos-terminal-size","https://github.com/sindresorhus/macos-terminal-size.git","","c/c++","33679","0","123165","8296","2694","564","True","True","False","0.00007736","C","mit"
"screenresolution","jhford/screenresolution","https://github.com/jhford/screenresolution.git","","c/c++","33574","0","64608","11158","39501","19030","True","True","False","0.00007712","C","gpl-2.0-only"
"oci-cli","","","","c/c++","33486","0","40382","17243","36356","39965","True","True","False","0.00007692","C","upl-1.0 or apache-2.0"
"glfw","glfw/glfw","https://github.com/glfw/glfw.git","","c/c++","33479","0","46294","12008","40097","35517","True","True","False","0.00007690","C","zlib"
"llvm@20","llvm/llvm-project","https://github.com/llvm/llvm-project.git","","c/c++","33429","0","0","0","0","33429","True","True","True","0.00007679","C","apache-2.0 with llvm-exception"
"helmfile","helmfile/helmfile","https://github.com/helmfile/helmfile.git","","go","33235","0","32726","11697","47339","41179","True","False","False","0.00007634","C","mit"
"qtquicktimeline","","","","c/c++","17337","0","0","0","0","17337","True","True","False","0.00007606","C","gpl-3.0-only and bsd-3-clause"
"python-tabulate","astanin/python-tabulate","https://github.com/astanin/python-tabulate.git","","c/c++","33032","0","100775","19276","10535","1544","True","True","False","0.00007587","C","mit"
"libshout","","","","c/c++","31502","0","37441","24637","35777","28153","True","True","False","0.00007585","C","lgpl-2.0-or-later"
"libdap","","","","c/c++","33013","0","106430","9531","10099","5993","True","True","False","0.00007583","C","lgpl-2.1-or-later"
"aws-c-compression","awslabs/aws-c-compression","https://github.com/awslabs/aws-c-compression.git","","c/c++","17968","0","0","0","2216","33721","True","True","False","0.00007573","C","apache-2.0"
"gumbo-parser","","https://codeberg.org/gumbo-parser/gumbo-parser.git","","c/c++","8722","0","6805","1525","5613","20946","False","True","False","0.00007567","C","apache-2.0"
"macvim","macvim-dev/macvim","https://github.com/macvim-dev/macvim.git","","c/c++","32928","0","77164","14574","21322","18655","True","True","False","0.00007563","C","vim"
"qtgrpc","","","","c/c++","25480","0","0","0","0","25480","True","True","False","0.00007521","C","gpl-3.0-only and (lgpl-3.0-only or gpl-2.0-only or gpl-3.0-only) and (gpl-3.0-only with qt-gpl-exception-1.0) and bsd-3-clause"
"typescript","","","","node","32740","0","53499","16766","34732","25963","True","False","False","0.00007520","C","apache-2.0"
"mandoc","","","","c/c++","32707","0","7654","7323","44793","71058","True","True","False","0.00007513","C","isc"
"ack","","","","c/c++","32700","0","76457","18084","16614","19646","True","True","False","0.00007511","C","artistic-2.0"
"md5sha1sum","","","","c/c++","32685","0","27595","16447","58854","27844","True","True","False","0.00007508","C","gpl-2.0-or-later"
"angular-cli","","","","node","32477","0","56187","15350","31971","26400","True","False","False","0.00007460","C","mit"
"octave","","","","java","32393","0","48899","20210","33988","26476","True","False","False","0.00007441","C","gpl-3.0-or-later"
"luarocks","","","","c/c++","32380","0","49805","9189","34121","36405","True","True","False","0.00007438","C","mit"
"python-tk@3.11","","","","c/c++","32191","0","6964","36230","51865","33707","True","True","False","0.00007394","C","python-2.0"
"docker-buildx","docker/buildx","https://github.com/docker/buildx.git","","go","31947","0","4688","9665","44802","68635","True","False","False","0.00007338","C","apache-2.0"
"tldr","tldr-pages/tldr-c-client","https://github.com/tldr-pages/tldr-c-client.git","","c/c++","31762","0","58962","21362","26666","20061","True","True","False","0.00007296","C","mit"
"ant","","","","java","31725","0","54432","16969","29031","26468","True","False","False","0.00007287","C","apache-2.0"
"aws-c-mqtt","awslabs/aws-c-mqtt","https://github.com/awslabs/aws-c-mqtt.git","","c/c++","26269","0","0","0","1877","50662","True","True","False","0.00007285","C","apache-2.0"
"gitlab-runner","","https://gitlab.com/gitlab-org/gitlab-runner.git","","go","31698","0","68662","12774","21763","23595","True","False","False","0.00007281","C","mit"
"groovy","","","","java","31666","0","61976","17886","26169","20633","True","False","False","0.00007274","C","apache-2.0"
"git-filter-repo","newren/git-filter-repo","https://github.com/newren/git-filter-repo.git","","c/c++","31646","0","28233","6284","27458","64612","True","True","False","0.00007269","C","mit"
"libcuefile","","","","c/c++","20456","0","20922","18675","26679","15548","True","True","False","0.00007213","C","gpl-2.0-or-later"
"libreplaygain","","","","c/c++","20447","0","20888","19192","26166","15545","True","True","False","0.00007211","C","lgpl-2.1-or-later"
"bitwarden-cli","bitwarden/clients","https://github.com/bitwarden/clients.git","","node","31385","0","36598","14562","39414","34966","True","False","False","0.00007209","C","gpl-3.0-only"
"bash-completion","","https://salsa.debian.org/debian/bash-completion.git","","c/c++","31322","0","71195","15246","22019","16830","True","True","False","0.00007195","C","gpl-2.0-or-later"
"chruby","postmodern/chruby","https://github.com/postmodern/chruby.git","","c/c++","31294","0","65787","20435","25980","12977","True","True","False","0.00007188","C","mit"
"shfmt","mvdan/sh","https://github.com/mvdan/sh.git","","go","31127","0","21838","20039","39769","42862","True","False","False","0.00007150","C","bsd-3-clause"
"postgresql@12","","","","c/c++","30997","0","76290","16483","22174","9042","True","True","False","0.00007120","C","postgresql"
"git-crypt","","","","c/c++","30995","0","29104","6979","40830","47068","True","True","False","0.00007119","C","gpl-3.0-or-later"
"fdk-aac","","","","c/c++","29446","0","31529","21112","43815","21331","True","True","False","0.00007113","C","apache-2.0"
"util-macros","","","","c/c++","30871","0","43039","13587","30771","36089","True","True","False","0.00007091","C","mit"
"vala","","","","c/c++","30796","0","68519","23719","19210","11736","True","True","False","0.00007074","C","lgpl-2.1-or-later"
"libmatio","","","","c/c++","28549","0","42750","13083","37596","20767","True","True","False","0.00007036","C","bsd-2-clause"
"sbcl","","","","c/c++","30583","0","48597","12315","31296","30124","True","True","False","0.00007025","C","licenseref-homebrew-public-domain and mit and xerox and bsd-3-clause"
"openslide","openslide/openslide","https://github.com/openslide/openslide.git","","c/c++","28206","0","60442","16568","20697","15117","True","True","True","0.00006957","C","lgpl-2.1-only"
"helix","helix-editor/helix","https://github.com/helix-editor/helix.git","","rust","30064","0","30173","15954","32827","41302","True","False","False","0.00006906","C","mpl-2.0"
"jo","jpmens/jo","https://github.com/jpmens/jo.git","","c/c++","30054","0","4841","2227","63075","50076","True","True","False","0.00006903","C","gpl-2.0-or-later and mit"
"enchant","rrthomas/enchant","https://github.com/rrthomas/enchant.git","","c/c++","27758","0","34073","13295","39340","24326","True","True","False","0.00006883","C","lgpl-2.1-or-later"
"libusb-compat","","","","c/c++","25149","0","44161","21096","23903","11436","True","True","False","0.00006874","C","lgpl-2.1-or-later and (lgpl-2.1-or-later or bsd-3-clause)"
"xmlstarlet","","","","c/c++","29682","0","9718","11220","41456","56334","True","True","False","0.00006818","C","mit"
"yazi","sxyazi/yazi","https://github.com/sxyazi/yazi.git","","rust","29671","0","0","657","30601","57755","True","False","False","0.00006815","C","mit"
"faac","knik0/faac","https://github.com/knik0/faac.git","","c/c++","28104","0","28694","20178","32336","31208","True","True","False","0.00006805","C","lgpl-2.1-or-later"
"prrte","openpmix/prrte","https://github.com/openpmix/prrte.git","","c/c++","0","0","0","0","0","0","False","True","False","0.00006783","C","bsd-3-clause-open-mpi"
"python-yq","","","","c/c++","29496","0","23656","25057","19971","49301","True","True","False","0.00006775","C","apache-2.0"
"s2n","aws/s2n-tls","https://github.com/aws/s2n-tls.git","","c/c++","7330","0","336","5972","10913","12099","False","True","False","0.00006681","C","apache-2.0"
"mujs","","","","c/c++","26543","0","52036","10553","18783","24802","True","True","False","0.00006681","C","isc"
"libclc","llvm/llvm-project","https://github.com/llvm/llvm-project.git","","c/c++","24439","0","0","154","27696","45469","True","True","True","0.00006644","C","apache-2.0 with llvm-exception"
"apache-spark","","","","java","28921","0","49006","16253","26726","23700","True","False","False","0.00006643","C","apache-2.0"
"trufflehog","trufflesecurity/trufflehog","https://github.com/trufflesecurity/trufflehog.git","","go","28917","0","0","1677","43655","41419","True","False","False","0.00006642","C","agpl-3.0-only"
"rlwrap","hanslub42/rlwrap","https://github.com/hanslub42/rlwrap.git","","c/c++","22615","0","49802","6904","11492","22264","True","True","False","0.00006618","C","gpl-2.0-or-later"
"googletest","google/googletest","https://github.com/google/googletest.git","","c/c++","28786","0","18137","9816","35074","52119","True","True","False","0.00006612","C","bsd-3-clause"
"lld","llvm/llvm-project","https://github.com/llvm/llvm-project.git","","c/c++","28682","0","0","0","8443","48921","True","True","True","0.00006588","C","apache-2.0 with llvm-exception"
"mkvtoolnix","","","","c/c++","28564","0","37575","14332","30106","32245","True","True","False","0.00006561","C","gpl-2.0-or-later"
"fluid-synth","FluidSynth/fluidsynth","https://github.com/fluidsynth/fluidsynth.git","","c/c++","26755","0","24365","12681","32507","37469","True","True","False","0.00006542","C","lgpl-2.1-or-later"
"libiconv","","","","c/c++","28417","0","59808","14326","23382","16153","True","True","False","0.00006527","C","gpl-3.0-or-later and lgpl-2.0-or-later"
"zig","","","","c/c++","28161","0","21859","9113","29635","52038","True","True","False","0.00006469","C","mit"
"jadx","skylot/jadx","https://github.com/skylot/jadx.git","","java","28127","0","27518","14660","44414","25918","True","False","False","0.00006461","C","apache-2.0"
"memcached","","","","c/c++","28045","0","54202","13643","24722","19616","True","True","False","0.00006442","C","bsd-3-clause"
"libpaper","rrthomas/libpaper","https://github.com/rrthomas/libpaper.git","","c/c++","12832","0","0","13973","16859","7665","True","True","False","0.00006439","C","lgpl-2.1-or-later"
"k3d","k3d-io/k3d","https://github.com/k3d-io/k3d.git","","go","27997","0","24390","11490","20422","55689","True","False","False","0.00006431","C","mit"
"saml2aws","Versent/saml2aws","https://github.com/versent/saml2aws.git","","go","27729","0","59241","16747","21321","13607","True","False","False","0.00006369","C","mit"
"docker-credential-helper-ecr","awslabs/amazon-ecr-credential-helper","https://github.com/awslabs/amazon-ecr-credential-helper.git","","go","27659","0","18865","8851","43154","39769","True","False","False","0.00006353","C","apache-2.0"
"broot","Canop/broot","https://github.com/canop/broot.git","","rust","27597","0","40532","14815","27591","27452","True","False","False","0.00006339","C","mit"
"qt3d","","","","c/c++","17071","0","0","0","0","17071","True","True","False","0.00006317","C","(lgpl-3.0-only or gpl-2.0-only or gpl-3.0-only) and bsd-3-clause and mit"
"qtscxml","","","","c/c++","17072","0","0","0","0","17072","True","True","False","0.00006317","C","(lgpl-3.0-only or gpl-2.0-only or gpl-3.0-only) and (gpl-3.0-only with qt-gpl-exception-1.0) and bsd-3-clause"
"libpciaccess","","","","c/c++","12584","0","0","3733","18726","15295","True","True","False","0.00006307","C","mit"
"qtsensors","","","","c/c++","16995","0","0","0","0","16995","True","True","False","0.00006299","C","(lgpl-3.0-only or gpl-2.0-only or gpl-3.0-only) and bsd-3-clause"
"mtr","traviscross/mtr","https://github.com/traviscross/mtr.git","","c/c++","27416","0","46220","9180","19852","34414","True","True","False","0.00006297","C","gpl-2.0-only and bsd-3-clause and lgpl-2.0-only"
"qtcharts","","","","c/c++","16928","0","0","0","0","16928","True","True","False","0.00006284","C","gpl-3.0-only and bsd-3-clause"
"pytest","","","","c/c++","27225","0","0","0","9684","44767","True","True","False","0.00006254","C","mit"
"libnice","","","","c/c++","25706","0","41792","3369","25326","32337","True","True","False","0.00006254","C","lgpl-2.1-or-later or mpl-1.1"
"tilt","tilt-dev/tilt","https://github.com/tilt-dev/tilt.git","","go","27217","0","39854","12121","20866","36028","True","False","False","0.00006252","C","apache-2.0"
"conan","","","","c/c++","27194","0","39521","17347","26042","25867","True","True","False","0.00006246","C","mit"
"atuin","atuinsh/atuin","https://github.com/atuinsh/atuin.git","","rust","27185","0","3114","4879","34528","66221","True","False","False","0.00006244","C","mit"
"sqlmap","sqlmapproject/sqlmap","https://github.com/sqlmapproject/sqlmap.git","","c/c++","27172","0","44976","13897","24548","25268","True","True","False","0.00006241","C","gpl-2.0-or-later"
"qtconnectivity","","","","c/c++","16734","0","0","0","0","16734","True","True","False","0.00006239","C","(lgpl-3.0-only or gpl-2.0-only or gpl-3.0-only) and bsd-3-clause"
"qtdatavis3d","","","","c/c++","16704","0","0","0","0","16704","True","True","False","0.00006232","C","gpl-3.0-only and bsd-3-clause"
"qtremoteobjects","","","","c/c++","16677","0","0","0","0","16677","True","True","False","0.00006226","C","(lgpl-3.0-only or gpl-2.0-only or gpl-3.0-only) and (gpl-3.0-only with qt-gpl-exception-1.0) and bsd-3-clause"
"qtnetworkauth","","","","c/c++","16619","0","0","0","0","16619","True","True","False","0.00006213","C","gpl-3.0-only and bsd-3-clause"
"python-matplotlib","","","","c/c++","26990","0","0","0","24937","29043","True","True","False","0.00006200","C","psf-2.0"
"keyutils","","https://git.kernel.org/pub/scm/linux/kernel/git/dhowells/keyutils.git","","c/c++","26873","0","0","0","0","26873","True","True","False","0.00006173","C","gpl-2.0-or-later and lgpl-2.0-or-later"
"grafana","grafana/grafana","https://github.com/grafana/grafana.git","","go","26816","0","51768","11686","23659","20151","True","False","False","0.00006160","C","agpl-3.0-only"
"buf","bufbuild/buf","https://github.com/bufbuild/buf.git","","go","26781","0","1609","9979","40389","55147","True","False","False","0.00006152","C","apache-2.0"
"fnm","Schniz/fnm","https://github.com/schniz/fnm.git","","rust","26611","0","31317","13812","31368","29948","True","False","False","0.00006112","C","gpl-3.0-only"
"chibi-scheme","ashinn/chibi-scheme","https://github.com/ashinn/chibi-scheme.git","","c/c++","26599","0","97","2493","61120","42687","True","True","False","0.00006110","C","bsd-3-clause"
"emscripten","emscripten-core/emscripten","https://github.com/emscripten-core/emscripten.git","","node","26530","0","39458","17579","28188","20895","True","False","False","0.00006094","C","apache-2.0 and (apache-2.0 with llvm-exception) and (mit or ncsa)"
"tor","","","","c/c++","26436","0","47931","14006","18484","25326","True","True","False","0.00006072","C","bsd-2-clause and bsd-3-clause and mit and ncsa"
"uutils-coreutils","uutils/coreutils","https://github.com/uutils/coreutils.git","","rust","26429","0","430","553","21073","83661","True","False","False","0.00006071","C","mit"
"sdl2_ttf","libsdl-org/SDL_ttf","https://github.com/libsdl-org/sdl_ttf.git","","c/c++","26418","0","30364","7412","34687","33212","True","True","False","0.00006068","C","zlib"
"epsilon","","","","c/c++","23649","0","45701","8082","19925","20890","True","True","False","0.00006051","C","bsd-3-clause and (gpl-3.0-or-later or lgpl-3.0-or-later)"
"ykman","","","","c/c++","26295","0","44335","18179","22067","20600","True","True","False","0.00006040","C","bsd-2-clause"
"syncthing","syncthing/syncthing","https://github.com/syncthing/syncthing.git","","go","26293","0","29711","9464","25443","40554","True","False","False","0.00006039","C","mpl-2.0"
"gauche","shirok/Gauche","https://github.com/shirok/gauche.git","","c/c++","26268","0","1240","3651","57010","43171","True","True","False","0.00006034","C","bsd-3-clause"
"speexdsp","","","","c/c++","20193","0","9397","11434","31277","28665","True","True","False","0.00006025","C","bsd-3-clause"
"skaffold","GoogleContainerTools/skaffold","https://github.com/googlecontainertools/skaffold.git","","go","26214","0","49829","18418","19599","17012","True","False","False","0.00006021","C","apache-2.0"
"sundials","llnl/sundials","https://github.com/llnl/sundials.git","","c/c++","25307","0","47083","13253","23593","17300","True","True","False","0.00006017","C","bsd-3-clause"
"wireguard-go","","https://git.zx2c4.com/wireguard-go/snapshot/wireguard-go-0.0.20250522.tar.xz","","go","17132","0","24581","6518","17767","19663","True","False","False","0.00006003","C","mit"
"ruby@3.1","","","","c/c++","26073","0","34087","35243","23736","11228","True","True","False","0.00005989","C","ruby"
"python-argcomplete","","","","c/c++","26047","0","0","0","46667","5428","True","True","False","0.00005983","C","apache-2.0"
"docker-credential-helper","docker/docker-credential-helpers","https://github.com/docker/docker-credential-helpers.git","","go","26042","0","29756","9340","27265","37807","True","False","False","0.00005982","C","mit"
"gspell","","https://gitlab.gnome.org/gnome/gspell.git","","c/c++","25298","0","49683","13084","23684","14742","True","True","False","0.00005972","C","lgpl-2.1-or-later"
"d2","terrastruct/d2","https://github.com/terrastruct/d2.git","","go","25898","0","5029","4553","45570","48443","True","False","False","0.00005949","C","mpl-2.0"
"libusrsctp","sctplab/usrsctp","https://github.com/sctplab/usrsctp.git","","c/c++","24363","0","21402","24352","33794","17906","True","True","True","0.00005946","C","bsd-3-clause"
"qtspeech","","","","c/c++","15392","0","0","0","0","15392","True","True","False","0.00005931","C","(lgpl-3.0-only or gpl-2.0-only or gpl-3.0-only) and bsd-3-clause"
"musepack","","","","c/c++","24244","0","20874","23853","33306","18944","True","True","False","0.00005918","C","bsd-3-clause and lgpl-2.1-or-later and gpl-2.0-or-later and zlib"
"gl2ps","","","","c/c++","24809","0","62602","9926","20698","6011","True","True","False","0.00005903","C","gl2ps"
"libwebsockets","warmcat/libwebsockets","https://github.com/warmcat/libwebsockets.git","","c/c++","19673","0","33547","8747","13789","22610","True","True","False","0.00005901","C","mit"
"gperf","","","","c/c++","25610","0","6391","11801","41201","43050","True","True","False","0.00005883","C","gpl-3.0-or-later"
"perl-dbd-mysql","","","","c/c++","8911","0","0","0","268","17555","False","True","False","0.00005831","C","artistic-1.0-perl or gpl-1.0-or-later"
"hidapi","libusb/hidapi","https://github.com/libusb/hidapi.git","","c/c++","22375","0","49374","11136","12309","16684","True","True","False","0.00005828","C","gpl-3.0-only or bsd-3-clause or hidapi"
"ocrmypdf","","","","c/c++","25229","0","24012","11395","28597","36915","True","True","False","0.00005795","C","mpl-2.0"
"vale","vale-cli/vale","https://github.com/vale-cli/vale.git","","go","25200","0","12991","9383","27975","50453","True","False","False","0.00005788","C","mit"
"libgsf","","https://gitlab.gnome.org/gnome/libgsf.git","","c/c++","25183","0","69513","7442","16034","7746","True","True","False","0.00005784","C","lgpl-2.1-only"
"cgif","dloebl/cgif","https://github.com/dloebl/cgif.git","","c/c++","23029","0","44599","12429","20691","14399","True","True","True","0.00005768","C","mit"
"yajl","lloyd/yajl","https://github.com/lloyd/yajl.git","","c/c++","22420","0","36431","7024","17324","28903","True","True","False","0.00005745","C","isc"
"libxmu","","","","c/c++","23376","0","32725","6218","31451","23110","True","True","False","0.00005738","C","mit"
"libpcap","","","","c/c++","24901","0","38912","13785","26081","20829","True","True","False","0.00005720","C","bsd-3-clause"
"mozjpeg","mozilla/mozjpeg","https://github.com/mozilla/mozjpeg.git","","c/c++","22818","0","52256","13507","14493","11018","True","True","False","0.00005720","C","ijg and zlib and bsd-3-clause"
"istioctl","istio/istio","https://github.com/istio/istio.git","","go","24594","0","35863","9811","26684","26020","True","False","False","0.00005649","C","apache-2.0"
"powerlevel10k","romkatv/powerlevel10k","https://github.com/romkatv/powerlevel10k.git","","c/c++","24588","0","0","2118","38323","33325","True","True","False","0.00005648","C","mit"
"gtk+","","","","c/c++","24355","0","46572","12412","23893","14544","True","True","False","0.00005594","C","lgpl-2.0-or-later"
"libxinerama","","","","c/c++","21309","0","27689","10669","26645","20235","True","True","False","0.00005542","C","mit"
"libmediainfo","","","","c/c++","13893","0","0","6429","18467","16783","True","True","False","0.00005462","C","bsd-2-clause"
"talisman","thoughtworks/talisman","https://github.com/thoughtworks/talisman.git","","go","23684","0","1440","18897","46734","27665","True","False","False","0.00005440","C","mit"
"cosign","sigstore/cosign","https://github.com/sigstore/cosign.git","","go","23681","0","4868","8787","44501","36569","True","False","False","0.00005439","C","apache-2.0"
"sshuttle","sshuttle/sshuttle","https://github.com/sshuttle/sshuttle.git","","c/c++","23524","0","39405","5602","13564","35526","True","True","False","0.00005403","C","lgpl-2.1-or-later"
"uthash","troydhanson/uthash","https://github.com/troydhanson/uthash.git","","c/c++","6417","0","96","56","15015","10503","False","True","False","0.00005394","C","bsd-1-clause"
"opusfile","","","","c/c++","19410","0","23430","13595","19791","20826","True","True","False","0.00005385","C","bsd-3-clause"
"media-info","","","","c/c++","23270","0","27084","14429","26214","25355","True","True","False","0.00005345","C","bsd-2-clause"
"speedtest-cli","sivel/speedtest-cli","https://github.com/sivel/speedtest-cli.git","","c/c++","23221","0","36333","9134","19493","27925","True","True","False","0.00005334","C","apache-2.0"
"libsecret","","","","c/c++","23123","0","5990","5977","31180","49347","True","True","False","0.00005311","C","lgpl-2.1-or-later"
"imlib2","","","","c/c++","23105","0","44196","17602","17679","12944","True","True","False","0.00005307","C","imlib2"
"xtrans","","","","c/c++","23061","0","30644","12331","17058","32211","True","True","False","0.00005297","C","mit"
"go@1.22","","","","go","23062","0","0","0","26661","19464","True","False","False","0.00005297","C","bsd-3-clause"
"jenkins","","","","java","23060","0","40401","13031","22351","16458","True","False","False","0.00005297","C","mit"
"pstree","FredHucht/pstree","https://github.com/fredhucht/pstree.git","","c/c++","22967","0","71248","5174","7613","7833","True","True","False","0.00005275","C","gpl-3.0-only"
"unar","MacPaw/XADMaster","https://github.com/macpaw/xadmaster.git","","c/c++","22962","0","18109","9608","28107","36026","True","True","False","0.00005274","C","lgpl-2.1-or-later"
"prettier","","","","node","22943","0","29830","12570","24390","24984","True","False","False","0.00005270","C","mit"
"cunit","","","","c/c++","9806","0","17965","4351","9566","7345","False","True","False","0.00005247","C","lgpl-2.0-or-later"
"yasm","","","","c/c++","22837","0","38521","12525","18093","22211","True","True","False","0.00005246","C","bsd-2-clause and bsd-3-clause and licenseref-homebrew-public-domain and (artistic-1.0-perl or gpl-2.0-or-later or lgpl-2.0-or-later)"
"libzen","MediaArea/ZenLib","https://github.com/mediaarea/zenlib.git","","c/c++","2838","0","0","2745","3050","2719","False","True","False","0.00005242","C","zlib"
"flex","westes/flex","https://github.com/westes/flex.git","","c/c++","22756","0","34744","13108","21720","21454","True","True","True","0.00005227","C","bsd-2-clause"
"n","tj/n","https://github.com/tj/n.git","","c/c++","22678","0","38968","17051","20236","14459","True","True","False","0.00005209","C","mit"
"iso-codes","","https://salsa.debian.org/iso-codes-team/iso-codes.git","","c/c++","22627","0","43317","7788","21479","17925","True","True","False","0.00005197","C","lgpl-2.1-or-later"
"teleport","gravitational/teleport","https://github.com/gravitational/teleport.git","","go","22616","0","45059","16366","12846","16195","True","False","False","0.00005195","C","agpl-3.0-or-later and apache-2.0"
"qtserialbus","","","","c/c++","15338","0","0","0","0","15338","True","True","False","0.00005191","C","(lgpl-3.0-only or gpl-2.0-only or gpl-3.0-only) and (gpl-3.0-only with qt-gpl-exception-1.0) and bsd-3-clause"
"qtimageformats","","","","c/c++","15299","0","0","0","0","15299","True","True","False","0.00005182","C","(lgpl-3.0-only or gpl-2.0-only or gpl-3.0-only) and bsd-3-clause"
"qscintilla2","","","","python","21632","0","43778","14081","16356","12316","True","False","False","0.00005173","C","gpl-3.0-only"
"qtlocation","","","","c/c++","15195","0","0","0","0","15195","True","True","False","0.00005158","C","(lgpl-3.0-only or gpl-2.0-only or gpl-3.0-only) and bsd-3-clause"
"qtvirtualkeyboard","","","","c/c++","15105","0","0","0","0","15105","True","True","False","0.00005138","C","gpl-3.0-only and apache-2.0 and bsd-3-clause"
"source-highlight","","","","c/c++","17438","0","6525","6031","25818","31379","True","True","False","0.00005128","C","gpl-3.0-or-later"
"qtwebview","","","","c/c++","15015","0","0","0","0","15015","True","True","False","0.00005117","C","(lgpl-3.0-only or gpl-2.0-only or gpl-3.0-only) and bsd-3-clause"
"qtquickeffectmaker","","","","c/c++","14980","0","0","0","0","14980","True","True","False","0.00005109","C","(gpl-3.0-only with qt-gpl-exception-1.0) and bsd-3-clause"
"qtquick3dphysics","","","","c/c++","14962","0","0","0","0","14962","True","True","False","0.00005105","C","gpl-3.0-only and (gpl-3.0-only with qt-gpl-exception-1.0) and bsd-3-clause"
"fltk","fltk/fltk","https://github.com/fltk/fltk.git","","c/c++","21322","0","42667","5358","18943","18323","True","True","False","0.00005102","C","lgpl-2.0-only with fltk-exception"
"qtgraphs","","","","c/c++","14930","0","0","0","0","14930","True","True","False","0.00005097","C","gpl-3.0-only and bsd-3-clause"
"qtlottie","","","","c/c++","14871","0","0","0","0","14871","True","True","False","0.00005084","C","gpl-3.0-only and bsd-3-clause"
"libkml","libkml/libkml","https://github.com/libkml/libkml.git","","c/c++","19437","0","235","19076","29257","29181","True","True","False","0.00005083","C","bsd-3-clause"
"kubeseal","bitnami/sealed-secrets","https://github.com/bitnami/sealed-secrets.git","","go","22092","0","36722","11015","20575","20056","True","False","False","0.00005074","C","apache-2.0"
"television","alexpasmantier/television","https://github.com/alexpasmantier/television.git","","rust","22063","0","0","0","1817","42309","True","False","False","0.00005068","C","mit"
"qtlanguageserver","","","","c/c++","14716","0","0","0","0","14716","True","True","False","0.00005048","C","(lgpl-3.0-only or gpl-2.0-only or gpl-3.0-only) and bsd-3-clause"
"spirv-llvm-translator","KhronosGroup/SPIRV-LLVM-Translator","https://github.com/khronosgroup/spirv-llvm-translator.git","","c/c++","17463","0","197","248","26383","43027","True","True","False","0.00005041","C","apache-2.0 with llvm-exception"
"openconnect","","","","c/c++","21919","0","53120","13653","10162","10741","True","True","False","0.00005035","C","lgpl-2.1-only"
"xkeyboard-config","","","","c/c++","13515","0","0","0","0","13515","True","True","False","0.00005034","C","mit"
"lsd","lsd-rs/lsd","https://github.com/lsd-rs/lsd.git","","rust","21790","0","28528","8055","29347","21232","True","False","False","0.00005005","C","apache-2.0"
"sox","","","","c/c++","21711","0","35279","8009","14919","28637","True","True","False","0.00004987","C","gpl-2.0-or-later and lgpl-2.1-or-later"
"mockery","vektra/mockery","https://github.com/vektra/mockery.git","","go","21707","0","29050","13785","22667","21328","True","False","False","0.00004986","C","bsd-3-clause"
"qthttpserver","","","","c/c++","14419","0","0","0","0","14419","True","True","False","0.00004980","C","gpl-3.0-only and bsd-3-clause"
"handbrake","HandBrake/HandBrake","https://github.com/handbrake/handbrake.git","","c/c++","21665","0","24596","4050","14454","43560","True","True","False","0.00004976","C","gpl-2.0-only"
"qttranslations","","","","c/c++","14385","0","0","0","0","14385","True","True","False","0.00004972","C","bsd-3-clause"
"gsl","","","","c/c++","21253","0","34401","7697","24662","18252","True","True","False","0.00004967","C","gpl-3.0-or-later"
"tomcat","","","","java","21602","0","36290","10579","21330","18210","True","False","False","0.00004962","C","apache-2.0"
"lua-language-server","LuaLS/lua-language-server","https://github.com/luals/lua-language-server.git","","c/c++","21397","0","28491","10040","26195","20863","True","True","False","0.00004915","C","mit"
"zellij","zellij-org/zellij","https://github.com/zellij-org/zellij.git","","rust","21394","0","9876","8661","27692","39349","True","False","False","0.00004914","C","mit"
"mosquitto","","","","c/c++","21235","0","29535","10762","18950","25696","True","True","False","0.00004878","C","epl-1.0 or bsd-3-clause"
"wireguard-tools","","https://git.zx2c4.com/wireguard-tools/snapshot/wireguard-tools-1.0.20260223.tar.xz","","c/c++","21186","0","22191","9056","24706","28792","True","True","False","0.00004866","C","gpl-2.0-only"
"qrencode","fukuchi/libqrencode","https://github.com/fukuchi/libqrencode.git","","c/c++","21154","0","26130","23295","16463","18731","True","True","False","0.00004859","C","lgpl-2.1-or-later"
"winetricks","Winetricks/winetricks","https://github.com/winetricks/winetricks.git","","c/c++","21135","0","23348","9952","22554","28688","True","True","False","0.00004855","C","lgpl-2.1-or-later"
"skopeo","podman-container-tools/skopeo","https://github.com/podman-container-tools/skopeo.git","","go","21067","0","22799","9624","25210","26637","True","False","False","0.00004839","C","apache-2.0"
"freerdp","FreeRDP/FreeRDP","https://github.com/freerdp/freerdp.git","","c/c++","21005","0","20742","8123","25684","29473","True","True","True","0.00004825","C","apache-2.0"
"scons","","","","c/c++","20979","0","27930","9953","23578","22455","True","True","False","0.00004819","C","mit"
"libspng","randy408/libspng","https://github.com/randy408/libspng.git","","c/c++","20792","0","51176","10539","11243","10212","True","True","True","0.00004776","C","bsd-2-clause"
"eslint","","","","node","20787","0","32524","11809","20179","18639","True","False","False","0.00004775","C","mit"
"gpatch","","","","c/c++","17917","0","31841","7710","14268","17849","True","True","False","0.00004761","C","gpl-3.0-or-later"
"iproute2mac","brona/iproute2mac","https://github.com/brona/iproute2mac.git","","c/c++","20680","0","35785","5592","25011","16333","True","True","False","0.00004750","C","mit"
"glslang","KhronosGroup/glslang","https://github.com/khronosgroup/glslang.git","","c/c++","20671","0","6226","12255","40097","24106","True","True","True","0.00004748","C","bsd-3-clause and gpl-3.0-or-later and mit and apache-2.0"
"assimp@5","assimp/assimp","https://github.com/assimp/assimp.git","","c/c++","20669","0","0","0","0","20669","True","True","True","0.00004748","C","bsd-3-clause and cc-pddc and mit and bsl-1.0 and unlicense and zlib"
"duckdb","duckdb/duckdb","https://github.com/duckdb/duckdb.git","","c/c++","20601","0","3345","9538","27726","41797","True","True","True","0.00004732","C","mit"
"autojump","wting/autojump","https://github.com/wting/autojump.git","","c/c++","20573","0","42155","10694","15651","13794","True","True","False","0.00004726","C","gpl-3.0-or-later"
"liblerc","Esri/lerc","https://github.com/esri/lerc.git","","c/c++","17873","0","123","15440","27766","28163","True","True","False","0.00004724","C","apache-2.0"
"ghc","","","","c/c++","20443","0","37563","6598","20845","16767","True","True","False","0.00004696","C","bsd-3-clause"
"litehtml","litehtml/litehtml","https://github.com/litehtml/litehtml.git","","c/c++","14504","0","0","0","0","14504","True","True","False","0.00004675","C","bsd-3-clause"
"dust","bootandy/dust","https://github.com/bootandy/dust.git","","rust","20314","0","23521","6878","21200","29660","True","False","False","0.00004666","C","apache-2.0"
"bundletool","google/bundletool","https://github.com/google/bundletool.git","","java","20188","0","29729","11107","20613","19303","True","False","False","0.00004637","C","apache-2.0"
"cdrtools","","","","c/c++","20148","0","54609","10318","8146","7520","True","True","False","0.00004628","C","cddl-1.0"
"talhelper","budimanjojo/talhelper","https://github.com/budimanjojo/talhelper.git","","go","20081","0","0","76","40763","19406","True","False","False","0.00004613","C","bsd-3-clause"
"libdicom","ImagingDataCommons/libdicom","https://github.com/imagingdatacommons/libdicom.git","","c/c++","17743","0","0","0","20219","15267","True","True","False","0.00004613","C","mit"
"pgcli","","","","c/c++","20036","0","43898","5053","17801","13394","True","True","False","0.00004602","C","bsd-3-clause"
"fswatch","emcrisostomo/fswatch","https://github.com/emcrisostomo/fswatch.git","","c/c++","20010","0","42241","4605","11954","21242","True","True","False","0.00004596","C","gpl-3.0-or-later and apache-2.0"
"pyright","microsoft/pyright","https://github.com/microsoft/pyright.git","","node","20009","0","21353","10746","27326","20612","True","False","False","0.00004596","C","mit"
"xcodes","XcodesOrg/xcodes","https://github.com/xcodesorg/xcodes.git","","c/c++","19974","0","2532","12970","24555","39839","True","True","False","0.00004588","C","mit"
"flyway","flyway/flyway","https://github.com/flyway/flyway.git","","java","19882","0","31164","9046","19452","19868","True","False","False","0.00004567","C","apache-2.0"
"swagger-codegen","swagger-api/swagger-codegen","https://github.com/swagger-api/swagger-codegen.git","","java","19856","0","28039","11453","24846","15086","True","False","False","0.00004561","C","apache-2.0"
"dpkg","","","","c/c++","19853","0","32977","9003","19650","17783","True","True","False","0.00004560","C","gpl-2.0-or-later"
"s3cmd","","","","c/c++","19854","0","45936","5951","17245","10286","True","True","False","0.00004560","C","gpl-2.0-or-later"
"boost-python3","boostorg/boost","https://github.com/boostorg/boost.git","","c/c++","19800","0","35180","8270","21233","14519","True","True","True","0.00004548","C","bsl-1.0"
"inetutils","","","","c/c++","19724","0","43908","5485","13856","15647","True","True","False","0.00004531","C","gpl-3.0-or-later"
"keyring","jaraco/keyring","https://github.com/jaraco/keyring.git","","c/c++","19655","0","0","6516","44924","7527","True","True","False","0.00004515","C","mit"
"yara","VirusTotal/yara","https://github.com/virustotal/yara.git","","c/c++","16123","0","28622","9426","15193","11252","True","True","True","0.00004507","C","bsd-3-clause"
"thefuck","nvbn/thefuck","https://github.com/nvbn/thefuck.git","","c/c++","19545","0","32490","7569","19556","18567","True","True","False","0.00004489","C","mit"
"cliclick","BlueM/cliclick","https://github.com/bluem/cliclick.git","","c/c++","19496","0","7517","2392","18308","49769","True","True","False","0.00004478","C","bsd-3-clause"
"percona-toolkit","","","","go","19384","0","8885","5051","36068","27533","True","False","False","0.00004452","C","gpl-2.0-only or artistic-1.0-perl"
"pulseaudio","","","","c/c++","19346","0","4227","10017","31191","31951","True","True","False","0.00004444","C","gpl-2.0-or-later and lgpl-2.1-or-later and bsd-3-clause"
"cppcheck","cppcheck-opensource/cppcheck","https://github.com/cppcheck-opensource/cppcheck.git","","c/c++","19255","0","26464","7777","20399","22383","True","True","True","0.00004423","C","gpl-3.0-or-later"
"avro-c","","","","c/c++","11134","0","26463","5372","5331","7371","True","True","False","0.00004400","C","apache-2.0"
"fetch","gruntwork-io/fetch","https://github.com/gruntwork-io/fetch.git","","go","19154","0","1418","9380","46928","18891","True","False","False","0.00004400","C","mit"
"hashcat","","","","python","19150","0","36918","6765","12660","20259","True","False","False","0.00004399","C","mit and lzma-sdk-9.22 and licenseref-homebrew-public-domain"
"cookiecutter","cookiecutter/cookiecutter","https://github.com/cookiecutter/cookiecutter.git","","c/c++","19133","0","20578","8967","31741","15246","True","True","False","0.00004395","C","bsd-3-clause"
"libunwind","libunwind/libunwind","https://github.com/libunwind/libunwind.git","","c/c++","18881","0","0","2073","15649","38923","True","True","True","0.00004337","C","mit"
"opam","ocaml/opam","https://github.com/ocaml/opam.git","","ocaml","18804","0","31367","8390","19274","16186","True","False","False","0.00004319","C","lgpl-2.1-only"
"wayland-protocols","","https://gitlab.freedesktop.org/wayland/wayland-protocols.git","","c/c++","18791","0","0","5599","26223","24551","True","True","False","0.00004316","C","mit"
"arpack","opencollab/arpack-ng","https://github.com/opencollab/arpack-ng.git","","c/c++","17884","0","39188","7736","14028","10584","True","True","False","0.00004312","C","bsd-3-clause"
"nodebrew","hokaccha/nodebrew","https://github.com/hokaccha/nodebrew.git","","c/c++","18748","0","43423","10684","12854","8031","True","True","False","0.00004306","C","mit"
"libproxy","libproxy/libproxy","https://github.com/libproxy/libproxy.git","","c/c++","18715","0","32214","9893","26124","6631","True","True","True","0.00004299","C","lgpl-2.1-or-later"
"zsh-async","mafredri/zsh-async","https://github.com/mafredri/zsh-async.git","","c/c++","8523","0","21625","3248","5140","4079","False","True","False","0.00004283","C","mit"
"node@24","","","","python","7601","0","0","0","0","7601","False","False","False","0.00004279","C","mit"
"caddy","caddyserver/caddy","https://github.com/caddyserver/caddy.git","","go","18576","0","22799","7607","17684","26217","True","False","False","0.00004267","C","apache-2.0"
"pytorch","pytorch/pytorch","https://github.com/pytorch/pytorch.git","","c/c++","18534","0","4592","6415","33336","29795","True","True","False","0.00004257","C","bsd-3-clause"
"dotnet@8","dotnet/dotnet","https://github.com/dotnet/dotnet.git","","c/c++","18450","0","0","0","4202","32699","True","True","False","0.00004238","C","mit"
"mysql-client@8.4","mysql/mysql-server","https://github.com/mysql/mysql-server.git","","c/c++","18420","0","0","0","14456","22385","True","True","True","0.00004231","C","gpl-2.0-only with universal-foss-exception-1.0"
"sane-backends","","","","c/c++","18368","0","5305","26364","31527","10276","True","True","False","0.00004219","C","gpl-2.0-or-later"
"gomplate","hairyhenderson/gomplate","https://github.com/hairyhenderson/gomplate.git","","go","18306","0","6447","1995","21639","43145","True","False","False","0.00004205","C","mit"
"libsmi","","","","c/c++","14327","0","32394","5470","10290","9157","True","True","False","0.00004205","C","tcl and bsd-3-clause and beerware"
"sdl2_mixer","libsdl-org/SDL_mixer","https://github.com/libsdl-org/sdl_mixer.git","","c/c++","18284","0","30178","5751","17335","19872","True","True","False","0.00004200","C","zlib"
"shaderc","google/shaderc","https://github.com/google/shaderc.git","","c/c++","15162","0","206","258","28283","31904","True","True","True","0.00004195","C","apache-2.0"
"localstack","","","","rust","18167","0","20771","10074","21310","20513","True","False","False","0.00004173","C","apache-2.0"
"libxkbcommon","xkbcommon/libxkbcommon","https://github.com/xkbcommon/libxkbcommon.git","","c/c++","18147","0","5826","5432","25506","35825","True","True","False","0.00004168","C","mit"
"libxv","","","","c/c++","17242","0","11506","8116","24080","25269","True","True","False","0.00004156","C","mit"
"aws-elasticbeanstalk","","","","rust","18079","0","26250","15830","16978","13258","True","False","False","0.00004153","C","apache-2.0"
"mypy","","","","rust","17956","0","9249","13038","33884","15653","True","False","False","0.00004124","C","mit"
"xsimd","xtensor-stack/xsimd","https://github.com/xtensor-stack/xsimd.git","","c/c++","10290","0","428","2200","19313","19221","False","True","False","0.00004121","C","bsd-3-clause"
"libxcursor","","","","c/c++","17057","0","15036","5875","24041","23279","True","True","False","0.00004113","C","mit"
"scala-cli","VirtusLab/scala-cli","https://github.com/virtuslab/scala-cli.git","","java","5","0","0","5","0","0","False","False","False","0.00004080","C","apache-2.0"
"confuse","libconfuse/libconfuse","https://github.com/libconfuse/libconfuse.git","","c/c++","13236","0","31714","4416","8650","8167","True","True","False","0.00004077","C","isc"
"streamlink","","","","c/c++","17736","0","24936","9460","20433","16118","True","True","False","0.00004074","C","bsd-2-clause"
"ideviceinstaller","libimobiledevice/ideviceinstaller","https://github.com/libimobiledevice/ideviceinstaller.git","","c/c++","17578","0","25641","8209","16830","19635","True","True","False","0.00004038","C","gpl-2.0-or-later"
"ssh-copy-id","","","","c/c++","17553","0","34861","9039","14084","12231","True","True","False","0.00004032","C","ssh-openssh"
"lazydocker","jesseduffield/lazydocker","https://github.com/jesseduffield/lazydocker.git","","go","17555","0","24003","6807","16987","22423","True","False","False","0.00004032","C","mit"
"libdrm","","","","c/c++","15776","0","0","5038","20604","21688","True","True","False","0.00004022","C","mit"
"daemontools","","","","c/c++","17509","0","68959","129","714","236","True","True","False","0.00004022","C","licenseref-homebrew-public-domain"
"groff","","","","c/c++","17499","0","39792","11004","12057","7144","True","True","False","0.00004019","C","gpl-3.0-or-later"
"pstoedit","woglu/pstoedit","https://github.com/woglu/pstoedit.git","","c/c++","16057","0","27007","4935","14014","18272","True","True","False","0.00004013","C","gpl-2.0-or-later"
"miniupnpc","miniupnp/miniupnp","https://github.com/miniupnp/miniupnp.git","","c/c++","14129","0","15385","3424","17030","20679","True","True","False","0.00004012","C","bsd-3-clause"
"dive","wagoodman/dive","https://github.com/wagoodman/dive.git","","go","17440","0","18603","9048","19147","22965","True","False","False","0.00004006","C","mit"
"zbar","","","","c/c++","17439","0","20811","8682","20322","19943","True","True","False","0.00004006","C","lgpl-2.1-only"
"pylint","","","","c/c++","17299","0","33676","6826","14822","13875","True","True","False","0.00003974","C","gpl-2.0-or-later"
"libxft","","","","c/c++","16754","0","39579","8676","8325","10438","True","True","False","0.00003969","C","mit"
"asciidoc","","","","c/c++","17255","0","8569","5196","25485","29771","True","True","False","0.00003963","C","gpl-2.0-or-later"
"freeglut","freeglut/freeglut","https://github.com/freeglut/freeglut.git","","c/c++","17176","0","13995","7137","25040","22535","True","True","False","0.00003945","C","mit"
"c-blosc","Blosc/c-blosc","https://github.com/blosc/c-blosc.git","","c/c++","14472","0","6569","2729","8514","40078","True","True","True","0.00003943","C","bsd-3-clause"
"cython","","","","c/c++","17067","0","27352","10989","15265","14662","True","True","False","0.00003920","C","apache-2.0"
"nodenv","nodenv/nodenv","https://github.com/nodenv/nodenv.git","","c/c++","17027","0","22935","11130","20377","13667","True","True","False","0.00003911","C","mit"
"upx","upx/upx","https://github.com/upx/upx.git","","c/c++","17009","0","36241","9839","11414","10545","True","True","True","0.00003907","C","gpl-2.0-or-later"
"appstream","ximion/appstream","https://github.com/ximion/appstream.git","","c/c++","15257","0","0","0","14021","16493","True","True","False","0.00003902","C","lgpl-2.1-or-later"
"lm-sensors","hramrach/lm-sensors","https://github.com/hramrach/lm-sensors.git","","c/c++","16968","0","0","6745","20567","23594","True","True","False","0.00003898","C","gpl-2.0-or-later or lgpl-2.1-or-later"
"dwarfutils","","","","c/c++","7947","0","2402","481","7670","21235","False","True","False","0.00003879","C","bsd-2-clause and lgpl-2.1-or-later and gpl-2.0-or-later"
"cmatrix","abishekvashok/cmatrix","https://github.com/abishekvashok/cmatrix.git","","c/c++","16775","0","27317","7673","15198","16912","True","True","False","0.00003853","C","gpl-3.0-or-later"
"prometheus","prometheus/prometheus","https://github.com/prometheus/prometheus.git","","go","16733","0","26721","6884","16898","16429","True","False","False","0.00003844","C","apache-2.0"
"dependency-check","dependency-check/DependencyCheck","https://github.com/dependency-check/dependencycheck.git","","java","16699","0","20044","6570","18944","21239","True","False","False","0.00003836","C","apache-2.0"
"freeimage","","","","c/c++","16639","0","17785","8388","20117","20267","True","True","False","0.00003822","C","freeimage"
"gtksourceview4","","","","c/c++","15922","0","39232","5317","11702","7440","True","True","False","0.00003821","C","lgpl-2.1-or-later"
"difftastic","Wilfred/difftastic","https://github.com/wilfred/difftastic.git","","rust","16490","0","20154","6193","21026","18588","True","False","False","0.00003788","C","mit"
"gzip","","","","c/c++","16483","0","16479","8650","24184","16621","True","True","False","0.00003786","C","gpl-3.0-or-later"
"clamav","Cisco-Talos/clamav","https://github.com/cisco-talos/clamav.git","","rust","16475","0","23659","8810","15936","17498","True","False","False","0.00003784","C","gpl-2.0-or-later"
"libscrypt","technion/libscrypt","https://github.com/technion/libscrypt.git","","c/c++","8959","0","23023","2816","4725","5274","False","True","False","0.00003778","C","bsd-2-clause"
"php-cs-fixer","PHP-CS-Fixer/PHP-CS-Fixer","https://github.com/php-cs-fixer/php-cs-fixer.git","","c/c++","16368","0","26881","9320","15297","13976","True","True","False","0.00003760","C","mit"
"figlet","","","","c/c++","16308","0","43178","4946","7347","9761","True","True","False","0.00003746","C","bsd-3-clause"
"autoconf-archive","","","","c/c++","16258","0","12364","4416","14816","33439","True","True","False","0.00003734","C","gpl-3.0-or-later"
"llvm@16","llvm/llvm-project","https://github.com/llvm/llvm-project.git","","c/c++","16219","0","0","10904","27319","10436","True","True","True","0.00003725","C","apache-2.0 with llvm-exception"
"libxxf86vm","","","","c/c++","13234","0","12259","6864","17834","15982","True","True","False","0.00003710","C","mit"
"apache-serf","","","","c/c++","0","0","0","0","0","0","False","True","False","0.00003703","C","apache-2.0"
"gtk-mac-integration","","","","c/c++","15394","0","24443","4835","19691","12608","True","True","False","0.00003697","C","lgpl-2.1-only"
"cdk8s","","","","node","16076","0","19908","9139","13006","22251","True","False","False","0.00003693","C","apache-2.0"
"ugrep","Genivia/ugrep","https://github.com/genivia/ugrep.git","","c/c++","16048","0","4474","3044","22866","33809","True","True","False","0.00003686","C","bsd-3-clause"
"ossp-uuid","","","","c/c++","15993","0","17749","7801","17918","20504","True","True","False","0.00003674","C","bsd-1-clause"
"libftdi","","","","c/c++","12942","0","29730","4906","8949","8183","True","True","False","0.00003661","C","lgpl-2.1-only"
"exercism","exercism/cli","https://github.com/exercism/cli.git","","go","15931","0","24094","5945","20507","13178","True","False","False","0.00003659","C","mit"
"aws-vault","ByteNess/aws-vault","https://github.com/byteness/aws-vault.git","","go","15742","0","20357","7397","9595","25622","True","False","False","0.00003616","C","mit"
"commitizen","","","","rust","15616","0","19573","8233","18791","15867","True","False","False","0.00003587","C","mit"
"minio-mc","minio/mc","https://github.com/minio/mc.git","","go","15603","0","20015","9308","20009","13081","True","False","False","0.00003584","C","agpl-3.0-or-later"
"bind","","","","c/c++","15549","0","19889","6912","15786","19610","True","True","False","0.00003572","C","mpl-2.0"
"cowsay","cowsay-org/cowsay","https://github.com/cowsay-org/cowsay.git","","c/c++","15542","0","21686","4870","12595","23020","True","True","False","0.00003570","C","gpl-3.0-only"
"libptytty","","","","c/c++","3301","0","0","0","0","3301","False","True","False","0.00003569","C","gpl-2.0-or-later"
"libebml","","","","c/c++","6385","0","16662","1940","4406","2534","False","True","False","0.00003554","C","lgpl-2.1-or-later"
"texlive","","","","java","15439","0","18705","7727","18588","16739","True","False","False","0.00003546","C","licenseref-homebrew-cannot-represent"
"ta-lib","ta-lib/ta-lib","https://github.com/ta-lib/ta-lib.git","","c/c++","15409","0","15438","5505","15359","25334","True","True","False","0.00003539","C","bsd-3-clause"
"git-flow","nvie/gitflow","https://github.com/nvie/gitflow.git","","c/c++","15340","0","29795","5565","11228","14773","True","True","False","0.00003524","C","bsd-2-clause"
"libiscsi","sahlberg/libiscsi","https://github.com/sahlberg/libiscsi.git","","c/c++","10397","0","14709","3327","12146","11408","False","True","False","0.00003523","C","licenseref-homebrew-public-domain and lgpl-2.1-or-later and gpl-2.0-or-later"
"awk","onetrueawk/awk","https://github.com/onetrueawk/awk.git","","c/c++","15332","0","17570","5831","16899","21029","True","True","False","0.00003522","C","smlnj"
"bash-completion@2","scop/bash-completion","https://github.com/scop/bash-completion.git","","c/c++","15235","0","18035","3602","21850","17454","True","True","False","0.00003499","C","gpl-2.0-or-later"
"iperf","","","","c/c++","15189","0","30040","6315","15656","8747","True","True","False","0.00003489","C","bsd-3-clause"
"aircrack-ng","","","","c/c++","15187","0","33968","6213","10355","10213","True","True","False","0.00003488","C","bsd-3-clause and gpl-2.0-or-later and (gpl-2.0-or-later with cryptsetup-openssl-exception)"
"libnet","libnet/libnet","https://github.com/libnet/libnet.git","","c/c++","15129","0","32480","6820","13681","7538","True","True","False","0.00003475","C","bsd-2-clause"
"tesseract-lang","tesseract-ocr/tessdata_fast","https://github.com/tesseract-ocr/tessdata_fast.git","","c/c++","15120","0","12861","4719","13539","29363","True","True","False","0.00003473","C","apache-2.0"
"sdl12-compat","libsdl-org/sdl12-compat","https://github.com/libsdl-org/sdl12-compat.git","","c/c++","15111","0","32922","9894","9634","7997","True","True","False","0.00003471","C","zlib and mit-0"
"goreleaser","goreleaser/goreleaser","https://github.com/goreleaser/goreleaser.git","","go","15102","0","19682","6966","15730","18032","True","False","False","0.00003469","C","mit"
"bottom","ClementTsang/bottom","https://github.com/clementtsang/bottom.git","","rust","15093","0","13002","12171","14663","20539","True","False","False","0.00003467","C","mit"
"pngquant","","","","rust","13602","0","19518","5774","12553","16563","True","False","False","0.00003453","C","gpl-3.0-or-later and hpnd and bsd-2-clause"
"cgns","CGNS/CGNS","https://github.com/cgns/cgns.git","","c/c++","11781","0","208","277","8544","38096","True","True","False","0.00003450","C","bsd-3-clause"
"binwalk","ReFirmLabs/binwalk","https://github.com/refirmlabs/binwalk.git","","rust","15010","0","27193","5091","16027","11732","True","False","False","0.00003448","C","mit"
"mupdf","","","","c/c++","14943","0","12239","6645","16597","24293","True","True","False","0.00003432","C","agpl-3.0-or-later"
"glow","charmbracelet/glow","https://github.com/charmbracelet/glow.git","","go","14843","0","12084","6635","13631","27025","True","False","False","0.00003409","C","mit"
"golang-migrate","golang-migrate/migrate","https://github.com/golang-migrate/migrate.git","","go","14836","0","17715","8490","17726","15414","True","False","False","0.00003408","C","mit"
"swift-protobuf","apple/swift-protobuf","https://github.com/apple/swift-protobuf.git","","c/c++","14695","0","12499","4072","15279","26930","True","True","False","0.00003375","C","apache-2.0"
"geckodriver","mozilla/geckodriver","https://github.com/mozilla/geckodriver.git","","rust","14695","0","34732","6134","9212","8703","True","False","False","0.00003375","C","mpl-2.0"
"cscope","","","","c/c++","7695","0","21651","2529","3494","3109","False","True","False","0.00003374","C","bsd-3-clause"
"libgphoto2","","","","c/c++","14679","0","8122","19106","22993","8498","True","True","False","0.00003372","C","lgpl-2.1-or-later"
"xorg-server","","","","c/c++","14615","0","318","623","27086","30435","True","True","False","0.00003357","C","mit and apsl-2.0"
"podman-compose","containers/podman-compose","https://github.com/containers/podman-compose.git","","c/c++","14608","0","8553","6009","15306","28565","True","True","False","0.00003355","C","gpl-2.0-only"
"julia","JuliaLang/julia","https://github.com/julialang/julia.git","","c/c++","14603","0","21029","7984","16336","13066","True","True","False","0.00003354","C","mit and bsd-3-clause and apache-2.0 and bsl-1.0"
"openssl@3.5","openssl/openssl","https://github.com/openssl/openssl.git","","c/c++","14599","0","0","0","0","14599","True","True","True","0.00003353","C","apache-2.0"
"clojure","clojure/brew-install","https://github.com/clojure/brew-install.git","","java","14584","0","27565","8655","11863","10255","True","False","False","0.00003350","C","epl-1.0"
"protoc-gen-go","protocolbuffers/protobuf-go","https://github.com/protocolbuffers/protobuf-go.git","","go","14579","0","20236","6343","16524","15213","True","False","False","0.00003349","C","bsd-3-clause"
"lychee","lycheeverse/lychee","https://github.com/lycheeverse/lychee.git","","rust","14499","0","763","4328","24405","28501","True","False","False","0.00003330","C","apache-2.0 or mit"
"ktlint","ktlint/ktlint","https://github.com/ktlint/ktlint.git","","java","14468","0","19502","7469","19830","11071","True","False","False","0.00003323","C","mit"
"cargo-c","lu-zero/cargo-c","https://github.com/lu-zero/cargo-c.git","","rust","14445","0","18036","7087","18038","14621","True","False","False","0.00003318","C","mit"
"swift-sh","mxcl/swift-sh","https://github.com/mxcl/swift-sh.git","","c/c++","14401","0","999","230","20781","35596","True","True","False","0.00003308","C","unlicense"
"cppzmq","zeromq/cppzmq","https://github.com/zeromq/cppzmq.git","","c/c++","14008","0","15995","6957","14444","18637","True","True","False","0.00003303","C","mit"
"azcopy","Azure/azure-storage-azcopy","https://github.com/azure/azure-storage-azcopy.git","","go","14334","0","14852","13370","13784","15331","True","False","False","0.00003292","C","mit"
"libxpm","","","","c/c++","14284","0","17292","5696","15799","18351","True","True","False","0.00003281","C","mit"
"fontforge","fontforge/fontforge","https://github.com/fontforge/fontforge.git","","c/c++","14282","0","29809","9134","7265","10920","True","True","False","0.00003281","C","gpl-3.0-or-later"
"plotutils","","","","c/c++","11285","0","19308","4272","10705","10858","True","True","False","0.00003274","C","gpl-3.0-or-later"
"bear","rizsotto/Bear","https://github.com/rizsotto/bear.git","","rust","14247","0","12537","7672","18646","18136","True","False","False","0.00003272","C","gpl-3.0-or-later"
"libadwaita","","","","c/c++","14240","0","5654","3040","23048","25219","True","True","False","0.00003271","C","lgpl-2.1-or-later"
"samba","","","","c/c++","14201","0","14533","6128","15894","20249","True","True","False","0.00003262","C","gpl-3.0-or-later"
"kcov","SimonKagstrom/kcov","https://github.com/simonkagstrom/kcov.git","","c/c++","14106","0","204","285","15079","40856","True","True","False","0.00003240","C","gpl-2.0-or-later"
"avrdude","avrdudes/avrdude","https://github.com/avrdudes/avrdude.git","","c/c++","14103","0","26089","6047","14896","9380","True","True","False","0.00003239","C","gpl-2.0-or-later"
"passt","","","","c/c++","14058","0","0","0","3367","24749","True","True","False","0.00003229","C","gpl-2.0-or-later and bsd-3-clause"
"velero","velero-io/velero","https://github.com/velero-io/velero.git","","go","14029","0","16213","5313","16409","18183","True","False","False","0.00003222","C","apache-2.0"
"mad","","https://codeberg.org/tenacityteam/libmad.git","","c/c++","11598","0","21463","4585","9707","10639","True","True","False","0.00003194","C","gpl-2.0-or-later"
"netcat","","","","c/c++","13851","0","23177","5955","13007","13267","True","True","False","0.00003182","C","gpl-2.0-or-later"
"aider","","","","rust","13790","0","0","0","5496","22084","True","False","False","0.00003168","C","apache-2.0"
"hadolint","hadolint/hadolint","https://github.com/hadolint/hadolint.git","","haskell","13724","0","16381","6692","13026","18799","True","False","False","0.00003152","C","gpl-3.0-only"
"libharu","libharu/libharu","https://github.com/libharu/libharu.git","","c/c++","10428","0","1454","311","5905","34045","False","True","False","0.00003139","C","zlib"
"rename","ap/rename","https://github.com/ap/rename.git","","c/c++","13654","0","27675","7294","10548","9099","True","True","False","0.00003136","C","artistic-1.0-perl or gpl-1.0-or-later"
"expect","","","","c/c++","13625","0","13649","4841","11904","24109","True","True","False","0.00003130","C","licenseref-homebrew-public-domain"
"vite","","","","node","13598","0","9519","5266","18612","20996","True","False","False","0.00003123","C","mit"
"faudio","FNA-XNA/FAudio","https://github.com/fna-xna/faudio.git","","c/c++","13510","0","2069","18783","26124","7066","True","True","False","0.00003103","C","zlib"
"dvc","","","","rust","13473","0","18391","14416","13169","7916","True","False","False","0.00003095","C","apache-2.0"
"minicom","","","","c/c++","13464","0","18092","4461","15335","15970","True","True","False","0.00003093","C","gpl-2.0-or-later"
"gum","charmbracelet/gum","https://github.com/charmbracelet/gum.git","","go","13445","0","7214","5028","16864","24675","True","False","False","0.00003088","C","mit"
"xcb-proto","","","","python","13346","0","19586","4705","11876","17220","True","False","False","0.00003066","C","mit"
"valgrind","","https://sourceware.org/pub/valgrind/valgrind-3.27.1.tar.bz2","","c/c++","13339","0","157","13112","28325","11765","True","True","False","0.00003064","C","gpl-2.0-or-later"
"dfu-util","","","","c/c++","13282","0","25349","4870","10265","12646","True","True","False","0.00003051","C","gpl-2.0-or-later"
"ladspa-sdk","","","","c/c++","13281","0","0","3939","16685","19219","True","True","False","0.00003051","C","lgpl-2.1-only"
"libxmlb","hughsie/libxmlb","https://github.com/hughsie/libxmlb.git","","c/c++","10382","0","0","98","16290","14758","False","True","False","0.00003048","C","lgpl-2.1-or-later"
"mysql-client@8.0","mysql/mysql-server","https://github.com/mysql/mysql-server.git","","c/c++","13232","0","0","399","23628","15670","True","True","True","0.00003039","C","gpl-2.0-only with universal-foss-exception-1.0"
"gedit","","https://gitlab.gnome.org/world/gedit/gedit.git","","c/c++","13216","0","24592","6023","14012","8237","True","True","False","0.00003036","C","gpl-2.0-or-later"
"python-tk@3.14","","","","c/c++","13199","0","0","0","0","13199","True","True","False","0.00003032","C","python-2.0"
"swi-prolog","","","","c/c++","13202","0","23844","3093","17751","8123","True","True","False","0.00003032","C","bsd-2-clause"
"screen","","","","c/c++","13170","0","21856","6313","11628","12884","True","True","False","0.00003025","C","gpl-3.0-or-later"
"linux-pam","linux-pam/linux-pam","https://github.com/linux-pam/linux-pam.git","","c/c++","13151","0","0","5009","16421","18023","True","True","False","0.00003021","C","bsd-3-clause or gpl-1.0-only"
"qcachegrind","","","","c/c++","13147","0","22589","6370","13339","10293","True","True","False","0.00003020","C","gpl-2.0-or-later"
"mycli","","","","rust","13144","0","18636","5412","11616","16913","True","False","False","0.00003019","C","bsd-3-clause"
"topgrade","topgrade-rs/topgrade","https://github.com/topgrade-rs/topgrade.git","","rust","13107","0","20794","5458","9861","16317","True","False","False","0.00003011","C","gpl-3.0-or-later"
"spice-gtk","","","","c/c++","12379","0","24624","8495","10929","5469","True","True","False","0.00003007","C","gpl-2.0-or-later and lgpl-2.1-or-later and bsd-3-clause"
"overmind","DarthSim/overmind","https://github.com/darthsim/overmind.git","","go","13060","0","14282","3712","7608","26639","True","False","False","0.00003000","C","mit"
"ast-grep","ast-grep/ast-grep","https://github.com/ast-grep/ast-grep.git","","rust","13035","0","0","1421","12610","25076","True","False","False","0.00002994","C","mit"
"nuget","","","","dotnet","13030","0","11023","3972","16341","20786","True","False","False","0.00002993","C","mit"
"lynx","","","","c/c++","13002","0","16309","6335","12358","17009","True","True","False","0.00002987","C","gpl-2.0-only"
"cassandra","","","","java","12985","0","25612","6893","11518","7917","True","False","False","0.00002983","C","apache-2.0"
"ethereum","ethereum/go-ethereum","https://github.com/ethereum/go-ethereum.git","","go","12985","0","26787","6455","10762","7938","True","False","False","0.00002983","C","lgpl-3.0-or-later"
"renovate","renovatebot/renovate","https://github.com/renovatebot/renovate.git","","node","12979","0","0","2834","15951","20153","True","False","False","0.00002981","C","agpl-3.0-only"
"stow","","","","c/c++","12954","0","8769","2390","20995","19665","True","True","False","0.00002976","C","gpl-3.0-or-later"
"grype","anchore/grype","https://github.com/anchore/grype.git","","go","12953","0","0","1911","14380","22568","True","False","False","0.00002975","C","apache-2.0"
"libmms","","","","c/c++","2855","0","518","3300","4128","3476","False","True","False","0.00002974","C","lgpl-2.1-or-later"
"capnp","capnproto/capnproto","https://github.com/capnproto/capnproto.git","","c/c++","12884","0","7529","10292","16262","17455","True","True","True","0.00002959","C","mit"
"spirv-headers","KhronosGroup/SPIRV-Headers","https://github.com/khronosgroup/spirv-headers.git","","c/c++","4096","0","175","678","1658","13875","False","True","False","0.00002958","C","mit"
"testdisk","","","","c/c++","12848","0","14481","4607","13110","19196","True","True","False","0.00002951","C","gpl-2.0-or-later"
"libserdes","confluentinc/libserdes","https://github.com/confluentinc/libserdes.git","","c/c++","10204","0","27744","2333","3243","7497","False","True","False","0.00002939","C","apache-2.0"
"oras","oras-project/oras","https://github.com/oras-project/oras.git","","go","12777","0","2107","2504","9956","36542","True","False","False","0.00002935","C","apache-2.0"
"mariadb-connector-c","","","","c/c++","12770","0","8664","3189","10365","28865","True","True","False","0.00002933","C","lgpl-2.1-or-later"
"stoken","stoken-dev/stoken","https://github.com/stoken-dev/stoken.git","","c/c++","9621","0","21781","3807","6729","6170","False","True","False","0.00002923","C","lgpl-2.1-or-later"
"pdm","","","","c/c++","12718","0","11552","6323","18862","14138","True","True","False","0.00002921","C","mit"
"bullet","bulletphysics/bullet3","https://github.com/bulletphysics/bullet3.git","","c/c++","12684","0","11894","6705","16597","15543","True","True","False","0.00002913","C","zlib"
"python-lsp-server","python-lsp/python-lsp-server","https://github.com/python-lsp/python-lsp-server.git","","rust","12637","0","584","10770","28228","10967","True","False","False","0.00002903","C","mit"
"flann","flann-lib/flann","https://github.com/flann-lib/flann.git","","c/c++","12627","0","13817","6675","15872","14144","True","True","False","0.00002900","C","bsd-3-clause"
"libgccjit","","","","c/c++","12589","0","20530","6542","11696","11589","True","True","False","0.00002892","C","gpl-3.0-or-later with gcc-exception-3.1"
"talloc","","","","c/c++","7190","0","11019","3899","7241","6601","False","True","False","0.00002887","C","gpl-3.0-or-later"
"httrack","xroche/httrack","https://github.com/xroche/httrack.git","","c/c++","12480","0","19406","5546","11883","13085","True","True","True","0.00002867","C","gpl-3.0-or-later with openvpn-openssl-exception"
"go-md2man","cpuguy83/go-md2man","https://github.com/cpuguy83/go-md2man.git","","go","12472","0","12877","6461","10601","19949","True","False","False","0.00002865","C","mit"
"operator-sdk","operator-framework/operator-sdk","https://github.com/operator-framework/operator-sdk.git","","go","12464","0","25160","6157","11121","7420","True","False","False","0.00002863","C","apache-2.0"
"zabbix","","","","c/c++","12416","0","37032","8394","2484","1757","True","True","False","0.00002852","C","agpl-3.0-only"
"dbmate","amacneil/dbmate","https://github.com/amacneil/dbmate.git","","go","12356","0","5031","1645","13691","29058","True","False","False","0.00002838","C","mit"
"usb.ids","","","","c/c++","11244","0","21964","3912","10718","8385","True","True","False","0.00002836","C","gpl-2.0-or-later or bsd-3-clause"
"mesa-glu","","https://gitlab.freedesktop.org/mesa/glu.git","","c/c++","12346","0","2856","5374","23561","17594","True","True","False","0.00002836","C","sgi-b-1.1 and sgi-b-2.0"
"solidity","argotorg/solidity","https://github.com/argotorg/solidity.git","","c/c++","12282","0","22513","6204","9758","10654","True","True","False","0.00002821","C","gpl-3.0-or-later and mit and bsd-3-clause and apache-2.0 and cc0-1.0"
"buildifier","bazelbuild/buildtools","https://github.com/bazelbuild/buildtools.git","","go","12279","0","9693","15474","12489","11462","True","False","False","0.00002820","C","apache-2.0"
"infracost","infracost/cli","https://github.com/infracost/cli.git","","go","12243","0","24559","8024","10656","5735","True","False","False","0.00002812","C","apache-2.0"
"libva","intel/libva","https://github.com/intel/libva.git","","c/c++","12230","0","0","6552","22536","7604","True","True","False","0.00002809","C","mit"
"talosctl","siderolabs/talos","https://github.com/siderolabs/talos.git","","go","12224","0","0","0","2136","22312","True","False","False","0.00002808","C","mpl-2.0"
"kcat","edenhill/kcat","https://github.com/edenhill/kcat.git","","c/c++","12189","0","23809","4309","7431","13207","True","True","False","0.00002800","C","bsd-2-clause"
"onigmo","k-takata/Onigmo","https://github.com/k-takata/onigmo.git","","c/c++","17","0","0","0","0","17","False","True","False","0.00002799","C","bsd-2-clause"
"snyk-cli","","","","node","12182","0","0","0","9204","15160","True","False","False","0.00002798","C","apache-2.0"
"libseccomp","seccomp/libseccomp","https://github.com/seccomp/libseccomp.git","","c/c++","9614","0","0","1204","6098","21541","False","True","False","0.00002786","C","lgpl-2.1-only"
"gopls","golang/tools","https://github.com/golang/tools.git","","go","12112","0","16148","5980","12920","13403","True","False","False","0.00002782","C","bsd-3-clause"
"sshpass","","","","c/c++","12072","0","310","61","20482","27435","True","True","False","0.00002773","C","gpl-2.0-only"
"libxdamage","","","","c/c++","12061","0","15497","6962","14772","11013","True","True","False","0.00002770","C","mit"
"re2c","skvadrik/re2c","https://github.com/skvadrik/re2c.git","","c/c++","12046","0","17015","5831","10444","14897","True","True","False","0.00002767","C","licenseref-homebrew-public-domain"
"pwgen","","","","c/c++","11964","0","22142","5376","11113","9227","True","True","False","0.00002748","C","gpl-2.0-only"
"osinfo-db","","","","c/c++","10134","0","22726","4717","8116","4979","False","True","False","0.00002744","C","gpl-2.0-or-later"
"licenseplist","mono0926/LicensePlist","https://github.com/mono0926/licenseplist.git","","c/c++","11948","0","713","9053","26161","11867","True","True","False","0.00002744","C","mit"
"ipopt","coin-or/Ipopt","https://github.com/coin-or/ipopt.git","","java","11926","0","12435","5105","15315","14849","True","False","False","0.00002739","C","epl-2.0"
"spaceship","spaceship-prompt/spaceship-prompt","https://github.com/spaceship-prompt/spaceship-prompt.git","","c/c++","11910","0","29046","4595","8328","5672","True","True","False","0.00002736","C","mit"
"tealdeer","tealdeer-rs/tealdeer","https://github.com/tealdeer-rs/tealdeer.git","","rust","11901","0","5887","1508","10903","29309","True","False","False","0.00002734","C","apache-2.0 or mit"
"go@1.21","","","","go","11900","0","0","0","17286","6515","True","False","False","0.00002733","C","bsd-3-clause"
"postgresql@18","","","","c/c++","11884","0","0","0","0","11884","True","True","False","0.00002730","C","postgresql"
"arduino-cli","arduino/arduino-cli","https://github.com/arduino/arduino-cli.git","","go","11852","0","16833","6324","13712","10540","True","False","False","0.00002722","C","gpl-3.0-only"
"asciidoctor","asciidoctor/asciidoctor","https://github.com/asciidoctor/asciidoctor.git","","c/c++","11846","0","16857","5371","15905","9252","True","True","False","0.00002721","C","mit"
"libtatsu","libimobiledevice/libtatsu","https://github.com/libimobiledevice/libtatsu.git","","c/c++","4412","0","0","0","739","8086","False","True","False","0.00002719","C","lgpl-2.1-or-later"
"slirp4netns","rootless-containers/slirp4netns","https://github.com/rootless-containers/slirp4netns.git","","c/c++","11831","0","0","1345","7331","26819","True","True","False","0.00002718","C","gpl-2.0-or-later"
"llvm@17","llvm/llvm-project","https://github.com/llvm/llvm-project.git","","c/c++","11826","0","0","0","19069","4584","True","True","True","0.00002716","C","apache-2.0 with llvm-exception"
"procs","dalance/procs","https://github.com/dalance/procs.git","","rust","11824","0","23357","2765","11827","9349","True","False","False","0.00002716","C","mit"
"hadoop","","","","java","11802","0","22390","5518","11470","7832","True","False","False","0.00002711","C","apache-2.0"
"transmission-cli","transmission/transmission","https://github.com/transmission/transmission.git","","c/c++","11778","0","10914","8655","13822","13723","True","True","False","0.00002705","C","gpl-2.0-only or gpl-3.0-only"
"tlrc","tldr-pages/tlrc","https://github.com/tldr-pages/tlrc.git","","rust","11737","0","0","0","8229","15245","True","False","False","0.00002696","C","mit"
"conftest","open-policy-agent/conftest","https://github.com/open-policy-agent/conftest.git","","go","11720","0","7580","3670","17802","17830","True","False","False","0.00002692","C","apache-2.0"
"virt-manager","","","","c/c++","11712","0","15727","5203","14413","11508","True","True","False","0.00002690","C","gpl-2.0-or-later"
"go@1.24","","","","go","11698","0","0","0","0","11698","True","False","False","0.00002687","C","bsd-3-clause"
"jsonnet","google/jsonnet","https://github.com/google/jsonnet.git","","c/c++","11693","0","13208","4290","11616","17659","True","True","True","0.00002686","C","apache-2.0"
"asciinema","asciinema/asciinema","https://github.com/asciinema/asciinema.git","","rust","11631","0","20758","6453","7369","11945","True","False","False","0.00002672","C","gpl-3.0-only"
"magic-wormhole","","","","rust","11624","0","11574","6157","15264","13504","True","False","False","0.00002670","C","mit"
"crystal","crystal-lang/crystal","https://github.com/crystal-lang/crystal.git","","c/c++","11626","0","16579","6078","13032","10816","True","True","False","0.00002670","C","apache-2.0"
"xinput","","https://gitlab.freedesktop.org/xorg/app/xinput.git","","c/c++","11586","0","476","7815","21622","16434","True","True","False","0.00002661","C","mit"
"haskell-stack","commercialhaskell/stack","https://github.com/commercialhaskell/stack.git","","haskell","11575","0","22186","6253","10427","7434","True","False","False","0.00002659","C","bsd-3-clause"
"fx","antonmedv/fx","https://github.com/antonmedv/fx.git","","go","11544","0","10630","6917","11402","17227","True","False","False","0.00002652","C","mit"
"wavpack","","","","c/c++","9771","0","4937","1952","16852","15345","False","True","False","0.00002641","C","bsd-3-clause"
"kube-ps1","jonmosco/kube-ps1","https://github.com/jonmosco/kube-ps1.git","","c/c++","11470","0","24440","5657","9844","5941","True","True","False","0.00002635","C","apache-2.0"
"swift-format","swiftlang/swift-format","https://github.com/swiftlang/swift-format.git","","c/c++","11462","0","4830","4686","16748","19587","True","True","False","0.00002633","C","apache-2.0"
"sccache","mozilla/sccache","https://github.com/mozilla/sccache.git","","rust","11438","0","6131","13290","13914","12419","True","False","False","0.00002627","C","apache-2.0"
"rpm","rpm-software-management/rpm","https://github.com/rpm-software-management/rpm.git","","rust","11411","0","24523","4887","8603","7634","True","False","False","0.00002621","C","gpl-2.0-or-later and lgpl-2.0-or-later"
"tox","","","","c/c++","11403","0","18144","8213","11540","7715","True","True","False","0.00002619","C","mit"
"fig2dev","","","","c/c++","10470","0","17540","5519","9164","9659","False","True","False","0.00002609","C","mit"
"llvm@21","llvm/llvm-project","https://github.com/llvm/llvm-project.git","","c/c++","0","0","0","0","0","0","False","True","True","0.00002609","C","apache-2.0 with llvm-exception"
"qrupdate","","https://gitlab.mpi-magdeburg.mpg.de/koehlerm/qrupdate-ng.git","","c/c++","10442","0","29377","3478","5163","3751","False","True","False","0.00002602","C","gpl-3.0-or-later"
"gimme-aws-creds","Nike-Inc/gimme-aws-creds","https://github.com/nike-inc/gimme-aws-creds.git","","c/c++","11289","0","18222","8374","12716","5845","True","True","False","0.00002593","C","apache-2.0"
"krew","kubernetes-sigs/krew","https://github.com/kubernetes-sigs/krew.git","","go","11275","0","13461","6183","11135","14323","True","False","False","0.00002590","C","apache-2.0"
"libultrahdr","google/libultrahdr","https://github.com/google/libultrahdr.git","","c/c++","9171","0","0","0","50","18293","False","True","True","0.00002585","C","apache-2.0"
"libdvdcss","","","","c/c++","7602","0","12307","2681","4974","10449","False","True","False","0.00002583","C","gpl-2.0-or-later"
"selenium-server","SeleniumHQ/selenium","https://github.com/seleniumhq/selenium.git","","java","11225","0","16922","4902","13642","9437","True","False","False","0.00002578","C","apache-2.0"
"phpmyadmin","","","","c/c++","11212","0","21345","5229","8051","10226","True","True","False","0.00002575","C","gpl-2.0-only and gpl-2.0-or-later and bsd-2-clause and bsd-3-clause and cc-by-3.0 and isc and lgpl-3.0-only and mit and mpl-2.0 and licenseref-homebrew-public-domain"
"okta-aws-cli","okta/okta-aws-cli","https://github.com/okta/okta-aws-cli.git","","go","11163","0","0","1860","6281","25349","True","False","False","0.00002564","C","apache-2.0"
"gping","orf/gping","https://github.com/orf/gping.git","","rust","11160","0","17939","7214","11425","8065","True","False","False","0.00002563","C","mit"
"etcd","etcd-io/etcd","https://github.com/etcd-io/etcd.git","","go","11137","0","14383","5513","12686","11966","True","False","False","0.00002558","C","apache-2.0"
"platformio","","","","c/c++","11132","0","16834","5748","11717","10231","True","True","False","0.00002557","C","apache-2.0"
"liquibase","liquibase/liquibase","https://github.com/liquibase/liquibase.git","","java","11133","0","15616","5863","12465","10590","True","False","False","0.00002557","C","apache-2.0"
"step","smallstep/cli","https://github.com/smallstep/cli.git","","go","11084","0","16073","4976","13646","9641","True","False","False","0.00002546","C","apache-2.0"
"gallery-dl","","https://codeberg.org/mikf/gallery-dl.git","","c/c++","11075","0","6849","3907","12740","20806","True","True","False","0.00002544","C","gpl-2.0-only"
"libtomcrypt","libtom/libtomcrypt","https://github.com/libtom/libtomcrypt.git","","c/c++","258","0","188","145","206","496","False","True","False","0.00002542","C","unlicense"
"lnav","tstack/lnav","https://github.com/tstack/lnav.git","","rust","11060","0","13833","3131","13124","14152","True","False","False","0.00002540","C","bsd-2-clause"
"libvirt-python","","","","c/c++","10341","0","0","0","9809","10873","False","True","False","0.00002539","C","lgpl-2.1-or-later"
"tomcat@9","","","","java","11045","0","18115","5847","10840","9381","True","False","False","0.00002537","C","apache-2.0"
"websocat","vi/websocat","https://github.com/vi/websocat.git","","rust","11025","0","15860","3885","11911","12446","True","False","False","0.00002532","C","mit"
"lld@19","llvm/llvm-project","https://github.com/llvm/llvm-project.git","","c/c++","10973","0","0","0","0","10973","True","True","True","0.00002520","C","apache-2.0 with llvm-exception"
"libplacebo","","https://code.videolan.org/videolan/libplacebo.git","","c/c++","8416","0","332","985","19228","13120","False","True","False","0.00002517","C","lgpl-2.1-or-later"
"dysk","Canop/dysk","https://github.com/canop/dysk.git","","rust","10932","0","0","43","5202","27551","True","False","False","0.00002511","C","mit"
"duktape","svaarala/duktape","https://github.com/svaarala/duktape.git","","c/c++","2971","0","437","3685","5956","1807","False","True","False","0.00002509","C","mit"
"gnuradio","gnuradio/gnuradio","https://github.com/gnuradio/gnuradio.git","","c/c++","10910","0","14976","5858","12796","10010","True","True","False","0.00002506","C","gpl-3.0-or-later"
"pigz","","","","c/c++","10901","0","15396","4308","6595","17306","True","True","False","0.00002504","C","zlib"
"gitui","gitui-org/gitui","https://github.com/gitui-org/gitui.git","","rust","10872","0","12391","6968","15760","8369","True","False","False","0.00002497","C","mit"
"libassuan@2","","","","c/c++","10799","0","0","0","18734","2865","True","True","False","0.00002481","C","lgpl-2.1-or-later and gpl-3.0-or-later and fsfullr"
"kompose","kubernetes/kompose","https://github.com/kubernetes/kompose.git","","go","10790","0","17173","5253","11434","9300","True","False","False","0.00002478","C","apache-2.0"
"qwen-code","QwenLM/qwen-code","https://github.com/qwenlm/qwen-code.git","","node","10779","0","0","0","0","10779","True","False","False","0.00002476","C","apache-2.0"
"ranger","","","","c/c++","10755","0","15632","4941","12195","10254","True","True","False","0.00002470","C","gpl-3.0-or-later"
"highlight","","https://gitlab.com/saalen/highlight.git","","c/c++","10745","0","19621","8098","8372","6889","True","True","False","0.00002468","C","gpl-3.0-or-later"
"periphery","peripheryapp/periphery","https://github.com/peripheryapp/periphery.git","","c/c++","10743","0","0","0","363","21124","True","True","False","0.00002468","C","mit"
"serverless","serverless/serverless","https://github.com/serverless/serverless.git","","node","10736","0","27262","7450","5367","2867","True","False","False","0.00002466","C","mit"
"lefthook","evilmartians/lefthook","https://github.com/evilmartians/lefthook.git","","go","10722","0","12165","6980","10339","13406","True","False","False","0.00002463","C","mit"
"libressl","","","","c/c++","10692","0","18681","8009","9524","6556","True","True","False","0.00002456","C","openssl"
"jack","jackaudio/jack2","https://github.com/jackaudio/jack2.git","","c/c++","10155","0","13650","5880","13397","7695","False","True","False","0.00002418","C","gpl-2.0-or-later"
"xcb-util-keysyms","","","","c/c++","5337","0","546","1521","10072","9212","False","True","False","0.00002414","C","x11"
"gtk-vnc","","https://gitlab.gnome.org/gnome/gtk-vnc.git","","c/c++","9720","0","17216","3363","8997","9305","False","True","False","0.00002396","C","lgpl-2.1-or-later"
"spice-protocol","","","","c/c++","9740","0","14103","4971","8581","11306","False","True","False","0.00002359","C","bsd-3-clause"
"libspiro","fontforge/libspiro","https://github.com/fontforge/libspiro.git","","c/c++","9528","0","27688","2430","4838","3159","False","True","False","0.00002353","C","gpl-3.0-or-later"
"usbredir","","","","c/c++","9546","0","18631","3079","9060","7416","False","True","False","0.00002314","C","gpl-2.0-or-later and lgpl-2.0-or-later"
"unpaper","","","","c/c++","8642","0","10705","4684","8987","10193","False","True","False","0.00002313","C","gpl-2.0-or-later"
"glpk","","","","c/c++","9025","0","18492","3675","7564","6370","False","True","False","0.00002277","C","gpl-3.0-or-later"
"libuninameslist","fontforge/libuninameslist","https://github.com/fontforge/libuninameslist.git","","c/c++","8948","0","21518","3321","6667","4288","False","True","False","0.00002219","C","bsd-3-clause"
"userspace-rcu","","","","c/c++","7967","0","1496","2584","9650","18141","False","True","False","0.00002209","C","lgpl-2.1-or-later and mit"
"ampl-asl","ampl/asl","https://github.com/ampl/asl.git","","c/c++","6183","0","0","0","1726","10640","False","True","False","0.00002196","C","bsd-3-clause"
"yuicompressor","yui/yuicompressor","https://github.com/yui/yuicompressor.git","","java","3862","0","6290","2931","3665","2563","False","False","False","0.00002182","C","bsd-3-clause"
"xcb-util","","","","c/c++","6058","0","821","1869","11316","10227","False","True","False","0.00002166","C","mit"
"lmdb","","https://git.openldap.org/openldap/openldap/-/archive/lmdb_0.9.35/openldap-lmdb_0.9.35.tar.bz2","","c/c++","8428","0","10423","4361","10116","8812","False","True","False","0.00002149","C","oldap-2.8"
"aften","","","","c/c++","4523","0","7874","2360","4379","3480","False","True","False","0.00002066","C","lgpl-2.1-or-later"
"libxkbfile","","","","c/c++","6219","0","642","1691","12054","10491","False","True","False","0.00002057","C","mit"
"libsigsegv","","","","c/c++","6669","0","13652","2474","4320","6232","False","True","False","0.00002021","C","gpl-2.0-or-later"
"libvirt-glib","","","","c/c++","8051","0","16907","2853","7446","5000","False","True","False","0.00002013","C","lgpl-2.1-or-later"
"uhd","EttusResearch/uhd","https://github.com/ettusresearch/uhd.git","","c/c++","8377","0","14063","4038","8398","7012","False","True","False","0.00002009","C","gpl-3.0-or-later and lgpl-3.0-or-later and mit and bsd-3-clause and apache-2.0"
"sleef","shibatch/sleef","https://github.com/shibatch/sleef.git","","c/c++","7235","0","0","10","11614","10083","False","True","False","0.00001991","C","bsl-1.0"
"libxmp","","","","c/c++","6905","0","3352","5000","7810","11458","False","True","False","0.00001983","C","lgpl-2.1-or-later"
"libfontenc","","","","c/c++","5838","0","919","412","11825","10196","False","True","False","0.00001964","C","mit"
"img2pdf","","https://gitlab.mister-muffin.de/josch/img2pdf.git","","c/c++","6940","0","0","244","5700","14877","False","True","False","0.00001922","C","lgpl-3.0-or-later"
"libgedit-gtksourceview","","https://gitlab.gnome.org/world/gedit/libgedit-gtksourceview.git","","c/c++","7026","0","0","3132","10719","7228","False","True","False","0.00001918","C","lgpl-2.1-only"
"jbig2enc","agl/jbig2enc","https://github.com/agl/jbig2enc.git","","c/c++","6693","0","9506","4771","4687","7810","False","True","False","0.00001866","C","apache-2.0"
"libmatroska","","","","c/c++","5894","0","16567","1862","2853","2297","False","True","False","0.00001861","C","lgpl-2.1-or-later"
"lld@21","llvm/llvm-project","https://github.com/llvm/llvm-project.git","","c/c++","0","0","0","0","0","0","False","True","True","0.00001832","C","apache-2.0 with llvm-exception"
"sdl3_ttf","libsdl-org/SDL_ttf","https://github.com/libsdl-org/sdl_ttf.git","","c/c++","7041","0","0","0","0","7041","False","True","False","0.00001813","C","zlib"
"libmd","","","","c/c++","5055","0","8091","4452","4449","3230","False","True","False","0.00001807","C","bsd-3-clause and bsd-2-clause and isc and beerware and licenseref-homebrew-public-domain"
"pygit2","","","","python","6255","0","0","7587","4959","6220","False","False","False","0.00001766","C","gpl-2.0-only with gcc-exception-2.0"
"woff2","google/woff2","https://github.com/google/woff2.git","","c/c++","6911","0","13692","3372","4878","5702","False","True","True","0.00001751","C","mit"
"game-music-emu","libgme/game-music-emu","https://github.com/libgme/game-music-emu.git","","c/c++","5862","0","1259","1044","10144","11002","False","True","False","0.00001743","C","lgpl-2.1-or-later and gpl-2.0-or-later"
"xauth","","","","c/c++","6857","0","1516","602","12216","13096","False","True","False","0.00001734","C","mit-open-group"
"clisp","","","","c/c++","6999","0","17499","2495","4014","3989","False","True","False","0.00001728","C","gpl-2.0-or-later"
"libhandy","","https://gitlab.gnome.org/gnome/libhandy.git","","c/c++","6897","0","9588","2508","9684","5811","False","True","False","0.00001727","C","lgpl-2.1-or-later"
"libgedit-amtk","","https://gitlab.gnome.org/world/gedit/libgedit-amtk.git","","c/c++","5386","0","0","1908","8397","5853","False","True","False","0.00001723","C","lgpl-3.0-or-later"
"libgedit-gfls","","https://gitlab.gnome.org/world/gedit/libgedit-gfls.git","","c/c++","5309","0","0","0","4837","5782","False","True","False","0.00001705","C","lgpl-3.0-or-later"
"libgedit-tepl","","https://gitlab.gnome.org/world/gedit/libgedit-tepl.git","","c/c++","6634","0","0","0","6109","7159","False","True","False","0.00001685","C","lgpl-2.1-or-later"
"potrace","","","","c/c++","6759","0","10841","2668","5682","7848","False","True","False","0.00001673","C","gpl-2.0-or-later"
"epstool","","","","c/c++","6386","0","13461","2620","5194","4272","False","True","False","0.00001671","C","gpl-2.0-only"
"qtcanvaspainter","","","","c/c++","0","0","0","0","0","0","False","True","False","0.00001668","C","gpl-3.0-only and (gpl-3.0-only with qt-gpl-exception-1.0) and bsd-3-clause and zlib"
"qttasktree","","","","c/c++","0","0","0","0","0","0","False","True","False","0.00001668","C","(lgpl-3.0-only or gpl-2.0-only or gpl-3.0-only) and bsd-3-clause"
"librtlsdr","steve-m/librtlsdr","https://github.com/steve-m/librtlsdr.git","","c/c++","5439","0","7314","2209","7412","4823","False","True","False","0.00001617","C","gpl-2.0-or-later"
"xcb-util-wm","","","","c/c++","5789","0","584","1807","11013","9754","False","True","False","0.00001488","C","x11"
"libosinfo","","","","c/c++","5769","0","10379","2000","6399","4298","False","True","False","0.00001488","C","lgpl-2.0-or-later"
"xkbcomp","","","","c/c++","5749","0","521","300","11034","11141","False","True","False","0.00001479","C","hpnd and mit-open-group"
"libxfont2","","","","c/c++","5693","0","580","368","11831","9995","False","True","False","0.00001466","C","mit"
"xcb-util-image","","","","c/c++","5620","0","609","1582","10622","9668","False","True","False","0.00001449","C","x11"
"xcb-util-renderutil","","","","c/c++","5458","0","586","1561","10303","9382","False","True","False","0.00001412","C","x11 and hpnd-sell-variant"
"libpeas@1","","","","c/c++","5207","0","0","0","6365","4049","False","True","False","0.00001357","C","lgpl-2.1-or-later"
"soapysdr","pothosware/SoapySDR","https://github.com/pothosware/soapysdr.git","","c/c++","3838","0","7852","1563","3325","2612","False","True","False","0.00001335","C","bsl-1.0"
"volk","gnuradio/volk","https://github.com/gnuradio/volk.git","","c/c++","5286","0","10405","2128","5151","3460","False","True","False","0.00001299","C","lgpl-3.0-or-later"
"cpio","","","","c/c++","4888","0","9564","3246","4493","2252","False","True","False","0.00001286","C","gpl-3.0-or-later"
"openlibm","JuliaMath/openlibm","https://github.com/juliamath/openlibm.git","","c/c++","4609","0","6608","1154","6178","4499","False","True","False","0.00001226","C","mit and isc and bsd-2-clause"
"tevent","","","","c/c++","4312","0","0","0","2374","6250","False","True","False","0.00001204","C","lgpl-3.0-or-later"
"qwt-qt5","","","","c/c++","4737","0","6605","2393","6777","3175","False","True","False","0.00001173","C","lgpl-2.1-only with qwt-exception-1.0"
"libblastrampoline","JuliaLinearAlgebra/libblastrampoline","https://github.com/julialinearalgebra/libblastrampoline.git","","c/c++","3890","0","0","0","3525","4256","False","True","False","0.00001061","C","mit and bsd-2-clause-views and bsd-3-clause"
"phodav","","https://gitlab.gnome.org/gnome/phodav.git","","c/c++","4021","0","0","9","6968","5088","False","True","False","0.00001045","C","lgpl-2.1-only"
"tdb","","","","c/c++","3543","0","0","0","2150","4936","False","True","False","0.00001027","C","lgpl-3.0-or-later and gpl-3.0-or-later"
"libdvdread","","","","c/c++","1723","0","2148","278","497","3970","False","True","False","0.00000983","C","gpl-2.0-or-later"
"soapyrtlsdr","pothosware/SoapyRTLSDR","https://github.com/pothosware/soapyrtlsdr.git","","c/c++","3402","0","6832","1214","3879","1684","False","True","False","0.00000867","C","mit"
"cpu_features","google/cpu_features","https://github.com/google/cpu_features.git","","c/c++","2494","0","3161","1546","2793","2479","False","True","False","0.00000849","C","apache-2.0"
"libfyaml","pantoniou/libfyaml","https://github.com/pantoniou/libfyaml.git","","c/c++","744","0","53","65","65","2796","False","True","False","0.00000834","C","mit"
"libffcall","","","","c/c++","531","0","0","21","80","1492","False","True","False","0.00000611","C","gpl-2.0-or-later"
"libdvdnav","","","","c/c++","1189","0","354","120","292","3992","False","True","False","0.00000465","C","gpl-2.0-or-later"
"libapplewm","","","","c/c++","1169","0","589","416","1871","1800","False","True","False","0.00000427","C","mit"
"openblas64","OpenMathLib/OpenBLAS","https://github.com/openmathlib/openblas.git","","c/c++","973","0","0","0","0","973","False","True","False","0.00000391","C","bsd-3-clause and bsd-2-clause-views and bsd-3-clause-open-mpi and bsd-2-clause"
